grapheme	label	olaph	espeak	gruut	olaph_source	olaph_splits	olaph_per	espeak_per	gruut_per	olaph_llm	byt5	olaph_llm_per	byt5_per
'Murica	mɝəkə	mʊɹikɑ	mjʊəɹɪkə	mʊɹɪkə	compound	muri|ca	0.6666666666666666	0.5	0.5	mʊɹɪkə	mjʊɹɪkə	0.5	0.5714285714285714
'dswounds	dzwuːndz	dswəndz	diswəndz	dswəndz	compound	d|swound|s	0.2857142857142857	0.375	0.2857142857142857	diɛsdəbəjuəʊndz	dswəndz	0.6666666666666666	0.2857142857142857
'emselves	əmsɛlvz	ɛmzɛlvz	ɛmsɛlvz	ɛmzəlvz	compound	ems|elves	0.2857142857142857	0.14285714285714285	0.42857142857142855	ɪmsɛlvz	ɛmsɛlvz	0.14285714285714285	0.14285714285714285
'ganst	ɡænst	ɡænzt	ɡanst	ɡænst	compound	gans|t	0.2	0.2	0.0	gænst	ɡænst	0.2	0.0
'll	əl	ll	ɛlɛl	l	compound	l|l	0.5	0.75	1.0	əl	li	0.0	1.0
'sfar	sfɑːɹ	zfɑ	ɛsfɑ	sfɚ	compound	s|far	0.6666666666666666	0.5	0.6666666666666666	ɛsfɑɹ	sfɑ	0.2	0.3333333333333333
'swounds	zwundz	swəndz	swəndz	swəndz	compound	swound|s	0.3333333333333333	0.3333333333333333	0.3333333333333333	swundz	swəndz	0.16666666666666666	0.3333333333333333
'tisn't	tɪznt	tɪznt	tɪsənt	tɪsnɪt	compound	tis|nt	0.0	0.3333333333333333	0.3333333333333333	tɪsənt	tɪzənt	0.3333333333333333	0.16666666666666666
'tshall	tʃəl	tʃæl	tiʃɔl	ʃəl	compound	t|shall	0.25	0.4	0.3333333333333333	tʃɔl	tʃɔl	0.25	0.25
'twasn't	twɒznt	twəznt	twɒsənt	twɔsnɪt	compound	twas|nt	0.16666666666666666	0.2857142857142857	0.42857142857142855	twʌz.ənt	twɒzənt	0.375	0.14285714285714285
'ud	əd	əd	ʌd	ʌd	compound	u|d	0.0	0.5	0.5	əd	ʌd	0.0	0.5
'ull	əl	əll	ʌl	ʌl	compound	ul|l	0.3333333333333333	0.5	0.5	ʌl	ʌl	0.5	0.5
'ullo	ʌləʊ	əlləʊ	ʌləʊ	ʌləʊ	compound	ul|lo	0.4	0.0	0.0	ʌləʊ	ʌləʊ	0.0	0.0
Abbottabad	æbətəbɑːd	æbətəbɑd	abətəbad	æbɑtəbəd	compound	abbott|abad	0.0	0.25	0.25	əbɒtəbæd	əbɒtəbæd	0.375	0.375
Abcde	æbsədiː	eɪbisidə	əbkdɛ	əbkd	compound	abc|de	0.625	0.8	1.0	æbsid	æbkdi	0.4	0.4
Abergele	æbəɹɡɛli	æbɝɡɛli	abədʒɛl	əbɚɡl	compound	aberg|el|e	0.2857142857142857	0.5714285714285714	1.0	æbəɹd͡ʒɛl	æbədʒil	0.4444444444444444	0.5714285714285714
Abydene	æbɪdiːn	əbaɪdin	əbaɪdin	əbaɪdɪn	compound	aby|dene	0.2857142857142857	0.2857142857142857	0.42857142857142855	əbaɪdɪn	eɪbɪdin	0.42857142857142855	0.2857142857142857
Acarus	ækəɹəs	ækəɹəs	əkɑɹəs	əkɑɹəs	compound	aca|rus	0.0	0.3333333333333333	0.3333333333333333	əkəɹəs	ækəɹəs	0.16666666666666666	0.0
Achillean	ækɪliːən	əkɪliən	ətʃɪliən	ætʃɪlən	compound	achillea|n	0.14285714285714285	0.375	0.42857142857142855	əʃɪliən	ætʃɪliən	0.2857142857142857	0.25
Adamsville	ædəmzvɪl	ædəmzvɪl	adəmzvɪl	ædæmzvɪl	compound	adams|ville	0.0	0.125	0.125	ædəmzvɪl	ædəmsvɪl	0.0	0.125
Aegriff	eɪɡɹɪf	eɪɡɹɪf	iɡɹɪf	eɪɡɹɪf	compound	ae|griff	0.0	0.4	0.0	iɡɹɪf	eɪɡɹɪf	0.4	0.0
Aethelred	æθəlɹɛd	əɛθəlɹɛd	iθɛlɹɪd	eɪθɛlɹɪd	compound	a|ethelred	0.25	0.42857142857142855	0.5	eɪθəlɹɛd	iθəlɹd	0.25	0.3333333333333333
Africo	æfɹɪkəʊ	æfɹikəʊ	afɹɪkəʊ	əfɹɪkəʊ	compound	af|rico	0.14285714285714285	0.14285714285714285	0.14285714285714285	æfɹɪkəʊ	æfɹɪkəʊ	0.0	0.0
Agenor	ədʒiːnɔː	eɪdʒənɔ	eɪdʒɛnə	ɪdʒɛnɚ	compound	agen|or	0.42857142857142855	0.5714285714285714	0.5	əd͡ʒɛnɚ	ædʒənə	0.42857142857142855	0.5
Aiea	aɪeɪə	eɪaɪi	eɪəɹə	eɪi	compound	ai|ea	0.6	0.6	1.0	aɪiə	aɪə	0.5	0.6666666666666666
Aitkin	eɪkɪn	eɪtkɪn	eɪtkɪn	ɛtkɪn	compound	ait|kin	0.16666666666666666	0.16666666666666666	0.4	aɪtkɪn	eɪtkɪn	0.3333333333333333	0.16666666666666666
Ajeanie	ədʒiːni	ədʒini	eɪdʒəni	eɪʒəni	compound	a|jeanie	0.0	0.42857142857142855	0.5	əd͡ʒini	eɪdʒəni	0.14285714285714285	0.42857142857142855
Akwesasne	ækwəsæsneɪ	ækwɛsæzni	akwɪsasnɪ	ækwɛsəsn	compound	ak|wes|as|ne	0.4444444444444444	0.4444444444444444	0.5	ækwəsæsneɪ	ækwɪseɪn	0.0	0.625
Alces	ælsiːz	ælkiz	alsɪz	əlsz	compound	alc|es	0.2	0.4	0.5	ælsɪs	ɒlsɪz	0.4	0.4
Alcmena	ælkmiːnə	ælkminə	alkminə	əlkminə	compound	alc|mena	0.0	0.14285714285714285	0.14285714285714285	ælməniə	ælkminə	0.42857142857142855	0.0
Alcmene	ælkmiːni	ælkmin	alkmin	əlkmin	compound	alc|mene	0.16666666666666666	0.3333333333333333	0.3333333333333333	ælkmin	ælkmin	0.16666666666666666	0.16666666666666666
Alcyone	ælsaɪəni	ælkjɒni	alsɪəʊn	əlsiəʊn	compound	alc|yon|e	0.5714285714285714	0.5714285714285714	0.7142857142857143	ælsaɪwʌn	ælsɪəʊn	0.375	0.42857142857142855
Aleister	ælistə	əlistɝ	əlaɪstə	əlistɚ	compound	a|leister	0.3333333333333333	0.42857142857142855	0.3333333333333333	əleɪstɚ	əlaɪstə	0.5714285714285714	0.42857142857142855
Algic	ælɡɪk	ælgɪk	aldʒɪk	ældʒɪk	compound	alg|ic	0.2	0.5	0.3333333333333333	ælɡɪk	ældʒɪk	0.0	0.3333333333333333
Algiz	ɑlɡiːz	ælɡɪz	aldʒɪz	ældʒɪz	compound	al|giz	0.4	0.6666666666666666	0.6666666666666666	ælgɪz	ælɡɪz	0.6	0.4
Alize	əliz	ɑlizi	əlaɪz	əlaɪz	compound	ali|ze	0.4	0.4	0.4	əlaɪz	əlaɪz	0.4	0.4
Aljunied	ældʒuːnɪd	ældʒunid	əldʒʌnid	əldʒunid	compound	al|ju|nied	0.125	0.375	0.25	ɔld͡ʒunid	ældʒunɪd	0.3333333333333333	0.0
Allamakee	æləməki	æləmæki	aləmaki	ələmeɪki	compound	allam|akee	0.14285714285714285	0.2857142857142857	0.375	æləməki	æləmeɪki	0.0	0.25
Alloa	æloʊə	æləʊə	aləʊə	ələʊ	compound	allo|a	0.0	0.2	0.5	æləwə	ələʊə	0.2	0.2
Almiros	ɑlmɪɹɒs	ælmɪɹəʊz	ɒlmiəɹəʊz	ælmɪɹəʊz	compound	al|miros	0.5	0.6666666666666666	0.5	ɑlmɪɹɒs	ælmɪɹəʊz	0.0	0.5
Almondbury	ɑːməndbəɹɪ	ɒlməndbɛɹi	ɒlməndbɹi	ælməndbɚi	compound	almond|bury	0.4	0.4444444444444444	0.5555555555555556	ɒlməndbɛɹi	ɒlməndbɛɹi	0.4	0.4
Almondsbury	ɑːməndzbəɹɪ	ɒlməndzbɛɹi	ɒlmɒndsbɹi	ælməndzbɚi	compound	almonds|bury	0.36363636363636365	0.6	0.5	ɒlməndzbəɹi	ɔlməndzbɛɹi	0.2727272727272727	0.36363636363636365
Alnwick	ænɪk	ælnwɪk	əlnwɪk	ælnwɪk	compound	aln|wick	0.3333333333333333	0.5	0.3333333333333333	ælnwɪk	ɔlnwɪk	0.3333333333333333	0.5
Alpish	ælpɪʃ	ælpɪʃ	alpɪʃ	ælpɪʃ	compound	alp|ish	0.0	0.2	0.0	ælpɪʃ	ælpɪʃ	0.0	0.0
Altess	ɑltɛs	ɑltɛs	ɔltɛs	æltɪs	compound	alt|ess	0.0	0.2	0.4	ɒltɛs	ɔltɛs	0.2	0.2
Alucard	æləkɑːɹd	ɑlukɑd	alukɑd	ælukɚd	compound	alu|card	0.5	0.5	0.5	æləkɑɹd	æljukɑd	0.0	0.42857142857142855
Amalec	æməlɛk	əmɑlɛk	əmeɪlək	əməlɪk	compound	amal|ec	0.3333333333333333	0.5714285714285714	0.3333333333333333	æməlɛk	æməlɛk	0.0	0.0
Amalek	æməlɛk	əmɑlɛk	əmeɪlək	əmɑlɛk	compound	amal|ek	0.3333333333333333	0.5714285714285714	0.3333333333333333	əmeɪlɛk	æməlɛk	0.42857142857142855	0.0
Amalthean	æməlθiːən	aməlθɪən	əmalθiən	əmælθən	compound	amalthea|n	0.25	0.25	0.42857142857142855	æmælθiən	əmælθiən	0.125	0.25
Amaltheian	æməlθiːən	əmɑlθiən	əmalθeɪən	əmælðaɪən	compound	amal|theia|n	0.25	0.4444444444444444	0.5555555555555556	æmælθiən	əmælθaɪən	0.125	0.4444444444444444
Amapá	ɑːməpɑː	ɑməpɑ	aməpɑ	əməp	compound	[]	0.0	0.2	0.5	amapʌ	æməpa	0.6	0.4
Amee	eɪmi	eɪmi	ami	eɪmi	compound	ame|e	0.0	0.6666666666666666	0.0	əmi	əmi	0.6666666666666666	0.6666666666666666
Americanised	æmɛɹɪkənaɪzd	əmɛɹəkənaɪzd	əmɛɹɪkanaɪzd	əmɛɹɪkənɪsd	compound	american|ise|d	0.16666666666666666	0.16666666666666666	0.2727272727272727	əmɛɹɪkənaɪzd	əmɛɹɪkənaɪzd	0.08333333333333333	0.08333333333333333
Amerithrax	əmɛɹɪθɹæks	əmɛɹiθɹaks	aməɹɪθɹaks	əmɚɪθɹæks	compound	ameri|thrax	0.2	0.3	0.2222222222222222	əmɛɹɪθɹæks	æməɹɪθɹæks	0.0	0.2
Ameritrash	əmɛɹɪtɹæʃ	əmɛɹitɹæʃ	aməɹɪtɹaʃ	əmɚɪtɹæʃ	compound	ameri|trash	0.1111111111111111	0.3333333333333333	0.25	əmɛɹɪtɹæʃ	æməɹɪtɹæʃ	0.0	0.2222222222222222
Amfilochia	æmfɪləʊkiːə	æmfaɪləʊtʃiə	amfɪlɒkiə	æmfaɪləʊtʃiə	compound	am|filo|chia	0.25	0.3333333333333333	0.25	æmfɪləʊkaɪə	æmfɪləʊkiə	0.18181818181818182	0.0
Amfilohia	æmfɪləʊhaɪə	æmfɪləʊhiə	amfɪləʊhiə	æmfaɪləʊhiə	compound	am|fil|ohia	0.2	0.3	0.2727272727272727	æmfɪləʊhiə	æmfɪləʊhiə	0.2	0.2
Amfilokhia	æmfɪləʊkaɪə	æmfaɪləʊkhaɪə	amfɪlɒkhiə	æmfɪlɑkiə	compound	am|filo|k|hi|a	0.15384615384615385	0.5	0.4444444444444444	æmfɪlɒkɪə	æmfɪləʊkiə	0.3333333333333333	0.2
Amygism	eɪmidʒɪzəm	eɪmigɪzəm	amaɪdʒɪzəm	æmɪɡɪzəm	compound	amy|g|ism	0.2222222222222222	0.4	0.625	æmɪd͡ʒɪzəm	eɪmɪdʒɪzəm	0.4	0.1
Anaxarete	ənæksəɹɛti	ænəksæɹɪti	anəksaɹit	ənæksɚit	compound	ana|x|arete	0.4	0.5555555555555556	0.5	ænæksəɹit	ænæksəɹit	0.3333333333333333	0.3333333333333333
Anglophilic	æŋɡləfɪlɪk	æŋɡləʊfɪlɪk	aŋɡləfɪlɪk	æŋɡləfɪlɪk	compound	anglo|philic	0.09090909090909091	0.1	0.0	æŋɡləfɪlɪk	æŋɡləfɪlɪk	0.0	0.0
Anich	ænɪtʃ	ænitʃ	anɪʃ	ænɪk	compound	ani|ch	0.2	0.5	0.5	ænɪk	ænɪtʃ	0.5	0.0
Ankang	ɑːnkɑŋ	ənkæŋ	aŋkaŋ	æŋkæŋ	compound	an|kang	0.4	0.6	0.6	æŋkæŋ	æŋkæŋ	0.6	0.6
Anling	ɑːnlɪŋ	ənlɪŋ	anlɪŋ	ænlɪŋ	compound	an|ling	0.2	0.2	0.2	ænlɪŋ	ænlɪŋ	0.2	0.2
Anlu	ɑːnluː	ənlu	anlu	ənlu	compound	an|lu	0.25	0.25	0.25	ɑnlʊ	ænlu	0.25	0.25
Anning	ɑːnnɪŋ	ænɪŋ	anɪŋ	ænɪŋ	compound	ann|ing	0.5	0.5	0.5	ənɪŋ	ænɪŋ	0.5	0.5
Anping	ɑːnpɪŋ	ənpɪŋ	anpɪŋ	ænpɪŋ	compound	an|ping	0.2	0.2	0.2	ænpɪŋ	ænpɪŋ	0.2	0.2
Anput	ɑːnpʊt	ənpʊt	anpʊt	ænpət	compound	an|put	0.2	0.2	0.4	ænpʊt	ænpʌt	0.2	0.4
Anqing	ɑːntʃɪŋ	ənkɪŋ	aŋkɪŋ	æŋkɪŋ	compound	an|qing	0.6	0.8	0.8	æŋkɪŋ	ænkɪŋ	0.8	0.6
Anser	ænsɚ	ænsɹ	ansə	ænzɚ	compound	anse|r	0.25	0.5	0.25	ænsɚ	ænsə	0.0	0.25
Anthean	ænθiːən	ænθiən	anθiən	ænθən	compound	anthea|n	0.0	0.16666666666666666	0.2	ænθiən	ænθiən	0.0	0.0
Antigonish	æntɪɡənɪʃ	æntɪɡəʊniɛseɪtʃ	antɪɡɒnɪʃ	æntɪɡənɪʃ	compound	antigo|ni|sh	0.4	0.2222222222222222	0.0	æntɪɡənɪʃ	æntɪɡɒnɪʃ	0.0	0.1111111111111111
Antillean	æntɪliən	æntɪliən	antɪlin	æntɪlən	compound	antill|ean	0.0	0.2857142857142857	0.14285714285714285	æntəlɪən	æntɪliən	0.25	0.0
Antiope	æntaɪəpi	æntiəʊp	antɪəʊp	æntiəʊp	compound	anti|ope	0.5714285714285714	0.5714285714285714	0.5714285714285714	æntɪəʊp	æntɪəʊp	0.42857142857142855	0.42857142857142855
Anxin	ɑːnʃiːn	ənʃɪn	aŋksɪn	ænzɪn	compound	an|xin	0.4	0.8333333333333334	0.6	æŋʃɪn	æŋksɪn	0.6	0.8333333333333334
Anze	ɑːndzʌ	ənzi	anz	ænz	compound	an|ze	0.75	1.0	1.0	ænzeɪ	ænz	0.8	1.0
Aomen	aʊmən	əəʊmɛn	eɪəmɛn	æmən	compound	a|omen	0.5	0.5	0.25	eɪəmn	əmɛn	0.6	0.25
Apurímac	ɑpuɹimɑk	ɑpuɹimɑk	əpjʊəɹɪmak	əpɚmək	compound	[]	0.0	0.6	0.8333333333333334	əpʊɹɪmæk	əpjʊɹɪmæk	0.5	0.5555555555555556
Aquaforte	ækwəfɔɹt	ækwəfɔɹt	akwəfɔteɪ	əkwəfɔɹt	compound	aqua|forte	0.0	0.4444444444444444	0.125	ækwəfɔt	ækwəfɔt	0.14285714285714285	0.14285714285714285
Arabana	ʌɹəbʌnə	æɹəbænə	aɹəbɑnə	ɔɹəbənə	compound	arab|ana	0.2857142857142857	0.2857142857142857	0.2857142857142857	əɹəbænə	æɹəbænə	0.2857142857142857	0.2857142857142857
Arabness	æɹəbnəs	æɹəbnes	aɹəbnəs	ɔɹæbnəs	compound	arab|ness	0.14285714285714285	0.14285714285714285	0.2857142857142857	əɹəbnes	æɹəbnəs	0.2857142857142857	0.0
Arans	æɹənz	ɛɹənz	aɹənz	ɑɹænz	compound	aran|s	0.2	0.2	0.4	əɹænz	æɹənz	0.4	0.0
Aras	æɹæs	æɹəz	ɑɹəz	ɑɹəz	compound	ara|s	0.5	0.75	0.75	əɹæs	ɑɹəz	0.25	0.75
Araxes	əɹæksiːz	ɑɹæksiz	aɹaksɪz	ɑɹæksɪz	compound	ar|axes	0.14285714285714285	0.42857142857142855	0.2857142857142857	əɹæksɪz	əɹæksɪz	0.14285714285714285	0.14285714285714285
Areopagite	æɹiːɒpəɡaɪt	ɑɹəʊpəɡaɪt	aɹɪɒpədʒaɪt	ɛɹiəʊpədʒɪt	compound	are|opa|gite	0.3	0.36363636363636365	0.45454545454545453	əɹiəpəd͡ʒaɪt	eəɹɪɒpədʒaɪt	0.4166666666666667	0.4166666666666667
Argentinan	ɑɹdʒɪntiːnən	ɑɹdʒəntinən	ɑdʒəntɪnən	ɑɹdʒɛntɪnən	compound	argentina|n	0.09090909090909091	0.3	0.18181818181818182	ɑɹd͡ʒəntaɪnən	ɑdʒɛntinən	0.3076923076923077	0.2
Arielian	æɹiiːliən	æɹiəliən	aɹiliən	ɑɹiliən	compound	ariel|ian	0.125	0.2857142857142857	0.2857142857142857	ɛɹiliən	eəɹiliən	0.2857142857142857	0.375
Arkansasan	ɑːɹkənsɔːn	ɑɹkənsɑən	ɑkənsasən	ɑɹkənsəsən	compound	arkansas|an	0.2222222222222222	0.4444444444444444	0.3	ɑɹkənsəsən	ɑkɑnsɑsən	0.3	0.5555555555555556
Arun	ɑːɹʊn	ɑɹən	aɹʌn	ɑɹən	compound	ar|un	0.25	0.5	0.25	ɑɹun	æɹʌn	0.25	0.5
Arverni	ɑːɹvɜːɹnaɪ	ɑɹvɹni	ɑvəni	ɑɹvɚni	compound	arve|r|ni	0.5	1.0	0.6666666666666666	ɑɹvəɹnaɪ	ɑvɜni	0.125	0.8
Asaph	eɪsæf	eɪɛseɪpih	əsaf	əsəf	compound	asap|h	0.6666666666666666	0.75	0.75	æsəf	æsæf	0.75	0.5
Asenath	æsɪnæθ	æzɛnəθ	asɛnət	əsɛnəθ	compound	as|ena|th	0.5	0.6666666666666666	0.5	əsɛnəθ	eɪsnæθ	0.5	0.5
Ashfield	æʃfiːld	æʃfild	aʃfild	æʃfild	compound	ash|field	0.0	0.16666666666666666	0.0	æʃfild	æʃfild	0.0	0.0
Ashina	ɑːʃiːnə	æʃinə	aʃɪnə	æʃinə	compound	ash|ina	0.2	0.4	0.2	əʃɪnə	æʃinə	0.4	0.2
Ashwick	æʃwɪk	æʃwɪk	aʃwɪk	æʃwɪk	compound	ash|wick	0.0	0.2	0.0	æʃwɪk	æʃwɪk	0.0	0.0
Athamas	æθəmæs	æθəmæs	aθɑməz	æθəməz	compound	atha|mas	0.0	0.6666666666666666	0.3333333333333333	əθəməz	əθɑməz	0.5	0.6666666666666666
Athenianism	əθiːniənɪzəm	əθiniənɪzəm	aθiniənɪzəm	æθiniənɪzəm	compound	athenian|ism	0.0	0.09090909090909091	0.09090909090909091	əθiniənɪzəm	əθiniənɪzəm	0.0	0.0
Australianise	ɒstɹeɪljənaɪz	ɔstɹeɪljənaɪz	ɒstɹeɪliənaɪz	əstɹəliənɪs	compound	australian|ise	0.07692307692307693	0.07692307692307693	0.5454545454545454	ɔstɹeɪlɪənaɪz	ɔstɹeɪliənaɪz	0.15384615384615385	0.15384615384615385
Austronesians	ɔːstɹoʊniːʒənz	ɒstɹəʊniʒənz	ɒstɹəʊniziənz	əstɹənɛʒənz	compound	austronesian|s	0.08333333333333333	0.23076923076923078	0.2727272727272727	ɔstɹəʊniʒənz	ɔstɹəʊniʒənz	0.0	0.0
Avonmouth	eɪvənmaʊθ	eɪvɑnməθ	eɪvɒnməθ	əvɑnməθ	compound	avon|mouth	0.125	0.125	0.42857142857142855	eɪvɒnməθ	ævənməθ	0.125	0.2857142857142857
Axmouth	æksməθ	æksməθ	aksməθ	æksməθ	compound	ax|mouth	0.0	0.16666666666666666	0.0	æksməθ	æksmuθ	0.0	0.16666666666666666
Ayrab	eɪɹæb	eɪɹæb	eəɹab	eɪɹəb	compound	ayr|ab	0.0	0.4	0.2	əɹæb	eɪɹæb	0.5	0.0
Azal	əzɑl	əzæl	azəl	əzəl	compound	az|al	0.25	0.5	0.25	əzæl	æzəl	0.25	0.5
Azazel	æzəzɛl	əzəzɛl	azeɪzəl	əzəzəl	compound	az|az|el	0.16666666666666666	0.5714285714285714	0.3333333333333333	əzəzɛl	æzəzəl	0.16666666666666666	0.16666666666666666
Badajoz	bɑːdəhoʊs	bɑdədʒəʊz	badədʒɒz	bædədʒəz	compound	bada|jo|z	0.3333333333333333	0.625	0.625	bədʒəʊz	bædədʒɒz	0.5714285714285714	0.625
Badelaide	bædəleɪd	bædəleɪd	beɪdleɪd	bædɛleɪd	compound	b|adelaide	0.0	0.375	0.125	bədɛleɪd	beɪdleɪd	0.25	0.375
Baháʼism	bəhɑːɪzm	pahaɪzəm	biəeɪtʃɑɹɪdʒɛktɪvaɪɛsɛm	bɑɪzəm	compound	[]	0.5	0.782608695652174	0.5	bəhɑɪzəm	bæhɑsɪzəm	0.125	0.3333333333333333
Baháʼu'lláh	bəhɑːʊlɑː	pahaɵlɔ	biəeɪtʃɑɹɪdʒɛktɪvjuɛlɛlɑɹeɪtʃ	bɑul	compound	[]	0.7142857142857143	0.8275862068965517	1.0	bəhɑwəllɔ	bæhætsula	0.4444444444444444	0.6666666666666666
Baicheng	baɪtʃɛŋ	baɪtʃɛŋ	beɪtʃɛŋ	beɪtʃɪŋ	compound	bai|cheng	0.0	0.14285714285714285	0.2857142857142857	baɪtʃɛŋ	beɪtʃɛŋ	0.0	0.14285714285714285
Baidu	baɪduː	baɪdu	beɪdu	beɪdu	compound	bai|du	0.0	0.2	0.2	baɪdu	beɪdu	0.0	0.2
Baihe	baɪhi	baɪhi	beɪh	beɪh	compound	bai|he	0.0	0.5	0.5	baɪhi	beɪh	0.0	0.5
Baishan	baɪʃæn	baɪzhæn	beɪʃən	beɪʃən	compound	bais|han	0.2857142857142857	0.3333333333333333	0.3333333333333333	baɪʃən	beɪʃən	0.16666666666666666	0.3333333333333333
Baiyang	baɪjæŋ	baɪjæŋ	beɪjaŋ	beɪjɑŋ	compound	bai|yang	0.0	0.3333333333333333	0.3333333333333333	baɪjæŋ	beɪjæŋ	0.0	0.16666666666666666
Balaam	beɪləm	bɑləæm	balɑm	bɑlɑm	compound	bala|am	0.5	0.6	0.6	bəlam	bælɑm	0.6	0.6
Balaton	bælətɒn	bælætɒn	balatən	bælətən	compound	balat|on	0.14285714285714285	0.42857142857142855	0.14285714285714285	bælətən	bælətən	0.14285714285714285	0.14285714285714285
Ballindine	bælɪndaɪn	bælɪndaɪn	balɪndaɪn	bælɪndɪn	compound	ballin|dine	0.0	0.1111111111111111	0.125	bælindaɪn	bɔlɪndin	0.1111111111111111	0.375
Ballybunion	bælibʌniən	bɔlibʌnɪən	balɪbjuniən	bæljbjunjən	compound	bally|bunion	0.2	0.36363636363636365	0.36363636363636365	bælɪbʌnjən	bælɪbjuniən	0.2	0.2727272727272727
Banzhudang	bændʒudæŋ	bænʒudæŋ	banʒjudaŋ	bænhudæŋ	compound	ban|zhu|dang	0.125	0.4444444444444444	0.25	bænʒudæŋ	bænzhjudæŋ	0.125	0.3
Baode	baʊdi	bədə	beɪɒd	beɪd	compound	bao|de	0.25	0.8	0.75	bəd	baɪəʊd	0.3333333333333333	0.6666666666666666
Baoding	baʊdɪŋ	bədɪŋ	beɪɒdɪŋ	bædɪŋ	compound	bao|ding	0.0	0.42857142857142855	0.2	bədɪŋ	baɪəʊdɪŋ	0.0	0.375
Baoji	baʊdʒiː	bədʒi	beɪɒdʒi	bædʒi	compound	bao|ji	0.0	0.42857142857142855	0.2	bəd͡ʒi	bəɒdʒi	0.16666666666666666	0.16666666666666666
Baoshan	baʊʃæn	bəʃæn	beɪɒʃən	bæʃən	compound	bao|shan	0.0	0.5714285714285714	0.4	bəʃən	bəʃən	0.2	0.2
Baoting	baʊtɪŋ	bətɪŋ	beɪɒtɪŋ	bætɪŋ	compound	bao|ting	0.0	0.42857142857142855	0.2	bətɪŋ	baɪəʊtɪŋ	0.0	0.375
Baryakina	bəɹjakɪnə	bəɹjakɪnə	bɑɹɪəkinə	bɛɹieɪkinə	compound	baryakin|a	0.0	0.4444444444444444	0.5	bɑɹiɑkɪnə	bæɹɪəkinə	0.3333333333333333	0.4444444444444444
Bassaleg	bæsælɛɡ	bæsəlɛɡ	baseɪləɡ	bæsələɡ	compound	bassa|leg	0.14285714285714285	0.5	0.2857142857142857	bæsəliɡ	bæsəlɛɡ	0.2857142857142857	0.14285714285714285
Batesian	beɪtsiən	beɪtsiən	beɪtiziən	beɪtɛʃən	compound	bates|ian	0.0	0.2222222222222222	0.25	beɪsiən	bətiziən	0.14285714285714285	0.5
Batken	bætkɛn	bætkɛn	batkən	bætkən	compound	bat|ken	0.0	0.3333333333333333	0.16666666666666666	bætkən	bætkən	0.16666666666666666	0.16666666666666666
Battlefielder	bætəlfiːldɚ	bætəlfildɜ	batəlfildə	bætləfildɚ	compound	battlefield|er	0.1	0.2	0.2	bætəlfildə	bætəlfildə	0.1	0.1
Baybayin	baɪbajin	beɪbeɪɪn	beɪbeɪɪn	beɪbeɪən	compound	bay|bay|in	0.5	0.5	0.5	bəbaɪɪn	beɪbeɪɪn	0.5714285714285714	0.5
Beaconsfield	biːkənzfiːld	bikənzfild	bikənsfild	bikənsfild	compound	beacons|field	0.0	0.1	0.1	bikənzfild	bikənsfild	0.0	0.1
Beaumaris	boʊmæɹɪs	bəʊmɛɹɪs	bəʊmɑɹɪs	bimɑɹɪs	compound	beau|maris	0.125	0.125	0.42857142857142855	bəʊmɚis	bjuməɹɪs	0.42857142857142855	0.375
Beej	biːdʒ	bidʒ	bidʒ	bi	compound	bee|j	0.0	0.0	1.0	bɪd͡ʒ	bidʒ	0.4	0.0
Beghard	bəɡɑːɹd	bɛɡhɑd	bɛɡhɑd	bɛɡhɚd	compound	beg|hard	0.5	0.5	0.5	bɛɡhɑɹd	bɛɡhɑd	0.2857142857142857	0.5
Bei'an	beɪɑn	biiən	beɪən	biən	compound	be|ian	0.6	0.2	0.75	beɪɑn	beɪən	0.0	0.2
Bellburns	bɛlbɝnz	bɛlbɜnz	bɛlbɜnz	bɛlbɚnz	compound	bell|burns	0.14285714285714285	0.14285714285714285	0.14285714285714285	bɛlbɜɹnz	bɛlbɜnz	0.25	0.14285714285714285
Belleoram	bəlɔːɹəm	bɛlɔɹəm	bɛlɪɔɹam	bɛlɚɹəm	compound	belle|oram	0.14285714285714285	0.375	0.2857142857142857	bɛləɹəm	bɛlɪɔɹæm	0.2857142857142857	0.375
Belmarsh	bɛlmɑːɹʃ	bɛlmɑʃ	bɛlmɑʃ	bɛlmɚʃ	compound	bel|marsh	0.16666666666666666	0.16666666666666666	0.3333333333333333	bɛlmɑɹʃ	bɛlmɑʃ	0.0	0.16666666666666666
Belorussianism	bɛləɹʌʃənɪzəm	bɛləʊɹʌʃənɪzəm	bɪlɔɹənɪzəm	bɛlɔɹəsiənɪzəm	compound	belorussian|ism	0.07142857142857142	0.36363636363636365	0.2857142857142857	bɪlɒɹʌʃiənɪzəm	bɛləɹʌʃənɪzəm	0.21428571428571427	0.0
Benadryl	bɛnədɹɪl	bɛnədɹaɪl	bɛnədɹɪl	bɛnədɹil	compound	bena|dry|l	0.1111111111111111	0.0	0.125	bɛnədɹaɪl	bɛnədɹaɪl	0.1111111111111111	0.1111111111111111
Bendemeer	bɛndəmɪɚ	bɛndəmeə	bɛndɪmiə	bɛndɪmɚ	compound	bend|em|eer	0.25	0.375	0.2857142857142857	bɛndəmɪəɹ	bɛndɪmiə	0.2222222222222222	0.375
Benjaminite	bɛndʒəmɪnaɪt	bɛndʒəmɪnaɪt	bɛndʒəmɪnaɪt	bɛndʒəmɪnɪt	compound	benjamin|ite	0.0	0.0	0.09090909090909091	bɛnd͡ʒɪnaɪt	bɛndʒæmɪnaɪt	0.2727272727272727	0.08333333333333333
Benjamite	bɛndʒəmaɪt	bɛndʒəmaɪt	bɛndʒəmaɪt	bɛndʒəmɪt	compound	benja|mite	0.0	0.0	0.1111111111111111	bɛnd͡ʒəmaɪt	bɛndʒəmaɪt	0.09090909090909091	0.0
Berden	bɜːɹdən	bɜɹdɛn	bɜdən	bɚdən	compound	ber|den	0.16666666666666666	0.2	0.4	bɜɹdən	bɜdən	0.0	0.2
Berkhamsted	bɜːɹkəmstɛd	bɜkhæmztɛd	bɜkhamstɪd	bɚkhæmstɪd	compound	berk|hams|ted	0.4	0.4	0.5	bəɹkəmɛstɪd	bɜkhæmstɪd	0.2727272727272727	0.4
Bethan	bɛθən	bɛθən	bɛθən	bɛθən	compound	beth|an	0.0	0.0	0.0	bɛθən	bɪθæn	0.0	0.4
Bethphage	bɛθfeɪdʒ	bɛθfeɪdʒ	bɛθfɪdʒ	bɛθfɪdʒ	compound	beth|phage	0.0	0.14285714285714285	0.14285714285714285	bɛθfeɪd͡ʒ	bɛθfɪdʒ	0.1111111111111111	0.14285714285714285
Beyhive	biːhaɪv	beɪhaɪv	beɪhaɪv	baɪhaɪv	compound	bey|hive	0.2857142857142857	0.2857142857142857	0.2857142857142857	beɪhaɪv	beɪhaɪv	0.2857142857142857	0.2857142857142857
Bidencare	baɪdənkɛɚ	baɪdənkeə	baɪdɛŋkeə	baɪdɪŋkɑɹ	compound	biden|care	0.2222222222222222	0.4444444444444444	0.4444444444444444	baɪdənkɛəɹ	baɪdənkeə	0.2	0.2222222222222222
Biełaruś	bɛlɑɹus	bɛlɑɹus	bilɑɹəs	biɑɹu	compound	[]	0.0	0.2857142857142857	0.6	bɪəɹuʃ	biwɑɹuɕ	0.6666666666666666	0.42857142857142855
Binhai	bɪnhaɪ	bɪnhaɪ	bɪnhaɪ	bɪnheɪ	compound	bin|hai	0.0	0.0	0.16666666666666666	bɪnhaɪ	bɪnhaɪ	0.0	0.0
Binjai	biːndʒaɪ	bɪndʒaɪ	bɪndʒaɪ	bɪndʒeɪ	compound	bin|jai	0.14285714285714285	0.14285714285714285	0.2857142857142857	bɪnd͡ʒaɪ	bɪndʒaɪ	0.25	0.14285714285714285
Binkie	bɪŋki	bɪŋki	bɪŋki	bɪŋki	compound	bink|ie	0.0	0.0	0.0	bɪŋki	bɪŋki	0.0	0.0
Biscay	bɪskeɪ	bɪskeɪ	bɪskeɪ	bɪskeɪ	compound	bis|cay	0.0	0.0	0.0	bɪskeɪ	bɪskeɪ	0.0	0.0
Bischofswerda	bɪʃɔfsvɛɹdə	bɪʃəfswɜɹdə	baɪskɒfswədə	bɪʃəfswɚdə	compound	bischof|swerd|a	0.2727272727272727	0.5833333333333334	0.4	bɪʃəʊfsvɚdə	bɪʃəfswɜdə	0.36363636363636365	0.4
Bishan	biːʃɑːn	bɪʃən	bɪʃən	bɪʃən	compound	bish|an	0.4	0.4	0.4	bɪʃən	bɪʃən	0.4	0.4
Bizerte	bɪzɝt	bɪzɝt	bɪzət	baɪzɚt	compound	biz|erte	0.0	0.2	0.3333333333333333	bɪzɜɹt	bɪzɜt	0.3333333333333333	0.2
Blaenrhondda	blaɪnɹɒnðə	blɑeɪnɹɒndə	blinɹɒndə	bleɪnɹhəndə	compound	b|lae|n|rhondda	0.2727272727272727	0.3333333333333333	0.36363636363636365	blɛnɹɒndə	blɛnɹəndə	0.3333333333333333	0.4444444444444444
Blithedale	blaɪθdeɪl	blaɪðdeɪl	blaɪðdeɪl	blɪðɪdəl	compound	blithe|dale	0.1111111111111111	0.1111111111111111	0.625	blaɪðdeɪl	blɪθɪdeɪl	0.1111111111111111	0.2222222222222222
Bloomsday	bluːmzdeɪ	blumzdeɪ	blumsdeɪ	blumzdeɪ	compound	blooms|day	0.0	0.125	0.0	blʌmsdeɪ	blumsdeɪ	0.25	0.125
Bluebeardesque	bluːbɪɹdɛsk	blubiɹdɛsk	blubiədɛsk	blubɛɹdɪsk	compound	bluebeard|esque	0.1	0.2	0.2	blʊbɪɹdɛsk	blubədɛsk	0.1	0.2222222222222222
Bo'ness	boʊnɛs	bəʊnzz	bɒnəs	bəʊznɪs	compound	bones|s	0.3333333333333333	0.6	0.2857142857142857	bəʊnɛs	bəʊnəs	0.0	0.16666666666666666
Bodhipathapradīpa	bəʊdɪpɑːtəpɹədiːpə	bəʊdɪpɑtəpɹədipə	bɒdhɪpaθəpɹadɪpə	bɑdɪpəθəpɹədpə	compound	[]	0.0	0.4375	0.35714285714285715	bɒdɪpəθæpɹədɪpə	bɒdɪpæθəpɹədipə	0.4	0.26666666666666666
Bonavista	boʊnəvɪstə	bəʊnəvɪstə	bɒnəvɪstə	bəʊnəvɪstə	compound	bona|vista	0.0	0.2222222222222222	0.0	bənəvɪstə	bɒnəvɪstə	0.1111111111111111	0.2222222222222222
Bonbright	bɔnbɹaɪt	bɑnbɹaɪt	bɒnbɹaɪt	bɑnbɹaɪt	compound	bon|bright	0.125	0.125	0.125	bɒnbɹaɪt	bɒnbɹaɪt	0.125	0.125
Borikén	boʊɹikɛn	bəʊɹikɛn	bɔɹɪkeɪn	bɔɹɪkən	compound	[]	0.0	0.625	0.5714285714285714	bəɹɪkɛn	bɔɹɪkən	0.2857142857142857	0.5714285714285714
Borki	bɔɹkɪ	bɔɹkaɪ	bɔki	bɔɹki	compound	bork|i	0.16666666666666666	0.5	0.2	bɔɹkɪ	bɔki	0.0	0.5
Borussia	boʊɹʌʃə	bəʊɹəʃə	bɔɹʌʃə	bɔɹəsiə	compound	bo|russia	0.14285714285714285	0.3333333333333333	0.7142857142857143	bəɹɒʃə	bɔɹʌʃə	0.3333333333333333	0.3333333333333333
Boudica	bəʊdɪkə	bədɪkə	budɪkə	bədɪkə	compound	boud|ic|a	0.16666666666666666	0.3333333333333333	0.16666666666666666	bədɪkə	bədɪkə	0.16666666666666666	0.16666666666666666
Brackenridge	bɹækənɹɪdʒ	bɹækənɹɪdʒ	bɹakənɹɪdʒ	bɹækɛnɹɪdʒ	compound	bracken|ridge	0.0	0.1	0.1	bɹækənɹɪd͡ʒ	bɹækənɹɪdʒ	0.09090909090909091	0.0
Brangelina	bɹændʒəlinə	bɹæŋɪlinə	bɹeɪndʒɪlinə	bɹændʒəlinə	compound	brang|elina	0.4444444444444444	0.25	0.0	bɹæŋɡɛlɪnə	bɹændʒɪlinə	0.5	0.09090909090909091
Breage	bɹeɪɡ	bɹidʒ	bɹidʒ	bɹidʒ	compound	brea|ge	0.6	0.6	0.6	bɹidʒ	bɹidʒ	0.6	0.6
Brega	bɹeɪɡə	bɹiɡə	bɹɛɡə	bɹiɡə	compound	b|rega	0.4	0.4	0.4	bɹɛɡə	bɹiɡə	0.4	0.4
Bremain	bɹɪmeɪn	bɹɛmeɪn	bɹɛmeɪn	bɹɛmeɪn	compound	brem|ain	0.14285714285714285	0.14285714285714285	0.14285714285714285	bɹɪmeɪn	bɹɪmeɪn	0.0	0.0
Bretons	bɹɛtənz	bɹɛtənz	bɹɛtənz	bɹɛtənz	compound	breton|s	0.0	0.0	0.0	bɹɛtənz	bɹitənz	0.0	0.14285714285714285
Brewin	bɹuːɪn	bɹuɪn	bɹuɪn	bɹuɪn	compound	brew|in	0.0	0.0	0.0	bɹuɪn	bɹuɪn	0.0	0.0
Bri'ish	bɹɪʔɪʃ	bɹiɪʃ	bɹɪɪʃ	bɹaɪzʃ	compound	bri|ish	0.2	0.0	0.3333333333333333	bɹiɪʃ	bɹaɪɪʃ	0.2	0.16666666666666666
Brissie	bɹɪzi	bɹɪsi	bɹɪsi	bɹɪsi	compound	briss|ie	0.2	0.2	0.2	bɹɪsi	bɹɪsi	0.2	0.2
Brisvegan	bɹɪzveɪɡən	bɹɪsviɡən	bɹɪsvɛɡən	bɹɪsvəɡən	compound	bris|vegan	0.3333333333333333	0.3333333333333333	0.3333333333333333	bɹɪsveɪɡən	bɹɪsvɪɡən	0.1	0.2222222222222222
Brisvegas	bɹɪzveɪɡəs	bɹɪsveɪɡəs	bɹɪsvɛɡəz	bɹɪsvəɡəz	compound	bris|vegas	0.1	0.4444444444444444	0.4444444444444444	bɹɪsveɪɡəs	bɹɪsvɪɡəz	0.1	0.3333333333333333
Brokenhead	bɹoʊkənhɛd	bɹəʊkənhɛd	bɹəʊkənhɛd	bɹəʊkənhəd	compound	broken|head	0.0	0.0	0.1	bɹəʊkənhɛd	bɹəʊkənhɛd	0.0	0.0
Brokskat	bɹɒkskæt	bɹɑkskæt	bɹɒkskat	bɹɑkskət	compound	brok|skat	0.125	0.125	0.25	bɹɒskæt	bɹɒkskæt	0.14285714285714285	0.0
Brulé	bɹuːleɪ	bɹuleɪ	bɹuleɪ	bɹʌl	compound	[]	0.0	0.0	0.75	bɹuleɪ	bɹuleɪ	0.0	0.0
Brunellian	bɹuːnɛliən	bɹunɛliən	bɹʌnɛliən	bɹʌnɛliən	compound	brunelli|an	0.0	0.1111111111111111	0.1111111111111111	bɹʌnɪliən	bɹʌnɛliən	0.2222222222222222	0.1111111111111111
Brăila	bɹəiːlə	bɹəilə	bɹeɪlə	bɹilə	compound	[]	0.0	0.3333333333333333	0.2	bɹaɪlə	bɹɛɪlə	0.3333333333333333	0.3333333333333333
Bucha	buːtʃə	bətʃə	bʌtʃə	bʌtʃə	compound	buch|a	0.2	0.2	0.2	bʌt͡ʃə	bʌtʃə	0.3333333333333333	0.2
Buchans	bʌkənz	bəkənz	bʌtʃənz	bʌtʃənz	compound	buchan|s	0.16666666666666666	0.2857142857142857	0.2857142857142857	bʌkənz	bʌtʃənz	0.0	0.2857142857142857
Bullmastiff	bʊlmæstɪf	bʊlmɑstɪf	bʊlmastɪf	bʊlməstɪf	compound	bull|mastiff	0.1111111111111111	0.1111111111111111	0.1111111111111111	bʊlmæstɪf	bʊlmɑstɪf	0.0	0.1111111111111111
Bullo	bʊləʊ	bʊləʊ	bʊləʊ	bʌləʊ	compound	bull|o	0.0	0.0	0.2	bʊləʊ	bʊləʊ	0.0	0.0
Burnmouth	bɜːɹnməθ	bɜnməθ	bɜnməθ	bɚnməθ	compound	burn|mouth	0.16666666666666666	0.16666666666666666	0.3333333333333333	bɜɹnməθ	bɜnməθ	0.0	0.16666666666666666
Burrampooter	bʌɹəmpuːtɚ	bʌɹəmputə	bʌɹəmputə	bʊɹæmputɚ	compound	burra|m|pooter	0.1111111111111111	0.1111111111111111	0.2222222222222222	bʌɹəmputəɹ	bʌɹəmputə	0.2	0.1111111111111111
Byelorussian	bjɛləɹʌʃən	bɛləʊɹəʃən	baɪɪlɔɹʌʃən	bilɔɹəsiən	compound	byelorussia|n	0.3	0.36363636363636365	0.6	baɪəlɔɹəʃən	baɪələɹʌʃən	0.45454545454545453	0.2727272727272727
Byronism	baɪɹənɪzm	baɪɹənɪzəm	baɪɹənɪzəm	baɪɹənɪzəm	compound	byron|ism	0.1	0.1	0.1	baɪɹənɪzəm	baɪɹənɪzəm	0.1	0.1
Bábí	bɑːbi	bapi	babaɪ	bb	compound	[]	0.5	0.6	1.0	bɑbi	bæbi	0.0	0.25
Będzin	bɛndʒɪn	bɛndʒɪn	bɛdzɪn	bɪdʒzɪn	compound	[]	0.0	0.3333333333333333	0.42857142857142855	bɛnt͡ʃɪn	bɛndzɪn	0.375	0.14285714285714285
Caden	keɪdn	keɪdn	kadən	keɪdən	compound	cade|n	0.0	0.6	0.16666666666666666	keɪdən	keɪdən	0.16666666666666666	0.16666666666666666
Caicos	keɪkɒs	kaɪkɔs	keɪkəʊz	kaɪkəʊz	compound	cai|cos	0.3333333333333333	0.42857142857142855	0.5714285714285714	kaɪkɒs	keɪkəʊz	0.16666666666666666	0.42857142857142855
Caius	kiːz	kaɪʌs	keɪəs	keɪəs	compound	cai|us	0.8	0.8	0.8	kaɪəs	keɪəs	0.8	0.8
Cajetan	kædʒətən	kɑdʒɛtən	kadʒɛtən	keɪdʒɛtən	compound	ca|jet|an	0.25	0.25	0.3333333333333333	kaɪdʒɛtən	kædʒɪtən	0.3333333333333333	0.125
Calderbrook	kɔːldəɹbɹʊk	kɔldɝbɹʊk	kɒldəbɹʊk	kældɚbɹʊk	compound	calder|brook	0.2222222222222222	0.2222222222222222	0.3333333333333333	kɔldəɹbɹʊk	kɔldəbɹʊk	0.0	0.1111111111111111
Caliban	kælɪbæn	kælibæn	kalɪbən	kæləbən	compound	cali|ban	0.14285714285714285	0.2857142857142857	0.2857142857142857	kælɪbæn	kælɪbæn	0.0	0.0
Callistonian	kælɪstoʊniən	kælɪstəʊniən	kalɪstəʊniən	kælɪstəʊniən	compound	callis|tonian	0.0	0.08333333333333333	0.0	kælɪstəʊniən	kælɪstəʊniən	0.0	0.0
Caltech	kæltɛk	kæltɛk	kɒltɛk	kæltɛk	compound	cal|tech	0.0	0.16666666666666666	0.0	kæltək	kɒltɛk	0.16666666666666666	0.16666666666666666
Calypsoan	kælɪpsoʊən	kælɪpsəʊən	kalɪpsəʊn	kəlipsəʊən	compound	calypso|an	0.0	0.2222222222222222	0.2	kælɪpsəʊən	kælɪpsəʊn	0.0	0.1111111111111111
Cambois	kæməs	kæmbwɑ	kambwɑ	kæmbɔɪz	compound	cam|bois	0.5	0.6666666666666666	0.5714285714285714	kæmbwɑ	kæmbwɑ	0.5	0.5
Campbellton	kæmbəltən	kæmbəltʌn	kampbɛltən	kæmpbɛltən	compound	campbell|ton	0.1111111111111111	0.3	0.2	kæmbəltɒn	kæmpbɛltən	0.1111111111111111	0.2
Canadianise	kəneɪdiənaɪz	kəneɪdiənaɪz	kəneɪdiənaɪz	kæneɪdiənɪs	compound	canadian|ise	0.0	0.0	0.2727272727272727	kəneɪ.di.ən.aɪz	kəneɪdiənaɪz	0.2	0.0
Canara	kænəɹə	kænəɹɑ	kanɑɹə	kænɑɹə	compound	cana|ra	0.16666666666666666	0.3333333333333333	0.16666666666666666	kənɛəɹə	kænɑɹə	0.2857142857142857	0.16666666666666666
Candian	kændɪən	kændiən	kandiən	kændiən	compound	candia|n	0.14285714285714285	0.2857142857142857	0.14285714285714285	kænədiən	kændiən	0.25	0.14285714285714285
Carbonear	kɑɹbəniɚ	kɑɹbəʊnɑɹ	kɑbəʊnɑ	kɑɹbəʊnɚ	compound	carbone|ar	0.3333333333333333	0.5714285714285714	0.25	kɑɹbəniəɹ	kɑbəʊniə	0.2222222222222222	0.375
Carriacou	kæɹəkuː	kɑɹiəku	kaɹɪaku	kɛɹiəkəʊ	compound	carr|ia|cou	0.2857142857142857	0.42857142857142855	0.5	kɑɹiɑku	kæɹɪəku	0.42857142857142855	0.14285714285714285
Carrickfergus	kæɹɪkfɜːɹɡəs	kɛɹɪkfɝɡəs	kaɹɪkfəɡəs	kɛɹɪkfɚɡəs	compound	carrick|fergus	0.3	0.3	0.3	kæɹɪkfəɹɡəs	kæɹɪkfɜɡəs	0.09090909090909091	0.1
Casamance	kæzəmæns	kɑsəmæns	kasaməns	kæsəməns	compound	casa|mance	0.25	0.5	0.25	kəzəmæns	kæzəməns	0.125	0.125
Caucasity	kɔːkæsɪti	kəkæsɪti	kɔkasɪti	kɔkəsɪti	compound	cau|cas|ity	0.125	0.125	0.125	kɔkəsɪti	kɔkæsɪti	0.125	0.0
Celbridge	sɛlbɹɪdʒ	sɛlbɹɪdʒ	sɛlbɹɪdʒ	sɛlbɹɪdʒ	compound	cel|bridge	0.0	0.0	0.0	sɛlbɹɪd͡ʒ	sɛlbɹɪdʒ	0.1111111111111111	0.0
Chagatai	tʃɑːɡətaɪ	tʃɑgətaɪ	tʃaɡətaɪ	tʃæɡəteɪ	compound	chaga|tai	0.125	0.125	0.25	tʃəɡətaɪ	tʃæɡətaɪ	0.125	0.125
Chalcidice	kælsɪdɪsi	kalsɪdaɪs	tʃalsɪdɪs	tʃælsɪdɪs	compound	chalcid|ice	0.3333333333333333	0.4444444444444444	0.3333333333333333	kælsidɪs	tʃælsɪdɪs	0.25	0.3333333333333333
Chambersian	tʃeɪmbɜːɹziən	tʃeɪmbɝziən	tʃeɪmbəsiən	tʃæmbɚʃən	compound	chambers|ian	0.18181818181818182	0.2727272727272727	0.6666666666666666	t͡ʃæmbəɹsiən	tʃæmbɜʃən	0.4166666666666667	0.5555555555555556
Changbai	tʃæŋbaɪ	tʃæŋbaɪ	tʃaŋbaɪ	tʃæŋbeɪ	compound	chang|bai	0.0	0.14285714285714285	0.14285714285714285	tʃɑŋbaɪ	tʃæŋbaɪ	0.14285714285714285	0.0
Changde	tʃæŋdi	tʃæŋdə	tʃaŋd	tʃæŋd	compound	chang|de	0.16666666666666666	0.4	0.2	tʃɑŋdeɪ	tʃæŋd	0.42857142857142855	0.2
Changfeng	tʃæŋfɛŋ	tʃæŋfɛŋ	tʃaŋfɛŋ	tʃæŋfɛŋ	compound	chang|feng	0.0	0.14285714285714285	0.0	t͡ʃɑŋfɛŋ	tʃæŋfɛŋ	0.25	0.0
Changhai	tʃæŋhaɪ	tʃæŋhaɪ	tʃaŋhaɪ	tʃæŋheɪ	compound	chang|hai	0.0	0.14285714285714285	0.14285714285714285	tʃæŋhaɪ	tʃæŋhaɪ	0.0	0.0
Changhua	tʃæŋhwɑ	tʃæŋhuə	tʃaŋhjuə	tʃæŋhuə	compound	chang|hua	0.2857142857142857	0.5	0.2857142857142857	tʃɑŋɡwɑ	tʃæŋhjuə	0.2857142857142857	0.375
Changi	tʃæŋi	tʃæŋaɪ	tʃaŋɡi	tʃændʒi	compound	chang|i	0.3333333333333333	0.3333333333333333	0.42857142857142855	tʃɑŋi	tʃæŋaɪ	0.2	0.3333333333333333
Changji	tʃæŋdʒiː	tʃæŋdʒi	tʃaŋdʒi	tʃæŋdʒi	compound	chang|ji	0.0	0.14285714285714285	0.0	t͡ʃɑŋd͡ʒi	tʃæŋdʒi	0.3333333333333333	0.0
Changle	tʃæŋlʌ	tʃæŋlə	tʃaŋɡəl	tʃæŋɡəl	compound	chang|le	0.16666666666666666	0.5714285714285714	0.42857142857142855	tʃæŋɡəl	tʃæŋɡəl	0.42857142857142855	0.42857142857142855
Changning	tʃæŋnɪŋ	tʃæŋnɪŋ	tʃaŋnɪŋ	tʃæŋnɪŋ	compound	chang|ning	0.0	0.14285714285714285	0.0	tʃɑŋnɪŋ	tʃæŋnɪŋ	0.14285714285714285	0.0
Changping	tʃɑŋpɪŋ	tʃæŋpɪŋ	tʃaŋpɪŋ	tʃæŋpɪŋ	compound	chang|ping	0.14285714285714285	0.14285714285714285	0.14285714285714285	t͡ʃæŋpɪŋ	tʃæŋpɪŋ	0.25	0.14285714285714285
Changshu	tʃæŋʃu	tʃæŋʃu	tʃaŋʃu	tʃæŋʃu	compound	chang|shu	0.0	0.16666666666666666	0.0	tʃɑŋʃu	tʃæŋʃu	0.16666666666666666	0.0
Changwu	tʃæŋwu	tʃæŋwu	tʃaŋwu	tʃæŋwu	compound	chang|wu	0.0	0.16666666666666666	0.0	t͡ʃɑŋwu	tʃæŋwu	0.2857142857142857	0.0
Changxing	tʃæŋʃɪŋ	tʃæŋʃɪŋ	tʃaŋksɪŋ	tʃæŋɡksɪŋ	compound	chang|xing	0.0	0.375	0.3333333333333333	tʃɑŋʃɪŋ	tʃæŋksɪŋ	0.14285714285714285	0.25
Changyang	tʃæŋjæŋ	tʃæŋjæŋ	tʃaŋjaŋ	tʃændʒiæŋ	compound	chang|yang	0.0	0.2857142857142857	0.4444444444444444	tʃɑŋjɑŋ	tʃæŋɡjæŋ	0.2857142857142857	0.125
Changyuan	tʃæŋwɑn	tʃæŋjuən	tʃaŋjuən	tʃændʒjuən	compound	chang|yuan	0.375	0.5	0.6	t͡ʃɑŋd͡ʒuɑn	tʃæŋɡjuən	0.5454545454545454	0.4444444444444444
Changzhi	tʃæŋdʒiː	tʃæŋdʒi	tʃaŋʒaɪ	tʃændʒi	compound	chang|zhi	0.0	0.5714285714285714	0.14285714285714285	t͡ʃɑŋd͡ʒi	tʃæŋʒi	0.3333333333333333	0.16666666666666666
Chanhe	tʃænhʌ	tʃænhi	tʃanh	tʃænh	compound	chan|he	0.16666666666666666	0.4	0.2	t͡ʃæni	tʃænh	0.5	0.2
Chaoyang	tʃaʊjæŋ	tʃəjæŋ	keɪɔɪaŋ	tʃeɪjɑŋ	compound	chao|yang	0.0	0.8571428571428571	0.42857142857142855	tʃəjæŋ	tʃeɪæŋ	0.0	0.3333333333333333
Charonean	kæɹəniːən	kɛɹəniən	tʃaɹəʊniən	tʃɑɹəʊnən	compound	charon|ean	0.125	0.4	0.5555555555555556	kæɹəniən	kæɹəʊniən	0.0	0.1111111111111111
Charontian	kəɹɒntɪən	kɛɹəntjɑn	tʃaɹɒnʃən	tʃɑɹɑnʃən	compound	charon|tian	0.4444444444444444	0.5555555555555556	0.6666666666666666	kəɹɒntiən	kæɹɒnʃən	0.1111111111111111	0.375
Cheam	tʃiːm	tʃim	tʃim	tʃim	compound	chea|m	0.0	0.0	0.0	t͡ʃim	tʃim	0.2	0.0
Chels	tʃɛls	tʃɛlz	tʃɛlz	tʃɛlz	compound	ch|els	0.2	0.2	0.2	tʃɛlz	tʃɛlz	0.2	0.2
Cheng'an	tʃɛŋɑn	tʃɛŋən	tʃɛŋən	tʃɛŋzən	compound	cheng|an	0.16666666666666666	0.16666666666666666	0.2857142857142857	tʃɛŋɡɑn	tʃɛŋən	0.14285714285714285	0.16666666666666666
Chengcheng	tʃæŋtʃæŋ	tʃɛŋtʃɛŋ	tʃɛŋtʃɛŋ	tʃɛŋtʃɪŋ	compound	cheng|cheng	0.25	0.25	0.25	tʃɛŋtʃɛŋ	tʃɛŋtʃɛŋ	0.25	0.25
Chengde	tʃɛŋdə	tʃɛŋdə	tʃɛŋd	tʃɛŋd	compound	cheng|de	0.0	0.2	0.2	tʃɛŋdeɪ	tʃɛŋd	0.2857142857142857	0.2
Chenggu	tʃɛŋɡu	tʃɛŋɡu	tʃɛŋɡu	tʃɛŋɡu	compound	cheng|gu	0.0	0.0	0.0	tʃɛŋɡu	tʃɛŋɡu	0.0	0.0
Chengzhong	tʃʌŋdʒɒŋ	tʃɛŋʒɒŋ	tʃɛŋʒɒŋ	tʃɛŋzɑŋ	compound	cheng|zhong	0.2857142857142857	0.2857142857142857	0.5714285714285714	t͡ʃɛŋd͡ʒəʊ	tʃɛŋʒɒŋ	0.5	0.2857142857142857
Cherine	ʃɪɹiːn	ʃɛɹini	tʃɛɹin	tʃɚin	compound	cheri|ne	0.3333333333333333	0.3333333333333333	0.6	ʃəɹin	kɛɹɪn	0.2	0.6
Chicanx	tʃɪkæŋks	tʃikənks	ʃɪkeɪŋks	tʃɪkənz	compound	chica|n|x	0.375	0.375	0.5714285714285714	ʃɪkæŋks	tʃɪkæŋks	0.14285714285714285	0.0
Chinaboy	tʃaɪnəbɔɪ	tʃaɪnəbɔɪ	tʃaɪnəbɔɪ	tʃɪnəbɔɪ	compound	china|boy	0.0	0.0	0.125	t͡ʃaɪnəbɔɪ	tʃaɪnəbɔɪ	0.1	0.0
Chinkland	tʃɪŋklænd	tʃɪŋklænd	tʃɪŋklənd	tʃɪŋklənd	compound	chink|land	0.0	0.1111111111111111	0.1111111111111111	t͡ʃɪŋklənd	tʃɪŋklənd	0.2	0.1111111111111111
Chișinău	kɪʃɪnaʊ	kɪʃɪnə	tʃɪsɪnə	tʃaɪɪnu	compound	[]	0.0	0.42857142857142855	0.7142857142857143	t͡ʃɪʃinəwə	tʃɪʃɪnɛw	0.6	0.5
Chongyang	tʃɔŋjæŋ	tʃɔŋjæŋ	tʃəŋjaŋ	tʃɑndʒiæŋ	compound	chong|yang	0.0	0.2857142857142857	0.5555555555555556	tʃɔŋjæŋ	tʃɒŋɡjæŋ	0.0	0.25
Chorasmia	kəɹæzmiə	kɔɹəzmiə	kɔɹazmiə	tʃɔɹæsmiə	compound	chora|s|mia	0.25	0.25	0.4444444444444444	kəɹæzmiə	kəɹæzmiə	0.0	0.0
Chrishall	kɹɪshɔːl	kɹɪshɔl	kɹɪʃɔl	kɹɪʃəl	compound	chris|hall	0.0	0.3333333333333333	0.5	kɹɪshɔl	kɹɪʃɔl	0.0	0.3333333333333333
Christianism	kɹɪstʃənɪzm	kɹɪstʃənɪzəm	kɹɪstʃnɪzəm	kɹɪstiənɪzəm	compound	christian|ism	0.08333333333333333	0.18181818181818182	0.16666666666666666	kɹɪstʃənɪzəm	kɹɪstʃənɪzəm	0.08333333333333333	0.08333333333333333
Chunhua	tʃuːnhwɑː	tʃənhuə	tʃʌnhjuə	tʃʌnhuə	compound	chun|hua	0.42857142857142855	0.5	0.42857142857142855	tʃʊŋhjuə	tʃʌnhjuə	0.625	0.5
Chwezi	tʃweɪzi	tʃwizi	sieɪtʃwɛzi	tʃwɛzi	compound	ch|we|zi	0.3333333333333333	0.6	0.3333333333333333	t͡ʃwɛzi	tʃwizi	0.42857142857142855	0.3333333333333333
Chéticamp	ʃɛtɪkæmp	ʃɛtɪkæmp	ʃeɪtɪkamp	tʃɪtɪkəmp	compound	[]	0.0	0.3333333333333333	0.3333333333333333	t͡ʃɛtɪkæmp	tʃeɪtɪkæmp	0.2	0.3
Cimbom	dʒimbom	siaɪmbɑm	sɪmbəm	sɪmbəm	compound	ci|m|bom	0.625	0.6666666666666666	0.6666666666666666	t͡ʃɪmbəm	sɪmbɒm	0.625	0.6666666666666666
Citian	sɪtiən	sɪtiən	sɪʃən	sɪʃən	compound	citi|an	0.0	0.4	0.4	sɪtiən	sɪʃən	0.0	0.4
Clarenville	klæɹənvɪl	klæɹənvɪl	klaɹənvɪl	klɛɹənvɪl	compound	claren|ville	0.0	0.1111111111111111	0.1111111111111111	klæɹənvɪl	kleəɹənvɪl	0.0	0.2
Clarry	klæɹi	klɑɹi	klaɹi	klɛɹi	compound	clar|ry	0.2	0.2	0.2	klæɹi	klæɹi	0.0	0.0
Clausewitz	klɔːzəwɪts	klɔzwɪts	klɔswɪts	klɔswɪts	compound	clause|witz	0.125	0.25	0.25	klɔzəwɪts	klɔswɪts	0.0	0.25
Clevedon	kliːvdən	klivdɒn	klɛvɛdən	klɛvdən	compound	cleve|don	0.14285714285714285	0.25	0.14285714285714285	klɪvədən	klɛvɪdən	0.25	0.25
Cobh	kəʊv	kɒbh	kɒb	kɑb	compound	cob|h	0.75	1.0	1.0	kɒbh	kɒb	0.75	1.0
Cockermouth	kɒkəɹməθ	kɒkəməθ	kɒkəməθ	kɑkɚməθ	compound	cocker|mouth	0.14285714285714285	0.14285714285714285	0.42857142857142855	kɒkəɹməθ	kɒkəməθ	0.0	0.14285714285714285
Colac	kəʊlæk	kəʊləs	kɒlak	kəʊlək	compound	cola|c	0.3333333333333333	0.6	0.16666666666666666	kəʊlæk	kɒlæk	0.0	0.4
Complute	kɒmpluːt	kɑmplut	kəmplut	kəmplut	compound	comp|lute	0.14285714285714285	0.14285714285714285	0.14285714285714285	kəmplut	kəmplut	0.14285714285714285	0.14285714285714285
Conche	kɒntʃ	kɒntʃi	kəntʃɛ	kɑntʃ	compound	conch|e	0.16666666666666666	0.3333333333333333	0.2	kɒnt͡ʃeɪ	kɒntʃ	0.375	0.0
Connop	kɒnəp	kɒnɑp	kənɒp	kɑnəp	compound	conn|op	0.2	0.4	0.2	kɒnɒp	kənɒp	0.2	0.4
Copperopolis	kɒpəɹɒpɒlɪs	kɒpəəʊpəlɪs	kɒpəɹɒpəliz	kɑpɚəpəʊlɪs	compound	copper|o|polis	0.2727272727272727	0.2727272727272727	0.5454545454545454	kɒpəɹɒpəlɪs	kɒpəɹɒpəlɪs	0.09090909090909091	0.09090909090909091
Cordano	kɔːɹdɑːnəʊ	kɔɹdənəʊ	kɔdɑnəʊ	kɔɹdənəʊ	compound	corda|no	0.125	0.14285714285714285	0.125	kɔɹdɑnəʊ	kɔdɑnəʊ	0.0	0.14285714285714285
Cossall	kɒsɔːl	kɒsɔl	kɒsɔl	kɑsəl	compound	coss|all	0.0	0.0	0.4	kɒsəl	kɒsɔl	0.2	0.0
Coug	kuːɡ	kug	kəɡ	kə	compound	cou|g	0.3333333333333333	0.3333333333333333	1.0	kug	kəg	0.3333333333333333	0.6666666666666666
Courland	kʊəɹlənd	kʊɹlænd	kɜlənd	kɚlənd	compound	cour|land	0.2857142857142857	0.5	0.5	kʊɹlænd	kɔlənd	0.2857142857142857	0.5
Covelo	koʊvəloʊ	kəʊvələʊ	kɒviləʊ	kʌvləʊ	compound	covel|o	0.0	0.42857142857142855	0.5	kəvɛləʊ	kəʊvɛləʊ	0.2857142857142857	0.125
CrASBO	kɹæzbəʊ	sɹæsbəʊ	siɑɹəsbəʊ	kɹæsbəʊ	compound	c|ras|bo	0.2857142857142857	0.5555555555555556	0.14285714285714285	kɹæsbəʊ	kɹɑsbu	0.14285714285714285	0.6666666666666666
Craiglockhart	kɹeɪɡlɒkɑɹt	kɹeɪɡlɑkhɑɹt	kɹeɪɡləkhɑt	kɹeɪɡlɑkhɑɹt	compound	craig|lockhart	0.16666666666666666	0.2727272727272727	0.16666666666666666	kɹeɪglɑkhɑɹt	kɹeɪɡlɒkhɑt	0.25	0.18181818181818182
Crapaud	kɹæpoʊ	kɹæpɔd	kɹapɔd	kɹæpɔd	compound	crap|aud	0.3333333333333333	0.5	0.3333333333333333	kɹəpɔd	kɹæpɔd	0.5	0.3333333333333333
Crashaw	kɹæʃɔː	kɹæʃɔ	kɹaʃɔ	kɹæʃɔ	compound	crash|aw	0.0	0.2	0.0	kɹæʃɔ	kɹæʃɔ	0.0	0.0
Cressidian	kɹɛsɪdiən	kɹɛsaɪdiən	kɹɛsɪdiən	kɹɛsɪdiən	compound	cress|id|ian	0.1	0.0	0.0	kɹɛsɪdiən	kɹɛsɪdiən	0.0	0.0
Crewkerne	kɹuːkəɹn	kɹukɜɹn	kɹukən	kɹəkɚn	compound	crew|kerne	0.14285714285714285	0.16666666666666666	0.5	kɹʊkəɹn	kɹukɜn	0.14285714285714285	0.3333333333333333
Cristian	kɹɪstjən	kɹɪstiən	kɹɪstʃən	kɹɪstiən	compound	cristi|an	0.125	0.125	0.125	kɹɪstiən	kɹɪstʃən	0.125	0.125
Croatology	kɹəʊætɒlədʒɪ	kɹəʊɑtɒlədʒi	kɹəʊətɒlədʒi	kɹəʊtɑlədʒi	compound	croat|ology	0.16666666666666666	0.16666666666666666	0.2727272727272727	kɹəʊətəlɒd͡ʒi	kɹəʊətɒlədʒi	0.38461538461538464	0.16666666666666666
Cupidian	kjuːpɪdiən	kjupɪdiən	kjupɪdiən	kjupɪdiən	compound	cupid|ian	0.0	0.0	0.0	kjupɪdiən	kjupɪdiən	0.0	0.0
Cupidinian	kjuːpɪdɪniən	kjupɪdɪniən	kjupɪdɪniən	kjupɪdɪniən	compound	cupid|in|ian	0.0	0.0	0.0	kjupɪdɪniən	kjupɪdɪniən	0.0	0.0
Cybelean	sɪbəliːən	sɪbəliən	saɪbɪliən	saɪbilən	compound	cybele|an	0.0	0.2222222222222222	0.375	saɪbɪliən	saɪbliən	0.2222222222222222	0.25
Cynthian	sɪnθiən	sɪnθiən	sɪnθiən	sɪnθiən	compound	cynthia|n	0.0	0.0	0.0	sɪnθiən	sɪnθiən	0.0	0.0
Częstochowa	tʃɛnstəkəʊvə	tʃɛnstəkəʊvə	sizɛstətʃəə	tʃɑstəʊtʃəʊə	compound	[]	0.0	0.7272727272727273	0.5	tʃɛstɒkəʊə	tsɛnstəʊkəə	0.3	0.36363636363636365
Dabancheng	dɑbɑntʃɒŋ	dæbəntʃɛŋ	dabantʃɛŋ	dəbæntʃɪŋ	compound	dab|an|cheng	0.3333333333333333	0.3333333333333333	0.3333333333333333	dɑbənt͡ʃəŋ	dəbɑntʃɛŋ	0.3	0.2222222222222222
Dabrowskian	dəmbɹɒfskiən	dəbɹɔfskiən	dabɹəskiən	dæbɹɔfskiən	compound	dabrowski|an	0.18181818181818182	0.4	0.2727272727272727	dəbɹəskjən	dəbɹəskiən	0.4	0.3
Dadan	dɑdɑn	dɑdən	dadən	dædən	compound	dada|n	0.2	0.4	0.4	dɑdən	dædən	0.2	0.4
Dadra	dɑːdɹɑː	dædɹɑ	dadɹə	dædɹə	compound	dad|ra	0.2	0.4	0.4	dɑdɹə	dædɹə	0.2	0.4
Daenerys	deɪnɛɹɪs	deɪnɜwaɪz	dinəɹiz	deɪnɚiz	compound	dae|ner|ys	0.4444444444444444	0.7142857142857143	0.5714285714285714	dænjəɹis	dinəɹɪz	0.625	0.5714285714285714
Dalston	dɔːlstən	dɔlstən	dalstən	dælstən	compound	d|alston	0.0	0.14285714285714285	0.14285714285714285	dɔlstɒn	dɔlstən	0.14285714285714285	0.0
Dalí	dɑːli	dɑli	dɑli	dəl	compound	[]	0.0	0.0	0.6666666666666666	dɑli	dæli	0.0	0.25
Danaus	dæneɪəs	deɪnəʌs	danəs	dænəz	compound	dana|us	0.5714285714285714	0.6	0.6	dæneɪəs	dænɔz	0.0	0.8
Danbo	dænbəʊ	dænbəʊ	danbəʊ	dænbəʊ	compound	dan|bo	0.0	0.16666666666666666	0.0	dɑnbəʊ	dænbəʊ	0.16666666666666666	0.0
Dancheng	dæntʃɛŋ	dæntʃɛŋ	dantʃɛŋ	dæntʃɪŋ	compound	dan|cheng	0.0	0.14285714285714285	0.14285714285714285	dænt͡ʃɛŋ	dɑntʃɛŋ	0.125	0.14285714285714285
Danfeng	dɑnfʌŋ	dænfɛŋ	danfɛŋ	dænfɪŋ	compound	dan|feng	0.3333333333333333	0.3333333333333333	0.3333333333333333	dænfɛŋ	dænfɛŋ	0.3333333333333333	0.3333333333333333
Dangyang	dæŋjæŋ	dæŋjæŋ	daŋjaŋ	dændʒiæŋ	compound	dang|yang	0.0	0.3333333333333333	0.5	dæŋjæŋ	dæŋɡjæŋ	0.0	0.14285714285714285
Danjiangkou	dɑndʒɑŋkoʊ	dændʒɑŋkəʊə	dandʒjaŋku	dændʒiɑŋkə	compound	dan|jiang|ko|u	0.18181818181818182	0.5	0.3	dænd͡ʒiɑŋkə	dændʒɪæŋku	0.36363636363636365	0.5
Danshui	dænʃweɪ	dænzhuɪ	danʃjui	dænʃu	compound	dans|hui	0.42857142857142855	0.5714285714285714	0.6	dɒnʃu	dænʃui	0.8	0.5
Daozang	daʊzæŋ	dəzæŋ	deɪəzaŋ	dæzɑŋ	compound	dao|zang	0.0	0.42857142857142855	0.4	dəzæŋ	deɪəʊzæŋ	0.0	0.375
Dasharatha	dɑːʃɒɹɒtɒ	dæʃɑɹæθə	daʃəɹaθə	dæʃɑɹəθə	compound	dash|ar|atha	0.625	0.625	0.625	dæʃəɹɑθə	dæʃəɹɑθə	0.625	0.625
Dawlish	dɔːlɪʃ	dɔlɪʃ	dɔlɪʃ	dɔlɪʃ	compound	daw|lish	0.0	0.0	0.0	dɔlɪʃ	dɔlɪʃ	0.0	0.0
Dayes	deɪz	deɪz	deɪz	deɪz	compound	daye|s	0.0	0.0	0.0	deɪz	deɪz	0.0	0.0
Daykin	deɪkɪn	deɪkɪn	deɪkɪn	deɪkɪn	compound	day|kin	0.0	0.0	0.0	deɪkɪn	deɪkɪn	0.0	0.0
Dazhai	dɑːdʒaɪ	dɑzhaɪ	daʒaɪ	dæzeɪ	compound	da|z|hai	0.3333333333333333	0.4	0.8	dɑd͡ʒaɪ	dæzhaɪ	0.14285714285714285	0.5
Dazhou	dɑdʒoʊ	dɑʒu	daʒu	dæhə	compound	da|zhou	0.75	1.0	1.0	dɑd͡ʒəʊ	dæzhu	0.14285714285714285	1.0
De'ang	dəɑŋ	ding	dɛaŋ	dizæŋ	compound	dean|g	0.75	0.5	0.6	dɛəŋ	dɪæŋ	0.5	0.5
DeFi	diːfaɪ	dɛfaɪ	dəfaɪ	dɪfi	compound	def|i	0.2	0.2	0.75	dɛfaɪ	dɛfaɪ	0.2	0.2
Deimian	daɪmiən	dəaɪmiən	deɪmiən	dimiən	compound	de|im|ian	0.125	0.14285714285714285	0.3333333333333333	daɪmiən	deɪmaɪən	0.0	0.375
Dems	dɛmz	dɛmz	dɛmz	dɛmz	compound	dem|s	0.0	0.0	0.0	dɛmz	dɛmz	0.0	0.0
Dena'ina	dənaːinə	dinəinə	dɛnəɪnə	dinəzɪnə	compound	dena|ina	0.2857142857142857	0.42857142857142855	0.5	dɪnaɪnə	dɛnəinə	0.2857142857142857	0.2857142857142857
Dench	dɛntʃ	dɛntʃ	dɛntʃ	dɛntʃ	compound	den|ch	0.0	0.0	0.0	dɛnt͡ʃ	dɛntʃ	0.16666666666666666	0.0
Dengfeng	dɛŋfɛŋ	dɛŋfɛŋ	dɛŋfɛŋ	dɛŋɡfɛŋ	compound	deng|feng	0.0	0.0	0.14285714285714285	dɛŋfɛŋ	dɛŋfɛŋ	0.0	0.0
Dereham	dɪəɹəm	dɪəhæm	dɛɹɛhəm	dɛɹhəm	compound	dere|ham	0.3333333333333333	0.5714285714285714	0.5	dɪəɹəm	dɛɹɪhæm	0.0	0.7142857142857143
Desdemonian	dɛzdəmoʊniən	dɛsdɪməʊniən	dɪsdɪməʊniən	dɛsdəməniən	compound	des|demonian	0.16666666666666666	0.25	0.18181818181818182	dɛzdəmiəʊniən	dɛsdɪməʊniən	0.07692307692307693	0.16666666666666666
Despard	dɛspɑːɹd	dɛspɑd	dɪspɑd	dɪspɚd	compound	des|pard	0.16666666666666666	0.3333333333333333	0.5	dɪspɑɹd	dɪspɑd	0.14285714285714285	0.3333333333333333
Dikē	dike	rjike	daɪk	dɪk	compound	[]	0.4	0.75	0.6666666666666666	dɪki	dɪkeɪ	0.5	0.4
Dimorphos	daɪmɔːɹfəs	daɪmɔɹfəʊz	dɪmɔfəʊz	dɪmɔɹfəʊz	compound	di|morphos	0.2	0.5	0.3333333333333333	dɪmɔɹfɒs	dɪmɔfəʊz	0.25	0.5
Dingxiang	diŋʒeɪŋ	dɪŋʃiɑŋ	dɪŋksjaŋ	dɪŋɡksiæŋ	compound	ding|xiang	0.5714285714285714	0.625	0.6666666666666666	dɪŋʃiɑŋ	dɪŋʃɪəŋ	0.5714285714285714	0.5714285714285714
Dinorwig	dɪnɔɹwɪɡ	dɪnɔɹwɪɡ	dɪnɔwɪɡ	dɪnɔɹwɪɡ	compound	din|orwig	0.0	0.14285714285714285	0.0	dɪnɔɹwɪɡ	daɪnɔwɪɡ	0.0	0.25
Diné	dɪneɪ	dɪneɪ	dɪneɪ	dɪn	compound	[]	0.0	0.0	0.6666666666666666	dɪneɪ	daɪneɪ	0.0	0.16666666666666666
Diomede	daɪəmiːd	daɪɒmid	dɪəʊmd	daɪəmd	compound	di|om|ede	0.14285714285714285	0.5	0.16666666666666666	daɪəmid	daɪəʊmid	0.0	0.125
Diomedes	daɪəmiːdiːz	daɪɒmidz	dɪəʊmdz	daɪəmdɪz	compound	di|om|edes	0.25	0.5714285714285714	0.25	daɪəmidiz	daɪəʊmidz	0.0	0.2222222222222222
Dionysia	daɪənaɪsiə	daɪənwaɪziə	daɪənɪziə	daɪəniziə	compound	dion|ys|ia	0.18181818181818182	0.2222222222222222	0.3333333333333333	daɪənɪziə	daɪənɪziə	0.2222222222222222	0.2222222222222222
Disibodenberg	dɪzɪbəʊdənbɛɹk	daɪzaɪbiəʊdənbɜɡ	dɪsɪbəʊdɛnbɜɡ	dɪsəbəʊdənbɚɡ	compound	dis|ib|oden|berg	0.375	0.38461538461538464	0.38461538461538464	dɪsɪbəndənbɜɹɡ	dɪsɪbɒdənbɜɡ	0.2857142857142857	0.5
Dixey	dɪksi	dɪksi	dɪksi	dɪksi	compound	dix|ey	0.0	0.0	0.0	dɪksi	dɪksi	0.0	0.0
DjVu	diːdʒeɪvu	didʒeɪvu	didʒeɪvu	dʌvu	compound	dj|vu	0.0	0.0	1.25	d͡ʒeɪvi	didʒivju	0.42857142857142855	0.375
Dolbadarn	dɔlbadəɹn	dɑlbædɑɹn	dɒlbədɑn	dəʊlbədɑɹn	compound	dol|bad|arn	0.3333333333333333	0.5	0.4	dɒlbədɑɹn	dəʊlbədɑn	0.3333333333333333	0.5555555555555556
Dong'an	dɔŋæn	dɒŋɡən	dɒŋən	dɔŋzən	compound	donga|n	0.5	0.4	0.3333333333333333	dɔŋɑn	dɒŋən	0.2	0.4
Dongcheng	dʊŋtʃʌŋ	dɒŋtʃɛŋ	dəŋtʃɛŋ	dɔŋtʃɪŋ	compound	dong|cheng	0.2857142857142857	0.2857142857142857	0.2857142857142857	dɔŋtʃɛŋ	dɒŋtʃɛŋ	0.2857142857142857	0.2857142857142857
Donggang	dɔŋɡæŋ	dɒŋɡæŋ	dɒŋɡaŋ	dɑŋɡæŋ	compound	dong|gang	0.16666666666666666	0.3333333333333333	0.16666666666666666	dɔŋɡæŋ	dɒŋɡæŋ	0.0	0.16666666666666666
Dongguan	dʊŋɡwɑn	dɒŋɡwɑn	dɒŋɡjuən	dɑŋɡʒən	compound	dong|guan	0.14285714285714285	0.5	0.42857142857142855	dɔŋɡwɑn	dɒŋɡwən	0.14285714285714285	0.2857142857142857
Dongjin	dɔŋdʒɪn	dɒŋdʒɪn	dɒŋdʒɪn	dɔŋdʒən	compound	dong|jin	0.14285714285714285	0.14285714285714285	0.14285714285714285	dɔŋd͡ʒɪn	dɒŋdʒɪn	0.125	0.14285714285714285
Dongxiang	dɔŋʃɒŋ	dɒŋʃiɑŋ	dɒŋksjaŋ	dɔŋɡksiæŋ	compound	dong|xiang	0.42857142857142855	0.625	0.5555555555555556	dɔŋʃiɑŋ	dɒŋʃɪæŋ	0.2857142857142857	0.42857142857142855
Dongyin	dɔŋjɪn	dɒŋjɪn	dɒŋiɪn	dɑndʒiɪn	compound	dong|yin	0.16666666666666666	0.3333333333333333	0.625	dɔŋd͡ʒɪn	dɒŋɡɪɪn	0.375	0.42857142857142855
Dorsetshire	dɔːɹsɪtʃɪɚ	dɔɹsɪtʃaɪə	dɔsɛtʃə	dɔɹsɛʃhaɪɚ	compound	dorset|shire	0.2	0.5714285714285714	0.4	dɔɹsɪtʃəɹ	dɔsɪtʃə	0.2222222222222222	0.42857142857142855
Doubs	duː	dəbz	dʌbz	dəbz	compound	doub|s	0.75	0.75	0.75	dəts	dəbz	0.75	0.75
Dre	dɹeɪ	dɹi	dɹi	dɹ	compound	dr|e	0.6666666666666666	0.6666666666666666	1.0	dɹi	dɹi	0.6666666666666666	0.6666666666666666
Drizzy	dɹɪzi	dɹɪzi	dɹɪzi	dɹɪzi	compound	dr|izzy	0.0	0.0	0.0	dɹɪzi	dɹɪzi	0.0	0.0
Droitwich	dɹɔɪtwɪtʃ	dɹɔɪtwɪtʃ	dɹɔɪtwɪtʃ	dɹɔɪtwɪtʃ	compound	droit|wich	0.0	0.0	0.0	dɹɔɪtwɪt͡ʃ	dɹɔɪtwɪtʃ	0.1	0.0
Dua	duːə	duə	djua	du	compound	du|a	0.0	0.5	0.5	duə	djuə	0.0	0.25
Dudinka	duːdɪnkə	dudɪŋkə	djudɪŋkə	dudɪŋkə	compound	du|dinka	0.14285714285714285	0.25	0.14285714285714285	dudɪŋkə	dudɪŋkə	0.14285714285714285	0.14285714285714285
Dullaghan	dʌləhæn	dʌlæɡhæn	dʌlaɡən	dʌləən	compound	dull|ag|han	0.25	0.42857142857142855	0.3333333333333333	dʌləɡən	dʌləɡən	0.2857142857142857	0.2857142857142857
Dulwichian	dʌlwɪtʃiən	dəlwɪtʃiən	dʌlwɪkiən	dʌlwɪtʃiən	compound	dulwich|ian	0.1	0.2222222222222222	0.0	dulwɪt͡ʃən	dʌlwɪtʃən	0.3	0.1111111111111111
Dumpsville	dʌmpsvɪl	dʌmpsvɪl	dʌmpzvɪl	dʌmpsvɪl	compound	dumps|ville	0.0	0.125	0.0	dʌmpsvɪl	dʌmpsvɪl	0.0	0.0
Dunhuangologist	dʊnhwæŋɒlɒdʒɪst	dʊnhwaŋəʊləʊdʒɪst	dʌnhjuəŋɡɒlədʒɪst	dʌnhjuɑŋɡələdʒɪst	compound	dunhuang|olo|gist	0.29411764705882354	0.35294117647058826	0.4117647058823529	dʌnhwɒŋɡəlɪst	dʌnhjuəŋɡɒlədʒɪst	0.5384615384615384	0.35294117647058826
Dunhuangology	dʊnhwæŋɒlɒdʒi	dʊnhwaŋɒlədʒi	dʌnhjuəŋɡɒlədʒi	dʌnhjuɑŋɡələdʒi	compound	dunhuang|ology	0.15384615384615385	0.4	0.4666666666666667	dʊnwɑŋɡɒləd͡ʒi	dʌnhjuəŋɡɒlədʒi	0.35714285714285715	0.4
Duntroon	dʌntɹuːn	dʌntɹun	dʌntɹun	dʌntɹun	compound	dunt|roon	0.0	0.0	0.0	dʌntɹun	dʌntɹun	0.0	0.0
Durrës	dʊɹəs	dʊɹəs	dʌɹɛz	dʊɹz	compound	[]	0.0	0.6	0.5	dʊɹəs	dʌɹəz	0.0	0.4
Eastleigh	iːstli	istli	isli	iæstlaɪ	compound	east|leigh	0.0	0.25	0.42857142857142855	istli	istleɪ	0.0	0.3333333333333333
Ecbatana	ɛkbætənə	ɛkbeɪtənə	ɛkbətɑnə	ɪkbətənə	compound	ec|batan|a	0.2222222222222222	0.25	0.25	ɛkbatənə	ɛkbətænə	0.125	0.25
Edenbridge	iːdənbɹɪdʒ	idənbɹɪdʒ	ɛdənbɹɪdʒ	ɪdənbɹɪdʒ	compound	eden|bridge	0.0	0.1111111111111111	0.1111111111111111	ɪdənbɹɪd͡ʒ	idənbɹɪdʒ	0.2	0.0
Edirne	ɛdiɹnɛ	idiɹni	ɛdɜn	ɛdɚn	compound	edi|r|ne	0.3333333333333333	0.75	0.75	ɛdɚn	ɛdɜn	0.75	0.75
Edkins	ɛdkɪnz	ɛdkɪnz	ɛdkɪnz	ɛdkənz	compound	ed|kins	0.0	0.0	0.16666666666666666	ɛdkɪnz	ɛdkɪnz	0.0	0.0
Eeyore	iːjɔːɹ	ijɔ	ijɔ	iaɪɚ	compound	ee|yore	0.3333333333333333	0.3333333333333333	0.75	ijɔɹ	ijɔ	0.0	0.3333333333333333
Elara	ɛləɹə	ɛləɹɑ	ɪlɑɹə	ɛlɑɹə	compound	ela|ra	0.2	0.4	0.2	ɛləɹə	ɪlɑɹə	0.0	0.4
Elbląg	ɛlblɔŋk	ɛlblɔŋk	ɛlblaɡ	ɛlbəlɡ	compound	[]	0.0	0.5	0.6666666666666666	ɛlbəŋ	ɛlblɔg	0.6	0.3333333333333333
Elginism	ɛlɡɪnɪzəm	ɛldʒɪnɪzəm	ɛldʒɪnɪzəm	ɛldʒɪnɪzəm	compound	elgin|ism	0.2	0.2	0.2	ɛld͡ʒɪnɪzəm	ɛldʒɪnɪzəm	0.2727272727272727	0.2
Elginist	ɛlɡɪnɪst	ɛldʒɪnɪst	ɛldʒɪnɪst	ɛldʒɪnɪst	compound	elgin|ist	0.2222222222222222	0.2222222222222222	0.2222222222222222	ɛld͡ʒɪnɪst	ɛldʒɪnɪst	0.3	0.2222222222222222
Elmsdale	ɛlmzdeɪl	ɛlmzdeɪl	ɛlmsdeɪl	ɛlmzdəl	compound	elms|dale	0.0	0.125	0.2857142857142857	ɛlmzdeɪl	ɛlmzdeɪl	0.0	0.0
Eloi	iːlɔɪ	ɛləʊaɪ	ɪlɔɪ	ɛlɔɪ	compound	elo|i	0.6666666666666666	0.25	0.25	ɛləʊi	ɛlɔɪ	0.8	0.25
Eloïse	ɛləʊiːz	ɛləʊiz	ɪlɒis	iləʊs	compound	[]	0.0	0.8	0.6	ɛləʊiz	ɪləʊiz	0.0	0.16666666666666666
Elu	hɛluː	ɛlə	ɪlu	ɪlu	compound	el|u	0.6666666666666666	0.6666666666666666	0.6666666666666666	ɪlu	ɛlu	0.6666666666666666	0.3333333333333333
Elyssa	əlɪsə	ilɪsə	ɛlɪsə	ɛlɪsə	compound	e|lyssa	0.2	0.2	0.2	ɪlɪsə	ɪlɪsə	0.2	0.2
Eme	ɛmeɪ	əmi	ɪmɛ	ɪm	compound	em|e	1.0	1.0	1.5	əm	im	1.5	1.5
Emsworth	ɛmzwəɹθ	ɛmzwɜθ	ɛmswɜθ	ɛmzwɚθ	compound	ems|worth	0.3333333333333333	0.5	0.3333333333333333	ɛmzwɚθ	ɛmswɜθ	0.3333333333333333	0.5
Endoeuropean	ɛndəʊjʊəɹəpiːən	ɛndəʊjʊɹəpiən	ɛndəʊjuɹəʊpiən	ɛndəʊʊɹəʊpən	compound	endo|european	0.07692307692307693	0.21428571428571427	0.3333333333333333	ɛndəʊjʊɹəpiən	ɛnduɹəʊpiən	0.07692307692307693	0.5454545454545454
Engerland	ɪŋɡəlænd	ɛŋɡɝlænd	ɛndʒɜlənd	ɪŋɡɚlənd	compound	enger|land	0.25	0.6666666666666666	0.25	ɛŋɡəɹlənd	ɛŋɡələnd	0.3333333333333333	0.25
Englee	ɛnɡəliː	ɛŋɡəli	ɪŋɡli	ɪŋɡli	compound	engle|e	0.16666666666666666	0.6	0.6	ɪŋɡəl	ɛŋɡli	0.6	0.4
Enkidu	ɛnkɪdu	ɛnkɪdə	ɛŋkɪdu	ɛŋkɪdʒu	compound	en|kid|u	0.16666666666666666	0.16666666666666666	0.2857142857142857	ɛnkɪdu	ɛnkɪdu	0.0	0.0
Enumclaw	inʌmklɔ	ɛnʌmklɔ	ɪnʌmklɔ	ɪnʌməlɔ	compound	en|um|claw	0.14285714285714285	0.14285714285714285	0.2857142857142857	ɪnʌmklɔ	ɪnʌmklɔ	0.14285714285714285	0.14285714285714285
Ephesian	ɪfiːʒən	ɛphiziən	ɛfiziən	ɛfɛʃən	compound	ep|hes|ian	0.625	0.42857142857142855	0.5	ɛfɪʃən	ɪfiʒən	0.5	0.0
Ephraimite	ifɹəmaɪt	ifɹəmaɪt	ɛfɹeɪmaɪt	ɛfɹeɪmɪt	compound	ephraim|ite	0.0	0.3333333333333333	0.5	ɛfɹeɪmaɪt	ɪfɹeɪmɪt	0.3333333333333333	0.5
Epiphanes	ɛpɪfəniːz	ɛpɪfeɪnz	ɛpɪfeɪnz	ɛpɪfənz	compound	epi|phane|s	0.375	0.375	0.14285714285714285	ɪpɪfeɪnz	ɛpɪfeɪnz	0.5	0.375
Eratosthenian	ɛɹətəsθiːniən	ɛɹətəʊsθiniən	ɪɹatəsθiniən	ɚɑtɑsθiniən	compound	erato|sthenia|n	0.07692307692307693	0.16666666666666666	0.36363636363636365	ɛɹəɾəsθiniən	ɪɹætəsθiniən	0.08333333333333333	0.16666666666666666
Erdenet	ɜːɹdɪnɛt	ɜɹdɛnɛt	ɜdənɛt	ɚdɪnɪt	compound	erd|en|et	0.14285714285714285	0.3333333333333333	0.5	ɜɹdənɛt	ɜdənɛt	0.14285714285714285	0.3333333333333333
Erewash	ɛɹəwɒʃ	eəwɒʃ	ɪrwɒʃ	ɛɹwɔʃ	compound	ere|wash	0.4	0.6	0.4	ɪɹuɒʃ	ɛəwɒʃ	0.6	0.2
Erice	ɛəɹɪtʃeɪ	ɛɹɪki	ɛɹɪs	ɛɹaɪs	compound	eric|e	1.0	1.25	1.2	ɛɹɪs	ɛɹɪs	1.25	1.25
Erlang	ɜːɹlæŋ	ɝlæŋ	ɜlaŋ	ɚlæŋ	compound	erl|ang	0.5	0.5	0.5	ɜɹlæŋ	ɜlæŋ	0.0	0.25
Esholt	ɛʃəʊlt	ɛʃəʊlt	ɛʃəʊlt	ɛʃəʊlt	compound	esh|olt	0.0	0.0	0.0	ɛʃɒlt	ɛʃəʊlt	0.4	0.0
Esmeralda	ɛzməɹɑːldə	ɛzmɹɑldə	ɛsməɹaldə	ɛsmɚældə	compound	esme|r|alda	0.125	0.2222222222222222	0.5	ɛzməɹɛldə	ɛsməɹɑldə	0.1111111111111111	0.1111111111111111
Etan	eɪtɑːn	eɪɾən	ɛtən	ɪtən	compound	eta|n	0.4	0.75	0.5	eɪtæn	itən	0.2	0.75
Euryale	jʊɹaɪəli	juɹieɪl	juɹɪeɪl	ɚiəl	compound	eury|ale	0.7142857142857143	0.7142857142857143	1.5	jʊɹiəl	juɹɪeɪl	0.5	0.7142857142857143
Evangelina	ɪvændʒəliːnə	ivændʒəlinə	ɪvandʒɪlinə	ɪvændʒəlinə	compound	evangel|ina	0.09090909090909091	0.18181818181818182	0.0	ɪvænd͡ʒɪlɪnə	ivəndʒɪlinə	0.25	0.2727272727272727
Evanton	ɛvəntən	ɛvəntʌn	ɪvantən	ɪvæntən	compound	evan|ton	0.14285714285714285	0.2857142857142857	0.2857142857142857	ɪvəntən	ɪvɑntən	0.14285714285714285	0.2857142857142857
Evie	ɛviː	ɛvi	ɛvi	ɛvi	compound	ev|ie	0.0	0.0	0.0	ɛvi	ivi	0.0	0.3333333333333333
Exe	ɛks	ɛksi	iɛksi	ɪɡz	compound	ex|e	0.25	0.4	1.0	ɛksi	ɛks	0.25	0.0
Exmouth	ɛksməθ	ɛksməθ	ɛksməθ	ɛksməθ	compound	ex|mouth	0.0	0.0	0.0	ɛksməθ	ɛksmuθ	0.0	0.16666666666666666
ExoMars	ɛksoʊmɑːɹz	ɛksəʊmɑɹz	ɛɡzəʊmɑz	ɛksəmɚz	compound	ex|omar|s	0.0	0.375	0.42857142857142855	ɛɡzəmɑɹz	ɛksəmɑz	0.375	0.2857142857142857
Eyak	ijæk	iæk	aɪak	iæk	compound	ey|ak	0.3333333333333333	0.75	0.3333333333333333	iæk	aɪæk	0.3333333333333333	0.5
Eyemouth	aɪməθ	aɪməθ	aɪməθ	iməθ	compound	eye|mouth	0.0	0.0	0.5	aɪməθ	aɪməθ	0.0	0.0
Fabergé	fæbəɹʒeɪ	fæbəɹʒeɪ	fabəɡeɪ	feɪbɚɡ	compound	[]	0.0	0.42857142857142855	1.1666666666666667	fɑbəɹʒeɪ	feɪbədʒeɪ	0.125	0.3333333333333333
Fafnir	fɑːfnɪɚ	fɑfnɪɹ	fafniə	fæfnɚ	compound	fa|f|nir	0.16666666666666666	0.5	0.4	fæfnɪɹ	fæfnɪə	0.3333333333333333	0.3333333333333333
Fakestine	feɪkəstaɪn	feɪkstaɪn	feɪkstin	feɪkstɪn	compound	fakes|tine	0.1111111111111111	0.375	0.25	feɪkstaɪn	feɪkstaɪn	0.1111111111111111	0.1111111111111111
Fakestinian	feɪkəstɪniən	feɪkstɪniən	feɪkstɪniən	feɪkstɪniən	compound	fakes|tin|ian	0.09090909090909091	0.09090909090909091	0.09090909090909091	fəkɛstɪniən	feɪkstɪniən	0.2727272727272727	0.09090909090909091
Fermoy	fəɹmɔɪ	fɝmɔɪ	fɜmɔɪ	fɚmɔɪ	compound	ferm|oy	0.4	0.4	0.4	fɚməʊj	fɜmɔɪ	0.8333333333333334	0.4
Ferryland	fɛɹilænd	fɛɹilænd	fɛɹɪland	fɛɹilænd	compound	ferry|land	0.0	0.25	0.0	fɛɹɪlænd	fɛɹɪlənd	0.125	0.25
Filipowski	fɪlɪpaʊski	fɪlɪpəʊski	fɪlɪpəskɪ	fɪlɪpɔfski	compound	filip|ow|ski	0.1	0.1111111111111111	0.2	fɪlɪpɔfski	fɪlɪpɔfski	0.2	0.2
Firhill	fɪɹhɪl	fɜhɪl	fɜhɪl	fɚhɪl	compound	fir|hill	0.4	0.4	0.4	fɜɹhɪl	fɜhɪl	0.16666666666666666	0.4
Flatrock	flætɹɒk	flætɹɒk	flatɹɒk	flætɹɑk	compound	flat|rock	0.0	0.14285714285714285	0.14285714285714285	flætɹɒk	flætɹɒk	0.0	0.0
Flitwick	flɪtɪk	flɪtwɪk	flɪtwɪk	flɪtwɪk	compound	flit|wick	0.14285714285714285	0.14285714285714285	0.14285714285714285	flɪtwɪk	flɪtwɪk	0.14285714285714285	0.14285714285714285
Foism	foʊɪzəm	fəʊɪzəm	fəʊɪzəm	fɔɪsm	compound	f|o|ism	0.0	0.0	0.8	fɔɪzəm	fɔɪzəm	0.3333333333333333	0.3333333333333333
Fongshan	fɔŋʃɑn	fɔŋʃæn	fɒŋʃən	fɔŋʃən	compound	fong|shan	0.16666666666666666	0.3333333333333333	0.16666666666666666	fɔŋʃən	fɒŋʃən	0.16666666666666666	0.3333333333333333
Fordingbridge	fɔːɹdɪŋbɹɪdʒ	fɔdɪŋbɹɪdʒ	fɔdɪŋbɹɪdʒ	fɔɹdɪŋbɹɪdʒ	compound	fording|bridge	0.1	0.1	0.0	fɔɹdɪŋbɹɪd͡ʒ	fɔdɪŋbɹɪdʒ	0.08333333333333333	0.1
Forteau	fɔɹtoʊ	fɔɹtəʊ	fɔtəʊ	fɔɹti	compound	forte|au	0.0	0.2	0.4	fɔɹtəʊ	fɔtəʊ	0.0	0.2
FrankenSAM	fɹaŋkənsam	fɹæŋkənsæm	fɹaŋkənɛseɪɛm	fɹæŋkənsəm	compound	franken|sam	0.2	0.3076923076923077	0.2	fɹæŋkənsəm	fɹæŋkənsaɪm	0.2	0.18181818181818182
Frecklington	fɹɛklɪŋtən	fɹɛklɪŋtʌn	fɹɛklɪŋtən	fɹɛklɪŋtən	compound	freckling|ton	0.1	0.0	0.0	fɹɛklɪŋtən	fɹɛklɪŋtən	0.0	0.0
Frederician	fɹɛdəɹɪsiən	fɹɛdɹɪkiən	fɹɛdəɹɪʃən	fɹɛdɚɪʃən	compound	frederic|ian	0.2	0.2	0.4444444444444444	fɹɛdɚɪkən	fɹɛdəɹɪʃən	0.4444444444444444	0.2
Fregean	fɹeɪɡiən	fɹɛɡiən	fɹɛdʒiən	fɹidʒən	compound	f|reg|ean	0.2857142857142857	0.375	0.5714285714285714	fɹɪd͡ʒiən	fɹidʒən	0.4444444444444444	0.5714285714285714
Frenchies	fɹɛntʃiːz	fɹɛntʃiz	fɹɛntʃiz	fɹɛntʃiz	compound	french|ie|s	0.0	0.0	0.0	fɹɛnt͡ʃiz	fɹɛntʃɪz	0.1111111111111111	0.125
Froehle	fɹeɪli	fɹəʊɛl	fɹəʊhəl	fɹəʊhəl	compound	fro|ehle	0.6666666666666666	0.7142857142857143	0.7142857142857143	fɹəʊəl	fɹəʊhəl	0.6666666666666666	0.7142857142857143
Froude	fɹuːd	fɹəʊud	fɹəd	fɹəd	compound	fro|ude	0.3333333333333333	0.25	0.25	fɹəd	fɹəd	0.25	0.25
Fu'an	fuɑn	fuən	fʌən	fuən	compound	fua|n	0.25	0.5	0.25	fuɑn	fjuən	0.0	0.4
Fukang	fuːkæŋ	fukæŋ	fjukaŋ	fjukæŋ	compound	fu|kang	0.0	0.3333333333333333	0.16666666666666666	fukæŋ	fjukæŋ	0.0	0.16666666666666666
Fuxing	fuʃɪŋ	fuʃɪng	fʌksɪŋ	fjuksɪŋ	compound	fuxin|g	0.3333333333333333	0.5	0.42857142857142855	fʊʃɪŋ	fʌksɪŋ	0.2	0.5
GachaTuber	ɡɑːtʃətjuːbə	ɡatʃətjubə	ɡatʃətjubə	ɡætʃætʃubɚ	compound	gacha|tuber	0.1	0.1	0.4	ɡəʃətubɚ	ɡætʃətjubə	0.5	0.1
Galatean	ɡælətiːən	ɡæleɪtiən	ɡaleɪtiən	ɡæleɪʃən	compound	galatea|n	0.2222222222222222	0.3333333333333333	0.375	ɡəleɪ.ʃən	ɡælətiən	0.5555555555555556	0.0
Ganymedean	ɡænəmiːdiən	ɡænəmidən	ɡanaɪmdiən	ɡænjmidən	compound	ganymede|an	0.1111111111111111	0.4	0.2222222222222222	ɡənɪmidiən	ɡænɪmidiən	0.2	0.1
Ganymedes	ɡænɪmiːdz	ɡænəmidz	ɡanɪmidz	ɡænjmidɪz	compound	ganymede|s	0.125	0.125	0.2222222222222222	ɡænɪmɪdiz	ɡænɪmidz	0.2222222222222222	0.0
Ganymedian	ɡænəmiːdiən	ɡænjmidiən	ɡanaɪmidiən	ɡænjmdiən	compound	gan|y|median	0.1	0.2727272727272727	0.2222222222222222	ɡænɪmidiən	ɡænɪmidiən	0.1	0.1
Garstang	ɡɑːɹstəŋ	ɡɑɹstæŋ	ɡɑstaŋ	ɡɑɹstæŋ	compound	garst|ang	0.14285714285714285	0.3333333333333333	0.14285714285714285	ɡɑɹstæŋ	ɡɑstæŋ	0.14285714285714285	0.3333333333333333
Gauxholme	ɡaʊksəm	ɡəʊkshəʊlm	ɡɔkshəʊm	ɡɔhhəʊlm	compound	gau|x|holme	0.4	0.375	0.625	ɡɔhɒlm	ɡɔkshəʊlm	0.6666666666666666	0.4444444444444444
Gazaean	ɡɑːziən	ɡɑzəiən	ɡaziən	ɡeɪzəən	compound	gaza|ean	0.14285714285714285	0.16666666666666666	0.42857142857142855	ɡəziən	ɡæziən	0.16666666666666666	0.16666666666666666
Generica	dʒənɛɹɪkə	dʒənɛɹɪkə	dʒənɛɹɪkə	dʒɛnɚɪkə	compound	generic|a	0.0	0.0	0.375	dʒənɛɹɪkə	dʒɛnɛɹɪkə	0.0	0.1111111111111111
Gershengorn	ɡɜːɹʃənɡɔɹn	ɡɝʃɛŋɔɹn	dʒɜʃɪŋɡɔn	ɡɚʃɛŋɡɚn	compound	gersh|eng|orn	0.625	0.6666666666666666	0.75	ɡɚʃəŋɡɔɹn	ɡɜʃɪŋɡɔn	0.3333333333333333	0.5
Ghey	dʒaɪ	gheɪ	ɡeɪ	ɡi	compound	g|hey	0.75	1.0	2.0	d͡ʒeɪ	ɡeɪ	0.4	1.0
Gigeresque	ɡiɡəɹɛsk	ɡaɪɡɝɛsk	dʒaɪdʒɹɛsk	dʒɪdʒɚsk	compound	giger|esque	0.5	0.6	0.75	d͡ʒaɪɡɚɛsk	ɡɪdʒəɹɛsk	0.7	0.3333333333333333
Gillams	ɡɪləmz	ɡɪləmz	ɡɪlamz	ɡɪləmz	compound	gillam|s	0.0	0.16666666666666666	0.0	ɡɪləmz	ɡɪlæmz	0.0	0.16666666666666666
Ginnan	ɡənɑn	dʒɪnən	dʒɪnən	dʒɪnən	compound	ginn|an	0.6666666666666666	0.6666666666666666	0.6666666666666666	dʒɪnən	ɡɪnən	0.6666666666666666	0.4
Glencoe	ɡlɛnkəʊ	ɡlɛnkəʊ	ɡlɛŋkəʊ	ɡlɛŋkəʊ	compound	glen|coe	0.0	0.14285714285714285	0.14285714285714285	ɡlɛnkəʊ	ɡlɛnkəʊ	0.0	0.0
Glenealy	ɡlɛniːli	ɡlɛnili	ɡlɛniəli	ɡlinəli	compound	glen|ealy	0.0	0.125	0.2857142857142857	ɡlɛnili	ɡlinɪəli	0.0	0.375
Godalming	ɡɒdəlmɪŋ	ɡəʊdəlmɪŋ	ɡəʊdalmɪŋ	ɡəʊdəlmɪŋ	compound	goda|l|ming	0.2222222222222222	0.3333333333333333	0.2222222222222222	ɡədælmɪŋ	ɡəʊdɑmɪŋ	0.25	0.5
Gong'an	ɡɔŋɑn	ɡɒŋən	ɡɒŋən	ɡɑŋzən	compound	gong|an	0.4	0.4	0.5	ɡɔŋɡən	ɡɒŋən	0.3333333333333333	0.4
Gorgias	ɡɔɹdʒiəs	ɡɔdʒiəz	ɡɔdʒəz	ɡɔɹɡiəz	compound	gorg|ia|s	0.2857142857142857	0.5	0.42857142857142855	ɡɔɹd͡ʒiəs	ɡɔdʒɪəz	0.1111111111111111	0.42857142857142855
Gosewehr	ɡoʊzwɛɚ	ɡəʊzwɛɹ	ɡəʊsweɪə	ɡəʊswɛɹ	compound	gose|wehr	0.14285714285714285	0.5	0.2857142857142857	ɡəʊswɛɹ	ɡəʊzwɛə	0.2857142857142857	0.14285714285714285
Gourock	ɡʊəɹək	ɡəʊəɹɒk	ɡɜɹɒk	ɡɔɹɑk	compound	go|u|rock	0.2857142857142857	0.6	0.6	ɡəɹək	ɡʌɹɒk	0.2	0.6
Gravesend	ɡɹeɪvzɛnd	ɡɹeɪvzɛnd	ɡɹeɪvsɛnd	ɡɹeɪvsənd	compound	graves|end	0.0	0.1111111111111111	0.2222222222222222	ɡɹeɪvzɛnd	ɡɹeɪvzɛnd	0.0	0.0
Greeklish	ɡɹiːklɪʃ	ɡɹiklɪʃ	ɡɹiklɪʃ	ɡɹiklɪʃ	compound	greek|lish	0.0	0.0	0.0	ɡɹiklɪʃ	ɡɹiklɪʃ	0.0	0.0
Grenville	ɡɹɛnvɪl	ɡɹɛnvɪl	ɡɹɛnvɪl	ɡɹɛnvɪl	compound	gren|ville	0.0	0.0	0.0	ɡɹɛnvɪl	ɡɹɛnvɪl	0.0	0.0
Greymouth	ɡɹeɪməθ	ɡɹeɪməθ	ɡɹeɪməθ	ɡɹiməθ	compound	grey|mouth	0.0	0.0	0.3333333333333333	ɡɹeɪməθ	ɡɹeɪməθ	0.0	0.0
Guaraní	ɡwɑːɹəniː	ɡwɑɹəni	ɡaɹɑni	ɡwɑɹən	compound	guara|ní	0.0	0.5	0.16666666666666666	ɡwɑɹəni	ɡæɹəni	0.0	0.3333333333333333
Gülenist	ɡjulənɪst	ɡjulənɪst	ɡulənɪst	ɡlinɪst	compound	[]	0.0	0.125	0.42857142857142855	ɡulənɪst	ɡʌlənɪst	0.125	0.25
Haftarah	həftɑːɹɑː	hæftəɹɑ	haftaɹə	hæftɚɑ	compound	hafta|rah	0.2857142857142857	0.42857142857142855	0.5	hæftɑɹə	hɑftəɹə	0.2857142857142857	0.42857142857142855
Hai'an	haɪɑn	haɪən	heɪən	heɪən	compound	hai|an	0.2	0.4	0.4	haɪɑn	haɪən	0.0	0.2
Halewood	heɪlwʊd	heɪlwʊd	heɪlwʊd	hælwʊd	compound	hale|wood	0.0	0.0	0.3333333333333333	heɪlwʊd	heɪlwʊd	0.0	0.0
Hallatrow	hælətɹəʊ	hælətɹəʊ	halətɹəʊ	hælətɹəʊ	compound	halla|trow	0.0	0.125	0.0	hælətrəʊ	hælətɹəʊ	0.125	0.0
Haltwhistle	hɔːltwɪsəl	hɒltwɪsəl	hɒltwɪsəl	hæltwɪstl	compound	halt|whistle	0.1111111111111111	0.1111111111111111	0.2222222222222222	hɔltwɪsəl	hɒltwɪsəl	0.0	0.1111111111111111
Hamazaki	hɑməzɑki	hɑməzɑki	həmeɪzaki	hæmɑzɑki	compound	hama|zaki	0.0	0.4444444444444444	0.25	hɑmɑzɑki	hæməzɑki	0.125	0.125
Hania	hɑniə	hæniə	heɪniə	hæniə	compound	hani|a	0.2	0.3333333333333333	0.2	hɑnjə	heɪniə	0.2	0.3333333333333333
Hannibalic	hænɪbælɪk	hænɪbəlɪk	hanɪbalɪk	hænəbəlɪk	compound	hannibal|ic	0.1111111111111111	0.2222222222222222	0.2222222222222222	hænɪbælɪk	hænɪbælɪk	0.0	0.0
Hanoian	hənɔɪən	hænɔɪən	hanɔɪən	hænɔɪən	compound	hanoi|an	0.14285714285714285	0.14285714285714285	0.14285714285714285	hənɔɪən	hænɔɪən	0.0	0.14285714285714285
Hanzi	hændzi	hænzi	hanzi	hænzi	compound	han|zi	0.2	0.4	0.2	hɒnzi	hænzi	0.4	0.2
Harlescott	hɑːɹlskɒt	hɑɹəlskɑt	hɑlɪskɒt	hɑɹləskɑt	compound	harle|scott	0.2222222222222222	0.25	0.2222222222222222	hɑɹəlskɒt	hɑlɪskɒt	0.1111111111111111	0.25
Harrogate	hæɹəɡeɪt	hæɹəʊɡeɪt	haɹəɡeɪt	hɛɹəʊɡeɪt	compound	h|arrogate	0.1111111111111111	0.125	0.2222222222222222	hæɹəɡət	hæɹəɡeɪt	0.2857142857142857	0.0
Hartburn	hɑːɹtbɜːɹn	hɑtbɜn	hɑtbɜn	hɔɹtbɚn	compound	hart|burn	0.3333333333333333	0.3333333333333333	0.42857142857142855	hɑɹtbɜɹn	hɑtbɜn	0.0	0.3333333333333333
Haslemere	heɪzəlmɪɚ	hæzlɛmɝ	haslɪmiə	hæslɛmɚ	compound	has|lemere	0.8571428571428571	0.875	0.8571428571428571	hæsəlmɪəɹ	hæslɪmiə	0.5555555555555556	0.875
Haverfordwest	hævəɹfəɹdwɛst	hævɝfɝdwɛst	havəfɔdwɛst	heɪvɚfɚdwɛst	compound	haverford|west	0.36363636363636365	0.36363636363636365	0.5	hævəɹfəɹdwɛst	heɪvəfɔdwəst	0.0	0.5
Hawick	hɔɪk	hɔɪk	hawɪk	həɪk	compound	haw|ick	0.0	0.4	0.25	hɔɪk	hɔɹɪk	0.0	0.2
Hazelbrook	heɪzəlbɹʊk	heɪzəlbɹʊk	heɪzɪlbɹʊk	hæzəlbɹʊk	compound	hazel|brook	0.0	0.1	0.2222222222222222	heɪzbɹʊk	heɪzəlbɹʊk	0.25	0.0
Hebbville	hɛbvɪl	hɛbvɪl	hɛbvɪl	hɛbvɪl	compound	hebb|ville	0.0	0.0	0.0	hɛbvɪl	hɛbvɪl	0.0	0.0
Hebean	hiːbiːən	hibən	hɛbin	heɪbən	compound	hebe|an	0.2	0.4	0.5	hibin	hɛbin	0.2	0.4
Hebraean	hiːbɹiːən	hibɹiən	hɛbɹiən	hɛbɹeɪən	compound	he|brae|an	0.0	0.14285714285714285	0.375	hibɹiən	hibɹiən	0.0	0.0
Heloise	hɛləʊiːz	hɛləʊaɪz	hɛlɔɪs	hɛlɔɪs	compound	helo|ise	0.25	0.6666666666666666	0.6666666666666666	hɛlɔɪz	hɛlɔɪz	0.5	0.5
Helvétius	hɛlviʃəs	hɛlviʃəs	hɛlveɪtɪəs	hɛlvtiəs	compound	[]	0.0	0.4	0.25	hɛlvɛʃəs	hɛlveɪʃəs	0.125	0.2222222222222222
Hesiodic	hiːsiɑdɪk	hisiədɪk	hizɪɒdɪk	hɛsiɑdɪk	compound	hesiod|ic	0.125	0.375	0.125	hɛsiɑdɪk	hizɪɒdɪk	0.125	0.375
Heyting	heɪtɪŋ	heɪtɪŋ	heɪtɪŋ	haɪtɪŋ	compound	hey|ting	0.0	0.0	0.16666666666666666	heɪɾɪŋ	heɪtɪŋ	0.16666666666666666	0.0
Hibernicize	hɪbɜːɹnɪsaɪz	hɪbɜɹnɪsɪzi	haɪbənɪsaɪz	haɪbɚnɪsaɪz	compound	hib|ern|ici|ze	0.18181818181818182	0.2727272727272727	0.2727272727272727	haɪbəɹnɪsaɪz	haɪbɜnɪsaɪz	0.16666666666666666	0.18181818181818182
Hiramic	haɪɹæmɪk	haɪɹəmɪk	hɜɹamɪk	hɪɹæmɪk	compound	hiram|ic	0.125	0.42857142857142855	0.14285714285714285	haɪɹæmɪk	haɪɹæmɪk	0.0	0.0
Hirono	hɪɹoʊnoʊ	hɪɹəʊnəʊ	haɪənəʊ	hɪɹənəʊ	compound	hiro|no	0.0	0.42857142857142855	0.14285714285714285	hɪɹəʊnəʊ	hɪɹəʊnəʊ	0.0	0.0
Hiʻiaka	hɪiːjəkə	hɪijəkə	eɪtʃaɪlɛtətubibiaɪəkeɪə	haɪiəkə	compound	[]	0.0	0.782608695652174	0.2857142857142857	haɪiəkə	hiɪækə	0.2857142857142857	0.5
Hlyboke	hlɪbɔːkeɪ	hlɪbəʊk	eɪtʃlaɪbəʊk	lɪbəʊk	compound	h|ly|boke	0.5714285714285714	0.8181818181818182	0.8333333333333334	laɪbəʊk	hlaɪbəʊk	0.8571428571428571	0.625
Ho'oleilana	həʊəʊleɪlɑːnə	hulɪlɑnə	hɒəʊlɪlɑnə	həʊəʊlilənə	compound	hoole|ilana	0.625	0.3	0.2727272727272727	hɒləlɒnə	həʊəleɪlænə	0.875	0.18181818181818182
Holker	hoʊlkɚ	həʊlkɝ	hɒlkə	hɑlkɚ	compound	ho|l|ker	0.16666666666666666	0.6	0.4	həʊlkəɹ	həʊkə	0.2857142857142857	0.4
Hongtong	hɒŋtɒŋ	hɒŋtɒŋ	hɒŋtɒŋ	hɔŋtɔŋ	compound	hong|tong	0.0	0.0	0.3333333333333333	hɔŋtɔŋ	hɒŋtɒŋ	0.3333333333333333	0.0
Hongze	hɒŋzə	hɒŋzi	hɒŋz	hɔŋɡz	compound	hong|ze	0.2	0.25	0.6	hɔŋzi	hɒŋz	0.4	0.25
Hostomel	hɒstɔːmɛl	həʊstɒmɛl	hɒstəʊməl	hɑstəməl	compound	host|om|el	0.3333333333333333	0.3333333333333333	0.375	hɒstəmɛl	həʊstəmɛl	0.125	0.3333333333333333
Hsinpei	ʃɪnbeɪ	hsɪnpeɪ	eɪtʃsɪnpeɪ	hsɪnpi	compound	h|sin|pei	0.42857142857142855	0.5	0.8333333333333334	sɪnpeɪ	sɪnpeɪ	0.3333333333333333	0.3333333333333333
Huai'an	hwaɪɑn	huəiən	hjueɪən	hjueɪən	compound	hua|ian	0.6666666666666666	0.5714285714285714	0.5714285714285714	hwaɪɑn	hwaɪən	0.0	0.16666666666666666
Huawei	hwɑːweɪ	huəweɪ	hjuəweɪ	hwəʊi	compound	hua|wei	0.3333333333333333	0.42857142857142855	0.8	huweɪ	hjuəweɪ	0.4	0.42857142857142855
Hufflepuff	hʌfəlpʌf	hʌfəlpʌf	hʌfəlpʌf	hʌfəlpəf	compound	huffle|puff	0.0	0.0	0.125	hʌfəlpʌf	hʌfəlpʌf	0.0	0.0
Hughesian	hjuziɪn	hjuziən	hjuiziən	hʌɡɛʃən	compound	hughes|ian	0.14285714285714285	0.25	0.7142857142857143	hjuʒiziən	hjuɡiʒən	0.3333333333333333	0.375
Hui'an	hweɪɑn	hujən	hjuɪən	hwiən	compound	huia|n	0.8	0.5	0.6	hweɪɑn	huɪən	0.0	0.6
Hundersfield	hɒnəɹzfiːld	hʌndəzfild	hʌndəsfild	hʌndɚsfild	compound	hunder|s|field	0.3	0.4	0.4	hʌndɚsfild	hʌndəsfild	0.4	0.4
Hunslet	hʌnzlət	hʌnzlɛt	hʌnslɪt	hʌnsəlt	compound	huns|let	0.14285714285714285	0.2857142857142857	0.42857142857142855	hʌnslɪt	hʌnslət	0.2857142857142857	0.14285714285714285
Hurghada	həɹɡɑːdə	hɝɡɑdə	hɜɡɑdə	hɚɡədə	compound	hur|ghada	0.3333333333333333	0.3333333333333333	0.5	hɝɡɑdə	hɜɡhɑdə	0.3333333333333333	0.42857142857142855
Hœnir	heɪnɪɹ	heɪnɪɹ	həʊniə	hnɚ	compound	[]	0.0	0.6666666666666666	1.3333333333333333	hɛnɪɹ	høniə	0.4	0.8
I'Anson	aɪænsən	iənsʌn	aɪansən	izænsən	compound	ian|son	0.6666666666666666	0.14285714285714285	0.2857142857142857	aɪzənsən	aɪənsən	0.25	0.14285714285714285
I'd've	aɪdəv	aɪdvi	aɪdəv	aɪɪdɪv	compound	id|ve	0.4	0.0	0.3333333333333333	aɪdɪv	aɪdiv	0.2	0.2
I'dn't've	aɪdəntəv	aɪdntvi	aɪdəntəv	aɪdnɪtɪv	compound	id|nt|ve	0.42857142857142855	0.0	0.375	ɪdəntəv	aɪdɛntɪv	0.14285714285714285	0.25
Inagua	ɪnɑɡwə	ɪnɑɡwə	ɪnaɡjuə	ɪnæɡə	compound	in|agua	0.0	0.42857142857142855	0.4	ɪnəɡwə	ɪnæɡwə	0.16666666666666666	0.16666666666666666
Inchbonnie	ɪntʃbɒni	ɪntʃbɒni	ɪntʃbɒni	ɪntʃbɑni	compound	inch|bonnie	0.0	0.0	0.125	ɪnt͡ʃbʌni	ɪntʃbɒni	0.2222222222222222	0.0
Innisfail	ɪnɪsfeɪl	ɪnɪsfeɪl	ɪnnɪsfeɪl	ɪnɪsfeɪl	compound	innis|fail	0.0	0.1111111111111111	0.0	ɪnɪsfeɪl	ɪnɪsfeɪl	0.0	0.0
Iocastean	aɪoʊkæstiːən	aɪəʊkɑstən	aɪəkastiən	iəʊkəstən	compound	io|caste|an	0.2	0.2	0.4444444444444444	aɪəkæstiən	aɪəʊkɑstiən	0.1	0.09090909090909091
Ismene	ɪzmiːni	ɪzmin	ɪsmin	ɪzəmən	compound	is|mene	0.2	0.4	0.5	ɪsmin	ɪzmin	0.4	0.2
Ithacan	ɪθəkən	ɪθəkən	ɪθakən	ɪθəkən	compound	ithaca|n	0.0	0.16666666666666666	0.0	ɪθəkən	ɪθəkən	0.0	0.0
Iuliyanov	juːliɑːnɒv	aɪjulijɑnəʊv	ɪjʊlɪjənɒv	julɪjənəv	compound	i|uli|yano|v	0.4166666666666667	0.5	0.4444444444444444	julɪjɑnɔf	aɪulɪjənɒv	0.4444444444444444	0.5
Ivybridge	aɪvibɹɪdʒ	aɪvibɹɪdʒ	ɪvɪbɹɪdʒ	ɪvɪbɹɪdʒ	compound	ivy|bridge	0.0	0.25	0.25	aɪvibɹɪd͡ʒ	aɪvɪbɹɪdʒ	0.1	0.1111111111111111
JPEG'd	dʒeɪpɛɡd	dʒeɪpɛgd	dʒeɪpɛɡd	dʒpɛɡɪd	compound	jpeg|d	0.125	0.0	0.42857142857142855	dʒeɪpɛgd	dʒɛpɪɡd	0.125	0.42857142857142855
Jaiswal	dʒɑːjəsəvɑːl	dʒaɪswɑl	dʒeɪswəl	dʒeɪswəl	compound	jai|swa|l	0.625	0.75	0.75	d͡ʒaɪswəl	dʒeɪzwəl	0.7777777777777778	0.75
Janeite	dʒeɪnaɪt	dʒeɪnaɪt	dʒaneɪt	dʒeɪnit	compound	jane|ite	0.0	0.42857142857142855	0.2857142857142857	d͡ʒeɪnaɪt	dʒæneɪt	0.1111111111111111	0.42857142857142855
Janjina	jɑːnjɪnə	dʒændʒɪnə	dʒandʒɪnə	dʒændʒinə	compound	jan|jina	0.5555555555555556	0.5555555555555556	0.6666666666666666	d͡ʒænd͡ʒɪnə	dʒændʒinə	0.6363636363636364	0.6666666666666666
Japanophile	dʒəpænəʊfaɪl	dʒəpænɑphaɪl	dʒapənɒfaɪl	dʒæpənəfɪl	compound	japan|op|hile	0.25	0.36363636363636365	0.4	dʒəpænəfaɪl	dʒæpənɒfaɪl	0.09090909090909091	0.36363636363636365
Japanophilia	dʒəpanəʊfɪlɪə	dʒəpænəʊfɪliə	dʒapənəfɪliə	dʒæpənəfɪliə	compound	japan|o|philia	0.15384615384615385	0.3333333333333333	0.3333333333333333	d͡ʒəpənəʊfɪliə	dʒæpənəfɪliə	0.21428571428571427	0.3333333333333333
Japhug	dʒɑːpuːk	dʒæphʌɡ	dʒafʌɡ	jæfəɡ	compound	jap|hug	0.5714285714285714	0.6666666666666666	1.2	d͡ʒæfʌɡ	dʒæfʌɡ	0.7142857142857143	0.6666666666666666
Japland	dʒæplænd	dʒæplænd	dʒaplənd	dʒæplənd	compound	jap|land	0.0	0.25	0.125	d͡ʒæplænd	dʒæplənd	0.1111111111111111	0.125
Japonia	dʒæpəʊniə	dʒæpəʊniə	dʒapəʊniə	jɑpəʊniə	compound	jap|oni|a	0.0	0.1111111111111111	0.375	d͡ʒəpəniə	dʒæpəʊniə	0.3333333333333333	0.0
Javanka	dʒəvɑːŋkə	dʒəvɑnkɑ	dʒɑvaŋkə	jɑvæŋkə	compound	javan|ka	0.25	0.25	0.5714285714285714	dʒəvɑŋkə	dʒəvæŋkə	0.0	0.125
Jaysus	dʒeɪzəs	dʒeɪzʌs	dʒeɪsəs	dʒeɪsəs	compound	jays|us	0.14285714285714285	0.14285714285714285	0.14285714285714285	dʒeɪsəs	dʒeɪsəs	0.14285714285714285	0.14285714285714285
Jaén	hɑeɪn	hɑeɪn	dʒaeɪn	dʒɑn	compound	[]	0.0	0.5	1.0	dʒəneɪn	dʒeɪn	0.5714285714285714	0.4
Jeacock	dʒeɪkɒk	dʒiəkɒk	dʒikɒk	dʒikɑk	compound	je|a|cock	0.2857142857142857	0.3333333333333333	0.5	d͡ʒikɒk	dʒikɒk	0.42857142857142855	0.3333333333333333
Jedburgh	dʒɛdbəɹə	dʒɛdbɜɡ	dʒɛdbɜɡ	dʒɛdbɚɡ	compound	jed|burgh	0.42857142857142855	0.42857142857142855	0.42857142857142855	dʒɛdbɜɹɡ	dʒɛdbɜɡ	0.25	0.42857142857142855
Jedek	dʒədɛk	dʒɛdɛk	dʒɛdɛk	dʒɛdɪk	compound	jed|ek	0.16666666666666666	0.16666666666666666	0.3333333333333333	d͡ʒɛdɛk	dʒɛdɛk	0.2857142857142857	0.16666666666666666
Jenglish	dʒɪŋɡlɪʃ	dʒɪŋɡlɪʃ	dʒɪŋɡlɪʃ	dʒɛŋɡlɪʃ	compound	j|english	0.0	0.0	0.125	d͡ʒeɪɪŋɡlɪʃ	dʒɛŋɡlɪʃ	0.2727272727272727	0.125
Jesuism	dʒɛzuɪzəm	dʒeɪzuɪzəm	dʒɛsjuɪzəm	dʒɛswɪzəm	compound	jesu|ism	0.2	0.2	0.2222222222222222	d͡ʒɛzuɪzəm	dʒɛsuɪzəm	0.1	0.1111111111111111
Jesusian	dʒiːzuːziən	dʒizəsiən	dʒɛsuziən	dʒɛsuʃən	compound	jesus|ian	0.2222222222222222	0.2222222222222222	0.5	d͡ʒɛzjusiən	dʒɪzjuʒən	0.36363636363636365	0.4444444444444444
Jian'an	dʒiænɑn	dʒiənən	dʒaɪənən	dʒiɑnzən	compound	jian|an	0.2857142857142857	0.5	0.375	dʒiənæn	dʒaɪənən	0.2857142857142857	0.5
Jiang'an	dʒɑŋɑn	dʒɑŋən	dʒjaŋən	dʒiɑŋzən	compound	jiang|an	0.16666666666666666	0.42857142857142855	0.375	d͡ʒiɑŋɡən	dʒaɪəŋən	0.4444444444444444	0.5
Jiangbei	dʒɑŋbeɪ	dʒɑŋbiaɪ	dʒjaŋbeɪ	dʒiæŋbi	compound	jiang|be|i	0.25	0.25	0.5714285714285714	d͡ʒiɑŋbeɪ	dʒaɪəŋbeɪ	0.2222222222222222	0.3333333333333333
Jiangdong	dʒɑŋdɒŋ	dʒɑŋdɒŋ	dʒjaŋdɒŋ	dʒiæŋdɔŋ	compound	jiang|dong	0.0	0.25	0.375	d͡ʒiɑŋdɔŋ	dʒaɪəŋdɒŋ	0.3333333333333333	0.3333333333333333
Jiangling	dʒɑŋlɪŋ	dʒɑŋlɪŋ	dʒjaŋɡəlɪŋ	dʒiæŋɡlɪŋ	compound	jiang|ling	0.0	0.4	0.3333333333333333	d͡ʒɑŋlɪŋ	dʒaɪæŋɡəlɪŋ	0.125	0.45454545454545453
Jiangmen	dʒɑŋmɛn	dʒɑŋmɛn	dʒjaŋmɛn	dʒiæŋmən	compound	jiang|men	0.0	0.25	0.375	d͡ʒiɑŋmɛn	dʒaɪæŋmɛn	0.2222222222222222	0.3333333333333333
Jiangnan	dʒɑŋnɑn	dʒɑŋnæn	dʒjaŋnən	dʒiæŋnən	compound	jiang|nan	0.14285714285714285	0.375	0.375	d͡ʒiændnæn	dʒaɪəŋnən	0.6	0.4444444444444444
Jiangwan	dʒɑŋwɑn	dʒɑŋwæn	dʒjaŋwən	dʒiæŋwən	compound	jiang|wan	0.14285714285714285	0.375	0.375	d͡ʒɑŋwɑn	dʒaɪəŋwən	0.125	0.4444444444444444
Jiangyin	dʒɑŋjɪn	dʒɑŋjɪn	dʒjaŋiɪn	dʒiɑndʒiɪn	compound	jiang|yin	0.0	0.375	0.5	dʒiɑŋdʒɪn	dʒaɪəndʒɪn	0.3333333333333333	0.6
Jinfeng	dʒɪnfɛŋ	dʒɪnfɛŋ	dʒɪnfɛŋ	dʒɪnfɪŋ	compound	jin|feng	0.0	0.0	0.14285714285714285	dʒɪnfɛŋ	dʒɪnfɛŋ	0.0	0.0
Jing'an	dʒɪŋæn	dʒɪŋən	dʒɪŋən	dʒɪŋzən	compound	jing|an	0.16666666666666666	0.16666666666666666	0.2857142857142857	d͡ʒɪŋən	dʒɪŋən	0.2857142857142857	0.16666666666666666
Jingchuan	dʒɪŋtʃwɑn	dʒɪŋtʃuɑn	dʒɪŋtʃjuən	dʒɪŋtʃuən	compound	jing|chuan	0.1111111111111111	0.3	0.2222222222222222	d͡ʒɪŋt͡ʃuən	dʒɪŋtʃuən	0.36363636363636365	0.2222222222222222
Jinghong	dʒɪŋhɔŋ	dʒɪŋhɒŋ	dʒɪŋhɒŋ	dʒɪŋɑŋ	compound	jing|hong	0.14285714285714285	0.14285714285714285	0.3333333333333333	d͡ʒɪŋhɔŋ	dʒɪŋhɒŋ	0.125	0.14285714285714285
Jinghu	dʒɪŋhu	dʒɪŋhu	dʒɪŋhu	dʒɪŋhu	compound	jing|hu	0.0	0.0	0.0	d͡ʒɪŋhju	dʒɪŋhu	0.25	0.0
Jingmen	dʒɪŋmɛn	dʒɪŋmɛn	dʒɪŋmɛn	dʒɪŋmən	compound	jing|men	0.0	0.0	0.14285714285714285	d͡ʒɪŋmɛn	dʒɪŋmɛn	0.125	0.0
Jingyang	dʒɪŋjæŋ	dʒɪŋjæŋ	dʒɪŋjaŋ	dʒɪŋiæŋ	compound	jing|yang	0.0	0.14285714285714285	0.14285714285714285	d͡ʒɪŋd͡ʒjæŋ	dʒɪŋɡjæŋ	0.36363636363636365	0.125
Jingyuan	dʒɪŋwɑn	dʒɪŋjuən	dʒɪŋjuən	dʒɪŋjuən	compound	jing|yuan	0.375	0.375	0.375	d͡ʒɪŋd͡ʒuɑn	dʒɪŋɡjuən	0.45454545454545453	0.4444444444444444
Jinhu	dʒɪnhuː	dʒɪnhu	dʒɪnhu	dʒɪnhu	compound	jin|hu	0.0	0.0	0.0	d͡ʒɪnhu	dʒɪnhu	0.14285714285714285	0.0
Jinhua	dʒɪnhwɑː	dʒɪnhuə	dʒɪnhjuə	dʒɪnhjuə	compound	jin|hua	0.2857142857142857	0.375	0.375	dʒɪnhjuə	dʒɪnhjuə	0.375	0.375
Jining	dʒinɪŋ	dʒɪnɪŋ	dʒaɪnɪŋ	dʒɪnɪŋ	compound	jin|ing	0.16666666666666666	0.2857142857142857	0.16666666666666666	dʒaɪnɪŋ	dʒaɪnɪŋ	0.2857142857142857	0.2857142857142857
Jinmen	dʒɪnmɛn	dʒɪnmɛn	dʒɪnmɛn	dʒɪnmən	compound	jin|men	0.0	0.0	0.14285714285714285	d͡ʒɪnmɛn	dʒɪnmɛn	0.125	0.0
Jinshan	dʒɪnʃɑn	dʒinʃɑn	dʒɪnʃən	dʒɪnʃən	compound	jinsha|n	0.14285714285714285	0.14285714285714285	0.14285714285714285	d͡ʒɪnʃən	dʒɪnʃən	0.25	0.14285714285714285
Jinshui	dʒɪnʃweɪ	dʒɪnzhuɪ	dʒɪnʃjui	dʒɪnʃu	compound	jins|hui	0.375	0.375	0.5	dʒɪnʃu	dʒɪnʃui	0.5	0.42857142857142855
Jintai	dʒɪntaɪ	dʒɪntaɪ	dʒɪntaɪ	dʒɪnteɪ	compound	jin|tai	0.0	0.0	0.14285714285714285	d͡ʒɪntaɪ	dʒɪntaɪ	0.125	0.0
Jinyuan	dʒɪnwɑn	dʒɪnjuən	dʒɪnjuən	dʒɪnjuən	compound	jin|yuan	0.375	0.375	0.375	d͡ʒɪnjʊən	dʒɪnjuən	0.4444444444444444	0.375
Jinzhong	dʒɪndʒɔŋ	dʒɪnʒɒŋ	dʒɪnʒɒŋ	dʒɪnzhɑŋ	compound	jin|zhong	0.2857142857142857	0.2857142857142857	0.375	d͡ʒɪnd͡ʒəʊŋ	dʒɪnzhɒŋ	0.36363636363636365	0.375
Jinzhu	dʒɪndʒu	dʒɪnʒu	dʒɪnʒu	dʒɪnzhu	compound	jin|zhu	0.16666666666666666	0.16666666666666666	0.2857142857142857	d͡ʒɪnd͡ʒu	dʒɪnzu	0.2222222222222222	0.3333333333333333
Jishan	dʒiʃɑn	dʒiʃæn	dʒɪʃən	dʒɪʃən	compound	ji|shan	0.16666666666666666	0.3333333333333333	0.3333333333333333	dʒiʃən	dʒɪʃən	0.16666666666666666	0.3333333333333333
Joab	dʒəʊæb	dʒəʊæb	dʒəʊab	dʒəʊb	compound	jo|ab	0.0	0.16666666666666666	0.2	d͡ʒəʊb	dʒəʊb	0.3333333333333333	0.2
Jochebed	jɒkɪbɛd	dʒɒkɛbɛd	dʒɒtʃɛbd	dʒɑkəbd	compound	joch|eb|ed	0.375	0.75	0.7142857142857143	d͡ʒɒkɪbɛd	dʒɒtʃbɛd	0.3333333333333333	0.5
Judaica	dʒudeɪɪkə	dʒudeɪɪkə	dʒudeɪkə	dʒudeɪkə	compound	judaic|a	0.0	0.125	0.125	dʒudeɪɪkə	dʒudeɪɪkə	0.0	0.0
Judean	dʒudiːən	dʒudiən	dʒudiən	dʒudən	compound	judea|n	0.0	0.0	0.16666666666666666	dʒudiən	dʒudiən	0.0	0.0
Judeophilia	dʒuːdiːəʊfɪlɪə	dʒudeɪəʊfɪliə	dʒudeɪəʊfɪliə	dʒudəʊfɪliə	compound	judeo|philia	0.23076923076923078	0.23076923076923078	0.18181818181818182	dʒudiɒfɪliə	dʒudɪəfɪliə	0.2727272727272727	0.2727272727272727
Julietian	dʒuːliɛtiən	dʒuliɛtiən	dʒulaɪəʃən	dʒulieɪʃən	compound	juliet|ian	0.0	0.4	0.3	d͡ʒuliʃən	dʒuliiʃən	0.4444444444444444	0.3333333333333333
Jungdahl	jʊŋdɑːl	jʊŋdɑl	jʊŋdɑl	dʒʌŋdɑl	compound	jung|dahl	0.0	0.0	0.42857142857142855	dʒʌŋdɑl	dʒʌŋdɑl	0.42857142857142855	0.42857142857142855
Junonian	dʒuːnoʊniən	dʒunəʊniən	dʒunəʊniən	dʒunəʊniən	compound	juno|ni|an	0.0	0.0	0.0	d͡ʒunənɪən	dʒunəʊniən	0.3	0.0
Jurong	dʒuːɹɒŋ	dʒɜɹɔŋ	dʒjʊəɹɒŋ	dʒɚɑŋ	compound	jur|ong	0.3333333333333333	0.375	0.6	dʒʊɹɔŋ	dʒjʊɹɒŋ	0.3333333333333333	0.2857142857142857
Jyothis	dʒoʊtɪs	dʒaɪəʊtihɪz	dʒaɪɒθɪz	dʒiɑθɪz	compound	jy|ot|his	0.45454545454545453	0.625	0.5714285714285714	d͡ʒaɪəθɪs	dʒaɪəʊθɪs	0.5555555555555556	0.3333333333333333
Jèrriais	ʒɛɹieɪ	ʒɛɹieɪ	dʒɛɹɪaɪz	dʒɪɹiz	compound	[]	0.0	0.5	0.6666666666666666	dʒɛɹiə	dʒɛɹɪeɪz	0.5	0.375
Jõgeva	jəʊɡɪvə	jəʊɡɪvə	dʒəʊdʒvə	dʒɡɪvə	compound	[]	0.0	0.5	0.5	jɒɡəvə	jɵɡɛvə	0.5	0.5
Kabukicho	kəbuːkiːtʃoʊ	kæbukitʃəʊ	kabjukɪtʃəʊ	kæbjukɪkəʊ	compound	kabuki|cho	0.1	0.2727272727272727	0.5	kəbukɪt͡ʃəʊ	kæbukɪtʃəʊ	0.18181818181818182	0.2
Kadiivka	kədiːjɪvkə	kædiɪvkɑ	keɪdɪɪvkə	kædʒɪvkə	compound	kadi|iv|ka	0.375	0.4444444444444444	0.375	kədɪəvkə	kədiɪvkə	0.375	0.125
Kajkavian	kaɪkɑːviən	kɑdʒkɑviən	kadʒkeɪviən	kædʒkɑviən	compound	ka|j|ka|vian	0.3	0.36363636363636365	0.3	kɑkəviən	kaɪkeɪviən	0.375	0.2
Kangding	kɒŋdɪŋ	kæŋdɪŋ	kaŋdɪŋ	kæŋdɪŋ	compound	kang|ding	0.16666666666666666	0.16666666666666666	0.16666666666666666	kæŋdɪŋ	kæŋdɪŋ	0.16666666666666666	0.16666666666666666
Kangean	kaŋean	kæŋiən	kandʒiən	kændʒən	compound	kang|ean	0.5	0.625	0.7142857142857143	keɪnd͡ʒiən	kændʒən	0.8	0.7142857142857143
Kangleipak	kæŋɡleɪpæk	kæŋleɪpæk	kaŋɡleɪpak	kæŋɡəlipək	compound	kang|lei|pak	0.1111111111111111	0.2	0.4	kæŋɡleɪpæk	kæŋɡəleɪpæk	0.0	0.09090909090909091
Karaism	kæɹəɪzəm	kɛɹəɪzəm	kaɹeɪɪzəm	kɑɹeɪzm	compound	kara|ism	0.125	0.3333333333333333	0.42857142857142855	kəɹeɪɪzəm	kæɹeɪɪzəm	0.3333333333333333	0.2222222222222222
Karakalpakstan	kɛəɹəkælpækstæn	kaɹəkalpakstæn	kaɹəkalpəkstɑn	kɑɹəkəlpəkstən	compound	karakalpak|stan	0.2857142857142857	0.35714285714285715	0.35714285714285715	kəɹəkælpəkstæn	kæɹəkælpækstən	0.14285714285714285	0.21428571428571427
Kare	kɑːɹeɪ	kɑɹeɪ	keə	kɑɹ	compound	ka|re	0.0	1.0	0.6666666666666666	kɑɹeɪ	keə	0.0	1.0
Katriese	kətɹis	kætɹiz	katɹɪs	kætɹiz	compound	kat|riese	0.3333333333333333	0.3333333333333333	0.3333333333333333	kətɹiz	kætɹis	0.16666666666666666	0.16666666666666666
Kaylee	keɪli	keɪli	keɪli	keɪli	compound	kay|lee	0.0	0.0	0.0	keɪli	keɪli	0.0	0.0
Kayleigh	keɪli	keɪli	keɪli	keɪlaɪ	compound	kay|leigh	0.0	0.0	0.3333333333333333	keɪleɪ	keɪleɪ	0.3333333333333333	0.3333333333333333
Kazi	kɑːzi	kɑzi	kazi	kɑzi	compound	ka|zi	0.0	0.25	0.0	kɑzi	kɑzi	0.0	0.0
Keays	kiːz	kiz	kiiz	kiaɪz	compound	keay|s	0.0	0.25	0.4	kiz	kiz	0.0	0.0
Kels	kɛls	kɛlz	kɛlz	kɛlz	compound	k|els	0.25	0.25	0.25	kɛlz	kɛlz	0.25	0.25
KenKen	kɛnkɛn	kɛnkɛn	kɛnkɛn	kɛŋkən	compound	ken|ken	0.0	0.0	0.3333333333333333	kɛŋkɛn	kɛŋkən	0.16666666666666666	0.3333333333333333
Kennebunk	kɛnibʌŋk	kɛnibʌŋk	kɛnɪbʌŋk	kɛnəbʌŋk	compound	kenn|e|bunk	0.0	0.125	0.125	kɛnɪbʌŋk	kɛnɪbʌŋk	0.125	0.125
Kenpeitai	kɛnpeɪtaɪ	kɛnpeɪtaɪ	kɛnpeɪtaɪ	kɛnpiteɪ	compound	ken|pei|tai	0.0	0.0	0.375	kɛnpeɪtaɪ	kɛnpeɪtaɪ	0.0	0.0
Kentville	kɛntvɪl	kɛntvɪl	kɛntvɪl	kɛntvɪl	compound	kent|ville	0.0	0.0	0.0	kɛntvɪl	kɛntvɪl	0.0	0.0
Keramik	kɪɹamɪk	kɛɹəmɪk	kɛɹəmɪk	kɚɑmɪk	compound	kera|mi|k	0.2857142857142857	0.2857142857142857	0.5	kəɹæmɪk	kɛɹəmɪk	0.2857142857142857	0.2857142857142857
Kerouacian	kɛɹʊækiən	kɛɹuækiən	kɛrwɑʃiən	kɚəeɪʃən	compound	kerouac|ian	0.1111111111111111	0.4444444444444444	0.75	kəɹueɪʃən	kɛɹueɪʃən	0.5555555555555556	0.4444444444444444
Kerouackian	kɛɹʊækiən	kɛɹuækkiən	kərwɑkiən	kɚəɑkiən	compound	kerouac|kian	0.2	0.4444444444444444	0.5	kəɹəkiən	kɛɹuækiən	0.375	0.1111111111111111
Kesteven	kɛstəvən	kɛstivən	kɛstivən	kɛstɪvən	compound	ke|steven	0.125	0.125	0.125	kɛstɪvən	kɛstɪvən	0.125	0.125
Kev	kɛv	kɛv	kɛv	kɪv	compound	ke|v	0.0	0.0	0.3333333333333333	kɛv	kɛv	0.0	0.0
Kevaughn	kəvɔːn	kɛvɔn	kɛvɔn	kɛvɔn	compound	ke|vaughn	0.2	0.2	0.2	kɛvɔn	kɛvɔn	0.2	0.2
Keynesianist	keɪnziənɪst	keɪnziənɪst	kiniziənɪst	kaɪnsiənɪst	compound	keynesian|ist	0.0	0.2727272727272727	0.18181818181818182	keɪnziənɪst	kinɪzaɪənɪst	0.0	0.4166666666666667
Kez	kɛz	kɛz	kɛz	kɛz	compound	ke|z	0.0	0.0	0.0	kɛz	kɛz	0.0	0.0
Khayyamian	kaɪjæmiən	kheɪjæmiən	kɑjjeɪmiən	keɪjəmiən	compound	k|hay|yam|ian	0.2	0.4	0.2222222222222222	kaɪjæmiən	keɪjeɪmiən	0.0	0.3
Khnum	kənuːm	khnʌm	keɪeɪtʃnʌm	knəm	compound	k|h|num	0.4	0.7	0.5	kʌnəm	knʌm	0.4	0.5
Kidbrooke	kɪdbɹʊk	kɪdbɹʊk	kɪdbɹʊk	kɪdbɹʊk	compound	kid|brooke	0.0	0.0	0.0	kɪdbɹʊk	kɪdbɹʊk	0.0	0.0
Killadelphia	kɪlədɛlfiə	kɪlədɛlfiə	kɪleɪdlfiə	kɪlədɪlfiə	compound	kill|adelphia	0.0	0.3	0.1	kɪlədɛlfiə	kɪlədɛlfiə	0.0	0.0
Killybegs	kɪlibɛɡz	kɪlibɛɡz	kɪlibɛɡz	kɪljbəɡz	compound	killy|begs	0.0	0.0	0.25	kɪlɪbɛɡz	kɪlɪbɛɡz	0.125	0.125
Kilncadzow	kɪlkeɪɡi	kɪlnkædzəʊ	kɪlŋkadzəʊ	kɪlŋkædʒəʊ	compound	kiln|cad|z|ow	0.6	0.6	0.6	kɪlnkædzə	kɪlnkædzəʊ	0.5555555555555556	0.6
Kinleith	kɪnliːθ	kɪnliθ	kɪnliθ	kɪnliθ	compound	kin|leith	0.0	0.0	0.0	kɪnliθ	kɪnlɪθ	0.0	0.16666666666666666
Kirkheaton	kəɹkhiːtən	kɝkhitən	kɜkhitən	kɚkhitən	compound	kirk|heaton	0.25	0.25	0.25	kɜɹkitən	kɜkhitən	0.25	0.25
Kitinen	kɪtɪnɛn	kɪtɪnɛn	kɪtaɪnən	kɪtɪnən	compound	kit|in|en	0.0	0.25	0.14285714285714285	kɪtɪnən	kɪtɪnən	0.14285714285714285	0.14285714285714285
Kizh	kɪtʃ	kaɪzh	kɪʒ	ki	compound	ki|z|h	0.6	0.6666666666666666	1.5	kɪʒ	kɪʒ	0.6666666666666666	0.6666666666666666
Klobuchar	kloʊbətʃɑːɹ	klɒbətʃɑ	klɒbətʃɑ	klɑbəkɚ	compound	k|lob|u|char	0.375	0.375	0.8571428571428571	kləʊbʊt͡ʃɚ	klɒbʌtʃə	0.4	0.625
Klytia	klɪtiə	klɪtiə	klaɪʃə	klɪʃə	compound	k|ly|tia	0.0	0.5	0.4	klɪtiə	klɪʃə	0.0	0.4
Knollys	noʊlz	nəʊliz	nəʊlɪz	nɑliz	compound	knolly|s	0.16666666666666666	0.16666666666666666	0.6	nəʊliz	nɒlɪz	0.16666666666666666	0.6
Koreanic	kəɹiːænɪk	kɹiənɪk	kɔɹinɪk	kɔɹənɪk	compound	korean|ic	0.2857142857142857	0.2857142857142857	0.42857142857142855	kɹiənɪk	kɔɹɪænɪk	0.2857142857142857	0.25
Kosraean	koʊʃaɪən	kɒsɹeɪən	kəsɹiən	kɔsɹeɪən	compound	kos|rae|an	0.5	0.5714285714285714	0.5	kɒsɹiən	kəzɹiən	0.7142857142857143	0.5714285714285714
Kpelle	kəpɛlə	kpɛl	keɪpɛl	kpɛl	compound	k|pelle	0.5	0.5	0.5	kəpɛl	kpɛl	0.2	0.5
Kulturträger	kʊltuːɹtɹɛːɡɚ	kʊltuətʁɛɡə	kʌltətɹɛɡə	kʌltʃɚtɚɡɚ	compound	[]	0.2727272727272727	0.4	0.5	kʊltʊɹtɹɛɡɚ	kʌltətɹɛgə	0.09090909090909091	0.5
Kurow	kuːɹaʊ	kuɹəʊ	kjʊəɹəʊ	kʊɹəʊ	compound	ku|row	0.2	0.5714285714285714	0.4	kʊɹəʊ	kjʊɹəʊ	0.4	0.5
Kurrupuwu	ɡuɹubuwu	kuɹɹupuwu	kʌɹupuwu	kjɚəpuu	compound	ku|r|ru|pu|wu	0.3333333333333333	0.375	0.8571428571428571	kəɹupəwʊ	kʌɹʌpjuu	0.625	0.75
Kurukh	kʊɹʊk	kuɹuk	kjʊəɹʌk	kɚʌk	compound	ku|rukh	0.4	0.42857142857142855	0.75	kʊɹuk	kjʊɹʌk	0.2	0.3333333333333333
Kwietniewo	kfjɛtnjɛvɔː	kwɪɛtnaɪwəʊ	kwaɪətnjuəʊ	kwɪtnjuəʊ	compound	k|wi|et|nie|wo	0.6363636363636364	0.6363636363636364	0.6666666666666666	kwitnwəʊ	kwitnɪwəʊ	0.875	0.7777777777777778
Kyla	kaɪlə	kaɪlə	kaɪlə	kilə	compound	kyl|a	0.0	0.0	0.5	kɪlə	kaɪlə	0.25	0.0
Kırklareli	kɝkləɹɛli	kɯɾklɑɾeli	kɜkleəli	kɚklɚili	compound	[]	0.5	0.5	0.5	kɪɹkləɹli	kɜkləɹili	0.3333333333333333	0.2222222222222222
Lacedaemon	læsədiːmən	leɪsdimən	leɪsdimən	leɪsdeɪmən	compound	lace|daemon	0.3333333333333333	0.3333333333333333	0.5	læsɪdimən	leɪsdimən	0.1111111111111111	0.3333333333333333
Lamarck	ləmɑːɹk	ləmɑɹk	lamɑk	læmɑɹk	compound	lamar|ck	0.0	0.4	0.16666666666666666	ləmɑɹk	læmɑk	0.0	0.4
Landammann	lændəmæn	lændæmən	landamən	lændæmən	compound	land|ammann	0.25	0.375	0.25	lændəmən	lændæmən	0.125	0.25
Laniakea	lɑːniəkeɪə	lɑnieɪkə	lanɪeɪkiə	lænieɪkə	compound	lani|ake|a	0.375	0.6666666666666666	0.5	lɒnjækɪə	lænɪeɪkiə	0.5	0.6666666666666666
Laocoön	leɪɒkoʊɒn	leɪɒkɵɒn	leɪəkɒɜn	lækəʊn	compound	[]	0.25	0.5	0.6666666666666666	ləkəʊən	læəʊkəʊn	0.5714285714285714	0.5
Laputan	ləpjuːtən	ləpjutən	lapətan	læpətən	compound	laputa|n	0.0	0.5714285714285714	0.42857142857142855	lɒpʊtɒn	læpjutən	0.5714285714285714	0.125
Latinxs	lætiːnɛksɪz	latinɛksz	latɪŋksz	lætɪŋks	compound	latinx|s	0.2222222222222222	0.625	0.7142857142857143	leɪtɪŋksɪz	lætɪŋkss	0.5	0.625
Laugharne	lɑːɹn	lɑfɑɹn	lafɑn	lɔhɑɹn	compound	laugh|arne	0.3333333333333333	0.6	0.3333333333333333	lɔfɑɹn	lɑfən	0.3333333333333333	0.4
Laurasiatheria	lɔːɹeɪʃiəθɪəɹiə	lɔɹeɪʒəθɪəɹɪə	lɔɹeɪsaɪəθɜɹiə	lɔɹeɪʃəθɛɹiə	compound	laurasia|theria	0.23076923076923078	0.35714285714285715	0.25	lɔɹəsaɪəθəɹiə	lɔɹeɪsaɪəθiəɹiə	0.38461538461538464	0.26666666666666666
Leaderfoot	lɛdəɹfʊt	lidəfʊt	lidəfʊt	lidɚfut	compound	leader|foot	0.2857142857142857	0.2857142857142857	0.5714285714285714	lɪdəɹfʊt	lidəfʊt	0.125	0.2857142857142857
Leadon	lɛdən	lɛdɒn	lidɒn	lidən	compound	lead|on	0.2	0.4	0.2	lɛdɒn	lidən	0.2	0.2
LegCo	lɛdʒkəʊ	lɛɡkəʊ	lɛɡkəʊ	lɛɡkəʊ	compound	leg|co	0.3333333333333333	0.3333333333333333	0.3333333333333333	lɛɡkəʊ	lɛɡkəʊ	0.3333333333333333	0.3333333333333333
Leintwardine	lɛntwəɹdaɪn	lintwɑɹdaɪn	leɪntwədin	laɪntwɚdɪn	compound	lein|twa|r|dine	0.18181818181818182	0.5	0.5	leɪntwɔɹdaɪn	laɪntwɔdin	0.25	0.6
Lemuel	lɛmjəwəl	lɛməɛl	lɛmjul	lɛmul	compound	lem|u|el	0.5	0.5	0.8	lɛmjuəl	lɛmjuəl	0.2857142857142857	0.2857142857142857
Letterkenny	lɛtɚkɛni	lɛtəkɛni	lɛtəkɛni	lɛtɚkəni	compound	letter|kenny	0.125	0.125	0.125	lɛtəɹkɛni	lɛtəkɛni	0.2222222222222222	0.125
Leuchars	luːkəɹz	lutʃɑz	lutʃɑz	lutʃɚz	compound	leu|chars	0.5	0.5	0.5	lukəɹz	lutʃəz	0.0	0.5
Levenmouth	lɛvənməθ	livənməθ	lɛvɛnməθ	lɛvənməθ	compound	leven|mouth	0.125	0.125	0.0	lɛvənməθ	lɛvənməθ	0.0	0.0
Leyburn	leɪbɜːɹn	leɪbɜn	leɪbɜn	libɚn	compound	ley|burn	0.16666666666666666	0.16666666666666666	0.8	leɪbɜn	leɪbɜn	0.16666666666666666	0.16666666666666666
Lhotse	loʊtseɪ	lhɒtsi	lɒtsi	lhɑts	compound	l|hots|e	0.6666666666666666	0.8	0.8	lɒtsi	lɒts	0.8	1.0
Liberland	liːbəɹlænd	laɪbəlænd	lɪbələnd	laɪbɚlənd	compound	liber|land	0.3333333333333333	0.375	0.5555555555555556	lɪbəɹlənd	laɪbələnd	0.2222222222222222	0.4444444444444444
Liberlander	liːbəɹlændɚ	laɪbəlændə	lɪbələndə	laɪbɚləndɚ	compound	liber|lander	0.4	0.4444444444444444	0.5	lɪbəɹlændəɹ	laɪbəlændə	0.2727272727272727	0.4
Lin'an	lɪnɑn	linən	lɪnən	lɪnzən	compound	lina|n	0.4	0.2	0.3333333333333333	lɪnɑn	lɪnən	0.0	0.2
Lindal	lɪndəl	lɪndəl	lɪndəl	lɪndəl	compound	linda|l	0.0	0.0	0.0	lɪndəl	lɪndəl	0.0	0.0
Lippershey	lɪpəɹsheɪ	lɪpɝzheɪ	lɪpəʃi	lɪpɚʃi	compound	lippers|hey	0.375	0.8333333333333334	1.0	lɪpəɹʃeɪ	lɪpəʃeɪ	0.25	0.42857142857142855
Liskeard	lɪskɑːɹd	lɪskɑɹd	lɪskiəd	lɪskɛɹd	compound	liske|ard	0.0	0.2857142857142857	0.14285714285714285	lɪskɑɹd	lɪskəd	0.0	0.3333333333333333
Litong	litɔŋ	lɪtɔŋ	lɪtɒŋ	laɪtɔŋ	compound	lit|ong	0.2	0.4	0.3333333333333333	litəŋ	lɪtɒŋ	0.2	0.4
Littleborough	lɪtəlbəɹɹə	lɪtəlbʌɹə	lɪtəlbʌɹə	lɪtləbɚəʊ	compound	little|borough	0.2222222222222222	0.2222222222222222	0.5555555555555556	lɪtəlbəɹə	lɪtəlbɔɹə	0.1111111111111111	0.2222222222222222
Liu'an	liuɑn	ljuən	lɪʌən	ljuən	compound	liu|an	0.4	0.6	0.4	liwɑn	liuən	0.2	0.2
Lixin	liʃɪn	laɪʃɪn	lɪksɪn	lɪksɪn	compound	li|xin	0.3333333333333333	0.5	0.5	lɪksɪn	lɪksɪn	0.5	0.5
Llandeilo	hlændaɪləʊ	llændaɪləʊ	ɬandeɪləʊ	lændiləʊ	compound	l|lande|ilo	0.1	0.4444444444444444	0.375	lændaɪləʊ	lændeɪləʊ	0.1111111111111111	0.2222222222222222
Llanrumney	hlænɹʌmni	llænɹəmni	ɬanɹʌmni	lənɹʌmni	compound	l|lan|rumney	0.2222222222222222	0.375	0.25	lænɹəmzi	lænɹəmni	0.375	0.25
Locrian	ləʊkɹiən	ləʊsiən	lɒkɹiən	lɑkɹiən	compound	lo|c|rian	0.2857142857142857	0.2857142857142857	0.2857142857142857	ləʊkɹiən	ləʊkɹiən	0.0	0.0
Loglan	lɒɡlæn	lɒɡlæn	lɒɡlən	lɑɡlən	compound	log|lan	0.0	0.16666666666666666	0.3333333333333333	lɒɡlən	lɒɡlən	0.16666666666666666	0.16666666666666666
Lojban	loʊʒbæn	ləʊdʒbæn	lɒdʒbən	lɑdʒbən	compound	lo|j|ban	0.125	0.42857142857142855	0.42857142857142855	lɒd͡ʒbæn	lɒdʒbæn	0.375	0.2857142857142857
Londraville	lɑndɹəvɪl	lɑndɹəvɪl	lɒndɹəvɪl	lɑndɹəvɪl	compound	lon|dr|a|ville	0.0	0.1111111111111111	0.0	lɒndɹəvɪl	lɒndɹəvɪl	0.1111111111111111	0.1111111111111111
Longde	lɔŋdə	lɒŋdə	lɒŋd	lɔŋd	compound	long|de	0.2	0.5	0.25	lɔŋdeɪ	lɒŋd	0.3333333333333333	0.5
Longhope	lɒŋhəʊp	lɒŋhəʊp	lɒŋhəʊp	lɔŋhəʊp	compound	long|hope	0.0	0.0	0.14285714285714285	lɒŋhəʊp	lɒŋhəʊp	0.0	0.0
Longwick	lɒŋwɪk	lɒŋwɪk	lɒŋwɪk	lɔŋwɪk	compound	long|wick	0.0	0.0	0.16666666666666666	lɒŋwɪk	lɒŋwɪk	0.0	0.0
Longyan	lɔŋjæn	lɒŋjæn	lɒŋɪən	lɑndʒiən	compound	long|yan	0.16666666666666666	0.5	0.75	lɒŋjən	lɒŋɡjən	0.3333333333333333	0.42857142857142855
Lossiemouth	lɒsiməθ	lɒsiməθ	lɒsɪməθ	lɑsiməθ	compound	loss|ie|mouth	0.0	0.14285714285714285	0.14285714285714285	lɒsiməθ	lɒsɪməθ	0.0	0.14285714285714285
Lu'an	luɑn	luən	lʌən	luən	compound	lua|n	0.25	0.5	0.25	luən	luən	0.25	0.25
Lucedale	luːsdeɪl	lusdeɪl	lusɪdeɪl	lusdəl	compound	luce|dale	0.0	0.125	0.3333333333333333	lʌsdeɪl	lusdeɪl	0.14285714285714285	0.0
Lukan	lukən	lukən	lukən	lukən	compound	luka|n	0.0	0.0	0.0	lukən	lukən	0.0	0.0
Lunabelle	luːnəbɛl	lunəbɛl	luneɪbɛl	lunəbɛl	compound	luna|belle	0.0	0.25	0.0	lunəbɛl	lunəbɛl	0.0	0.0
Lupercus	luːpɜːɹkəs	lupɝkəs	lupəkəs	lupɚkəs	compound	luper|cus	0.2857142857142857	0.2857142857142857	0.2857142857142857	lʌpəɹkəs	lupəkəs	0.25	0.2857142857142857
Luserna	luːzɛəɹnə	luzəɹnɑ	lusənə	lusɚnə	compound	luser|na	0.2857142857142857	0.5	0.6666666666666666	luzəɹnə	luzɜnə	0.14285714285714285	0.5
Lut	lut	lut	lʌt	lʌt	compound	lu|t	0.0	0.3333333333333333	0.3333333333333333	lʌt	lʌt	0.3333333333333333	0.3333333333333333
Lutetian	luːtiːʃən	lutiʃiən	lutɛʃən	luteɪʃən	compound	lutetia|n	0.125	0.14285714285714285	0.25	luʃən	lutiʃən	0.4	0.0
Lviv	ləviːv	lvɪv	ɛlvaɪv	lvɪv	compound	l|viv	0.5	0.6666666666666666	0.5	lvɪv	lvɪv	0.5	0.5
Lymm	lɪm	lɪm	lɪm	lɪm	compound	ly|mm	0.0	0.0	0.0	lɪm	lɪm	0.0	0.0
Lynemouth	laɪnməθ	laɪnməθ	laɪnɛməθ	laɪnəməθ	compound	lyne|mouth	0.0	0.125	0.125	lɪmnəθ	laɪnməθ	0.5	0.0
Lynwood	lɪnwʊd	lɪnwʊd	lɪnwʊd	lɪnwʊd	compound	lyn|wood	0.0	0.0	0.0	lɪnwʊd	lɪnwʊd	0.0	0.0
Lyonesse	liːɒnɛs	laɪənɛs	laɪəʊnəs	liəʊnəs	compound	lyon|esse	0.42857142857142855	0.625	0.42857142857142855	laɪənis	laɪəʊnəs	0.5714285714285714	0.625
Lyptsi	lɪptsi	lɪptsi	lɪptsi	lɪptsi	compound	ly|p|t|si	0.0	0.0	0.0	lɪpt͡si	lɪptsi	0.14285714285714285	0.0
Lyrid	lɪɹɪd	lɪɹɪd	lɪɹɪd	lɪɹɪd	compound	ly|rid	0.0	0.0	0.0	lɪɹɪd	lɪɹɪd	0.0	0.0
Macca's	mækəz	mækkæs	makəz	mækəz	compound	mac|cas	0.5	0.2	0.0	mækəz	mækəz	0.0	0.0
Macclesfield	mækəlzfiːld	mækəlzfild	makəlsfild	mækəlɛsfild	compound	mac|cle|s|field	0.0	0.2	0.18181818181818182	mækəlsfild	mæklɪsfild	0.1	0.3
Macolyte	mækəlaɪt	mækəlaɪt	makəlaɪt	mækəlaɪt	compound	m|acolyte	0.0	0.125	0.0	mækəlaɪt	mækəlaɪt	0.0	0.0
Maecenatism	mʌɪsiːnətɪzəm	meɪsɛnætɪzəm	misənətɪzəm	məsənətɪzəm	compound	mae|cen|at|ism	0.25	0.2727272727272727	0.2727272727272727	meɪsinətəɹɪzəm	misənətɪzəm	0.21428571428571427	0.2727272727272727
Maescar	maɪskɑːɹ	meɪzkɑ	miskɑ	mæskɚ	compound	maes|car	0.5	0.6	0.8	meɪskɑ	miskɑ	0.3333333333333333	0.6
Maghull	məɡʌl	mæɡhʌl	maɡhʌl	mæɡəl	compound	mag|hull	0.3333333333333333	0.3333333333333333	0.4	mæɡəl	mæɡhʌl	0.4	0.3333333333333333
Mahomet	mɑhoʊmɛt	mɑɒmɛt	mahɒmɪt	məhəmət	compound	mah|om|et	0.5	0.5714285714285714	0.42857142857142855	mɑhəʊmɛt	mæhəmɛt	0.0	0.2857142857142857
Makah	məkɑː	mɑkəh	makə	meɪkə	compound	maka|h	0.6	0.5	0.6	məkə	mækə	0.25	0.5
Makiyivka	mɑːkiːɪvkə	mɑkijivkə	makɪjɪvkə	meɪkɪjɪvkə	compound	maki|yi|vka	0.2222222222222222	0.3333333333333333	0.4	mɑkɪjɪvkə	mækijɪvkə	0.2222222222222222	0.2222222222222222
Malachy	mæləki	mæleɪki	maləkɪ	mælətʃi	compound	mal|achy	0.2857142857142857	0.3333333333333333	0.2857142857142857	mæləki	mælətʃi	0.0	0.2857142857142857
Malmaison	mælmeɪzɒn	mælmeɪzən	malmeɪsən	mælmeɪsən	compound	mal|maison	0.1111111111111111	0.3333333333333333	0.2222222222222222	mælmeɪzən	mælmeɪzən	0.1111111111111111	0.1111111111111111
Manchukuo	mæntʃʊəkuːəʊ	mæntʃukuəʊ	mantʃukjuəʊ	mæntʃukuəʊ	compound	manchu|kuo	0.2	0.36363636363636365	0.2	mænt͡ʃukuəʊ	mæntʃukjuəʊ	0.2727272727272727	0.2727272727272727
Manchukuoan	mæntʃuːkwəʊən	mæntʃukuəʊən	mantʃukjuəʊn	mæntʃukuəʊn	compound	manchu|kuo|an	0.08333333333333333	0.3333333333333333	0.18181818181818182	mæntʃukuəʊən	mæntʃukjuwən	0.08333333333333333	0.25
Manichaeus	mænəkiəs	mænɪkhiʌs	manɪʃiəs	mænɪtʃəs	compound	manic|hae|us	0.3333333333333333	0.375	0.375	mænɪkiəs	mænɪkiəs	0.125	0.125
Mankiw	mænkjuː	mæŋkaɪw	maŋkɪw	mæŋki	compound	mank|i|w	0.5714285714285714	0.6666666666666666	0.6	mæŋkiw	mæŋkɪw	0.5	0.5
Manti	mæntaɪ	mantaɪ	manti	mænti	compound	mant|i	0.16666666666666666	0.6	0.4	mænti	mɑnti	0.4	0.6
Mantsi	mɑntsi	mantsi	mantsi	mæntsi	compound	mant|si	0.16666666666666666	0.16666666666666666	0.16666666666666666	mæntsi	mɑntsi	0.16666666666666666	0.0
Manxie	mæŋksi	mæŋksi	maŋksi	mænzi	compound	manx|ie	0.0	0.16666666666666666	0.6	mæŋksi	mæŋksi	0.0	0.0
Marah	mɑːɹə	mɑɹəh	maɹə	mɑɹɑ	compound	mara|h	0.2	0.25	0.25	məɹə	mæɹə	0.25	0.25
Margaretian	mɑːɹɡəɹɛtiən	mɑɹɡɝɪtiən	mɑɡəɹɛʃən	mɑɹɡɚiʃən	compound	margaret|ian	0.3	0.3333333333333333	0.5555555555555556	mɑɹɡəɹɛʃən	mɑɡəɹiʃən	0.2	0.4444444444444444
Marquezian	mɑːɹkɛziən	mɑɹkɛziən	mɑkwiziən	mɑɹkwɛziən	compound	marquez|ian	0.0	0.3333333333333333	0.1	mɑɹkɛziən	mɑkwiʒən	0.0	0.5
Marut	mɑːɹuːt	mɑɹut	mɑɹʌt	mɑɹət	compound	maru|t	0.0	0.2	0.2	mɑɹut	mæɹʌt	0.0	0.4
Maryborough	mɛɹibəɹə	mɛɹibʌɹə	meəɹɪbʌɹə	mɛɹibɚəʊ	compound	mary|borough	0.125	0.4444444444444444	0.375	mɛɹibəɹə	mæɹɪbɔɹə	0.0	0.375
Massingbird	mæsɪŋbɜːɹd	mæsɪŋbɜd	masɪŋbɜd	mæsɪŋbɚd	compound	massing|bird	0.125	0.25	0.25	mæsɪŋbɜɹd	mɑsɪŋbɜd	0.0	0.25
Maybach	maɪbɑːk	meɪbɑx	meɪbɑx	meɪbæk	compound	may|bach	0.3333333333333333	0.3333333333333333	0.3333333333333333	meɪbɑx	meɪbɑtʃ	0.3333333333333333	0.42857142857142855
Maykop	maɪkɒp	meɪkɒp	meɪkəp	meɪkəp	compound	may|kop	0.16666666666666666	0.3333333333333333	0.3333333333333333	meɪkɒp	meɪkɒp	0.16666666666666666	0.16666666666666666
Mayreau	maɪɹəʊ	meɪɹəʊ	meɪɹəʊ	meɪɹi	compound	mayr|eau	0.16666666666666666	0.16666666666666666	0.6	meɪɹəʊ	meəɹəʊ	0.16666666666666666	0.3333333333333333
Meaburn	miːbɜːɹn	mibɜn	mibɜn	mibɚn	compound	mea|burn	0.2	0.2	0.4	mibɜn	mibɜn	0.2	0.2
Meanjin	miændʒɪn	mindʒɪn	mindʒɪn	mindʒən	compound	mean|jin	0.14285714285714285	0.14285714285714285	0.2857142857142857	mind͡ʒɪn	mindʒɪn	0.25	0.14285714285714285
Mechitarist	mɛkɪtɑɹɪst	mɛkitɑɹɪst	mɛtʃɪtɑɹɪst	mɛkɪtɚɪst	compound	mech|itar|ist	0.1	0.18181818181818182	0.2222222222222222	mɛkɪtəɹɪst	mɛkɪtəɹɪst	0.1	0.1
Medhurst	mɛdhɜːɹst	mɛdhɜst	mɛdhɜst	mɛdhɚst	compound	med|hurst	0.14285714285714285	0.14285714285714285	0.2857142857142857	mɛdhɚst	mɛdhɜst	0.2857142857142857	0.14285714285714285
Medway	mɛdweɪ	mɛdweɪ	mɛdweɪ	mɛdweɪ	compound	med|way	0.0	0.0	0.0	mɛdweɪ	mɛdweɪ	0.0	0.0
Mehico	mɛhiːkoʊ	mɛhɪkəʊ	mɛhɪkəʊ	mɛɪkəʊ	compound	meh|ic|o	0.14285714285714285	0.14285714285714285	0.3333333333333333	mɛhikəʊ	mɛhɪkəʊ	0.0	0.14285714285714285
Melkonyan	mɛlkoʊniən	mɛlkɒnjən	mɛlkɒnjən	mɛlkənjən	compound	mel|konya|n	0.3333333333333333	0.3333333333333333	0.2222222222222222	mɛlkənjən	mɛlkɒnjən	0.2222222222222222	0.3333333333333333
Mendeleev	mɛndəleɪəf	mɛndəliv	mɛndɪliv	mɛndɪliv	compound	mendel|ee|v	0.5	0.625	0.625	mɛndɛliv	mɛndɪliv	0.625	0.625
Merullo	məɹuloʊ	miɹuləʊ	məɹʌləʊ	mɚʌləʊ	compound	me|rullo	0.14285714285714285	0.14285714285714285	0.5	məɹuləʊ	məɹʌləʊ	0.0	0.14285714285714285
Messia	mɛsiə	mɛsiə	mɛʃə	mɛsiə	compound	messi|a	0.0	0.5	0.0	mɛsiə	mɛʃə	0.0	0.5
Methana	mɛθeɪnə	mɛθænə	mɛθɑnə	mɛθənə	compound	meth|ana	0.3333333333333333	0.3333333333333333	0.3333333333333333	mɛθənə	mɛθɑnə	0.3333333333333333	0.3333333333333333
Mi'kmaq	mɪkmæk	mɪkmɑkw	mɪkmak	mɪkmək	compound	mi|k|ma|q	0.2857142857142857	0.16666666666666666	0.16666666666666666	mɪkmɑk	mɪkmæk	0.16666666666666666	0.0
Michelangelesque	maɪkəlændʒəlɛsk	maɪkəlændʒəlɪskju	mɪtʃɪlandʒɪlɛsk	mɪkəlændʒɛləsk	compound	michel|angeles|que	0.17647058823529413	0.4	0.21428571428571427	mɪkəlændʒɪlɛsk	mɪkɪlændʒɪlɛsk	0.14285714285714285	0.21428571428571427
Miculek	mɪtʃəlɛk	maɪkəlɛk	mɪkjʊlɛk	mɪkjulɪk	compound	mic|ul|ek	0.375	0.375	0.5	mɪkjulɛk	mɪkjʊlɛk	0.375	0.375
Middlemarch	mɪdəlmɑːtʃ	mɪdəlmɑtʃ	mɪdəlmɑk	mɪdlɛmɑɹk	compound	middle|march	0.0	0.25	0.4444444444444444	mɪdəlmɑɹt͡ʃ	mɪdəlmɑtʃ	0.18181818181818182	0.0
Mildenhall	mʌldənhɔːl	maɪldənhɔl	maɪldənhɔl	mɪldənhəl	compound	milden|hall	0.2	0.2	0.2222222222222222	maɪldənhɔl	maɪldənhɔl	0.2	0.2
Milwaukie	mɪlwɔːkiː	mɪlwɔki	mɪlwɔki	mɪlwɔki	compound	mil|wauk|ie	0.0	0.0	0.0	mɪlwɔki	mɪlwɔki	0.0	0.0
Mimantean	mɪmæntiən	mɪmæntiən	mɪmantiən	mɪməntən	compound	mim|ante|an	0.0	0.1111111111111111	0.25	mɪməntiən	mɪmɑntiən	0.1111111111111111	0.1111111111111111
Mimantian	mɪmæntiən	mɪmæntiən	mɪmanʃən	mɪmənʃən	compound	mim|anti|an	0.0	0.375	0.375	mɪmɛntiən	mɪmɑnʃən	0.1111111111111111	0.375
Minaean	mɪniːən	mɪniən	mɪniən	minəən	compound	minae|an	0.0	0.0	0.3333333333333333	mɪniən	mɪniən	0.0	0.0
Miquelon	mɪkəlɒn	mɪkwɛlɒn	mɪkwɛlən	mikələn	compound	mi|quel|on	0.25	0.375	0.2857142857142857	mɪkəlɒn	mɪklɒn	0.0	0.16666666666666666
Mirach	maɪɹæk	mɪɹækh	mɪɹatʃ	mɪɹətʃ	compound	mirac|h	0.3333333333333333	0.6666666666666666	0.6666666666666666	mɪɹək	mɪɹətʃ	0.4	0.6666666666666666
Miscouche	mɪskʊʃ	mɪskuʃ	mɪskətʃ	mɪskɔtʃ	compound	mis|couche	0.16666666666666666	0.2857142857142857	0.2857142857142857	mɪskət͡ʃ	mɪskuʃ	0.375	0.16666666666666666
Missourah	məzɝə	mɪsəəɑ	mɪsəəɹə	mɪsɔɹə	compound	miss|our|ah	0.6666666666666666	0.5714285714285714	0.6666666666666666	məzʊəɹə	mɪsɔɹə	0.42857142857142855	0.6666666666666666
Missouran	məzɝən	mɪsəəən	mɪsəəɹən	mɪsɔɹən	compound	miss|our|an	0.5714285714285714	0.5	0.5714285714285714	mɪsʊɹən	mɪsɔɹən	0.5714285714285714	0.5714285714285714
Mixe	miheɪ	mɪksi	mɪks	mɪks	compound	mix|e	0.8	1.0	1.0	mɪksɚ	mɪks	0.8	1.0
Miyakawa	miːjəkɑːwə	mɪjəkɑwə	mɪjəkɑwə	maɪjəkəwə	compound	mi|ya|kawa	0.125	0.125	0.3333333333333333	mɪjɑkəwə	mijəkɑwə	0.375	0.0
Miz	mɪz	mɪz	mɪz	maɪz	compound	mi|z	0.0	0.0	0.25	mɪz	mɪz	0.0	0.0
Mogollon	moʊɡəjoʊn	mɒɡəʊllɑn	mɒɡɒlən	mɑɡɑlən	compound	mog|ol|lon	0.6666666666666666	0.7142857142857143	0.7142857142857143	mɒɡəlɒn	mɒɡələn	0.7142857142857143	0.5714285714285714
Moluccas	məlʌkəz	məlukəz	mɒlʌkəz	məʊlutʃəz	compound	molucca|s	0.14285714285714285	0.14285714285714285	0.4444444444444444	məlʌkəz	məlʌkəz	0.0	0.0
Montjuïc	mɒntʒuːiːk	mɒntʒuik	mɒntdʒəɹik	mɑntjuk	compound	[]	0.0	0.3	0.42857142857142855	mɒntʒuɪk	mɒntʒuɪk	0.125	0.125
Moragan	məɹɑɡən	mɔɹɑɡən	mɔɹaɡən	mɑɹəɡən	compound	moraga|n	0.14285714285714285	0.2857142857142857	0.2857142857142857	mɔɹəɡæn	mɒɹəɡən	0.42857142857142855	0.2857142857142857
Morian	mɔəɹiən	mɔɹiən	mɔɹiən	mɔɹiən	compound	moria|n	0.16666666666666666	0.16666666666666666	0.16666666666666666	mɔɹiən	mɔɹiən	0.16666666666666666	0.16666666666666666
Mosedale	məʊzdeɪl	məʊzdeɪl	məʊsdeɪl	məʊzdəl	compound	mose|dale	0.0	0.125	0.2857142857142857	məʊzdeɪl	məʊzdeɪl	0.0	0.0
Moshoryne	mɒʃɔːɹɪneɪ	mɒʃɔɹini	mɒʃɔɹaɪn	məʊʃɚaɪn	compound	mosh|ory|ne	0.375	0.375	0.75	mɒʃəɹaɪn	mɒʃəɹaɪn	0.5	0.5
Mses	mɪzəz	mɪziz	ɛmsɛɪz	mzz	compound	ms|es	0.2	0.6666666666666666	0.6666666666666666	mɪzɪz	msiz	0.2	0.75
Mss	mɪzəz	mɪzz	ɛmɛsɛs	ms	compound	ms|s	0.25	0.8333333333333334	2.0	mɪzs	ɛmɛsɛs	0.5	0.8333333333333334
Mthwakazi	əmtwɑːkɑːzi	ɛmθwakəzi	ɛmθwakɑzi	mθwəkəzi	compound	mth|waka|zi	0.4444444444444444	0.3333333333333333	0.5	mθwɑkəzi	ɛmθwəkɑzi	0.375	0.3333333333333333
Mtskheta	mətskeɪtə	məntzkeɪtɑ	ɛmtəskhɛtə	mtskitə	compound	mt|s|khe|ta	0.3	0.5	0.42857142857142855	mt͡skɛtə	ɛmtskitə	0.5	0.5
Munchausenism	mʊŋkhaʊzənɪzəm	məntʃəzɪnɪzəm	mʌntʃəsinɪzəm	mʌntʃəsənɪzəm	compound	munchausen|ism	0.38461538461538464	0.46153846153846156	0.38461538461538464	mʌnt͡ʃəsɛnɪzəm	mʌntʃəznɪzəm	0.5	0.4166666666666667
Munslow	mʌnzləʊ	mənzləʊ	mʌnsləʊ	mʌnsləʊ	compound	muns|low	0.14285714285714285	0.14285714285714285	0.14285714285714285	mʌnsləʊ	mʌnsləʊ	0.14285714285714285	0.14285714285714285
Muntenia	mʊntɛniə	məntɛniə	mʌntiniə	mʌntiniə	compound	munt|en|ia	0.125	0.25	0.25	mʌntɛniə	mʌntiniə	0.125	0.25
Murat	mʊɹɑt	mʊɹət	mjʊəɹat	mʊɹət	compound	mura|t	0.2	0.42857142857142855	0.2	mʊɹɑt	mjʊɹæt	0.0	0.3333333333333333
Muslima	mʊzlɪmə	məzləmə	mʌslɪmə	mʌslɪmə	compound	muslim|a	0.2857142857142857	0.2857142857142857	0.2857142857142857	məslimə	mʌslɪmə	0.42857142857142855	0.2857142857142857
Musselburgh	mʌsəlbəɹə	mʌsəlbɜɡ	mʌsɪlbɜɡ	mʌsəlbɚɡ	compound	mussel|burgh	0.375	0.5	0.375	mʌsəlbɜɹɡ	mʌsəlbɜɡ	0.2222222222222222	0.375
Mx	məks	mks	ɛmɛks	mks	compound	m|x	0.3333333333333333	0.4	0.3333333333333333	mks	ɛmɛks	0.3333333333333333	0.4
Myell	maɪəl	maɪɛl	maɪɛl	miɛl	compound	my|ell	0.2	0.2	0.75	maɪəl	maɪəl	0.0	0.0
Mykolaivka	mɪkɒlaɪɪvkə	mɪkəlɑjɪvkɑ	maɪkəleɪvkə	maɪkəʊlɑivkə	compound	mykolaiv|ka	0.36363636363636365	0.36363636363636365	0.5	maɪkəlaɪvə	maɪkəleɪvkə	0.4	0.36363636363636365
Myland	maɪlənd	maɪlənd	maɪland	maɪlənd	compound	mylan|d	0.0	0.14285714285714285	0.0	maɪlænd	maɪlənd	0.14285714285714285	0.0
Mänti	mænti	mænti	mɛnti	mʌnti	compound	[]	0.0	0.2	0.2	mɛnti	mɛnti	0.2	0.2
N'Djamena	əndʒɑːmeɪnɑː	ndidʒeɪɑmɛnə	ɛndʒeɪmnə	ndjəminə	compound	n|dj|amen|a	0.6666666666666666	0.5555555555555556	0.75	ənd͡ʒəmeɪnə	ɛndʒəminə	0.2727272727272727	0.5555555555555556
NZer	ɛnzɛdɚ	ɛnzɛdɜ	ɛnzɜ	nzɚ	compound	nz|er	0.16666666666666666	0.75	1.0	ɛnzəɹ	ɛnzə	0.6	0.75
Naevian	niːvɪən	nivaɪən	niviən	nɑiviən	compound	naevi|an	0.14285714285714285	0.16666666666666666	0.2857142857142857	neɪviən	niviən	0.42857142857142855	0.16666666666666666
Naguey	naɡəj	næɡjui	neɪɡi	næɡi	compound	nag|uey	0.6666666666666666	0.8	0.75	neɪɡi	neɪɡi	0.8	0.8
Naiadian	neɪædiən	neɪædiən	neɪeɪdiən	neɪədiən	compound	naiad|ian	0.0	0.2222222222222222	0.125	naɪədiən	naɪeɪdiən	0.25	0.3333333333333333
Nazist	nɑːtsiɪst	nɑtsizt	nazɪst	næzɪst	compound	nazis|t	0.2857142857142857	0.6666666666666666	0.6666666666666666	nɑzist	neɪzɪst	0.5	0.5714285714285714
Nehushtan	nəhʊʃtən	nihʌʃtən	nɛhʌʃtən	nhʌʃtən	compound	ne|husht|an	0.25	0.25	0.2857142857142857	nəhʊʃtæn	nɛhʊʃtən	0.125	0.125
Neihu	neɪhu	niaɪhu	nihu	nihu	compound	ne|i|hu	0.3333333333333333	0.5	0.5	neɪhu	neɪhu	0.0	0.0
Neith	niːɪθ	niaɪθ	niθ	niθ	compound	ne|ith	0.2	0.3333333333333333	0.3333333333333333	naɪθ	niθ	0.25	0.3333333333333333
Nemesian	nəmiːʒiən	nəmiʒiən	nɛmiziən	nɛmɛʃən	compound	nemesia|n	0.0	0.25	0.5714285714285714	nɛmɛziən	nɪmiʒən	0.375	0.2857142857142857
Nephi	niːfaɪ	nɛphaɪ	nɛfaɪ	nɛfi	compound	nep|hi	0.5	0.2	0.75	nɛfi	nɛfi	0.75	0.75
Nephite	niːfaɪt	nɛphaɪt	nɛfaɪt	nɛfaɪt	compound	nep|hite	0.42857142857142855	0.16666666666666666	0.16666666666666666	nɛfaɪt	nɛfɪt	0.16666666666666666	0.4
Nerchinsk	nɛɹtʃɪnsk	nɜtʃɪnzk	nɜtʃɪnsk	nɚtʃɪnsk	compound	ner|chins|k	0.375	0.25	0.25	nɜɹt͡ʃɪnsk	nɜtʃɪnsk	0.2	0.25
Nereidean	nɛɹiɪdiən	nɛɹeɪdiən	nɛɹeɪdiən	nɛɹaɪdən	compound	nereid|ean	0.1111111111111111	0.1111111111111111	0.25	nəɹaɪdiən	niəɹaɪdiən	0.2222222222222222	0.3
Nereidian	nɛɹiɪdiən	nɛɹeɪdiən	nəɹeɪdiən	nɛɹidiən	compound	nereid|ian	0.1111111111111111	0.2222222222222222	0.125	nəɹaɪdiən	nɪɹidiən	0.2222222222222222	0.25
Nestriga	nɪstɹiːɡə	nɛstɹiɡə	nɛstɹɪɡə	nɛstɹiɡə	compound	nest|riga	0.125	0.25	0.125	nɛstɹɪɡə	nɛstɹiɡə	0.25	0.125
Newholm	njuːhəʊm	njuhəʊm	njuhəʊm	nuhɔm	compound	new|holm	0.0	0.0	0.6	nuhəʊm	njuhəʊm	0.16666666666666666	0.0
Newquay	njuːkiː	njuki	njuki	nukweɪ	compound	new|quay	0.0	0.0	0.6666666666666666	nukeɪ	njukweɪ	0.6	0.42857142857142855
Nicephorus	naɪsifəɹəs	naɪsfəʊɹəs	naɪsfɔɹəs	naɪsəfɔɹəs	compound	nice|pho|rus	0.2	0.2222222222222222	0.2	naɪsɪfəɹəs	naɪsfɔɹəs	0.1	0.2222222222222222
Nicholforest	nɪkəlfɒɹɪst	nɪkɔlfɒɹɪst	nɪʃəlfɒɹɪst	nɪkəlfɚst	compound	nichol|forest	0.09090909090909091	0.09090909090909091	0.3333333333333333	nɪkəlfɔɹɪst	naɪkəʊlfɔɹəst	0.09090909090909091	0.3076923076923077
Nilean	naɪlən	naɪlən	nɪliən	naɪlən	compound	nile|an	0.0	0.3333333333333333	0.0	naɪliən	naɪliən	0.14285714285714285	0.14285714285714285
Ningbo	nɪŋbəʊ	nɪŋbəʊ	nɪŋbəʊ	nɪŋbəʊ	compound	ning|bo	0.0	0.0	0.0	nɪŋbəʊ	nɪŋbəʊ	0.0	0.0
Nintendinitis	nɪntɛndɪnaɪtɪs	nɪntɛndɪnaɪtɪs	nɪntəndɪnaɪtɪs	nɪntɛndɪnɪtɪs	compound	nin|tendinitis	0.0	0.07142857142857142	0.07692307692307693	nɪntɛndɪnɪtɪs	nɪntɛndɪnaɪtɪs	0.07692307692307693	0.0
Nipawin	nɪpəwɪn	nipəwɪn	nɪpəwɪn	nɪpeɪɪn	compound	nipa|win	0.14285714285714285	0.0	0.2857142857142857	nɪpəwɪn	naɪpəwɪn	0.0	0.125
Nisibis	nɪsəbɪs	nɪsibɪs	nɪzɪbɪs	nɪsɪbɪs	compound	nisi|bis	0.14285714285714285	0.2857142857142857	0.14285714285714285	nɪsibɪs	nɪsɪbɪs	0.14285714285714285	0.14285714285714285
Northwich	nɔːθwɪtʃ	nɔθwɪtʃ	nɔθwɪtʃ	nɔɹθwɪtʃ	compound	north|wich	0.0	0.0	0.125	nɔθwɪt͡ʃ	nɔθwɪtʃ	0.125	0.0
Nove	nəʊveɪ	nəʊvi	nəʊv	nəʊv	compound	nov|e	0.4	0.5	0.5	nəʊv	nəʊv	0.5	0.5
Nujiang	nuːdʒiæŋ	nudʒɑŋ	njudʒjaŋ	nuʒɑŋ	compound	nu|jiang	0.3333333333333333	0.375	0.6	nud͡ʒiɑŋ	njudʒɪæŋ	0.25	0.25
Nutbush	nʌtbʊʃ	nʌtbʊʃ	nʌtbʊʃ	nʌtbʌʃ	compound	nut|bush	0.0	0.0	0.16666666666666666	nʌtbʊʃ	nʌtbʊʃ	0.0	0.0
Nutella	nʌtɛlə	nʌtɛlə	njutɛlə	nutɛlə	compound	nut|ella	0.0	0.2857142857142857	0.16666666666666666	nʌtɛlə	njutɛlə	0.0	0.2857142857142857
O'odham	ɔʔɔtam	udhæm	əʊɒdəm	əʊɑdəm	compound	oo|d|ham	0.8	0.8333333333333334	0.8333333333333334	əʊdəm	uədhæm	0.8	0.8333333333333334
Oberonian	dæfnɪdiən	əʊbɝɑniən	əʊbɹəʊniən	əʊbɚəʊniən	compound	oberon|ian	0.6666666666666666	0.7	0.7	əʊbəɹəʊniən	ɒbəɹəʊniən	0.7272727272727273	0.7
Ogwen	ɔɡwɛn	ɑɡwɛn	ɒɡwən	ɑɡwɛn	compound	og|wen	0.2	0.4	0.2	ɒɡwɛn	ɒɡwɛn	0.2	0.2
Ogygian	əʊdʒɪdʒiən	əʊdʒɪdʒiən	ɒdʒɪdʒən	ədʒɪdʒiən	compound	ogygia|n	0.0	0.375	0.1111111111111111	əʊd͡ʒɪɡiən	əʊdʒɪdʒiən	0.3	0.0
Oi'll	ɔɪl	ɔɪll	ɔɪəl	ɔɪl	compound	oil|l	0.25	0.25	0.0	ɔɪəl	ɔɪl	0.25	0.0
Oi've	ɔɪv	ɔɪvi	ɔɪəv	ɔɪzv	compound	oi|ve	0.25	0.25	0.25	ɔɪvi	ɔɪv	0.25	0.0
Oise	wɑːz	ɔɪseɪ	ɔɪs	ɔɪs	compound	oi|se	1.0	1.0	1.0	wɑz	ɔɪz	0.0	0.6666666666666666
Ojai	oʊhaɪ	əʊjəaɪ	ɒdʒaɪ	əʊdʒeɪ	compound	oja|i	0.3333333333333333	0.6	0.5	əʊd͡ʒeɪ	əʊdʒaɪ	0.5714285714285714	0.3333333333333333
Okehampton	oʊkhæmptən	əʊkhæmptən	əʊkhamptən	əʊkhæmptən	compound	oke|hampton	0.0	0.1	0.0	əʊkəhæmptən	əʊkhæmptən	0.09090909090909091	0.0
Okishian	əʊkɪʃiən	əʊkiʃiən	ɒkɪʃiən	əʊkɪʃiən	compound	oki|shia|n	0.125	0.2857142857142857	0.0	əʊkɪʃiən	əkɪʃən	0.0	0.3333333333333333
Olenye	əlɛnjeɪ	ɑlənjɛ	əʊlnaɪ	əʊlɛni	compound	olen|ye	0.6666666666666666	0.6666666666666666	0.6666666666666666	əʊlinaɪ	ɒlɪnaɪ	0.5714285714285714	0.6666666666666666
Onehunga	ɒniːhʌŋə	wɒnhʌŋə	wɒnhʌŋɡə	əʊnhʌŋɡə	compound	one|hung|a	0.2857142857142857	0.375	0.5	wɒnhʌŋɡə	ɒnɪhʌŋɡə	0.375	0.25
Ophelian	əʊfiːliən	əfiljən	ɒfiliən	əfɛliən	compound	ophelia|n	0.2857142857142857	0.2857142857142857	0.2857142857142857	əʊfɛliən	əfiliən	0.125	0.14285714285714285
Oroch	ɔːɹɔtʃ	ɔɹəʊtʃ	ɔɹɒk	ɔɹɑk	compound	oro|ch	0.3333333333333333	0.75	0.75	ɔɹɒk	ɒɹɒtʃ	0.75	0.4
Orontian	ɔːɹɒntiən	ɔɹəʊntiən	ɔɹɒnʃən	ɔɹɑnʃən	compound	oro|nt|ian	0.2222222222222222	0.2857142857142857	0.42857142857142855	ɔɹɒntiən	ɔɹɒnʃən	0.0	0.2857142857142857
Otamatone	əʊtɑːmɑːtəʊn	əʊtəmɑtəʊni	ɒtəmatəʊn	əʊtæmətəʊn	compound	ota|mato|ne	0.18181818181818182	0.4444444444444444	0.2	əʊtəmətəʊn	əʊtəmətəʊn	0.2	0.2
Otatara	əʊtɑːtɑːɹɑː	əʊtətɑɹə	əʊtətɑɹə	əʊtətɑɹə	compound	ota|tara	0.25	0.25	0.25	əʊtətɑɹə	əʊtətɑɹə	0.25	0.25
Otautau	əʊtaʊtaʊ	əʊtəʌtəʊ	ɒtətə	əʊtɔtə	compound	ota|ut|au	0.25	0.4	0.16666666666666666	əʊtɔtɔ	utɔtɔ	0.3333333333333333	0.8
Otira	əʊtiːɹɑː	əʊtiaɪɹə	ɒtiəɹə	əʊtɪɹə	compound	ot|ira	0.375	0.6666666666666666	0.3333333333333333	əʊtɪɹə	əʊtaɪəɹə	0.3333333333333333	0.5
Otranto	oʊtɹɑntoʊ	əʊtiɹɑntəʊ	ɒtɹantəʊ	ətɹæntəʊ	compound	ot|rant|o	0.1	0.375	0.25	ɒtɹəntɒ	ətɹɑntəʊ	0.7142857142857143	0.125
Ouarzazate	wɑːzəzɑːt	uɑɹzɑzɑti	wɑɹəzazeɪt	əɑɹzəzət	compound	ou|ar|zaza|te	0.4444444444444444	0.5	0.375	wɑɹzəzɑt	əɑzəzeɪt	0.125	0.375
P'ent'ay	pɛnteɪ	pɛntəj	piɛnteɪ	psɛntseɪ	compound	penta|y	0.3333333333333333	0.14285714285714285	0.25	pɛnteɪ	pɛnteɪ	0.0	0.0
PEGylate	pɛɡɪleɪt	pɛɡɪleɪt	piidʒaɪleɪt	pɛdʒəleɪt	compound	peg|yl|ate	0.0	0.45454545454545453	0.3333333333333333	pɛɡəleɪt	pidʒɪleɪt	0.125	0.3333333333333333
PEGylation	pɛɡɪleɪʃən	pɛɡɪleɪʃən	piidʒaɪleɪʃən	pɛdʒəleɪʃən	compound	peg|yl|ation	0.0	0.38461538461538464	0.2727272727272727	pɛɡəleɪʃən	pidʒɪleɪʃən	0.1	0.2727272727272727
Paeroa	paɪɹəʊə	paɪɹəʊə	peəɹəʊə	pɛɹəʊ	compound	pae|roa	0.0	0.2857142857142857	0.6	paɪɹəʊə	peəɹəʊə	0.0	0.2857142857142857
Palk	pɔːlk	pælk	palk	pɑk	compound	pal|k	0.25	0.25	0.6666666666666666	pɔk	pɔk	0.3333333333333333	0.3333333333333333
Palæeskimo	peɪlɪɛskɪməʊ	palɛɛskəməʊ	paliɪskɪməʊ	pælɛskɪməʊ	compound	[]	0.36363636363636365	0.36363636363636365	0.3	pəliskɪməʊ	pælɪɛskɪməʊ	0.4	0.18181818181818182
Pancasila	pantʃəsilə	pænkæsilə	paŋkəsɪlə	pæŋkəsɪlə	compound	pan|cas|ila	0.4444444444444444	0.4444444444444444	0.5555555555555556	pænkaɪsələ	pænkəsaɪlə	0.5	0.5
Pandoran	pændɔːɹən	pændɔɹən	pandɔɹən	pændɚən	compound	pandora|n	0.0	0.125	0.2857142857142857	pændɔɹæn	pændəɹən	0.125	0.125
Panyu	pænju	pænju	panɪu	pænju	compound	pan|yu	0.0	0.4	0.0	pɑnjʊ	pænju	0.4	0.0
Papakura	pɑːpəkuːɹə	pəpɑkuɹə	papəkjʊəɹə	pæpəkɚə	compound	papa|kura	0.25	0.4	0.42857142857142855	pəpəkuɹə	pæpəkjʊɹə	0.125	0.3333333333333333
Parthenope	pɑːɹθɛnəpi	pɑθɛnəʊpii	pɑθənəʊp	pɑɹθənəʊp	compound	parth|eno|pe	0.3	0.5	0.3333333333333333	pɑɹθənəʊp	pɑθənəʊp	0.3333333333333333	0.5
Pasiphaëan	pæsɪfeɪiːən	pæsɪfeɪiən	pasɪfaɛən	pæsɪfəən	compound	[]	0.0	0.4444444444444444	0.375	pəsɪfəiən	pæsɪfiən	0.3333333333333333	0.25
Pavlodar	pɑːvlədɑːɹ	pavlɑdɑɹ	pavlədɑ	pævləʊdɚ	compound	pav|lod|ar	0.25	0.2857142857142857	0.5	pævəlɒdɚ	pævlədɑ	0.625	0.2857142857142857
Penarth	pɛnɑːɹθ	pɛnɑɹθ	pɛnɑθ	pɛnɚθ	compound	pen|arth	0.0	0.2	0.4	pɛnɑɹθ	pɛnɑθ	0.0	0.2
Penglai	pɛŋlaɪ	pɛŋlaɪ	pɪŋɡlaɪ	pɛŋɡleɪ	compound	peng|lai	0.0	0.2857142857142857	0.2857142857142857	pɛŋlaɪ	pɛŋɡleɪ	0.0	0.2857142857142857
Pennfield	pɛnfiːld	pɛnfild	pɛnfild	pɛnfild	compound	penn|field	0.0	0.0	0.0	pɛnfild	pɛnfild	0.0	0.0
Pentraeth	pɛntɹaɪθ	pɛntɹeɪθ	pɛntɹiθ	pɛntɹeɪθ	compound	pent|rae|th	0.125	0.2857142857142857	0.125	pɛntɹiθ	pɛntɹiθ	0.2857142857142857	0.2857142857142857
Pepys	piːps	pɛpwaɪz	pɛpiz	pɛpiz	compound	pep|ys	0.7142857142857143	0.6	0.6	pɛpiz	pɛpɪs	0.6	0.4
Pepysian	piːpsiən	pɛpwaɪziən	pɛpɪziən	pɛpɪʃən	compound	pep|ys|ian	0.5	0.375	0.42857142857142855	pɛpɪʃən	pəpɪziən	0.42857142857142855	0.375
Perioikoi	pɛɹiɔɪkɔɪ	pɛɹiɔɪkɔɪ	piəɹiɔɪkɔɪ	pɛɹiikəʊ	compound	peri|oik|oi	0.0	0.2	0.5	pɪɹiɔɪkɔɪ	piəɹɪɔɪkɔɪ	0.1111111111111111	0.3
Peterview	piːtɚvjuː	pitəvju	pitəvju	pɛtɚvju	compound	peter|view	0.14285714285714285	0.14285714285714285	0.14285714285714285	pətjuvju.	pitəvju	0.4444444444444444	0.14285714285714285
Petone	pɛtəʊni	pitəʊni	pɛtəʊn	pɛtəʊn	compound	peto|ne	0.14285714285714285	0.16666666666666666	0.16666666666666666	pɛtəni	pɛtəʊn	0.16666666666666666	0.16666666666666666
Pfaffian	fæfɪən	fæfiən	fafiən	fæfiən	compound	pfaff|ian	0.16666666666666666	0.3333333333333333	0.16666666666666666	fəfiən	fæfiən	0.3333333333333333	0.16666666666666666
Phaedrus	feɪdɹəs	feɪdɹuz	fidɹəs	fətɹəs	compound	ph|ae|dru|s	0.2857142857142857	0.3333333333333333	0.5	fidɹəs	fidɹəs	0.3333333333333333	0.3333333333333333
Pharrell	fəɹɛl	fɑɹɛl	faɹəl	fɛɹɛl	compound	pharr|ell	0.2	0.4	0.2	fɑɹeɪl	fæɹəl	0.5	0.4
Phoebean	fiːbiːən	fibiən	fəʊbin	fəʊbən	compound	phoebe|an	0.0	0.5	0.5	fibin	fəʊbiən	0.2	0.2857142857142857
Phthia	fθiːə	fθiə	fθiə	fθiə	compound	ph|thi|a	0.0	0.0	0.0	pɪθiə	fθaɪə	0.4	0.4
Phthiotis	fθioʊtɪs	fθiəʊtɪs	fθɪəʊtiz	fθiətɪs	compound	ph|thi|otis	0.0	0.375	0.14285714285714285	θaɪətəs	fθaɪəʊtɪs	0.7142857142857143	0.2222222222222222
Pikachu	piːkətʃuː	pikətʃu	pɪkatʃu	pɪkətʃu	compound	pika|chu	0.0	0.2857142857142857	0.14285714285714285	pɪkətu	pɪkətʃu	0.3333333333333333	0.14285714285714285
Ping'an	pɪŋɑn	pɪŋən	pɪŋən	pɪŋzən	compound	ping|an	0.2	0.2	0.3333333333333333	pɪŋɑn	pɪŋən	0.0	0.2
Pingcheng	pɪŋtʃɛŋ	pɪŋtʃɛŋ	pɪŋtʃɛŋ	pɪŋtʃɪŋ	compound	ping|cheng	0.0	0.0	0.14285714285714285	pɪŋtʃɛŋ	pɪŋtʃɛŋ	0.0	0.0
Pingding	pɪŋdɪŋ	pɪŋdɪŋ	pɪŋdɪŋ	pɪŋdɪŋ	compound	ping|ding	0.0	0.0	0.0	pɪŋdɪŋ	pɪŋdɪŋ	0.0	0.0
Pinggu	pɪŋɡu	pɪŋɡu	pɪŋɡu	pɪŋɡu	compound	ping|gu	0.0	0.0	0.0	pɪŋɡu	pɪŋɡu	0.0	0.0
Pinglu	pɪŋlu	pɪŋlu	pɪŋɡlu	pɪŋlu	compound	ping|lu	0.0	0.16666666666666666	0.0	pɪŋlu	pɪŋɡlu	0.0	0.16666666666666666
Pingyu	pɪŋju	pɪŋju	pɪŋɪu	pɪŋju	compound	ping|yu	0.0	0.2	0.0	pɪŋju	pɪŋɡju	0.0	0.16666666666666666
Pinware	pɪnwɛɚ	pɪnwɛɹ	pɪnweə	pɪnwɔɹ	compound	pin|ware	0.16666666666666666	0.3333333333333333	0.3333333333333333	pɪnwɛɹ	pɪnweə	0.16666666666666666	0.3333333333333333
Plaistow	plaɪstəʊ	plɑɪstəʊ	pleɪstəʊ	pleɪstəʊ	compound	pla|ist|ow	0.125	0.125	0.125	pleɪstə	pleɪstəʊ	0.2857142857142857	0.125
Plautdietsch	plaʊtditʃ	plɔtditʃ	plɔtdaɪətʃ	plətiətsk	compound	plaut|dietsch	0.125	0.4	0.4444444444444444	plətdɪtʃ	plɔtditʃ	0.125	0.125
Plethon	pliːθɒn	plɛθɒn	plɛθɒn	plɛθən	compound	p|leth|on	0.16666666666666666	0.16666666666666666	0.3333333333333333	pliθən	plɛθən	0.16666666666666666	0.3333333333333333
Pliushchivka	plʊʃtʃiːvkə	pljuʃtʃivkə	plɪəʃtʃɪvkə	plaɪəʃtʃɪvkə	compound	p|liu|shchi|vka	0.18181818181818182	0.2727272727272727	0.3333333333333333	plɪuʃt͡ʃɪvkə	plaɪʊʃtʃɪvkə	0.3333333333333333	0.25
Pocasset	pəkɑsət	pəʊkæsɛt	pɒkəsɛt	pəʊkəsɪt	compound	po|cass|et	0.375	0.42857142857142855	0.375	pɒkɪsɪt	pɒkəsɛt	0.42857142857142855	0.42857142857142855
Pogranichny	pəʊɡɹənɪtʃni	pɑɡɹænitʃni	pɒɡɹənɪʃni	pɑɡɹænɪkni	compound	pog|rani|ch|ny	0.36363636363636365	0.3	0.5	pəɡɹænɪtʃni	pɒɡɹənɪkni	0.18181818181818182	0.4
Pohrebky	pɔːhɹɛbki	pəʊɹɛbki	pəʊɹɛbki	pɑɹəbki	compound	poh|reb|ky	0.25	0.25	0.42857142857142855	pəɹɛbki	pəʊɹɛbki	0.2857142857142857	0.25
Pokhrel	pəʊkɹɛl	pəʊkeɪtʃɑɹɛl	pɒkhɹəl	pɑkɹəl	compound	po|k|hr|el	0.4166666666666667	0.5714285714285714	0.5	pɒkɹəl	pɒkɹəl	0.5	0.5
Popocatépetl	pɒpəkætɛpɛtəl	pɒpəkætɛpɛtəl	pɒpəkateɪpɛtəl	pɑpəkətpɛtl	compound	[]	0.0	0.21428571428571427	0.36363636363636365	pəpəkatɛpɛtl̩	pɒpəʊkæteɪpɛtəl	0.3076923076923077	0.2
Postville	poʊstvɪl	pəʊstvɪl	pəʊstvɪl	pɑstvɪl	compound	post|ville	0.0	0.0	0.2857142857142857	pəʊstvɪl	pəʊstvɪl	0.0	0.0
Poteau	poʊtoʊ	pəʊtəʊ	pəʊtə	pəʊti	compound	pote|au	0.0	0.2	0.4	pətəʊ	pəʊtəʊ	0.2	0.0
Praxitelean	pɹæksɪtəliːən	pɹæksaɪtɛliən	pɹaksaɪtliən	pɹæksɪtɛlən	compound	p|rax|itel|ean	0.15384615384615385	0.25	0.18181818181818182	pɹæksɪlɪəɹin	pɹæksɪtiliən	0.3333333333333333	0.08333333333333333
Prokletije	pɹəʊklɛtieɪ	pɹəʊklɛtaɪdʒeɪi	pɹɒklɪtaɪdʒ	pɹɑklɛtaɪdʒ	compound	pro|k|let|ij|e	0.3333333333333333	0.6363636363636364	0.5454545454545454	pɹɒklɪtɪjə	pɹɒkəltaɪdʒ	0.6	0.7272727272727273
Psamathean	sæməθiːən	psɑməθiən	saməθiən	psæməθən	compound	p|sama|thea|n	0.2222222222222222	0.125	0.25	sæməθiən	sæməθiən	0.0	0.0
Puckian	pʌkiən	pʌkiən	pʌkiən	pʌkiən	compound	puck|ian	0.0	0.0	0.0	pʌkiən	pʌkiən	0.0	0.0
Pukekohe	pʊkiːkəʊiː	pukɛkəʊhi	pjukɪkəʊh	pjukkəʊh	compound	pukeko|he	0.3333333333333333	0.4444444444444444	0.5	pʊkəkəʊheɪ	pjukəʊh	0.4	0.5714285714285714
Pulliams	pʊɫiəmz	pʊliəmz	pʊliəmz	pʌliəmz	compound	pulliam|s	0.0	0.0	0.14285714285714285	pʊliəmz	pʊliəmz	0.0	0.0
Punggol	pɒŋɡəʊl	pʌŋɡəʊl	pʌŋɡɒl	pʌŋɡəl	compound	pung|go|l	0.14285714285714285	0.5	0.3333333333333333	pʌŋɡɒl	pʌŋɡəl	0.5	0.3333333333333333
Putuo	putwoʊ	putuəʊ	pjutjuəʊ	pjutʃuəʊ	compound	putu|o	0.16666666666666666	0.375	0.375	pʊtuəʊ	pjutʃuəʊ	0.3333333333333333	0.375
Pyeongchang	pjɒŋtʃæŋ	paɪɔŋtʃæŋ	pjəʊŋtʃaŋ	piəʊŋtʃæŋ	compound	pye|ong|chang	0.3333333333333333	0.3333333333333333	0.3333333333333333	pjʌŋt͡ʃæŋ	paɪəŋtʃæŋ	0.2222222222222222	0.3333333333333333
Pythonista	paɪθənɪstə	paɪθənɪstə	paɪθənɪstə	pɪθənɪstə	compound	python|ist|a	0.0	0.0	0.1111111111111111	paɪθənɪstə	paɪθənɪstə	0.0	0.0
Pædion	piːdɪɒn	pidaɪən	pidiən	pdiən	compound	[]	0.2857142857142857	0.3333333333333333	0.6	pɛdiɒn	pɛdɪən	0.3333333333333333	0.3333333333333333
Qadian	kɑːdɪjɑːn	kɑdiən	keɪdiən	keɪdiən	compound	qadi|an	0.5	0.7142857142857143	0.7142857142857143	kədiən	keɪdiən	0.6666666666666666	0.7142857142857143
Qapla'	kæplæʔ	kwæplæ	kaplə	kæplə	compound	q|ap|la	0.16666666666666666	0.4	0.2	kəplə	kæplə	0.4	0.2
Qiantang	tʃiæntæŋ	dʒɪntæŋ	kaɪəntaŋ	ʒəntæŋ	compound	qian|tang	0.5714285714285714	0.625	0.6666666666666666	kaɪəntæŋ	kaɪəntæŋ	0.5	0.5
Qibin	tʃibɪn	kaɪbɪn	kɪbɪn	kɪbɪn	compound	qi|bin	0.5	0.6	0.6	kɪbɪn	kɪbɪn	0.6	0.6
Qin'an	tʃɪnɑn	kɪnən	kɪnən	kɪnzən	compound	qin|an	0.6	0.6	0.6666666666666666	tʃɪnnæn	kɪnən	0.2857142857142857	0.6
Qingpu	tʃɪŋpu	kɪŋpu	kɪŋpu	kɪŋpu	compound	qing|pu	0.4	0.4	0.4	tʃɪŋpʊ	kɪŋpju	0.16666666666666666	0.5
Qu'Appelle	kəpɛl	kwæppɛl	kwapɛl	kuəpəl	compound	qua|p|pelle	0.42857142857142855	0.3333333333333333	0.3333333333333333	kwəpɛl	kwɒpəl	0.16666666666666666	0.5
Quiggin	kwɪɡɪn	kwɪɡɪn	kwɪɡɪn	kwɪɡɪn	compound	quigg|in	0.0	0.0	0.0	kwɪɡɪn	kwɪɡɪn	0.0	0.0
Qujing	tʃuːdʒɪŋ	kudʒɪŋ	kwədʒɛɪŋ	kdʒɪŋ	compound	qu|jing	0.3333333333333333	0.5	0.6	kɒd͡ʒɪŋ	kwidʒɪŋ	0.5714285714285714	0.42857142857142855
Qulin	kjuːlɪn	kulɪn	kwəlɪn	klɪn	compound	qu|lin	0.2	0.3333333333333333	0.5	kwɪlɪn	kjulɪn	0.3333333333333333	0.0
Rabbinism	ɹæbɪnɪzəm	ɹæbaɪnɪzəm	ɹabɪnɪzəm	ɹæbɪnɪzəm	compound	rabbi|n|ism	0.1	0.1111111111111111	0.0	ɹæbɪnɪzəm	ɹæbɪnɪzəm	0.0	0.0
Radelaide	ɹædəleɪd	ɹædəleɪd	ɹeɪdleɪd	ɹædɛleɪd	compound	radel|aide	0.0	0.375	0.125	ɹədəleɪd	ɹeɪdleɪd	0.125	0.375
Raisinet	ɹeɪzənɛt	ɹeɪzənɛt	ɹeɪsɪnɛt	ɹeɪsɪnt	compound	raisin|et	0.0	0.25	0.42857142857142855	ɹeɪzɪnɛt	ɹeɪzɪnɛt	0.125	0.125
Ramah	ɹɑːmɑ	ɹɑməh	ɹamə	ɹæmə	compound	rama|h	0.4	0.5	0.5	ɹɑmə	ɹæmə	0.25	0.5
Ramaytush	ɹɑːmaɪtuʃ	ɹɑməjtʊʃ	ɹameɪtʌʃ	ɹæmeɪʊʃ	compound	rama|y|tush	0.375	0.375	0.5714285714285714	ɹəmaɪtʊʃ	ɹeɪmeɪtʌʃ	0.25	0.4444444444444444
Ramea	ɹæmiə	ɹeɪmə	ɹeɪmiə	ɹeɪmi	compound	rame|a	0.6	0.3333333333333333	0.6	ɹəmiə	ɹeɪmiə	0.2	0.3333333333333333
Ranihar	ɹɑːniːhɑːɹ	ɹænihɑɹ	ɹanɪhɑ	ɹænihɚ	compound	rani|har	0.14285714285714285	0.5	0.5	ɹənɪhɑɹ	ɹænɪhɑ	0.2857142857142857	0.5
Ranulph	ɹænəlf	ɹɑnəlf	ɹanʌlf	ɹænʌlf	compound	ra|nulph	0.16666666666666666	0.3333333333333333	0.16666666666666666	ɹænʌlf	ɹænʌlf	0.16666666666666666	0.16666666666666666
Ratass	ɹətæs	ɹætæs	ɹatas	ɹætəs	compound	rat|ass	0.2	0.4	0.4	ɹɑtəs	ɹætæs	0.4	0.2
Rathlin	ɹæθlɪn	ɹæθlɪn	ɹaθlɪn	ɹæθlɪn	compound	rath|lin	0.0	0.16666666666666666	0.0	ɹæθlɪn	ɹæθlɪn	0.0	0.0
Rathmines	ɹæθmaɪnz	ɹæθmaɪnz	ɹaθmaɪnz	ɹæθmaɪnz	compound	rath|mines	0.0	0.125	0.0	ɹæθmaɪnz	ɹæθmaɪnz	0.0	0.0
Raurimu	ɹaʊɹiːmuː	ɹəɹimju	ɹɔɹɪmu	ɹɔɹɪmu	compound	rau|rimu	0.14285714285714285	0.3333333333333333	0.3333333333333333	ɹəɹimu	ɹɔɹɪmu	0.0	0.3333333333333333
Ravenclaw	ɹeɪvənklɔː	ɹeɪvənklɔ	ɹeɪvəŋklɔ	ɹeɪvənəlɔ	compound	raven|claw	0.0	0.1111111111111111	0.1111111111111111	ɹeɪvənklɔ	ɹeɪvənklɔ	0.0	0.0
Ravenslee	ɹeɪvənzli	ɹeɪvənzli	ɹeɪvənsli	ɹeɪvənsli	compound	ravens|lee	0.0	0.1111111111111111	0.1111111111111111	ɹeɪvənzli	ɹeɪvənsli	0.0	0.1111111111111111
Reaganaut	ɹeɪɡənnɔːt	ɹeɪɡənəʊt	ɹiɡənɔt	ɹiɡənət	compound	reagan|au|t	0.2222222222222222	0.42857142857142855	0.5714285714285714	ɹeɪɡənət	ɹiɡənɔt	0.25	0.42857142857142855
Reaganauts	ɹeɪɡənnɔːts	ɹeɪɡənəʌts	ɹiɡənɔts	ɹiɡənəts	compound	reagan|a|uts	0.2	0.375	0.5	ɹiɡənɔts	ɹiɡənɔts	0.375	0.375
Rebackk	ɹiːbæk	ɹibæk	ɹɪbakk	ɹɛbækk	compound	reback|k	0.0	0.5	0.3333333333333333	ɹɪbæk	ɹɪbæk	0.2	0.2
Redruth	ɹədɹuːθ	ɹɛdɹuθ	ɹidɹuθ	ɹɛdɹuθ	compound	red|ruth	0.16666666666666666	0.16666666666666666	0.16666666666666666	ɹɛdɹuθ	ɹɪdɹuθ	0.16666666666666666	0.16666666666666666
Rehal	ɹeɪhəl	ɹihəl	ɹɪhal	ɹihəl	compound	reha|l	0.4	0.4	0.4	ɹɪhəl	ɹɪhɔl	0.2	0.4
Reidville	ɹiːdvɪl	ɹidvɪl	ɹidvɪl	ɹidvɪl	compound	reid|ville	0.0	0.0	0.0	ɹidvɪl	ɹaɪdvɪl	0.0	0.2857142857142857
Remuera	ɹɛmuːɪəɹə	ɹɛməiəɹə	ɹɪmjuɹə	ɹɛmjuɹə	compound	rem|u|era	0.25	0.5714285714285714	0.42857142857142855	ɹəmjuɹə	ɹɪmjuəɹə	0.5714285714285714	0.375
Renat	ɹənɑːt	ɹinət	ɹɪnat	ɹɛnət	compound	rena|t	0.4	0.4	0.4	ɹɪnɑt	ɹɪnæt	0.2	0.4
Rhemish	ɹiːmɪʃ	ɹɛmɪʃ	ɹɛmɪʃ	ɹɛmɪʃ	compound	rhem|ish	0.2	0.2	0.2	ɹɛmɪʃ	ɹɛmɪʃ	0.2	0.2
Rhene	hɹiːniː	ɑɹeɪtʃɛni	ɹin	ɹin	compound	rh|en|e	0.6666666666666666	0.6666666666666666	0.6666666666666666	ɹin	ɹin	0.6666666666666666	0.6666666666666666
Rhinelander	ɹaɪnlændɚ	ɹaɪnlændɜ	ɹaɪnləndə	ɹɪnləndɚ	compound	rhineland|er	0.1111111111111111	0.2222222222222222	0.25	ɹaɪnlændɚ	ɹaɪnləndə	0.0	0.2222222222222222
Rilkeana	ɹɪlkeɪɑːnə	ɹɪlkəænə	ɹɪlkinə	ɹɪlkənə	compound	rilke|ana	0.375	0.42857142857142855	0.42857142857142855	ɹɪlkəniə	ɹɪlkiænə	0.5	0.375
Roganite	ɹoʊɡənaɪt	ɹəʊɡənaɪt	ɹɒɡənaɪt	ɹəʊɡənɪt	compound	rogan|ite	0.0	0.25	0.125	ɹəʊɡənaɪt	ɹəʊɡənaɪt	0.0	0.0
Romagnol	ɹoʊmənjoʊl	ɹəʊmæɡnəʊl	ɹɒməɡnɒl	ɹɑməɡnəl	compound	ro|magno|l	0.3	0.75	0.625	ɹɒmnəɡɒl	ɹəʊmæɡnɒl	0.75	0.5555555555555556
Romsey	ɹɒmzi	ɹɑmzi	ɹɒmsi	ɹɑmzi	compound	roms|ey	0.2	0.2	0.2	ɹɒmzi	ɹɒmzi	0.0	0.0
Rosalindian	ɹɒzəlɪndiən	ɹɑzəlɪndiən	ɹəʊzəlɪndiən	ɹəʊsəlɪndiən	compound	rosalind|ian	0.09090909090909091	0.16666666666666666	0.25	ɹəʊzəlɪndiən	ɹəʊzəlɪndiən	0.16666666666666666	0.16666666666666666
Roswellian	ɹɒzwɛliən	ɹɑswɛliən	ɹəswɛliən	ɹɑswɛliən	compound	roswell|ian	0.2222222222222222	0.2222222222222222	0.2222222222222222	ɹɑswɛliən	ɹəswɛliən	0.2222222222222222	0.2222222222222222
Rowcliffe	ɹəʊklɪf	ɹəʊklɪf	ɹəʊklɪf	ɹəʊklɪf	compound	row|cliffe	0.0	0.0	0.0	ɹəʊklɪf	ɹəʊklɪf	0.0	0.0
Ruapehu	ɹuːəpeɪhuː	ɹuəpeɪə	ɹueɪphu	ɹueɪphu	compound	rua|peh|u	0.2857142857142857	0.42857142857142855	0.42857142857142855	ɹuəpeɪ	ɹuəpihu	0.3333333333333333	0.2857142857142857
Rugbeian	ɹʌɡbiːən	ɹʌɡbiiən	ɹʌɡbeɪən	ɹʌɡbaɪən	compound	rug|be|ian	0.125	0.25	0.25	ɹʌɡbiən	ɹʌɡbeɪən	0.0	0.25
Ruicheng	ɹweɪtʃʌŋ	ɹuɪtʃɛŋ	ɹuɪtʃɛŋ	ɹutʃɪŋ	compound	ru|ich|eng	0.42857142857142855	0.42857142857142855	0.6666666666666666	ɹut͡ʃʌŋ	ɹutʃɛŋ	0.5714285714285714	0.6666666666666666
Rusyn	ɹuːsɪn	ɹusɪn	ɹʌsɪn	ɹəsɪn	compound	ru|syn	0.0	0.2	0.2	ɹɪsɪn	ɹuzɪn	0.2	0.2
Ryukyu	ɹiuːkjuː	ɹiukju	rjukɪu	ɹiəkju	compound	ryu|kyu	0.0	0.5	0.16666666666666666	ɹiukju	ɹaɪukju	0.0	0.2857142857142857
Ryukyuan	ɹjuːkjuːən	ɹiukjuən	rjukjuən	ɹiəkjuən	compound	ryu|kyu|an	0.125	0.125	0.25	ɹiukjʊən	ɹaɪukjuən	0.25	0.2222222222222222
Saanich	sænɪtʃ	sɑænitʃ	sɑnɪʃ	sɑænɪk	compound	sa|ani|ch	0.2857142857142857	0.4	0.5	sænɪt͡ʃ	sɑnɪtʃ	0.14285714285714285	0.16666666666666666
Sahrawi	səɹɑːwi	sɑhɹɑwi	sɑɹɑwɪ	sɑɹəwi	compound	sa|hrawi	0.2857142857142857	0.3333333333333333	0.3333333333333333	səɹəwi	sɑɹɑwi	0.16666666666666666	0.16666666666666666
Salishan	seɪlɪʃən	seɪlɪʃən	salɪʃən	sælɪʃən	compound	salish|an	0.0	0.2857142857142857	0.2857142857142857	səlɪʃən	sælɪʃən	0.2857142857142857	0.2857142857142857
Saljūqian	sældʒuːkiən	sældʒukiən	saldʒukiən	sɑldʒiʒən	compound	[]	0.0	0.1	0.4444444444444444	sɑlʒukaɪən	sældʒukiən	0.4	0.0
Samothrace	sæməθɹeɪs	sæməθɹeɪs	saməθɹeɪs	sæməθɹəs	compound	samoth|race	0.0	0.1111111111111111	0.25	sæmɒθɹeɪs	sæməθɹeɪs	0.1111111111111111	0.0
Samothraki	sæməθɹækiː	sæməθɹæki	saməθɹaki	sæməθɹeɪki	compound	samoth|raki	0.0	0.2222222222222222	0.2	sæmɒθɹɪki	sæməθɹɑki	0.2222222222222222	0.1111111111111111
Sandias	sændiːəz	sændiəz	sandiəz	sændiəz	compound	sandia|s	0.0	0.14285714285714285	0.0	sændiəz	sændɪəz	0.0	0.14285714285714285
Saonian	seɪoʊniən	zeɪəʊniən	seɪɒniən	sæəʊniən	compound	s|aonian	0.1111111111111111	0.25	0.25	seɪənɪən	seɪəʊniən	0.25	0.0
Saroyan	səɹɔɪən	sɑɹɔɪən	saɹɔɪən	sɑɹɔɪən	compound	sar|oy|an	0.14285714285714285	0.14285714285714285	0.14285714285714285	səɹɔɪən	sæɹɔɪən	0.0	0.14285714285714285
Savai'i	səvaɪji	sɑvəaɪaɪ	saveɪi	sæveɪz	compound	sava|i|i	0.5	0.5	0.6666666666666666	sævaɪ	sævaɪi	0.6	0.3333333333333333
Schengen	ʃɛŋən	ʃmɛŋən	ʃɛndʒən	ʃɛndʒən	compound	sch|engen	0.16666666666666666	0.42857142857142855	0.42857142857142855	ʃəŋən	ʃɛndʒən	0.2	0.42857142857142855
Schurz	ʃʊɹts	ʃɝz	ʃɜz	ʃɚz	compound	schur|z	1.3333333333333333	1.3333333333333333	1.3333333333333333	ʃɝz	ʃɜz	1.3333333333333333	1.3333333333333333
SecDef	sɛkdɛf	sɛkdɛf	sɛkdɛf	sɛkdɪf	compound	sec|def	0.0	0.0	0.16666666666666666	sɛkdɛf	sɛkdɛf	0.0	0.0
Seleucian	sɪljuːsɪən	sɪluʃən	sɛluʃiən	sɛluʃən	compound	seleucia|n	0.42857142857142855	0.5	0.5714285714285714	səlɛuʃən	sɪluʃən	0.5	0.42857142857142855
Seljook	sɛldʒuːk	sɛldʒʊk	sɛldʒʊk	sɛldʒʊk	compound	sel|jook	0.14285714285714285	0.14285714285714285	0.14285714285714285	sɛld͡ʒʊk	sɛldʒʊk	0.25	0.14285714285714285
Seljookian	sɛldʒukiən	sɛldʒʊkiən	sɛldʒʊkiən	sɛldʒʊkiən	compound	sel|jook|ian	0.1	0.1	0.1	sɛld͡ʒʊkiən	sɛldʒʊkiən	0.18181818181818182	0.1
Seljuckian	sɛldʒʌkiən	sɛldʒʊkiən	sɛldʒʌkiən	sɛldʒʌkiən	compound	seljuck|ian	0.1	0.0	0.0	sɛld͡ʒʌkiən	sɛldʒʌkiən	0.09090909090909091	0.0
Semey	sɪmeɪ	simj	sɛmi	sɛmi	compound	seme|y	0.75	0.75	0.75	sɛmi	simi	0.75	0.75
Sengkang	sɛŋkɑːŋ	sɛŋkæŋ	sɛŋkaŋ	sɛŋkæŋ	compound	seng|kang	0.16666666666666666	0.16666666666666666	0.16666666666666666	sɛŋkɑŋ	sɛŋkæŋ	0.0	0.16666666666666666
Serangoon	səɹæŋɡuːn	seɪɹæŋɡun	sɛɹəŋɡun	sɚæŋɡun	compound	se|rangoon	0.2222222222222222	0.25	0.2857142857142857	sɛɹəŋɡun	sɛɹəŋɡun	0.25	0.25
Sercquiais	sɛəɹkijeɪ	sɜɹskiaɪz	sɜkwɪaɪz	sɚkwwiz	compound	ser|c|qui|ais	0.6666666666666666	0.875	1.0	sɚkwaɪz	sɜkwɪeɪz	1.0	0.75
Setebos	sɛtɛbʌs	sɛtɛbəʊz	sɛtibəʊz	sɛtbəʊz	compound	set|eb|os	0.375	0.5	0.5714285714285714	sɛteɪbəʊz	sɛtɪbəʊz	0.5555555555555556	0.5
Sevan	sevɑːn	seɪvən	sɛvan	sɛvən	compound	sev|an	0.3333333333333333	0.4	0.4	seɪvən	sɛvən	0.3333333333333333	0.4
Shahbag	ʃɑːbɑːɡ	ʃɑbæɡ	ʃɑbaɡ	ʃæhbəɡ	compound	shah|bag	0.2	0.2	0.5	ʃɑbæg	ʃɑbæɡ	0.4	0.2
Shakra	ʃɑːkɹə	ʃɑkɹɑ	ʃakɹə	ʃækɹə	compound	sha|kra	0.2	0.2	0.2	ʃəkɹə	ʃækɹə	0.2	0.2
Shalë	ʃalə	ʃalə	ʃalɛ	ʃəl	compound	[]	0.0	0.25	0.6666666666666666	ʃəleɪ	ʃælə	0.6	0.25
Shanyang	ʃænjæŋ	ʃænjæŋ	ʃanjaŋ	ʃænjæŋ	compound	shan|yang	0.0	0.3333333333333333	0.0	ʃɑnjæŋ	ʃænjæŋ	0.16666666666666666	0.0
Shaoguan	ʃaʊɡwɑn	ʃəɡwɑn	ʃeɪɒɡjuən	ʃeɪɡən	compound	shao|guan	0.0	0.6666666666666666	0.6666666666666666	ʃəɡwɑn	ʃeɪəʊɡwæn	0.0	0.4444444444444444
Shaoxing	ʃaʊʃɪŋ	ʃəʃɪŋ	ʃeɪɒksɪŋ	ʃeɪzɪŋ	compound	shao|xing	0.0	0.625	0.5	ʃəʃɪŋ	ʃeɪɒksɪŋ	0.0	0.625
Shaviana	ʃeɪviænə	ʃeɪviənə	ʃaviɑnə	ʃeɪviənə	compound	shavian|a	0.125	0.42857142857142855	0.125	ʃəviənə	ʃævɪænə	0.42857142857142855	0.42857142857142855
Shawforth	ʃɔːfɜːɹθ	ʃɔfɔθ	ʃɔfɔθ	ʃɔfɚθ	compound	shaw|forth	0.4	0.4	0.4	ʃɔfɔθ	ʃɔfəθ	0.4	0.4
Shenqiu	ʃʌntʃjoʊ	ʃɛntʃu	ʃɛŋkɪu	ʃɛnʃu	compound	shen|qiu	0.6666666666666666	1.1666666666666667	1.0	ʃɛntʃu	ʃɛnkiu	0.6666666666666666	1.0
Sherbrooke	ʃɝbɹʊk	ʃɝbɹʊk	ʃɜbɹʊk	ʃɚbɹuk	compound	sher|brooke	0.0	0.16666666666666666	0.3333333333333333	ʃɜɹbɹʊk	ʃɜbɹʊk	0.2857142857142857	0.16666666666666666
Shevchenko	ʃeɪvtʃɛnkɔː	ʃivtʃɛnkəʊ	ʃɛvtʃɛŋkəʊ	ʃɛvtʃɛŋkəʊ	compound	she|v|chen|ko	0.4	0.5	0.5	ʃɛvt͡ʃɛŋkəʊ	ʃɛvtʃɛŋkəʊ	0.5454545454545454	0.5
Shichahai	ʃɪtʃɑːhaɪ	ʃitʃɑhaɪ	ʃɪtʃəhaɪ	ʃɪtʃəheɪ	compound	shi|cha|hai	0.125	0.125	0.25	ʃɪt͡ʃəhaɪ	ʃɪtʃəhaɪ	0.2222222222222222	0.125
Shilha	ʃɪlhɑ	ʃilhɑ	ʃɪlhə	ʃɪlhə	compound	shi|l|ha	0.2	0.2	0.2	ʃɪlɑ	ʃɪlhə	0.25	0.2
Shinar	ʃaɪnɑːɹ	ʃɪnɑɹ	ʃɪnɑ	ʃɪnɚ	compound	shin|ar	0.2	0.5	0.75	ʃɪnɑɹ	ʃɪnə	0.2	0.75
Shio	ʃiɔ	ʃiəʊ	ʃiəʊ	ʃiəʊ	compound	shi|o	0.5	0.5	0.5	ʃiəʊ	ʃaɪəʊ	0.5	0.8
Shitmas	ʃɪtməs	ʃɪtmæs	ʃɪtməz	ʃɪtməz	compound	shit|mas	0.16666666666666666	0.16666666666666666	0.16666666666666666	ʃɪtmæs	ʃɪtməz	0.16666666666666666	0.16666666666666666
Shunem	ʃunəm	ʃʌnəm	ʃʌnəm	ʃʌnəm	compound	shun|em	0.2	0.2	0.2	ʃunəm	ʃunəm	0.0	0.0
Shuntak	ʃʌntæk	ʃʌntæk	ʃʌntak	ʃʌntək	compound	shunt|ak	0.0	0.16666666666666666	0.16666666666666666	ʃʌntæk	ʃʌntæk	0.0	0.0
Shushan	ʃuːʃæn	ʃʌʃən	ʃʌʃən	ʃʌʃən	compound	shush|an	0.4	0.4	0.4	ʃuʃən	ʃʌʃən	0.2	0.4
Shymkent	ʃɪmkɛnt	ʃaɪmkɛnt	ʃaɪmkənt	ʃɪmənt	compound	shy|m|kent	0.125	0.25	0.3333333333333333	ʃaɪmkɛnt	ʃɪmkənt	0.125	0.14285714285714285
Sianfu	siːɑnfu	siɑnfu	saɪənfu	saɪənfu	compound	sian|fu	0.0	0.42857142857142855	0.42857142857142855	ʃiɑnfu	siænfju	0.16666666666666666	0.2857142857142857
Sibsey	sɪbzi	sɪbzi	sɪbsi	sɪbsi	compound	sibs|ey	0.0	0.2	0.2	sɪbsɪ	sɪbsi	0.4	0.2
Siccawei	sɪːkəweɪ	sɪkəweɪ	sɪkəweɪ	sɪtʃəwi	compound	sicca|wei	0.0	0.0	0.5714285714285714	sɪkəweɪ	sɪkəweɪ	0.0	0.0
Sidcup	sɪdkʌp	sɪdkʌp	sɪdkʌp	sɪdkʌp	compound	sid|cup	0.0	0.0	0.0	sɪdkʌp	sɪdkʌp	0.0	0.0
Sidmouth	sɪdməθ	sɪdməθ	sɪdməθ	sɪdməθ	compound	sid|mouth	0.0	0.0	0.0	sɪdməθ	sɪdməθ	0.0	0.0
Silifke	sɪlɪfkeɪ	sɪlɪfkɛ	sɪlɪfk	sɪlɪfk	compound	sil|if|ke	0.2857142857142857	0.3333333333333333	0.3333333333333333	sɪlɪk	sɪlɪfk	0.6	0.3333333333333333
Silsden	sɪlzdən	sɪlzdɛn	sɪlsdən	sɪlsdən	compound	sil|s|den	0.14285714285714285	0.14285714285714285	0.14285714285714285	sɪlsdən	sɪlzdən	0.14285714285714285	0.0
Silves	siːlviːz	sɪlviz	sɪlvz	sɪlvz	compound	sil|ve|s	0.16666666666666666	0.4	0.4	sɪlvɛs	sɪlvz	0.5	0.4
Simeonite	sɪmiənaɪt	sɪmiənaɪt	saɪmənaɪt	saɪmənɪt	compound	simeon|ite	0.0	0.2222222222222222	0.375	sɪmiənaɪt	sɪmɪɒnaɪt	0.0	0.2222222222222222
Singaporized	sɪŋəpɔɹaɪzd	sɪŋəpɔɹaɪzd	sɪŋɡəpəɹaɪzd	sɪŋəpɚaɪzd	compound	singaporize|d	0.0	0.16666666666666666	0.2	sɪŋɡəpɔɹaɪzd	sɪŋɡəpəɹaɪzd	0.08333333333333333	0.16666666666666666
Singaporizes	sɪŋəpɔɹaɪzəz	sɪŋəpɔɹaɪzz	sɪŋɡəpəɹaɪzɪz	sɪŋəpɚaɪzz	compound	singaporize|s	0.09090909090909091	0.23076923076923078	0.3	sɪŋɡəpɔɹaɪzɪz	sɪŋɡəpəɹaɪzɪz	0.15384615384615385	0.23076923076923078
Sinopean	saɪnəpiːən	saɪnəʊpiən	sɪnəʊpiən	sɪnəʊpən	compound	sino|pean	0.1	0.2222222222222222	0.375	sɪnəpiən	sɪnəʊpiən	0.125	0.2222222222222222
Sinophobic	saɪnəfəʊbɪk	saɪnəʊfəʊbɪk	sɪnəfəʊbɪk	sɪnəfəbɪk	compound	sino|phobic	0.08333333333333333	0.1	0.2222222222222222	saɪnəfəʊbɪk	sɪnəfɒbɪk	0.0	0.3333333333333333
Siraya	səɹaɪə	siɹeɪə	sɜɹeɪə	sɪɹeɪə	compound	si|raya	0.3333333333333333	0.3333333333333333	0.3333333333333333	sɪɹaɪə	sɪɹaɪə	0.16666666666666666	0.16666666666666666
Skamania	skəmeɪniə	skɑmeɪniə	skameɪniə	skæməniə	compound	ska|mania	0.1111111111111111	0.1111111111111111	0.375	skeɪmeɪniə	skəmeɪniə	0.2	0.0
Skidegate	skɪdɪɡɪt	skɪdiɡeɪt	skaɪdɡeɪt	skaɪdəɡeɪt	compound	skid|e|gate	0.2222222222222222	0.3333333333333333	0.3	skɪdɪɡeɪt	skaɪdɡeɪt	0.1111111111111111	0.3333333333333333
Sleipnir	sleipnɪɹ	zleɪpnɪɹ	sleɪpniə	slipnɚ	compound	s|lei|p|nir	0.25	0.375	0.5	slaɪpnɪɹ	slaɪpnɪə	0.25	0.375
Smyrnaean	smɝniːən	smɝnəiən	smaɪəniən	smɪɹnəən	compound	smyrna|ean	0.125	0.3333333333333333	0.375	smɝniən	smɜniən	0.0	0.14285714285714285
Sneetch	sniːtʃ	snitʃ	snitʃ	snitʃ	compound	snee|tch	0.0	0.0	0.0	snɪtʃ	snitʃ	0.2	0.0
Socinian	soʊsɪniːən	səʊʃɪniən	səsɪniən	səsɪniən	compound	soc|in|ian	0.1111111111111111	0.125	0.125	səsɪniən	səsɪniən	0.125	0.125
Sokil	sɔːkɪl	sɑkɪl	sɒkɪl	səʊkəl	compound	sok|il	0.2	0.2	0.5	sɒkɪl	səʊkɪl	0.2	0.3333333333333333
Southwark	sʌðək	səθwɔɹk	səθwɔk	səθwɚk	compound	south|wark	0.7142857142857143	0.6666666666666666	0.6666666666666666	səθwɔɹk	səθwɔk	0.7142857142857143	0.6666666666666666
Soyoos	suːjuːs	səʊjuz	sɔɪuz	sɔɪuz	compound	so|yoos	0.5	0.6	0.6	sɔɪuz	sɔɪuz	0.6	0.6
Spatialism	speɪʃəlɪzəm	speɪʃəlɪzəm	speɪʃɪəlɪzəm	speɪʃəlɪzəm	compound	spatial|ism	0.0	0.08333333333333333	0.0	speɪʃəlɪzəm	speɪʃəlɪzəm	0.0	0.0
Spotland	spɒtlænd	spɒtlænd	spɒtlənd	spɑtlənd	compound	spot|land	0.0	0.125	0.25	spɒtlænd	spɒtlənd	0.0	0.125
Squeenix	skwiːnɪks	skwinɪks	skwinɪks	skwinɪks	compound	squee|nix	0.0	0.0	0.0	skwɪnɪks	skwinɪks	0.125	0.0
Stafforth	stæfəɹð	stɑfɔɹθ	stafɔθ	stæfɚθ	compound	staff|orth	0.42857142857142855	0.6666666666666666	0.5	stæfəɹð	stæfəθ	0.0	0.3333333333333333
Staithes	steɪðz	steɪðz	steɪðz	steɪθɪz	compound	staithe|s	0.0	0.0	0.2857142857142857	steɪðz	steɪðz	0.0	0.0
Stansfeld	stænzfiːld	stænzfɛld	stansfɛld	stænsfɛld	compound	stans|feld	0.1111111111111111	0.3333333333333333	0.2222222222222222	stænsfɛld	stænsfɛld	0.2222222222222222	0.2222222222222222
Stephanonian	stɛfənoʊniən	stɛfənəʊniən	stɛfənəʊniən	stɛfənəniən	compound	stephan|oni|an	0.0	0.0	0.09090909090909091	stɪfæn.ə.ni.ən	stɛfənəʊniən	0.35714285714285715	0.0
Stewiacke	stjuːiæk	stjuiəki	stjuɪakɪ	stuiək	compound	stew|ia|ck|e	0.25	0.375	0.3333333333333333	stjuiæk	stjuɪæk	0.0	0.14285714285714285
Stilbon	stɪlbɒn	stɪlbɒn	stɪlbən	stɪlbən	compound	stilb|on	0.0	0.14285714285714285	0.14285714285714285	stɪlbən	stɪlbən	0.14285714285714285	0.14285714285714285
Strontian	stɹɒntiːən	stɹɑnʃiən	stɹɒnʃən	stɹənʃən	compound	strontia|n	0.2222222222222222	0.25	0.375	stɹɒntiən	stɹɒnʃən	0.0	0.25
Studholm	stʌdhoʊlm	stʌdhəʊm	stʌdhəʊm	stʌdhɔlm	compound	stud|holm	0.125	0.125	0.25	stʌdhəʊlm	stʌdhəʊm	0.0	0.125
Sunakism	suːnækɪzəm	sunækɪzəm	sʌneɪkɪzəm	suneɪkɪzəm	compound	sunak|ism	0.0	0.3	0.2	sʌnəkɪzəm	sunəkɪzəm	0.2222222222222222	0.1111111111111111
Sunakite	suːnækaɪt	sunækaɪt	sʌnəkaɪt	sunəkɪt	compound	sunak|ite	0.0	0.25	0.2857142857142857	sʌnəkaɪt	sʌnəkaɪt	0.25	0.25
Swadesh	swɑːdɛʃ	swɑdɛʃ	swɒdɛʃ	sweɪdʃ	compound	swad|esh	0.0	0.16666666666666666	0.5	swɑdɛʃ	swɔdɛʃ	0.0	0.16666666666666666
Swithun	swɪðən	zwɪðən	swɪðʌn	swɪθən	compound	s|with|un	0.16666666666666666	0.16666666666666666	0.16666666666666666	swɪðən	swɪðən	0.0	0.0
Sycoraxian	sɪkɒɹæksiən	saɪkəræksiən	sɪkɔɹeɪksiən	saɪkɚæksiən	compound	sycorax|ian	0.25	0.25	0.2727272727272727	sɪkəɹæksiən	saɪkəɹækʃən	0.09090909090909091	0.36363636363636365
Sylvian	sɪlviən	sɪlviən	sɪlviən	sɪlviən	compound	sylvia|n	0.0	0.0	0.0	sɪlvɪən	sɪlviən	0.14285714285714285	0.0
Tadesse	tɑdɛsə	tædɛs	teɪdəs	teɪdɪs	compound	tad|esse	0.4	0.6666666666666666	0.6666666666666666	tædis	tædɛs	0.6	0.4
Tai'an	taɪɑn	taɪən	teɪən	teɪzən	compound	tai|an	0.2	0.4	0.5	taɪɑn	taɪən	0.0	0.2
Taihape	tʌɪhapi	taɪhæpi	teɪheɪp	teɪheɪp	compound	tai|hap|e	0.2857142857142857	0.5714285714285714	0.5714285714285714	taɪheɪp	taɪheɪp	0.5714285714285714	0.5714285714285714
Taihoku	taɪhɒku	taɪhɔkə	teɪhəʊku	teɪhəʊku	compound	tai|hok|u	0.2857142857142857	0.375	0.375	taɪhɔkʊ	taɪhəku	0.2857142857142857	0.14285714285714285
Taiqian	taɪtʃjæn	taɪdʒɪn	teɪkiən	tɑiʃən	compound	tai|qian	0.5714285714285714	0.7142857142857143	0.8333333333333334	taɪkɛn	teɪkiən	0.6666666666666666	0.7142857142857143
Taizhong	taɪʒɔŋ	taɪʒɒŋ	teɪʒɒŋ	teɪzɑŋ	compound	tai|zhong	0.16666666666666666	0.3333333333333333	0.5	taɪʒɒŋ	teɪzhɒŋ	0.16666666666666666	0.5714285714285714
Taizhou	taɪdʒoʊ	taɪʒu	teɪʒu	teɪhə	compound	tai|zhou	0.6	0.8	0.8	taɪd͡ʒəʊ	teɪzhu	0.125	0.8333333333333334
Takaka	tɪkɑːkɑː	tɑkəkɑ	takɑkə	tækəkə	compound	taka|ka	0.3333333333333333	0.3333333333333333	0.5	tɑkɑkə	təkɑkə	0.3333333333333333	0.3333333333333333
Takanawa	tɑkənɑwə	tɑkɑnɑwə	takənɑwə	teɪkənəwə	compound	ta|kanawa	0.125	0.125	0.3333333333333333	tɒkənɑwə	tækənɑwə	0.125	0.125
Tampines	tæmpəniːs	tampɪniz	tampaɪnz	tæmpaɪnz	compound	tampin|es	0.375	0.625	0.5	tæmpaɪnz	tæmpaɪnz	0.5	0.5
Tangyin	tæŋjɪn	tæŋiɪn	taŋiɪn	tændʒiɪn	compound	tangy|in	0.16666666666666666	0.3333333333333333	0.5	tæŋd͡ʒɪn	tæŋɡɪɪn	0.375	0.2857142857142857
Tanit	tɑːnɪt	tɑnit	tanɪt	tænɪt	compound	tani|t	0.2	0.2	0.2	tɑnɪt	tænɪt	0.0	0.2
Tarrafal	tɑːɹəfɑːl	tɑɹæfæl	taɹafəl	tɛɹəfəl	compound	tarr|af|al	0.2857142857142857	0.42857142857142855	0.2857142857142857	tæɹəfəl	tæɹəfæl	0.2857142857142857	0.2857142857142857
Tarragona	tæɹəɡəʊnə	tæɹəɡənə	taɹəɡənə	tɛɹəɡəʊnə	compound	tarragon|a	0.125	0.25	0.1111111111111111	tæɹəɡəʊnə	tæɹəɡəʊnə	0.0	0.0
Tasburgh	teɪzbəɹə	tæsbɜɡ	tasbɜɡ	tæsbɚɡ	compound	tas|burgh	1.0	1.0	1.0	tæsbɜɹɡ	tæsbɜɡ	0.7142857142857143	1.0
Taupo	taʊpəʊ	təpəʊ	tɔpəʊ	tɔpəʊ	compound	tau|po	0.0	0.2	0.2	təpəʊ	tɔpəʊ	0.0	0.2
Taymanitic	taɪmənɪtɪk	teɪmənɪtɪk	teɪmənɪtɪk	teɪmənɪtɪk	compound	tayman|itic	0.1	0.1	0.1	teɪmənɪtɪk	teɪmənɪtɪk	0.1	0.1
Tcler	tɪkəlɚ	tɪkəlɜ	tiklɜ	tklɚ	compound	tcl|er	0.16666666666666666	0.6	0.5	tklɚ	tklɜ	0.5	0.75
Tehama	təheɪmə	tihɑmə	tɛhɑmə	tɛəmə	compound	te|hama	0.5	0.5	0.8	tihɑmə	tɛhɑmə	0.5	0.5
Teign	tiːn	tiɡn	teɪn	taɪn	compound	teig|n	0.25	0.5	0.5	teɪn	teɪn	0.5	0.5
Temuka	tiːmuːkə	timukə	tɛmjukə	tɛmjukə	compound	te|muka	0.0	0.2857142857142857	0.2857142857142857	tɛmukə	tɛmjukə	0.16666666666666666	0.2857142857142857
Teonaht	teɪoʊnɑːθ	teɪəʊnɑt	tɪɒnɑt	təʊnɑt	compound	teo|nah|t	0.125	0.6666666666666666	0.5	tinɑt	tiəʊnɑt	1.0	0.42857142857142855
Termez	tɛəɹmɛz	tɝmɛz	tɜmɛz	tɚmɛz	compound	ter|mez	0.6	0.6	0.6	tɜɹmɪz	tɜmɛz	0.5	0.6
Terrenceville	tɛɹənsvɪl	tɛɹənsvɪl	tɛɹənsvɪl	tɛɹənsɛvɪl	compound	terrence|ville	0.0	0.0	0.1	tɛɹənsvɪl	tɛɹɛnsvɪl	0.0	0.1111111111111111
Tewahedo	tɛwəhɛdoʊ	teɪwəhidəʊ	tjuəhidəʊ	tuəhdəʊ	compound	tewa|hed|o	0.3	0.3333333333333333	0.42857142857142855	teɪwəheɪdəʊ	tjuəhidəʊ	0.36363636363636365	0.3333333333333333
Thaify	taifaɪ	taɪfaɪ	taɪfaɪ	θeɪfi	compound	thai|fy	0.16666666666666666	0.16666666666666666	1.0	taɪfaɪ	teɪfaɪ	0.16666666666666666	0.3333333333333333
Thalassian	θəlæsiən	θælæsiən	θalaʃən	θələsiən	compound	thal|ass|ian	0.125	0.5714285714285714	0.125	θəlæsiən	θælæʃən	0.0	0.42857142857142855
Thaxted	θækstɪd	θækstɛd	θakstɪd	θækstd	compound	th|axt|ed	0.14285714285714285	0.14285714285714285	0.16666666666666666	θækstɪd	θækstɪd	0.0	0.0
Thirkill	θɜːɹkɪl	θiɹkɪl	θɜkɪl	θɚkɪl	compound	thi|r|kill	0.16666666666666666	0.2	0.4	θɜɹkɪl	θɜkɪl	0.0	0.2
Thirlwall	θɜːɹlwɔːl	θɜlwɔl	θɜlwɔl	θɚlwɔl	compound	thirl|wall	0.16666666666666666	0.16666666666666666	0.3333333333333333	θɜɹwɔl	θɜlwɔl	0.16666666666666666	0.16666666666666666
Throwendish	θɹəʊəndɪʃ	θɹəʊɛndɪʃ	θɹəʊɪndɪʃ	θɹəʊɛndɪʃ	compound	throw|end|ish	0.1111111111111111	0.1111111111111111	0.1111111111111111	θɹəʊɛndɪʃ	θɹəʊɛndɪʃ	0.1111111111111111	0.1111111111111111
Thunderdome	θʌndɚdəʊm	θʌndədəʊm	θʌndədəʊm	θʌndɚdəʊm	compound	thunder|dome	0.1111111111111111	0.1111111111111111	0.0	θʌndəɹdəʊm	θʌndədəʊm	0.2	0.1111111111111111
Thuringian	θjʊɹɪndʒiən	θjʊəɹɪndʒɪən	θjʊəɹɪŋɡiən	θɚɪŋiən	compound	thuringia|n	0.16666666666666666	0.36363636363636365	0.8571428571428571	θʊɹɪnd͡ʒiən	θjʊɹɪndʒən	0.18181818181818182	0.1
Tiantongyuan	tjɛntʊŋjuɛn	tjɑntɒŋjuən	tjantəŋjuən	ʃəntəndʒjuən	compound	tian|tong|yuan	0.2727272727272727	0.2727272727272727	0.6666666666666666	tjɒntʊŋjuɑn	taɪəntɒŋɡjuən	0.18181818181818182	0.46153846153846156
Tiksi	tɪksi	tɪksi	tɪksi	tɪksi	compound	tik|si	0.0	0.0	0.0	tɪksi	tɪksi	0.0	0.0
Timbuktoo	tɪmbʌktuː	tɪmbəktu	tɪmbəktu	tɪmbəktu	compound	tim|b|u|k|too	0.125	0.125	0.125	tɪmbəktu	tɪmbʌktu	0.125	0.0
Timișoara	timiʃwɑɹɑ	timiʃwɑɹɑ	tɪmɪsɔɹə	tɪmiəʊɹə	compound	[]	0.0	0.75	0.625	tɪmiʃɔɹɑ	tɪmiʃœɑɹə	0.375	0.3333333333333333
Tinian	tɪniən	tɪniən	tɪniən	tɪniən	compound	tin|ian	0.0	0.0	0.0	tɪniən	tɪnɪən	0.0	0.16666666666666666
Tippecanoe	tɪpikənuː	tɪpikənu	tɪpɪkanəʊ	tɪpɪkənəʊ	compound	tipp|e|canoe	0.0	0.4444444444444444	0.3333333333333333	tɪpikənəʊ	tɪpɪkənəʊ	0.2222222222222222	0.3333333333333333
Titanomachy	taɪtənɒməki	taɪtənɒmeɪki	taɪtənɒməkɪ	tɪtənəməki	compound	titan|om|achy	0.16666666666666666	0.09090909090909091	0.2	tɪtənɒməkɪ	tɪtənɒməki	0.2	0.1
Titianesque	tɪʃənɛsk	tɪʃənɛsk	tɪʃiənɛsk	tɪʃənsk	compound	titian|esque	0.0	0.1111111111111111	0.14285714285714285	tiʃiənɛsk	tɪʃənɛsk	0.2222222222222222	0.0
Tkachuk	kətʃʌk	kætʃək	tikatʃʌk	tkætʃək	compound	tkach|u|k	0.3333333333333333	0.375	0.42857142857142855	t͡ʃʌk	tkætʃʌk	0.6	0.2857142857142857
Toadlena	toʊdlinə	təʊdlinə	təʊdəlnə	təʊdəlnə	compound	toad|lena	0.0	0.25	0.25	tɔdləna	təʊdlinə	0.5714285714285714	0.0
Tokoroa	təʊkəʊɹəʊə	tukɔɹəʊə	tɒkɔɹəʊə	təʊkɚəʊ	compound	to|koro|a	0.5	0.5	0.5714285714285714	tɒkəɹəʊə	təʊkəɹəʊə	0.375	0.1111111111111111
Tooele	tuːɛlə	tuɛli	tuɛl	tul	compound	too|el|e	0.2	0.25	0.6666666666666666	tuli	tuəl	0.5	0.5
Toomooroo	tuːmuːɹuː	tumuɹu	tumɔɹu	tumɚɹu	compound	toom|oo|roo	0.0	0.16666666666666666	0.16666666666666666	tʊmʊɹu	tumɔɹu	0.3333333333333333	0.16666666666666666
Totnes	tɒtnɛs	tɒtnɛs	tɒtnɪz	tɑtnz	compound	tot|nes	0.0	0.3333333333333333	0.6	tɒtnɪs	təʊtnz	0.16666666666666666	0.6666666666666666
Trabant	tɹæbænt	tɹɑbɑnt	tɹabənt	tɹəbənt	compound	tra|bant	0.2857142857142857	0.2857142857142857	0.2857142857142857	tɹəbənt	tɹæbənt	0.2857142857142857	0.14285714285714285
Trantifa	tɹæntiːfə	tɹæntɪfə	tɹantɪfə	tɹæntɪfə	compound	trant|if|a	0.125	0.25	0.125	tɹæntɪfə	tɹɑntɪfə	0.125	0.25
Trepassey	tɹəpæsi	tɹeɪpæsi	tɹɛpasi	tɹipəsi	compound	tre|passey	0.25	0.2857142857142857	0.2857142857142857	tɹɛpəsi	tɹɪpɑsi	0.2857142857142857	0.2857142857142857
Trewin	tɹuːɪn	tɹuɪn	tɹuɪn	tɹuɪn	compound	trew|in	0.0	0.0	0.0	tɹuɪn	tɹuɪn	0.0	0.0
Triadology	tɹaɪədɒlədʒi	tɹaɪædɒlədʒi	tɹaɪədɒlədʒi	tɹaɪədɑlədʒi	compound	triad|ology	0.08333333333333333	0.0	0.08333333333333333	tɹaɪədɒləd͡ʒi	tɹaɪədɒlədʒi	0.07692307692307693	0.0
Tricity	tɹaɪsɪti	tɹaɪsɪti	tɹaɪsɪti	tɹɪsɪti	compound	tri|city	0.0	0.0	0.14285714285714285	tɹaɪsɪti	tɹɪsɪti	0.0	0.14285714285714285
Trilene	tɹʌɪliːn	tɹaɪlin	tɹaɪlin	tɹaɪln	compound	tri|lene	0.14285714285714285	0.14285714285714285	0.3333333333333333	tɹaɪlin	tɹaɪlin	0.14285714285714285	0.14285714285714285
Trinitytide	tɹɪnɪtitaɪd	tɹɪnɪtitaɪd	tɹɪnɪtɪtaɪd	tɹɪnɪtɪtaɪd	compound	trinity|tide	0.0	0.09090909090909091	0.09090909090909091	tɹɪnɪtitɪd	tɹɪnɪtaɪtaɪd	0.1	0.16666666666666666
Trivandrumite	tɹɪvændɹəmaɪt	tɹəvændɹəmaɪt	tɹaɪvəndɹumaɪt	tɹaɪvəndɹəmɪt	compound	trivandrum|ite	0.07692307692307693	0.21428571428571427	0.23076923076923078	tɹaɪvændɹəmaɪt	tɹaɪvəndɹumaɪt	0.07142857142857142	0.21428571428571427
Truk	tɹuːk	tɹuk	tɹʌk	tɹʌk	compound	t|ru|k	0.0	0.25	0.25	tɹʊk	tɹʌk	0.25	0.25
TrumpCare	tɹʌmpkɛɚ	tɹʌmpkeə	tɹʌmpkeə	tɹʌmpkɑɹ	compound	trump|care	0.25	0.25	0.25	tɹʌmpkɛɚ	tɹʌmpkeə	0.0	0.25
Trumpism	tɹʌmpɪsm	tɹʌmpɪzəm	tɹʌmpɪzəm	tɹʌmpɪzəm	compound	trump|ism	0.2222222222222222	0.2222222222222222	0.2222222222222222	tɹʌmpɪzəm	tɹʌmpɪzəm	0.2222222222222222	0.2222222222222222
Trumpland	tɹʌmplænd	tɹʌmplænd	tɹʌmplənd	tɹʌmplænd	compound	trump|land	0.0	0.1111111111111111	0.0	tɹʌmplənd	tɹʌmplənd	0.1111111111111111	0.1111111111111111
Trumpology	tɹʌmpɒlədʒi	tɹʌmpɒlədʒi	tɹʌmpɒlədʒi	tɹʌmpɑlədʒi	compound	trump|ology	0.0	0.0	0.09090909090909091	tɹʌmpɒləd͡ʒi	tɹʌmpɒlədʒi	0.08333333333333333	0.0
Trumpublican	tɹʌmpʌblɪkən	tɹʌmpʌblɪkən	tɹʌmpəblɪkən	tɹʌmpəblɪkən	compound	t|rum|publican	0.0	0.08333333333333333	0.08333333333333333	tɹʌmpʌblɪkən	tɹʌmpʌblɪkən	0.0	0.0
Trumpublicans	tɹʌmpʌblɪkənz	tɹʌmpʌblɪkənz	tɹʌmpəblɪkənz	tɹʌmpəblɪkənz	compound	t|rum|publicans	0.0	0.07692307692307693	0.07692307692307693	tɹəmpəblɪkənz	tɹʌmpʌblɪkənz	0.15384615384615385	0.0
Tsetserleg	tsɛtsəɹlɛɡ	tsɛtsiɹlɛɡ	tsɛtsəlɛɡ	tsɛtsɚləɡ	compound	tsetse|r|leg	0.1	0.1111111111111111	0.3333333333333333	tsɛtsɜlɛɡ	tsɛtsəlɛɡ	0.2222222222222222	0.1111111111111111
Tumxuk	tʌmʃʊk	tʌmzuk	tʌmksʌk	tʌmksək	compound	tum|xu|k	0.3333333333333333	0.42857142857142855	0.42857142857142855	tʌmʃʊk	tʌmʃʌk	0.0	0.16666666666666666
Turkiye	tʊəɹkɪə	tɜɹkijɛ	tɜkɪaɪ	tɚkaɪi	compound	turki|ye	0.7142857142857143	0.8333333333333334	0.8333333333333334	tɜɹkijeɪ	tɜki	0.75	1.25
Tutuila	tuːtuiːlə	tutuilə	tjutjuɪlə	tutʃuələ	compound	tutu|ila	0.0	0.3333333333333333	0.25	tutuilə	tjutuɪlə	0.0	0.25
Tuvan	tuːvən	tuvən	tjuvan	tuvən	compound	tuva|n	0.0	0.3333333333333333	0.0	tʃuvən	tjuvən	0.16666666666666666	0.16666666666666666
Tweedmouth	twiːdməθ	twidməθ	twidməθ	twidməθ	compound	tweed|mouth	0.0	0.0	0.0	twidməθ	twidməθ	0.0	0.0
Tánaiste	tɔːnɪʃtə	tɣɑnɣəʃtjə	taneɪst	tneɪst	compound	[]	0.5	0.5714285714285714	0.6666666666666666	tænəɪst	tæneɪst	0.5714285714285714	0.5714285714285714
Ubert	jubɝt	jubɝt	jubət	ʌbɚt	compound	uber|t	0.0	0.2	0.75	jubɜɹt	jubət	0.3333333333333333	0.2
Uchina	uːtʃinɑː	ətʃaɪnə	ʌtʃaɪnə	ʌkɪnə	compound	u|china	0.5714285714285714	0.5714285714285714	1.0	ut͡ʃɪnə	jukinə	0.42857142857142855	0.6666666666666666
Uelen	weɪlɛn	əɛlɛn	julən	ulən	compound	u|el|en	0.6	0.8	1.0	julən	ʊɛlən	0.8	0.8
Umbrielian	ʌmbɹiɛliən	ʌmbɹiəliən	ʌmbɹiliən	ʌmbɹiliən	compound	umbriel|ian	0.1	0.1111111111111111	0.1111111111111111	ʌmbɹɪliən	ʌmbɹɪɛliən	0.2222222222222222	0.1
Uniat	juːniːæt	juniæt	junɪat	juniət	compound	uni|at	0.0	0.3333333333333333	0.16666666666666666	juniæt	junɪæt	0.0	0.16666666666666666
Uphall	ʌphɔːl	ʌphɔl	ʌphɔl	ʌfəl	compound	up|hall	0.0	0.0	0.75	ʌphɔl	ʌphɔl	0.0	0.0
Usanian	juːseɪniən	juseɪniən	juzeɪniən	ʌsæniən	compound	usania|n	0.0	0.1111111111111111	0.5714285714285714	juzənɪən	juseɪniən	0.5	0.0
Uskmouth	ʌskməθ	ʌskməθ	ʌskməθ	ʌskməθ	compound	us|k|mouth	0.0	0.0	0.0	ʌskməθ	əskməθ	0.0	0.16666666666666666
Usonians	juːsoʊniənz	jusəʊniənz	juzəʊniənz	əsəʊniənz	compound	usonian|s	0.0	0.1	0.2222222222222222	juzənɪənz	juzəʊniənz	0.3333333333333333	0.1
Uyghuristan	wiɡəɹɪstɑːn	wigʊɹɪstən	aɪɡhjʊəɹɪstɑn	waɪɚɪstən	compound	uyghur|ist|an	0.3	0.38461538461538464	0.5555555555555556	juɡuɹɪstæn	aɪɡhjʊɹɪstən	0.4	0.5
Valencian	vəlɛnsiən	vəlɛnsiən	vəlɛnʃiən	veɪlənʃən	compound	valencia|n	0.0	0.1111111111111111	0.5555555555555556	vəlɛnsiən	vælɛnʃən	0.0	0.375
Vandalic	vændælɪk	vændəlɪk	vandalɪk	vændəlɪk	compound	vandal|ic	0.125	0.25	0.125	vændælɪk	vændælɪk	0.0	0.0
Varsovian	vɑːɹsəʊviən	vɑɹzəʊviən	vɑsəʊviən	vɑɹsəʊviən	compound	vars|o|vian	0.1	0.1111111111111111	0.0	vɑɹsəʊviən	vɑsəʊviən	0.0	0.1111111111111111
Veganuary	viːɡənjuɛɹi	viɡənəɛɹi	vɛɡənjuəɹi	vɛɡənjɑɹi	compound	vegan|u|ary	0.2222222222222222	0.2	0.3333333333333333	viɡənjuɛɹi	vɛɡænjʊəɹi	0.0	0.4
Velestinon	vɛlɛstɪnɒn	vilɛstɪnɒn	vɛlɪstɪnən	vɛlɛstɪnən	compound	ve|lest|in|on	0.1	0.2	0.1	vɛlɪstɪnən	vɛlɛstɪnən	0.2	0.1
Verascope	vɪəɹəskəʊp	vɛɹəzkəʊp	vɛɹəskəʊp	vɚəskəʊp	compound	veras|cope	0.3333333333333333	0.2222222222222222	0.375	vəɹəskəʊp	vɛɹəskəʊp	0.1111111111111111	0.2222222222222222
Vestan	vɛstən	vɛstən	vɛstən	vɛstən	compound	vesta|n	0.0	0.0	0.0	vɛstæn	vɛstən	0.16666666666666666	0.0
Vestian	vɛstiən	vɛstiən	vɛstʃən	vɛstiən	compound	vest|ian	0.0	0.14285714285714285	0.0	vɛstɪən	vɛstʃən	0.14285714285714285	0.14285714285714285
Vetreno	vɛtɹɪnə	vɛtɹinəʊ	vɛtɹɛnəʊ	vɛtɹinəʊ	compound	vet|reno	0.25	0.25	0.25	vɛtɹɛnəʊ	vɛtɹinəʊ	0.25	0.25
Veurne	vɜːɹnə	viɜni	vjuən	vɚn	compound	ve|urn|e	0.6	0.8	1.0	vɜɹn	vɜn	0.25	0.6666666666666666
Vidian	vɪdiən	vɪdiən	vɪdiən	vɪdiən	compound	vid|ian	0.0	0.0	0.0	vɪdiən	vɪdiən	0.0	0.0
Viossa	vɪjoʊsə	vaɪɑsə	vaɪɒsə	vaɪəsə	compound	vi|ossa	0.6666666666666666	0.6666666666666666	0.5	vaɪɒsə	vaɪɒsə	0.6666666666666666	0.6666666666666666
Volodymyr	vəlɒdɪmiɚ	vɒlɒdɪmjɹ	vɒlədɪmə	vəʊlədɪmɚ	compound	vol|od|ym|y|r	0.3333333333333333	0.5	0.3333333333333333	vɑlɒdɪmi	vɒlədɪmə	0.25	0.5
WANs	wæns	wænz	wanz	wɑnz	compound	wan|s	0.25	0.5	0.5	wɑnz	wɒnz	0.5	0.5
Waaihoek	vaɪhʊk	wɑeɪaɪhəʊk	wɑɹɪhəʊk	wɔihəʊk	compound	wa|ai|hoek	0.5	0.5	0.5714285714285714	wɑhʊk	wɑɪhəʊk	0.6	0.42857142857142855
Wabana	wəbænə	wɑbænə	wɒbɑnə	wəbənə	compound	wab|ana	0.16666666666666666	0.3333333333333333	0.16666666666666666	wəbænə	wəbænə	0.0	0.0
Waiau	waɪaʊ	waɪəʊ	weɪə	weɪə	compound	wai|au	0.2	0.25	0.25	waɪə	weɪəʊ	0.0	0.4
Waihi	waɪhiː	waɪhaɪ	weɪhaɪ	weɪi	compound	wai|hi	0.3333333333333333	0.5	0.5	waɪhi	weɪhi	0.0	0.2
Waikiwi	wʌɪkiːwi	waɪkiwi	weɪkɪwi	weɪkiwi	compound	wai|kiwi	0.14285714285714285	0.2857142857142857	0.14285714285714285	waɪkiwi	weɪkɪwi	0.14285714285714285	0.2857142857142857
Waimate	wʌɪmati	waɪmeɪt	weɪmeɪt	weɪmeɪt	compound	wai|mate	0.5714285714285714	0.5714285714285714	0.5714285714285714	weɪmeɪt	weɪmeɪt	0.5714285714285714	0.5714285714285714
Wairoa	wʌɪɹəʊə	waɪɹəʊə	weəɹəʊə	weɪɹəʊ	compound	wai|roa	0.14285714285714285	0.2857142857142857	0.3333333333333333	waɪɹəʊə	weəɹəʊə	0.14285714285714285	0.2857142857142857
Wang'an	wɑŋæn	wæŋən	waŋɡən	wɔŋzən	compound	wang|an	0.4	0.5	0.5	wɑŋɡɑn	wæŋən	0.3333333333333333	0.4
Wangan	wɒŋən	wæŋən	waŋɡən	wɔŋɡən	compound	wang|an	0.2	0.3333333333333333	0.3333333333333333	wæŋɡən	wæŋɡən	0.3333333333333333	0.3333333333333333
Waterlooville	wɔːtəɹluːvɪl	wɔtəluvɪl	wɔtəluvɪl	weɪtɚluvəl	compound	waterloo|ville	0.1111111111111111	0.1111111111111111	0.5	wɔtəlɔvɪl	wɔtəluvɪl	0.2222222222222222	0.1111111111111111
Wałęsa	vəwɛnsə	vawɛwsa	weɪlsə	wɔsə	compound	[]	0.42857142857142855	0.8333333333333334	1.0	vəwɛləsə	wɔwɛ̃sə	0.25	0.42857142857142855
WeChat	wiːtʃæt	witʃæt	witʃat	wɛtʃət	compound	we|chat	0.0	0.16666666666666666	0.3333333333333333	wɪt͡ʃæt	wɛtʃæt	0.2857142857142857	0.16666666666666666
Wearhead	wɪəɹhɛd	wɛɹhɛd	weəhɛd	wɛɹhəd	compound	wear|head	0.3333333333333333	0.3333333333333333	0.5	wɛɹhɛd	wiəhɛd	0.3333333333333333	0.3333333333333333
Wearmouth	wɪəɹməθ	wɛɹməθ	weəməθ	wɛɹməθ	compound	wear|mouth	0.3333333333333333	0.3333333333333333	0.3333333333333333	wɛɹməθ	wɛəməθ	0.3333333333333333	0.3333333333333333
Weitchpec	wɛtʃpɛk	weɪtʃpɛk	waɪtʃpɛk	waɪtʃpɛk	compound	wei|tch|pec	0.25	0.25	0.25	waɪt͡ʃpɛk	waɪtʃpɛk	0.3333333333333333	0.25
Welshpool	wɛlʃpuːl	wɛlʃpul	wɛlʃpul	wɛlʃpul	compound	welsh|pool	0.0	0.0	0.0	wɛlʃpul	wɛlʃpul	0.0	0.0
Welwood	wɛlwʊd	wɛlwʊd	wɛlwʊd	wɛlwʊd	compound	w|elwood	0.0	0.0	0.0	wɛlwʊd	wɛlwʊd	0.0	0.0
Westphalians	wɛstfeɪljənz	wɛstfeɪlɪənz	wɛstfeɪliənz	wɛstfəliənz	compound	westphalian|s	0.08333333333333333	0.08333333333333333	0.2727272727272727	wɛstfəliənz	wɛstfeɪliənz	0.2727272727272727	0.08333333333333333
Westrip	wɛstɹɪp	wɛstɹɪp	wɛstɹɪp	wɛstɹɪp	compound	west|rip	0.0	0.0	0.0	wɛstɹɪp	wɛstɹɪp	0.0	0.0
Westville	wɛstvɪl	wɛstvɪl	wɛstvɪl	wɛstvɪl	compound	west|ville	0.0	0.0	0.0	wɛstvɪl	wɛstvɪl	0.0	0.0
Weybridge	weɪbɹɪdʒ	weɪbɹɪdʒ	weɪbɹɪdʒ	waɪbɹɪdʒ	compound	wey|bridge	0.0	0.0	0.125	weɪbɹɪd͡ʒ	weɪbɹɪdʒ	0.1111111111111111	0.0
Whalsay	wɔːlzi	wɑlseɪ	walseɪ	wælseɪ	compound	wha|l|say	0.6666666666666666	0.6666666666666666	0.6666666666666666	wɔlseɪ	wɒlseɪ	0.5	0.6666666666666666
Whatling	wɒtlɪŋ	wɒtlɪŋ	wɒtəlɪŋ	wætlɪŋ	compound	what|ling	0.0	0.14285714285714285	0.16666666666666666	wɒθlɪŋ	wɒtlɪŋ	0.16666666666666666	0.0
Whewell	hjuːəl	fjuɛl	wjuɛl	wuəl	compound	whew|ell	0.4	0.4	0.5	weɪwɛl	wjuəl	0.8333333333333334	0.2
Whewellian	hjuːwɛliən	fjuɛliən	wjuɛliən	wuɛliən	compound	whew|ell|ian	0.25	0.25	0.42857142857142855	fjuɛliən	wɪwɛliən	0.25	0.375
Whitbourne	wɪtbɚn	wɪtbɔn	wɪtbɔn	wɪtbɔɹn	compound	whit|bourne	0.16666666666666666	0.16666666666666666	0.2857142857142857	wɪtbɔɹn	wɪtbɔn	0.2857142857142857	0.16666666666666666
Whitechurch	waɪttʃɜːɹtʃ	waɪttʃɜtʃ	waɪtɛkɜtʃ	waɪttʃɚtʃ	compound	white|church	0.1111111111111111	0.3333333333333333	0.2222222222222222	waɪt͡ʃɜɹt͡ʃ	waɪtʃɜtʃ	0.18181818181818182	0.25
Whiteway	waɪtweɪ	waɪtweɪ	waɪtweɪ	waɪtweɪ	compound	white|way	0.0	0.0	0.0	waɪtweɪ	waɪtweɪ	0.0	0.0
Whitwick	wɪtwɪk	wɪtwɪk	wɪtwɪk	wɪtwɪk	compound	whit|wick	0.0	0.0	0.0	wɪtwɪk	wɪtwɪk	0.0	0.0
Wickfield	wɪkfiːld	wɪkfild	wɪkfild	wɪkfild	compound	wick|field	0.0	0.0	0.0	wɪkfild	wɪkfild	0.0	0.0
Willimantic	wɪləmæntɪk	wɪlimɑntɪk	wɪlɪmantɪk	wɪlɪməntɪk	compound	willi|mantic	0.2	0.2	0.2	wɪləmæntɪk	wɪlɪmæntɪk	0.0	0.1
Winklevoss	wɪŋkəlvɒs	wɪŋkəlvɔs	wɪŋklɪvɒs	wɪŋkəlvəs	compound	winkle|voss	0.1111111111111111	0.2222222222222222	0.1111111111111111	wɪŋkəlvɔs	wɪŋklɪvɒs	0.1111111111111111	0.2222222222222222
Winterland	wɪntɚlænd	wɪntəlænd	wɪntələnd	wɪntɚlənd	compound	winter|land	0.1111111111111111	0.2222222222222222	0.1111111111111111	wɪntɚlənd	wɪntələnd	0.1111111111111111	0.2222222222222222
Winwick	wɪnɪk	wɪnwɪk	wɪnwɪk	wɪnwɪk	compound	win|wick	0.16666666666666666	0.16666666666666666	0.16666666666666666	wɪnwɪk	wɪnwɪk	0.16666666666666666	0.16666666666666666
Wiradjuric	wɪɹaːdʒuɹiːk	wɪɹadʒuɹis	wɜɹədʒʊəɹɪk	wɚədʒɚɪk	compound	wiradjuri|c	0.1	0.45454545454545453	0.75	wɪɹəd͡ʒʊɹɪk	waɪɹədʒjʊɹɪk	0.36363636363636365	0.4166666666666667
Wishkah	wɪʃkɑː	wɪʃkɑ	wɪʃkə	wɪʃkə	compound	wish|kah	0.0	0.2	0.2	wɪʃkɑ	wɪʃkə	0.0	0.2
Withybrook	wɪðibɹʊk	wɪðibɹʊk	wɪθaɪbɹʊk	wɪθɪbɹʊk	compound	withy|brook	0.0	0.3333333333333333	0.25	wɪðibɹʊk	wɪðɪbɹʊk	0.0	0.125
Wodonga	wədɒŋɡə	wəʊdɒŋɡə	wɒdɒŋɡə	wəʊdɑŋɡə	compound	wo|donga	0.125	0.14285714285714285	0.25	wɒdɒŋɡə	wədɒŋɡə	0.14285714285714285	0.0
Wolfville	wʊlfvɪl	wʊlfvɪl	wʊlfvɪl	wɔlfvɪl	compound	wolf|ville	0.0	0.0	0.14285714285714285	wʊlfvɪl	wʊlfvɪl	0.0	0.0
Woolfian	wʊlfiən	wʊlfiən	wʊlfiən	wʊlfiən	compound	woolf|ian	0.0	0.0	0.0	wʊlfɪən	wʊlfiən	0.14285714285714285	0.0
Woolfish	wʊlfiʃ	wʊlfɪʃ	wʊlfɪʃ	wʊlfɪʃ	compound	woolf|ish	0.16666666666666666	0.16666666666666666	0.16666666666666666	wʊlfɪʃ	wʊlfɪʃ	0.16666666666666666	0.16666666666666666
Wuhu	wuːhuː	wuhu	wuhu	wuu	compound	wu|hu	0.0	0.0	0.3333333333333333	wuhə	wuhu	0.25	0.0
Wujiaqu	wuːdʒiɑːtʃuː	wudʒiəku	wudʒɪɑk	wuʒək	compound	wu|jia|qu	0.375	0.5714285714285714	1.2	wud͡ʒiɑkwi	wudʒɪækw	0.4	0.625
Wytheville	wɪθvɪl	waɪðvɪl	waɪðvɪl	waɪðɛvəl	compound	wythe|ville	0.2857142857142857	0.2857142857142857	0.5	waɪðəvɪl	waɪðvɪl	0.375	0.2857142857142857
Xanten	sɑːntən	ʃɑntɛn	zantən	ɡzæntən	compound	xan|ten	0.3333333333333333	0.3333333333333333	0.42857142857142855	zæntən	zɑntən	0.3333333333333333	0.16666666666666666
Xian'an	ʃiænɑn	zjɑnən	zaɪənən	ʒiɑnzən	compound	xian|an	0.6666666666666666	0.7142857142857143	0.5714285714285714	ʃiənæn	ʃaɪənən	0.3333333333333333	0.5714285714285714
Xianbei	ʃjænbeɪ	zjɑnbiaɪ	zaɪənbeɪ	ksiænbi	compound	xian|be|i	0.5	0.5	0.7142857142857143	ʃinbeɪ	ʃaɪənbeɪ	0.3333333333333333	0.375
Xiang'an	ʃiɑŋæn	ʃiɑŋən	zaɪəŋən	ksiæŋzən	compound	xiang|an	0.16666666666666666	0.7142857142857143	0.625	ʃiɑŋɡɑn	ʒaɪəŋən	0.2857142857142857	0.7142857142857143
Xianggang	ʃjɑːŋɡɑːŋ	ʃiɑŋɡæŋ	zaɪəŋɡaŋ	ksiæŋɡæŋ	compound	xiang|gang	0.2857142857142857	0.625	0.625	ʃiɑŋɡɑŋ	ʒaɪæŋɡæŋ	0.14285714285714285	0.625
Xibe	sibe	ɹəʊmənɪlɛvənbi	zaɪb	zaɪb	compound	xi|be	0.9285714285714286	1.0	1.0	ʃib	ɡzaɪb	0.6666666666666666	1.0
Xin'an	ʃɪnɑn	ʃɪnən	zɪnən	ksɪnzən	compound	xin|an	0.2	0.4	0.5714285714285714	ʃɪnɑn	zɪnən	0.0	0.4
Xinan	ʃinæn	ʃɪnən	zɪnən	ksɪnən	compound	xin|an	0.4	0.6	0.6666666666666666	ʃɪnɑn	zɪnən	0.4	0.6
Xinchengzi	ʃɪntʃʌŋdzɪ	ʃɪntʃɛŋzi	zɪntʃɛŋɡzi	ksɪntʃɪŋɡzi	compound	xin|cheng|zi	0.3333333333333333	0.4	0.45454545454545453	ʃɪntʃɛŋzi	zɪntʃɛŋzi	0.3333333333333333	0.4444444444444444
Xinfeng	ʃɪnfɛŋ	ʃɪnfɛŋ	zɪnfɛŋ	ksɪnfɪŋ	compound	xin|feng	0.0	0.16666666666666666	0.42857142857142855	ʃɪnfɛŋ	zɪnfɛŋ	0.0	0.16666666666666666
Xinfu	ʃɪnfu	ʃɪnfu	zɪnfu	ksɪnfu	compound	xin|fu	0.0	0.2	0.3333333333333333	ʃɪnfʊ	zɪnfju	0.2	0.3333333333333333
Xing'an	ʃɪŋɑːn	ʃɪŋən	zɪŋən	ksɪŋzən	compound	xing|an	0.2	0.4	0.5714285714285714	ʃɪŋɑn	zɪŋən	0.0	0.4
Xingcheng	ʃɪŋtʃɛŋ	ʃɪŋtʃɛŋ	zɪŋtʃɛŋ	ksɪŋtʃɪŋ	compound	xing|cheng	0.0	0.14285714285714285	0.375	ʃɪŋtʃɛŋ	zɪŋtʃɛŋ	0.0	0.14285714285714285
Xingguo	ʃɪŋɡwoʊ	ʃɪŋɡuəʊ	zɪŋɡjuəʊ	ksɪŋdʒuəʊ	compound	xing|gu|o	0.14285714285714285	0.375	0.5555555555555556	ʃɪŋɡuəʊ	zɪŋɡjuəʊ	0.14285714285714285	0.375
Xinghualing	ʃɪŋhwɑlɪŋ	ʃɪŋhuəlɪŋ	zɪŋhjueɪlɪŋ	ksɪŋhuəlɪŋ	compound	xing|hua|ling	0.2222222222222222	0.45454545454545453	0.4	ʃɪŋɡwɑlɪŋ	zɪŋhjuəlɪŋ	0.1111111111111111	0.4
Xingjiang	ʃɪŋdʒiæŋ	ʃɪŋdʒɑŋ	zɪŋdʒjaŋ	ksɪŋdʒiɑŋ	compound	xing|jiang	0.2857142857142857	0.375	0.3333333333333333	ʃɪŋd͡ʒiɑŋ	zɪŋdʒiæŋ	0.2222222222222222	0.125
Xingping	ʃɪŋpɪŋ	ʃɪŋpɪŋ	zɪŋpɪŋ	ksɪŋɡpɪŋ	compound	xing|ping	0.0	0.16666666666666666	0.375	ʃɪŋpɪŋ	ɡzɪŋpɪŋ	0.0	0.2857142857142857
Xingqing	ʃɪŋtʃɪŋ	ʃɪŋkɪŋ	zɪŋkɪŋ	ksɪŋɡkɪŋ	compound	xing|qing	0.3333333333333333	0.5	0.5	ʃɪŋtʃɪŋ	zɪŋkɪŋ	0.0	0.5
Xingshan	ʃɪŋʃɑn	ʃɪŋʃæn	zɪŋʃən	ksɪŋʃən	compound	xing|shan	0.16666666666666666	0.3333333333333333	0.42857142857142855	ʃɪŋʃən	zɪŋʃən	0.16666666666666666	0.3333333333333333
Xingyang	ʃɪŋjæŋ	ʃɪŋjæŋ	zɪŋjaŋ	zɪndʒiæŋ	compound	xing|yang	0.0	0.3333333333333333	0.625	ʃɪŋjæŋ	zɪŋɡjæŋ	0.0	0.2857142857142857
Xiong'an	ʃjɒŋɑːn	ʒɔŋən	kʃəŋan	ʒɔŋzən	compound	xiong|an	0.8	0.6666666666666666	0.8333333333333334	ʃjɔŋɡɑn	ʒɒŋən	0.2857142857142857	0.6
Xuhui	ʃuːhweɪ	zuhuɪ	zjuhjui	juhi	compound	xu|hui	0.6	0.7142857142857143	1.0	ʃuhwi	ʒuhui	0.4	0.8
Yahir	jɑhɜːɹ	jɑhiɹ	jahiə	jɑɚ	compound	yahi|r	0.2	0.6	1.0	jəhɪəɹ	jɑhɜ	0.5	0.25
Yaldhurst	jɔːldhəːst	jəldhɜst	jaldhɜst	jældhɚst	compound	ya|l|d|hurst	0.25	0.25	0.25	jɔldhɜst	jɔldhɜst	0.125	0.125
Yangpu	jæŋpu	jæŋpu	jaŋpu	jæŋpu	compound	yang|pu	0.0	0.2	0.0	jæŋpʊ	jæŋpju	0.2	0.16666666666666666
Yangxin	jɑnʃiːn	jæŋʃɪn	jaŋksɪn	jæŋɡksɪn	compound	yang|xin	0.5	0.7142857142857143	0.75	jæŋʃɪn	jæŋksɪn	0.5	0.7142857142857143
Yangzi	jæŋzi	jæŋzi	jaŋzi	jæŋɡzi	compound	yang|zi	0.0	0.2	0.16666666666666666	jɑŋd͡ʒi	jæŋzi	0.5714285714285714	0.0
Yanhu	jænhu	jænhu	janhu	jænhu	compound	yan|hu	0.0	0.2	0.0	jɑnhu	jænhu	0.2	0.0
Yanji	jændʒiː	jændʒi	jandʒi	jændʒi	compound	yan|ji	0.0	0.16666666666666666	0.0	jænd͡ʒi	jændʒi	0.14285714285714285	0.0
Yanqing	jɑːntʃɪŋ	jænkɪŋ	jaŋkɪŋ	jæŋkɪŋ	compound	yan|qing	0.5	0.6666666666666666	0.6666666666666666	jɑnkɪŋ	jɑnkɪŋ	0.3333333333333333	0.3333333333333333
Yayan	jɑːjɑːn	jajan	jeɪən	jeɪən	compound	yaya|n	0.4	0.6	0.6	jaɪən	jaɪən	0.6	0.6
Yerkish	jɜːɹkɪʃ	jɜɹkɪʃ	jɜkɪʃ	jɚkɪʃ	compound	yerk|ish	0.0	0.2	0.4	jɜɹkɪʃ	jɜkɪʃ	0.0	0.2
Yichang	jiːtʃɑŋ	jitʃæŋ	jɪtʃaŋ	jɪʃæŋ	compound	yi|chang	0.16666666666666666	0.3333333333333333	0.6	itʃɑŋ	jɪtʃæŋ	0.2	0.3333333333333333
Yiwu	jiːwuː	jiwu	jɪwu	jiwu	compound	yi|wu	0.0	0.25	0.0	jiwʌ	jiwu	0.25	0.0
Yiyuan	ijuən	jijuən	jɪjuən	jɪjuən	compound	yi|yuan	0.16666666666666666	0.3333333333333333	0.3333333333333333	jijʊən	jɪjuən	0.3333333333333333	0.3333333333333333
Yolŋu	juːlŋʊ	julŋʊ	jɒlnu	jəlu	compound	[]	0.0	0.6	0.75	jɒlʊŋɡu	jɒlənju	0.5714285714285714	0.7142857142857143
Yongchang	jɔŋtʃæŋ	jɔŋtʃæŋ	jɒŋtʃaŋ	jɔŋtʃæŋ	compound	yong|chang	0.0	0.2857142857142857	0.0	jɔŋt͡ʃɑŋ	jɒŋtʃæŋ	0.25	0.14285714285714285
Yongcheng	jɔŋtʃɛŋ	jɔŋtʃɛŋ	jɒŋtʃɛŋ	jɔŋtʃɪŋ	compound	yong|cheng	0.0	0.14285714285714285	0.14285714285714285	jɔŋtʃɛŋ	jɒŋtʃɛŋ	0.0	0.14285714285714285
Yongchun	jɔŋtʃən	jɔŋtʃən	jɒŋtʃʌn	jɔŋtʃən	compound	yong|chun	0.0	0.2857142857142857	0.0	jɔŋt͡ʃʌn	jɒŋtʃʌn	0.25	0.2857142857142857
Yongding	jɔŋdɪŋ	jɔŋdɪŋ	jɒŋdɪŋ	jɔŋdɪŋ	compound	yong|ding	0.0	0.16666666666666666	0.0	jɔŋdɪŋ	jɒŋdɪŋ	0.0	0.16666666666666666
Yonge	jʊŋ	jɔŋi	jɒndʒ	jɑndʒ	compound	yong|e	0.5	0.8	0.8	jʌŋ	jɒndʒ	0.3333333333333333	0.8
Yongji	jɔŋdʒi	jɔŋdʒi	jɒŋdʒi	jɔŋdʒi	compound	yong|ji	0.0	0.16666666666666666	0.0	jɔŋd͡ʒi	jɒŋdʒi	0.14285714285714285	0.16666666666666666
Yongning	jɔŋnɪŋ	jɔŋnɪŋ	jɒŋnɪŋ	jɔŋnɪŋ	compound	yong|ning	0.0	0.16666666666666666	0.0	jʊŋnɪŋ	jɒŋnɪŋ	0.16666666666666666	0.16666666666666666
Yongshan	jɔŋʃæn	jɔŋʃæn	jɒŋʃən	jɔŋʃən	compound	yong|shan	0.0	0.3333333333333333	0.16666666666666666	jɔŋʃɑn	jɒŋʃən	0.16666666666666666	0.3333333333333333
Yumpsville	jʌmpsvɪl	jʌmpsvɪl	jʌmpzvɪl	jʌmpsvɪl	compound	y|umps|ville	0.0	0.125	0.0	jʌmpsvɪl	jʌmpsvɪl	0.0	0.0
Yumrembam	jʌmɹɛmbæm	jʌmɹɛmbæm	jumɹɪmbam	jʌmɹəmbəm	compound	yum|rem|bam	0.0	0.3333333333333333	0.2222222222222222	jʌmɹɛmbəm	jʌmɹɪmbæm	0.1111111111111111	0.1111111111111111
Yuzhong	juːdʒɒŋ	juʒɒŋ	juʒɒŋ	juɑŋ	compound	yu|zhong	0.2	0.2	0.75	juʒɒŋ	juʒɒŋ	0.2	0.2
Zagrebian	zɑɡɹɛbiən	zɑɡɹɛbiən	zaɡɹibiən	zæɡɹibiən	compound	zagreb|ian	0.0	0.2222222222222222	0.2222222222222222	zəɡɹɛbiən	zæɡɹibiən	0.1111111111111111	0.2222222222222222
Zangid	zæŋɡɪd	zæŋɡid	zaŋɡɪd	zæŋɪd	compound	zangi|d	0.16666666666666666	0.16666666666666666	0.2	zæŋɡɪd	zæŋɡɪd	0.0	0.0
Zaporizhia	zɑːpəɹiːʒiə	zæpɔɹidʒiə	zapɔɹɪʒiə	zɑpɚaɪziə	compound	zap|ori|zhi|a	0.3	0.3333333333333333	0.4444444444444444	zɑpəɹiʒə	zæpəɹɪʒɪə	0.125	0.3333333333333333
Zealandia	ziːlændiə	ziləndiə	zilandiə	ziləndiə	compound	zealand|ia	0.125	0.125	0.125	zilændiə	ziəlændiə	0.0	0.1111111111111111
Zerahiah	zɛɹəhaɪə	zɛɹəhaɪɑ	zɛɹəhaɪə	zɚəhaɪə	compound	zera|hi|ah	0.125	0.0	0.2857142857142857	zəɹəhaɪə	zɛɹəhaɪə	0.125	0.0
Zhangzi	dʒɑŋdʒiː	ʒæŋzi	ʒaŋzi	zæŋɡzi	compound	zhang|zi	0.8	0.8	0.8333333333333334	d͡ʒɑŋd͡ʒi	ʒæŋzi	0.2222222222222222	0.8
Zhen'an	dʒɛnɑn	zɛnən	ʒɛnən	zɛnzən	compound	zhen|an	0.6	0.4	0.6666666666666666	zɛnæn	ʒɛnən	0.6	0.4
Zhonglu	ʒɔŋlu	ʒɒŋlu	ʒɒŋɡlu	zɑŋlu	compound	zhong|lu	0.2	0.3333333333333333	0.4	d͡ʒɑŋlu	ʒɒŋɡlu	0.42857142857142855	0.3333333333333333
Zhongmu	dʒɔŋmu	ʒɒŋmu	ʒɒŋmu	zɑŋmu	compound	zhong|mu	0.4	0.4	0.6	d͡ʒɒŋmu	ʒɒŋmu	0.2857142857142857	0.4
Zhongnanhai	dʒʊŋnɑnhaɪ	ʒɒŋnænhaɪ	ʒɒŋnənhaɪ	zɔŋnənheɪ	compound	zhong|nan|hai	0.3333333333333333	0.3333333333333333	0.5555555555555556	ʒɒŋnɑnhaɪ	ʒɒŋnənhaɪ	0.2222222222222222	0.3333333333333333
Zhongning	dʒɔŋnɪŋ	ʒɒŋnɪŋ	ʒɒŋnɪŋ	zɔŋnɪŋ	compound	zhong|ning	0.3333333333333333	0.3333333333333333	0.3333333333333333	ʒɒŋnɪŋ	ʒɒŋnɪŋ	0.3333333333333333	0.3333333333333333
Zhongsha	dʒʊŋʃɑː	ʒɒŋʃɑ	ʒɒŋʃə	zɑŋʃə	compound	zhong|sha	0.4	0.6	0.8	ʒɔŋʃɑ	ʒɒŋʃə	0.4	0.6
Zhongwei	dʒɔŋweɪ	ʒɒŋweɪ	ʒɒŋweɪ	zɑŋwi	compound	zhong|wei	0.3333333333333333	0.3333333333333333	1.0	d͡ʒɒŋweɪ	ʒɒŋweɪ	0.25	0.3333333333333333
Zhongyang	dʒɔŋjæŋ	ʒɒŋjæŋ	ʒəŋjaŋ	zɑndʒiæŋ	compound	zhong|yang	0.3333333333333333	0.5	0.75	ʒɒŋjæŋ	ʒɒŋɡjæŋ	0.3333333333333333	0.42857142857142855
Zhongyuan	dʒɔŋjuɑn	ʒɒŋjuən	ʒɒŋjuən	zɑŋjuən	compound	zhong|yuan	0.42857142857142855	0.42857142857142855	0.5714285714285714	ʒɒŋjuɑn	ʒɒŋɡjuən	0.2857142857142857	0.5
Zichang	dzɪtʃɑŋ	zɪtʃæŋ	zɪtʃaŋ	zɪʃæŋ	compound	zich|ang	0.3333333333333333	0.3333333333333333	0.6	zɪtʃɑŋ	zɪtʃæŋ	0.16666666666666666	0.3333333333333333
Zikawei	ziːkɑːweɪ	zɪkəweɪ	zɪkəweɪ	zɪkəwi	compound	zika|wei	0.2857142857142857	0.2857142857142857	0.6666666666666666	zɪkɑweɪ	zɪkəweɪ	0.14285714285714285	0.2857142857142857
Zipfian	zɪpfiːən	zɪpfiən	zɪpfiən	zɪpfaɪən	compound	zipf|ian	0.0	0.0	0.25	zɪpfɪən	zɪpfiən	0.14285714285714285	0.0
Zooey	zoʊi	zui	zui	zui	compound	zoo|ey	0.6666666666666666	0.6666666666666666	0.6666666666666666	zui	zui	0.6666666666666666	0.6666666666666666
Zuojhen	dzwoʊdʒʌn	zəəʊdʒeɪhɛn	zjuɒdʒhən	zuhən	compound	z|u|oj|hen	0.5454545454545454	0.6666666666666666	1.4	zud͡ʒɛn	zuəʊhən	0.8571428571428571	0.7142857142857143
Zybyne	zɪbɪneɪ	zabaɪni	zaɪbaɪn	zaɪbaɪn	compound	zy|by|ne	0.5714285714285714	0.5714285714285714	0.5714285714285714	zaɪbaɪn	zaɪbaɪn	0.5714285714285714	0.5714285714285714
aatheist	eɪeɪθiɪst	ɑɑθiɪst	ɑθiɪst	ææθaɪst	compound	aa|theist	0.5714285714285714	0.6666666666666666	0.7142857142857143	eɪθɪɪst	ɑθist	0.42857142857142855	1.0
abayas	əbeɪjəz	əbaɪjəz	əbeɪəz	əbeɪəs	compound	abaya|s	0.14285714285714285	0.16666666666666666	0.3333333333333333	əbaɪəz	əbaɪəz	0.3333333333333333	0.3333333333333333
abelmosks	eɪbəlmɒsks	eɪbəlmɒskz	eɪbəlmɒsks	əbɛlməsks	compound	abelmosk|s	0.1	0.0	0.4444444444444444	æbəlmɔsks	æbəlmɒsks	0.3333333333333333	0.2222222222222222
abigeat	əbɪdʒiət	æbaɪdʒæt	abaɪdʒat	æbɪɡət	compound	ab|ige|at	0.5	0.5	0.6666666666666666	əbɪ.d͡ʒɪt	æbɪdʒit	0.4444444444444444	0.2857142857142857
abite	əbaɪt	æbaɪt	abaɪt	əbɪt	compound	ab|ite	0.2	0.2	0.25	əbaɪt	əbaɪt	0.0	0.0
ablactate	æblækteɪt	æblækteɪt	əblakteɪt	əblækteɪt	compound	ab|lactate	0.0	0.2222222222222222	0.1111111111111111	əblæktət	əblækteɪt	0.375	0.1111111111111111
abnegative	æbnɛɡətɪv	æbnɛɡətɪv	abnɪɡətɪv	æbnəɡətɪv	compound	ab|negative	0.0	0.2222222222222222	0.1111111111111111	æbnɛɡ.ə.tɪv	æbnɪɡətɪv	0.18181818181818182	0.1111111111111111
abolitional	æbəlɪʃənəl	æbəlɪʃənæl	abəlɪʃənəl	əbəʊlɪʃənəl	compound	abolition|al	0.1	0.1	0.18181818181818182	æb.əlɪʃ.ən.əl	æbəlɪʃənəl	0.23076923076923078	0.0
abolla	əbɒlə	æbɒlə	əbɒlə	əbəʊlə	compound	ab|olla	0.2	0.0	0.3333333333333333	əbɒlə	əbɒlə	0.0	0.0
aborsement	əbɔːɹsmənt	əbɔɹsimənt	əbɔsmənt	əbɔɹsəmənt	compound	abor|semen|t	0.1	0.125	0.1	əbɔɹsmənt	əbɔsmənt	0.0	0.125
abrogationist	æbɹəɡeɪʃnɪst	æbɹəɡeɪʃənɪst	abɹəɡeɪʃənɪst	əbɹəʊɡeɪʃənɪst	compound	abrogation|ist	0.07692307692307693	0.15384615384615385	0.21428571428571427	æbɹəgeɪʃənəst	æbɹəɡeɪʃənɪst	0.23076923076923078	0.07692307692307693
absement	æbsəmənt	æbzəmɛnt	əbsɛmənt	əbzmənt	compound	abs|em|ent	0.25	0.25	0.42857142857142855	əbsɛmənt	æbsɪmənt	0.25	0.125
absinthial	æbsɪnθiəl	æbsɪnθʃəl	əbsɪnθɪəl	æbzɪnθiəl	compound	absinth|ial	0.1111111111111111	0.2222222222222222	0.1111111111111111	æbsɪŋ.θi.əl	əbsɪnθɪəl	0.2727272727272727	0.2222222222222222
absolutive	æbsəluːtɪv	æbsəlutaɪv	absəlutɪv	əbsəlutɪv	compound	absolut|ive	0.1	0.1111111111111111	0.1111111111111111	æb.səlju.tɪv	æbsəlutɪv	0.25	0.0
absotively	æbsətɪvli	æbsəʊtɪvlɪ	əbsɒtɪvli	əbsəʊtɪvli	compound	abso|tive|ly	0.2	0.2222222222222222	0.2	æb.səʊ.tɪv.li	æbsətɪvli	0.3076923076923077	0.0
abstractitious	æbstɹæktɪʃəs	æbstɹæktɪtəs	əbstɹəktɪʃəs	æbstɹæktɪʃəs	compound	abstract|it|ious	0.08333333333333333	0.16666666666666666	0.0	æbstɹæk.ʃə.ʃəs	æbstɹæktɪʃəs	0.2857142857142857	0.0
abulge	əbʌldʒ	əbʌldʒ	əbʌldʒ	əbʌldʒ	compound	a|bulge	0.0	0.0	0.0	əbʌldʒ	əbʌldʒ	0.0	0.0
aburn	əbɜːɹn	æbɜn	əbɜn	əbɚn	compound	ab|urn	0.5	0.25	0.5	əbɜɹn	əbɜn	0.0	0.25
abuseful	əbjusfʊl	əbjusfʊl	əbjusfəl	əbjusəfəl	compound	abuse|ful	0.0	0.125	0.2222222222222222	əbjusfəl	əbjusfəl	0.125	0.125
academentia	ækədɪmɛnʃə	ækədɪmɛnʃə	akədɪmɛnʃə	əkeɪdɪmɛnʃə	compound	aca|dementia	0.0	0.1	0.2727272727272727	æk.ədɛm.ən.ʃə	ækədɪmɛnʃə	0.38461538461538464	0.0
acarpous	eɪkɑɹpəs	ækɑɹpəs	əkɑpəs	əkɑɹpəs	compound	ac|arp|ous	0.2857142857142857	0.5	0.2857142857142857	əkɑɹpəs	əkɑpəs	0.2857142857142857	0.5
acarus	ækəɹəs	ækəɹəs	əkɑɹəs	əkɑɹəs	compound	aca|rus	0.0	0.3333333333333333	0.3333333333333333	ækɚəs	əkæɹəs	0.4	0.3333333333333333
accelerationism	æksɛləɹeɪʃənɪzm	əksɛləɹeɪʃənɪzəm	əksɛləɹeɪʃənɪzəm	æksɛlɚeɪʃənɪzəm	compound	acceleration|ism	0.125	0.125	0.2	æksɛl.əɹeɪ.ʃən.ɪz.m̩	əksɛləɹeɪʃənɪzəm	0.25	0.125
acclimatizational	əklaɪmətɪzeɪʃənəl	əklaɪmətaɪzeɪʃənæl	əklaɪmətaɪzeɪʃənəl	ækəlɪmətɪzeɪʃənəl	compound	acclimatization|al	0.1111111111111111	0.05555555555555555	0.17647058823529413	əklaɪmətaɪzeɪʃənəl	əklaɪmətaɪzeɪʃənəl	0.05555555555555555	0.05555555555555555
accordantly	əkɔːdəntli	əkɔdəntlɪ	əkɔdəntli	ækɚdæntli	compound	accordant|ly	0.1111111111111111	0.0	0.3333333333333333	əkɔɹdəntli	əkɔdəntli	0.1	0.0
accouplement	əkʌpəlmənt	əkʌpəlmɛnt	əkʌplɪmənt	ækupəlmənt	compound	accouple|ment	0.1	0.2	0.2	əkʌpəlmənt	əkuplɪmənt	0.0	0.3
accumulatio	əkʊmjulɑtio	əkʌmjulətaɪəʊ	əkjumjʊleɪʃɪəʊ	ækəmjəleɪʃəʊ	compound	accum|ula|ti|o	0.46153846153846156	0.6428571428571429	0.6666666666666666	əkjum.jəleɪ.ʃi.əʊ	əkjumjʊleɪʃəʊ	0.6470588235294118	0.6153846153846154
accusatively	əkjuːzətɪvlɪ	əkjuzətɪvlɪ	əkjuzətɪvli	ækjəsətɪvli	compound	accusative|ly	0.0	0.09090909090909091	0.36363636363636365	əkjuzətɪvlɪ	əkjuzətɪvli	0.0	0.09090909090909091
acequia	əseɪkjə	eɪskiə	əsɛkwiə	eɪsikwiə	compound	ace|qui|a	0.6666666666666666	0.5714285714285714	0.75	əsɛkwiə	əsikwiə	0.5714285714285714	0.5714285714285714
acerglyn	eɪsəɹɡlɪn	eɪsɝɡlɪn	əsɜɡlɪn	əsɚɡlɪn	compound	acer|glyn	0.25	0.5714285714285714	0.5714285714285714	æsɚglɪn	æsəɡlɪn	0.7142857142857143	0.42857142857142855
acerose	æsəɹoʊs	əsɛɹəʊseɪ	əsɜɹəʊz	əsɚəʊz	compound	acero|se	0.4444444444444444	0.42857142857142855	0.6666666666666666	æsəɹəʊz	æsəɹəʊz	0.14285714285714285	0.14285714285714285
achievance	ətʃiːvəns	ətʃivəns	ətʃivəns	ætʃivəns	compound	achieva|nce	0.0	0.0	0.125	ət͡ʃi.vəns	ətʃivəns	0.2	0.0
achievings	ətʃiːvɪŋz	ətʃivɪŋz	ətʃivɪŋz	ætʃivɪŋz	compound	achieving|s	0.0	0.0	0.125	ətʃivɪŋz	ətʃivɪŋz	0.0	0.0
achilous	eɪkaɪləs	eɪsieɪtʃaɪləʊʌs	ətʃɪləs	ætʃɪlɔs	compound	ach|ilo|us	0.5333333333333333	0.5714285714285714	0.7142857142857143	ækələs	ætʃɪləs	0.6666666666666666	0.5714285714285714
achings	eɪkɪŋz	eɪkɪŋz	eɪkɪŋz	ætʃɪŋz	compound	aching|s	0.0	0.0	0.5	eɪkɪŋz	eɪtʃɪŋz	0.0	0.2857142857142857
achronic	eɪkɹɒnɪk	əkɹɒnɪk	ətʃɹɒnɪk	ækɹənɪk	compound	a|chronic	0.2857142857142857	0.375	0.42857142857142855	əkɹɑnɪk	əkɹɒnɪk	0.42857142857142855	0.2857142857142857
acibenzolar	æsɪbɛnzəlɑːɹ	ækaɪbiɛnzəʊlɑ	əsaɪbənzəʊlə	eɪsɪbɛnzəʊlɚ	compound	ac|ib|enzo|lar	0.38461538461538464	0.5	0.4166666666666667	əsaɪbɛnzəlɚ	æsɪbɛnzələ	0.36363636363636365	0.2
acock	əkɒk	əkɒk	akɒk	ækɑk	compound	a|cock	0.0	0.25	0.5	əkɑk	əkɒk	0.25	0.0
acoelomic	eɪsiːlɒmɪk	əsəlɒmɪk	akəʊlɒmɪk	ækəʊləmɪk	compound	a|coelomic	0.375	0.4444444444444444	0.5555555555555556	əsi.lə.mɪk	ækəʊɪlɒmɪk	0.5	0.5
acrocephalopolydactylous	ækɹəʊsɛfələʊpɒlidæktɪləs	ækɹəʊsɛpheɪləʊpɑlidæktələs	akɹəʊsfəlɒpəlɪdəktɪləs	ɪkɹəʊsɛfələpəlidæktilɔs	compound	acro|cep|halo|polydactyl|ous	0.23076923076923078	0.3181818181818182	0.21739130434782608	æk.ɹə.sɛ.fə.ləʊ.pə.lɪdæk.tə.ləs	əkɹəʊsɪfæləpɒlɪdæktɪləs	0.3548387096774194	0.21739130434782608
acropoleis	ækɹɒpɒlɛɪz	ækɹəʊpəʊlaɪz	akɹəpəʊlaɪz	ɪkɹəpəʊliz	compound	acro|poleis	0.4166666666666667	0.45454545454545453	0.6	ækɹəpəʊlaɪz	əkɹɒpəleɪz	0.36363636363636365	0.3
acroposthion	ækɹəʊpɒsθɪən	ækɹəʊpəʊsthaɪɒn	akɹəpəʊsthiən	ɪkɹɑpɑsthaɪən	compound	acro|post|hi|on	0.4	0.5384615384615384	0.5384615384615384	ækɹəpəʊsθiən	ækɹəpɒsθɪən	0.3333333333333333	0.09090909090909091
acroter	ækɹətɚ	ækɹəʊtɝ	akɹəʊtə	ɪkɹəʊtɚ	compound	acro|ter	0.2857142857142857	0.42857142857142855	0.2857142857142857	ækɹətɚ	əkɹəʊtə	0.0	0.42857142857142855
actionee	ækʃəniː	ækʃəni	akʃəni	ækʃəni	compound	action|ee	0.0	0.16666666666666666	0.0	ækʃəni	ækʃəni	0.0	0.0
actroid	æktɹɔɪd	æktɹɔɪd	aktɹɔɪd	æktɹɔɪd	compound	act|roid	0.0	0.14285714285714285	0.0	æktɹɔɪd	əktɹɔɪd	0.0	0.14285714285714285
adactylous	eɪdæktɪləs	ədæktaɪləs	ədaktɪləs	ædæktilɔs	compound	a|dactyl|ous	0.3	0.3333333333333333	0.4444444444444444	ədæktəl.əs	ədæktɪləs	0.4	0.2222222222222222
adelopod	ədɛləpɒd	ədɛlɑpɒd	ədɛləpɒd	ædɛləpəd	compound	adel|op|od	0.125	0.0	0.25	ædəlɑpɑd	ædɪlɒpɒd	0.5	0.375
adenines	ædɪnɪnz	ædəninz	adəninz	eɪdɛnaɪnz	compound	adenine|s	0.2857142857142857	0.42857142857142855	0.4444444444444444	ædəninz	ædənaɪnz	0.2857142857142857	0.25
adermatoglyphia	eɪdɜːmətəʊɡlɪfɪə	eɪdɝmɑtəʊɡlɪfiə	ədɜmətəɡlɪfiə	eɪdɚmətəɡlɪfiə	compound	ader|mato|glyph|ia	0.2	0.3076923076923077	0.21428571428571427	ædɚmətɑɡləfaɪə	ædəmætəɡlɪfiə	0.5	0.46153846153846156
adhort	ædhɔːɹt	ædhɔɹt	ədhɔt	ædhɔɹt	compound	ad|hort	0.0	0.4	0.0	ədɔɹt	ədhɔt	0.4	0.4
adiaphanous	ædɪæfənəs	ədaɪæfənəs	eɪdɪafanəs	eɪdiəfənus	compound	a|diaphanous	0.2	0.4	0.5	ədaɪəfənəs	eɪdɪæfənəs	0.3	0.2
adiaphoron	ædiæfəɹən	ɑdiəfəʊɹɑn	eɪdɪafɔɹɒn	eɪdiəfɚən	compound	adia|pho|ron	0.4	0.6	0.5555555555555556	ədaɪəfəɹən	eɪdɪəfɔɹən	0.4	0.5
adipocytokine	ædɪpəʊsaɪtəʊkaɪn	ædɪpəʊsaɪtəkaɪn	adɪpɒsɪtɒkaɪn	ædɪpəsitəkɪn	compound	ad|ip|o|cytokine	0.06666666666666667	0.46153846153846156	0.4166666666666667	æd.ɪ.pəʊ.saɪtəʊ.kaɪn	ædɪpəʊsɪtəʊkin	0.2	0.21428571428571427
adjustings	ədʒʌstɪŋz	ədʒʌstɪŋz	ədʒʌstɪŋz	ədʒʌstɪŋz	compound	adjusting|s	0.0	0.0	0.0	ədʒʌstɪŋz	ədʒʌstɪŋz	0.0	0.0
adjutor	ædʒətɚ	ædʒʌtɔ	ədʒutə	əjutɚ	compound	ad|jut|or	0.3333333333333333	0.5	0.8	ədʒuɾəɹ	ədʒutə	0.7142857142857143	0.5
adluminal	ædlumɪnəl	ædlumənəl	adlumɪnəl	ædləmənəl	compound	ad|luminal	0.1111111111111111	0.1111111111111111	0.2222222222222222	ədlumənəl	ədlumɪnəl	0.2222222222222222	0.1111111111111111
admirability	ædmɪɹəbɪlɪti	ædmaɪɹəbɪlitaɪ	ədmaɪəɹəbɪlɪti	ædmɚəbɪlɪti	compound	admira|bili|ty	0.2857142857142857	0.21428571428571427	0.18181818181818182	ədmaɪɹəbɪləɾi	ædmɪɹəbɪlɪti	0.3076923076923077	0.0
admirative	ædmaɪɹətɪv	ædmaɪɹətɪv	adməɹətɪv	ædmɚeɪtɪv	compound	admira|tive	0.0	0.3333333333333333	0.4444444444444444	ədmaɪɹətɪv	ədmaɪɹətɪv	0.1	0.1
adriamycin	eɪdɹɪəmaɪsɪn	ɑdɹiəmaɪsɪn	adɹɪəmaɪsɪn	ædɹiəmɪsɪn	compound	adria|my|cin	0.2727272727272727	0.18181818181818182	0.4	eɪdɹiəmaɪsɪn	ædɹɪəmɪsɪn	0.08333333333333333	0.3
adstringent	ədstɹɪndʒənt	ædstɹɪndʒənt	ədstɹɪndʒənt	ædstɹɪndʒənt	compound	ad|stringent	0.08333333333333333	0.0	0.08333333333333333	ədstɹɪnd͡ʒənt	ədstɹɪndʒənt	0.07692307692307693	0.0
adustible	ədʌstɪbəl	ədʌstɪbəl	ədʌstɪbəl	ædʌstɪbəl	compound	adust|ible	0.0	0.0	0.1111111111111111	ədʌstəbəl	ədʌstəbəl	0.1111111111111111	0.1111111111111111
advoke	ədvəʊk	ædvəʊkɛ	advək	ædvəʊk	compound	advo|ke	0.2857142857142857	0.4	0.16666666666666666	ədvəʊk	ədvəʊk	0.0	0.0
adward	ədwɔːɹd	ædwɔd	ədwəd	ædwɚd	compound	ad|ward	0.4	0.4	0.6	ædwɚd	ədwɔd	0.6	0.2
adzed	ædzəd	ædzd	adzd	ædzd	compound	adze|d	0.25	0.5	0.25	ædzd	ædzd	0.25	0.25
aeolipiles	iːəʊlɪpʌɪlz	iəlɪpaɪlz	iəlɪpaɪlz	eɪəʊlɪpaɪlz	compound	aeolipile|s	0.2222222222222222	0.2222222222222222	0.2727272727272727	iəlɪpaɪlz	iɒlɪpaɪlz	0.2222222222222222	0.3333333333333333
aerian	eɪɪəɹɪən	eɪiɑɹiən	eəɹiən	ɛɹiən	compound	aer|ian	0.375	0.5	1.0	ɛɹiən	eəɹiən	1.0	0.5
aes	eɪz	eɪz	eɪiɛs	əz	compound	ae|s	0.0	0.6	1.0	eɪz	iz	0.0	1.0
aetheogam	eɪiːθɪəʊɡæm	eɪθiəʊɡæm	iθiəɡam	eɪθəʊɡəm	compound	ae|theo|gam	0.2222222222222222	0.7142857142857143	0.375	iθiəɡæm	iθɪəʊɡæm	0.5714285714285714	0.25
aetheogamous	eɪiːθiːɒɡəməs	eɪθiəʊɡæməs	iθiəɡəməs	eɪθəʊɡəməs	compound	ae|theo|gam|ous	0.36363636363636365	0.3333333333333333	0.3	iθiɑgəməs	iθɪɒɡəməs	0.4444444444444444	0.3333333333333333
afare	əfɛɚ	əfɑi	əfeə	əfɑɹ	compound	afar|e	0.5	0.5	0.5	əfɛɹ	əfeə	0.25	0.5
affectonym	əfɛktənɪm	əfɛktənɪm	əfɛktənɪm	æfɛktənim	compound	affect|ony|m	0.0	0.0	0.2222222222222222	æf.ə.ktə.nɪm	əfɛktənɪm	0.4166666666666667	0.0
affrighten	əfɹaɪtən	əfɹaɪtɛn	əfɹaɪtən	æfɹaɪtən	compound	affright|en	0.125	0.0	0.125	əfɹaɪtən	əfɹaɪtən	0.0	0.0
after't	ɑːftət	ɑftət	aftət	æftɚɪt	compound	after|t	0.0	0.2	0.5	æftɚt	ɑftət	0.4	0.0
agaricology	əɡæɹɪkɒlədʒi	æɡæɹɪkɒlədʒi	aɡəɹɪkɒlədʒi	əɡɑɹɪkələdʒi	compound	agaric|ology	0.08333333333333333	0.16666666666666666	0.16666666666666666	ægəɹɪkɑlədʒi	æɡəɹɪkɒlədʒi	0.3333333333333333	0.16666666666666666
agateophobia	əɡeɪtiəʊfəʊbiə	æɡeɪtəʊfəʊbiə	aɡeɪtəfəʊbiə	æɡeɪʃəʊfəʊbiə	compound	agate|o|phobia	0.15384615384615385	0.25	0.23076923076923078	ægətɑfəʊbiə	æɡətiəʊfəʊbiə	0.6363636363636364	0.23076923076923078
agateware	æɡətwɛɚ	æɡeɪtwɛɹ	aɡeɪtweə	æɡætwɔɹ	compound	agate|ware	0.375	0.625	0.42857142857142855	ægəteɪwɛɹ	əɡeɪtweə	0.4444444444444444	0.625
agelast	eɪdʒəlæst	eɪdʒlɑst	eɪdʒlast	ɪdʒɛləst	compound	age|last	0.25	0.25	0.375	ədʒɛləst	ædʒɪlɑst	0.5	0.5
aggest	ədʒɛst	æɡdʒɛst	aɡɪst	æɡɪst	compound	ag|gest	0.2857142857142857	0.8	0.8	əgɛst	əɡɛst	0.4	0.4
agha	ɑːɡɑː	æɡhɑ	aɡhə	æɡə	compound	ag|ha	0.5	0.75	0.6666666666666666	ægə	æɡə	1.0	0.6666666666666666
agnathia	æɡneɪθiə	æɡnəθiə	aɡnaθiə	æɡnæθiə	compound	agnath|ia	0.2857142857142857	0.42857142857142855	0.2857142857142857	ægnæθiə	æɡneɪθiə	0.42857142857142855	0.0
agnogenic	æɡnədʒɛnɪk	æɡnəʊdʒɛnɪk	aɡnəʊdʒɛnɪk	æɡnədʒɛnɪk	compound	ag|no|genic	0.09090909090909091	0.18181818181818182	0.0	ægnəd͡ʒɛnɪk	æɡnədʒɛnɪk	0.18181818181818182	0.0
agonothetes	əɡəʊnəθiːtiz	æɡɒnəʊtihɛtiz	aɡənɒθits	əɡɑnəθɪts	compound	agon|ot|het|es	0.5384615384615384	0.5555555555555556	0.5555555555555556	ægənəθits	æɡənəʊθits	0.5555555555555556	0.5
agonous	æɡənəs	æɡɒnəs	aɡənəs	əɡɑnəs	compound	agon|ous	0.16666666666666666	0.16666666666666666	0.3333333333333333	ægənəs	æɡənəs	0.16666666666666666	0.0
agrihood	æɡɹɪhʊd	æɡɹihʊd	aɡɹihʊd	æɡɹihʊd	compound	agri|hood	0.14285714285714285	0.2857142857142857	0.14285714285714285	ægɹɪhʊd	æɡɹɪhʊd	0.14285714285714285	0.0
aguinaldo	ɑːɡɪnɑːldoʊ	əɡɪnɑldəʊ	aɡwɪnaldəʊ	æɡwinəldəʊ	compound	a|guin|aldo	0.1111111111111111	0.3	0.4	əgɪnɑldəʊ	æɡwɪnɑldəʊ	0.2222222222222222	0.2
aguise	əɡaɪz	əɡaɪz	aɡaɪz	æɡwis	compound	a|guise	0.0	0.2	0.8	əgaɪz	əɡaɪz	0.2	0.0
agush	əɡʌʃ	æɡʌʃ	aɡʌʃ	əɡʊʃ	compound	ag|ush	0.25	0.25	0.25	əgʌʃ	æɡʊʃ	0.25	0.5
ahigh	əhaɪ	əhaɪ	ahaɪ	æhaɪ	compound	a|high	0.0	0.25	0.25	əhaɪ	əhaɪ	0.0	0.0
ahis	ɑhiz	ɑhiz	ɑhaɪz	əhɪz	compound	ahi|s	0.0	0.4	0.5	ɑhiz	æhɪs	0.0	0.75
ahlie	əlaɪ	ɑli	ɑli	ɑli	compound	ahl|ie	1.0	1.0	1.0	ɑli	ɑli	1.0	1.0
ahlspiess	ɔːlspiːʃ	ɑlspiz	ɑlspɪs	ɑlspis	compound	ahl|spiess	0.3333333333333333	0.5	0.3333333333333333	ɑlspiɪs	ɑlspiəs	0.42857142857142855	0.42857142857142855
ahull	əhʌl	əhʌl	ahʌl	əhʌl	compound	a|hull	0.0	0.25	0.0	əhʌl	əhʌl	0.0	0.0
aidings	eɪdɪŋz	eɪdɪŋz	eɪdɪŋz	eɪdɪŋz	compound	aiding|s	0.0	0.0	0.0	eɪdɪŋz	eɪdɪŋz	0.0	0.0
ailings	eɪlɪŋz	eɪlɪŋz	eɪlɪŋz	eɪlɪŋz	compound	ailing|s	0.0	0.0	0.0	eɪlɪŋz	eɪlɪŋz	0.0	0.0
ailurophiliac	aɪljʊəɹəfɪlɪæk	aɪljʊəɹəfɪlɪəs	eɪlʊəɹəfɪliak	eɪlɚəfɪliək	compound	ailurophilia|c	0.14285714285714285	0.3076923076923077	0.6363636363636364	eɪ.lɚ.əfɪ.li.æk	eɪlɔɹəfɪlɪæk	0.6	0.3333333333333333
aimings	eɪmɪŋz	eɪmɪŋz	eɪmɪŋz	eɪmɪŋz	compound	aiming|s	0.0	0.0	0.0	eɪmɪŋz	eɪmɪŋz	0.0	0.0
aisleway	aɪlweɪ	aɪəlweɪ	eɪslweɪ	eɪsəlweɪ	compound	aisle|way	0.14285714285714285	0.2857142857142857	0.375	aɪlsweɪ	eɪzəlweɪ	0.14285714285714285	0.375
akara	ækəɹə	ækəɹɑ	akɑɹə	əkɑɹə	compound	aka|ra	0.2	0.4	0.4	ækɚə	əkɑɹə	0.5	0.4
akhund	əkuːnd	ɑkənd	akhʌnd	ækhʌnd	compound	akh|und	0.4	0.5	0.5	əkʌnd	əkhʌnd	0.2	0.3333333333333333
aknee	əniː	ækni	akni	ækni	compound	ak|nee	0.5	0.5	0.5	əni	əkni	0.0	0.25
akropoleis	ækɹɒpɒlɛɪz	ækɹəʊpəʊlaɪz	akɹəpəʊlaɪz	ɪkɹəpəʊliz	compound	ak|ro|poleis	0.4166666666666667	0.45454545454545453	0.6	ækrəʊpɔlaɪz	ækɹəpəʊleɪz	0.45454545454545453	0.36363636363636365
akropolis	ækɹɒpɒlɪs	ækɹəʊpəlɪs	akɹɒpəliz	ɪkɹəpəʊlɪs	compound	ak|ro|polis	0.3	0.4444444444444444	0.4	əkɹɒpəlɪs	əkɹɒpəlɪs	0.2222222222222222	0.2222222222222222
akroposthion	ækɹəʊpɒsθɪən	ækɹəʊpəʊsthaɪɒn	akɹəpəʊsthiən	ɪkɹəpɑsthaɪən	compound	ak|ro|post|hi|on	0.4	0.5384615384615384	0.46153846153846156	ækɹəpɑsθiən	ækɹəpɒsθɪən	0.2727272727272727	0.09090909090909091
alacrious	əlækɹiəs	ælɑkɹiəs	əlakɹiəs	ælækɹiəʊs	compound	al|acri|ous	0.25	0.125	0.2222222222222222	əlækɹiəs	əleɪkɹɪəs	0.0	0.3333333333333333
alanyl	ælənɪl	ælənɪl	əlanaɪl	ələnəl	compound	alan|yl	0.0	0.42857142857142855	0.3333333333333333	ælənɪl	ælənɪl	0.0	0.0
alary	eɪləɹi	eɪlɑɹj	əlɑɹi	əlɑɹi	compound	alar|y	0.3333333333333333	0.6	0.6	əlɛɹi	æləɹi	0.6	0.4
albescence	ælbɛsəns	ælbɛsəns	albɛsəns	ælbɛsəns	compound	alb|escence	0.0	0.125	0.0	ælbesəns	əlbɛsəns	0.125	0.125
albiness	ælbaɪnɛs	ælbaɪnzz	albinəs	ælbɪns	compound	albines|s	0.25	0.5714285714285714	0.3333333333333333	ɔl.bɪn.əs	ælbɪnəs	0.5555555555555556	0.2857142857142857
albumblatt	ælbəmblæt	ælbəmblæt	albəmblat	ælbəmblæt	compound	album|blatt	0.0	0.2222222222222222	0.0	ɔlbəmblat	ælbʌmblæt	0.2222222222222222	0.1111111111111111
alcatote	ælkətəʊt	ælkətəʊt	alkətəʊt	əlkətəʊt	compound	alca|tote	0.0	0.125	0.125	ælkətəʊt	ælkətəʊt	0.0	0.0
alcedine	ælsədʌɪn	ælkɛdɪni	alsɪdin	əlsdɪn	compound	alc|edin|e	0.5	0.5714285714285714	0.5	ælsədin	ælsɪdin	0.2857142857142857	0.42857142857142855
alchemistical	ælkəmɪstɪkəl	ælkɪmɪstɪkəl	alkɪmɪstɪkəl	æltʃɛmɪstɪkəl	compound	alchemist|ical	0.08333333333333333	0.16666666666666666	0.23076923076923078	æl.kəmɪs.tɪk.əl	ælkəmɪstɪkəl	0.2	0.0
alcotest	ælkətɛst	ælkəʊtɛst	alkəʊtɪst	əlkəʊtɪst	compound	alco|test	0.1111111111111111	0.3333333333333333	0.3333333333333333	ælkətɛst	ælkətəst	0.0	0.125
alegal	eɪliːɡəl	eɪlɡæl	əliɡəl	əlɛɡəl	compound	ale|gal	0.3333333333333333	0.3333333333333333	0.5	əligəl	ælɪɡəl	0.5	0.5
alferes	ælfɛɹɪs	ælfeəz	əlfɜz	ælfɚz	compound	alf|ere|s	0.6666666666666666	1.0	0.8	ælfəɹiz	ælfiəz	0.42857142857142855	0.6666666666666666
alienans	eɪliənænz	eɪliənænz	eɪliənənz	əlinənz	compound	alien|ans	0.0	0.1111111111111111	0.5714285714285714	eɪliənənz	eɪliənənz	0.1111111111111111	0.1111111111111111
aligot	æliɡoʊ	ælɪɡəʊti	əlɪɡət	ælɪɡət	compound	alig|ot	0.375	0.5	0.3333333333333333	ælɪɡɒt	ælɪɡɒt	0.5	0.5
alim	ɑːlɪm	ɑlim	alɪm	əlɪm	compound	ali|m	0.25	0.25	0.25	ælɪm	ælɪm	0.25	0.25
aliquant	ælɪkwɒnt	ɑlikwɒnt	alikwənt	ælikwɑnt	compound	ali|quant	0.25	0.375	0.25	ælɪkwənt	əlɪkwənt	0.125	0.25
alkie	ælki	ælki	alki	ælki	compound	alk|ie	0.0	0.25	0.0	ɔlkaɪ	ɔki	0.6	0.6666666666666666
allative	ælətɪv	ɑlətɪv	alətɪv	ələtɪv	compound	alla|tive	0.16666666666666666	0.16666666666666666	0.16666666666666666	ælətɪv	ælətɪv	0.0	0.0
allecret	ælɪkɹɛt	ɔlɛkɹɛt	əlɛkɹɪt	əlɪkɹɪt	compound	all|ec|ret	0.2857142857142857	0.42857142857142855	0.2857142857142857	ælɪkɹɪt	ælɪkɹɛt	0.14285714285714285	0.0
alleyed	ælid	æliɛd	alɪd	əlid	compound	alley|ed	0.2	0.5	0.25	æleɪd	ælɪd	0.4	0.25
allistic	ælɪstɪk	ælɪstɪk	alɪstɪk	ælɪstɪk	compound	allis|tic	0.0	0.14285714285714285	0.0	əlɪstɪk	əlɪstɪk	0.14285714285714285	0.14285714285714285
allomorphy	æləmɔːɹfi	æləmɔɹfj	aləmɔfi	ələmɔɹfi	compound	allomorph|y	0.125	0.2857142857142857	0.125	əlɑmɔɹfi	æləmɔfi	0.25	0.14285714285714285
allophilia	æləfɪliə	æləʊfɪliə	aləfɪliə	ələfɪliə	compound	allo|philia	0.1111111111111111	0.125	0.125	æləfɪliə	æləfɪliə	0.0	0.0
allosexual	æloʊsɛkʃuəl	æləʊsɛkʃuəl	aləʊskʃuəl	ələʊskʃuəl	compound	allo|sexual	0.0	0.2	0.2	æl.əʊsɛk.ʃu.əl	æləsɛkʃuəl	0.21428571428571427	0.1
allotope	ælətəʊp	əlɒtəʊp	əlɒtəʊp	ələʊtəʊp	compound	allot|ope	0.2857142857142857	0.2857142857142857	0.25	ælətəʊp	ælətəʊp	0.0	0.0
almude	ælmuːdə	ɑlmud	ɒlmjud	əlmud	compound	alm|ude	0.4	0.5	0.4	ɑlmud	ɒlmjud	0.4	0.5
aloos	æluːz	aluz	əluz	əluz	compound	aloo|s	0.25	0.25	0.25	əluz	əluz	0.25	0.25
alphameric	ælfəmɛɹɪk	ælfəmɛɹɪk	alfəmɛɹɪk	ælfəmɚɪk	compound	alpha|mer|ic	0.0	0.1111111111111111	0.25	ælfəmɛɹɪk	ælfəmɛɹɪk	0.0	0.0
alphametic	ælfəmɛtɪk	ælfəmɛtɪk	alfəmɛtɪk	ælfəmɛtɪk	compound	alpha|metic	0.0	0.1111111111111111	0.0	ælfəmɛtɪk	ælfəmɛtɪk	0.0	0.0
alpinism	ælpɪnɪzəm	əlpɪnɪzəm	alpɪnɪzəm	ælpinɪzəm	compound	alpin|ism	0.1111111111111111	0.1111111111111111	0.1111111111111111	ælpənɪzəm	ælpɪnɪzəm	0.1111111111111111	0.0
alquifou	ælkɪfuː	ælkifu	əlkwɪfu	əlkwɪfəʊ	compound	al|qui|fou	0.16666666666666666	0.2857142857142857	0.5	ælkɪfə	ælkwɪfu	0.16666666666666666	0.14285714285714285
altbier	ɑltbɪɹ	ɑltbiə	ɔltbiə	æltbaɪɚ	compound	alt|bier	0.3333333333333333	0.5	0.42857142857142855	ɑlt.bɪɚ	ɒltbɪə	0.2857142857142857	0.3333333333333333
alumnx	æləmɛks	æləmnks	əlʌmŋks	əlʌmŋks	compound	alum|n|x	0.14285714285714285	0.42857142857142855	0.42857142857142855	əlʌmnəks	əlʌmks	0.5	0.5
alveus	ælviəs	ælviʌs	alvɪəs	ælvis	compound	al|ve|us	0.16666666666666666	0.3333333333333333	0.2	ælviəs	ælvəs	0.0	0.2
amalgama	əmælɡəmə	əmælɡæmə	əməlɡɑmə	əmɑlɡəmə	compound	amalgam|a	0.125	0.25	0.125	əmælgəmə	əmælɡəmə	0.125	0.0
amanitin	æmənaɪtɪn	ɑmənɪtɪn	amənɪtɪn	əmænɪtɪn	compound	aman|it|in	0.25	0.25	0.375	æmənɪtɪn	æmənɪtɪn	0.125	0.125
amarantine	æməɹæntɪn	æməɹæntɪni	aməɹantin	əmɑɹæntɪn	compound	amarant|in|e	0.1	0.3333333333333333	0.2222222222222222	æməɹæntin	æməɹæntin	0.1111111111111111	0.1111111111111111
amarevole	ɑːməɹɛvəleɪ	əmɑɹɛvəʊl	ameəvəʊl	əmɛɹɛvəʊl	compound	amar|ev|ole	0.5555555555555556	0.875	0.5555555555555556	ɑmɑɹɛvəʊli	əmæɹɪvəʊl	0.4	0.6666666666666666
ambassadrix	æmbæsədɹɪks	æmbæsədɹɪks	ambəsadɹɪks	æmbəsədɹɪks	compound	am|bassa|d|rix	0.0	0.2727272727272727	0.09090909090909091	æmbəsædɹɪks	æmbəsədɹɪks	0.18181818181818182	0.09090909090909091
ambiamorous	æmbɪæməɹəs	æmbaɪæməɹəs	ambɪaməɹəs	æmbiəmɚus	compound	am|bi|amorous	0.09090909090909091	0.2	0.5555555555555556	æmbɪæməɹəs	æmbɪæməɹəs	0.0	0.0
ambilineal	æmbɪlɪniəl	æmbɪlinil	ambɪlɪniəl	æmbɪlɪnəl	compound	am|bili|neal	0.2222222222222222	0.1	0.1111111111111111	æmbəlɪniəl	æmbɪlɪniəl	0.1	0.0
ambisinistrous	æmbɪsɪnɪstɹəs	æmbaɪsɪnɪstɹəs	ambɪsɪnɪstɹəs	æmbɪsɪnɪstɹəs	compound	am|bi|sinistrous	0.07142857142857142	0.07692307692307693	0.0	æmbɪsɪnɪstɹəs	æmbɪzɪnɪstɹəs	0.0	0.07692307692307693
ambrisentan	æmbɹɪsɛntæn	æmbɹaɪzntən	ambɹɪsɛntən	æmbɹɪsɛntən	compound	am|brise|nt|an	0.36363636363636365	0.18181818181818182	0.09090909090909091	æmbɹɪs.n̩tæn	æmbɹɪzɛntən	0.16666666666666666	0.18181818181818182
ambsace	æmzeɪs	æmzeɪs	ambseɪs	æmbseɪs	compound	ambs|ace	0.0	0.42857142857142855	0.2857142857142857	æm.sbeɪs	æmbseɪs	0.375	0.2857142857142857
ambushings	æmbʊʃɪŋz	æmbʊʃɪŋz	ambʊʃɪŋz	æmbʊʃɪŋz	compound	ambushing|s	0.0	0.125	0.0	æmbʊʃɪŋz	æmbʊʃɪŋz	0.0	0.0
aminium	əmɪniəm	əmɪniəm	amɪniəm	əmɪnjəm	compound	a|minium	0.0	0.14285714285714285	0.14285714285714285	əmɪnɪəm	əmɪniəm	0.14285714285714285	0.0
aminopyralid	əmiːnəʊpɪɹəlɪd	əminəʊpaɪɹalɪd	əmɪnəpɪɹəlɪd	əmɪnəpjɹəlɪd	compound	amino|pyralid	0.14285714285714285	0.16666666666666666	0.25	əmɪn.əpɪɹ.əl.ɪd	əmɪnəpɪɹəlɪd	0.3333333333333333	0.16666666666666666
ammers	æməz	æməz	aməz	æmɚz	compound	ammer|s	0.0	0.25	0.25	æmɚz	æməz	0.25	0.0
amoebal	əmiːbəl	əmibəl	əmibəl	əməʊbəl	compound	amoeba|l	0.0	0.0	0.2857142857142857	əmibəl	əmibəl	0.0	0.0
amorevolous	æməɹɛvələs	ɑmɔɹvɒləs	amɔvələs	əmɔɹɛvəʊləs	compound	amore|vol|ous	0.4444444444444444	0.5	0.2727272727272727	æm.əɹɛv.ələs	əmɔɹɛvələs	0.16666666666666666	0.2
ampacity	æmpæsɪti	æmpækɪti	ampasɪti	æmpəsɪti	compound	amp|ac|ity	0.125	0.25	0.125	æmpæsəɾi	æmpæsɪti	0.25	0.0
amphoe	ɑmpəʊ	æmphəʊ	amfəʊ	æmfəʊ	compound	amp|hoe	0.3333333333333333	0.4	0.4	æmfəʊ	æmfəʊ	0.4	0.4
amping	æmpɪŋ	æmpɪŋ	ampɪŋ	æmpɪŋ	compound	amp|ing	0.0	0.2	0.0	æmpɪŋ	æmpɪŋ	0.0	0.0
amylaceous	æmɪleɪʃəs	æmɪleɪsəs	amɪleɪʃəs	əmileɪsus	compound	amyl|ace|ous	0.1111111111111111	0.1111111111111111	0.4444444444444444	æməleɪʃəs	æmɪleɪʃəs	0.1111111111111111	0.0
amylum	æmɪləm	æmɪlʌm	amaɪləm	əmɪlʌm	compound	amyl|um	0.16666666666666666	0.2857142857142857	0.3333333333333333	æmɪləm	æmɪləm	0.0	0.0
anabathrum	ænəbæθɹəm	ænəbɑθɹʌm	anəbaθɹəm	ənəbəθɹəm	compound	ana|bath|rum	0.2222222222222222	0.2222222222222222	0.2222222222222222	ænəbæθɹəm	ænəbæθɹəm	0.0	0.0
anadiplosis	ænədəploʊsɪs	ænədɪpəlʊsɪs	anədɪpləʊsɪs	ənædɪpləsɪz	compound	ana|dipl|osis	0.25	0.16666666666666666	0.45454545454545453	ænədɪpləsɪs	ænədɪpləʊsɪs	0.18181818181818182	0.08333333333333333
anadrome	ænədɹoʊm	ænədɹəʊm	anədɹəʊm	ənædɹəʊm	compound	ana|drome	0.0	0.125	0.25	ænədɹəʊm	ænədɹəʊm	0.0	0.0
anadromes	ænədɹoʊmz	ænədɹəʊmz	anədɹəʊmz	ənædɹəʊmz	compound	ana|drome|s	0.0	0.1111111111111111	0.2222222222222222	ænədɹəʊmz	ænədɹəʊmz	0.0	0.0
anagogy	ænəɡoʊdʒi	ænəɡəʊʒi	anəɡɒɡi	ænɑɡədʒi	compound	ana|go|gy	0.125	0.7142857142857143	0.25	ænəgɒdʒɪ	ænəɡɒdʒi	0.5	0.25
anagrind	ænəɡɹɪnd	ænəɡɹaɪnd	anəɡɹaɪnd	ænæɡɹɪnd	compound	ana|grind	0.1111111111111111	0.2222222222222222	0.125	ænəgɹaɪnd	ænəɡɹaɪnd	0.2222222222222222	0.1111111111111111
analgesias	ænəldʒiːzɪəz	ænəldʒiziəz	anəldʒiziəz	ənældʒɛsiəz	compound	analgesia|s	0.09090909090909091	0.18181818181818182	0.45454545454545453	ænəldʒiziəz	ænəldʒizɪəz	0.09090909090909091	0.0
analize	eɪnəlaɪz	eɪnəlaɪz	eɪnəlaɪz	ənəlaɪz	compound	anal|ize	0.0	0.0	0.2857142857142857	ænəlaɪz	ænəlaɪz	0.2857142857142857	0.2857142857142857
analphabet	ænælfəbɛt	ənælfəbɛt	anəlfəbɛt	ənælfəbɪt	compound	an|alphabet	0.1111111111111111	0.2222222222222222	0.2222222222222222	ænəlfæbət	ənælfəbɛt	0.3333333333333333	0.1111111111111111
analysises	ənælɪsɪsɪz	ənæləsɪsiz	ənaləsɪsɪz	ənəlisaɪzz	compound	analysis|es	0.2	0.2	0.5	ənæl.ə.sɪs.ɪz	ənælɪsaɪzɪz	0.3076923076923077	0.18181818181818182
anankastic	ænənkæstɪk	ɑnənkæstɪk	anəŋkastɪk	ənæŋkæstɪk	compound	anan|kast|ic	0.1	0.3	0.3	ənæŋkæstɪk	ænəŋkɑstɪk	0.3	0.2
anaspeptic	ænəspɛptɪk	ɑnəzpɛptɪk	anaspɛptɪk	ənæspɛptɪk	compound	anas|peptic	0.2	0.2	0.2	ænəspɛptɪk	ænəspɛptɪk	0.0	0.0
anastate	ænəsteɪt	ɑnɑsteɪt	anasteɪt	ənæsteɪt	compound	anast|ate	0.25	0.25	0.25	ænəsteɪt	ænəsteɪt	0.0	0.0
anax	ænæks	ænəks	anaks	ənæks	compound	ana|x	0.2	0.4	0.2	ænæks	ænæks	0.0	0.0
anceps	ænsɛps	ənsɛps	ansɛps	ænsəps	compound	an|ceps	0.16666666666666666	0.16666666666666666	0.16666666666666666	ænsɛps	ænsɛps	0.0	0.0
ancistroid	ænsɪstɹɔɪd	ənsɪstɹɔɪd	ansɪstɹɔɪd	ænsɪstɹɔɪd	compound	an|cist|roid	0.1	0.1	0.0	ænsɪstɹɔɪd	ænsɪstɹɔɪd	0.0	0.0
and'll	ændl	ændll	andəl	ændɪl	compound	and|l|l	0.2	0.4	0.2	ændəll	ændəl	0.3333333333333333	0.2
androsphinx	ændɹəsfɪŋks	ændɹəʊsfɪŋks	andɹəsfɪŋks	ændɹəʊsfɪŋ	compound	andro|sphinx	0.08333333333333333	0.09090909090909091	0.3	ændɹəʊsfɪŋks	ændɹəsfɪŋks	0.08333333333333333	0.0
anelace	ænəleɪs	eɪnleɪs	eɪnleɪs	ənɛləs	compound	ane|lace	0.42857142857142855	0.42857142857142855	0.6666666666666666	eɪnleɪs	ænɪleɪs	0.42857142857142855	0.14285714285714285
anepigraph	anɛpɪɡɹɑːf	ənɛpɪɡɹæf	eɪnpɪɡɹaf	ənɛpɪɡɹəf	compound	an|epigraph	0.2222222222222222	0.4444444444444444	0.2222222222222222	ænəpɪgɹæf	ænɪpɪɡɹæf	0.4444444444444444	0.3333333333333333
angiitis	ændʒiaɪtɪs	ændʒiaɪtɪs	aŋɡɪaɪtɪs	ændʒiɪtɪs	compound	angi|itis	0.0	0.5555555555555556	0.1111111111111111	ændʒiaɪəs	ændʒiaɪtɪs	0.2222222222222222	0.0
angioedema	ændʒiəʊɪdiːmə	ændʒiəʊɪdimə	aŋɡɪəʊdɪmə	ændʒiəʊdɪmə	compound	angio|edema	0.0	0.7	0.18181818181818182	ændʒiəʊɪdimə	ændʒɪəʊidɪmə	0.0	0.25
angiotenic	ændʒioʊtɛnɪk	ændʒiəʊtɛnɪk	aŋɡɪəʊtnɪk	ændʒiəʊtənɪk	compound	angio|ten|ic	0.0	0.6	0.08333333333333333	ændʒiəʊtɛnɪk	ændʒɪəʊtɛnɪk	0.0	0.08333333333333333
angolar	æŋɡəlɑːɹ	æŋɡəʊləɹ	aŋɡəʊlə	æŋɡəʊlɚ	compound	angola|r	0.25	0.5714285714285714	0.42857142857142855	æŋɡələɹ	æŋɡələ	0.14285714285714285	0.3333333333333333
anhele	ənhiːl	ənhil	anhɛl	ænhɛl	compound	an|hele	0.0	0.4	0.4	ænəl	ænhil	0.75	0.2
anigh	ənai	ənaɪ	anɪɡ	ænaɪ	compound	a|nigh	0.25	0.75	0.5	ənaɪ	ænaɪ	0.25	0.5
anight	ənaɪt	ənaɪt	anɪt	ænaɪt	compound	an|ight	0.0	0.5	0.2	ənaɪt	ənaɪt	0.0	0.0
anile	ænaɪl	ænɪli	anɪl	ænil	compound	anil|e	0.4	0.5	0.5	ænəl	ənaɪl	0.5	0.2
animagus	ænɪmeɪɡəs	ænɪməɡəs	anɪmaɡəs	ænɪməɡəs	compound	anima|gus	0.25	0.375	0.25	ænɪmæɡəs	ænɪmeɪɡəs	0.25	0.0
animat	ænɪmət	ænɪmət	anɪmat	ænɪmət	compound	anima|t	0.0	0.3333333333333333	0.0	ænəmæt	ænɪmæt	0.3333333333333333	0.16666666666666666
anipal	ænɪpæl	ænipæl	anɪpəl	ənɪpəl	compound	ani|pal	0.16666666666666666	0.3333333333333333	0.3333333333333333	ænɪpəl	ænɪpəl	0.16666666666666666	0.16666666666666666
anituber	ænɪtjuːbə	ænitjubə	anɪtjubə	ænɪtʃubɚ	compound	ani|tuber	0.125	0.125	0.25	ænɪtubɚ	ænɪtjubə	0.2857142857142857	0.0
aniṭ	ʌnɪt	ʌnɪt	əɛnaɪlɛtəwɒnisɪksdi	əni	compound	[]	0.0	0.8421052631578947	1.0	ænit	ænit͡ʃ	0.5	0.6666666666666666
annepressin	ænəpɹɛsɪn	ænpɹɛsɪn	anɪpɹɛsɪn	ænɛpɹɪsɪn	compound	anne|press|in	0.125	0.2222222222222222	0.2222222222222222	ænəpɹɛsɪn	ænɪpɹɛsɪn	0.0	0.1111111111111111
annosity	ənəʊsɪtɪ	ænəʊsɪtj	anɒsɪti	ænəʊzɪti	compound	anno|sit|y	0.25	0.5714285714285714	0.375	ənɑsəɾi	ənɒsɪti	0.7142857142857143	0.42857142857142855
annoyant	ənɔɪənt	ənɔɪænt	ənɔɪənt	ænɔɪənt	compound	annoy|ant	0.14285714285714285	0.0	0.14285714285714285	ənɔɪənt	ənɔɪənt	0.0	0.0
anoesis	ænəʊiːsɪs	ænjəʊizɪz	anəʊsiz	ənəʊsɪz	compound	ano|es|is	0.3333333333333333	0.5714285714285714	0.42857142857142855	ənəʊsɪs	ənisɪs	0.2857142857142857	0.5
anotherguess	ənʌðəɹɡɪs	ənʌðəɡɛs	anəðɜɡɛs	ənɑðɚɡɛs	compound	another|guess	0.25	0.625	0.5	ənʌðəɹgɛs	ænəʊðəɡɛs	0.2222222222222222	0.5555555555555556
antanagoge	æntænəɡəʊdʒi	æntænəɡɒdʒi	antənaɡəʊdʒ	æntənəɡəʊɡ	compound	ant|anagoge	0.18181818181818182	0.36363636363636365	0.4	æntænəgəʊdʒ	æntənæɡəʊdʒ	0.18181818181818182	0.2727272727272727
antaphrodisiac	æntæfɹədɪzɪæk	æntæfɹədɪsɪæk	antəfɹədɪsiak	æntəfɹəʊdɪsiək	compound	ant|aphrodisiac	0.07692307692307693	0.38461538461538464	0.35714285714285715	æntəfɹədɪsiæk	æntəfɹəʊdɪzɪæk	0.23076923076923078	0.14285714285714285
antennaed	æntɛnəd	æntɛnid	antɛnəd	æntɛnət	compound	antennae|d	0.14285714285714285	0.14285714285714285	0.14285714285714285	æntenəd	æntɛnɪd	0.14285714285714285	0.14285714285714285
antevolate	æntɪvɒleɪt	æntivɒleɪt	antɪvɒleɪt	æntɛvəleɪt	compound	ante|vol|ate	0.1	0.1	0.2	æntɪvɒleɪt	æntɛvəleɪt	0.0	0.2
anthroponymy	ænθɹəʊpɒnɪmɪ	anθɹəʊpəʊnimaɪ	anθɹəpənɪmi	ænθɹəpənəmi	compound	anthro|pony|my	0.35714285714285715	0.36363636363636365	0.36363636363636365	ænθɹəpɑnəmi	ænθɹəpɒnɪmi	0.36363636363636365	0.18181818181818182
anthropopeia	ænθɹəʊpəʊpiːjə	anθɹəʊpəʊpiə	anθɹəpəʊpiə	ænθɹəpəʊpiə	compound	anthro|pope|ia	0.16666666666666666	0.2727272727272727	0.18181818181818182	ænθɹəpəʊpiə	ænθɹəpəʊpiə	0.18181818181818182	0.18181818181818182
antiae	æntiaɪ	æntieɪ	antɪi	ænti	compound	anti|ae	0.16666666666666666	0.8	0.5	æntiaɪ	ænʃɪi	0.0	0.8
antiapple	æntiæpəl	æntiæpəl	antɪapəl	æntiəpəl	compound	anti|apple	0.0	0.375	0.125	æntɪæpəl	æntɪæpəl	0.125	0.125
antibiotical	æntaɪbaɪɒtɪkəl	æntɪbaɪɒtɪkæl	antɪbaɪɒtɪkəl	æntɪbiɑtɪkəl	compound	antibiotic|al	0.15384615384615385	0.15384615384615385	0.3333333333333333	æntɪbaɪɑɾɪkəl	æntɪbaɪɒtɪkəl	0.23076923076923078	0.07692307692307693
anticausotic	æntikɔːzɒtɪk	æntɪkəzɒtɪk	antɪkɔsɒtɪk	æntɪkəsətɪk	compound	antic|aus|otic	0.18181818181818182	0.2727272727272727	0.36363636363636365	æntɪkɔzɑɾɪk	æntɪkəsɒtɪk	0.2727272727272727	0.2727272727272727
antidentite	æntaɪdɛntaɪt	æntidɛntaɪt	antɪdɛntaɪt	æntaɪdəntɪt	compound	anti|dent|ite	0.18181818181818182	0.18181818181818182	0.18181818181818182	æntɪdɛntaɪt	æntɪdɛntaɪt	0.09090909090909091	0.09090909090909091
antidiarrheic	æntɪdaɪəɹiːɪk	æntidaɪəɹiɪk	antɪdaɪərheɪk	æntɪdiɑɹhaɪk	compound	anti|diarrheic	0.08333333333333333	0.3076923076923077	0.4166666666666667	æntidaɪəɹiɪk	æntɪdɪəɹeɪɪk	0.08333333333333333	0.25
antidiarrhoeic	æntɪdaɪəɹiːɪk	æntidaɪəɹiɪk	antɪdaɪərhəʊɪk	æntɪdiɑɹhəʊik	compound	anti|diarrhoeic	0.08333333333333333	0.35714285714285715	0.46153846153846156	æntidaɪəɹiɪk	æntɪdɪəɹəʊɪk	0.08333333333333333	0.25
antigerbil	æntidʒɜːɹbɪl	æntidʒɜbɪl	antɪdʒɜbəl	æntɪɡɚbɪl	compound	anti|gerbil	0.1	0.4	0.5555555555555556	æntɪɡɚbɪl	æntɪdʒɜbɪl	0.5555555555555556	0.2
antigram	æntɪɡɹæm	æntiɡɹæm	antɪɡɹam	æntɪɡɹəm	compound	anti|gram	0.125	0.25	0.125	æntigɹæm	æntɪɡɹæm	0.25	0.0
antilopine	æntɪləpaɪn	æntiləʊpaɪn	antɪlɒpaɪn	æntɪləpin	compound	anti|lo|pine	0.18181818181818182	0.2	0.2222222222222222	æntələʊpaɪn	æntɪlɒpin	0.18181818181818182	0.3333333333333333
antipathous	æntɪpəθəs	æntipæθəs	antɪpaθəs	æntɪpəthəs	compound	anti|path|ous	0.2222222222222222	0.2222222222222222	0.2	æntɪpəθəs	æntɪpæθəs	0.0	0.1111111111111111
antired	æntiɹɛd	æntiɹɛd	antɪɹɛd	æntaɪɚd	compound	anti|red	0.0	0.2857142857142857	0.42857142857142855	æntɪɹd	æntaɪəd	0.3333333333333333	0.42857142857142855
antiscriptural	æntɪskɹɪptʃəɹəl	æntiskɹɪptʃəɹəl	antɪskɹɪptʃəɹəl	æntɪskɹɪptʃɚəl	compound	anti|scriptural	0.06666666666666667	0.06666666666666667	0.14285714285714285	æntɪskɹɪptʃəɹəl	æntɪskɹɪptʃəɹəl	0.0	0.0
antisigmata	antisɪɡmətə	æntisɪɡmətɑ	antɪsɪɡmɑtə	æntɪsɪɡmətə	compound	anti|sigma|ta	0.18181818181818182	0.18181818181818182	0.18181818181818182	æntɪsɪɡmətə	æntɪsɪɡmɑtə	0.18181818181818182	0.2727272727272727
antispinward	æntiːspɪnwɜɹd	æntizpɪnwɔd	antɪspɪnwəd	æntɪspɪnwɚd	compound	antis|pin|ward	0.2727272727272727	0.36363636363636365	0.2727272727272727	æntɪspɪnwəɹd	æntɪspɪnwəd	0.16666666666666666	0.2727272727272727
antoikoi	æntɔɪkɔɪ	æntɔɪkɔɪ	antɔɪkɔɪ	æntɔɪkəʊ	compound	ant|oik|oi	0.0	0.125	0.25	æntɔɪkɔɪ	æntɔɪkɔɪ	0.0	0.0
anubandha	ənʊbʌndə	ənəbændə	anjubandhə	ænubændhə	compound	an|u|bandh|a	0.25	0.5	0.4444444444444444	ənubəndə	ænjubændhə	0.25	0.5
anywhence	ɛnɪʍɛns	ɛniwɛns	ɛnɪwəns	ənɔfəns	compound	any|whence	0.2857142857142857	0.2857142857142857	0.5714285714285714	ɛnihwɛns	ɛnɪwɛns	0.375	0.14285714285714285
apagoge	æpəɡəʊdʒi	æpəɡəʊdʒi	əpaɡəʊdʒ	æpɑɡəʊɡ	compound	ap|agoge	0.0	0.375	0.5714285714285714	əpægədʒ	əpæɡəʊdʒ	0.7142857142857143	0.375
apefly	eɪpflaɪ	eɪpflaɪ	eɪpɪflaɪ	æpɛfli	compound	ape|fly	0.0	0.125	0.8333333333333334	eɪpflaɪ	eɪpflaɪ	0.0	0.0
apings	eɪpɪŋz	eɪpɪŋz	eɪpɪŋz	əpɪŋz	compound	aping|s	0.0	0.0	0.4	eɪpɪŋz	eɪpɪŋz	0.0	0.0
apizza	əbiːts	əpitsə	əpɪzə	əpɪzə	compound	a|pizza	0.3333333333333333	0.8	0.8	əpitsə	əpɪtsə	0.3333333333333333	0.5
apneic	æpniːɪk	æpniɪk	əpneɪk	æpnik	compound	ap|ne|ic	0.0	0.3333333333333333	0.2	æpniɪk	əpniɪk	0.0	0.16666666666666666
apoastron	æpəʊæstɹən	eɪpiəʊæstɹəʊn	əpəʊstɹɒn	ɑpɔstɹən	compound	apo|astro|n	0.3076923076923077	0.3333333333333333	0.5	əpəʊstɹən	əpəʊstɹən	0.2222222222222222	0.2222222222222222
apodixis	æpəʊdaɪksɪs	əpɑdaɪksɪs	əpədɪksɪs	əpɑdɪksɪz	compound	apod|i|xis	0.3	0.3333333333333333	0.5555555555555556	əpɑdɪksɪs	æpədɪksɪs	0.4444444444444444	0.2222222222222222
apostrophed	əpɒstɹəfiːd	əpɒstɹəfid	əpɒstɹɒft	əpɑstɹəft	compound	apostrophe|d	0.0	0.3333333333333333	0.3333333333333333	əpɔstɹəfəd	əpɒstɹəft	0.2	0.2222222222222222
appam	əpɑm	æpæm	apam	æpəm	compound	app|am	0.5	0.5	0.5	æpəm	əpæm	0.5	0.25
apparatûs	æpəɹætuːs	æpəɹætɨz	apəɹatuz	æpɚəts	compound	[]	0.25	0.375	0.6666666666666666	æpəɹɑtus	əpæɹətjuz	0.125	0.5555555555555556
apparatūs	æpəɹætuːs	æpəɹætuz	apəɹatəs	æpɚəts	compound	[]	0.125	0.375	0.6666666666666666	æpəɹɑt͡ʃus	æpəɹætuz	0.3	0.125
appendment	əpɛndmənt	əpɛndmɛnt	əpɛndmənt	æpəndmənt	compound	append|ment	0.1111111111111111	0.0	0.2222222222222222	əpɛndmənt	əpɛndmənt	0.0	0.0
applauseometer	əplɔːzəʊmiːtə	əplɔzəʊmitə	əplɔsɪɒmɪtə	æpləsəʊmɪtɚ	compound	applause|o|meter	0.0	0.36363636363636365	0.45454545454545453	əplɔzɑməɾəɹ	əplɔzɪɒmɪtə	0.45454545454545453	0.2727272727272727
appled	æpəld	æpəld	əpəld	æpəld	compound	apple|d	0.0	0.2	0.0	æpəld	əpɛld	0.0	0.4
appom	ɑpɒm	æpɒm	əpɒm	æpəm	compound	app|om	0.25	0.25	0.5	æpəm	əpɒm	0.5	0.25
appraisings	əpɹeɪzɪŋz	əpɹeɪzɪŋz	əpɹeɪzɪŋz	æpɹeɪsɪŋz	compound	appraising|s	0.0	0.0	0.2222222222222222	əpɹeɪzɪŋz	əpɹeɪzɪŋz	0.0	0.0
apronym	æpɹənɪm	eɪpɹənɪm	eɪpɹənɪm	əpɹənim	compound	apron|ym	0.25	0.25	0.2857142857142857	æpɹənɪm	æpɹənɪm	0.0	0.0
aprosopia	æpɹəsəʊpɪə	əpɹəʊsəʊpiə	eɪpɹəsəʊpiə	əpɹəʊsəpiə	compound	a|proso|pia	0.2727272727272727	0.2727272727272727	0.4	əpɹəʊsəʊ.pi.ə	æpɹəsəʊpiə	0.38461538461538464	0.1
aptotic	æptɒtɪk	æptətɪk	aptɒtɪk	æptətɪk	compound	apto|tic	0.14285714285714285	0.14285714285714285	0.14285714285714285	æptɑɾɪk	əptɒtɪk	0.2857142857142857	0.14285714285714285
apud	æpəd	əpʊd	əpʌd	əpt	compound	a|pud	0.5	0.5	1.0	əpʊd	əpʌd	0.5	0.5
apuff	əpʌf	əpʌf	əpʌf	æpʌf	compound	a|puff	0.0	0.0	0.25	əpʌf	əpʌf	0.0	0.0
apyrase	æpɪɹeɪz	æpjɹeɪz	əpɪɹeɪz	əpjɹeɪs	compound	ap|y|rase	0.14285714285714285	0.14285714285714285	0.42857142857142855	eɪpəɹeɪz	æpɪɹeɪs	0.375	0.14285714285714285
aquabatics	ækwəbætɪks	ækwəbɑtɪks	akwəbatɪks	əkwəbætɪks	compound	aqua|ba|tics	0.1	0.2	0.1	əkwæbætɪks	ækwəbætɪks	0.2	0.0
aquafauna	ækwəfɔːnə	ækwəfɔnə	akwəfɔnə	əkwəfɔnə	compound	aqua|fauna	0.0	0.125	0.125	ækwəfɔnə	ækwəfɔnə	0.0	0.0
aquan	ækwən	ækwən	akwən	əkwən	compound	aqua|n	0.0	0.2	0.2	ækwən	ækwən	0.0	0.0
araca	ɑɹəsɑ	æɹəkɑ	aɹɑkə	ɑɹɑkə	compound	ara|ca	0.4	0.8	0.6	əɹækə	əɹækə	0.8	0.8
arachnoidian	əɹæknɔɪdɪən	əɹæknɔɪdiən	əɹəknɔɪdiən	ɑɹæknɔɪdiən	compound	arachnoid|ian	0.09090909090909091	0.18181818181818182	0.18181818181818182	əɹæknəɪdiən	æɹəknɔɪdiən	0.18181818181818182	0.2727272727272727
araphostic	æɹəfɑstɪk	æɹəfəʊstɪk	aɹəfɒstɪk	ɔɹæfəʊstɪk	compound	ara|pho|stic	0.2	0.2222222222222222	0.4	əɹəfɒstɪk	æɹəfɒstɪk	0.2222222222222222	0.1111111111111111
arbuscle	ɑːbʌsəl	ɑbʌskəl	ɑbʌskəl	ɑɹbəskl	compound	arb|us|cle	0.14285714285714285	0.14285714285714285	0.42857142857142855	ɑɹbʌskəl	ɑbʌsəl	0.25	0.0
arcanist	ɑːɹkeɪnɪst	ɑɹkənɪst	ɑkənɪst	ɑɹkənɪst	compound	arca|nist	0.25	0.42857142857142855	0.25	ɑɹkənɪst	ɑkənɪst	0.25	0.42857142857142855
arche	ɑːɹki	ɑtʃi	ɑtʃi	ɑɹtʃ	compound	arch|e	0.5	0.5	0.5	ɑɹki	ɑtʃ	0.0	1.0
archgrandmaster	ɑːɹtʃɡɹændmɑːstə	ɑtʃɡɹændmɑstə	ɑtʃɡɹandmastə	ɑɹkɡɹændməstɚ	compound	arch|grandmaster	0.07692307692307693	0.23076923076923078	0.3076923076923077	ɑɹtʃgɹændmæstɚ	ɑkɡɹændmɑstə	0.21428571428571427	0.25
arcsch	ɑːɹkəʊsɛtʃ	ɑkstʃ	ɑkʃ	ɑɹkʃ	compound	arcs|ch	0.8	2.0	1.25	ɑɹksɛtʃ	ɑkʃ	0.2857142857142857	2.0
arcsech	ɑːɹksɛtʃ	ɑksɛtʃ	ɑksɛtʃ	ɑɹksɛk	compound	arc|sech	0.16666666666666666	0.16666666666666666	0.3333333333333333	ɑɹksɛk	ɑksɛk	0.3333333333333333	0.6
arcsinh	ɑːɹksaɪnʃ	ɑɹksɪnh	ɑksɪn	ɑɹksɪn	compound	arcsin|h	0.2857142857142857	0.6	0.3333333333333333	ɑɹksɪn	ɑksɪn	0.3333333333333333	0.6
arctogaeal	ɑɹktədʒiəl	ɑɹktəʊdʒiəl	ɑktəɡiəl	ɑɹktəʊɡəəl	compound	arctogaea|l	0.09090909090909091	0.375	0.3	ɑɹktəʊdʒiəl	ɑktəʊɡiəl	0.09090909090909091	0.3333333333333333
aren'chu	ɑːntʃuː	ɑɹəntʃu	aɹɛntʃu	ɑɹɛnɪtʃu	compound	aren|chu	0.2857142857142857	0.42857142857142855	0.375	ɑɹənt͡ʃu	æɹəntʃu	0.375	0.42857142857142855
arenilitic	əɹiːnɪlɪtɪk	ɑɹənɪlɪtɪk	aɹənɪlɪtɪk	ɑɹɛnɪlɪtɪk	compound	aren|il|itic	0.2	0.2	0.2	æɹ.ə.nɪlɪt.ɪk	æɹɪnɪlɪtɪk	0.38461538461538464	0.2
arew	əɹəʊ	ɑɹw	aɹu	ɛɹu	compound	are|w	1.0	1.0	1.0	ɛɹw	eəɹu	1.0	0.75
arhythmical	əɹɪðmɪkəl	əɹɪðmɪkəl	ɑhɪθmɪkəl	ɑɹɪθmɪkəl	compound	a|rhythmical	0.0	0.3333333333333333	0.2222222222222222	əɹɪðmɪkəl	əɹhɪθmɪkəl	0.0	0.2
aripple	əɹɪpəl	əɹɪpəl	aɹɪpəl	ɛɹɪpəl	compound	a|ripple	0.0	0.16666666666666666	0.16666666666666666	əɹɪpəl	əɹɪpəl	0.0	0.0
aristolochic	əɹɪstəloʊkɪk	əɹɪstəʊlɑkɪk	aɹɪstəlɒkɪk	ɑɹɪstɑləʊtʃɪk	compound	aristo|loch|ic	0.25	0.2727272727272727	0.3076923076923077	æɹɪstɑləkɔk	æɹɪstəlɒkɪk	0.36363636363636365	0.2727272727272727
armageddons	ɑːɹməɡɛdənz	ɑɹməɡɛdənz	ɑməɡɛdənz	ɑɹmədʒdənz	compound	armageddon|s	0.0	0.1111111111111111	0.2	ɑɹməɡɛdənz	ɑmədʒɛdənz	0.0	0.3
aroint	əɹɔɪnt	ɑɹɔɪnt	aɹɔɪnt	ɑɹɔɪnt	compound	ar|oint	0.16666666666666666	0.16666666666666666	0.16666666666666666	əɹɔɪnt	əɹɔɪnt	0.0	0.0
arr	ɑːɹ	ɑɹɹ	ɑ	ɔɹ	compound	ar|r	0.3333333333333333	1.0	0.5	ɑɹ	ɑ	0.0	1.0
arrangings	əɹeɪndʒɪŋz	əɹeɪndʒɪŋz	əɹeɪndʒɪŋz	ɛɹæŋɪŋz	compound	arranging|s	0.0	0.0	0.8571428571428571	əɹeɪndʒɪŋz	əɹeɪndʒɪŋz	0.0	0.0
arriere	ɑɹiɛɚ	ɑɹɹaɪɹeɪ	əɹieə	ɛɹiɹ	compound	ar|rie|re	0.75	0.6	0.75	ɑɹɪɹeɪ	əɹiə	0.6666666666666666	0.75
arrowmaker	æɹəʊmeɪkɚ	æɹəʊmeɪkə	aɹəʊmeɪkə	ɛɹəʊmeɪkɚ	compound	arrow|maker	0.1111111111111111	0.2222222222222222	0.1111111111111111	ɛɹəʊmeɪkɚ	əɹəʊmeɪkə	0.1111111111111111	0.2222222222222222
arsinh	ɑːɹsaɪnʃ	ɑɹsɪnh	ɑsɪn	ɑɹsɪn	compound	ar|sin|h	0.3333333333333333	0.75	0.4	ɑɹsɪn	ɑsɪn	0.4	0.75
ascientific	eɪsaɪəntɪfɪk	əsaɪəntɪfɪk	əsʃəntɪfɪk	æʃɛntɪfɪk	compound	a|scientific	0.18181818181818182	0.4	0.6666666666666666	eɪɛsɛsaɪɛntɪfɪk	æsɪəntɪfɪk	0.26666666666666666	0.3
asearch	əsɜːɹtʃ	əsɜtʃ	asɜtʃ	eɪsɛɹk	compound	a|search	0.2	0.4	0.8333333333333334	əsɜɹtʃ	əsɜtʃ	0.0	0.2
aseitous	əsiːɪtəs	əseɪtəs	aseɪtəs	eɪsitəs	compound	a|seit|ous	0.14285714285714285	0.2857142857142857	0.42857142857142855	əsaɪɾəs	əsitəs	0.2857142857142857	0.16666666666666666
aseity	əsiːɪti	əseɪti	aseɪti	eɪsiti	compound	a|seity	0.16666666666666666	0.3333333333333333	0.5	əsiɾi	əsiti	0.4	0.2
asonant	eɪsoʊnənt	əsəʊnənt	əsɒnənt	əsənənt	compound	a|sonant	0.25	0.5714285714285714	0.42857142857142855	æsənənt	æzənənt	0.42857142857142855	0.5714285714285714
asparaginyl	æspəɹædʒənɪl	æspæɹədʒɪnɪl	əspaɹədʒɪnaɪl	æspɑɹədʒənəl	compound	asp|ara|gin|yl	0.25	0.38461538461538464	0.25	æspəɹəd͡ʒɪnɪl	əspæɹɪdʒɪnɪl	0.23076923076923078	0.3333333333333333
aspec	eɪspɛk	æspɛk	aspɛk	æspɪk	compound	asp|ec	0.4	0.4	0.6	æspɛk	əspɛk	0.4	0.4
asperge	əspɜːɹdʒ	əspɜdʒ	əspɜdʒ	æspɚdʒ	compound	asper|ge	0.16666666666666666	0.16666666666666666	0.5	əspɜɹdʒ	əspɜdʒ	0.0	0.16666666666666666
aspergilloma	æspəɹdʒɪloʊmə	əspɜɡɪləʊmə	əspɜɡɪləʊmə	æspɚɡɪləmə	compound	asper|gill|oma	0.45454545454545453	0.45454545454545453	0.5	æspəɹdʒələʊmə	æspədʒɪləʊmə	0.07692307692307693	0.08333333333333333
aspersory	əspɜːɹsəɹɪ	əspɜsɔɹj	əspɜsəɹi	æspɚsɔɹi	compound	asper|sor|y	0.375	0.25	0.625	əspɜɹsəɹi	əspɜsəɹi	0.1111111111111111	0.25
aspirationalism	æspəɹeɪʃənəlɪzəm	æspəɹeɪʃənəlɪzəm	aspəɹeɪʃənəlɪzəm	æspɚeɪʃənəlɪzəm	compound	aspirational|ism	0.0	0.0625	0.13333333333333333	æspəɹeɪʃənəlɪzəm	æspəɹæʃənəlɪzəm	0.0	0.13333333333333333
assfuck	æsfʌk	æsfʌk	əsfʌk	æsfʌk	compound	ass|fuck	0.0	0.2	0.0	æsfʌk	əsfʌk	0.0	0.2
assuetude	æswɪtjuːd	æsəeɪtjud	əsjuətjud	əsutud	compound	ass|u|etude	0.2222222222222222	0.4444444444444444	0.6666666666666666	əsu.ətud	əsjutjud	0.625	0.375
asswagon	æswæɡən	æswæɡən	əswaɡən	æsweɪɡən	compound	ass|wagon	0.0	0.2857142857142857	0.25	æswægən	əswæɡən	0.14285714285714285	0.14285714285714285
astand	əstænd	æstænd	əstand	æstænd	compound	ast|and	0.16666666666666666	0.16666666666666666	0.16666666666666666	əstænd	əstænd	0.0	0.0
astrand	əstɹænd	æstɹænd	astɹand	æstɹænd	compound	ast|rand	0.14285714285714285	0.2857142857142857	0.14285714285714285	əstɹænd	əstɹænd	0.0	0.0
astroanthropology	æstɹəænθɹəpɑːlədʒi	æstɹəʊænθɹəpɒlədʒi	astɹəʊnθɹəpɒlədʒi	æstɹəʊnθɹəpɑlədʒi	compound	astro|anthropology	0.1111111111111111	0.17647058823529413	0.058823529411764705	æstɹəʊænθɹəpɑlədʒi	əstɹəʊænθɹəpɒlədʒi	0.05555555555555555	0.16666666666666666
astroarchitecture	æstɹəɑɹkətɛktʃɚ	æstɹəʊɑkɪtɛktʃə	astɹɔtʃaɪtktʃə	æstɹɔɹtʃɪtɪktʃɚ	compound	astro|architecture	0.26666666666666666	0.5714285714285714	0.4	æstɹəʊɑɹkətɛktʃəɹ	əstɹɔɑkɪtɛktʃə	0.17647058823529413	0.35714285714285715
astrobotany	æstɹəbɒtənɪ	æstɹəʊbɒtəni	astɹəbɒtəni	æstɹəbəʊtəni	compound	astro|botany	0.16666666666666666	0.18181818181818182	0.25	æstɹəbɑtəni	əstɹɒbətəni	0.18181818181818182	0.36363636363636365
astrogeography	æstɹədʒɪɒɡɹəfi	æstɹəʊdʒɪɒɡɹəfi	astɹəʊdʒɒɡɹəfi	æstɹəʊdʒəʊɡɹəfi	compound	astro|geography	0.06666666666666667	0.21428571428571427	0.2	æstɹəʊdʒiɑgɹəfi	əstɹəʊdʒɪɒɡɹəfi	0.26666666666666666	0.13333333333333333
astrogeometry	æstɹədʒiːɑmɛtɹi	æstɹəʊdʒiɒmətɹi	astɹəʊdʒɒmətɹi	æstɹəʊdʒəʊmɪtɹi	compound	astro|geometry	0.2	0.35714285714285715	0.26666666666666666	æstɹəʊdʒiɑmətɹi	əstɹəʊdʒəʊmɛtɹi	0.13333333333333333	0.26666666666666666
astrohistory	æstɹəhɪstəɹi	æstɹəʊhɪstəɹi	astɹəʊhɪstəɹi	æstɹəʊɪstɔɹi	compound	astro|history	0.07692307692307693	0.15384615384615385	0.16666666666666666	æstɹəʊhɪstəɹi	æstɹəʊhɪstəɹi	0.07692307692307693	0.07692307692307693
astrolinguistics	æstɹəlɪŋɡwɪstɪks	æstɹəʊlɪŋɡwɪstɪks	astɹəʊlɪŋɡwɪstɪks	æstɹəʊlɪŋɡwɪstɪks	compound	astro|linguistics	0.058823529411764705	0.11764705882352941	0.058823529411764705	æstɹəlɪŋgwɪstɪks	æstɹəlɪŋɡwɪstɪks	0.0625	0.0
astrophilosophy	æstɹəfɪlɒsəfi	æstɹəʊfɪlɒsəfi	astɹəfɪlɒsəfi	æstɹəfɪləʊsəfi	compound	astro|philosophy	0.07142857142857142	0.07692307692307693	0.14285714285714285	æstɹəʊfɪləsɔfi	əstɹɒfɪlɒsəfi	0.21428571428571427	0.15384615384615385
astrotechnology	əstɹɑtɛknɒlədʒi	æstɹəʊtɛknɒlədʒi	astɹəʊtɛknɒlədʒi	æstɹəʊtɪknələdʒi	compound	astro|technology	0.1875	0.1875	0.3125	æstɹəʊtɛknɑlədʒi	æstɹəʊtɪknɒlədʒi	0.25	0.25
astrotypic	æstɹəʊtɪpɪk	æstɹəʊtaɪpɪk	astɹətɪpɪk	æstɹətipɪk	compound	astro|ty|pic	0.08333333333333333	0.2	0.2	æstɹətɪpɪk	æstɹətɪpɪk	0.1	0.1
astrozoology	æstɹəzəʊɒlədʒi	æstɹəʊzuɒlədʒi	astɹəzuɒlədʒi	æstɹəʊzulədʒi	compound	astro|zoology	0.21428571428571427	0.23076923076923078	0.3076923076923077	æstɹəʊzuɑləd͡ʒi	æstɹəzuɒlədʒi	0.3333333333333333	0.15384615384615385
asweve	əswiːv	æzwiv	əswɛv	æswɛv	compound	as|weve	0.4	0.2	0.4	əswiv	əswiv	0.0	0.0
ateknia	eɪtɛkniə	eɪtɛkniə	eɪtkniə	ætɛkniə	compound	atek|ni|a	0.0	0.14285714285714285	0.2857142857142857	ətɛkniə	ətɛkniə	0.2857142857142857	0.2857142857142857
atelomyelia	ætəloʊmaɪiːliə	eɪtləʊmaɪəlaɪə	eɪtləmɪiliə	ətɛləmiliə	compound	ate|lo|my|elia	0.42857142857142855	0.45454545454545453	0.5	eɪɾələʊmaɪiliə	ætəlɒmɪiliə	0.21428571428571427	0.2727272727272727
athrill	əθɹɪl	əθɹɪl	aθɹɪl	æθɹɪl	compound	a|thrill	0.0	0.2	0.2	əθɹɪl	əθɹɪl	0.0	0.0
athrob	əθɹɒb	əθɹɒb	aθɹɒb	æθɹəb	compound	a|throb	0.0	0.2	0.4	æθɹɒb	əθɹɒb	0.2	0.0
atinkle	ətɪŋkəl	ætɪŋkəl	atɪŋkəl	ætɪŋkəl	compound	at|inkle	0.14285714285714285	0.14285714285714285	0.14285714285714285	ətɪŋkəl	ətɪŋkəl	0.0	0.0
atlasite	ætləsaɪt	ætləsaɪt	atləsaɪt	ætləsɪt	compound	atlas|ite	0.0	0.125	0.14285714285714285	ætləsaɪt	ætləsaɪt	0.0	0.0
atled	ətlɛd	ætlɛd	atəld	ætəld	compound	at|led	0.2	0.6	0.6	æɾəld	eɪtəld	0.8	0.6666666666666666
atoltivimab	ætɒltɪvɪmæb	eɪtɒltɪvaɪmæb	atəʊltɪvɪmab	ətɑltɪvɪməb	compound	atol|tiv|im|ab	0.23076923076923078	0.3333333333333333	0.2727272727272727	ətɔl.tɪvɪm.æb	ətəʊltɪvɪmæb	0.3076923076923077	0.25
atomgrad	ætəmɡɹæd	ætəmɡɹæd	atəmɡɹad	ətɑmɡɹəd	compound	atom|grad	0.0	0.25	0.375	æɾəmɡɹæd	ətɒmɡɹæd	0.125	0.25
atrament	ætɹəmɛnt	eɪtɹəmɛnt	atɹəmənt	ɪtɹəmənt	compound	atra|ment	0.2222222222222222	0.25	0.25	ətɹəmɛnt	ætɹəmənt	0.125	0.125
atramentaceous	ætɹəmɛnteɪʃəs	ætɹæmənteɪʃəs	atɹəmənteɪʃəs	ɪtɹəmɛnteɪsus	compound	at|r|amentaceous	0.15384615384615385	0.15384615384615385	0.23076923076923078	ætɹəmənteɪʃəs	ætɹəmənteɪʃəs	0.07692307692307693	0.07692307692307693
atrip	ətɹɪp	ætɹɪp	atɹɪp	ætɹɪp	compound	at|rip	0.2	0.2	0.2	eɪtɹɪp	ətɹɪp	0.3333333333333333	0.0
atropia	ətɹəʊpiə	ætɹəʊpiə	atɹəʊpiə	ətɹəʊpiə	compound	at|ro|pia	0.125	0.125	0.0	eɪtɹəʊpiə	ətɹəʊpiə	0.2222222222222222	0.0
attakid	ætəkɪd	ætəkɪd	ətakɪd	ætəkɪd	compound	atta|kid	0.0	0.3333333333333333	0.0	ətækɪd	ætəkɪd	0.3333333333333333	0.0
attercop	ætəkɒp	ætəkɒp	ətɜkəp	ætɚkəp	compound	atter|cop	0.0	0.5	0.3333333333333333	æɾəɹkɑp	ætəkɒp	0.42857142857142855	0.0
attritive	ətɹaɪtɪv	ətɹɪtaɪv	ətɹɪtɪv	ætɹɪtɪv	compound	attrit|ive	0.25	0.14285714285714285	0.2857142857142857	ətɹɪtɪv	ætɹɪtɪv	0.14285714285714285	0.2857142857142857
atwain	ətweɪn	ætweɪn	atweɪn	ætweɪn	compound	at|wain	0.16666666666666666	0.16666666666666666	0.16666666666666666	ətɔɪn	ətweɪn	0.4	0.0
atwinkle	ətwɪŋkəl	ætwɪŋkəl	atwɪŋkəl	ætwɪŋkəl	compound	at|winkle	0.125	0.125	0.125	ətwɪŋkəl	ətwɪŋkəl	0.0	0.0
atwirl	ətwɜːɹl	ətwɜl	atwɜl	ætwɚl	compound	a|twirl	0.2	0.4	0.6	ətwɝl	ətwɜl	0.4	0.2
atwist	ətwɪst	ætwɪst	atwɪst	ætwɪst	compound	at|wist	0.16666666666666666	0.16666666666666666	0.16666666666666666	ətwɪst	ətwɪst	0.0	0.0
atwitch	ətwɪtʃ	ætwɪtʃ	atwɪtʃ	ætwɪtʃ	compound	at|witch	0.16666666666666666	0.16666666666666666	0.16666666666666666	ətwɪtʃ	ətwɪtʃ	0.0	0.0
aufeis	aʊfaɪs	əʊfaɪs	ɔfeɪz	ɔfiz	compound	au|feis	0.16666666666666666	0.6	1.0	əfeɪz	ɔfɪz	0.4	0.75
aufruf	ʊfɹʊf	əʊfɹəf	ɔfɹʌf	ɔfɹəf	compound	au|f|ruf	0.3333333333333333	0.4	0.4	əfɹuf	ɔfɹʌf	0.4	0.4
aula	ɔːlə	ɔlə	ɔlə	ɔlə	compound	aul|a	0.0	0.0	0.0	ɔlə	ɔlə	0.0	0.0
auletris	ɔːliːtɹɪs	ɔlitɹɪs	ɔlɪtɹɪs	ɔlɛtɹɪz	compound	aul|e|tris	0.0	0.14285714285714285	0.2857142857142857	ɔlɛtɹɪs	ɔlətɹɪs	0.14285714285714285	0.14285714285714285
autogerminal	ɔːtədʒɜːɹmɪnəl	ɔtəʊdʒɜmɪnəl	ɔtəʊdʒɜmɪnəl	ɔtəʊɡɚmənəl	compound	auto|germinal	0.16666666666666666	0.16666666666666666	0.45454545454545453	ɔɾəʊdʒɜɹmənəl	ɔtəʊdʒɜmɪnəl	0.23076923076923078	0.16666666666666666
autology	ɔːtɒlədʒɪ	ɔtəʊlədʒɪ	ɔtəʊlɒɡi	ɔtələdʒi	compound	auto|logy	0.2222222222222222	0.75	0.25	ɔtɒlədʒɪ	ɔtɒlədʒi	0.0	0.125
automagical	ɑtoʊmædʒɪkəl	ɔtəʊmædʒɪkəl	ɔtəmadʒɪkəl	ɔtəmədʒɪkəl	compound	auto|magical	0.08333333333333333	0.2727272727272727	0.2727272727272727	ɔɾəʊmædʒɪkəl	ɔtəmædʒɪkəl	0.16666666666666666	0.18181818181818182
autonepiophilia	ɔːtəʊniːpiəʊfɪliə	ɔtənɛpɪəʊfɪliə	ɔtɒnɪpɪəfɪliə	ɔtənpjəfɪliə	compound	auton|epi|o|philia	0.21428571428571427	0.38461538461538464	0.3333333333333333	ɔtəʊnɛpɪəfɪliə	ɔtəʊnɛpɪəfɪliə	0.21428571428571427	0.21428571428571427
autoredirection	ɔːtəʊɹiːdɪɹɛkʃən	ɔtəʊɹidaɪɹɛkʃən	ɔtəʊɹidaɪɹɛkʃən	ɔtɚdɪɹɛkʃən	compound	auto|redirection	0.06666666666666667	0.06666666666666667	0.36363636363636365	ɔɾəʊɹidəɹɛkʃən	ɔtəɹidaɪɹɛkʃən	0.14285714285714285	0.14285714285714285
autoselect	ɔːtəʊsɪlɛkt	ɔtəʊzɪlɛkt	ɔtəʊsɪlɛkt	ɔtəʊsəlɛkt	compound	autos|elect	0.1	0.0	0.1	ɔtəʊzɪlɛkt	ɔtəʊsɪlɛkt	0.1	0.0
autotopagnosia	ɔːtəʊtɒpæɡnəʊziə	ɔtəʊtɒpæɡnəʊziə	ɔtəʊtɒpəɡnəʊziə	ɔtəʊtəpæɡnəʊsiə	compound	auto|top|agnosia	0.0	0.06666666666666667	0.13333333333333333	ɔɾəʊtɑpəgnəʊsiə	ɔtəʊtɒpæɡnəʊziə	0.3333333333333333	0.0
auxotrophism	ɔːksətɹəʊfɪzəm	ɔksətɹɑfɪzəm	ɔksətɹɒfɪzəm	əkətɹəfɪzəm	compound	auxotroph|ism	0.16666666666666666	0.16666666666666666	0.2727272727272727	ɔksətɹɑfɪzəm	ɔksɒtɹəfɪzəm	0.16666666666666666	0.16666666666666666
avalent	eɪveɪlənt	eɪvəlɛnt	avələnt	əvələnt	compound	ava|lent	0.375	0.5714285714285714	0.5714285714285714	eɪvələnt	ævələnt	0.25	0.5714285714285714
avapritinib	eɪvəpɹɪtɪnɪb	eɪvəpɹaɪtɪnaɪbi	avəpɹɪtɪnɪb	əvæpɹɪtɪnəb	compound	ava|pri|tin|ib	0.2	0.18181818181818182	0.36363636363636365	əvæp.ɹətɪn.ɪb	əvæpɹɪtɪnɪb	0.46153846153846156	0.2727272727272727
aventail	ævənteɪl	ɑvənteɪl	avənteɪl	əvɛnteɪl	compound	avent|ail	0.125	0.125	0.25	əvɛntəl	ævənteɪl	0.5714285714285714	0.0
avertress	əvɜːtɹɪs	əvɜtɹɛs	əvɜtɹəs	əvɚtɹəs	compound	avert|ress	0.14285714285714285	0.14285714285714285	0.2857142857142857	əvɜɹtɹəs	ævətɹəs	0.25	0.42857142857142855
avgeek	eɪvɡiːk	avɡik	avɡik	ævɡik	compound	av|geek	0.4	0.4	0.4	eɪvɡik	ævɡik	0.0	0.4
avoidings	əvɔɪdɪŋz	əvɔɪdɪŋz	əvɔɪdɪŋz	ɑvɔɪdɪŋz	compound	avoiding|s	0.0	0.0	0.125	əvɔɪdɪŋz	əvɔɪdɪŋz	0.0	0.0
avolition	eɪvəlɪʃən	əvəlɪʃən	avəlɪʃən	əvəʊlɪʃən	compound	a|volition	0.25	0.25	0.3333333333333333	ævəlɪʃən	ævəlɪʃən	0.25	0.25
aweather	əwɛðɚ	əwɛðə	ɔaðə	əʊɛðɚ	compound	a|weather	0.2	1.0	0.2	əwɛðɚ	əwɛðə	0.0	0.2
awesometastic	ɔsmtæstɪk	ɔsʌmtæstɪk	ɔsəʊmteɪstɪk	əwɛsəmtæstɪk	compound	awesome|tastic	0.1	0.3333333333333333	0.3333333333333333	ɔsʌm.təstæstɪk	ɔsəʊmɪtæstɪk	0.35714285714285715	0.25
awlwort	ɔːlwɜːɹt	ɔlwɔt	ɔlwɔt	ɔlwɚt	compound	awl|wort	0.4	0.4	0.4	ɔl.wɔɹt	ɔlwɔt	0.2857142857142857	0.4
awreck	əɹɛk	ɔɹk	ɔɹɛk	ɔɹɛk	compound	awre|ck	0.6666666666666666	0.25	0.25	əɹɛk	əɹɛk	0.0	0.0
awreet	ɔːɹiːt	ɔɹɛt	ɔɹit	ɔɹit	compound	awre|et	0.25	0.0	0.0	əɹit	əɹit	0.25	0.25
axings	æksɪŋz	æksɪŋz	aksɪŋz	æksɪŋz	compound	axing|s	0.0	0.16666666666666666	0.0	æksɪŋz	æksɪŋz	0.0	0.0
ayat	aɪjɑt	aɪæt	aɪat	eɪət	compound	ay|at	0.5	0.5	0.75	aɪət	aɪæt	0.5	0.5
ayin	aɪɪn	aɪɪn	aɪɪn	eɪɪn	compound	ay|in	0.0	0.0	0.25	aɪɪn	eɪɪn	0.0	0.25
ayoo	eɪoʊ	eɪəʊəʊ	aɪu	eɪu	compound	ayo|o	0.3333333333333333	1.0	0.6666666666666666	əju	eɪu	1.3333333333333333	0.6666666666666666
ayuh	eɪə	ɑjuh	əjə	eɪu	compound	ayu|h	1.0	0.6666666666666666	0.3333333333333333	eɪju	aɪu	0.5	0.6666666666666666
azapirone	eɪzəpaɪɹəʊn	əzeɪpiaɪɹəʊn	azəpaɪən	əzɑpɚəʊn	compound	az|api|rone	0.4166666666666667	0.5	0.75	əzəpɪɹəʊn	æzəpaɪɹəʊn	0.3333333333333333	0.2
azyme	æzaɪm	əzaɪm	eɪzaɪm	əzim	compound	a|zyme	0.2	0.3333333333333333	0.75	eɪzaɪm	əzaɪm	0.3333333333333333	0.2
azymous	əzaɪməs	əzɪməs	eɪzɪməs	əziməs	compound	az|ym|ous	0.16666666666666666	0.42857142857142855	0.3333333333333333	əzaɪməs	æzɪməs	0.0	0.3333333333333333
azzhoe	æzhoʊ	əzzhəʊ	aʒəʊ	ɑtshəʊ	compound	az|z|hoe	0.3333333333333333	0.75	0.5	æzhəʊ	æzhəʊ	0.0	0.0
aëroport	eɪəɹəpɔɹt	eɪəɹəpɔɹt	aɪɹɒpɔt	əɹəpɚt	compound	[]	0.0	0.5714285714285714	0.6666666666666666	ɛɹəʊpɔɹt	eəɹəpɔt	0.5	0.2857142857142857
b'lieve	bliːv	bliv	biliv	bɪliv	compound	b|lieve	0.0	0.2	0.2	blɪv	bliv	0.25	0.0
backfisch	bækfɪʃ	bækfɪʃ	bakfɪʃ	bækfɪʃ	compound	back|fisch	0.0	0.16666666666666666	0.0	bækfɪʃ	bækfɪʃ	0.0	0.0
backness	bæknɪs	bæknes	baknəs	bæknəs	compound	back|ness	0.16666666666666666	0.3333333333333333	0.16666666666666666	bæknəs	bæknəs	0.16666666666666666	0.16666666666666666
backread	bækɹiːd	bækɹid	bakɹid	bækɹid	compound	back|read	0.0	0.16666666666666666	0.0	bækɹid	bækɹɛd	0.0	0.16666666666666666
backslang	bækslæŋ	bækslæŋ	bakslaŋ	bækslæŋ	compound	backs|lang	0.0	0.2857142857142857	0.0	bækslæŋ	bækslæŋ	0.0	0.0
backthrust	bækθɹʌst	bækθɹʌst	bakθɹʌst	bækθɹʌst	compound	back|thrust	0.0	0.125	0.0	bæktɹʌst	bækθɹʌst	0.125	0.0
backthrusting	bækθɹʌstɪŋ	bækθɹʌstɪŋ	bakθɹʌstɪŋ	bækθɹʌstɪŋ	compound	back|thrusting	0.0	0.1	0.0	bæktɹʌstɪŋ	bækθɹʌstɪŋ	0.1	0.0
backtick	bæktɪk	bæktɪk	baktɪk	bæktɪk	compound	back|tick	0.0	0.16666666666666666	0.0	bæktɪk	bæktɪk	0.0	0.0
bacteriophobia	bæktɪəɹɪəʊfəʊbɪə	baktɜaɪəʊfəʊbiə	baktiəɹiəfəʊbiə	bæktɚiəfəʊbiə	compound	bact|er|io|phobia	0.3333333333333333	0.3333333333333333	0.46153846153846156	bæktɪɹiəfəʊbiə	bæktiəɹɪəfəʊbiə	0.2857142857142857	0.2
bacteriotoxin	bæktɪəɹɪəʊtɒksɪn	baktɜaɪəʊtɒksɪn	baktiəɹiɒtəksɪn	bæktɛɹiəʊtɑksɪn	compound	bact|er|io|toxin	0.26666666666666666	0.4	0.26666666666666666	bæktɪɹiətɑksən	bæktiəɹɪətɒksɪn	0.35714285714285715	0.13333333333333333
badinerie	bædɪnɹi	bədinɹaɪ	badɪnəɹi	bædɪnɛɹi	compound	badine|rie	0.5	0.25	0.125	bædinəɹi	bædɪnəɹi	0.25	0.125
baff	bæf	bæf	baf	bæf	compound	b|aff	0.0	0.3333333333333333	0.0	bæf	bæf	0.0	0.0
bahut	bəhuːt	bɑhut	bahʌt	bæhʌt	compound	bahu|t	0.2	0.4	0.4	bəhʌt	bæhʌt	0.2	0.4
baiji	baɪdʒi	baɪdʒi	beɪdʒi	beɪdʒi	compound	bai|ji	0.0	0.16666666666666666	0.16666666666666666	baɪd͡ʒi	baɪdʒi	0.14285714285714285	0.0
bailings	beɪlɪŋz	beɪlɪŋz	beɪlɪŋz	beɪlɪŋz	compound	bailing|s	0.0	0.0	0.0	beɪlɪŋz	beɪlɪŋz	0.0	0.0
baitings	beɪtɪŋz	beɪtɪŋz	beɪtɪŋz	beɪtɪŋz	compound	baiting|s	0.0	0.0	0.0	beɪtɪŋz	beɪtɪŋz	0.0	0.0
bajuband	bɑːdʒuːbɑːnd	bɑdʒubænd	badʒuband	bədʒubænd	compound	baju|band	0.1111111111111111	0.2222222222222222	0.2222222222222222	bədʒubənd	bædʒubænd	0.2222222222222222	0.2222222222222222
bakemeat	beɪkmiːt	beɪkmit	beɪkmit	beɪkmət	compound	bake|meat	0.0	0.0	0.14285714285714285	beɪkmit	beɪkmit	0.0	0.0
balanephagous	bæləniːfəɡəs	beɪlənɛphæɡəs	baleɪnfaɡəs	bələnəfəɡəʊs	compound	balan|ep|hag|ous	0.46153846153846156	0.45454545454545453	0.25	bəlænəfəɡəs	bælənɛfəɡəs	0.2727272727272727	0.09090909090909091
balebos	bɑːləbɒs	beɪlbɑs	balibəʊz	beɪlbəʊz	compound	bale|bos	0.5714285714285714	0.625	0.75	bəleɪbəʊz	beɪlbəʊz	0.6666666666666666	0.75
balise	bəliːz	bɑlizi	balaɪz	bælɪs	compound	balis|e	0.3333333333333333	0.5	0.6	bɑlaɪz	bælaɪz	0.5	0.5
ballooner	bəluːnɚ	bəlunɜ	balunə	bælunɚ	compound	balloon|er	0.16666666666666666	0.3333333333333333	0.16666666666666666	bəlunəɹ	bəlunə	0.2857142857142857	0.16666666666666666
balloonings	bəluːnɪŋz	bəlunɪŋz	bəlunɪŋz	bælunɪŋz	compound	ballooning|s	0.0	0.0	0.125	bəlunɪŋz	bəlunɪŋz	0.0	0.0
ballsack	bɔːlsæk	bɔlzæk	bɔlsak	bælsæk	compound	balls|ack	0.16666666666666666	0.16666666666666666	0.16666666666666666	bɔlsæk	bɔlsæk	0.0	0.0
bambooey	bæmbuːi	bæmbui	bambui	bæmbui	compound	bamboo|ey	0.0	0.16666666666666666	0.0	bæmbui	bæmbui	0.0	0.0
bamp	bæmp	bæmp	bamp	bæmp	compound	bam|p	0.0	0.25	0.0	bæmp	bæmp	0.0	0.0
bandings	bændɪŋz	bændɪŋz	bandɪŋz	bændɪŋz	compound	banding|s	0.0	0.14285714285714285	0.0	bændɪŋz	bændɪŋz	0.0	0.0
bandolierwise	bændəlɪəɹwaɪz	bændəliəwaɪz	bandəʊliəwaɪz	bændəʊliɚwaɪz	compound	bandolier|wise	0.16666666666666666	0.3076923076923077	0.3076923076923077	bændəlɪɹwaɪz	bændəʊliəwaɪz	0.08333333333333333	0.23076923076923078
banishings	bænɪʃɪŋz	bænɪʃɪŋz	banɪʃɪŋz	bænɪʃɪŋz	compound	banishing|s	0.0	0.125	0.0	bænɪʃɪŋz	bænɪʃɪŋz	0.0	0.0
banjeonse	bændʒʌnseɪ	bændʒiɑnseɪ	bandʒɪɒns	bændʒəns	compound	ban|jeon|se	0.18181818181818182	0.5555555555555556	0.375	bændʒɪns	bændʒəns	0.375	0.375
banjouke	bændʒəʊjuːk	bændʒəʊjuk	bandʒək	bændʒək	compound	banjo|uke	0.0	0.5714285714285714	0.42857142857142855	bændʒuk	bændʒuk	0.42857142857142855	0.42857142857142855
bankshall	bæŋkshɔːl	bæŋkshɔl	baŋkʃɔl	bæŋkʃəl	compound	banks|hall	0.0	0.42857142857142855	0.42857142857142855	bæŋkshəl	bæŋkʃɔl	0.125	0.2857142857142857
baptizand	bæptɪzænd	baptaɪzænd	baptɪzand	bæptaɪzənd	compound	bapt|i|zand	0.2	0.2222222222222222	0.2	bæptaɪzənd	bæptɪzænd	0.2	0.0
barefast	bɛəɹfɑːst	beəfɑst	beəfast	bɛɹfæst	compound	bare|fast	0.2857142857142857	0.42857142857142855	0.2857142857142857	bɛɹfæst	beəfɑst	0.2857142857142857	0.2857142857142857
bareheadedness	bɛəɹhɛdɪdnəs	beəhɛdɪdnes	beəhɪdɪdnəs	bɑɹhidɪdnəs	compound	bareheaded|ness	0.2727272727272727	0.2727272727272727	0.2727272727272727	bɛɹhɛdᵻdnəs	beəhɛdɪdnəs	0.18181818181818182	0.18181818181818182
bareleggedness	bɛəɹlɛɡɪdnəs	bɛɹlɛgɪdnes	beəlɪɡɪdnəs	bɛɹɛleɪɡɛdnəs	compound	barelegged|ness	0.2727272727272727	0.2727272727272727	0.38461538461538464	bɛɹlɛgɪdnɪs	beəlɪɡɛdnəs	0.2727272727272727	0.36363636363636365
barquette	bɑːɹkɛt	bɑɹkɛt	bɑkɛt	bɑɹkwɛt	compound	b|arquette	0.0	0.2	0.14285714285714285	bɑɹkɛt	bɑkɛt	0.0	0.2
barrators	bæɹətəɹz	bæɹeɪtəz	baɹeɪtəz	bɛɹətɚz	compound	barrator|s	0.375	0.5	0.42857142857142855	bæɹəɾəɹz	bəɹeɪtəz	0.125	0.5
bartisan	bɑːtɪzæn	bɑtɪsən	bɑtɪsən	bɑɹtɪsən	compound	b|artisan	0.2857142857142857	0.2857142857142857	0.375	bɑɹtɪsən	bɑtɪsən	0.375	0.2857142857142857
baseis	beɪseɪz	beɪsɪz	baseɪz	beɪsiz	compound	base|is	0.16666666666666666	0.3333333333333333	0.3333333333333333	beɪsaɪz	beɪsiz	0.14285714285714285	0.3333333333333333
bashings	bæʃɪŋz	bæʃɪŋz	baʃɪŋz	bæʃɪŋz	compound	bashing|s	0.0	0.16666666666666666	0.0	bæʃɪŋz	bæʃɪŋz	0.0	0.0
basmala	bæsmɑlə	bʌsmɑlə	bazmɑlə	bæsmələ	compound	bas|mala	0.14285714285714285	0.2857142857142857	0.14285714285714285	bəsmɑlə	bæzmɑlə	0.14285714285714285	0.14285714285714285
baso	beɪsəʊ	bʌsəʊ	bɑsəʊ	bɑsəʊ	compound	bas|o	0.4	0.4	0.4	bɑsəʊ	beɪsəʊ	0.4	0.0
basslines	beɪslaɪnz	beɪslaɪnz	baslaɪnz	bæslaɪnz	compound	bassline|s	0.0	0.25	0.25	bæslaɪnz	bæslaɪnz	0.25	0.25
bassooning	bəsuːnɪŋ	bæsunɪŋ	basunɪŋ	bæsunɪŋ	compound	bassoon|ing	0.14285714285714285	0.14285714285714285	0.14285714285714285	bəsunɪŋ	bəsunɪŋ	0.0	0.0
basylous	bæsɪləs	bʌsɪləs	basɪləs	bæsiləs	compound	bas|yl|ous	0.14285714285714285	0.14285714285714285	0.14285714285714285	bəsɪləs	beɪsɪləs	0.14285714285714285	0.25
bat'leth	bætlɛθ	bætlɛθ	batləθ	bætɪlɛθ	compound	bat|leth	0.0	0.3333333333333333	0.14285714285714285	bætlɪθ	bætləθ	0.16666666666666666	0.16666666666666666
batdom	bætdəm	bætdɑm	batdəm	bætəm	compound	bat|dom	0.16666666666666666	0.16666666666666666	0.2	bætdəm	bætdəm	0.0	0.0
batlet	bætlət	bætlɛt	batlɪt	bætəlt	compound	bat|let	0.16666666666666666	0.3333333333333333	0.3333333333333333	bætlɪt	bætlət	0.16666666666666666	0.0
bayadere	baɪədɛɚ	baɪədɪə	beɪədiə	beɪədɚ	compound	baya|dere	0.2857142857142857	0.42857142857142855	0.3333333333333333	baɪədɪɹ	baɪədiə	0.2857142857142857	0.2857142857142857
baygall	beɪɡɔːl	beɪɡɔl	beɪɡɔl	beɪɡəl	compound	bay|gall	0.0	0.0	0.16666666666666666	beɪgəl	beɪɡɔl	0.3333333333333333	0.0
bayhead	beɪhɛd	beɪhɛd	beɪhɛd	beɪhəd	compound	bay|head	0.0	0.0	0.16666666666666666	beɪhɛd	beɪhɛd	0.0	0.0
bdelloid	dɛlɔɪd	bdɛlɔɪd	bidɛlɔɪd	bdɛlɔɪd	compound	b|dell|oid	0.14285714285714285	0.25	0.14285714285714285	bdɛlɔɪd	bdɛlɔɪd	0.14285714285714285	0.14285714285714285
beable	biːəbl	bibəl	bibəl	bibəl	compound	bea|ble	0.4	0.4	0.4	biləbəl	bibəl	0.2857142857142857	0.4
beachings	biːtʃɪŋz	bitʃɪŋz	bitʃɪŋz	bitʃɪŋz	compound	beaching|s	0.0	0.0	0.0	bit͡ʃɪŋz	bitʃɪŋz	0.125	0.0
beaconings	biːkənɪŋz	bikənɪŋz	bikənɪŋz	bikənɪŋz	compound	beaconing|s	0.0	0.0	0.0	bikənɪŋz	bikənɪŋz	0.0	0.0
beaking	biːkɪŋ	bikɪŋ	bikɪŋ	bikɪŋ	compound	beak|ing	0.0	0.0	0.0	bikɪŋ	bikɪŋ	0.0	0.0
beaksedge	biːksɛdʒ	biksɛdʒ	biksɛdʒ	biksɛdʒ	compound	beaks|edge	0.0	0.0	0.0	biksɛdʒ	biksɛdʒ	0.0	0.0
beatifical	biːətɪfɪkəl	biətɪfɪkæl	biətɪfɪkəl	bitɪfɪkəl	compound	beatific|al	0.1	0.0	0.1111111111111111	biətɪfɪkəl	biətɪfɪkəl	0.0	0.0
bebless	biblɛs	biblɛs	bibləs	bɛbəls	compound	be|bless	0.0	0.16666666666666666	0.5	bᵻblɛs	bɪblɛs	0.16666666666666666	0.16666666666666666
becastled	bɪkæsəld	bikæsəld	bɪkasəld	bɛkəstld	compound	be|castled	0.125	0.125	0.375	bᵻkæsəld	bɪkɑsəld	0.125	0.125
beckonings	bɛkənɪŋz	bɛkənɪŋz	bɛkənɪŋz	bɛkənɪŋz	compound	beckoning|s	0.0	0.0	0.0	bɛkənɪŋz	bɛkənɪŋz	0.0	0.0
bedaffled	bɪdæfld	bɪdaflɛd	bɪdafəld	bɛdəfəld	compound	bedaff|led	0.25	0.25	0.375	bədæfəld	bɪdæfəld	0.25	0.125
bedo	bəduː	bɛdəʊ	bɪdəʊ	bidəʊ	compound	bed|o	0.6	0.6	0.6	bidəʊ	bidəʊ	0.6	0.6
bedquilt	bɛdkwɪlt	bɛdkwɪlt	bɛdkwɪlt	bɛdkwɪlt	compound	bed|quilt	0.0	0.0	0.0	bɛdkwɪlt	bɛdkwɪlt	0.0	0.0
bedrivel	bidɹɪvəl	bɛdɹɪvəl	bɛdɹɪvəl	bɛdɹɪvəl	compound	bed|rivel	0.125	0.125	0.125	bᵻdɹɪvəl	bɪdɹɪvəl	0.125	0.125
bedrum	bidɹʌm	bɛdɹʌm	bɛdɹəm	bɛdɹəm	compound	bed|rum	0.16666666666666666	0.3333333333333333	0.3333333333333333	bɛdɹəm	bɛdɹəm	0.3333333333333333	0.3333333333333333
beepings	biːpɪŋz	bipɪŋz	bipɪŋz	bipɪŋz	compound	beeping|s	0.0	0.0	0.0	bipɪŋz	bipɪŋz	0.0	0.0
before't	bɪfɔːɹt	bɪfɔt	bɪfɔt	bɛfɔɹiz	compound	before|t	0.2	0.2	0.42857142857142855	bəfɔɹt	bɪfɔt	0.16666666666666666	0.2
beggings	bɛɡɪŋz	bɛɡɪŋz	bɛɡɪŋz	bɛɡɪŋz	compound	begging|s	0.0	0.0	0.0	bɛɡɪŋz	bɛɡɪŋz	0.0	0.0
beken	bəkɛn	bikɛn	bɪkɛn	bɛkən	compound	be|ken	0.2	0.2	0.4	bɛkən	bikən	0.4	0.4
belchings	bɛltʃɪŋz	bɛltʃɪŋz	bɛltʃɪŋz	bɛltʃɪŋz	compound	belching|s	0.0	0.0	0.0	bɛlt͡ʃɪŋz	bɛltʃɪŋz	0.1111111111111111	0.0
bellings	bɛlɪŋz	bɛlɪŋz	bɛlɪŋz	bɛlɪŋz	compound	belling|s	0.0	0.0	0.0	bɛlɪŋz	bɛlɪŋz	0.0	0.0
bellyless	bɛliləs	bɛliles	bɛlɪləs	bɛlaɪləs	compound	belly|less	0.14285714285714285	0.14285714285714285	0.25	bɛliləs	bɛlɪləs	0.0	0.14285714285714285
belotecan	bɛlɒtɪkæn	bɛləʊtikæn	bɪləʊtkən	bɛləʊtɪkən	compound	belote|can	0.3	0.5555555555555556	0.3	bɛlətɛkən	bɪləʊtkən	0.3333333333333333	0.5555555555555556
belswagger	bɛlswæɡɚ	bɛlswæɡə	bɛlswaɡə	bɛlsweɪɡɚ	compound	bel|swagger	0.125	0.25	0.2222222222222222	bᵻlswægəɹ	bɛlswæɡə	0.4444444444444444	0.125
bemoisten	bɪmɔɪsn	bimɔɪstən	bɪməʊɪsən	bɛmɔɪstən	compound	be|moisten	0.3333333333333333	0.3333333333333333	0.3333333333333333	bᵻməʊsən	bɛmɔɪstən	0.5	0.3333333333333333
benchings	bɛntʃɪŋz	bɛntʃɪŋz	bɛntʃɪŋz	bɛntʃɪŋz	compound	benching|s	0.0	0.0	0.0	bɛnt͡ʃɪŋz	bɛntʃɪŋz	0.1111111111111111	0.0
bendings	bɛndɪŋz	bɛndɪŋz	bɛndɪŋz	bɛndɪŋz	compound	bending|s	0.0	0.0	0.0	bɛndɪŋz	bɛndɪŋz	0.0	0.0
benegro	bɪniːɡɹəʊ	bɛnəɡɹəʊ	bɛnɪɡɹəʊ	bɛnɛɡɹəʊ	compound	bene|gro	0.25	0.25	0.25	bənɛgɹəʊ	bɛniɡɹəʊ	0.375	0.125
benocclusion	bɛnəkluːʒən	bɛnəkluʒən	bɪnəkluʒən	bɛnəkəluʒən	compound	ben|occlusion	0.0	0.1	0.09090909090909091	bɛnəkluʒən	bɛnəkluʒən	0.0	0.0
benzopyrazine	bɛnzəʊpaɪɹəziːn	bɛnzəʊpaɹɑzin	bɛnzəpɪɹeɪzin	bɛnzəpɚəzin	compound	benzo|py|ra|zine	0.15384615384615385	0.3076923076923077	0.36363636363636365	bɛnzəʊpɪɹəzin	bɛnzəpɪɹəzin	0.07692307692307693	0.16666666666666666
beour	bijɔɹ	biəə	beɪə	buɚ	compound	be|our	0.75	1.0	1.3333333333333333	biʊɹ	bɪə	0.5	1.3333333333333333
beprose	bɪpɹəʊz	bipɹəʊz	bɛpɹəʊz	bɛpɹəʊz	compound	be|prose	0.14285714285714285	0.14285714285714285	0.14285714285714285	bᵻpɹəʊz	bɪpɹəʊz	0.14285714285714285	0.0
berbere	bɝbɝɹi	bɝbɝi	bɜbə	bɚbɚ	compound	berber|e	0.2	1.0	1.0	bɜɹbəɹ	bɜbə	0.6666666666666666	1.0
berdash	bəɹdæʃ	bɜɹdæʃ	bɜdaʃ	bɚdəʃ	compound	ber|dash	0.16666666666666666	0.6	0.6	bɜɹdæʃ	bɜdæʃ	0.16666666666666666	0.4
beremeal	bɪəmiːl	bɪɹmil	bɛɹɪmiəl	bɚiməl	compound	bere|meal	0.16666666666666666	0.5	0.5	bᵻɹimil	biəɹɪmil	0.42857142857142855	0.375
berlinite	bəɹlɪnaɪt	bɜlɪnaɪt	bɜlɪnaɪt	bɚlɪnaɪt	compound	berlin|ite	0.25	0.25	0.25	bɜɹlənaɪt	bɜlɪnaɪt	0.2222222222222222	0.25
besalted	bɪsɑltɪd	bisɒltɪd	bɪzɒltɪd	bɛsəltɪd	compound	be|salted	0.25	0.25	0.25	bᵻsɔltᵻd	bɪsɒltɪd	0.375	0.125
besatcheled	bɪsætʃəld	bisætʃəld	bɪsatʃəld	bɛsætʃəld	compound	be|satcheled	0.1111111111111111	0.1111111111111111	0.1111111111111111	bᵻsætʃəld	bɪsætʃəld	0.1111111111111111	0.0
beserk	bəzɜːɹk	bizɜk	bɪsɜk	bɛsɚk	compound	bes|erk	0.4	0.6	0.8	bᵻsɜɹk	bɪzɜk	0.3333333333333333	0.4
beswathe	bɪsweɪð	bisweɪð	bɪswɒth	bɛswəθ	compound	be|swathe	0.14285714285714285	0.42857142857142855	0.6666666666666666	bᵻsweɪð	bɪswɔð	0.14285714285714285	0.3333333333333333
betalain	biːtəleɪn	bitəleɪn	bitəleɪn	bɛtəleɪn	compound	beta|lain	0.0	0.0	0.125	bɛɾəleɪn	bɛtəleɪn	0.25	0.125
bethreatened	bɪθɹɛtnd	biθɹɛtənd	bɛθɹɛtənd	bɛθɹitənd	compound	be|threatened	0.2222222222222222	0.2222222222222222	0.3333333333333333	bɛθɹɛtənd	bɪθɹɛtənd	0.2222222222222222	0.1111111111111111
betossed	bɪtɒsɪd	bɪtɒsɛd	bɪtɒst	bitəst	compound	betoss|ed	0.14285714285714285	0.3333333333333333	0.6666666666666666	bᵻtɔst	bɪtɒst	0.6666666666666666	0.3333333333333333
bettings	bɛtɪŋz	bɛtɪŋz	bɛtɪŋz	bɛtɪŋz	compound	betting|s	0.0	0.0	0.0	bɛtɪŋz	bɛtɪŋz	0.0	0.0
bewind	bəwaɪnd	biwaɪnd	bɪwɪnd	bwɪnd	compound	be|wind	0.14285714285714285	0.3333333333333333	0.4	bᵻwɪnd	bɪwaɪnd	0.3333333333333333	0.14285714285714285
beyearn	bɪjɜːɹn	beɪɜn	beɪɜn	biɚn	compound	bey|earn	0.6	0.6	1.0	beɪɑɹn	beɪən	0.5	0.8
beyellowed	bɪjɛləʊd	bijɛləʊd	beɪɪləʊd	baɪləʊd	compound	be|yellowed	0.125	0.375	0.42857142857142855	bᵻjɛləʊd	baɪələʊd	0.125	0.375
beyelp	bɪjɛlp	bijɛlp	beɪɛlp	baɪəlp	compound	be|yelp	0.16666666666666666	0.3333333333333333	0.5	beɪɛlp	beɪɛlp	0.3333333333333333	0.3333333333333333
biacid	baɪæsɪd	baɪæsɪd	baɪəsɪd	biəsɪd	compound	bi|acid	0.0	0.14285714285714285	0.5	baɪəsɪd	baɪəsɪd	0.14285714285714285	0.14285714285714285
biangle	baɪæŋɡəl	baɪæŋɡəl	baɪəŋɡəl	biæŋɡəl	compound	bi|angle	0.0	0.125	0.2857142857142857	baɪəŋgəl	baɪæŋɡəl	0.25	0.0
bibliothecal	bɪbliəθiːkəl	bɪbliəθikəl	bɪblɪɒθɛkəl	bɪblaɪəθɪkəl	compound	bibliotheca|l	0.0	0.2727272727272727	0.25	bɪbliəθikəl	bɪblɪəʊθɛkəl	0.0	0.25
bilin	baɪlɪn	bɪlin	bɪlɪn	bɪlɪn	compound	bili|n	0.4	0.2	0.2	bɪlɪn	baɪlɪn	0.2	0.0
bimillennial	baɪmɪlɛniəl	baɪmɪlɛnɪəl	baɪmɪlɛnɪəl	bɪmələniəl	compound	bimillennia|l	0.09090909090909091	0.09090909090909091	0.3	baɪmɪlɛniəl	bɪmɪlɛnɪəl	0.0	0.2
bingpot	bɪŋpɒt	bɪŋpɒt	bɪŋpɒt	bɪŋɡpət	compound	bing|pot	0.0	0.0	0.2857142857142857	bɪŋpɑt	bɪŋpɒt	0.16666666666666666	0.0
bioanalytics	baɪoʊænəlɪtɪks	baɪəʊænəlɪtɪks	baɪəʊanəlɪtɪks	biəʊnəlitɪks	compound	bio|analytics	0.0	0.07142857142857142	0.3333333333333333	baɪəʊænəlɪɾɪks	baɪəʊænəlɪtɪks	0.07142857142857142	0.0
biolet	baɪəlɛt	baɪəʊlɛt	baɪəʊlɛt	baɪəʊlɪt	compound	bio|let	0.125	0.125	0.25	baɪəlɪt	baɪəlɛt	0.14285714285714285	0.0
bisphenol	bɪsfiːnɒl	bɪsfɛnɒl	baɪsfɛnɒl	bɪsfənəl	compound	bis|phenol	0.125	0.2222222222222222	0.25	bɪsfənɔl	bɪsfɪnɒl	0.25	0.125
bitchlet	bɪtʃlət	bɪtʃlɛt	bɪtʃlɪt	bɪtʃlɪt	compound	bitch|let	0.14285714285714285	0.14285714285714285	0.14285714285714285	bɪtʃlɪt	bɪtʃlət	0.14285714285714285	0.0
bitings	baɪtɪŋz	baɪtɪŋz	baɪtɪŋz	bɪtɪŋz	compound	biting|s	0.0	0.0	0.16666666666666666	baɪɾɪŋz	baɪtɪŋz	0.14285714285714285	0.0
bitplane	bɪtpleɪn	bɪtpleɪn	bɪtpleɪn	bɪtplən	compound	bit|plane	0.0	0.0	0.2857142857142857	bɪtpleɪn	bɪtpleɪn	0.0	0.0
bixie	bɪksi	bɪksi	bɪksi	bɪksi	compound	bix|ie	0.0	0.0	0.0	bɪksi	bɪksi	0.0	0.0
bizbabble	bɪzbæbəl	bɪzbæbəl	bɪzbabəl	bɪzbəbəl	compound	biz|babble	0.0	0.125	0.125	bɪzbæbəl	bɪzbæbəl	0.0	0.0
bizness	bɪznɪs	bɪznes	bɪznəs	bɪznəs	compound	biz|ness	0.16666666666666666	0.16666666666666666	0.16666666666666666	bɪznɪs	bɪznəs	0.0	0.16666666666666666
biznesses	bɪznɪsɪz	bɪznɛsɪz	bɪznəsɪz	bɪznɛsɪz	compound	biz|nesses	0.125	0.125	0.125	bɪznəsᵻz	bɪznəsɪz	0.25	0.125
blacklash	blæklæʃ	blæklæʃ	blaklaʃ	blæklæʃ	compound	black|lash	0.0	0.2857142857142857	0.0	blæklæʃ	blæklæʃ	0.0	0.0
blanchability	blɑːntʃəbɪlɪti	blɑntʃəbɪləti	blantʃəbɪlɪti	blæntʃəbɪlɪti	compound	blanch|ability	0.07692307692307693	0.07692307692307693	0.07692307692307693	blæŋkəbɪləɾi	blɑntʃəbɪlɪti	0.5	0.0
bleen	bliːn	blin	blin	blin	compound	blee|n	0.0	0.0	0.0	blin	blin	0.0	0.0
blendings	blɛndɪŋz	blɛndɪŋz	blɛndɪŋz	blɛndɪŋz	compound	blending|s	0.0	0.0	0.0	blɛndɪŋz	blɛndɪŋz	0.0	0.0
blessure	blɛsjʊɚ	blɛsjuɹ	blɛʃə	blɛsɚ	compound	bless|ure	0.2857142857142857	0.8	0.4	blɛʃəɹ	blɛʃə	0.6666666666666666	0.8
bliaut	bliːoʊ	bliət	blaɪəɹʌt	blaɪət	compound	b|liau|t	0.2	0.625	0.5	blət	blaɪət	0.5	0.5
blightings	blaɪtɪŋz	blaɪtɪŋz	blaɪtɪŋz	blaɪtɪŋz	compound	blighting|s	0.0	0.0	0.0	blaɪɾɪŋz	blaɪtɪŋz	0.125	0.0
blike	blaɪk	blaɪk	blaɪk	blaɪk	compound	b|like	0.0	0.0	0.0	blaɪk	blaɪk	0.0	0.0
blime	blaɪmi	blaɪm	blaɪm	blaɪm	compound	b|lime	0.2	0.2	0.2	blaɪm	blaɪm	0.2	0.2
blindings	blaɪndɪŋz	blaɪndɪŋz	blaɪndɪŋz	blɪndɪŋz	compound	blinding|s	0.0	0.0	0.125	blaɪndɪŋz	blaɪndɪŋz	0.0	0.0
blinkie	blɪŋki	blɪŋki	blɪŋki	blɪŋki	compound	blink|ie	0.0	0.0	0.0	blɪŋki	blɪŋki	0.0	0.0
blogtastic	blɒɡtæstɪk	blɒɡtæstɪk	bləɡteɪstɪk	blɑɡtæstɪk	compound	blog|tastic	0.0	0.2727272727272727	0.1	blɔɡtæstɪk	blɒɡtæstɪk	0.1	0.0
blud	blʌd	blʌd	blʌd	blʌd	compound	b|lud	0.0	0.0	0.0	blʌd	blʌd	0.0	0.0
blueb	bluːb	blub	blub	blub	compound	blue|b	0.0	0.0	0.0	blub	bluəb	0.0	0.2
blueshift	bluːʃɪft	bluʃɪft	bluʃɪft	bluʃɪft	compound	blue|shift	0.0	0.0	0.0	bluʃɪft	bluʃɪft	0.0	0.0
blumsak	blʌmzæk	blumsæk	blʌmsak	blʌmsək	compound	blum|sak	0.2857142857142857	0.2857142857142857	0.2857142857142857	blʌmzæk	blʌmsæk	0.0	0.14285714285714285
blushings	blʌʃɪŋz	blʌʃɪŋz	blʌʃɪŋz	blʌʃɪŋz	compound	blushing|s	0.0	0.0	0.0	blʌʃɪŋz	blʌʃɪŋz	0.0	0.0
blustrification	blʌstɹɪfɪkeɪʃən	bləstɹɪfɪkeɪʃən	blʌstɹɪfɪkeɪʃən	blʌstɹɪfɪkeɪʃən	compound	blust|rif|ication	0.06666666666666667	0.0	0.0	blʌstɹɪfɪkeɪʃən	blʌstɹɪfɪkeɪʃən	0.0	0.0
blynx	blɪŋks	blɪŋks	blɪŋks	blɪŋks	compound	b|lynx	0.0	0.0	0.0	blɪŋks	blɪŋks	0.0	0.0
bo's'n	bəʊsn	bɑsn	bɒsn	bəʊzɪn	compound	bos|n	0.5	0.5	0.3333333333333333	bəʊzən	bəʊzən	0.3333333333333333	0.3333333333333333
boet	bʊt	bəʊt	bəʊt	bəʊt	compound	boe|t	0.25	0.25	0.25	bəʊt	bəʊt	0.25	0.25
boilings	bɔɪlɪŋz	bɔɪlɪŋz	bɔɪlɪŋz	bɔɪlɪŋz	compound	boiling|s	0.0	0.0	0.0	bɔɪlɪŋz	bɔɪlɪŋz	0.0	0.0
boingy	bɔɪŋɡiː	bɔɪŋj	bəʊɪŋi	bɔɪndʒi	compound	boing|y	0.4	0.5	0.42857142857142855	bɔɪŋi	bəʊɪndʒi	0.2	0.625
boli	bəʊlaɪ	bɑlaɪ	bəʊli	bəʊli	compound	bol|i	0.4	0.4	0.4	bəʊli	bəʊli	0.4	0.4
boln	boʊln	bɑln	bɒln	bɑln	compound	bol|n	0.5	0.5	0.5	bəʊln	bəʊln	0.0	0.0
bonaci	boʊnəsi	bəʊnəsiaɪ	bɒnəsaɪ	bɑnəsi	compound	bona|ci	0.2222222222222222	0.5714285714285714	0.3333333333333333	bəʊnəsi	bənæsi	0.0	0.3333333333333333
bonify	bəʊnɪfaɪ	bəʊnifaɪ	bɒnɪfaɪ	bəʊnəfi	compound	boni|fy	0.125	0.2857142857142857	0.42857142857142855	bɑnəfaɪ	bɒnɪfaɪ	0.42857142857142855	0.2857142857142857
booba	buːbə	bubə	bubə	bubə	compound	boob|a	0.0	0.0	0.0	bubə	bubə	0.0	0.0
booch	buːtʃ	butʃ	butʃ	buk	compound	boo|ch	0.0	0.0	0.6666666666666666	butʃ	butʃ	0.0	0.0
bookfluencer	bʊkfluənsɚ	bʊkfluənsɹ	bʊkfluənsə	bʊkflunsɚ	compound	book|fluence|r	0.1	0.1	0.1111111111111111	bʊkflusəɹ	bʊkfluənsə	0.4444444444444444	0.1
booklist	bʊklɪst	bʊklɪst	bʊklɪst	bʊklɪst	compound	book|list	0.0	0.0	0.0	bʊklɪst	bʊklɪst	0.0	0.0
bookstaff	bʊkstæf	bʊkstæf	bʊkstaf	bʊkstæf	compound	books|taff	0.0	0.14285714285714285	0.0	bʊkstæf	bʊkstɑf	0.0	0.14285714285714285
bookstave	bʊksteɪv	bʊksteɪv	bʊksteɪv	bʊksteɪv	compound	book|stave	0.0	0.0	0.0	bʊksteɪv	bʊksteɪv	0.0	0.0
boomings	buːmɪŋz	bumɪŋz	bumɪŋz	bumɪŋz	compound	booming|s	0.0	0.0	0.0	bumɪŋz	bumɪŋz	0.0	0.0
borachio	bɒɹætʃɪəʊ	bɔɹətʃaɪəʊ	bɔɹaʃɪəʊ	bɔɹɑtʃiəʊ	compound	bora|chi|o	0.3	0.375	0.3333333333333333	bəɹeɪkiəʊ	bəɹeɪkɪəʊ	0.5555555555555556	0.4444444444444444
borgo	bɔːɹɡəʊ	bɔɹɡəʊ	bɔɡəʊ	bɔɹɡəʊ	compound	borg|o	0.0	0.2	0.0	bɔɹgəʊ	bɔɡəʊ	0.16666666666666666	0.2
bosques	bɒskeɪz	bɒskeɪz	bɒsks	bɑskwz	compound	bosque|s	0.0	0.6	0.5	bɒskeɪz	bɒsks	0.0	0.6
bouget	buːdʒɛt	budʒt	bəɡɪt	bəɡɪt	compound	bouge|t	0.2	0.8	0.8	bəgɪt	buɡɪt	0.8	0.6
bouquetin	bukətæn	bukeɪɪn	bəkwɪtɪn	bəkwɛtɪn	compound	bouquet|in	0.42857142857142855	0.5	0.5	bukeɪtɪn	bukwɪtɪn	0.375	0.375
bourgeoisify	bʊəɹʒwɑːzifaɪ	bʊɹʒwɑfaɪ	bɜdʒɪəɹɪsɪfaɪ	bɔɹdʒɔɪsəfi	compound	bourgeois|ify	0.3333333333333333	0.6923076923076923	0.8181818181818182	bəɹd͡ʒɔɪzəfaɪ	bɔdʒəʊɪzɪfaɪ	0.46153846153846156	0.5833333333333334
bourride	bəɹiːd	bɜɹaɪd	bɜɹaɪd	bɔɚaɪd	compound	bour|ride	0.5	0.5	0.6666666666666666	bɔɹaɪd	bʊɹaɪd	0.5	0.5
bowlo	bəʊləʊ	bəʊləʊ	bəʊləʊ	bəʊləʊ	compound	bowl|o	0.0	0.0	0.0	bəʊləʊ	bəʊləʊ	0.0	0.0
boyed	bɔɪd	bɔɪd	bɔɪd	bɔɪd	compound	boye|d	0.0	0.0	0.0	bɔɪd	bɔɪd	0.0	0.0
boymilk	bɔɪmɪlk	bɔɪmɪlk	bɔɪmɪlk	bɔɪməlk	compound	boy|milk	0.0	0.0	0.14285714285714285	bɔɪmɪlk	bɔɪmɪlk	0.0	0.0
bozone	bəʊzəʊn	bəʊzəʊni	bɒzəʊn	bəʊzəʊn	compound	bozo|ne	0.125	0.3333333333333333	0.0	bəʊzəʊn	bɒzəʊn	0.0	0.3333333333333333
braggie	bɹæɡi	bɹæɡi	bɹaɡi	bɹæɡi	compound	bragg|ie	0.0	0.2	0.0	bɹægi	bɹæɡi	0.2	0.0
brahmadanda	bɹɑːmədʌndə	bɹɑmədændə	bɹɑmədandə	bɹɑmədændə	compound	brahma|danda	0.1	0.1	0.1	bɹɑmədɑndə	bɹɑmədændə	0.1	0.1
brahminical	bɹəmɪnəkəl	bɹɑmɪnɪkəl	bɹɑmɪnɪkəl	bɹɑmɪnɪkəl	compound	brahmin|ical	0.2	0.2	0.2	bɹɑmɪnɪkəl	bɹɑmɪnɪkəl	0.2	0.2
brakings	bɹeɪkɪŋz	bɹeɪkɪŋz	bɹeɪkɪŋz	bɹeɪkɪŋz	compound	braking|s	0.0	0.0	0.0	bɹeɪkɪŋz	bɹeɪkɪŋz	0.0	0.0
bravings	bɹeɪvɪŋz	bɹeɪvɪŋz	bɹeɪvɪŋz	bɹævɪŋz	compound	braving|s	0.0	0.0	0.2857142857142857	bɹeɪvɪŋz	bɹeɪvɪŋz	0.0	0.0
breachings	bɹiːtʃɪŋz	bɹitʃɪŋz	bɹitʃɪŋz	bɹitʃɪŋz	compound	breaching|s	0.0	0.0	0.0	bɹit͡ʃɪŋz	bɹitʃɪŋz	0.1111111111111111	0.0
breakfasty	bɹɛkfəsti	bɹɛkfəstj	bɹeɪkfəsti	bɹikfəsti	compound	breakfast|y	0.1111111111111111	0.2	0.1111111111111111	bɹɛkfəsti	bɹeɪkfɑsti	0.0	0.3
breakthru	bɹeɪkθɹuː	bɹeɪkθɹu	bɹeɪkθɹu	bɹɛkθɹu	compound	break|thru	0.0	0.0	0.2857142857142857	bɹeɪkθɹu	bɹeɪkθɹu	0.0	0.0
breatharianism	bɹɛθɛəɹiənɪzəm	bɹɛθɛɹiənɪzəm	bɹɛθeəɹiənɪzəm	bɹiθɑɹiənɪzəm	compound	breatharian|ism	0.07692307692307693	0.07142857142857142	0.23076923076923078	bɹəθɛɹiənɪzəm	bɹɛθeəɹiənɪzəm	0.15384615384615385	0.07142857142857142
breathings	bɹiːðɪŋz	bɹiðɪŋz	bɹiðɪŋz	bɹiθɪŋz	compound	breathing|s	0.0	0.0	0.14285714285714285	bɹiðɪŋz	bɹɛðɪŋz	0.0	0.14285714285714285
breenge	bɹiːndʒ	bɹindʒ	bɹindʒ	bɹɛndʒ	compound	breen|ge	0.0	0.0	0.16666666666666666	bɹɛŋ	bɹindʒ	1.0	0.0
bretesse	bɹɛtɛs	bɹɛtɛs	bɹɛtɛs	bɹɛtɛs	compound	bret|esse	0.0	0.0	0.0	bɹɛtiz	bɹɪtɛs	0.3333333333333333	0.16666666666666666
bribings	bɹaɪbɪŋz	bɹaɪbɪŋz	bɹaɪbɪŋz	bɹɪbɪŋz	compound	bribing|s	0.0	0.0	0.14285714285714285	bɹaɪbɪŋz	bɹaɪbɪŋz	0.0	0.0
bricole	bɹɪkəʊl	bɹɪkəʊl	bɹɪkəʊl	bɹɪkəʊl	compound	bric|ole	0.0	0.0	0.0	bɹɪkəʊl	bɹɪkəʊl	0.0	0.0
bridgmanite	bɹɪdʒmənaɪt	bɹɪdʒmənaɪt	bɹɪdʒmənaɪt	bɹɪdʒmənɪt	compound	bridgman|ite	0.0	0.0	0.1	bɹɪdʒmənaɪt	bɹɪdʒmənaɪt	0.0	0.0
brierberry	bɹaɪəɹbɛɹi	bɹaɪəbɛɹi	bɹaɪəbəɹi	bɹaɪɚbɛɹi	compound	brier|berry	0.1111111111111111	0.2222222222222222	0.2222222222222222	bɹaɪəɹbɛɹi	bɹiəbəɹi	0.0	0.5
briggle	bɹɪɡəl	bɹɪɡəl	bɹɪɡəl	bɹɪɡəl	compound	b|riggle	0.0	0.0	0.0	bɹɪgəl	bɹɪɡəl	0.16666666666666666	0.0
brille	bɹɪlə	bɹɪli	bɹɪl	bɹɪl	compound	brill|e	0.2	0.25	0.25	bɹɪl	bɹɪl	0.25	0.25
brisure	bɹɪzjʊɚ	bɹɪsjuɹ	bɹɪʒə	bɹɪʒɚ	compound	bris|ure	0.42857142857142855	0.8	0.6	bɹaɪʒəɹ	bɹɪʒə	0.7142857142857143	0.8
brivaracetam	bɹɪvəɹæsɪtæm	bɹivɑɹəsɛtəm	bɹɪvəɹəstam	bɹɪvɑɹəstəm	compound	bri|vara|ceta|m	0.4166666666666667	0.2727272727272727	0.36363636363636365	bɹɪvəɹæsɪtæm	bɹaɪvəɹeɪstæm	0.0	0.3076923076923077
brivet	bɹɪvɪt	bɹivɛt	bɹɪvɪt	bɹaɪvt	compound	bri|vet	0.3333333333333333	0.0	0.3333333333333333	bɹaɪvɪt	bɹɪvɪt	0.14285714285714285	0.0
broadswordsman	bɹɔːdsɔɹdzmæn	bɹɔdsɔdzmæn	bɹɔdsɔdzmən	bɹəʊdzwɚdzmən	compound	broadswords|man	0.09090909090909091	0.18181818181818182	0.46153846153846156	bɹɔdsɔdzmən	bɹɔdswɜdzmən	0.18181818181818182	0.25
broadswordsmanship	bɹɔːdsɔɹdzmænʃɪp	bɹɔdsɔdzmænʃɪp	bɹɔdsɔdzmənʃɪp	bɹəʊdzwɚdzmænʃɪp	compound	broadswords|manship	0.07142857142857142	0.14285714285714285	0.3125	bɹɔdsɔɹdsmənʃɪp	bɹɔdswɜdzmənʃɪp	0.13333333333333333	0.2
bromatology	bɹəʊmətɒlədʒi	bɹəʊmətulədʒɪ	bɹɒmətɒlədʒi	bɹəʊmətɑlədʒi	compound	broma|to|logy	0.15384615384615385	0.16666666666666666	0.07692307692307693	bɹəʊmətɑlədʒi	bɹɒmətɒlədʒi	0.07692307692307693	0.16666666666666666
broodings	bɹuːdɪŋz	bɹudɪŋz	bɹudɪŋz	bɹudɪŋz	compound	brooding|s	0.0	0.0	0.0	bɹudɪŋz	bɹudɪŋz	0.0	0.0
bruisings	bɹuːzɪŋz	bɹuzɪŋz	bɹuzɪŋz	bɹusɪŋz	compound	bruising|s	0.0	0.0	0.14285714285714285	bɹuzɪŋz	bɹuzɪŋz	0.0	0.0
buaze	bwɑːzeɪ	bijueɪzi	bjueɪz	bjueɪz	compound	bua|ze	0.625	0.6666666666666666	0.6666666666666666	buz	bjueɪz	1.3333333333333333	0.6666666666666666
bubbas	bʌbəz	bʌbəz	bʌbəz	bʌbəz	compound	bubba|s	0.0	0.0	0.0	bʌbəz	bʌbəz	0.0	0.0
bubblegrunge	bʌbəlɡɹʌndʒ	bʌbəlɡɹʌndʒ	bʌbəlɡɹʌndʒ	bʌbəlɡɹʌndʒ	compound	bubble|grunge	0.0	0.0	0.0	bʌbəlgɹʌndʒ	bʌbəlɡɹʌndʒ	0.09090909090909091	0.0
bubele	bʊbələ	bubəli	bjubɛl	bjubl	compound	bubel|e	0.3333333333333333	0.6666666666666666	0.8	bubəl	bjubəl	0.4	0.5
buccogingival	bʌkoʊdʒɪndʒɪvl	bukəʊdʒəndʒaɪvəl	bʌkəʊdʒɪŋɡɪvəl	bʌkədʒɪŋɪvəl	compound	bucco|gingival	0.25	0.2857142857142857	0.4166666666666667	bukədʒɪndʒəl	bʌkədʒɪŋɡɪvəl	0.3333333333333333	0.38461538461538464
buccopalatal	bʌkoʊpælətəl	bukəʊpalətəl	bʌkəpalatəl	bʌkəpələtəl	compound	bucco|palatal	0.16666666666666666	0.2727272727272727	0.18181818181818182	bʌkɑpəleɪɾəl	bʌkəpælətəl	0.5	0.09090909090909091
buckings	bʌkɪŋz	bʌkɪŋz	bʌkɪŋz	bʌkɪŋz	compound	bucking|s	0.0	0.0	0.0	bʌkɪŋz	bʌkɪŋz	0.0	0.0
buddings	bʌdiŋz	bʌdɪŋz	bʌdɪŋz	bʌdɪŋz	compound	budding|s	0.16666666666666666	0.16666666666666666	0.16666666666666666	bʌdɪŋz	bʌdɪŋz	0.16666666666666666	0.16666666666666666
buffings	bʌfɪŋz	bʌfɪŋz	bʌfɪŋz	bʌfɪŋz	compound	buffing|s	0.0	0.0	0.0	bʌfɪŋz	bʌfɪŋz	0.0	0.0
buggings	bʌɡɪŋz	bʌɡɪŋz	bʌɡɪŋz	bʌɡɪŋz	compound	bugging|s	0.0	0.0	0.0	bʌgɪŋz	bʌɡɪŋz	0.16666666666666666	0.0
bugmail	bʌɡmeɪl	bʌɡmeɪl	bʌɡmeɪl	bʌɡmeɪl	compound	bug|mail	0.0	0.0	0.0	bʌgmeɪl	bʌɡmeɪl	0.14285714285714285	0.0
bulbiform	bʌlbɪfɔːm	bʌlbɪfɔm	bʌlbɪfɔm	bʌlbɪfɚm	compound	bulb|iform	0.0	0.0	0.125	bʌlbɪfɔɹm	bʌlbɪfɔm	0.1111111111111111	0.0
bullcrap	bʊlkɹæp	bʊlkɹæp	bʊlkɹap	bʊlkɹəp	compound	bull|crap	0.0	0.14285714285714285	0.14285714285714285	bʊlkɹæp	bʊlkɹæp	0.0	0.0
bulldyke	bʊldaɪk	bʊldaɪk	bʊldaɪk	bʊldaɪk	compound	bull|dyke	0.0	0.0	0.0	bʊldaɪk	bʊldaɪk	0.0	0.0
bullswool	bʊlzwʊl	bʊlzwʊl	bʊlswʊl	bʌlzwul	compound	bulls|wool	0.0	0.14285714285714285	0.2857142857142857	bʊlzwʊl	bʊlswʊl	0.0	0.14285714285714285
bumtastic	bʌmtæstɪk	bʌmtæstɪk	bʌmteɪstɪk	bʌmtæstɪk	compound	bum|tastic	0.0	0.2	0.0	bʌmtæstɪk	bʌmtæstɪk	0.0	0.0
buncha	bʌntʃə	bʌntʃə	bʌntʃə	bʌntʃə	compound	bunch|a	0.0	0.0	0.0	bʌntʃə	bʌntʃə	0.0	0.0
butanedinitrile	bjuːteɪndaɪnaɪtɹaɪl	bjuteɪndaɪnaɪtɹaɪl	bjuteɪndɪnaɪtɹaɪl	bjutəndɪnɪtɹɪl	compound	butane|di|nitrile	0.0	0.058823529411764705	0.35714285714285715	bjuɾənɛdənətɹaɪl	bjutənɛdɪnɪtɹaɪl	0.5	0.3125
butterbrot	bʊtəɹbɹoʊt	bʌtəbɹɑt	bʌtəbɹɒt	bʌtɚbɹət	compound	butter|brot	0.5	0.5	0.5	bʌɾəɹbɹɑt	bʌtəbɹɒt	0.4444444444444444	0.5
buttfuck	bʌtfʌk	bʌtfʌk	bʌtfʌk	bʌtfʌk	compound	butt|fuck	0.0	0.0	0.0	bʌtfʌk	bʌtfʌk	0.0	0.0
buttings	bʌtɪŋz	bʌtɪŋz	bʌtɪŋz	bʌtɪŋz	compound	butting|s	0.0	0.0	0.0	bʌɾɪŋz	bʌtɪŋz	0.16666666666666666	0.0
buttonology	bʌtənɒlədʒi	bʌtənɒlədʒi	bʌtənɒlədʒi	bʌtənələdʒi	compound	button|ology	0.0	0.0	0.09090909090909091	bʌtnɑlədʒi	bʌtənɒlədʒi	0.2	0.0
buttonquail	bʌtɜnkweɪl	bʌtənkweɪl	bʌtəŋkweɪl	bʌtəŋkweɪl	compound	button|quail	0.1	0.2	0.2	bʌtnkweɪl	bʌtənkweɪl	0.1111111111111111	0.1
buzzie	bʌzi	bʌzi	bʌzi	butsi	compound	buzz|ie	0.0	0.0	0.6	bʌzi	bʌzi	0.0	0.0
buzzings	bʌzɪŋz	bʌzɪŋz	bʌzɪŋz	bʌzɪŋz	compound	buzzing|s	0.0	0.0	0.0	bʌzɪŋz	bʌzɪŋz	0.0	0.0
by't	baɪt	baɪt	baɪt	biɪt	compound	by|t	0.0	0.0	0.25	baɪt	baɪt	0.0	0.0
byen	bjɛn	baɪn	baɪən	bin	compound	bye|n	0.5	0.6	0.6666666666666666	baɪən	baɪən	0.6	0.6
byhove	bɪhəʊv	baɪhəʊv	baɪhəʊv	bihəʊv	compound	by|hove	0.14285714285714285	0.14285714285714285	0.16666666666666666	baɪhəʊv	baɪhəʊv	0.14285714285714285	0.14285714285714285
byzant	bɪzænt	baɪzænt	bɪzant	baɪzənt	compound	by|zant	0.14285714285714285	0.16666666666666666	0.2857142857142857	bɪzænt	baɪzənt	0.0	0.2857142857142857
c'mere	kəmɪə	smiə	simiə	kɪmɚ	compound	c|mere	0.75	0.6	0.75	simɪɹ	kmiə	0.6	0.5
c'waam	tʃwɑm	swɑæm	siwɑm	kwɔm	compound	c|wa|am	0.6	0.4	0.75	kɑm	kwɑm	1.0	0.5
cabalize	kəbɑːlaɪz	kəbælaɪz	kəbalaɪz	kæbəlaɪz	compound	cabal|ize	0.125	0.125	0.25	kəbɑlaɪz	keɪbəlaɪz	0.0	0.3333333333333333
cabasset	kæbəsɛt	kæbæsɛt	kabəsɛt	kəbəsɪt	compound	cab|asset	0.14285714285714285	0.14285714285714285	0.2857142857142857	kəbæsɛt	kæbəsɛt	0.2857142857142857	0.0
cabré	kəbɹeɪ	kəbɹeɪ	kabɹeɪ	kəbɹ	compound	[]	0.0	0.16666666666666666	0.5	kəbɹeɪ	kæbɹeɪ	0.0	0.16666666666666666
cachaemia	kækiːmiə	kækhimiə	kakimiə	kætʃəmiə	compound	cac|haem|ia	0.125	0.14285714285714285	0.375	kəkeɪ.mi.ə	kəkimiə	0.5	0.14285714285714285
cachaemic	kækiːmɪk	kækhimɪk	kakimɪk	kætʃəmɪk	compound	cac|haemic	0.125	0.14285714285714285	0.375	kəʃimɪk	kəkimɪk	0.2857142857142857	0.14285714285714285
cacoethics	kakəʊɛθɪks	kakəʊiθikz	kakəʊθɪks	keɪkəʊθɪks	compound	cacoethic|s	0.3	0.1111111111111111	0.3	kækəθɛtɪks	kækəʊɛθɪks	0.3	0.1
cacuminous	kəkjuːmɪnəs	kɑkjumɪnəs	kakjumɪnəs	kækəmənus	compound	ca|cumin|ous	0.1	0.1	0.5555555555555556	kəkjumənəs	kækjumɪnəs	0.1	0.1
caddr	kɑdədɚ	kædɹ	kadə	kædɚ	compound	cad|dr	1.0	0.75	0.75	kædɚ	kædə	0.75	0.75
cadherin	kædhɪəɹɪn	kædhɛɹɪn	kadhəɹɪn	kædɚɪn	compound	cad|herin	0.25	0.25	0.6666666666666666	kædhəɹɪn	kædhəɹɪn	0.125	0.125
caduce	kədjuːs	kædus	kadjus	kædus	compound	cad|uce	0.4	0.16666666666666666	0.4	kədus	kədjus	0.2	0.0
cain't	keɪnt	keɪnt	keɪnt	keɪnɪt	compound	cain|t	0.0	0.0	0.16666666666666666	keɪntən	keɪnt	0.2857142857142857	0.0
caipirinhas	kaɪpɪɹiːnjəz	kaɪpɪɹinjəz	keɪpɪɹɪnhəz	keɪpɚɪnhəz	compound	caipirinha|s	0.0	0.2727272727272727	0.5	kaɪpəɹinəz	keɪpɪɹɪnəz	0.2	0.3
cajoler	kədʒəʊlɚ	kədʒəʊlɹ	kadʒəʊlə	kədʒəʊlɚ	compound	cajole|r	0.125	0.25	0.0	kəd͡ʒəʊ.ləɹ	kædʒələ	0.36363636363636365	0.42857142857142855
cak	tʃɑːk	kɑk	kak	kæk	compound	ca|k	0.6666666666666666	1.0	1.0	kæk	kæk	1.0	1.0
cakeism	keɪkɪzəm	keɪkɪzəm	kakeɪzəm	keɪkaɪzm	compound	cake|ism	0.0	0.375	0.25	keɪkɪzəm	keɪkɪzəm	0.0	0.0
cakesicle	keɪksɪkəl	keɪksɪkəl	keɪksɪkəl	keɪksɪkəl	compound	cake|sicle	0.0	0.0	0.0	keɪkɪsɪkəl	keɪksɪkəl	0.1	0.0
cakings	keɪkɪŋz	keɪkɪŋz	keɪkɪŋz	keɪkɪŋz	compound	caking|s	0.0	0.0	0.0	keɪkɪŋz	keɪkɪŋz	0.0	0.0
calaverite	kæləvɛəɹaɪt	kɑləvɛɹaɪt	kaləvəɹaɪt	kələvɚɪt	compound	cala|verite	0.2	0.2	0.625	kæləvəɹaɪt	kæləvɛɹɪt	0.1	0.2222222222222222
calipash	kælɪpæʃ	kælipæʃ	kalɪpaʃ	kælɪpəʃ	compound	cali|pash	0.14285714285714285	0.2857142857142857	0.14285714285714285	kælɪpæʃ	kælɪpæʃ	0.0	0.0
call't	kɔːlt	kɔlt	kɔlt	kælɪt	compound	call|t	0.0	0.0	0.4	kɔlt	kɔlt	0.0	0.0
calligraffiti	kəlɪɡɹəfiːti	kaliɡɹəfiti	kalɪɡɹəfiti	kælɪɡɹæfɪti	compound	calli|graffiti	0.18181818181818182	0.09090909090909091	0.2727272727272727	kælɪgɹəfiti	kælɪɡɹəfaɪti	0.18181818181818182	0.25
cambist	kæmbɪst	kæmbɪst	kambɪst	kæmbɪst	compound	cam|bist	0.0	0.14285714285714285	0.0	kæmbɪst	kæmbɪst	0.0	0.0
cameral	kæmɛɹəl	kæmɹəl	kamɹəl	keɪmɚəl	compound	camera|l	0.16666666666666666	0.3333333333333333	0.5714285714285714	kæməɹəl	kæməɹəl	0.14285714285714285	0.14285714285714285
camlet	kæmlɪt	kæməlɛt	kamlɪt	kæmlət	compound	caml|et	0.2857142857142857	0.16666666666666666	0.16666666666666666	kæmlɪt	kæmlət	0.0	0.16666666666666666
camote	kəmoʊti	kaməʊti	kaməʊt	kæməʊt	compound	camo|te	0.14285714285714285	0.3333333333333333	0.3333333333333333	kəməʊteɪ	kəməʊt	0.25	0.16666666666666666
can't've	kɑːntəv	kæntivi	kɑntəv	kænɪtɪv	compound	cantv|e	0.42857142857142855	0.0	0.42857142857142855	kæntəv	kæntəv	0.16666666666666666	0.16666666666666666
canakin	kænəkɪn	kænəkɪn	kanəkɪn	kænəkɪn	compound	cana|kin	0.0	0.14285714285714285	0.0	kænəkɪn	kænəkɪn	0.0	0.0
cancelier	kænsəlɪɚ	kænsəliɹ	kansɪliə	kænsɛliɚ	compound	cancel|ie|r	0.25	0.5	0.25	kænsəliəɹ	kænsɪliə	0.3333333333333333	0.375
candidity	kændɪdɪtɪ	kændɪdɪti	kandɪdɪti	kændɪdɪti	compound	candid|ity	0.1111111111111111	0.2222222222222222	0.1111111111111111	kændɪdəɾi	kændɪdɪti	0.3333333333333333	0.1111111111111111
canerow	keɪnɹoʊ	keɪnəəʊ	kanəɹəʊ	kænɚəʊ	compound	caner|ow	0.14285714285714285	0.42857142857142855	0.5	keɪnəɹəʊ	kænəɹəʊ	0.125	0.42857142857142855
capacify	kəpæsɪfaɪ	kɑpæsɪfaɪ	kəpasɪfaɪ	kæpəsəfi	compound	ca|pacify	0.1111111111111111	0.1111111111111111	0.625	kəpæsɪfaɪ	kəpæsɪfaɪ	0.0	0.0
caporegime	kɑːpəʊɹədʒiːmeɪ	kɑpəʊɹeɪʒim	kapɔdʒaɪm	kæpɚidʒɪm	compound	capo|regime	0.36363636363636365	1.0	0.8888888888888888	kæpɚɹaɪm	kæpɔɹɛdʒaɪm	1.125	0.7272727272727273
cappie	kæpi	kæpi	kapɪ	kæpi	compound	capp|ie	0.0	0.5	0.0	kæpi	kæpi	0.0	0.0
caprifig	kæpɹəfɪɡ	kæpɹifɪɡ	kapɹɪfɪɡ	kæpɹɪfɪɡ	compound	capri|fig	0.125	0.25	0.125	kæpɹɪfɪɡ	kæpɹɪfɪɡ	0.125	0.125
capy	kæpi	kæpj	keɪpi	keɪpi	compound	cap|y	0.25	0.4	0.4	keɪpi	keɪpi	0.4	0.4
caramoussal	kæɹəmuːsɑːl	kɛɹəməsəl	kaɹəməsəl	kɑɹəməsəl	compound	cara|moussa|l	0.3333333333333333	0.3333333333333333	0.3333333333333333	kɛɹəməsɑl	kæɹəməsəl	0.2222222222222222	0.2222222222222222
carap	kæɹəp	kɛɹəp	kaɹap	kɛɹəp	compound	cara|p	0.2	0.4	0.2	kɛɹæp	kæɹæp	0.4	0.2
carbrain	kɑɹbɹeɪn	kɑɹbɹeɪn	kɑbɹeɪn	kɑɹbɹeɪn	compound	carb|rain	0.0	0.14285714285714285	0.0	kɑɹbɹeɪn	kɑbɹeɪn	0.0	0.14285714285714285
cardioverter	kɑːɹdiəʊvɜːɹtɚ	kɑɹdiəʊvɝtɜ	kɑdɪəʊvɜtə	kɑɹdiəvɚtɚ	compound	cardio|vert|er	0.2727272727272727	0.4	0.3	kɑɹdiəʊvɜɹɾəɹ	kɑdɪəʊvɜtə	0.23076923076923078	0.4
caressings	kəɹɛsɪŋz	kəɹɛsɪŋz	kəɹɛsɪŋz	kɛɹɛsɪŋz	compound	caressing|s	0.0	0.0	0.125	kəɹɛsɪŋz	kəɹɛsɪŋz	0.0	0.0
caseic	keɪsiɪk	keɪsɪk	kaseɪk	keɪsɪk	compound	case|ic	0.16666666666666666	0.5	0.16666666666666666	keɪsiɪk	kəsiɪk	0.0	0.3333333333333333
caseification	keɪsɪfɪkeɪʃən	keɪsɪfɪkeɪʃən	kaseɪfɪkeɪʃən	keɪsaɪfɪkeɪʃən	compound	case|ification	0.0	0.23076923076923078	0.07142857142857142	keɪsɪfɪkeɪʃən	kəsifɪkeɪʃən	0.0	0.25
caseinate	keɪsiːneɪt	keɪsineɪt	kasɪneɪt	keɪsineɪt	compound	casein|ate	0.0	0.375	0.0	keɪsəneɪt	keɪsɪneɪt	0.1111111111111111	0.1111111111111111
cashtag	kæʃtæɡ	kæʃtæɡ	kaʃtaɡ	kæʃtəɡ	compound	cash|tag	0.0	0.3333333333333333	0.16666666666666666	kæʃtæg	kæʃtæɡ	0.16666666666666666	0.0
casn't	kæznt	kæsnt	kasənt	kæsnɪt	compound	cas|nt	0.2	0.5	0.3333333333333333	kæzənt	kæzənt	0.16666666666666666	0.16666666666666666
castellanus	kæstəlɑːnəs	kæstələnʌs	kasɪlanəs	kæstɛlənəs	compound	castellan|us	0.2	0.4444444444444444	0.2	kəstɛlənəs	kɑstɪleɪnəs	0.3	0.36363636363636365
castlet	kɑːslət	kɑsəlt	kaslɪt	kæstlɪt	compound	castle|t	0.3333333333333333	0.3333333333333333	0.42857142857142855	kæstlɪt	kɑslət	0.42857142857142855	0.0
catapeltic	kætəpɛltɪk	kætɑpɛltɪk	kateɪpltɪk	kætəpɛltɪk	compound	cat|apel|tic	0.1	0.4	0.0	kæɾəpɛltɪk	kætəpɛltɪk	0.1	0.0
catboy	kætbɔɪ	kætbɔɪ	katbɔɪ	kætbɔɪ	compound	cat|boy	0.0	0.16666666666666666	0.0	kætbɔɪ	kætbɔɪ	0.0	0.0
catchee	kætʃi	kætʃi	katʃi	kætʃi	compound	catch|ee	0.0	0.2	0.0	kætʃi	kætʃi	0.0	0.0
catechumenate	kætɪkjuːməneɪt	katɪkjumɛneɪt	katɪtʃuməneɪt	kættʃuməneɪt	compound	catechumen|ate	0.15384615384615385	0.23076923076923078	0.25	kæɾəkjumɛneɪt	kætɪkjuməneɪt	0.23076923076923078	0.0
catheti	kæθɪtaɪ	kæθɛtaɪ	kaθɛti	kæθiti	compound	cath|et|i	0.14285714285714285	0.6666666666666666	0.5	kæθiɾi	kæθɛti	0.6666666666666666	0.5
catlap	kætlæp	kætlæp	katlap	kætləp	compound	cat|lap	0.0	0.3333333333333333	0.16666666666666666	kætlæp	kætlæp	0.0	0.0
catoblepas	kætoʊblɛpəs	keɪtəʊblɛpæz	katəbəlpəz	kætəbəlpəz	compound	cato|blep|as	0.3333333333333333	0.5	0.4	kətɑbləpəz	kætəbəlpəz	0.5	0.4
cattleshed	kætəlʃɛd	kætəlʃid	katəlʃt	kætlɛʃt	compound	cattle|shed	0.125	0.42857142857142855	0.5714285714285714	kæɾəlʃɛd	kætəlʃɛd	0.125	0.0
caut	kɔːt	kət	kət	kət	compound	cau|t	0.3333333333333333	0.3333333333333333	0.3333333333333333	kɔt	kɔt	0.0	0.0
cautiouser	kɔːʃəsɚ	kɔʃəsɜ	kɔʃəsə	kəʃəsɚ	compound	cautious|er	0.16666666666666666	0.16666666666666666	0.16666666666666666	kɔɾiəsɚ	kɔʃəsə	0.2857142857142857	0.16666666666666666
cavi	keɪvaɪ	kavaɪ	kavi	keɪvi	compound	cav|i	0.4	1.0	0.4	kɑvi	kɑvi	1.0	1.0
ceasings	siːsɪŋz	sisɪŋz	sisɪŋz	sizɪŋz	compound	ceasing|s	0.0	0.0	0.16666666666666666	sisɪŋz	sisɪŋz	0.0	0.0
cecaelia	sɪsiːliə	nsiliə	sɛkeɪliə	sɛkeɪliə	compound	ce|caeli|a	0.3333333333333333	0.5	0.5	sɪkeɪ.li.ə	sɪkiliə	0.5	0.14285714285714285
cecocentral	siːkəsɛntɹəl	sikəʊsɛntɹəl	sɛkəʊsɛntɹəl	tʃɛkəʊsəntɹəl	compound	ceco|central	0.08333333333333333	0.16666666666666666	0.38461538461538464	sisəsɛntɹəl	sɛkəʊsɛntɹəl	0.09090909090909091	0.16666666666666666
ceebs	siːbz	sibz	sibz	sibz	compound	cee|b|s	0.0	0.0	0.0	sibz	sibz	0.0	0.0
celature	sɛlətjʊɚ	sɛlətʊɹ	sɛlətʃə	sɛlætʃɚ	compound	cela|ture	0.2857142857142857	0.42857142857142855	0.42857142857142855	sɛlətʃəɹ	sɛlətʃə	0.375	0.42857142857142855
centrocecal	sɛntɹəsiːkəl	sɛntɹəʊsɛkəl	sɛntɹəʊskəl	sɛntɹəʊsɛkəl	compound	centro|cecal	0.16666666666666666	0.18181818181818182	0.16666666666666666	sɛntɹəʊsikəl	sɛntɹəʊsikəl	0.08333333333333333	0.08333333333333333
centrocyte	sɛntɹəsaɪt	sɛntɹəʊsaɪt	sɛntɹəsaɪt	sɛntɹəsaɪt	compound	centro|cyte	0.09090909090909091	0.0	0.0	sɛntɹəsaɪt	sɛntɹəsaɪt	0.0	0.0
cepelinas	tsɛpəliːnəs	sɛpɪlinəz	sɛpɪlinəz	sɛpɛlɪnəz	compound	cep|elina|s	0.3333333333333333	0.3333333333333333	0.4444444444444444	seɪpɛlɪnəz	sɛpɪlinəz	0.6	0.3333333333333333
cepstrum	sɛpstɹʌm	sɛpstɹʌm	sɛpstɹəm	sɛpstɹʌm	compound	cep|strum	0.0	0.125	0.0	sɛp.stɹəm	sɛpstɹəm	0.2222222222222222	0.125
cessile	sɛsʌɪl	sɛsaɪl	sɛsaɪl	sɛsɪl	compound	cess|ile	0.16666666666666666	0.16666666666666666	0.2	sɛsəl	sɛsaɪl	0.4	0.16666666666666666
cetraxate	sɪtɹækseɪt	nstɹækseɪt	sɛtɹəkseɪt	sɛtɹæksət	compound	ce|trax|ate	0.2	0.2	0.3333333333333333	sɛtɹækseɪt	sɛtɹækseɪt	0.1	0.1
chacmool	tʃɑkmoʊl	tʃɑsmul	tʃakmul	tʃækmul	compound	cha|c|mool	0.42857142857142855	0.42857142857142855	0.42857142857142855	tʃækmul	tʃækmul	0.42857142857142855	0.42857142857142855
chainings	tʃeɪnɪŋz	tʃeɪnɪŋz	tʃeɪnɪŋz	tʃeɪnɪŋz	compound	chaining|s	0.0	0.0	0.0	tʃeɪnɪŋz	tʃeɪnɪŋz	0.0	0.0
chambranle	ʃɒmbɹɒnlə	tʃæmbɹanəl	tʃeɪmbɹanəl	tʃæmbɹænəl	compound	cham|branle	0.5	0.5454545454545454	0.5	ʃæmbɹənəl	tʃæmbɹænəl	0.4444444444444444	0.5
chamoy	tʃəmɔɪ	tʃæmɔɪ	tʃamɔɪ	tʃæmɔɪ	compound	cham|oy	0.16666666666666666	0.16666666666666666	0.16666666666666666	tʃæmɔɪ	tʃæmɔɪ	0.16666666666666666	0.16666666666666666
chargeous	tʃɑːɹdʒəs	tʃɑɹdʒəs	tʃɑdʒəs	tʃɑɹdʒus	compound	charge|ous	0.0	0.14285714285714285	0.125	tʃɑɹdʒəs	tʃɑdʒəs	0.0	0.14285714285714285
chassised	tʃæsiːd	tʃæsiɛd	ʃasaɪzd	tʃæsɪsd	compound	chassis|ed	0.14285714285714285	0.7142857142857143	0.2857142857142857	tʃæsɪsd	tʃæsaɪzd	0.2857142857142857	0.375
chattings	tʃætɪŋz	tʃætɪŋz	tʃatɪŋz	tʃætɪŋz	compound	chatting|s	0.0	0.14285714285714285	0.0	tʃæɾɪŋz	tʃætɪŋz	0.14285714285714285	0.0
chaudin	ʃoʊdɪn	ʃəʊdɪn	ʃəʊɪn	tʃɔdɪn	compound	chau|din	0.0	0.2	0.5	ʃɔdɪn	ʃɔdɪn	0.4	0.4
chausson	ʃoʊsɔn	tʃəsʌn	tʃɔsən	tʃɔsən	compound	chaus|son	0.5	0.6666666666666666	0.6666666666666666	ʃəsən	tʃɔsən	0.4	0.6666666666666666
chavtastic	tʃævtæstɪk	tʃavtæstɪk	tʃavteɪstɪk	tʃævtæstɪk	compound	chav|tastic	0.1	0.2727272727272727	0.0	tʃəvtæstɪk	tʃævtæstɪk	0.1	0.0
chawer	tʃɔːɚ	tʃɔɜ	tʃawə	tʃəɚ	compound	chaw|er	0.25	0.6	0.25	tʃɔwəɹ	tʃɔə	0.5	0.25
cheatgrass	tʃiːtɡɹɑːs	tʃitɡɹɑs	tʃitɡɹas	tʃɛtɡɹæs	compound	cheat|grass	0.0	0.125	0.25	tʃitgɹæs	tʃitɡɹɑs	0.25	0.0
cheatings	tʃiːtɪŋz	tʃitɪŋz	tʃitɪŋz	tʃitɪŋz	compound	cheating|s	0.0	0.0	0.0	tʃiɾɪŋz	tʃitɪŋz	0.14285714285714285	0.0
checkings	tʃɛkɪŋz	tʃɛkɪŋz	tʃɛkɪŋz	tʃɛkɪŋz	compound	checking|s	0.0	0.0	0.0	t͡ʃɛkɪŋz	tʃɛkɪŋz	0.125	0.0
checkitis	tʃɛkaɪtəs	tʃɛkaɪtɪs	tʃɛkaɪtɪs	tʃɛkɪtɪs	compound	check|itis	0.1111111111111111	0.1111111111111111	0.25	tʃɛkaɪɾɪs	tʃɛkaɪtɪs	0.2222222222222222	0.1111111111111111
checklaton	tʃɛklætən	tʃɛklætən	tʃɛklatən	tʃɛkleɪtən	compound	check|laton	0.0	0.1111111111111111	0.2	tʃɛklətən	tʃɛklətən	0.1111111111111111	0.1111111111111111
cheepings	tʃiːpɪŋz	tʃipɪŋz	tʃipɪŋz	tʃipɪŋz	compound	cheeping|s	0.0	0.0	0.0	tʃipɪŋz	tʃipɪŋz	0.0	0.0
cheesetastic	tʃiːztæstɪk	tʃiztæstɪk	tʃizteɪstɪk	tʃizɪtæstɪk	compound	cheese|tastic	0.0	0.18181818181818182	0.09090909090909091	tʃizətæstɪk	tʃisɪtæstɪk	0.09090909090909091	0.18181818181818182
cheiropompholyx	kaɪɹəʊpɒmfəlɪks	tʃɛɹəʊpɒmfəlɪks	tʃeəɹəpɒmfəlɪks	tʃaɪɹəʊpɑmfəlɪks	compound	cheir|o|pompholyx	0.2	0.3333333333333333	0.1875	kaɪɹəʊpɒmfəlɪks	kaɪəɹəpɒmfəlɪks	0.0	0.13333333333333333
chelev	heɪləv	tʃeɪlɛv	tʃɛlɛv	tʃɛləv	compound	che|lev	0.42857142857142855	0.6666666666666666	0.5	tʃɛlɪv	tʃɛləv	0.6666666666666666	0.5
chemosexual	kiːməʊsɛkʃuəl	kiməʊsɛkʃuəl	kiməʊsɛkʃuəl	tʃɛməʊsɛkʃuəl	compound	chemo|sexual	0.0	0.0	0.23076923076923078	kiməʊsɛkʃəwəl	kɛməʊsɛkʃuəl	0.15384615384615385	0.08333333333333333
chemosterilant	kɪiməʊstɛɹɪlənt	kiməʊstɛɹələnt	kiməʊstəɹɪlənt	tʃɛməstɚɪlənt	compound	chemo|sterilant	0.14285714285714285	0.14285714285714285	0.46153846153846156	kiməʊstɛɹələnt	kɛməstɛɹɪlənt	0.14285714285714285	0.23076923076923078
chemtrails	kɛmtɹeɪls	kɛmtɹeɪlz	kɛmtɹeɪlz	tʃɛmtɹeɪlz	compound	chemtrail|s	0.1111111111111111	0.1111111111111111	0.3	kɛmtɹeɪlz	tʃɛmtɹeɪlz	0.1111111111111111	0.3
chemy	kɛmɪ	kɛmj	kɛmi	tʃɛmi	compound	chem|y	0.25	0.25	0.6	tʃɛmi	tʃɛmi	0.6	0.6
chengyu	tʃɛŋjuː	tʃɛŋju	tʃɛŋɪu	tʃɛndʒju	compound	cheng|yu	0.0	0.16666666666666666	0.375	tʃɛŋdʒu	tʃɛndʒju	0.2857142857142857	0.375
chesticle	tʃɛstɪkl	tʃɛstɪklə	tʃɛstɪkəl	tʃɛstɪkəl	compound	chest|ic|le	0.1111111111111111	0.1111111111111111	0.1111111111111111	t͡ʃɛstɪl	tʃɛstɪkəl	0.25	0.1111111111111111
chesting	tʃɛstɪŋ	tʃɛstɪŋ	tʃɛstɪŋ	tʃɛstɪŋ	compound	chest|ing	0.0	0.0	0.0	tʃɛstɪŋ	tʃɛstɪŋ	0.0	0.0
chete	tʃɛti	tʃɛti	tʃit	tʃit	compound	chet|e	0.0	0.5	0.5	tʃɛti	tʃit	0.0	0.5
chiaus	tʃaʊs	tʃiəʌs	tʃaɪəɹəs	tʃaɪəz	compound	chia|us	0.3333333333333333	0.5	0.5	tʃɔz	kaɪəʊz	0.5	0.8333333333333334
chiaush	tʃəuʃ	tʃiəʌʃ	tʃaɪəɹʌʃ	tʃaɪəʃ	compound	chia|ush	0.3333333333333333	0.5	0.5	tʃəʃ	tʃaɪəʊʃ	0.25	0.42857142857142855
chiauss	tʃəus	tʃiəjuɛsɛs	tʃaɪəɹʌs	tʃaɪəs	compound	chia|uss	0.5	0.5	0.5	tʃɔs	tʃaɪəʊs	0.5	0.42857142857142855
chickie	tʃɪki	tʃɪki	tʃɪki	tʃɪki	compound	chick|ie	0.0	0.0	0.0	tʃɪki	tʃɪki	0.0	0.0
chidings	tʃaɪdɪŋz	tʃaɪdɪŋz	tʃaɪdɪŋz	tʃɪdɪŋz	compound	chiding|s	0.0	0.0	0.14285714285714285	tʃaɪdɪŋz	tʃaɪdɪŋz	0.0	0.0
chillun	tʃɪlən	tʃɪlən	tʃɪlʌn	tʃɪlən	compound	chill|un	0.0	0.16666666666666666	0.0	tʃɪlʌn	tʃɪlʌn	0.16666666666666666	0.16666666666666666
chimings	tʃaɪmɪŋz	tʃaɪmɪŋz	tʃaɪmɪŋz	tʃɪmɪŋz	compound	chiming|s	0.0	0.0	0.14285714285714285	t͡ʃaɪmɪŋz	tʃaɪmɪŋz	0.1111111111111111	0.0
chionophile	kaɪɒnəfaɪl	tʃaɪəʊnəʊfaɪl	ʃənɒfaɪl	tʃaɪənəfɪl	compound	chi|ono|phile	0.38461538461538464	0.625	0.4	kaɪɑnəfaɪl	kaɪənəfaɪl	0.1	0.1
chiroplast	kaɪɹəplæst	kaɪɹəʊplæst	kaɪɹəplast	tʃɪɹɑplæst	compound	chiro|plas|t	0.09090909090909091	0.1	0.3	kaɪɹəplæst	kaɪɹəplɑst	0.0	0.1
chlormequat	klɔːɹməkwɒt	tʃlɔɹmikwɒt	klɔɹəmɛkwat	tʃlɔɹməkwət	compound	ch|lor|me|quat	0.2727272727272727	0.2727272727272727	0.2727272727272727	klɔɹməkwɑt	klɔmɪkwæt	0.1	0.3333333333333333
chlormethiazole	klɔːɹməθaɪəzoʊl	tʃlɔɹmeɪtiəzəʊl	klɔɹəmɛθɪazəʊl	tʃlɔɹmɛθiəzəʊl	compound	ch|lor|methi|azole	0.4	0.2857142857142857	0.35714285714285715	kləɹmɛθ.əzəʊl	klɔmiθɪəzəʊl	0.3076923076923077	0.25
chlorphenoxamine	klɔːɹfɛnɒksəmiːn	tʃlɔɹfənɒksəmin	klɔɹəfənɒksəmin	tʃlɔɹfənɑksəmin	compound	ch|lor|phen|ox|amine	0.2	0.13333333333333333	0.26666666666666666	klɔɹfənɑksəmin	klɔfɪnɒksəmin	0.14285714285714285	0.15384615384615385
choco	tʃɒkəʊ	tʃɒkəʊ	tʃəʊkəʊ	tʃəʊkəʊ	compound	choc|o	0.0	0.2857142857142857	0.2857142857142857	tʃəʊkəʊ	tʃəʊkəʊ	0.2857142857142857	0.2857142857142857
choenix	kiːnɪks	tʃəʊnɪks	tʃəʊnɪks	tʃəʊnɪks	compound	choe|nix	0.5	0.5	0.5	tʃəʊnɪks	tʃəʊnɪks	0.5	0.5
chorionated	kɔɹioʊneɪtəd	kɔɹiəneɪtɪd	kɔɹɪɒnətɪd	tʃɔɹiəneɪtd	compound	chorion|ated	0.18181818181818182	0.6	0.36363636363636365	kəɹaɪəneɪɾᵻd	kɔɹɪəneɪtɪd	0.5	0.2727272727272727
chorionation	kɔɹioʊneɪʃən	kɔɹiəneɪʃən	kɔɹɪəneɪʃən	tʃɔɹiəneɪʃən	compound	chorion|ation	0.09090909090909091	0.18181818181818182	0.25	kɔɹiəneɪʃən	kɔɹɪəneɪʃən	0.09090909090909091	0.18181818181818182
chroot	tʃɹuːt	tʃɹut	kɹut	kɹut	compound	ch|root	0.0	0.5	0.5	tʃɹut	kɹut	0.0	0.5
chuckings	tʃʌkɪŋz	tʃʌkɪŋz	tʃʌkɪŋz	tʃʌkɪŋz	compound	chucking|s	0.0	0.0	0.0	tʃʌkɪŋz	tʃʌkɪŋz	0.0	0.0
chudai	tʃuːdaɪ	tʃʌdeɪaɪ	tʃudaɪ	tʃudeɪ	compound	chud|ai	0.375	0.0	0.16666666666666666	tʃudeɪ	ʃudaɪ	0.16666666666666666	0.2
chuggings	tʃʌɡɪŋz	tʃʌɡɪŋz	tʃʌɡɪŋz	tʃʌɡɪŋz	compound	chugging|s	0.0	0.0	0.0	tʃʌgɪŋz	tʃʌɡɪŋz	0.14285714285714285	0.0
chumpier	tʃʌmpiə	tʃʌmpiə	tʃʌmpiə	tʃʌmpiɚ	compound	chum|pier	0.0	0.0	0.14285714285714285	tʃʌmpiəɹ	tʃʌmpɪə	0.125	0.14285714285714285
chumsicle	tʃʌmsɪkl	tʃʌmsɪkəl	tʃʌmzɪkəl	tʃʌmsɪkəl	compound	chum|sicle	0.1111111111111111	0.2222222222222222	0.1111111111111111	tʃʌmsɪkəl	tʃʌmsɪkəl	0.1111111111111111	0.1111111111111111
chylic	kaɪlɪk	shaɪlɪk	tʃɪlɪk	tʃɪlɪk	compound	c|hylic	0.2857142857142857	0.3333333333333333	0.3333333333333333	kaɪlɪk	tʃɪlɪk	0.0	0.3333333333333333
cigs	sɪɡz	sɪɡz	sɪɡz	sɪɡz	compound	cig|s	0.0	0.0	0.0	sɪɡz	sɪɡz	0.0	0.0
circed	sɜːɹkt	sɜɹsid	sɜsid	sɚst	compound	circe|d	0.5	0.6	0.75	sɜɹst	sɜst	0.2	0.5
circumstellar	sɜːkəmstɛlə	sɜkʌmstɛlə	sɜkəmstɛlə	sɚkəmstɛlɚ	compound	circ|um|stellar	0.1	0.0	0.2	sɜɹkəmstɛləɹ	sɜkəmstɛlə	0.16666666666666666	0.0
cirrate	sɪɹeɪt	sɪɹeɪt	sɜɹeɪt	sɪɹeɪt	compound	c|irrate	0.0	0.16666666666666666	0.0	sɪɹeɪt	sɪɹeɪt	0.0	0.0
cirrigrade	sɪɹɪɡɹeɪd	sɪɹaɪɡɹeɪd	sɜɹɪɡɹeɪd	sɪɹɪɡɹeɪd	compound	cirri|grade	0.1	0.1111111111111111	0.0	sɪɹəgɹeɪd	sɪɹɪɡɹeɪd	0.2222222222222222	0.0
cladist	kleɪdɪst	klædɪst	kladɪst	klædɪst	compound	clad|ist	0.2857142857142857	0.2857142857142857	0.2857142857142857	kleɪdəst	kleɪdɪst	0.125	0.0
clamato	kləmeɪtəʊ	klæmætəʊ	klamɑtəʊ	klæmətəʊ	compound	clam|at|o	0.375	0.375	0.375	klæmətəʊ	kləmɑtəʊ	0.375	0.25
clampings	klæmpɪŋz	klæmpɪŋz	klampɪŋz	klæmpɪŋz	compound	clamping|s	0.0	0.125	0.0	klæmpɪŋz	klæmpɪŋz	0.0	0.0
clapmatch	klæpmætʃ	klæpmætʃ	klapmatʃ	klæpmætʃ	compound	clap|match	0.0	0.25	0.0	klæpmætʃ	klæpmætʃ	0.0	0.0
clappings	klæpɪŋz	klæpɪŋz	klapɪŋz	klæpɪŋz	compound	clapping|s	0.0	0.14285714285714285	0.0	klæpɪŋz	klæpɪŋz	0.0	0.0
clarionet	klæɹɪənɛt	klæɹiənɛt	klaɹɪɒnɛt	klɑɹiənɪt	compound	clarion|et	0.1111111111111111	0.2222222222222222	0.3333333333333333	klæɹiənɛt	kleəɹɪənɛt	0.1111111111111111	0.2
clausure	klɔːzjʊɚ	klɔzjuɹ	klɔʒə	klɔsɚ	compound	claus|ure	0.2857142857142857	0.8	0.6	klɔzəɹ	klɔʒə	0.5	0.8
clavinet	klævɪnɛt	klævɪnɛt	klavɪnɛt	klævɪnɪt	compound	clavin|et	0.0	0.125	0.125	klævɪnɛt	klævɪnɛt	0.0	0.0
cleanth	klɛnθ	klinθ	klinθ	klənθ	compound	clean|th	0.2	0.2	0.2	klinθ	klɛnθ	0.2	0.0
clerkling	klɑɹklɪŋ	klɑklɪŋ	klɜklɪŋ	klɚklɪŋ	compound	clerk|ling	0.14285714285714285	0.2857142857142857	0.2857142857142857	klɜɹklɪŋ	klɜklɪŋ	0.125	0.2857142857142857
clickings	klɪkɪŋz	klɪkɪŋz	klɪkɪŋz	klɪkɪŋz	compound	clicking|s	0.0	0.0	0.0	klɪkɪŋz	klɪkɪŋz	0.0	0.0
clingwrap	klɪŋɹæp	klɪŋɹæp	klɪŋɹap	klɪŋɡɚəp	compound	cling|wrap	0.0	0.14285714285714285	0.375	klɪŋɹæp	klɪŋɹæp	0.0	0.0
clinicality	klɪnɪkælɪti	klɪnɪkəlɪti	klɪnɪkalɪti	klɪnɪkəlɪti	compound	clinical|ity	0.09090909090909091	0.09090909090909091	0.09090909090909091	klɪnɪkæləɾi	klɪnɪkælɪti	0.18181818181818182	0.0
cliodynamics	klaɪəʊdaɪnæmɪks	kliəʊdaɪnæmɪks	klɪɒdaɪnamɪks	klaɪədɪnæmɪks	compound	clio|dynamics	0.14285714285714285	0.3076923076923077	0.15384615384615385	klaɪəʊdaɪnæmɪks	klaɪəʊdaɪnæmɪks	0.0	0.0
clockpost	klɒkpəʊst	klɒkpəʊst	klɒkpəʊst	klɑkpəʊst	compound	clock|post	0.0	0.0	0.1111111111111111	klɑkpəʊst	klɒkpəʊst	0.1111111111111111	0.0
clost	kləʊst	kləʊzt	klɒst	klɑst	compound	clos|t	0.16666666666666666	0.4	0.4	klɑst	klɒst	0.4	0.4
clubbings	klʌbɪŋz	klʌbɪŋz	klʌbɪŋz	klʌbɪŋz	compound	clubbing|s	0.0	0.0	0.0	klʌbɪŋz	klʌbɪŋz	0.0	0.0
clumpings	klʌmpɪŋz	klʌmpɪŋz	klʌmpɪŋz	klʌmpɪŋz	compound	clumping|s	0.0	0.0	0.0	klʌmpɪŋz	klʌmpɪŋz	0.0	0.0
cluse	kluz	sluz	klus	klus	compound	c|luse	0.25	0.25	0.25	klus	kluz	0.25	0.0
clutchings	klʌtʃɪŋz	klʌtʃɪŋz	klʌtʃɪŋz	klʌtʃɪŋz	compound	clutching|s	0.0	0.0	0.0	klʌt͡ʃɪŋz	klʌtʃɪŋz	0.1111111111111111	0.0
cnemides	nɛmɪdiːz	snimɪdiz	sinɛmaɪdz	ənɛmaɪdɪz	compound	c|ne|mid|es	0.25	0.4444444444444444	0.3333333333333333	nɛmɪdiz	nɛmaɪdz	0.0	0.2857142857142857
cnemis	niːmɪs	snimɪs	sinɛmiz	ənɛmɪs	compound	c|ne|mis	0.16666666666666666	0.7142857142857143	0.3333333333333333	nimɪs	nɛmɪs	0.0	0.2
coally	kəʊælaɪ	kəʊllɪ	kəʊli	kəʊli	compound	coal|ly	0.3333333333333333	0.6	0.6	kəʊli	kəʊli	0.6	0.6
codlet	kɒdlət	kɒdlɛt	kɒdlɪt	kɑdəlt	compound	cod|let	0.16666666666666666	0.16666666666666666	0.5	kɑdlɪt	kɒdlət	0.3333333333333333	0.0
coenose	siːnəʊs	kəʊɪnəʊz	kəʊɪnəʊz	kəʊnəʊz	compound	coen|ose	0.625	0.625	0.5714285714285714	kəʊnəʊs	kəʊɪnəʊz	0.42857142857142855	0.625
coextinct	koʊɛkstɪŋkt	kəʊɛkstɪŋkt	kəʊɛkstɪŋkt	kəʊɛkstɪŋkt	compound	co|extinct	0.0	0.0	0.0	kəʊɛkstɪŋkt	kəʊɛkstɪŋkt	0.0	0.0
cogniac	kɒnjæk	kɒɡniæk	kɒɡniak	kɑɡniək	compound	cog|ni|ac	0.2857142857142857	0.42857142857142855	0.5714285714285714	kəʊgiæk	kɒɡnɪæk	0.5714285714285714	0.2857142857142857
cognominal	kɒɡnɒmɪnəl	kɒɡnɒmɪnəl	kɒɡnəmɪnəl	kɑɡnəmənəl	compound	cog|nominal	0.0	0.1	0.3	kɑgnəmɪnəl	kɒɡnɒmɪnəl	0.3	0.0
cohesin	koʊhisən	kəʊhizɪn	kəʊhɪsɪn	kəʊzɪn	compound	co|hes|in	0.25	0.25	0.6666666666666666	kəʊhisən	kəʊhɪsɪn	0.0	0.25
cohesure	kəʊhiːzjʊə	kəʊhizjuɹ	kəʊhɛʒə	kəʊsɚ	compound	co|hes|ure	0.2222222222222222	0.5714285714285714	1.2	kəʊhɛʃəɹ	kəʊhɛʒə	0.625	0.5714285714285714
coilgun	kɔɪlɡʌn	kɔɪlɡʌn	kɔɪlɡʌn	kɔɪlɡən	compound	coil|gun	0.0	0.0	0.14285714285714285	kɔɪlgʌn	kɔɪlɡʌn	0.14285714285714285	0.0
coilings	kɔɪlɪŋz	kɔɪlɪŋz	kɔɪlɪŋz	kɔɪlɪŋz	compound	coiling|s	0.0	0.0	0.0	kɔɪlɪŋz	kɔɪlɪŋz	0.0	0.0
coinings	kɔɪnɪŋz	kɔɪnɪŋz	kɔɪnɪŋz	kɔɪnɪŋz	compound	coining|s	0.0	0.0	0.0	kɔɪnɪŋz	kɔɪnɪŋz	0.0	0.0
coinstantiation	koʊɪnstænʃieɪʃən	kəʊɪnstænʃieɪʃən	kɔɪnstanʃɪeɪʃən	kɔɪnstæntieɪʃən	compound	co|instantiation	0.0	0.26666666666666666	0.2	kəʊɪnstænʃieɪʃən	kəʊɪnstænʃɪeɪʃən	0.0	0.0625
coitarche	kəʊɪtɑːɹki	kɔɪtɑtʃi	kɔɪtɑtʃ	kɔɪtɚtʃ	compound	coit|arch|e	0.5	0.7142857142857143	0.8571428571428571	kɔɪtɑɹtʃ	kɔɪtɑk	0.5	0.6666666666666666
collagenous	kəlædʒɪnəs	kɒleɪdʒənəs	kɒleɪdʒnəs	kəʊlədʒənəs	compound	collagen|ous	0.36363636363636365	0.4	0.2727272727272727	kɑlədʒənəs	kəleɪdʒənəs	0.3	0.2727272727272727
collocal	kələʊkəl	kɑlləʊkəl	kɒlɒkəl	kəʊləkəl	compound	col|local	0.2222222222222222	0.42857142857142855	0.25	kɑləkəl	kələʊkəl	0.2857142857142857	0.0
colloquialize	kələʊkwiəlaɪz	kələʊkwɪəlaɪz	kələʊkwɪəlaɪz	kəʊləʊkwiəlaɪz	compound	colloquial|ize	0.07692307692307693	0.07692307692307693	0.07142857142857142	kələʊ.kwi.əlaɪz	kələʊkwɪəlaɪz	0.13333333333333333	0.07692307692307693
colthood	kəʊlthʊd	kəʊlthʊd	kəʊlthʊd	kɑlθʊd	compound	colt|hood	0.0	0.0	0.6666666666666666	kəʊlthʊd	kəʊlthʊd	0.0	0.0
combustionary	kəmbʌstʃənɛəɹi	kəmbʌstʃənɛɹi	kəmbʌstʃənəɹi	kɑmbəstiənɚi	compound	combustion|ary	0.07692307692307693	0.07692307692307693	0.5	kəmbʌstʃənɛɹi	kəmbʌstʃənəɹi	0.07692307692307693	0.07692307692307693
comelily	kʌmlɪli	kʌmlɪli	kʌmlɪli	kəmələli	compound	come|lily	0.0	0.0	0.375	kʌmlɪli	kəmɛlɪli	0.0	0.25
comerlongerme	kʌməlɒŋɡəmiː	kʌməlɒŋɡəmi	kəmɜlɒŋɡəm	kəʊmɚlɔŋɡɚm	compound	comer|longer|me	0.0	0.3	0.5454545454545454	kəmɚlɔŋɚmeɪ	kʌməlɒŋɡəm	0.6363636363636364	0.1
comfiture	kʌmfɪtjʊə	kʌmfɪtjuɹ	kʌmfɪtʃə	kɑmfɪtʃɚ	compound	comfit|ure	0.2222222222222222	0.25	0.5	kɑmfətʃəɹ	kɒmfɪtʃə	0.5555555555555556	0.375
compense	kəmpɛns	kɑmpɛns	kɒmpɛns	kɑmpənz	compound	com|pense	0.14285714285714285	0.14285714285714285	0.42857142857142855	kɑmpəns	kəmpɛns	0.2857142857142857	0.0
complainings	kəmpleɪnɪŋz	kəmpleɪnɪŋz	kəmpleɪnɪŋz	kəmpleɪnɪŋz	compound	complaining|s	0.0	0.0	0.0	kəmpleɪnɪŋz	kəmpleɪnɪŋz	0.0	0.0
complextro	kɒmplɛkstɹəʊ	kɑmplɛkstɹəʊ	kəmplɛkstɹəʊ	kəmplɛkstɹəʊ	compound	complex|t|ro	0.08333333333333333	0.08333333333333333	0.08333333333333333	kəmplɛkstɹəʊ	kəmplɛkstɹəʊ	0.08333333333333333	0.08333333333333333
compling	kɑmplɪŋ	kɑmplɪŋ	kəmpəlɪŋ	kəmplɪŋ	compound	comp|ling	0.0	0.25	0.14285714285714285	kəmplɪŋ	kɒmplɪŋ	0.14285714285714285	0.14285714285714285
complish	kʌmplɪʃ	kɑmplɪʃ	kəmplɪʃ	kəmplɪʃ	compound	comp|lish	0.14285714285714285	0.14285714285714285	0.14285714285714285	kʌmplɪʃ	kəmplɪʃ	0.0	0.14285714285714285
compter	kɒmptə	kɑmptɜ	kəmptɜ	kəmptɚ	compound	compt|er	0.3333333333333333	0.3333333333333333	0.3333333333333333	kɑmptəɹ	kɒmptə	0.2857142857142857	0.0
conapt	kɑnæpt	kɒnæpt	kənapt	kənəpt	compound	con|apt	0.16666666666666666	0.3333333333333333	0.3333333333333333	kɑnæpt	kənæpt	0.0	0.16666666666666666
concamerate	kənkæməɹeɪt	kɑŋkəmɛɹeɪt	kəŋkamɹət	kɑŋkəmɚeɪt	compound	conca|mer|ate	0.36363636363636365	0.5555555555555556	0.5	kəŋkæməɹət	kənkæməɹeɪt	0.3	0.0
conceivings	kənsiːvɪŋz	kənsivɪŋz	kənsivɪŋz	kɑnsaɪvɪŋz	compound	conceiving|s	0.0	0.0	0.3	kənsivɪŋz	kənsivɪŋz	0.0	0.0
confan	kɒnfæn	kɑnfən	kənfan	kɑnfən	compound	conf|an	0.3333333333333333	0.3333333333333333	0.3333333333333333	kɑnfæn	kənfæn	0.16666666666666666	0.16666666666666666
confederational	kənfɛdəɹeɪʃənəl	kənfɛdəɹeɪʃənæl	kənfɛdəɹeɪʃənəl	kɑnfɛdɚeɪʃənəl	compound	confederation|al	0.06666666666666667	0.0	0.21428571428571427	kənfɛdəɹeɪʃənəl	kənfɛdəɹeɪʃənəl	0.0	0.0
confessings	kənfɛsɪŋz	kənfɛsɪŋz	kənfɛsɪŋz	kɑnfɛsɪŋz	compound	confessing|s	0.0	0.0	0.1111111111111111	kənfɛsɪŋz	kənfɛsɪŋz	0.0	0.0
confidable	kənfaɪdəbəl	kɑnfaɪdəbəl	kənfaɪdəbəl	kɑnfɪdəbəl	compound	conf|ida|ble	0.09090909090909091	0.0	0.2	kənfɪdəbəl	kənfaɪdəbəl	0.1	0.0
confidings	kənfaɪdɪŋz	kənfaɪdɪŋz	kənfaɪdɪŋz	kɑnfɪdɪŋz	compound	confiding|s	0.0	0.0	0.2222222222222222	kənfaɪdɪŋz	kənfaɪdɪŋz	0.0	0.0
confinee	kɒnfaɪniː	kənfaɪni	kənfɪni	kɑnfaɪni	compound	confine|e	0.125	0.2857142857142857	0.125	kənfaɪn	kənfɪni	0.2857142857142857	0.2857142857142857
congestee	kɒndʒɛstiː	kəndʒɛsti	kəndʒɛsti	kɑndʒɛsti	compound	congest|ee	0.1111111111111111	0.1111111111111111	0.1111111111111111	kəndʒɛsti	kɒndʒɪsti	0.1111111111111111	0.1111111111111111
congkak	tʃoʊŋkʌk	kɔŋkɑk	kəŋɡkak	kɔŋkək	compound	cong|ka|k	0.8333333333333334	0.7142857142857143	0.8333333333333334	kɔŋkək	kɒŋkæk	0.8333333333333334	0.8333333333333334
connectability	kənɛktəbɪlɪti	kənɛktəbɪləti	kənɛktəbɪlɪti	kɑnɛktəbɪlɪti	compound	connect|ability	0.07692307692307693	0.0	0.07692307692307693	kənɛktəbɪləɾi	kənɛktəbɪlɪti	0.15384615384615385	0.0
connectorization	kənɛktəɹaɪzeɪʃən	kənɛktəaɪzeɪʃən	kənɛktəɹaɪzeɪʃən	kɑnɛktɚɪzeɪʃən	compound	connector|ization	0.06666666666666667	0.0	0.2857142857142857	kənɛktəɹaɪzeɪʃən	kənɛktəɹaɪzeɪʃən	0.0	0.0
connivings	kənaɪvɪŋz	kənaɪvɪŋz	kənaɪvɪŋz	kɑnɪvɪŋz	compound	conniving|s	0.0	0.0	0.25	kənaɪvɪŋz	kənaɪvɪŋz	0.0	0.0
conquassate	kɒŋkwæseɪt	kɒnkwaseɪt	kəŋkwaseɪt	kɑŋkwəseɪt	compound	con|quass|ate	0.2	0.2	0.2	kənkwæseɪt	kɒnkwəseɪt	0.2	0.2
conscientization	kɒnʃəntaɪzeɪʃən	kɒnsaɪəntaɪzeɪʃən	kɒnsaɪəntaɪzeɪʃən	kənʃɛntɪzeɪʃən	compound	con|scient|ization	0.17647058823529413	0.17647058823529413	0.21428571428571427	kɑntʃəntaɪzeɪʃən	kɒnsɪəntɪzeɪʃən	0.125	0.2
consortial	kənsɔːʃəl	kənsɔʃəl	kənsɔʃəl	kənsɔɹʃəl	compound	consortia|l	0.0	0.0	0.1111111111111111	kənsɔɹʃəl	kənsɔʃəl	0.1111111111111111	0.0
conspiration	kɒnspɪɹeɪʃən	kɒnzpɪəeɪʃən	kənspɪɹəʃən	kənspɚeɪʃən	compound	cons|pir|ation	0.16666666666666666	0.2727272727272727	0.2727272727272727	kɑnspəɹeɪʃən	kɒnspəɹeɪʃən	0.16666666666666666	0.08333333333333333
constraintive	kənstɹeɪntɪv	kənstɹeɪntaɪv	kənstɹeɪntɪv	kənstɹeɪntɪv	compound	constraint|ive	0.07692307692307693	0.0	0.0	kənstɹeɪntɪv	kənstɹeɪntɪv	0.0	0.0
contabescent	kɒntəbɛsənt	kɒntəbɛsənt	kənteɪbsənt	kɑntəbʃənt	compound	con|tabescent	0.0	0.36363636363636365	0.3	kənteɪbəsənt	kɒntəbɛsənt	0.3333333333333333	0.0
conterminate	kɒntɜːɹmɪnət	kɒntɜmɪneɪt	kəntɜmɪneɪt	kɑntɚməneɪt	compound	con|terminate	0.2727272727272727	0.36363636363636365	0.5454545454545454	kəntɜɹmɪneɪt	kəntɜmɪneɪt	0.25	0.36363636363636365
contingentism	kəntɪndʒəntɪzəm	kəntɪndʒəntɪzəm	kəntɪndʒəntɪzəm	kɑntɪndʒɛntɪzəm	compound	contingent|ism	0.0	0.0	0.13333333333333333	kəntɪndʒəntɪzəm	kɒntɪndʒɛntɪzəm	0.0	0.13333333333333333
contraterrene	kɒntɹətəɹiːn	kɒntɹətəɹin	kɒntɹətɛɹɛn	kɑntɹeɪtɛɹin	compound	contra|terrene	0.0	0.18181818181818182	0.3333333333333333	kɑntɹətɛɹin	kɒntɹətəɹin	0.18181818181818182	0.0
contubernial	kɒntjʊbɜːɹniəl	kɒntjubɝnaɪəl	kəntjubənɪəl	kəntubɚniəl	compound	cont|uber|nial	0.38461538461538464	0.4166666666666667	0.45454545454545453	kəntubɜɹniəl	kəntjubɜnɪəl	0.25	0.3333333333333333
conveyal	kənveɪəl	kənveɪæl	kənvaɪəl	kɑnvjəl	compound	convey|al	0.125	0.125	0.42857142857142855	kənveɪəl	kənveɪəl	0.0	0.0
conveyals	kənveɪəlz	kənveɪælz	kənvaɪəlz	kɑnvjəlz	compound	convey|als	0.1111111111111111	0.1111111111111111	0.375	kənveɪəlz	kənveɪəlz	0.0	0.0
coochies	kuːtʃiz	kutʃiz	kutʃiz	kutʃiz	compound	coochie|s	0.0	0.0	0.0	kutʃɪz	kutʃɪz	0.16666666666666666	0.16666666666666666
cooings	kuːɪŋz	kuɪŋz	kuɪŋz	kuɪŋz	compound	cooing|s	0.0	0.0	0.0	kuɪŋz	kuɪŋz	0.0	0.0
cooned	kuːnd	kund	kund	kund	compound	coone|d	0.0	0.0	0.0	kund	kund	0.0	0.0
cooning	kuːnɪŋ	kunɪŋ	kunɪŋ	kunɪŋ	compound	coon|ing	0.0	0.0	0.0	kunɪŋ	kunɪŋ	0.0	0.0
copist	kɒpɪst	kɒpɪst	kɒpɪst	kəʊpɪst	compound	cop|ist	0.0	0.0	0.2857142857142857	kəʊpɪst	kɒpɪst	0.2857142857142857	0.0
coprocoenosis	kɑpɹʊsiːnəʊsəs	kɑpəɹkəʊənəʊsɪs	kəʊpɹəʊkəʊnəʊsɪs	kɑpɹəkəʊnəsɪz	compound	copr|oc|o|enosis	0.4	0.4375	0.5384615384615384	kɑpɹəʊkəʊənəʊsɪs	kɒpɹəʊkəʊɪnəʊsɪs	0.375	0.4375
corb	kɔːɹb	kɔɹb	kɔb	kɔɹb	compound	cor|b	0.0	0.3333333333333333	0.0	kɔɹb	kɔb	0.0	0.3333333333333333
corelborin	kɒɹəlbɔːɹɪn	kɔɹɛlbɔɹɪn	kɔɹɪlbɔɹɪn	kɔɹəlbɚɪn	compound	corel|borin	0.2	0.2	0.3333333333333333	kɔɹɛlbəɹən	kɒɹɪlbɔɹɪn	0.4	0.1
corporas	kɔːɹpəɹəs	kɔɹpɝəz	kɔpɔɹəz	kɔɹpɚəz	compound	corpora|s	0.42857142857142855	0.42857142857142855	0.42857142857142855	kɔɹpəɹəz	kɔpəɹəz	0.125	0.2857142857142857
corporature	kɔːɹpəɹətjʊɚ	kɔɹpɝətʊɹ	kɔpɔɹətʃə	kɔɹpɚætʃɚ	compound	corpora|ture	0.4444444444444444	0.5555555555555556	0.5555555555555556	kɔɹpəɹətʃəɹ	kɔpəɹətʃə	0.2727272727272727	0.4444444444444444
correal	kəɹiːəl	kɔɹiəl	kɒɹiəl	kɔɹil	compound	correa|l	0.16666666666666666	0.16666666666666666	0.4	kɔɹiəl	kəɹiəl	0.16666666666666666	0.0
correi	kəɹiːaɪ	kɔɹiaɪ	kɒɹeɪ	kɔɹi	compound	corr|e|i	0.16666666666666666	0.6	0.75	kɔɹeɪ	kəɹeɪ	0.6	0.4
corrodier	kəɹəʊdɪə	kɔɹəʊdiɝ	kəɹɒdiə	kɔɹəʊdiɚ	compound	corr|odier	0.375	0.42857142857142855	0.375	kəɹəʊdiəɹ	kɒɹədɪə	0.2222222222222222	0.2857142857142857
corroval	kəɹəʊvəl	kɔɹəʊvəl	kəɹuvəl	kɔɹəvəl	compound	corr|oval	0.125	0.2857142857142857	0.2857142857142857	kəɹəʊvəl	kəɹəʊvəl	0.0	0.0
couchee	kuːʃeɪ	kuʃi	kətʃi	kətʃi	compound	couche|e	0.5	0.8	0.8	kətʃi	kətʃi	0.8	0.8
coudiere	kudjɛɚ	kudiɝi	kədieə	kədiɹ	compound	cou|dier|e	0.5	0.6666666666666666	0.8	kudɪɹ	kədiə	0.6	0.8
coulda	kʊdə	kʊdə	kʊdə	kəldə	compound	could|a	0.0	0.0	0.4	kʊdə	kəʊldə	0.0	0.3333333333333333
counitary	koʊjuːnɪtɛɹi	kəʊjunɪtəɹi	kənɪtəɹi	kənɪtɛɹi	compound	co|unitary	0.09090909090909091	0.5	0.375	kənɪtɛɹi	kənɪtəɹi	0.375	0.5
cous	kʌz	kuz	kuz	kəs	compound	cou|s	0.3333333333333333	0.3333333333333333	0.6666666666666666	kʌz	kəs	0.0	0.6666666666666666
covie	kʌvi	kɒvi	kəʊvi	kəʊvi	compound	cov|ie	0.25	0.4	0.4	kəʊvi	kʌvi	0.4	0.0
coxie	kɒksi	kɒksi	kɒksi	kɑksi	compound	cox|ie	0.0	0.0	0.2	kɑksi	kɒksi	0.2	0.0
crabapple	kɹæbæpəl	kɹæbæpəl	kɹabapəl	kɹæbəpəl	compound	crab|apple	0.0	0.25	0.125	kɹæbəpəl	kɹæbəpəl	0.125	0.125
crabless	kɹæbləs	kɹæbles	kɹeɪbəls	kɹæbəls	compound	crab|less	0.14285714285714285	0.5	0.2857142857142857	kɹæbləs	kɹæbləs	0.0	0.0
crackalackin'	kɹækəlækɪn	kɹækəlækɪn	kɹakəlakɪn	kɹækəlækɪn	compound	crack|alack|in	0.0	0.2	0.0	kɹækəlækɪn	kɹækəlækɪn	0.0	0.0
craftsmaster	kɹɑːftsmɑːstɚ	kɹæftsmɑstə	kɹaftsmastə	kɹæftsməstɚ	compound	crafts|master	0.18181818181818182	0.2727272727272727	0.18181818181818182	kɹæftsmæstɚ	kɹɑftsmɑstə	0.18181818181818182	0.09090909090909091
crampings	kɹæmpɪŋz	kɹæmpɪŋz	kɹampɪŋz	kɹæmpɪŋz	compound	cramping|s	0.0	0.125	0.0	kɹæmpɪŋz	kɹæmpɪŋz	0.0	0.0
cranefly	kɹeɪnflaɪ	kɹeɪnflaɪ	kɹeɪnflaɪ	kɹænfli	compound	crane|fly	0.0	0.0	0.5714285714285714	kɹeɪnflaɪ	kɹeɪnflaɪ	0.0	0.0
cranequin	kɹeɪnəkɪn	kɹeɪnkwɪn	kɹeɪŋkwɪn	kɹænkwɪn	compound	crane|quin	0.2222222222222222	0.3333333333333333	0.5	kɹeɪŋkwɪn	kɹeɪnkwɪn	0.3333333333333333	0.2222222222222222
cranings	kɹeɪnɪŋz	kɹeɪnɪŋz	kɹeɪnɪŋz	kɹænɪŋz	compound	craning|s	0.0	0.0	0.2857142857142857	kɹeɪnɪŋz	kɹeɪnɪŋz	0.0	0.0
crashings	kɹæʃɪŋz	kɹæʃɪŋz	kɹaʃɪŋz	kɹæʃɪŋz	compound	crashing|s	0.0	0.14285714285714285	0.0	kɹæʃɪŋz	kɹæʃɪŋz	0.0	0.0
crazings	kɹeɪzɪŋz	kɹeɪzɪŋz	kɹeɪzɪŋz	kɹæzɪŋz	compound	crazing|s	0.0	0.0	0.2857142857142857	kɹeɪzɪŋz	kɹeɪzɪŋz	0.0	0.0
creable	kɹiːəbəl	kɹibəl	kɹibəl	kɹibəl	compound	crea|ble	0.16666666666666666	0.16666666666666666	0.16666666666666666	kɹieɪbəl	kɹibəl	0.25	0.16666666666666666
creaght	kɹeɪt	kɹiɡt	kɹit	kɹit	compound	creagh|t	0.4	0.5	0.5	kɹigɪt	kɹit	0.3333333333333333	0.5
creakings	kɹiːkɪŋz	kɹikɪŋz	kɹikɪŋz	kɹikɪŋz	compound	creaking|s	0.0	0.0	0.0	kɹikɪŋz	kɹikɪŋz	0.0	0.0
creamings	kɹiːmɪŋz	kɹimɪŋz	kɹimɪŋz	kɹimɪŋz	compound	creaming|s	0.0	0.0	0.0	kɹimɪŋz	kɹimɪŋz	0.0	0.0
creampie	kɹiːmpaɪ	kɹimpaɪ	kɹimpaɪ	kɹimpi	compound	cream|pie	0.0	0.0	0.3333333333333333	kɹimpaɪ	kɹiæmpi	0.0	0.42857142857142855
creant	kɹiːənt	kɹint	kɹint	kɹənt	compound	crean|t	0.2	0.2	0.2	kɹiənt	kɹiənt	0.0	0.0
creasings	kɹiːsɪŋz	kɹisɪŋz	kɹisɪŋz	kɹizɪŋz	compound	creasing|s	0.0	0.0	0.14285714285714285	kɹisɪŋz	kɹisɪŋz	0.0	0.0
creeding	kɹiːdɪŋ	kɹidɪŋ	kɹidɪŋ	kɹidɪŋ	compound	creed|ing	0.0	0.0	0.0	kɹidɪŋ	kɹidɪŋ	0.0	0.0
creemee	kɹiːmi	kɹimi	kɹimi	kɹimi	compound	creem|ee	0.0	0.0	0.0	kɹimi	kɹimi	0.0	0.0
creepings	kɹiːpɪŋz	kɹipɪŋz	kɹipɪŋz	kɹipɪŋz	compound	creeping|s	0.0	0.0	0.0	kɹipɪŋz	kɹipɪŋz	0.0	0.0
creolise	kɹiːəlaɪz	sɹiəʊlaɪz	kɹɪɒlaɪz	kɹiəʊlɪs	compound	c|reo|lise	0.2222222222222222	0.25	0.375	kɹiəlaɪz	kɹiəlaɪz	0.0	0.0
crimelike	kɹaɪmlaɪk	kɹaɪmlaɪk	kɹaɪmlaɪk	kɹɪmɛlɪk	compound	crime|like	0.0	0.0	0.375	kɹaɪmlaɪk	kɹaɪmlaɪk	0.0	0.0
crimo	kɹaɪməʊ	kɹɪməʊ	kɹiməʊ	kɹiməʊ	compound	crim|o	0.16666666666666666	0.3333333333333333	0.3333333333333333	kɹiməʊ	kɹaɪməʊ	0.3333333333333333	0.0
crimpings	kɹɪmpɪŋz	kɹɪmpɪŋz	kɹɪmpɪŋz	kɹɪmpɪŋz	compound	crimping|s	0.0	0.0	0.0	kɹɪmpɪŋz	kɹɪmpɪŋz	0.0	0.0
cringefest	kɹɪndʒfɛst	kɹɪndʒfɛst	kɹɪndʒɛfɪst	kɹɪndʒfɛst	compound	cringe|fest	0.0	0.18181818181818182	0.0	kɹɪndʒfɛst	kɹɪndʒfɛst	0.0	0.0
cringings	kɹɪndʒɪŋz	kɹɪndʒɪŋz	kɹɪndʒɪŋz	kɹɪndʒɪŋz	compound	cringing|s	0.0	0.0	0.0	kɹɪŋɪŋz	kɹɪŋɪŋz	0.42857142857142855	0.42857142857142855
criniere	kɹinjɛɚ	sɹinieə	kɹɪnieə	kɹɪniɹ	compound	c|rini|ere	0.5714285714285714	0.5714285714285714	0.6666666666666666	kɹɪnɪɹ	kɹɪnɪɛə	0.6666666666666666	0.42857142857142855
crispings	kɹɪspɪŋz	kɹɪspɪŋz	kɹɪspɪŋz	kɹɪspɪŋz	compound	crisping|s	0.0	0.0	0.0	kɹɪspɪŋz	kɹɪspɪŋz	0.0	0.0
croonings	kɹuːnɪŋz	kɹunɪŋz	kɹunɪŋz	kɹunɪŋz	compound	crooning|s	0.0	0.0	0.0	kɹunɪŋz	kɹunɪŋz	0.0	0.0
croupiere	kɹupjɛɚ	kɹupɪəi	kɹupieə	kɹupiɹ	compound	croupier|e	0.42857142857142855	0.42857142857142855	0.5	kɹupiəɹ	kɹupɪeə	0.42857142857142855	0.42857142857142855
crudzine	kɹʌdziːn	kɹʌdzin	kɹʌdzin	kɹʌdʒzɪn	compound	crud|zine	0.0	0.0	0.25	kɹʌdzin	kɹʌdzaɪn	0.0	0.25
cruisings	kɹuːzɪŋz	kɹuzɪŋz	kɹuzɪŋz	kɹusɪŋz	compound	cruising|s	0.0	0.0	0.14285714285714285	kɹuzɪŋz	kɹuzɪŋz	0.0	0.0
crunchie	kɹʌntʃi	kɹʌntʃi	kɹʌntʃi	kɹʌntʃi	compound	crunch|ie	0.0	0.0	0.0	kɹʌntʃi	kɹʌntʃi	0.0	0.0
crunchings	kɹʌntʃɪŋz	kɹʌntʃɪŋz	kɹʌntʃɪŋz	kɹʌntʃɪŋz	compound	crunching|s	0.0	0.0	0.0	kɹʌnt͡ʃɪŋz	kɹʌntʃɪŋz	0.1	0.0
crunode	kɹuːnəʊd	kɹunəʊd	kɹʌnəʊd	kɹunəʊd	compound	cru|node	0.0	0.14285714285714285	0.0	kɹunəʊd	kɹʌnəʊd	0.0	0.14285714285714285
crustings	kɹʌstɪŋz	kɹʌstɪŋz	kɹʌstɪŋz	kɹʌstɪŋz	compound	crusting|s	0.0	0.0	0.0	kɹʌstɪŋz	kɹʌstɪŋz	0.0	0.0
cryic	kɹaɪɪk	kɹaɪɪk	krjɪk	kɹaɪɪk	compound	cry|ic	0.0	0.6	0.0	kɹaɪɪk	kɹaɪɪk	0.0	0.0
cryobiotic	kɹaɪəʊbaɪɒtɪk	kɹaɪəʊbaɪɒtɪk	kɹaɪəʊbaɪɒtɪk	kɹiəʊbiɑtɪk	compound	cry|obi|otic	0.0	0.0	0.45454545454545453	kɹaɪəʊbaɪɑɾɪk	kɹaɪəʊbaɪɒtɪk	0.15384615384615385	0.0
cryonicist	kɹaɪɒnɪsɪst	kɹaɪɒnɪkɪst	kɹaɪɒnɪsɪst	kɹiɑnɪsɪst	compound	cryonic|ist	0.09090909090909091	0.0	0.3	kɹaɪɑnəsəst	kɹaɪɒnɪsɪst	0.2727272727272727	0.0
cryptomonad	kɹɪptoʊmoʊnæd	kɹɪptəʊmɒnæd	kɹɪptəmɒnad	kɹɪptəmənəd	compound	crypto|monad	0.16666666666666666	0.36363636363636365	0.2727272727272727	kɹɪptəmənæd	kɹɪptəmɒnæd	0.18181818181818182	0.2727272727272727
cryptozoological	kɹɪptoʊzoʊəlɒdʒɪkəl	kɹɪptəʊzuəlɒdʒɪkəl	kɹɪptəʊzuəlɒdʒɪkəl	kɹɪptəʊzulɑdʒɪkəl	compound	crypto|zoological	0.1111111111111111	0.1111111111111111	0.23529411764705882	kɹɪptəzəʊəlɑdʒɪkəl	kɹɪptəʊzəʊlɒdʒɪkəl	0.1111111111111111	0.05555555555555555
csch	koʊsɛtʃ	siɛsih	siʃ	kʃ	compound	csc|h	1.0	1.6666666666666667	2.5	siztʃ	siɛʃ	1.0	1.25
cubewano	kjuːbiːwʌnoʊ	kjubwænəʊ	kjubwɑnəʊ	kʌbwɑnəʊ	compound	cube|wan|o	0.2222222222222222	0.2222222222222222	0.5	kubuwɑnəʊ	kjubwɑnəʊ	0.3333333333333333	0.2222222222222222
cuculliform	kjuːkʌlɪfɔːm	kjukʌlɪfɔm	kʌkjʊlɪfɔm	kjukəlɪfɚm	compound	cu|cull|iform	0.0	0.4	0.2	kəkʌlɪfɔɹm	kjukʌlɪfɔm	0.3	0.0
cudraflavone	kʌdɹəfleɪvəʊn	kʌdɹɑfleɪvəʊn	kʌdɹəfleɪvəʊn	kʌdɹəfləvəʊn	compound	cud|ra|flavone	0.07692307692307693	0.0	0.16666666666666666	kədɹæfləvəʊn	kʌdɹəflævəʊn	0.3333333333333333	0.16666666666666666
cuffings	kʌfɪŋz	kʌfɪŋz	kʌfɪŋz	kʌfɪŋz	compound	cuffing|s	0.0	0.0	0.0	kʌfɪŋz	kʌfɪŋz	0.0	0.0
cuju	tsuːdʒuː	kjudʒu	kudʒu	kudʒu	compound	cu|ju	0.3333333333333333	0.4	0.4	kəd͡ʒu	kjudʒu	0.6666666666666666	0.3333333333333333
culantro	kuːlæntɹoʊ	kəlæntɹəʊ	kjʊlantɹəʊ	kjələntɹəʊ	compound	cul|ant|ro	0.1111111111111111	0.3	0.3	kəlæntɹəʊ	kjʊlɑntɹəʊ	0.1111111111111111	0.3
cullings	kʌlɪŋz	kʌlɪŋz	kʌlɪŋz	kʌlɪŋz	compound	culling|s	0.0	0.0	0.0	kʌlɪŋz	kʌlɪŋz	0.0	0.0
culverkey	kʌlvəɹki	kʌlvəki	kʌlvəki	kʌlvɚki	compound	culver|key	0.14285714285714285	0.14285714285714285	0.2857142857142857	kʌlvɚki	kʌlvəki	0.2857142857142857	0.14285714285714285
cuntboy	kʌntbɔɪ	kʌntbɔɪ	kʌntbɔɪ	kʌntbɔɪ	compound	cunt|boy	0.0	0.0	0.0	kʌntbɔɪ	kʌntbɔɪ	0.0	0.0
cuntfuck	kʌntfʌk	kʌntfʌk	kʌntfʌk	kʌntfʌk	compound	cunt|fuck	0.0	0.0	0.0	kʌntfʌk	kʌntfʌk	0.0	0.0
cunthead	kʌnthɛd	kʌnthɛd	kʌnthɛd	kʌnθid	compound	cunt|head	0.0	0.0	0.5	kʌnθɛd	kʌnθɛd	0.3333333333333333	0.3333333333333333
cuntsucker	kʌntsʌkə	kʌntsʌkə	kʌntsʌkə	kʌntsʌkɚ	compound	cunts|ucker	0.0	0.0	0.125	kʌntsʌkɚ	kʌntsʌkə	0.125	0.0
cussings	kʌsɪŋz	kʌsɪŋz	kʌsɪŋz	kʌsɪŋz	compound	cussing|s	0.0	0.0	0.0	kʌsɪŋz	kʌsɪŋz	0.0	0.0
cuy	kui	kjuj	kaɪ	ki	compound	cu|y	0.5	0.6666666666666666	0.5	kəj	kaɪ	0.6666666666666666	0.6666666666666666
cwy	kwaɪ	sweɪ	sidʌbəljuwaɪ	kwi	compound	c|wy	0.5	0.75	0.6666666666666666	kwaɪ	kwaɪ	0.0	0.0
cyanidin	saɪænədɪn	saɪænaɪdɪn	saɪənɪdɪn	siænɪdɪn	compound	cyan|id|in	0.2	0.2222222222222222	0.375	saɪænɪdɪn	saɪənɪdɪn	0.1111111111111111	0.2222222222222222
cyanose	saɪənəʊz	saɪænəʊz	saɪənəʊz	siænəʊz	compound	cyan|ose	0.125	0.0	0.42857142857142855	saɪeɪnəs	saɪənəʊz	0.5	0.0
cyberdisinhibition	saɪbədɪsɪnhɪbɪʃən	saɪbɝdɪsɪnhɪbɪʃən	saɪbədɪsɪnhɪbɪʃən	saɪbɚdɪsɪnhɪbɪʃən	compound	cyber|disinhibition	0.058823529411764705	0.0	0.058823529411764705	saɪbəɹdɪsɪnəbɪʃən	saɪbədɪsɪnhɪbɪʃən	0.17647058823529413	0.0
cyc	saɪk	saɪs	sɪk	sɪk	compound	cy|c	0.25	0.3333333333333333	0.3333333333333333	saɪk	saɪk	0.0	0.0
cyclicity	saɪklɪsɪti	saɪklɪkɪti	saɪklɪsɪti	sɪklɪsɪti	compound	cyclic|ity	0.1	0.0	0.1111111111111111	saɪklɪkɪti	saɪklɪsɪti	0.1	0.0
cymatograph	saɪmætəʊɡɹæf	saɪmətuɡɹæf	saɪmətɒɡɹaf	saɪmətəɡɹəf	compound	cyma|to|graph	0.2727272727272727	0.36363636363636365	0.2727272727272727	saɪmətɑgɹæf	sɪmətɒɡɹæf	0.36363636363636365	0.4
cynghanedd	kəŋhænɛð	saɪɛŋhɑnɛd	sɪŋheɪnəd	sɪŋənd	compound	cy|ng|ha|nedd	0.6	0.6666666666666666	1.0	sɪnɡænəd	sɪŋhənɛd	0.75	0.5
cyning	kɪnɪŋ	saɪnɪŋ	saɪnɪŋ	saɪnɪŋ	compound	cy|ning	0.3333333333333333	0.3333333333333333	0.3333333333333333	saɪnɪŋ	saɪnɪŋ	0.3333333333333333	0.3333333333333333
cynism	sɪnɪzm	saɪnɪzəm	saɪnɪzəm	saɪnɪzəm	compound	cy|n|ism	0.25	0.25	0.25	sɪnɪzəm	saɪnɪzəm	0.14285714285714285	0.25
cysteinyl	sɪstiːnɪl	sɪstaɪnɪl	sɪstaɪnaɪl	sɪstaɪnəl	compound	cystein|yl	0.2222222222222222	0.3	0.3333333333333333	sɪstaɪnɪl	sɪstɪnɪl	0.2222222222222222	0.125
cytonuclear	saɪtoʊnukliɚ	saɪtunjukliə	saɪtənjukliə	saɪtənəkliɹ	compound	cy|to|nuclear	0.3333333333333333	0.25	0.2727272727272727	saɪɾəʊnukliɚ	saɪtəʊnjukliə	0.08333333333333333	0.15384615384615385
d'y'ask	djɑːsk	daɪəsk	dijask	dzaɪɑsk	compound	dyas|k	0.5	0.3333333333333333	0.42857142857142855	d͡ʒeɪæsk	daɪəsk	0.625	0.5
d'y'ave	djæv	dɪɑveɪ	dijeɪv	dzizeɪv	compound	dy|ave	0.6666666666666666	0.5	0.7142857142857143	d͡ʒʌv	daɪəv	0.6	0.6
d'ya	dʒjʌ	dɪə	dija	dzaɪ	compound	dy|a	1.0	0.5	0.75	d͡ʒi	daɪə	0.75	0.75
d'you	dʒuː	dɪu	diju	dzju	compound	dy|ou	0.3333333333333333	0.5	0.5	d͡ʒʌ	daɪu	0.5	0.5
dabbings	dæbɪŋz	dæbɪŋz	dabɪŋz	dæbɪŋz	compound	dabbing|s	0.0	0.16666666666666666	0.0	dæbɪŋz	dæbɪŋz	0.0	0.0
dactylectomy	dæktɪlɛktəmɪ	dæktaɪlɛktəmi	daktaɪlɛktəmɪ	dæktaɪlɛktəmi	compound	dactyl|ectomy	0.15384615384615385	0.15384615384615385	0.15384615384615385	dæktəlɛktəmi	dæktɪlɛktəmi	0.16666666666666666	0.08333333333333333
dagnabbit	dæɡnæbɪt	dæɡnæbɪt	daɡnəbɪt	dæɡnæbɪt	compound	dag|nabb|it	0.0	0.25	0.0	dægnəbɪt	dæɡnəbɪt	0.25	0.125
daint	deɪnt	deɪnt	deɪnt	deɪnt	compound	dain|t	0.0	0.0	0.0	deɪnt	deɪnt	0.0	0.0
damaskin	dæməskɪn	dæmɑskɪn	damaskɪn	dæmæskɪn	compound	damask|in	0.125	0.25	0.125	dæməskɪn	dæməskɪn	0.0	0.0
damehood	deɪmhʊd	deɪmhʊd	deɪmhʊd	dæmhʊd	compound	dame|hood	0.0	0.0	0.3333333333333333	deɪmhʊd	deɪmhʊd	0.0	0.0
damnings	dæmɪŋz	dæmɪŋz	damɪŋz	dæmnɪŋz	compound	damning|s	0.0	0.16666666666666666	0.14285714285714285	dæmɪŋz	dæmɪŋz	0.0	0.0
dangerouser	deɪndʒəɹəsɚ	deɪndʒəɹəsɜ	deɪndʒəɹəsə	dændʒɚəsɚ	compound	dangerous|er	0.09090909090909091	0.09090909090909091	0.4444444444444444	deɪndʒəɹəsɚ	deɪndʒəɹəzə	0.0	0.18181818181818182
dangwai	dɑŋwaɪ	dæŋwaɪ	daŋwaɪ	dæŋweɪ	compound	dang|wai	0.16666666666666666	0.16666666666666666	0.3333333333333333	dæŋwaɪ	dæŋweɪ	0.16666666666666666	0.3333333333333333
danwei	dɑːnweɪ	dænweɪ	danweɪ	dænwi	compound	dan|wei	0.16666666666666666	0.16666666666666666	0.6	dænweɪ	dænweɪ	0.16666666666666666	0.16666666666666666
daotai	daʊtaɪ	dətaɪ	deɪətaɪ	dɑəʊteɪ	compound	dao|tai	0.0	0.2857142857142857	0.42857142857142855	dətaɪ	deɪəʊtaɪ	0.0	0.375
daren't	dɛənt	dæɹɪnt	daɹɛnt	dɔɹənɪt	compound	daren|t	0.5	0.5	0.42857142857142855	dɛɹənt	deəɹənt	0.16666666666666666	0.42857142857142855
darf	dɑːɹf	dɑɹf	dɑf	dɑɹf	compound	dar|f	0.0	0.3333333333333333	0.0	dɑɹf	dɑf	0.0	0.3333333333333333
darrein	dæɹeɪn	dɑɹaɪn	daɹin	dɔɹaɪn	compound	darr|ein	0.3333333333333333	0.6	0.3333333333333333	dɛɹɪn	dæɹɪn	0.4	0.2
dasia	deɪsiə	dieɪziə	daziə	deɪʃə	compound	das|ia	0.2857142857142857	0.6	0.4	deɪʒə	deɪziə	0.4	0.16666666666666666
dassn't	dæsənt	dæsnt	dasənt	dæsnzt	compound	dass|nt	0.2	0.16666666666666666	0.3333333333333333	dæsntənt	dɑsənt	0.25	0.16666666666666666
datafy	deɪtəfaɪ	deɪtəfaɪ	deɪtəfaɪ	dætəfi	compound	data|fy	0.0	0.0	0.6666666666666666	dæɾəfaɪ	deɪtəfaɪ	0.42857142857142855	0.0
davemaoite	deɪvmaʊaɪt	deɪvməaɪt	deɪvmitə	dævməɔɪt	compound	dave|mao|ite	0.0	0.5	0.375	deɪvməwaɪt	deɪvməʊɪt	0.1	0.1111111111111111
daybeam	deɪbiːm	deɪbim	deɪbim	deɪbəm	compound	day|beam	0.0	0.0	0.16666666666666666	deɪbim	deɪbim	0.0	0.0
dayboard	deɪbɔːd	deɪbɔd	deɪbɔd	deɪbɔɹd	compound	day|board	0.0	0.0	0.14285714285714285	deɪbɔɹd	deɪbɔd	0.14285714285714285	0.0
dayboy	deɪbɔɪ	deɪbɔɪ	deɪbɔɪ	deɪbɔɪ	compound	day|boy	0.0	0.0	0.0	deɪbɔɪ	deɪbɔɪ	0.0	0.0
dayed	deɪd	deɪd	deɪd	deɪd	compound	daye|d	0.0	0.0	0.0	deɪd	deɪd	0.0	0.0
deadname	dɛdneɪm	dɛdneɪm	dɛdneɪm	dɛdnəm	compound	dead|name	0.0	0.0	0.3333333333333333	dɛdneɪm	dɛdneɪm	0.0	0.0
deadtime	dɛdtaɪm	dɛdtaɪm	dɛdtaɪm	dɛtaɪm	compound	dead|time	0.0	0.0	0.16666666666666666	dedtaɪm	dɛdtaɪm	0.14285714285714285	0.0
deafaz	dɛfəz	dɛfəz	dɛfaz	difəz	compound	deaf|az	0.0	0.2	0.2	difæz	difæz	0.4	0.4
deafie	dɛfi	dɛfi	dɛfi	difi	compound	deaf|ie	0.0	0.0	0.25	dɛfi	difaɪ	0.0	0.6
deagle	diːɡəl	diɡəl	diɡəl	diɡəl	compound	d|eagle	0.0	0.0	0.0	digəl	diɡəl	0.2	0.0
dealie	diːli	dili	dili	dili	compound	deal|ie	0.0	0.0	0.0	dili	dili	0.0	0.0
dearworth	dɪəɹwɜːɹθ	diəwɜθ	diəwɜθ	dɛɹwɚθ	compound	dear|worth	0.5	0.5	0.6666666666666666	dɪɹwɚθ	diəwɜθ	0.5	0.5
deathmatch	dɛθmætʃ	dɛθmætʃ	dɛθmatʃ	diθmætʃ	compound	death|match	0.0	0.14285714285714285	0.14285714285714285	dɛθmætʃ	dɛθmætʃ	0.0	0.0
debank	diːbæŋk	dəbæŋk	dɪbaŋk	dɪbæŋk	compound	de|bank	0.16666666666666666	0.3333333333333333	0.16666666666666666	dᵻbæŋk	dɪbæŋk	0.16666666666666666	0.16666666666666666
debuccalization	diːbʌkəlaɪzeɪʃən	dəbʌkəlaɪzeɪʃən	dɛbəkəlaɪzeɪʃən	dɪbəkəlɪzeɪʃən	compound	de|buccal|ization	0.06666666666666667	0.13333333333333333	0.21428571428571427	dibʌkələzeɪʃən	dɪbjukəlaɪzeɪʃən	0.14285714285714285	0.1875
debuccalize	diːbʌkəlaɪz	dəbʌkəlaɪz	dɛbəkəlaɪz	dɪbəkəlaɪz	compound	de|buccal|ize	0.1	0.2	0.2	dibʌkəlaɪz	dɪbʌkəlaɪz	0.0	0.1
deca	dɛkə	dɛkə	dɪka	dɪkə	compound	dec|a	0.0	0.5	0.25	dɛkə	dikə	0.0	0.25
decangle	dɛkæŋɡəl	dɛkæŋɡəl	dɪkaŋɡəl	dɪkæŋɡəl	compound	dec|angle	0.0	0.25	0.125	dᵻkæŋgəl	dɪkæŋɡəl	0.25	0.125
decapartite	dɛkəpɑːtaɪt	dɪkapɑtaɪt	dɪkapɑtaɪt	dɪkəpɑɹtɪt	compound	decap|art|ite	0.2	0.2	0.3	dɪkəpɑɹtaɪt	dɛkəpɑtaɪt	0.18181818181818182	0.0
decet	dɛsɛt	dist	dɪsɛt	dɪsɪt	compound	dece|t	0.5	0.2	0.4	dɛkɪt	dɪsɛt	0.4	0.2
decomposite	diːkɒmpəzɪt	dəkɒmpəsɪt	dikəmpɒzɪt	dɪkəmpəsɪt	compound	de|composite	0.2	0.2	0.3	dikəmpɑzət	dikəmpɒsɪt	0.3	0.3
decrial	dɪkɹaɪəl	dɛkɹaɪəl	dɪkɹɪəl	dɛkɹiəl	compound	dec|rial	0.125	0.14285714285714285	0.42857142857142855	dɪkɹaɪəl	dɪkɹaɪəl	0.0	0.0
decuman	dɛkjʊmən	dəkjumən	dɪkjumən	dɪkjəmən	compound	de|cuman	0.25	0.25	0.25	dɛkjumən	dɛkjumən	0.125	0.125
defectible	dɪfɛktɪbəl	difɛktɪbəl	dɪfɛktɪbəl	dɪfɛktɪbəl	compound	defect|ible	0.1	0.0	0.0	dəfɛktᵻbəl	dɪfɛktəbəl	0.2	0.1
defervescency	diːfəɹvɛsənsi	difəɹvɛsnsi	dɪfɜvɪsənsi	dɪfɚvɛsənsi	compound	defervesce|ncy	0.09090909090909091	0.36363636363636365	0.2727272727272727	dəfɜɹvɛsənsi	dɪfəvɛsənsi	0.16666666666666666	0.18181818181818182
deflea	diːfliː	dɛfli	dɪfliə	dɛfli	compound	def|lea	0.2	0.3333333333333333	0.2	dɪfliə	dɪfli	0.3333333333333333	0.2
deflorate	diːflɔɹeɪt	dəflɔɹeɪt	dɪflɔɹeɪt	dɛflɚeɪt	compound	de|florate	0.1111111111111111	0.1111111111111111	0.375	dɪflɔɹeɪt	dɛfləɹeɪt	0.1111111111111111	0.2222222222222222
deformability	dɪfɔːməbɪləti	dɪfɔməbɪləti	dɪfɔməbɪlɪti	dɪfɔɹməbɪlɪti	compound	deform|ability	0.0	0.08333333333333333	0.15384615384615385	dəfɔɹməbɪləɾi	dɪfɔməbɪlɪti	0.23076923076923078	0.08333333333333333
defunctioning	diːfʌŋkʃənɪŋ	dᵻfʌŋkʃənɪŋ	dɪfʌŋkʃənɪŋ	dɪfəŋkʃənɪŋ	compound	defunction|ing	0.09090909090909091	0.09090909090909091	0.18181818181818182	dᵻfʌŋkʃənɪŋ	dɪfʌŋkʃənɪŋ	0.09090909090909091	0.09090909090909091
deglove	diːɡlʌv	dɛɡlʌv	dɪɡlʌv	dɛɡləʊv	compound	deg|love	0.16666666666666666	0.16666666666666666	0.42857142857142855	dᵻglʌv	dɪɡlʌv	0.3333333333333333	0.16666666666666666
degloving	diːɡlʌvɪŋ	dɛɡlʌvɪŋ	dɪɡlʌvɪŋ	dɛɡləvɪŋ	compound	deg|loving	0.125	0.125	0.25	dᵻglʌvɪŋ	dɪɡlʌvɪŋ	0.25	0.125
dehydroisoandrosterone	diːhaɪdɹəʊaɪsəʊændɹɒstəɹəʊn	dəhaɪdɹəʊaɪsəʊændɹɑstəɹəʊn	dihaɪdɹɔɪsəʊndɹɒstəɹəʊn	dhaɪdɹɔɪsəʊndɹəstɚəʊn	compound	de|hydro|iso|androsterone	0.07692307692307693	0.17391304347826086	0.38095238095238093	dihaɪdɹəʊaɪsəʊændɹəstɑstəɹəʊn	dihaɪdɹɔɪsəʊændɹəʊstəɹəʊn	0.13793103448275862	0.2
dehymenization	diːhaɪmənaɪzeɪʃən	dəhaɪmɛnaɪzeɪʃən	deɪaɪmənaɪzeɪʃən	dhaɪmənɪzeɪʃən	compound	de|hymen|ization	0.125	0.125	0.14285714285714285	dihaɪmənəzeɪʃən	dihaɪmɛnɪzeɪʃən	0.13333333333333333	0.13333333333333333
deidentify	diːaɪdɛntɪfaɪ	dəaɪdɛntɪfaɪ	deɪdɛntɪfaɪ	daɪdəntɪfi	compound	de|identify	0.08333333333333333	0.18181818181818182	0.4	diaɪdɛntəfaɪ	daɪdɛntɪfaɪ	0.08333333333333333	0.09090909090909091
delam	diːlæm	dɛləm	dɪlam	dɛləm	compound	dela|m	0.4	0.4	0.4	dɛləm	dɛləm	0.4	0.4
delirate	dɛlɪɹeɪt	dɛliɹeɪt	dɪlɪɹeɪt	dɛlɚeɪt	compound	deli|rate	0.125	0.125	0.2857142857142857	dɪlɪɹeɪt	dɛlɪɹeɪt	0.125	0.0
delitescence	dɛlɪtɛsəns	dɪlɪtɛsəns	dɪlaɪtsəns	dɛlaɪtʃəns	compound	delit|escence	0.1	0.3	0.3	dɪlɪtɛsəns	dɛlɪtɛsəns	0.1	0.0
delvings	dɛlvɪŋz	dɛlvɪŋz	dɛlvɪŋz	dɛlvɪŋz	compound	delving|s	0.0	0.0	0.0	dɛlvɪŋz	dɛlvɪŋz	0.0	0.0
demake	diːmeɪk	dɛmeɪk	dɪmeɪk	dɛmeɪk	compound	dem|ake	0.16666666666666666	0.16666666666666666	0.16666666666666666	dimeɪk	dɪmeɪk	0.0	0.16666666666666666
demersion	dimɜːɹʒən	dimɝzən	dɛmɜʃən	dɪmɚʃən	compound	demers|ion	0.42857142857142855	0.42857142857142855	0.5714285714285714	dimɜɹʒən	dɪmɜʃən	0.0	0.42857142857142855
demipointe	dɛmiːpɔɪnt	dɛmipɔɪnt	dɛmɪpɔɪnt	dɛmipɔɪnt	compound	demi|pointe	0.0	0.1111111111111111	0.0	dɛmipɔɪnt	dɛmɪpɔɪnt	0.0	0.1111111111111111
demoscene	dɛməʊsiːn	dɛməʊsin	dɛməsin	diməʃin	compound	demo|scene	0.0	0.14285714285714285	0.42857142857142855	dɛməsin	dɛməsin	0.14285714285714285	0.14285714285714285
dench	dɛntʃ	dɛntʃ	dɛntʃ	dɛntʃ	compound	den|ch	0.0	0.0	0.0	dɛntʃ	dɛntʃ	0.0	0.0
dendrolatry	dɛndɹɒlətɹɪ	dɛndɹɒlətɹi	dɛndɹɒlətɹi	dɛndɹəʊlətɹi	compound	den|dr|olatry	0.09090909090909091	0.09090909090909091	0.25	dɛndɹɒlətɹi	dɛndɹɒlətɹi	0.09090909090909091	0.09090909090909091
denotate	dɛnəʊteɪt	dinəʊteɪt	dɪnəʊteɪt	dɛnəteɪt	compound	deno|tate	0.1111111111111111	0.1111111111111111	0.125	dɛnəteɪt	dɛnəʊteɪt	0.125	0.0
dephlogisticate	diflɒdʒɪstɪkeɪt	dəflədʒɪstɪkeɪt	dɪflədʒɪstɪkeɪt	dɛflədʒɪstɪkeɪt	compound	de|phlogisticate	0.13333333333333333	0.13333333333333333	0.13333333333333333	dᵻflɑdʒəsteɪt	dɪflədʒɪstɪkeɪt	0.38461538461538464	0.13333333333333333
derdoing	dɜːɹduːɪŋ	dɝduɪŋ	dɜdəʊɪŋ	dɚdɔɪŋ	compound	der|doing	0.3333333333333333	0.42857142857142855	0.5	dɜɹduɪŋ	dɜdəʊɪŋ	0.0	0.42857142857142855
dermatan	dɜːɹmətæn	dɜmətæn	dɜmatən	dɚmətən	compound	derma|tan	0.14285714285714285	0.42857142857142855	0.42857142857142855	dɜɹmənæn	dɜmətən	0.125	0.2857142857142857
dermatic	dəɹmætɪk	dɜmətɪk	dɜmatɪk	dɚmətɪk	compound	derma|tic	0.42857142857142855	0.42857142857142855	0.42857142857142855	dɜɹmæɾɪk	dɜmætɪk	0.25	0.2857142857142857
descanso	dɛskɑːnsoʊ	dɛskænsəʊ	dɪskansəʊ	dɪskənsəʊ	compound	des|canso	0.1111111111111111	0.2222222222222222	0.2222222222222222	dɛskænsəʊ	dɪskænsəʊ	0.1111111111111111	0.2222222222222222
desertology	dɛzəɹtɒlədʒi	dɛzɝtɒlədʒi	dɪzətɒlədʒi	dɪsɚtələdʒi	compound	desert|ology	0.18181818181818182	0.18181818181818182	0.45454545454545453	dɪzəɹtɑlədʒi	dɪzətɒlədʒi	0.16666666666666666	0.18181818181818182
despaghettify	diːspəɡɛtɪfai	dəspəɡɛtifaɪ	dɪspəɡɛtɪfaɪ	dɪspæɡɛtəfi	compound	de|spaghetti|fy	0.25	0.16666666666666666	0.36363636363636365	dispəɡɛtɪfaɪ	dɪspæɡɛtɪfaɪ	0.08333333333333333	0.25
despotat	dɛspətæt	dɛspɒtæt	dɛspəteɪt	dɪspətət	compound	despot|at	0.125	0.2222222222222222	0.25	dɪspəʊɾət	dɛspətæt	0.4444444444444444	0.0
dessiatina	dɛsjətiːnə	dɛsiətinə	dɪssɪətinə	dɛsieɪtɪnə	compound	dess|ia|tina	0.1111111111111111	0.3	0.4	dɛsieɪʃənə	dɛsɪətinə	0.5	0.1111111111111111
desyatin	dɛsjətiːn	dɛsjətɪn	dɪsɪatɪn	dɛsieɪtɪn	compound	des|ya|tin	0.125	0.5	0.4444444444444444	dᵻsaɪətɪn	dɪsaɪətɪn	0.4444444444444444	0.4444444444444444
detestate	dɪtɛsteɪt	dɪtɛsteɪt	dɪtɛsteɪt	dɪtɛsteɪt	compound	detest|ate	0.0	0.0	0.0	dɪtɛsteɪt	dɛtɪsteɪt	0.0	0.2222222222222222
detrending	diːtɹɛndɪŋ	dətɹɛndɪŋ	dɪtɹɛndɪŋ	dɛtɹɛndɪŋ	compound	de|trending	0.1111111111111111	0.1111111111111111	0.1111111111111111	dɪtɹɛndɪŋ	dɪtɹɛndɪŋ	0.1111111111111111	0.1111111111111111
deturpate	dɛtəɹpeɪt	dətʊəpeɪt	dɪtɜpeɪt	dɪtɚpeɪt	compound	de|tur|pate	0.3333333333333333	0.375	0.375	dɪtɜɹpeɪt	dɪtɜpeɪt	0.2222222222222222	0.375
deutocerebral	djuːtoʊsəɹiːbɹəl	dəʌtəʊsəɹibɹəl	djutəʊsɹɛbɹəl	djutəʊsɚɛbɹəl	compound	de|ut|o|cerebral	0.14285714285714285	0.15384615384615385	0.23076923076923078	duɾəʊsəɹibɹəl	djutəʊsəɹibɹəl	0.15384615384615385	0.0
deutoxides	djuːtɒksaɪdz	djutɒksaɪdz	djutɒksaɪdz	dɔɪtɑksɪdɪz	compound	deutoxide|s	0.0	0.0	0.45454545454545453	djutɒksaɪdz	djutɒksaɪdz	0.0	0.0
developmentals	dɪvɛləpmɛntəlz	dɪvɛləpmɛntəlz	dɪvɛləpmɛntəlz	dɪvɛləpməntəlz	compound	developmental|s	0.0	0.0	0.07142857142857142	dɪvɛləpmɛntəlz	dɪvɛləpmɛntəlz	0.0	0.0
developmentation	dɪvɛləpmənteɪʃən	dɪvɛləpmənteɪʃən	dɪvɛləpmənteɪʃən	dɪvɛləpmənteɪʃən	compound	development|ation	0.0	0.0	0.0	dɪvɛləpmənteɪʃən	dɪvɛləpmənteɪʃən	0.0	0.0
devs	dɛvz	dɛvz	dɛvz	dɪvz	compound	dev|s	0.0	0.0	0.25	dɛvz	dɛvz	0.0	0.0
dewfull	djuːfəl	djufʊl	djufʊl	dufʊl	compound	dew|full	0.16666666666666666	0.16666666666666666	0.4	djufəll	djufəl	0.14285714285714285	0.0
dextrocardia	dɛkstɹəkɑːɹdiə	dɛkstɹəʊkɑɹdiə	dɛkstɹəkɑdiə	dɛkstɹəkɑɹdiə	compound	dextro|cardia	0.07142857142857142	0.08333333333333333	0.0	dɛkstɹəkɑɹdiə	dɛkstɹəkɑdiə	0.0	0.08333333333333333
dezh	dɛʒ	dɛʒ	dɛʒ	dɛz	compound	d|ezh	0.0	0.0	0.3333333333333333	dɛzh	dɛʒ	0.5	0.0
dhabihah	zəbiːhə	dɑbihɑ	dabɪhə	dhæbɪhɑ	compound	dhabi|hah	0.5	0.5	0.7142857142857143	dɑbɪhɑ	dæbɪhə	0.6666666666666666	0.5
diamide	daɪæmaɪd	daɪəmaɪd	daɪəmaɪd	diəmɪd	compound	di|amide	0.125	0.125	0.6666666666666666	daɪəmaɪd	daɪəmaɪd	0.125	0.125
diangle	daɪæŋɡəl	daɪæŋɡəl	daɪaŋɡəl	diæŋɡəl	compound	di|angle	0.0	0.125	0.2857142857142857	daɪæŋgəl	daɪæŋɡəl	0.125	0.0
diastasis	daɪəsteɪsɪs	diəsteɪsɪs	daɪəstɑsiz	diæstəsɪs	compound	dia|stasis	0.2	0.4	0.5555555555555556	daɪæstəsɪs	daɪəstæsɪs	0.3	0.2
dicarboxylyl	daɪkɑːɹbɒksɪlɪl	daɪkɑɹbɑksəlɪl	dɪkɑbɒksɪlɪl	dɪkɑɹbəksələl	compound	di|carboxyl|yl	0.14285714285714285	0.16666666666666666	0.3076923076923077	daɪkɑɹ.bəsɪl.ɪl	daɪkɑbɒksɪlɪl	0.26666666666666666	0.07692307692307693
dicavitary	daɪkævɪtəɹi	daɪkavɪtəɹi	dɪkəvɪtəɹi	dɪkəvɪtɛɹi	compound	di|cavitary	0.09090909090909091	0.2	0.3	daɪkævɪtɛɹi	daɪkævɪtəɹi	0.09090909090909091	0.0
dichloralphenazone	daɪklɔːɹælfɛnəzəʊn	daɪklɔɹəlfənɑzəʊni	dɪklɔɹalfənazəʊn	dɪklɚælfənəzəʊn	compound	di|chloral|phen|azo|ne	0.2222222222222222	0.25	0.26666666666666666	daɪklɔɹælfənəzəʊn	dɪklɔɹælfənəzəʊn	0.058823529411764705	0.125
dicings	daɪsɪŋz	daɪsɪŋz	daɪsɪŋz	dɪsɪŋz	compound	dicing|s	0.0	0.0	0.16666666666666666	daɪsɪŋz	daɪsɪŋz	0.0	0.0
dicking	dɪkɪŋ	dɪkɪŋ	dɪkɪŋ	dɪkɪŋ	compound	dick|ing	0.0	0.0	0.0	dɪkɪŋ	dɪkɪŋ	0.0	0.0
dickpic	dɪkpɪk	dɪkpɪk	dɪkpɪk	dɪkpɪk	compound	dick|pic	0.0	0.0	0.0	dɪkpɪk	dɪkpɪk	0.0	0.0
dicksplat	dɪksplæt	dɪksplat	dɪksplat	dɪksplət	compound	dicks|plat	0.125	0.125	0.125	dɪksplæt	dɪksplæt	0.0	0.0
dickweasel	dɪkwiːzəl	dɪkwizəl	dɪkwizəl	dɪkwisəl	compound	dick|weasel	0.0	0.0	0.125	dɪkwizəl	dɪkwisəl	0.0	0.125
diclofenac	daɪkloʊfənæk	dɪkləʊfɛnæk	dɪkləʊfnak	dɪkləʊfɛnək	compound	dic|lo|fen|ac	0.18181818181818182	0.3	0.2727272727272727	daɪkləʊ.fənæk	dɪkləfɛnæk	0.07692307692307693	0.3
dicrotophos	daɪkɹəʊtəfɒs	dɪkɹəʊtəʊfəʊz	dɪkɹəʊtɒfəʊz	dɪkɹəʊtəfəʊz	compound	dic|roto|pho|s	0.38461538461538464	0.4166666666666667	0.3333333333333333	dɪkɹəʊɾəfɑs	daɪkɹəʊtɒfəʊz	0.2727272727272727	0.3076923076923077
didact	daɪdækt	dɪdækt	dɪdakt	dɪdækt	compound	did|act	0.16666666666666666	0.3333333333333333	0.16666666666666666	dɪdækt	daɪdækt	0.16666666666666666	0.0
didaction	dɪdækʃən	dɪdækʃən	dɪdakʃən	dɪdækʃən	compound	did|action	0.0	0.125	0.0	dɪksækʃən	daɪdækʃən	0.2222222222222222	0.1111111111111111
diddest	dɪdɛst	dɪddɛst	dɪdɪst	dɪddɪst	compound	did|dest	0.14285714285714285	0.16666666666666666	0.2857142857142857	dɪdɪst	dɪdəst	0.16666666666666666	0.16666666666666666
didelphid	daɪdɛlfɪd	daɪdɛlfaɪd	daɪdlfɪd	daɪdɛlfɪd	compound	di|delphi|d	0.1	0.125	0.0	daɪɛlfɪd	daɪdɛlfɪd	0.125	0.0
didesmethyldoxylamine	daɪdɛzmɛθɪldɒksɪləmiːn	dɪdizmiθaɪldɒksiləmin	daɪdsmiθɪldəksɪləmin	daɪdsmɛθaɪldəksiləmɪn	compound	did|es|methyl|doxy|lamine	0.23809523809523808	0.2	0.2857142857142857	daɪdzmɛθɪldɑk.səlæm.ɪn	daɪdɪsmɛθɪldɒksɪlæmin	0.3181818181818182	0.14285714285714285
dielectrophoretic	daɪəlɛktɹoʊfəɹɛtɪk	daɪəlɛktɹəfəɹɛɾɪk	dilɪktɹɒfɔɹɛtɪk	dilɪktɹəfɚɛtɪk	compound	di|electrophoretic	0.11764705882352941	0.4666666666666667	0.5	daɪəlɛktɹəfəɹɛɾɪk	daɪəlɛktɹəfəɹɛtɪk	0.11764705882352941	0.058823529411764705
diethyl	daɪɛθɪl	daɪəθɪl	daɪəθaɪl	dɪθɪl	compound	dieth|yl	0.14285714285714285	0.25	0.4	daɪɛθəl	daɪəθaɪl	0.14285714285714285	0.25
dihydropteroate	daɪhaɪdɹɒptɛɹəʊeɪt	dɪjdɹɑptɪɹəʊeɪt	daɪhaɪdɹəptəɹəʊt	dɪhaɪdɹəptɚəʊt	compound	dih|y|dropt|ero|ate	0.4	0.25	0.42857142857142855	daɪhaɪdɹɑptəɹəʊeɪt	daɪhaɪdɹɒptəɹəʊt	0.1111111111111111	0.1875
dihydroquercetin	daɪhaɪdɹəʊkwɜːɹsɪtɪn	daɪhaɪdɹəʊkwɜɹsʌɾɪn	daɪhaɪdɹəkwəsɛtɪn	dɪhaɪdɹəʊkɚsɪtɪn	compound	di|hydro|quercetin	0.10526315789473684	0.23529411764705882	0.25	daɪhaɪdɹəkwɜɹsənɪn	daɪhaɪdɹɒkwəsɛtɪn	0.16666666666666666	0.29411764705882354
diiamb	daɪaɪæm	daɪaɪamb	dɪɪam	daɪəmb	compound	di|iamb	0.25	0.6	0.6666666666666666	dɪæmb	daɪəm	0.8	0.6
dillseed	dɪlsiːd	dɪlsid	dɪlsid	dɪlsid	compound	dill|seed	0.0	0.0	0.0	dɪlsid	dɪlsid	0.0	0.0
dimethenamid	daɪmɪθɛnəmɪd	daɪmðɛnəmɪd	daɪmθənamɪd	dɪmɛθənəmɪd	compound	dime|then|amid	0.18181818181818182	0.2727272727272727	0.2727272727272727	daɪmɛθ.ənæm.ɪd	daɪmθənæmɪd	0.35714285714285715	0.2727272727272727
dimethylethanolamine	daɪmɛθɪlɛθənɒləmiːn	daɪmiθɪlɛθənɒləmin	daɪmθaɪlθənɒləmin	dɪmɛθaɪlθənəʊləmɪn	compound	dimethyl|ethanol|amine	0.05555555555555555	0.17647058823529413	0.3333333333333333	daɪmɛθ.əl.əθæn.əlin	dɪmɪθaɪlɪθænəlæmin	0.42105263157894735	0.3888888888888889
dimication	dɪmɪkeɪʃən	dɪmɪkeɪʃən	dɪmɪkeɪʃən	dɪmɪkeɪʃən	compound	dim|ication	0.0	0.0	0.0	dɪmɪkeɪʃən	dɪmɪkeɪʃən	0.0	0.0
dimmings	dɪmɪŋz	dɪmɪŋz	dɪmɪŋz	dɪmɪŋz	compound	dimming|s	0.0	0.0	0.0	dɪmɪŋz	dɪmɪŋz	0.0	0.0
dimp	dɪmp	dɪmp	dɪmp	dɪmp	compound	dim|p	0.0	0.0	0.0	dɪmp	dɪmp	0.0	0.0
dimplement	dɪmpəlmənt	dɪmpəlmɛnt	dɪmplɪmənt	dɪmpəlmənt	compound	dimple|ment	0.1	0.2	0.0	dɪmpləmɛnt	dɪmplɪmənt	0.3	0.2
dinokaryote	daɪnəʊkæɹiəʊt	dinəʊkɛɹiəʊti	dɪnəkaɹɪəʊt	dɪnəʊkɑɹiəʊt	compound	dino|kary|ot|e	0.3076923076923077	0.36363636363636365	0.16666666666666666	daɪnəʊkɑɹiəʊteɪ	dɪnəʊkæɹɪəʊt	0.2	0.16666666666666666
diprotodon	daɪpɹəʊtədɒn	dɪpɹəʊtəʊdɒn	dɪpɹəʊtəʊdən	dɪpɹətəʊdən	compound	dip|roto|don	0.16666666666666666	0.25	0.36363636363636365	daɪpɹəʊɾədɑn	dɪpɹətɒdən	0.16666666666666666	0.4
disclame	dɪskleɪm	dɪskleɪm	dɪskleɪm	dɪskleɪm	compound	disc|lame	0.0	0.0	0.0	dɪskleɪm	dɪskleɪm	0.0	0.0
discontentive	dɪskəntɛntɪv	dɪskəntɛntaɪv	dɪskəntɛntɪv	dɪskəntɛntɪv	compound	discontent|ive	0.07692307692307693	0.0	0.0	dɪskəntɛntɪv	dɪskəntɛntɪv	0.0	0.0
discontinuer	dɪskəntɪnjuɚ	dɪskəntɪnjuɹ	dɪskəntɪnjuə	dɪskəntɪnjɚ	compound	discontinue|r	0.08333333333333333	0.08333333333333333	0.09090909090909091	dɪskəntɪnjuəɹ	dɪskəntɪnjuə	0.15384615384615385	0.08333333333333333
dishings	dɪʃɪŋz	dɪʃɪŋz	dɪshɪŋz	dɪʃɪŋz	compound	dishing|s	0.0	0.2857142857142857	0.0	dɪʃɪŋz	dɪʃɪŋz	0.0	0.0
disme	daɪm	daɪzmi	dɪsmɛ	dɪsm	compound	dis|me	0.3333333333333333	0.6	0.5	dɪsmeɪ	dɪzm	0.6666666666666666	0.5
disparadise	dɪspæɹədaɪs	daɪzpæɹədaɪs	dɪspaɹədaɪz	dɪspɚədɪs	compound	dis|paradise	0.16666666666666666	0.18181818181818182	0.3333333333333333	dɪspɛɹədaɪz	dɪspæɹədaɪz	0.18181818181818182	0.09090909090909091
disparadised	dɪspæɹədaɪst	daɪzpæɹədaɪsd	dɪspaɹədaɪzd	dɪspɚədɪst	compound	dis|paradise|d	0.23076923076923078	0.25	0.3	dɪspæɹədaɪzd	dɪspæɹədaɪzd	0.16666666666666666	0.16666666666666666
disponge	dɪspʌndʒ	daɪspʌndʒ	dɪspɒndʒ	dɪspɑndʒ	compound	di|sponge	0.1111111111111111	0.125	0.125	dɪspʌndʒ	dɪspɒndʒ	0.0	0.125
dispurvey	dɪspəɹveɪ	dɪspʊəveɪ	dɪspɜveɪ	dɪspɚvi	compound	dispur|vey	0.2222222222222222	0.25	0.5714285714285714	dɪspəɹveɪ	dɪspɜvi	0.0	0.5714285714285714
disship	dɪsʃɪp	dɪshɪp	dɪshɪp	dɪsɪp	compound	diss|hip	0.16666666666666666	0.16666666666666666	0.2	dɪʃɪp	dɪsʃɪp	0.2	0.0
distelfink	dɪstəlfɪŋk	dɪstəlfɪŋk	dɪstɛlfɪŋk	dɪstɛlfɪŋk	compound	distel|fink	0.0	0.1	0.1	dɪstəlfɪŋk	dɪstɛlfɪŋk	0.0	0.1
dister	dɪstɜːɹ	dɪstɜ	dɪstɜ	dɪstɚ	compound	dist|er	0.2	0.2	0.4	dɪstɚ	dɪstə	0.4	0.4
disulfite	daɪsʌlfaɪt	daɪsəlfaɪt	daɪsəlfaɪt	dɪsəlfaɪt	compound	di|sulfite	0.1	0.1	0.2222222222222222	daɪsʌlfaɪt	dɪsəlfaɪt	0.0	0.2222222222222222
disvantageous	dɪsvænteɪdʒəs	dɪsvæntɪdʒəs	dɪsvanteɪdʒəs	dɪsvæntɪdʒus	compound	disvantage|ous	0.08333333333333333	0.07692307692307693	0.16666666666666666	dɪsvæn.tɪd͡ʒəs	dɪsvɑnteɪdʒəs	0.21428571428571427	0.07692307692307693
ditchings	dɪtʃɪŋz	dɪtʃɪŋz	dɪtʃɪŋz	dɪtʃɪŋz	compound	ditching|s	0.0	0.0	0.0	dɪtʃɪŋz	dɪtʃɪŋz	0.0	0.0
dizzard	dɪzəɹd	dɪzəd	dɪzəd	dɪzɚd	compound	d|izzard	0.2	0.2	0.4	dɪzəd	dɪzəd	0.2	0.2
dogecoin	dəʊdʒkɔɪn	dəʊdʒkɔɪn	dəʊdʒkɔɪn	dɑdʒɛkɪn	compound	doge|coin	0.0	0.0	0.5	dəʊdʒkɔɪn	dəʊdʒkɔɪn	0.0	0.0
dogloo	dɒɡluː	dɒɡlu	dɒɡlu	dɑɡlu	compound	dog|loo	0.0	0.0	0.2	dɔglu	dɒɡlu	0.4	0.0
dogwhistle	dɔɡwɪsəl	dɒɡwɪsəl	dɒɡwɪsəl	dɑɡwɪstl	compound	dog|whistle	0.125	0.125	0.25	dɔgwɪsəl	dɒɡwɪsəl	0.125	0.125
dojigger	duːdʒɪɡɚ	dudʒɪɡə	dɒdʒɪɡə	dɑdʒɪɡɚ	compound	do|jigger	0.14285714285714285	0.2857142857142857	0.14285714285714285	dəʊdʒɪgəɹ	dəʊdʒɪɡə	0.5555555555555556	0.375
dolehead	dɔʊlhɛd	dəʊlhɛd	dəʊlhɛd	dəʊlhəd	compound	dole|head	0.14285714285714285	0.14285714285714285	0.2857142857142857	dəʊlhɛd	dəʊlhɛd	0.14285714285714285	0.14285714285714285
doleheads	dɔʊlhɛdz	dəʊlhɛdz	dəʊlhɛdz	dəʊlhədz	compound	dole|heads	0.125	0.125	0.25	dəʊlhɛdz	dəʊlhɛdz	0.125	0.125
dolichophallic	dɒlɪkəʊfælɪk	dɑlɪtʃəʊfælɪk	dɒlɪtʃəfalɪk	dəʊlɪkəfəlɪk	compound	dol|ich|o|phallic	0.23076923076923078	0.3333333333333333	0.3333333333333333	dɑlɪkəfælɪk	dɒlɪkəfælɪk	0.18181818181818182	0.09090909090909091
doob	duːb	dub	dub	dub	compound	doo|b	0.0	0.0	0.0	dub	dub	0.0	0.0
doomposting	duːmpəʊstɪŋ	dumpəʊstɪŋ	dumpəʊstɪŋ	dumpɑstɪŋ	compound	doom|posting	0.0	0.0	0.2222222222222222	dumpəʊstɪŋ	dumpəʊstɪŋ	0.0	0.0
douar	duːɑː	duəɑɹ	dwɑɹə	dəɚ	compound	do|u|ar	0.4	0.6	0.6666666666666666	dəɚ	duə	0.6666666666666666	0.3333333333333333
douc	duːk	duəs	dək	dək	compound	do|u|c	0.5	0.3333333333333333	0.3333333333333333	dək	duk	0.3333333333333333	0.0
dougong	doʊɡʊŋ	dəɡɔŋ	duɡɒŋ	duɡɑŋ	compound	doug|ong	0.4	0.6	0.6	dugɑŋ	dʌɡɒŋ	0.8	0.6
doum	duːm	duʌm	dəm	dəm	compound	do|um	0.25	0.3333333333333333	0.3333333333333333	dum	dəm	0.0	0.3333333333333333
doune	duːn	duəni	dən	dən	compound	do|un|e	0.4	0.3333333333333333	0.3333333333333333	dən	dən	0.3333333333333333	0.3333333333333333
dozenal	dʌzənəl	dʌzənæl	dʌzinəl	dəʊzənəl	compound	dozen|al	0.14285714285714285	0.14285714285714285	0.25	dʌzənəl	dəʊzənəl	0.0	0.25
draggings	dɹæɡɪŋz	dɹæɡɪŋz	dɹaɡɪŋz	dɹæɡɪŋz	compound	dragging|s	0.0	0.14285714285714285	0.0	dɹægɪŋz	dɹæɡɪŋz	0.14285714285714285	0.0
draids	dɹeɪdz	dɹeɪdz	dɹeɪdz	dɹeɪdz	compound	dr|aids	0.0	0.0	0.0	dɹeɪdz	dɹeɪdz	0.0	0.0
dramata	dɹɑːmətə	dɹɑmətɑ	dɹamɑtə	dɹæmətə	compound	drama|ta	0.14285714285714285	0.2857142857142857	0.14285714285714285	dɹæmətə	dɹəmɑtə	0.14285714285714285	0.2857142857142857
drap	dɹæp	dɹæp	dɹap	dɹæp	compound	dr|ap	0.0	0.25	0.0	dɹæp	dɹæp	0.0	0.0
drapet	dɹeɪpɪt	dɹeɪpt	dɹapɪt	dɹæpɪt	compound	drape|t	0.16666666666666666	0.3333333333333333	0.3333333333333333	dɹæpɪt	dɹæpɪt	0.3333333333333333	0.3333333333333333
drapings	dɹeɪpɪŋz	dɹeɪpɪŋz	dɹeɪpɪŋz	dɹæpɪŋz	compound	draping|s	0.0	0.0	0.2857142857142857	dɹeɪpɪŋz	dɹeɪpɪŋz	0.0	0.0
draugar	dɹaʊɡaɹ	dɹɔɡəstɑɹ	dɹɔɡə	dɹɔɡɚ	compound	dr|aug|ar	0.5555555555555556	0.6	0.6	dɹɔgəɹ	dɹɔɡə	0.5	0.6
dreamchild	dɹimtʃaɪld	dɹimtʃaɪld	dɹimtʃaɪld	dɹiməhɪld	compound	dream|child	0.0	0.0	0.3333333333333333	dɹimtʃaɪld	dɹimtʃaɪld	0.0	0.0
dreamchildren	dɹimtʃɪldɹən	dɹimtʃɪldɹən	dɹimtʃɪldɹən	dɹiməhɪldɹən	compound	dream|children	0.0	0.0	0.16666666666666666	dɹimtʃɪldɹən	dɹimtʃɪldɹən	0.0	0.0
drempt	dɹɛmpt	dɹɛmpt	dɹɛmpt	dɹɛmpt	compound	dr|empt	0.0	0.0	0.0	dɹɛmpt	dɹɛmpt	0.0	0.0
dreng	dɹɛŋ	dɹɛŋ	dɹɛŋ	dɹɛŋ	compound	dr|eng	0.0	0.0	0.0	dɹɛŋ	dɹɛŋ	0.0	0.0
dret	dɹɛt	dɹɛt	dɹɛt	dɹɪt	compound	dr|et	0.0	0.0	0.25	dɹɛt	dɹɛt	0.0	0.0
driftingness	dɹɪftɪŋnəs	dɹɪftɪŋnes	dɹɪftɪŋnəs	dɹɪftɪŋnɛs	compound	drifting|ness	0.1	0.0	0.1	dɹɪftɪŋnəs	dɹɪftɪŋnəs	0.0	0.0
driftings	dɹɪftɪŋz	dɹɪftɪŋz	dɹɪftɪŋz	dɹɪftɪŋz	compound	drifting|s	0.0	0.0	0.0	dɹɪftɪŋz	dɹɪftɪŋz	0.0	0.0
dright	dɹaɪt	dɹaɪt	dɹaɪt	dɹaɪt	compound	dr|ight	0.0	0.0	0.0	dɹaɪt	dɹaɪt	0.0	0.0
drinkie	dɹɪŋki	dɹɪŋki	dɹɪŋki	dɹɪŋki	compound	drink|ie	0.0	0.0	0.0	dɹɪŋki	dɹɪŋki	0.0	0.0
drite	dɹaɪt	dɹaɪt	dɹaɪt	dɹaɪt	compound	dr|ite	0.0	0.0	0.0	dɹaɪt	dɹaɪt	0.0	0.0
drites	dɹaɪts	dɹaɪts	dɹaɪts	dɹaɪts	compound	d|rites	0.0	0.0	0.0	dɹaɪts	dɹaɪts	0.0	0.0
droodle	dɹuːdəl	dɹudəl	dɹudəl	dɹudəl	compound	dr|oodle	0.0	0.0	0.0	dɹudəl	dɹʊdəl	0.0	0.16666666666666666
droopings	dɹuːpɪŋz	dɹupɪŋz	dɹupɪŋz	dɹupɪŋz	compound	drooping|s	0.0	0.0	0.0	dɹupɪŋz	dɹupɪŋz	0.0	0.0
dropmeal	dɹɒpmiːl	dɹɒpmil	dɹɒpmiəl	dɹɑpməl	compound	drop|meal	0.0	0.125	0.2857142857142857	dɹɑpmil	dɹɒpmiəl	0.14285714285714285	0.125
droxicam	dɹɒksɪkæm	dɹɑksɪkæm	dɹɒksɪkam	dɹɑksɪkəm	compound	dr|oxic|am	0.1111111111111111	0.1111111111111111	0.2222222222222222	dɹɑksɪkæm	dɹɒksɪkəm	0.1111111111111111	0.1111111111111111
druggings	dɹʌɡɪŋz	dɹʌɡɪŋz	dɹʌɡɪŋz	dɹʌɡɪŋz	compound	drugging|s	0.0	0.0	0.0	dɹʌɡɪŋz	dɹʌɡɪŋz	0.0	0.0
dryth	dɹaɪθ	dɹaɪθ	dɹɪθ	dɹɪθ	compound	dry|th	0.0	0.25	0.25	dɹaɪθ	dɹɪθ	0.0	0.25
duarchy	duːɑɹki	duɑɹtʃi	djuɑki	dwɑɹtʃi	compound	du|archy	0.2857142857142857	0.3333333333333333	0.42857142857142855	duɑɹtʃi	djɔki	0.2857142857142857	0.6
dubes	duːbz	dubz	djubz	dubz	compound	dube|s	0.0	0.2	0.0	dubz	djubz	0.0	0.2
duckface	dʌkfeɪs	dʌkfeɪs	dʌkfeɪs	dʌkfeɪs	compound	duck|face	0.0	0.0	0.0	dʌkfeɪs	dʌkfeɪs	0.0	0.0
duckings	dʌkɪŋz	dʌkɪŋz	dʌkɪŋz	dʌkɪŋz	compound	ducking|s	0.0	0.0	0.0	dʌkɪŋz	dʌkɪŋz	0.0	0.0
dullahan	duːləhɑːn	dʌlɑhɑn	dʌləhan	dʌləhən	compound	dull|aha|n	0.2857142857142857	0.2857142857142857	0.2857142857142857	dʌləhɑn	dʌləhæn	0.14285714285714285	0.2857142857142857
duodecet	djuːədɛsɛt	djuəʊdist	djuəʊdsɪt	dudɪsɪt	compound	duo|dece|t	0.3333333333333333	0.3333333333333333	0.5714285714285714	djuədisɛt	djuəʊdɪsɛt	0.1111111111111111	0.2
duodene	djuːəʊdiːn	djuəʊdin	djuəʊdin	dudɪn	compound	duo|dene	0.0	0.0	0.8	djuədin	djuəʊdin	0.14285714285714285	0.0
dustings	dʌstɪŋz	dʌstɪŋz	dʌstɪŋz	dʌstɪŋz	compound	dusting|s	0.0	0.0	0.0	dʌstɪŋz	dʌstɪŋz	0.0	0.0
dyb	dɪb	dɪb	dɪb	dɪb	compound	dy|b	0.0	0.0	0.0	dɪb	dɪb	0.0	0.0
dyserythropoiesis	dɪsɪɹɪθɹəʊpɔɪiːsɪs	dɪzɪɹɪθɹəʊpɔɪisɪs	daɪsəɹɪθɹəpɔɪisɪs	daɪzɚɪθɹɑpisɪz	compound	dy|s|erythropoiesis	0.058823529411764705	0.17647058823529413	0.6428571428571429	daɪsɛɹəθɹəʊpaɪisɪs	daɪzəɹɪθɹəpɔɪsɪs	0.2222222222222222	0.3125
dyssomnia	dɪssɒmnɪə	dɪzsɒmniə	dɪsɒmniə	dɪsɑmniə	compound	dy|s|som|ni|a	0.2222222222222222	0.25	0.375	dɪsməʊnɪə	dɪsɒmniə	0.3333333333333333	0.25
dzud	dzuːd	dzəd	dizʌd	dzʌd	compound	d|z|u|d	0.25	0.4	0.25	dʒud	dzʌd	0.25	0.25
ePrix	iːpɹiː	ɛpɹɪks	ipɹi	ɛpɹɪks	compound	ep|rix	0.6666666666666666	0.0	0.6666666666666666	ipɹi	ipɹɪks	0.0	0.5
eam	iːm	im	im	im	compound	ea|m	0.0	0.0	0.0	im	im	0.0	0.0
easings	iːzɪŋz	izɪŋz	izɪŋz	izɪŋz	compound	easing|s	0.0	0.0	0.0	izɪŋz	izɪŋz	0.0	0.0
eavedrop	iːvdɹɒp	ivdɹɒp	ivɪdɹɒp	ivdɹəp	compound	eave|drop	0.0	0.14285714285714285	0.16666666666666666	ivdɹɑp	ivdɹɒp	0.16666666666666666	0.0
ebbings	ɛbɪŋz	ɛbɪŋz	ɛbɪŋz	ɛbɪŋz	compound	ebbing|s	0.0	0.0	0.0	ɛbɪŋz	ɛbɪŋz	0.0	0.0
ecbole	ɛkbəliː	ɛkbəʊl	ɛkbəʊl	ɪkbəʊl	compound	ec|bole	0.3333333333333333	0.3333333333333333	0.5	ɛkbəʊ.li	ɛkbəʊl	0.25	0.3333333333333333
echoise	ɛkəʊaɪz	ɛkəʊaɪz	ɛkɔɪs	ɪkɔɪs	compound	echo|ise	0.0	0.8	1.0	ɛkəʊaɪz	ɛkwɑs	0.0	1.0
echoize	ɛkəʊaɪz	ɛkəʊaɪz	ɛkɔɪz	ɪkəʊaɪz	compound	echo|ize	0.0	0.6	0.14285714285714285	ɛkəʊaɪz	ɛkwaɪz	0.0	0.3333333333333333
ecribellate	iːkɹɪbɛlət	ikɹəbɛləti	ɛkɹaɪbəleɪt	ɛkɹɪbɛleɪt	compound	e|cribella|te	0.2	0.45454545454545453	0.3	ɪkɹɪbɪleɪt	ɛkɹɪbɛleɪt	0.4	0.3
ectypal	ɛktaɪpəl	ɛktaɪpəl	ɛktaɪpəl	ɛktipəl	compound	ec|typal	0.0	0.0	0.2857142857142857	ɛktəpəl	ɛktɪpəl	0.2857142857142857	0.14285714285714285
edgrow	ɛdɡɹəʊ	ɛdɡɹəʊ	ɛdɡɹəʊ	ɪdɡɹəʊ	compound	ed|grow	0.0	0.0	0.16666666666666666	ɛdgɹəʊ	ɛdɡɹəʊ	0.16666666666666666	0.0
editings	ɛdɪtɪŋz	ɛdɪtɪŋz	ɛdɪtɪŋz	ɛdɪtɪŋz	compound	editing|s	0.0	0.0	0.0	ɛdɪtɪŋz	ɛdɪtɪŋz	0.0	0.0
edumacation	ɛdʒəməkeɪʃn	ɛdjumækeɪʃən	ɛdjuməkeɪʃən	ɪduməkeɪʃən	compound	edu|mac|ation	0.3333333333333333	0.25	0.36363636363636365	ɛd͡ʒəmeɪkeɪʃən	ɛdjuməkeɪʃən	0.2857142857142857	0.25
ees	iːz	iz	iz	iz	compound	ee|s	0.0	0.0	0.0	iz	iz	0.0	0.0
eformoterol	iːfɔːɹmɒtəɹɒl	ɛfɔməʊtəəʊl	ɛfɔməʊtɹɒl	ɪfɔɹmətɚəl	compound	ef|or|moter|ol	0.5454545454545454	0.5	0.5	ɪfɔɹməʊtəɹɒl	ɪfɔməʊtəɹɒl	0.25	0.36363636363636365
egal	iːɡəl	iɡæl	ɛɡəl	ɪɡəl	compound	e|gal	0.25	0.25	0.25	iɡəl	iɡəl	0.0	0.0
eggings	ɛɡɪŋz	ɛɡɪŋz	ɛɡɪŋz	ɛɡɪŋz	compound	egging|s	0.0	0.0	0.0	ɛgɪŋz	ɛɡɪŋz	0.2	0.0
egoboo	iːɡəʊbuː	iɡəʊbu	iɡəʊbu	ɪɡəʊbu	compound	ego|boo	0.0	0.0	0.16666666666666666	igəʊbu	ɛɡəbu	0.16666666666666666	0.4
eigengrau	aɪɡənɡɹaʊ	aɪɡənɡɹə	aɪdʒɪŋɡɹə	aɪɡɪŋɡɹə	compound	eigen|grau	0.0	0.4444444444444444	0.25	aɪgəngɹə	aɪdʒɪŋɡɹə	0.25	0.4444444444444444
eirs	ɛəɹz	aɪɹz	aɪrz	ɚz	compound	eir|s	0.5	0.75	1.5	aɪəɹz	eəz	0.4	0.6666666666666666
ekwele	eɪkweɪleɪ	ɛkwilə	ɛkwɛl	ɛkwɛl	compound	ek|we|le	1.0	1.2	1.2	ɛkwəleɪ	ɪkwil	0.5714285714285714	1.0
electrencephalography	ɪlɛktɹɛnsɛfəlɒɡɹəfi	ɪlɛktɹɛnsɛfəlɒgɹəfi	ɪlɛktɹənsɛfəlɒɡɹəfi	ɛlɛktɹənsəfələɡɹəfi	compound	elect|r|encephalography	0.05263157894736842	0.05263157894736842	0.21052631578947367	əlɛktɹənsɛfəlɑgɹəfi	ɪlɛktɹənsɛfəlɒɡɹəfi	0.21052631578947367	0.05263157894736842
electrovore	ɪlɛktɹəvɔːɹ	ɪlɛktɹəʊvɔɹ	ɪlɛktɹəʊvɔ	ɛlɛktɹəvɚ	compound	electro|vore	0.09090909090909091	0.2	0.3333333333333333	əlɛktɹəʊvɔɹ	ɪlɛktɹəvɔ	0.18181818181818182	0.1111111111111111
eleutheri	ɛljuːθəɹaɪ	ɛljuθɜaɪ	ɪluθɜɹi	ɛluθɚi	compound	el|euth|er|i	0.25	0.7142857142857143	0.8333333333333334	ɪluθəɹi	ɪluθəɹi	0.5714285714285714	0.5714285714285714
ellisize	ɛlɪsaɪz	ɛlɪsaɪz	ɛlɪsaɪz	ɛlɪsaɪz	compound	ellis|ize	0.0	0.0	0.0	ɛlɪsaɪz	ɛlɪsaɪz	0.0	0.0
elrig	ɛlɹɪɡ	ɛlɹɪɡ	ɛlɹɪɡ	ɛlɹɪɡ	compound	el|rig	0.0	0.0	0.0	ɛlɹɪg	ɛlɹɪɡ	0.2	0.0
elsin	ɛlzɪn	ɛlzɪn	ɛlsɪn	ɛlsɪn	compound	els|in	0.0	0.2	0.2	ɛlsɪn	ɛlsɪn	0.2	0.2
elucubrate	ɪluːkjʊbɹeɪt	ilukjəbɹeɪt	ɪlukəbɹeɪt	ɛlukəbɹeɪt	compound	e|lucubrate	0.18181818181818182	0.2	0.3	ɪlukjubɹeɪt	ɪlukjubɹeɪt	0.09090909090909091	0.09090909090909091
elucubration	ɪluːkjʊbɹeɪʃən	ilukjəbɹeɪʃən	ɪlukəbɹeɪʃən	ɛlukəbɹeɪʃən	compound	e|lucubration	0.15384615384615385	0.16666666666666666	0.25	ɪlukəbɹeɪʃən	ɪlukjʊbɹeɪʃən	0.16666666666666666	0.0
elumbated	ɪlʌmbeɪtɪd	ɛlʌmbeɪtɪd	ɪlʌmbeɪtɪd	ɛlʌmbeɪtd	compound	el|um|bated	0.1	0.0	0.2222222222222222	ɪlʌmbeɪɾᵻd	ɪlʌmbeɪtɪd	0.2	0.0
embase	ɪmbeɪs	əmbeɪs	ɛmbəs	ɛmbeɪs	compound	em|base	0.16666666666666666	0.6	0.16666666666666666	ɛmbeɪs	ɛmbeɪs	0.16666666666666666	0.16666666666666666
emperished	ɪmpɛɹɪʃt	əmpɛɹɪʃt	ɛmpəɹɪʃt	ɛmpɚɪʃt	compound	em|perished	0.125	0.25	0.42857142857142855	ɛmpɚɪʃt	ɛmpəɹɪʃt	0.42857142857142855	0.25
empery	ɛmpəɹɪ	ɛmpɛɹɪ	ɛmpəɹi	ɛmpɚi	compound	emp|ery	0.16666666666666666	0.16666666666666666	0.6	ɛmpəɹi	ɛmpəɹi	0.16666666666666666	0.16666666666666666
empuse	ɛmpjuːz	ɛmpjus	ɛmpjus	ɪmpjuz	compound	emp|use	0.16666666666666666	0.16666666666666666	0.16666666666666666	ɛmpuz	ɛmpjuz	0.2	0.0
endling	ɛndlɪŋ	ɛndlɪŋ	ɛndəlɪŋ	ɛndlɪŋ	compound	end|ling	0.0	0.14285714285714285	0.0	ɛndlɪŋ	ɛndlɪŋ	0.0	0.0
endocommensalism	ɛndoʊkəmɛnsəlɪzm	ɛndəʊkəmɛnsəlɪzəm	ɛndəʊkəmɛnsəlɪzəm	ɛndəʊkəmənsəlɪzəm	compound	endo|commensalism	0.058823529411764705	0.058823529411764705	0.11764705882352941	ɛndəʊkəmɛnsəlɪzəm	ɛndəʊkəmɛnsəlɪzəm	0.058823529411764705	0.058823529411764705
enerve	ɪnɜːɹv	inɜv	ɛnəv	ɪnɚv	compound	e|nerve	0.5	0.75	0.5	ɛnɚv	ɛnɜv	0.75	0.5
englyn	ɛŋlɪn	ɛŋlɪn	ɛŋɡlɪn	ɪŋlɪn	compound	eng|lyn	0.0	0.16666666666666666	0.2	ɪŋglɪn	ɛnɡlɪn	0.3333333333333333	0.3333333333333333
englynion	ɛŋlɪnjən	ɛŋlɪnən	ɛŋɡlɪniən	ɪŋlaɪniən	compound	eng|lyn|ion	0.14285714285714285	0.2222222222222222	0.3333333333333333	ɛŋglɪnjən	ɛnɡlɪnjən	0.1111111111111111	0.2222222222222222
enneastyle	ɛniəstaɪl	ɛniəstaɪl	ɛnistaɪl	ɛnəstaɪl	compound	ennea|style	0.0	0.125	0.125	ɛnistaɪl	ɛnistaɪl	0.125	0.125
entend	ɪntɛnd	ɛntɛnd	ɛntɛnd	ɛntənd	compound	ent|end	0.16666666666666666	0.16666666666666666	0.3333333333333333	ɛntɛnd	ɛntɛnd	0.16666666666666666	0.16666666666666666
enterocoelic	ɛntəɹəʊsiːlɪk	ɛntəɹəʊsilɪk	ɛntəɹəkəʊlɪk	ɛntɚəʊkəʊlɪk	compound	enterocoel|ic	0.0	0.25	0.4166666666666667	ɛntəɹəʊkəlɪk	ɛntəɹɒkəʊɛlɪk	0.16666666666666666	0.3076923076923077
enterothorax	ɛntəɹoʊθɔːɹæks	ɛntəəʊθɔɹæks	ɛntəɹɒθɔɹaks	ɛntɚəθɚæks	compound	enter|o|thorax	0.08333333333333333	0.25	0.5	ɛntəɹəʊθɔɹæks	ɛntəɹɒθəɹæks	0.0	0.25
enthesis	ɪnθiːsɪs	ɛnθisɪs	ɛnθəsɪs	ɛnθɛsɪz	compound	en|thesis	0.14285714285714285	0.2857142857142857	0.42857142857142855	ɛnθɪsɪs	ɛnθisɪs	0.2857142857142857	0.14285714285714285
entr'acte	ɒntɹækt	ɛntɹækti	ɛntɹaktɪ	ɛntɹəkt	compound	en|tract|e	0.25	0.375	0.2857142857142857	ɛntɹækt	ɛntɹækt	0.14285714285714285	0.14285714285714285
enweaken	ɛnwiːkn	ɛnwikən	ɛnwikən	ɛnwikən	compound	en|weaken	0.14285714285714285	0.14285714285714285	0.14285714285714285	ɛnwikən	ɛnwikən	0.14285714285714285	0.14285714285714285
eobiont	iːəʊbaɪɒnt	iəʊbaɪɒnt	iəbɪɒnt	əʊbiɑnt	compound	e|obi|on|t	0.0	0.2857142857142857	0.5714285714285714	iəʊbiɑnt	ɪəʊbiənt	0.375	0.5
epauliere	eɪpoʊljɛɚ	ipieɪjulieə	ɛpəlieə	ɪpɔliɚ	compound	epa|uli|ere	0.8181818181818182	0.8571428571428571	0.8333333333333334	ɪpɔlie	ɪpɔlieə	1.0	0.8571428571428571
ephedrone	ɛfədɹoʊn	ɛphidɹəʊn	ɛfidɹəʊn	ɛfɪdɹəʊn	compound	ep|hed|rone	0.3333333333333333	0.125	0.125	ɛf.ədɹəʊn	ɛfɪdɹəʊn	0.1111111111111111	0.125
epicrisis	ɛpəkɹaɪsɪs	ɛpɪkɹaɪsɪs	ɛpɪkɹɪsiz	ɛpɪkɹɪsɪz	compound	epi|crisis	0.1	0.4444444444444444	0.3333333333333333	ɛpɪkɹɪsɪs	ɛpɪkɹaɪsɪs	0.2222222222222222	0.1
epidendroid	ɛpɪdɛndɹɔɪd	ɛpɪdɛndɹɔɪd	ɛpɪdɛndɹɔɪd	ɛpaɪdəndɹɔɪd	compound	epi|dendroid	0.0	0.0	0.16666666666666666	ɛpədɛndɹɔɪd	ɛpɪdəndɹɔɪd	0.09090909090909091	0.09090909090909091
epidosite	ɪpɪdəsaɪt	ɛpɪdɒsaɪt	ɛpɪdɒsaɪt	ɛpidəʊsɪt	compound	epi|dos|ite	0.2222222222222222	0.2222222222222222	0.4444444444444444	ɛpədəʊsaɪt	ɛpɪdɒsɪt	0.3	0.375
epigenome	ɛpɪdʒiːnoʊm	ɛpɪdʒinəʊm	ɛpɪdʒɛnəʊm	ɛpɪdʒənəʊm	compound	epi|genome	0.0	0.1	0.1	əpɪdʒənəʊm	ɛpɪdʒənəʊm	0.2	0.1
epimyth	ɛpɪmɪθ	ɛpɪmɪθ	ɛpɪmɪθ	ɛpəmɪθ	compound	epi|myth	0.0	0.0	0.16666666666666666	ɛpɪmɪθ	ɛpɪmɪθ	0.0	0.0
epinastine	ɛpɪnæstɪn	ɛpɪnɑstaɪn	ɛpɪnastin	ɪpinəstɪn	compound	epi|na|stine	0.2	0.2222222222222222	0.3333333333333333	əpɪnəstin	ɛpɪnɑstin	0.3333333333333333	0.2222222222222222
epiphyllospermous	ɛpɪfɪləspɜːɹməs	ɛpɪfiləʊspɜɹməs	ɛpɪfɪləspəməs	ɛpɪɪləspɚməʊs	compound	epi|phyllo|spermous	0.13333333333333333	0.15384615384615385	0.3076923076923077	ɛpəfɪləspəɹməs	ɪpɪfɪlɒspəməs	0.14285714285714285	0.3076923076923077
epirrhema	ɛpɪɹiːmə	ɛpɪɹɹɛmə	ɛpɪrhəmə	ɛpaɪɚhɛmə	compound	epi|r|rhem|a	0.25	0.375	0.4444444444444444	ɛpəɹimə	ɛpəɹimə	0.14285714285714285	0.14285714285714285
epistemai	ɛpɪstiːmaɪ	ɪpɪstiməaɪ	ɪpɪstɪmaɪ	ɛpɪstɛmeɪ	compound	epist|ema|i	0.2	0.2222222222222222	0.2222222222222222	ɛpɪsteɪmeɪ	ɪpɪstɪmaɪ	0.3	0.2222222222222222
epitapher	ɛpɪtæfɚ	ɛpɪtæfɜ	ɛpɪtafə	ɛpɪtəfɚ	compound	epitaph|er	0.14285714285714285	0.2857142857142857	0.14285714285714285	ɛpətæfɚ	ɛpɪteɪfə	0.14285714285714285	0.375
epitrochasm	ɛpɪtɹəkæzm	ɛpɪtɹɑkæzəm	ɛpɪtɹəʊkazəm	ɛpɪtɹəʊtʃɑzm	compound	epi|t|roch|asm	0.18181818181818182	0.25	0.3333333333333333	ɛp.ɪtɹəʊkæz.əm	ɛpɪtɹɒkæzəm	0.2857142857142857	0.18181818181818182
epizeuxis	ɛpɪzjuːksɪs	ɛpɪzjuksɪs	ɛpɪzjuksɪs	ɪpaɪzjuksɪz	compound	epi|zeuxis	0.0	0.0	0.2727272727272727	ɛpɪz(j)uksɪs	ɛpɪzjuksɪs	0.16666666666666666	0.0
epizoodic	ɛpɪzuːdɪk	ɛpɪzudɪk	ɛpɪzudɪk	ɪpaɪzudɪk	compound	epi|zoo|dic	0.0	0.0	0.2222222222222222	ɛpəzɑdɪk	ɛpɪzuɒdɪk	0.25	0.1111111111111111
epizoötic	ɛpɪzəwɒtɪk	ɛpɪzəwɒtɪk	ɛpɪzəɹɜtɪk	ɪpizəʊtɪk	compound	[]	0.0	0.2	0.4444444444444444	ɛpəzəʊɑɾɪk	ɛpɪzəʊɒtɪk	0.4	0.1
equiangled	iːkwɪæŋɡəld	ikwɪæŋgəld	ikwɪaŋɡəld	ɪkwiæŋɡəld	compound	equiangle|d	0.1	0.1	0.2	ɪkwaɪæŋɡəld	ikwɪæŋɡəld	0.18181818181818182	0.0
equinia	ɪkwɪniə	ikwɪniə	ɛkwɪniə	ɪkwiniə	compound	e|quinia	0.14285714285714285	0.14285714285714285	0.14285714285714285	əkwɪniə	ɪkwɪniə	0.14285714285714285	0.0
equipaged	ɛkwɪpɪdʒd	ɛkwɪpɪdʒd	ɛkwɪpɪdʒd	ɪkwɪpədʒd	compound	equipage|d	0.0	0.0	0.2222222222222222	ikwɪpədʒd	ɛkwɪpeɪdʒd	0.2222222222222222	0.1
erastai	ɛɹæstaɪ	ɛɹəztaɪ	ɪɹastaɪ	ɚæsteɪ	compound	eras|tai	0.2857142857142857	0.2857142857142857	0.5	əɹæstə	ɛɹəstaɪ	0.5	0.14285714285714285
ergonym	ɜːɹɡənɪm	ɜɹgənɪm	ɜɡənɪm	ɚɡənim	compound	ergon|ym	0.14285714285714285	0.16666666666666666	0.5	ɜɹ.ɡə.nɪm	ɜɡənɪm	0.2222222222222222	0.16666666666666666
erotesis	ɛɹətiːsɪs	ɪɹəʊtisɪs	ɪɹəʊtsiz	ɚəʊtsɪz	compound	ero|te|sis	0.2222222222222222	0.625	0.7142857142857143	əɹɑɾəsɪs	ɪɹəʊtɪsɪs	0.5	0.3333333333333333
errable	ɛɹəbəl	ɛɹəbəl	ɜɹəbəl	ɛɹəbəl	compound	erra|ble	0.0	0.16666666666666666	0.0	ɛɹəbəl	ɛɹəbəl	0.0	0.0
erudiate	ɪɹuːdieɪt	iɹudieɪt	ɛɹudɪeɪt	ɚudieɪt	compound	e|rudi|ate	0.125	0.25	0.2857142857142857	əɹudieɪt	ɪɹudɪeɪt	0.125	0.125
erythematoedematous	ɛɹəthɛmətoʊədɛmətəs	ɜɹɪθəmətuədɛməɾəs	ɜɹɪθɛmətəʊdɪmatəs	ɚɪθəmətəʊdəmətus	compound	erythema|to|edematous	0.47058823529411764	0.4117647058823529	0.5625	əɹɪθɪmætəʊdɪmætəs	ɪɹɪθɪmætəʊidmətəs	0.5294117647058824	0.47058823529411764
erythremia	ɛɹɪθɹiːmiə	ɛɹɪθɹɛmiə	ɜɹɪθɹimiə	ɚɪθɹimiə	compound	ery|th|remi|a	0.1111111111111111	0.1111111111111111	0.25	ɛɹɪθɹimɪə	ɛɹɪθɹimiə	0.1111111111111111	0.0
escapeway	ɛskeɪpweɪ	ɛskeɪpweɪ	ɛskeɪpweɪ	ɪskəpweɪ	compound	escape|way	0.0	0.0	0.375	ɛskeɪpweɪ	ɪskeɪpweɪ	0.0	0.1111111111111111
essent	ɛsənt	ɛsənt	ɛsɛnt	ɛsənt	compound	essen|t	0.0	0.2	0.0	ɛsɛnt	ɛsənt	0.2	0.0
esthesis	iːsθiːsɪs	izθisɪs	ɛsθəsɪs	ɛsθizɪz	compound	es|thesis	0.14285714285714285	0.2857142857142857	0.42857142857142855	ɛsθəsɪs	ɛsθəsɪs	0.2857142857142857	0.2857142857142857
estray	əstɹeɪ	ɛstɹeɪ	ɛstɹeɪ	ɪstɹeɪ	compound	est|ray	0.16666666666666666	0.16666666666666666	0.16666666666666666	ɛstɹeɪ	ɪstɹeɪ	0.16666666666666666	0.16666666666666666
esture	ɛstjʊɚ	ɛstjuɹ	ɛstʃə	ɪstʃɚ	compound	est|ure	0.3333333333333333	0.6	0.6	ɛst͡ʃɚ	ɛstjɔ	0.3333333333333333	0.4
ethnoreligious	ɛθnəʊɹɪlɪdʒəs	ɛðnəʊɹɪlɪdʒəs	ɛθnəʊɹɛlɪdʒəs	ɪθnɚɛlɪdʒiəʊs	compound	eth|no|religious	0.07692307692307693	0.07692307692307693	0.5384615384615384	ɛθnəʊɹəlɪdʒəs	ɛθnɔɹɪlɪdʒəs	0.07692307692307693	0.16666666666666666
ethren	ɛðɹən	ɛðɹɛn	ɛθɹən	ɪθɹən	compound	eth|ren	0.2	0.2	0.4	ɛθɹən	iθɹɛn	0.2	0.6
etymemazine	ɛtɪmɛməziːn	ɛtɪmiməzin	ɛtaɪmmazin	ɛtaɪməməzin	compound	et|ym|ema|zine	0.1	0.3	0.18181818181818182	ɛtɪməzin	ɪtaɪmməzin	0.25	0.3
ev'ry	ɛvɹi	ɛvi	ɛvɹi	ɪvɹi	compound	ev|ry	0.3333333333333333	0.0	0.25	ɛvɹi	ivɹi	0.0	0.25
evapotranspirational	ɪvæpoʊtɹænspɪɹeɪʃənəl	ɪvæpətɹænspəɹeɪʃənæl	ɪvapətɹanspəɹeɪʃənəl	ɪvæpətɹənspɚeɪʃənəl	compound	evapotranspiration|al	0.15	0.2	0.21052631578947367	eɪvəpəʊtɹænspəɹeɪʃənəl	ɪvæpətɹænspəɹeɪʃənəl	0.13636363636363635	0.1
everthang	ɛvəɹθæŋ	ɛvəthæŋ	ɛvəθaŋ	ɪvɚθæŋ	compound	evert|hang	0.2857142857142857	0.3333333333333333	0.5	ɛvɚθæŋ	ɛvəθæŋ	0.3333333333333333	0.16666666666666666
exFAT	ɛksfæt	ɛksfæt	ɛksfat	ɪɡzfət	compound	ex|fat	0.0	0.16666666666666666	0.6666666666666666	ɛksfæt	ɛksfaɪt	0.0	0.2857142857142857
examinate	ɪɡzæmɪnət	ɛɡzæmɪneɪt	ɛɡzamɪneɪt	ɪɡzæməneɪt	compound	exam|inate	0.3	0.4	0.3	ɪɡzæm.ɪ.neɪt	ɛɡzæmɪneɪt	0.3333333333333333	0.3
exanimous	ɛksænɪməs	ɛksænɪməs	ɛɡzanɪməs	ɪɡzænɪmɔs	compound	ex|animous	0.0	0.3333333333333333	0.4444444444444444	ɪgzænɪməs	ɛɡzænɪməs	0.3333333333333333	0.2222222222222222
excave	ɛkskeɪv	ɛkskeɪv	ɛkskəv	ɪkskeɪv	compound	ex|cave	0.0	0.3333333333333333	0.14285714285714285	ɛkskeɪv	ɛkskeɪv	0.0	0.0
exclay	ɛkskleɪ	ɛkskleɪ	ɛkskleɪ	ɪkskleɪ	compound	ex|clay	0.0	0.0	0.14285714285714285	ɛkskleɪ	ɛkskleɪ	0.0	0.0
exility	ɛksɪlɪti	ɛksɪlɪti	ɛɡzɪlɪti	ɪɡzɪlɪti	compound	ex|il|ity	0.0	0.25	0.375	ɪgzɪləɾi	ɛɡzɪlɪti	0.625	0.25
exomologesis	ɛksəʊməʊləʊdʒəsɪs	ɛksɒməʊləʊdʒsɪs	ɛɡzɒmələʊdʒsiz	ɪɡzɑmələdʒsɪz	compound	ex|om|olo|ge|sis	0.2	0.5714285714285714	0.6923076923076923	ɛksəmɑlədʒəsɪs	ɛɡzɒmələʊdʒisɪs	0.2857142857142857	0.4
exons	ɛksɒnz	ɛɡzɒnz	ɛɡzɒnz	ɪksənz	compound	exon|s	0.3333333333333333	0.3333333333333333	0.3333333333333333	ɛksənz	ɛksənz	0.16666666666666666	0.16666666666666666
exoterica	ɛksətɛɹɪkə	ɛksətɛɹɪkə	ɛɡzəʊtɹɪkə	ɪksəʊtɚɪkə	compound	exoteric|a	0.0	0.4	0.4	ɛksətɛɹɪkə	ɛɡzətɛɹɪkə	0.0	0.2
exotericism	ɛksətɛɹəsɪzm	ɛksətɛɹɪkɪzəm	ɛɡzəʊtɹɪsɪzəm	ɪksəʊtɚɪsɪzəm	compound	exoteric|ism	0.23076923076923078	0.46153846153846156	0.46153846153846156	ɛksətɛɹəsɪzəm	ɛɡzətɛɹɪsɪzəm	0.07692307692307693	0.3076923076923077
expeditate	ɛkspɛdɪteɪt	ɛkspɛdɪteɪt	ɛkspədɪteɪt	ɪkspɛdɪteɪt	compound	exp|edit|ate	0.0	0.09090909090909091	0.09090909090909091	ɛkspədəteɪt	ɛkspɛdɪteɪt	0.18181818181818182	0.0
explicitate	ɛksplɪsɪteɪt	ɛksplɪsɪteɪt	ɛksplɪsɪteɪt	ɪksplɪsɪteɪt	compound	explicit|ate	0.0	0.0	0.08333333333333333	ɪksplɪsɪteɪt	ɛksplɪsɪteɪt	0.08333333333333333	0.0
explicitize	ɪksplɪsɪtaɪz	ɛksplɪsɪtaɪz	ɛksplɪsɪtaɪz	ɪksplɪsɪtaɪz	compound	explicit|ize	0.08333333333333333	0.08333333333333333	0.0	ɪksplɪsɪtaɪz	ɛksplɪsɪtaɪz	0.0	0.08333333333333333
exscriptural	ɛkskɹɪptʃʊɹəl	ɛkskɹɪptjʊɹəl	ɛksskɹɪptʃəɹəl	ɪɡzskɹɪptʃɚəl	compound	exscript|ural	0.07692307692307693	0.14285714285714285	0.38461538461538464	ɛk.skɹəpt͡ʃɚ.əl	ɛkskɹɪptʃəɹəl	0.3333333333333333	0.07692307692307693
exsertile	ɛksɜːɹtaɪl	ɛksɜɹtaɪl	ɛkssɜtaɪl	ɛksɚtɪl	compound	exsert|ile	0.0	0.2222222222222222	0.42857142857142855	ɛkssɜɹɾəl	ɛksɜtaɪl	0.4444444444444444	0.125
extillation	ɛkstɪleɪʃən	ɛkstɪleɪʃən	ɛkstɪleɪʃən	ɛkstɪleɪʃən	compound	extill|ation	0.0	0.0	0.0	ɛkstɪleɪʃən	ɛkstɪleɪʃən	0.0	0.0
extracerebellar	ɛkstɹəsɛɹəbɛlɚ	ɛkstɹəsɛɹəbɛləɹ	ɛkstɹəsəɹɛbɛlə	ɛkstɹəsɚbɛlɚ	compound	extra|cerebellar	0.13333333333333333	0.21428571428571427	0.25	ɛkstɹəsɜɹəbɛləɹ	ɛkstɹeɪsəɹɪbɛlə	0.2	0.3333333333333333
extracoital	ɛkstɹəkɔɪtəl	ɛkstɹəkɔɪtəl	ɛkstɹəkɔɪtəl	ɛkstɹəkɔɪtəl	compound	extra|coital	0.0	0.0	0.0	ɛkstɹəkəʊəɾəl	ɛkstɹəkɔɪtəl	0.3076923076923077	0.0
extramedullary	ɛkstɹəmɛdəlɛɹi	ɛkstɹəmɛdələɹi	ɛkstɹəmɛdələɹi	ɛkstɹəmdʌlɚi	compound	extra|medullary	0.07142857142857142	0.07142857142857142	0.3333333333333333	ɛkstɹəmɛdʒələɹi	ɛkstɹæmɪdʌləɹi	0.13333333333333333	0.2857142857142857
extraprovincial	ɛkstɹəpɹɒvɪnʃəl	ɛkstɹəpɹəvɪnʃəl	ɛkstɹəpɹəvɪnʃəl	ɛkstɹəpɹəvənʃəl	compound	extra|provincial	0.06666666666666667	0.06666666666666667	0.13333333333333333	ɛkstɹəpɹəʊvənʃəl	ɛkstɹæpɹəvɪnʃəl	0.1875	0.13333333333333333
extrapsychic	ɛkstɹəsaɪkɪk	ɛkstɹəsaɪkɪk	ɛkstɹəsaɪkɪk	ɛkstɹəsɪtʃɪk	compound	extra|psychic	0.0	0.0	0.25	ɛkstɹəsaɪkɪk	ɛkstɹæpsɪkɪk	0.0	0.25
exulansis	ɛksəlænsɪs	ɛksjulənsɪs	ɛɡzjʊlansɪs	ɪkjələnsɪz	compound	ex|ula|n|sis	0.2727272727272727	0.45454545454545453	0.4	ɛgzulənsɪs	ɛksjʊlænsɪs	0.4	0.18181818181818182
eyeache	aɪeɪk	aɪeɪk	aɪatʃ	iətʃ	compound	eye|ache	0.0	0.6	1.25	aɪeɪk	aɪətʃ	0.0	0.6
eyebags	aɪbæɡz	aɪbæɡz	aɪbaɡz	ibæɡz	compound	eye|bags	0.0	0.16666666666666666	0.4	aɪbæɡz	aɪbæɡz	0.0	0.0
eyecatch	aɪkætʃ	aɪkætʃ	aɪkatʃ	iɪkætʃ	compound	eye|catch	0.0	0.16666666666666666	0.16666666666666666	aɪkætʃ	aɪkætʃ	0.0	0.0
eyehook	aɪhʊk	aɪhʊk	aɪhʊk	ihʊk	compound	eye|hook	0.0	0.0	0.5	aɪhʊk	aɪhʊk	0.0	0.0
eyehooks	aɪhʊks	aɪhʊks	aɪhʊks	ihʊks	compound	eye|hooks	0.0	0.0	0.4	aɪhʊks	aɪhʊks	0.0	0.0
eyesome	aɪsəm	aɪsʌm	aɪsʌm	isəm	compound	eye|some	0.2	0.2	0.5	aɪsəm	aɪsʌm	0.0	0.2
eyetracks	aɪtɹæks	aɪtɹæks	aɪtɹaks	iɛtɹæks	compound	eye|tracks	0.0	0.14285714285714285	0.2857142857142857	aɪtɹæks	aɪtɹæks	0.0	0.0
ezafe	ɛzɑːfeɪ	izɑfeɪ	ɛzeɪf	ɛzəf	compound	e|za|fe	0.16666666666666666	0.6	0.75	ɛzəfeɪ	ɪzeɪf	0.16666666666666666	0.8
f'rever	fɹɛvɚ	fɹɛvɜ	ɛfɹɛvə	fɪɹɪvɚ	compound	f|rev|er	0.2	0.3333333333333333	0.3333333333333333	ɛfɹɛvɚ	fɹɛvə	0.16666666666666666	0.2
faboo	fæbuː	fæbu	fabu	feɪbu	compound	fab|oo	0.0	0.25	0.4	fɑbəʊ	fæbu	0.6	0.0
facturd	fæktɜːɹd	fæktɜɹd	faktɜd	fæktɚd	compound	fact|urd	0.0	0.3333333333333333	0.3333333333333333	fæktɚd	fæktəd	0.3333333333333333	0.3333333333333333
fagcent	fæɡsənt	fæɡsɛnt	faɡsənt	fæɡsɛnt	compound	fag|cent	0.14285714285714285	0.14285714285714285	0.14285714285714285	fægsənt	fæɡsənt	0.14285714285714285	0.0
faineance	feɪniəns	feɪniənns	feɪnins	feɪnəns	compound	fain|ean|ce	0.1111111111111111	0.14285714285714285	0.14285714285714285	feɪnəns	feɪnəns	0.14285714285714285	0.14285714285714285
fakeaway	feɪkəweɪ	feɪkəweɪ	feɪkəweɪ	feɪkəweɪ	compound	fake|away	0.0	0.0	0.0	feɪkəweɪ	feɪkəweɪ	0.0	0.0
fakefan	feɪkfæn	feɪkfæn	feɪkfən	feɪkfən	compound	fake|fan	0.0	0.14285714285714285	0.14285714285714285	feɪkfæn	feɪkfən	0.0	0.14285714285714285
fallax	fæləks	fæləks	falaks	fælæks	compound	falla|x	0.0	0.3333333333333333	0.16666666666666666	fæləks	fælæks	0.0	0.16666666666666666
falsish	fɔːlsɪʃ	fɑlsɪʃ	fɒlsɪʃ	fælsɪʃ	compound	fa|l|sish	0.16666666666666666	0.16666666666666666	0.16666666666666666	fɔlsɪʃ	fɒlsɪʃ	0.0	0.16666666666666666
fancruft	fænkɹʌft	fænkɹʌft	faŋkɹʌft	fæŋkɹʌft	compound	fan|cruft	0.0	0.25	0.125	fæŋkɹəft	fænkɹʌft	0.25	0.0
fandub	fændʌb	fændʌb	fandʌb	fændəb	compound	fan|dub	0.0	0.16666666666666666	0.16666666666666666	fændʌb	fændʌb	0.0	0.0
faned	fænɛd	feɪnd	feɪnd	feɪnd	compound	fane|d	0.6	0.6	0.6	feɪnd	feɪnd	0.6	0.6
fanling	fænlɪŋ	fænlɪŋ	fanlɪŋ	fænlɪŋ	compound	fan|ling	0.0	0.16666666666666666	0.0	fænlɪŋ	fænlɪŋ	0.0	0.0
fanmag	fænmæɡ	fænmæɡ	fanmaɡ	fænməɡ	compound	fan|mag	0.0	0.3333333333333333	0.16666666666666666	fænmæg	fænmæɡ	0.16666666666666666	0.0
fannish	fænɪʃ	fænɪʃ	fanɪʃ	fænɪʃ	compound	fann|ish	0.0	0.2	0.0	fænɪʃ	fænɪʃ	0.0	0.0
fansub	fænsʌb	fænsʌb	fansʌb	fænsəb	compound	fan|sub	0.0	0.16666666666666666	0.16666666666666666	fænsʌb	fænsʌb	0.0	0.0
fapiao	fɑːpiaʊ	fapiəəʊ	feɪpɪə	feɪpi	compound	fap|ia|o	0.42857142857142855	0.5	0.6	fæpiəəʊ	feɪpiə	0.42857142857142855	0.3333333333333333
fausen	fɔːzən	fɔzɛn	fɔsən	fɔsən	compound	faus|en	0.2	0.2	0.2	fəsən	fɔzən	0.4	0.0
faussebraye	fəʊsbɹeɪ	fɔsɛbɹeɪ	fɔsɪbɹeɪ	fɔsəbɹeɪ	compound	fauss|eb|raye	0.375	0.375	0.375	fɔsɪbɹeɪ	fɔsbɹeɪ	0.375	0.2857142857142857
fauxgasm	foʊɡæzəm	fəʊɡæsm	fɔksɡazəm	fɔəɡəzm	compound	faux|gas|m	0.2857142857142857	0.4444444444444444	0.5714285714285714	fəʊgæzəm	fɒksɡæzəm	0.125	0.3333333333333333
fauxgressive	fəʊɡɹɛsɪv	fəʊɡɹɛsaɪv	fɔksɡɹɪsɪv	fɔəɡɹɛsɪv	compound	faux|gress|ive	0.1	0.4	0.2222222222222222	fəʊgɹɛsɪv	fɒksɡɹɛsɪv	0.1111111111111111	0.3
fauxnetic	fəʊnɛtɪk	fəʊnɛtis	fɔksnɛtɪk	fɔənɛtɪk	compound	faux|neti|c	0.25	0.3333333333333333	0.25	fəʊnɛtɪk	fɔksnɛtɪk	0.0	0.3333333333333333
fauxtograph	fəʊtəɡɹɑːf	fəʊtuɡɹæf	fɔkstəɡɹaf	fɔktəɡɹəf	compound	faux|to|graph	0.2222222222222222	0.4	0.3333333333333333	fəʊkstəʊgɹæf	fɒkstəɡɹæf	0.4166666666666667	0.4
feastware	fiːstwɛɚ	fistwɛɹ	fistweə	fɛstwɔɹ	compound	feast|ware	0.14285714285714285	0.2857142857142857	0.42857142857142855	fistwɛɹ	fistweə	0.14285714285714285	0.2857142857142857
feedbacking	fidbækɪŋ	fidbækɪŋ	fidbakɪŋ	fidbækɪŋ	compound	feedback|ing	0.0	0.125	0.0	fidbækɪŋ	fidbækɪŋ	0.0	0.0
feelie	fiːli	fili	fili	fili	compound	feel|ie	0.0	0.0	0.0	fili	fili	0.0	0.0
feignings	feɪnɪŋz	feɪnɪŋz	feɪnɪŋz	faɪnɪŋz	compound	feigning|s	0.0	0.0	0.14285714285714285	feɪnɪŋz	feɪnɪŋz	0.0	0.0
fembitch	fɛmbɪtʃ	fɛmbɪtʃ	fɛmbɪtʃ	fɛmbɪtʃ	compound	fem|bitch	0.0	0.0	0.0	fɛmbɪt͡ʃ	fɛmbɪtʃ	0.125	0.0
femcel	fɛmsɛl	fɛmsɛl	fɛmsəl	fɛmsəl	compound	fem|cel	0.0	0.16666666666666666	0.16666666666666666	fɛmsəl	fɛmsəl	0.16666666666666666	0.16666666666666666
femcunt	fɛmkʌnt	fɛmkʌnt	fɛmkʌnt	fɛmkʌnt	compound	fem|cunt	0.0	0.0	0.0	fɛmkʌnt	fɛmkʌnt	0.0	0.0
femfan	fɛmfæn	fɛmfæn	fɛmfən	fɛmfən	compound	fem|fan	0.0	0.16666666666666666	0.16666666666666666	fɛmfən	fɛmfən	0.16666666666666666	0.16666666666666666
femtech	fɛmtɛk	fɛmtɛk	fɛmtɛk	fɛmtɪk	compound	fem|tech	0.0	0.0	0.16666666666666666	fɛmtɛk	fɛmtɛk	0.0	0.0
fencamfamine	fɛnkæmfəmiːn	fɛnkæmfæmɪn	fɛŋkamfəmin	fɛŋkæmfəmɪn	compound	fen|cam|famine	0.18181818181818182	0.18181818181818182	0.18181818181818182	fɛnkæmfəmin	fɛnkæmfæmɪn	0.0	0.18181818181818182
fenpropimorph	fɛnpɹoʊpɪmɔːɹf	fɛnpɹɒpaɪmɔɹf	fɛnpɹəpɪmɔf	fɛnpɹəpimɔɹf	compound	fen|prop|i|morph	0.23076923076923078	0.18181818181818182	0.16666666666666666	fɛnpɹəʊpɪmɔɹf	fɛnpɹəpɪmɔf	0.0	0.18181818181818182
ferine	fɪəɹaɪn	feɪɹaɪn	fɛɹin	fɚin	compound	fe|rine	0.2857142857142857	0.8	1.25	fɚini	fɛɹɪn	1.2	0.6
fermillet	fɜːɹmɪlət	fɜmɪlɪt	fɜmɪlɪt	fɚməlɪt	compound	fer|millet	0.2857142857142857	0.2857142857142857	0.5714285714285714	fɜɹmɪlɪt	fɜmɪlɛt	0.125	0.2857142857142857
fernet	fəɹnɛt	fɜnɛt	fɜnɪt	fɚnɪt	compound	fern|et	0.4	0.6	0.6	fɚnɪt	fɜnɪt	0.6	0.6
ferril	fɛɹil	fɛɹil	fɛɹəl	fɛɹɪl	compound	ferri|l	0.0	0.2	0.2	fɛɹəl	fɛɹəl	0.2	0.2
ferryl	fɛɹəl	fɛɹil	fɛɹɪl	fɛɹɪl	compound	ferry|l	0.2	0.2	0.2	fɛɹəl	fɛɹɪl	0.0	0.2
fewtrils	fjuːtɹɪlz	fjutɹaɪlz	fjutɹəlz	fətɹəlz	compound	few|tri|l|s	0.1111111111111111	0.125	0.42857142857142855	fjutɹəlz	fjutɹɪlz	0.125	0.0
fibrocollagenous	faɪbɹoʊkəlædʒɪnəs	faɪbɹəʊkɒleɪdʒənəs	fɪbɹəkɒleɪdʒnəs	fɪbɹəʊkələdʒənəs	compound	fibro|collagen|ous	0.2222222222222222	0.4	0.1875	faɪbɹəʊkɑlədʒənəs	fɪbɹəʊkɒlɪdʒnəs	0.17647058823529413	0.26666666666666666
fictious	fɪkʃəs	fɪkʃəs	fɪkʃəs	fɪkʃus	compound	fic|tious	0.0	0.0	0.16666666666666666	fɪkʃəs	fɪkʃəs	0.0	0.0
fiendess	fiːndɛs	findɛs	findɛs	findɪs	compound	fiend|ess	0.0	0.0	0.16666666666666666	findɪs	findəs	0.16666666666666666	0.16666666666666666
figlet	fɪɡlət	fɪɡlɛt	fɪɡlɪt	fɪɡəlt	compound	fig|let	0.16666666666666666	0.16666666666666666	0.3333333333333333	fɪglət	fɪɡlət	0.16666666666666666	0.0
filicoid	fɪlɪkɔɪd	fɪlɪkɔɪd	fɪlɪkɔɪd	fɪlɪkɪd	compound	fil|ic|oid	0.0	0.0	0.14285714285714285	fɪləkɔɪd	fɪlɪkɔɪd	0.125	0.0
filk	fɪlk	fɪlk	fɪlk	fɪlk	compound	fil|k	0.0	0.0	0.0	fɪlk	fɪlk	0.0	0.0
filmings	fɪlmɪŋz	fɪlmɪŋz	fɪlmɪŋz	fɪlmɪŋz	compound	filming|s	0.0	0.0	0.0	fɪlmɪŋz	fɪlmɪŋz	0.0	0.0
filé	fɪleɪ	fɪleɪ	fɪleɪ	fɪl	compound	[]	0.0	0.0	0.6666666666666666	fɪleɪ	faɪleɪ	0.0	0.16666666666666666
fingy	fɪndʒi	fɪnʒi	fɪŋi	fɪŋi	compound	fin|gy	0.2	0.75	0.75	fɪŋi	fɪŋi	0.75	0.75
finishings	fɪnɪʃɪŋz	fɪnɪʃɪŋz	fɪnɪʃɪŋz	fɪnɪʃɪŋz	compound	finishing|s	0.0	0.0	0.0	fɪnɪʃɪŋz	fɪnɪʃɪŋz	0.0	0.0
finos	fiːnəʊz	finəʊz	finəʊz	finəʊz	compound	fino|s	0.0	0.0	0.0	faɪnəʊz	faɪnəʊz	0.2857142857142857	0.2857142857142857
fipexide	fɪpɛksaɪd	faɪpɛksaɪd	faɪpksaɪd	faɪpɛksɪd	compound	fi|p|exide	0.1	0.2222222222222222	0.2222222222222222	faɪpɛksaɪd	faɪpɛksaɪd	0.1	0.1
firgun	fɪəɹɡuːn	fɜɡʌn	fɜɡʌn	fɚɡən	compound	fir|gun	0.8	0.8	0.8	fɜɹgʌn	fɜɡʌn	0.6666666666666666	0.8
firstest	fɜːstəst	fɜstɛst	fɜstɪst	fɚstɛst	compound	first|est	0.14285714285714285	0.14285714285714285	0.2857142857142857	fɜɹstəst	fɜstəst	0.125	0.0
fishhead	fɪʃhɛd	fɪʃhɛd	fɪʃhɛd	fɪʃhid	compound	fish|head	0.0	0.0	0.16666666666666666	fɪʃhɛd	fɪʃhɛd	0.0	0.0
fistmele	fɪstmiːl	fɪstmil	fɪstmɛl	fɪstmɛl	compound	fist|mele	0.0	0.14285714285714285	0.14285714285714285	fɪstmɛl	fɪstmɛl	0.14285714285714285	0.14285714285714285
fivepence	faɪvpɛns	faɪvpɛns	faɪvpəns	faɪvpəns	compound	five|pence	0.0	0.125	0.125	faɪvpɛns	faɪvpəns	0.0	0.125
fixme	fɪksmi	fɪksmi	fɪksmɪ	fɪksm	compound	fix|me	0.0	0.16666666666666666	0.2	fɪksm	fɪksmi	0.2	0.0
fizzings	fɪzɪŋz	fɪzɪŋz	fɪzɪŋz	fɪzɪŋz	compound	fizzing|s	0.0	0.0	0.0	fɪzɪŋz	fɪzɪŋz	0.0	0.0
flagrate	fləɡɹeɪt	flæɡɹeɪt	flaɡɹeɪt	flæɡɹeɪt	compound	flag|rate	0.125	0.125	0.125	fleɪgɹeɪt	flæɡɹeɪt	0.3333333333333333	0.125
flailings	fleɪlɪŋz	fleɪlɪŋz	fleɪlɪŋz	fleɪlɪŋz	compound	flailing|s	0.0	0.0	0.0	fleɪlɪŋz	fleɪlɪŋz	0.0	0.0
flakings	fleɪkɪŋz	fleɪkɪŋz	fleɪkɪŋz	fleɪkɪŋz	compound	flaking|s	0.0	0.0	0.0	fleɪkɪŋz	fleɪkɪŋz	0.0	0.0
flamings	fleɪmɪŋz	fleɪmɪŋz	fleɪmɪŋz	flæmɪŋz	compound	flaming|s	0.0	0.0	0.2857142857142857	fleɪmɪŋz	fleɪmɪŋz	0.0	0.0
flapcake	flæpkeɪk	flæpkeɪk	flapkeɪk	flæpkeɪk	compound	flap|cake	0.0	0.125	0.0	flæpkeɪk	flæpkeɪk	0.0	0.0
flappings	flæpɪŋz	flæpɪŋz	flapɪŋz	flæpɪŋz	compound	flapping|s	0.0	0.14285714285714285	0.0	flæpɪŋz	flæpɪŋz	0.0	0.0
flatpick	flætpɪk	flætpɪk	flatpɪk	flætpɪk	compound	flat|pick	0.0	0.14285714285714285	0.0	flætpɪk	flætpɪk	0.0	0.0
flatpicking	flætpɪkɪŋ	flætpɪkɪŋ	flatpɪkɪŋ	flætpɪkɪŋ	compound	flat|picking	0.0	0.1111111111111111	0.0	flætpɪkɪŋ	flætpɪkɪŋ	0.0	0.0
flavescence	fləvɛsəns	flavɛsəns	fleɪvsəns	fleɪvɛsəns	compound	flav|escence	0.1111111111111111	0.3333333333333333	0.2	fləvɛsəns	fləvɛsəns	0.0	0.0
fleckings	flɛkɪŋz	flɛkɪŋz	flɛkɪŋz	flɛkɪŋz	compound	flecking|s	0.0	0.0	0.0	flɛkɪŋz	flɛkɪŋz	0.0	0.0
fleischig	flaɪʃɪɡ	flaɪʃaɪg	flɛskɪɡ	flɛʃɪɡ	compound	fleisch|i|g	0.25	0.42857142857142855	0.3333333333333333	flaɪʃɪg	flaɪʃɪɡ	0.14285714285714285	0.0
fleshie	flɛʃi	flɛʃi	flɛʃi	flɛʃi	compound	flesh|ie	0.0	0.0	0.0	flɛʃi	flɛʃi	0.0	0.0
flexings	flɛksɪŋz	flɛksɪŋz	flɛksɪŋz	flɛksɪŋz	compound	flexing|s	0.0	0.0	0.0	flɛksɪŋz	flɛksɪŋz	0.0	0.0
fley	fleɪ	fleɪ	fleɪ	fli	compound	f|ley	0.0	0.0	0.6666666666666666	fleɪ	fleɪ	0.0	0.0
flibbergib	flɪbəɹdʒɪb	flɪbədʒɪb	flɪbədʒɪb	flɪbɚɡɪb	compound	f|libber|gib	0.1111111111111111	0.1111111111111111	0.5	flɪbəɹd͡ʒɪb	flɪbədʒɪb	0.09090909090909091	0.1111111111111111
flickings	flɪkɪŋz	flɪkɪŋz	flɪkɪŋz	flɪkɪŋz	compound	flicking|s	0.0	0.0	0.0	flɪkɪŋz	flɪkɪŋz	0.0	0.0
flisk	flɪsk	flɪsk	flɪsk	flɪsk	compound	flis|k	0.0	0.0	0.0	flɪsk	flɪsk	0.0	0.0
floriage	flɔːɹiədʒ	flɔɹiədʒ	flɒɹɪdʒ	flɔɹiədʒ	compound	floria|ge	0.0	0.42857142857142855	0.0	flɔɹ.i.əd͡ʒ	flɔɹɪdʒ	0.2727272727272727	0.2857142857142857
flosequinan	fləsɛkwɪnæn	fləʊsɛkwɪnən	fləʊskwɪnən	fləʊsəkwɪnən	compound	flo|sequin|an	0.16666666666666666	0.2727272727272727	0.25	fləʊskwɪnən	fləʊskwɪnən	0.2727272727272727	0.2727272727272727
fluffings	flʌfɪŋz	flʌfɪŋz	flʌfɪŋz	flʌfɪŋz	compound	fluffing|s	0.0	0.0	0.0	flʌfɪŋz	flʌfɪŋz	0.0	0.0
flufftail	flʌfteɪl	flʌfteɪl	flʌftəl	flʌfteɪl	compound	fluff|tail	0.0	0.2857142857142857	0.0	flʌfteɪl	flʌfteɪl	0.0	0.0
fluidous	fluːɪdəs	fluɪdəs	fluɪdəs	fludəs	compound	fluid|ous	0.0	0.0	0.16666666666666666	fluɪdəs	fluɪdəs	0.0	0.0
fluphenazine	fluːfɛnəziːn	flufənæzin	flʌfənazin	flʌfənəzɪn	compound	flu|phen|azine	0.2	0.3	0.3	flufɛn.əzin	flufənəzin	0.09090909090909091	0.1
fmz	fɛmz	fmz	ɛfɛmzɛd	fmz	compound	f|m|z	0.3333333333333333	0.42857142857142855	0.3333333333333333	ɛfmɪz	ɛfɛmzɛt	0.6	0.42857142857142855
fnord	fnɔːɹd	fnɔɹd	ɛfnɔd	fnɔɹd	compound	f|nord	0.0	0.4	0.0	fnɔɹd	fnɔd	0.0	0.25
fo'c'sle	fəʊksəl	fkzlə	fɒksəl	fəʊksəl	compound	f|oc|s|le	1.0	0.3333333333333333	0.0	fəʊk.səl	fəʊksəl	0.125	0.0
foilings	fɔɪlɪŋz	fɔɪlɪŋz	fɔɪlɪŋz	fɔɪlɪŋz	compound	foiling|s	0.0	0.0	0.0	fɔɪlɪŋz	fɔɪlɪŋz	0.0	0.0
foin	fɔɪn	fɔɪn	fɔɪn	fɔɪn	compound	f|oi|n	0.0	0.0	0.0	fɔɪn	fɔɪn	0.0	0.0
fook	fuːk	fuk	fʊk	fʊk	compound	foo|k	0.0	0.3333333333333333	0.3333333333333333	fʊk	fʊk	0.3333333333333333	0.3333333333333333
foolings	fuːlɪŋz	fulɪŋz	fulɪŋz	fulɪŋz	compound	fooling|s	0.0	0.0	0.0	fulɪŋz	fulɪŋz	0.0	0.0
foramens	fəɹeɪmɛnz	fɔɹeɪmɛnz	fɔɹeɪmɛnz	fɔɹəmənz	compound	foramen|s	0.1111111111111111	0.1111111111111111	0.5	fɔɹəmɛnz	fɒɹəmɛnz	0.375	0.375
forecaution	fɔːɹkɔːʃən	fɔkɔʃən	fɔkɔʃən	fɔɹɪkəʃən	compound	fore|caution	0.14285714285714285	0.14285714285714285	0.2222222222222222	fɔɹkɔʃən	fɔkɔʃən	0.0	0.14285714285714285
forelend	fɔːɹlɛnd	fɔɹlɛnd	fɔlɛnd	fɔɹlənd	compound	forel|end	0.0	0.16666666666666666	0.14285714285714285	fɔɹlɛnd	fɔlənd	0.0	0.3333333333333333
forpine	fəɹpaɪn	fɔpaɪn	fɔpaɪn	fɔɹpɪn	compound	for|pine	0.3333333333333333	0.3333333333333333	0.3333333333333333	fɔɹpaɪn	fɔpaɪn	0.14285714285714285	0.3333333333333333
forstop	fəɹstɒp	fɔɹstɑp	fɔstɒp	fɔɹstəp	compound	forst|op	0.2857142857142857	0.3333333333333333	0.2857142857142857	fɔɹstɑp	fɔstɒp	0.2857142857142857	0.3333333333333333
fortilage	fɔːɹtilidʒ	fɔɹtileɪdʒ	fɔtɪlɪdʒ	fɔɹtɪlədʒ	compound	forti|lage	0.2	0.375	0.2222222222222222	fɔɹɾəlɪdʒ	fɔtɪlɪdʒ	0.3333333333333333	0.375
fortyish	fɔːɹtiɪʃ	fɔtiɪʃ	fɔtɪɪʃ	fɔɹtaɪɪʃ	compound	forty|ish	0.16666666666666666	0.3333333333333333	0.25	fɔɹɾiɪʃ	fɔtɪɪʃ	0.14285714285714285	0.3333333333333333
foxboy	fɔksbɔɪ	fɒksbɔɪ	fɒksbɔɪ	fɑksbɔɪ	compound	fox|boy	0.14285714285714285	0.14285714285714285	0.14285714285714285	fɑksbɔɪ	fɒksbɔɪ	0.14285714285714285	0.14285714285714285
fractionality	fɹækʃənælɪti	fɹækʃənəlɪti	fɹakʃənalɪti	fɹækʃənəlɪti	compound	fractional|ity	0.08333333333333333	0.16666666666666666	0.08333333333333333	fɹækʃənæləɾi	fɹækʃənælɪti	0.16666666666666666	0.0
fractionization	fɹækʃənɪzeɪʃən	fɹækʃənaɪzeɪʃən	fɹakʃənaɪzeɪʃən	fɹækʃənɪzeɪʃən	compound	fraction|ization	0.06666666666666667	0.13333333333333333	0.0	fɹækʃənəzeɪʃən	fɹækʃənaɪzeɪʃən	0.07142857142857142	0.06666666666666667
frampold	fɹæmpəld	fɹæmpɔld	fɹampəʊld	fɹæmpəʊld	compound	fram|pol|d	0.125	0.2222222222222222	0.1111111111111111	fɹæmpəʊld	fɹæmpəʊld	0.1111111111111111	0.1111111111111111
frankenpies	fɹæŋkənpaɪz	fɹæŋkənpaɪz	fɹaŋkɛnpiz	fɹæŋkɛnpiz	compound	frankenpie|s	0.0	0.4	0.3	fɹæŋkənpaɪz	fɹæŋkənpɪz	0.0	0.1
fraulein	fɹaʊliːn	fɹəlin	fɹɔlin	fɹɔlin	compound	frau|lein	0.0	0.16666666666666666	0.16666666666666666	fɹəlaɪn	fɹɔlɪn	0.2857142857142857	0.3333333333333333
freakings	fɹiːkɪŋz	fɹikɪŋz	fɹikɪŋz	fɹikɪŋz	compound	freaking|s	0.0	0.0	0.0	fɹikɪŋz	fɹikɪŋz	0.0	0.0
frecency	fɹiːsənsi	fɹisənsi	fɹɛsənsi	fɹɪsənsi	compound	f|recency	0.0	0.125	0.125	fɹisənsi	fɹisənsi	0.0	0.0
freedumb	fɹiːdʌm	fɹidʌm	fɹidʌm	fɹidʌm	compound	free|dumb	0.0	0.0	0.0	fɹidʌm	fɹidʌm	0.0	0.0
freeminer	fɹiːmaɪnə	fɹimaɪnə	fɹimɪnə	fɹimɪnɚ	compound	free|miner	0.0	0.14285714285714285	0.2857142857142857	fɹimaɪnəɹ	fɹimɪnə	0.1111111111111111	0.14285714285714285
fren	fɹɛn	fɹɛn	fɹɛn	fɹɛn	compound	f|ren	0.0	0.0	0.0	fɹɛn	fɹɛn	0.0	0.0
frettings	fɹɛtɪŋz	fɹɛtɪŋz	fɹɛtɪŋz	fɹɛtɪŋz	compound	fretting|s	0.0	0.0	0.0	fɹɛɾɪŋz	fɹɛtɪŋz	0.14285714285714285	0.0
frice	fɹaɪs	fɹaɪs	fɹaɪs	fɹaɪs	compound	f|rice	0.0	0.0	0.0	fɹaɪs	fɹaɪs	0.0	0.0
friendish	fɹɛndɪʃ	fɹɛndɪʃ	fɹɛndɪʃ	fɹindɪʃ	compound	friend|ish	0.0	0.0	0.14285714285714285	fɹindɪʃ	fɹɛndɪʃ	0.14285714285714285	0.0
frigatebird	fɹɪɡətbɝd	fɹɪɡətbɜd	fɹɪɡeɪtbɜd	fɹɪɡeɪtbɚd	compound	frigate|bird	0.1111111111111111	0.3	0.3	fɹɪgətbɜɹd	fɹaɪɡeɪtbɜd	0.3	0.36363636363636365
frigolabile	fɹɪɡəleɪbaɪl	fɹiɡəʊleɪbaɪl	fɹɪɡəlabaɪl	fɹɪɡəʊləbɪl	compound	frigo|labile	0.15384615384615385	0.18181818181818182	0.36363636363636365	fɹɪɡəleɪbaɪl	fɹɪɡələbaɪl	0.0	0.18181818181818182
frikadelle	fɹɪkədɛlə	fɹɪkədɛl	fɹɪkeɪdɛl	fɹaɪkədəl	compound	f|rik|adelle	0.125	0.3333333333333333	0.3333333333333333	fɹɪkədɛl	fɹɪkədɛl	0.125	0.125
fringefan	fɹɪndʒfæn	fɹɪndʒfæn	fɹɪndʒɛfən	fɹɪndʒfən	compound	fringe|fan	0.0	0.2	0.1111111111111111	fɹɪndʒfæn	fɹɪŋɡɪfæn	0.0	0.3333333333333333
friskings	fɹɪskɪŋz	fɹɪskɪŋz	fɹɪskɪŋz	fɹɪskɪŋz	compound	frisking|s	0.0	0.0	0.0	fɹɪskɪŋz	fɹɪskɪŋz	0.0	0.0
fromwards	fɹɒmwəɹdz	fɹɒmwɔɹdz	fɹɒmwədz	fɹɑmwɚdz	compound	from|wards	0.1111111111111111	0.125	0.375	fɹɒmwədz	fɹʌmwədz	0.125	0.25
frontbend	fɹʌntbɛnd	fɹʌntbɛnd	fɹʌntbɛnd	fɹɔntbɛnd	compound	front|bend	0.0	0.0	0.1111111111111111	fɹʌntbɛnd	fɹʌntbɛnd	0.0	0.0
frontings	fɹʌntɪŋz	fɹʌntɪŋz	fɹʌntɪŋz	fɹɑntɪŋz	compound	fronting|s	0.0	0.0	0.125	fɹʌntɪŋz	fɹʌntɪŋz	0.0	0.0
frontness	fɹʌntnɪs	fɹʌntnes	fɹʌntnəs	fɹəntnəs	compound	front|ness	0.125	0.125	0.25	fɹʌntnəs	fɹʌntnəs	0.125	0.125
frontotemporal	fɹʌntəʊtɛmpəɹəl	fɹʌntəʊtɛmpəɹəl	fɹʌntəʊtmpəɹəl	fɹɑntəʊtmpɚəl	compound	front|o|temporal	0.0	0.07142857142857142	0.3076923076923077	fɹʌntəʊtɛmpəɹəl	fɹʌntəʊtɛmpəɹəl	0.0	0.0
frutage	fɹuːtədʒ	fɹutədʒ	fɹutɪdʒ	fɹutɪdʒ	compound	f|ruta|ge	0.0	0.14285714285714285	0.14285714285714285	fɹutɪdʒ	fɹutɪdʒ	0.14285714285714285	0.14285714285714285
fuckedupedness	fʌktʌpɪdnɪs	fʌktʌpɛdnes	fʌkɪdjuptnəs	fʌkɪdʒupɛdnəs	compound	fucked|up|ed|ness	0.18181818181818182	0.5833333333333334	0.46153846153846156	fʌkɪdʌpɪdnəs	fʌkɪdjupɪdnəs	0.25	0.38461538461538464
fuckhole	fʌkhɔl	fʌkhəʊl	fʌkhəʊl	fʌkhəʊl	compound	fuck|hole	0.2857142857142857	0.2857142857142857	0.2857142857142857	fʌkhəʊl	fʌkhəʊl	0.2857142857142857	0.2857142857142857
fuckings	fʌkɪŋz	fʌkɪŋz	fʌkɪŋz	fʌkɪŋz	compound	fucking|s	0.0	0.0	0.0	fʌkɪŋz	fʌkɪŋz	0.0	0.0
fucknozzle	fʌknɒzəl	fʌknɒzəl	fʌknɒzəl	fʌknəzəl	compound	fuck|nozzle	0.0	0.0	0.125	fʌknɑzəl	fʌknɒzəl	0.125	0.0
fucktastic	fʌktæstɪk	fʌktæstɪk	fʌkteɪstɪk	fʌktæstɪk	compound	fuck|tastic	0.0	0.2	0.0	fʌktæstɪk	fʌktæstɪk	0.0	0.0
fuckton	fʌktʌn	fʌktʌn	fʌktən	fʌktən	compound	fuck|ton	0.0	0.16666666666666666	0.16666666666666666	fʌktən	fʌktən	0.16666666666666666	0.16666666666666666
fuckup	fʌkʌp	fʌkʌp	fʌkʌp	fʌkəp	compound	fuck|up	0.0	0.0	0.2	fʌkʌp	fʌkʌp	0.0	0.0
fuckwaffle	fʌkwɒfəl	fʌkwɒfəl	fʌkwɒfəl	fʌkwəfəl	compound	fuck|waffle	0.0	0.0	0.125	fʌk.wɑ.fəl	fʌkwɒfəl	0.3	0.0
fufufu	fuːfuːfuː	fufufu	fjufufu	fjufjufu	compound	fufu|fu	0.0	0.14285714285714285	0.25	fufufu	fjufjufu	0.0	0.25
fujimycin	fuːdʒɪmaɪsɪn	fudʒimaɪsɪn	fudʒɪmaɪsɪn	fudʒəmɪsɪn	compound	fuji|my|cin	0.09090909090909091	0.0	0.2	fudʒɪmɪsɪn	fjudʒɪmɪsɪn	0.1	0.18181818181818182
fullz	fʊlz	fʊlz	fʊlz	fʊlz	compound	full|z	0.0	0.0	0.0	fʊlz	fʊlz	0.0	0.0
fulmine	fʊlmɪn	fʊlmaɪn	fʊlmaɪn	fʌlmɪn	compound	ful|mine	0.14285714285714285	0.14285714285714285	0.16666666666666666	fʊlmaɪn	fʊlmaɪn	0.14285714285714285	0.14285714285714285
fulth	fʊlθ	fʊlθ	fʊlθ	fʌlθ	compound	ful|th	0.0	0.0	0.25	fʊlθ	fʌlθ	0.0	0.25
fulvid	fʊlvɪd	fʊlvɪd	fʊlvɪd	fʊlvɪd	compound	ful|vid	0.0	0.0	0.0	fʌlvɪd	fʌlvɪd	0.16666666666666666	0.16666666666666666
fumings	fjuːmɪŋz	fjumɪŋz	fjumɪŋz	fjumɪŋz	compound	fuming|s	0.0	0.0	0.0	fjumɪŋz	fjumɪŋz	0.0	0.0
fundings	fʌndɪŋz	fʌndɪŋz	fʌndɪŋz	fʌndɪŋz	compound	funding|s	0.0	0.0	0.0	fʌndɪŋz	fʌndɪŋz	0.0	0.0
funemployed	fʌnɪmplɔɪd	fʌnɛmplɔɪd	fʌnɪmplɔɪd	fjunəmplɔɪd	compound	fun|employed	0.1	0.0	0.2727272727272727	fʌnɛmplɔɪd	fjunɪmplɔɪd	0.1	0.18181818181818182
funktastic	fʌŋktæstɪk	fʌŋktæstɪk	fʌŋkteɪstɪk	fʌŋktæstɪk	compound	funk|tastic	0.0	0.18181818181818182	0.0	fʌŋktæstɪk	fʌŋktɑstɪk	0.0	0.1
fuqaha'	fukɑhɑ	fukwɑhɑ	fjukɑhə	fjukə	compound	fu|q|aha	0.14285714285714285	0.2857142857142857	0.8	fʊkɑhə	fjukəhɑ	0.3333333333333333	0.2857142857142857
furazabol	fʊɹæzəbɒl	fuɹæzəbɑl	fjʊəɹəzabɒl	fʊɹəzəbəʊl	compound	fu|raza|bol	0.2222222222222222	0.36363636363636365	0.3	fjʊɹɑzəbɔl	fjɔɹəzæbɒl	0.3	0.4
furfurous	fɜːɹfəɹəs	fɜfəəs	fɜfjʊəɹəs	fɚfɚəs	compound	furfur|ous	0.3333333333333333	0.3333333333333333	0.6666666666666666	fɜɹfjəɹəs	fɜfjəɹəs	0.1111111111111111	0.25
fusings	fjuːzɪŋz	fjuzɪŋz	fjuzɪŋz	fjusɪŋz	compound	fusing|s	0.0	0.0	0.14285714285714285	fjuzɪŋz	fjuzɪŋz	0.0	0.0
fussbutton	fʌsbʌtn	fʌsbʌtən	fʌsbʌtən	fʌsbʌtən	compound	fuss|button	0.125	0.125	0.125	fʌsbʌtən	fʊsbʌtən	0.125	0.25
fussings	fʌsɪŋz	fʌsɪŋz	fʌsɪŋz	fʌsɪŋz	compound	fussing|s	0.0	0.0	0.0	fʌsɪŋz	fʌsɪŋz	0.0	0.0
fuzzyheadedness	fʌzihɛdɪdnəs	fʌzihɛdɪdnes	fʌzɪhɛdɪdnəs	fʌzihidɪdnəs	compound	fuzzy|headed|ness	0.08333333333333333	0.08333333333333333	0.08333333333333333	fʌzihɛdᵻdnəs	fʌzɪhɛdɪdnəs	0.08333333333333333	0.08333333333333333
fœtid	fɛtɪd	fɛtɪd	fitɪd	ftɪd	compound	[]	0.0	0.2	0.25	fɛɾɪd	fɛtɪd	0.2	0.0
g'bye	ɡəbaɪ	gbaɪ	dʒibaɪ	ɡzbi	compound	g|bye	0.5	0.5	0.75	dʒibaɪ	dʒbaɪ	0.5	0.4
g'day	ɡədeɪ	gdeɪ	dʒideɪ	ɡɪdeɪ	compound	g|day	0.5	0.5	0.2	gədeɪ	ɡeɪdeɪ	0.2	0.3333333333333333
g'night	ɡənaɪt	gnaɪt	dʒinaɪt	ɡɪnaɪt	compound	g|night	0.4	0.42857142857142855	0.16666666666666666	gənaɪt	ɡnaɪt	0.16666666666666666	0.2
gadsbud	ɡædzbʌd	ɡædzbʌd	ɡadsbʌd	ɡædzbʌd	compound	gads|bud	0.0	0.2857142857142857	0.0	gædzbʌd	ɡædsbʌd	0.14285714285714285	0.14285714285714285
gaggings	ɡæɡɪŋz	ɡæɡɪŋz	ɡaɡɪŋz	ɡæɡɪŋz	compound	gagging|s	0.0	0.16666666666666666	0.0	gægɪŋz	ɡæɡɪŋz	0.3333333333333333	0.0
gagsmith	ɡæɡsmɪθ	ɡæɡsmɪθ	ɡaɡsmɪθ	ɡæɡzmɪθ	compound	gag|smith	0.0	0.14285714285714285	0.14285714285714285	gægsmɪθ	ɡæɡsmɪθ	0.2857142857142857	0.0
gaiwan	ɡaɪwɑːn	ɡeɪwæn	ɡeɪwən	ɡeɪwən	compound	gai|wan	0.3333333333333333	0.3333333333333333	0.3333333333333333	gaɪwən	ɡeɪwən	0.3333333333333333	0.3333333333333333
gallification	ɡɑlɪfɪkeɪʃən	ɡɔlɪfɪkeɪʃən	ɡalɪfɪkeɪʃən	ɡælɪfɪkeɪʃən	compound	gall|ification	0.08333333333333333	0.08333333333333333	0.08333333333333333	gæləfəkeɪʃən	ɡælɪfɪkeɪʃən	0.3333333333333333	0.08333333333333333
gallitrap	ɡælɪtɹæp	ɡælitɹæp	ɡalɪtɹap	ɡælɪtɹəp	compound	galli|trap	0.125	0.25	0.125	gælɪtɹæp	ɡælɪtɹæp	0.125	0.0
galyak	ɡæljæk	ɡæljæk	ɡalɪak	ɡəljək	compound	gal|yak	0.0	0.5	0.3333333333333333	gæljæk	ɡæljæk	0.16666666666666666	0.0
gammaproteobacterial	ɡæməpɹəʊtiəʊbæktɪəɹiəl	ɡæməpɹəʊtəʊbæktiəɹɪəl	ɡaməpɹəʊtəbəktiəɹiəl	ɡæməpɹəʊtəʊbæktɛɹiəl	compound	gamma|prote|o|bacterial	0.14285714285714285	0.25	0.15	gæməpɹəʊbæktɪɹiəl	ɡæməpɹəʊtiəʊbæktiəɹɪəl	0.35294117647058826	0.09090909090909091
gammaretroviral	ɡæməɹɛtɹəvaɪɹəl	ɡæməɹɛtɹəʊvaɪɹəl	ɡaməɹɛtɹəvɜɹəl	ɡæmɚɛtɹəvɚəl	compound	gamma|retroviral	0.0625	0.21428571428571427	0.4166666666666667	gæməɹɛtɹəʊvaɪɹəl	ɡæməɹɛtɹəvaɪəɹəl	0.125	0.0625
gamme	ɡeɪmiː	ɡæmi	ɡam	ɡæm	compound	gamm|e	0.5	1.0	1.0	gæm	ɡæm	1.3333333333333333	1.0
gangbang	ɡæŋbæŋ	ɡæŋbæŋ	ɡaŋbaŋ	ɡæŋbæŋ	compound	gang|bang	0.0	0.3333333333333333	0.0	ɡæŋbæŋ	ɡæŋbæŋ	0.0	0.0
gangsteress	ɡæŋstəɹɛs	ɡæŋstəɛs	ɡaŋstəɹəs	ɡæŋstɚs	compound	gangster|ess	0.125	0.2222222222222222	0.42857142857142855	ɡæŋstəɹəs	ɡæŋstəɹəs	0.1111111111111111	0.1111111111111111
ganj	ɡændʒ	ɡændʒ	ɡandʒ	ɡæn	compound	gan|j	0.0	0.2	0.6666666666666666	gændʒ	ɡændʒ	0.2	0.0
ganna	hænə	ɡænə	ɡanə	ɡænə	compound	gann|a	0.25	0.5	0.25	gænə	ɡænə	0.25	0.25
gargoylishness	ɡɑːɹɡɔɪlɪʃnəs	ɡɑɹɡɔɪlɪʃnes	ɡɑɡɔɪlɪʃnəs	ɡɑɹɡɔɪlɪʃnɛs	compound	garg|oy|lish|ness	0.08333333333333333	0.09090909090909091	0.08333333333333333	gɑɹgəlɪʃnəs	ɡɑɡɔɪlɪʃnəs	0.36363636363636365	0.09090909090909091
garreteer	ɡæɹətɪɚ	ɡæɹɪteə	ɡaɹɪtiə	ɡɛɹitɚ	compound	garret|eer	0.42857142857142855	0.5714285714285714	0.5	gɛɹətɪɹ	ɡæɹɪtiə	0.42857142857142855	0.42857142857142855
gawf	ɡɔːf	ɡɔf	ɡɔf	ɡɔf	compound	gaw|f	0.0	0.0	0.0	gɔf	ɡɔf	0.3333333333333333	0.0
gayge	ɡeɪdʒ	ɡeɪdʒ	ɡeɪdʒ	ɡeɪdʒ	compound	gay|ge	0.0	0.0	0.0	ɡeɪd͡ʒ	ɡeɪdʒ	0.16666666666666666	0.0
gaytastic	ɡeɪtæstɪk	ɡeɪtæstɪk	ɡeɪteɪstɪk	ɡeɪtæstɪk	compound	gay|tastic	0.0	0.2	0.0	ɡeɪtæstɪk	ɡeɪtæstɪk	0.0	0.0
gaywad	ɡeɪwɒd	ɡeɪwɒd	ɡeɪwɒd	ɡeɪwəd	compound	gay|wad	0.0	0.0	0.16666666666666666	geɪwɑd	ɡeɪwɒd	0.3333333333333333	0.0
gazabo	ɡəzeɪbəʊ	ɡɑzəbəʊ	ɡazɑbəʊ	ɡæzəbəʊ	compound	gaza|bo	0.42857142857142855	0.42857142857142855	0.42857142857142855	gəzɑbəʊ	ɡæzɑbəʊ	0.42857142857142855	0.42857142857142855
geektastic	ɡiːktæstɪk	ɡiktæstɪk	ɡikteɪstɪk	dʒɛktæstɪk	compound	geek|tastic	0.0	0.2	0.3	ɡiktæstɪk	dʒiktæstɪk	0.0	0.2
gelastic	dʒəlæstɪk	dʒɛlæstɪk	dʒɛlastɪk	ɡɛləstɪk	compound	gel|astic	0.1111111111111111	0.2222222222222222	0.5	dʒəlæstɪk	dʒɪlɑstɪk	0.0	0.2222222222222222
gelatinate	dʒəlætɪneɪt	dʒɛlətɪneɪt	dʒɛlatɪneɪt	ɡɛleɪtɪneɪt	compound	gelatin|ate	0.18181818181818182	0.18181818181818182	0.45454545454545453	dʒɛlətɪneɪt	dʒɪlætɪneɪt	0.18181818181818182	0.09090909090909091
gemista	jɛmɪstə	dʒɛmɪstə	dʒɛmɪstə	dʒɛmɪstə	compound	gem|ist|a	0.25	0.25	0.25	dʒɛmɪstə	dʒɛmɪstə	0.25	0.25
genearch	dʒiːniɑːɹk	dʒinɑtʃ	dʒinɪaətʃ	dʒɛnɛɹk	compound	gene|arch	0.42857142857142855	0.5555555555555556	0.42857142857142855	dʒɛnɪɹtʃ	dʒɪnɜtʃ	0.625	0.7142857142857143
genericization	dʒənɛɹɪsaɪzeɪʃən	dʒənɛɹɪkaɪzeɪʃən	dʒənɛɹɪsaɪzeɪʃən	dʒɛnɚɪsɪzeɪʃən	compound	generic|ization	0.0625	0.0	0.2857142857142857	dʒənɛɹɪkaɪzeɪʃən	dʒɛnəɹɪsɪzeɪʃən	0.0625	0.2
geochart	dʒiːəʊtʃɑːɹt	dʒiəʊtʃɑt	dʒiəʊtʃɑt	dʒəʊtʃɑɹt	compound	geo|chart	0.1111111111111111	0.1111111111111111	0.1111111111111111	dʒəʊkɑɹt	dʒiəʊkɑt	0.375	0.375
geodynamo	dʒiːəʊdʌɪnəməʊ	dʒiəʊdaɪnəməʊ	dʒiəʊdaɪnaməʊ	dʒdɪnəməʊ	compound	geo|dynamo	0.07692307692307693	0.15384615384615385	0.4444444444444444	dʒiəʊdaɪnəməʊ	dʒiəʊdaɪnæməʊ	0.07692307692307693	0.15384615384615385
geolatry	dʒiːɒlətɹi	dʒɒlətɹi	dʒiəʊlətɹi	dʒəʊlətɹi	compound	ge|olatry	0.125	0.2	0.2222222222222222	dʒiəlætɹi	dʒɪɒlətɹi	0.2222222222222222	0.1111111111111111
geospace	dʒiːəʊspeɪs	dʒiəʊspeɪs	dʒiəʊspeɪs	dʒəʊspeɪs	compound	geo|space	0.0	0.0	0.1111111111111111	dʒiəʊspeɪs	dʒiəʊspeɪs	0.0	0.0
gephyrophobia	dʒəfaɪɹəfoʊbiə	dʒfaɪɹəʊfəʊbiə	dʒɛfɪɹəfəʊbiə	ɡɛfɪɹəfəʊbiə	compound	ge|phy|ro|phobia	0.14285714285714285	0.15384615384615385	0.3333333333333333	dʒɛfəɹəʊfəʊbiə	dʒɛfɪɹəfəʊbiə	0.2857142857142857	0.15384615384615385
gepik	ɡəpik	dʒpɪk	dʒɛpɪk	dʒɛpɪk	compound	ge|pik	0.6	0.6666666666666666	0.6666666666666666	dʒɛpɪk	dʒɛpɪk	0.6666666666666666	0.6666666666666666
geranylgeranylacetone	dʒɛɹənɪldʒɛɹənɪlæsɪtəʊn	dʒɛɹənɪldʒɛɹənɪlæsɪtəʊn	dʒɛɹənɪldʒəɹanɪlasɪtəʊn	ɡɚənɪldʒɚəniləstəʊn	compound	geran|yl|geran|yl|acetone	0.0	0.13043478260869565	0.47368421052631576	d͡ʒəɹənɪld͡ʒəɹənɪleɪstəʊn	dʒɛɹənɪldʒəɹænɪlæsɪtəʊn	0.28	0.08695652173913043
gern	ɡɜːɹn	dʒɜɹn	dʒɜn	ɡɚn	compound	ger|n	0.4	0.75	0.6666666666666666	gɚn	dʒɜn	1.0	0.75
gestic	dʒɛstɪk	dʒɛstɪk	dʒɛstɪk	dʒɛstɪk	compound	gest|ic	0.0	0.0	0.0	d͡ʒɛstɪk	dʒɛstɪk	0.125	0.0
getback	ɡɛtbæk	ɡɛtbæk	ɡɛtbak	ɡɛtbæk	compound	get|back	0.0	0.16666666666666666	0.0	ɡɛtbæk	ɡɛtbæk	0.0	0.0
gewgawed	ɡjuːɡɔːd	ɡjuɡɑɛd	dʒjuɡɔd	dʒwɡeɪd	compound	gewgaw|ed	0.2857142857142857	0.2857142857142857	0.7142857142857143	ɡəwɔd	ɡjuɡɔd	0.6	0.0
gheada	heɪɑːdə	ghɛdə	ɡɛdə	ɡhidə	compound	g|head|a	0.8	1.0	0.8	gidə	ɡɛdə	1.0	1.0
ghostology	ɡəʊstɒlədʒi	ɡəʊstɒlədʒi	ɡəʊstɒlədʒi	ɡɑstɑlədʒi	compound	ghost|ology	0.0	0.0	0.3	ɡəstɒləd͡ʒi	ɡəʊstɒlədʒi	0.18181818181818182	0.0
giftings	ɡɪftɪŋz	ɡɪftɪŋz	ɡɪftɪŋz	ɡɪftɪŋz	compound	gifting|s	0.0	0.0	0.0	gɪftɪŋz	ɡɪftɪŋz	0.14285714285714285	0.0
gigglemug	ɡɪɡlmʌɡ	ɡɪɡəlmʌɡ	ɡɪɡəlmʌɡ	ɡɪɡəlməɡ	compound	giggle|mug	0.125	0.125	0.25	gɪgəlmʌg	ɡɪɡəlmʌɡ	0.5	0.125
gigglemugs	ɡɪɡlmʌɡz	ɡɪɡəlmʌɡz	ɡɪɡəlmʌɡz	ɡɪɡəlməɡz	compound	giggle|mugs	0.1111111111111111	0.1111111111111111	0.2222222222222222	gɪgəlmʌgz	ɡɪɡəlmʌɡz	0.4444444444444444	0.1111111111111111
gillless	ɡɪllɛs	ɡɪlles	ɡɪlləs	ɡɪləls	compound	gill|less	0.16666666666666666	0.16666666666666666	0.3333333333333333	gɪlləs	ɡɪləs	0.3333333333333333	0.4
gimmal	dʒɪməl	dʒɪmmæl	ɡɪməl	ɡɪməl	compound	gim|mal	0.2857142857142857	0.4	0.4	gɪməl	ɡɪməl	0.4	0.4
gingerism	dʒɪndʒɚɪzm	dʒɪndʒəɪzəm	dʒɪndʒəɹɪzəm	dʒɪŋɚɪzəm	compound	ginger|ism	0.18181818181818182	0.25	0.4444444444444444	d͡ʒɪnd͡ʒɚɪzm̩	dʒɪndʒəɹɪzəm	0.23076923076923078	0.25
gippo	dʒɪpəʊ	dʒɪpəʊ	dʒɪpəʊ	dʒɪpəʊ	compound	gipp|o	0.0	0.0	0.0	dʒɪpəʊ	dʒɪpəʊ	0.0	0.0
girandola	dʒɪɹændələ	ʒɪɹændələ	dʒɜɹəndəʊlə	ɡɪɹəndəʊlə	compound	gi|randol|a	0.1111111111111111	0.2727272727272727	0.4	dʒɪɹəndəʊlə	dʒɪɹændəʊlə	0.18181818181818182	0.09090909090909091
gizzardless	ɡɪzəɹdlɪs	ɡɪzədles	ɡɪzədləs	ɡɪzɚdlɛs	compound	gizzard|less	0.25	0.25	0.375	gɪzəɹdləs	ɡɪzədləs	0.2222222222222222	0.25
glams	ɡlæmz	ɡlæmz	ɡlamz	ɡlæmz	compound	glam|s	0.0	0.2	0.0	glæmz	ɡlæmz	0.2	0.0
gleamings	ɡliːmɪŋz	ɡlimɪŋz	ɡlimɪŋz	ɡlimɪŋz	compound	gleaming|s	0.0	0.0	0.0	glimɪŋz	ɡlimɪŋz	0.14285714285714285	0.0
glomp	ɡlɒmp	ɡlɒmp	ɡlɒmp	ɡlɑmp	compound	glom|p	0.0	0.0	0.2	ɡlɑmp	ɡlɒmp	0.2	0.0
gloriouser	ɡlɔːɹɪəsɚ	ɡlɔɹɪəsɜ	ɡlɔɹiəsə	ɡlɔɹiəsɚ	compound	glorious|er	0.125	0.25	0.125	glɔɹiəsɚ	ɡlɔɹɪəsə	0.25	0.125
glossopalatine	ɡlɒsəʊpælətaɪn	ɡlɒsəʊpələtineɪ	ɡlɒsəpalətin	ɡlɑsəpələtɪn	compound	gloss|opa|latine	0.3333333333333333	0.3333333333333333	0.3333333333333333	glɑsəpælətin	ɡlɒsəpælətin	0.4166666666666667	0.25
gluconeogenetic	ɡluːkəʊniːəʊdʒənɛtɪk	glukəʊniəʊdʒɪnɛtɪk	ɡlukəʊnəʊdʒnɛtɪk	ɡlukənudʒənɛtɪk	compound	g|luc|o|neogenetic	0.1111111111111111	0.125	0.26666666666666666	glukənəʊdʒənɛɾɪk	ɡlukəniəʊdʒənɛtɪk	0.25	0.058823529411764705
glucosaminoglycan	ɡluːkoʊzəmiːnoʊɡlaɪkæn	glukəʊzəminəʊglaɪkan	ɡlukəsamɪnɒɡlɪkən	ɡlukəʊsəmɪnəɡlikən	compound	g|luc|os|amino|glycan	0.15	0.47058823529411764	0.3333333333333333	glukɑsəminəʊglaɪkən	ɡlukəsæmɪnɒɡlɪkən	0.3157894736842105	0.47058823529411764
gnaborretni	ɡnæbəɹɛtni	gnæbɔɹɛtni	nabɒɹɛtni	ɡnəbɔɹɛtni	compound	g|nab|orr|et|ni	0.2	0.3333333333333333	0.2	nəbɔɹətnaɪ	næbəɹɛtni	0.6	0.1111111111111111
gnashings	næʃɪŋz	næʃɪŋz	naʃɪŋz	ɡnæʃɪŋz	compound	gnashing|s	0.0	0.16666666666666666	0.14285714285714285	næʃɪŋz	næʃɪŋz	0.0	0.0
gnotobiont	nəʊtəbaɪɒnt	gnəʊtəʊbaɪəʊnt	nɒtəʊbɪɒnt	ɡnəʊtəʊbiɑnt	compound	g|noto|bio|nt	0.2857142857142857	0.4	0.4166666666666667	nəʊtəʊ.bɪ.ɑnt	nəʊtəʊbiənt	0.38461538461538464	0.36363636363636365
gnotobiota	nəʊtəbaɪoʊtə	gnəʊtəʊbaɪəʊɾə	nɒtəʊbɪəʊtə	ɡnəʊtəʊbiəʊtə	compound	g|noto|biota	0.21428571428571427	0.36363636363636365	0.3076923076923077	nəʊɾəʊbaɪəʊɾə	nəʊtəʊbaɪəʊtə	0.23076923076923078	0.07692307692307693
gnotobiote	nəʊtəbaɪoʊt	gnəʊtəʊbaɪəʊti	nɒtəʊbɪəʊt	ɡnəʊtəʊbiəʊt	compound	g|noto|bio|te	0.21428571428571427	0.4	0.3333333333333333	nəʊtəbaɪəʊt	nəʊtəʊbaɪəʊt	0.0	0.08333333333333333
gobaloon	ɡɒbəluːn	ɡɒbalun	ɡəʊbəlun	ɡəʊbəlun	compound	gob|aloo|n	0.14285714285714285	0.25	0.25	ɡɒbəlun	ɡəʊbəlun	0.0	0.25
gobful	ɡɒbfʊl	ɡɒbfʊl	ɡɒbfəl	ɡɑbfəl	compound	gob|ful	0.0	0.16666666666666666	0.3333333333333333	ɡɒbfəl	ɡɒbfəl	0.16666666666666666	0.16666666666666666
godlily	ɡɒdlɪli	ɡɒdlɪli	ɡɒdlili	ɡɑdləli	compound	god|lily	0.0	0.14285714285714285	0.2857142857142857	gɑdlɪli	ɡɒdlɪli	0.2857142857142857	0.0
goetta	ɡɛtə	ɡəʊɛtə	ɡəʊtə	ɡəʊtə	compound	go|etta	0.3333333333333333	0.4	0.4	gəʊtə	ɡəʊɛtə	0.6	0.3333333333333333
gomutra	ɡəʊmuːtɹə	ɡəʊmʌtɹɑ	ɡɒmʌtɹə	ɡəmətɹə	compound	go|mut|ra	0.25	0.42857142857142855	0.2857142857142857	gəʊmətɹə	ɡəmjutɹə	0.25	0.25
googolth	ɡuːɡəlθ	ɡuɡɒlθ	ɡuɡəʊlt	ɡuɡɑlθ	compound	googol|th	0.16666666666666666	0.2857142857142857	0.16666666666666666	gugəʊlθ	ɡuɡəʊlθ	0.42857142857142855	0.14285714285714285
gooing	ɡuːɪŋ	ɡuɪŋ	ɡuɪŋ	ɡuɪŋ	compound	goo|ing	0.0	0.0	0.0	guɪŋ	ɡuɪŋ	0.25	0.0
gookland	ɡuːklænd	ɡʊklænd	ɡʊklənd	ɡʊklənd	compound	gook|land	0.14285714285714285	0.2857142857142857	0.2857142857142857	gʊklənd	ɡʊklənd	0.42857142857142855	0.2857142857142857
gopnik	ɡoʊpnɪk	ɡɒpnɪk	ɡɒpnɪk	ɡɑpnɪk	compound	gop|nik	0.3333333333333333	0.3333333333333333	0.3333333333333333	ɡəʊp.nɪk	ɡɒpnɪk	0.125	0.3333333333333333
gopnitsa	ɡopnɪtsɑ	ɡɒpnɪtsə	ɡɒpnɪtsə	ɡɑpnɪtsə	compound	gop|nitsa	0.25	0.25	0.25	ɡəʊp.nɪt.sə	ɡəpnɪtsə	0.45454545454545453	0.25
goyal	ɡɔɪəl	ɡɔɪəl	ɡɔɪəl	ɡɔɪəl	compound	goya|l	0.0	0.0	0.0	gɔɪəl	ɡɔɪəl	0.2	0.0
grabass	ɡɹæbæs	ɡɹæbæs	ɡɹabas	ɡɹəbəs	compound	grab|ass	0.0	0.3333333333333333	0.3333333333333333	gɹæbæs	ɡɹæbæs	0.16666666666666666	0.0
grabrail	ɡɹæbɹeɪl	ɡɹæbɹeɪl	ɡɹabɹeɪl	ɡɹæbɹeɪl	compound	grab|rail	0.0	0.125	0.0	gɹeɪbɹeɪl	ɡɹæbɹeɪl	0.3333333333333333	0.0
grammaticalization	ɡɹəmætɪkəlɪzeɪʃən	ɡɹəmætɪkəlaɪzeɪʃən	ɡɹamatɪkəlaɪzeɪʃən	ɡɹæmætɪkəlɪzeɪʃən	compound	grammatical|ization	0.05555555555555555	0.16666666666666666	0.058823529411764705	gɹæmətɪkələzeɪʃən	ɡɹæmætɪkəlaɪzeɪʃən	0.23529411764705882	0.1111111111111111
grandisonant	ɡɹændɪsənənt	ɡɹændɪsənænt	ɡɹandɪsənənt	ɡɹændɪsənənt	compound	grandison|ant	0.08333333333333333	0.08333333333333333	0.0	gɹændɪsənənt	ɡɹændɪsənənt	0.08333333333333333	0.0
grandmillennial	ɡɹændmɪlɛniəl	ɡɹændmɪlɛnɪəl	ɡɹandmɪlɛnɪəl	ɡɹændmɪləniəl	compound	grand|millennial	0.07692307692307693	0.15384615384615385	0.07692307692307693	gɹændmɪlɛniəl	ɡɹændmɪlɛnɪəl	0.07692307692307693	0.07692307692307693
graphetic	ɡɹæfɛtɪk	ɡɹæfɛtɪk	ɡɹafɛtɪk	ɡɹæfɪtɪk	compound	graph|etic	0.0	0.125	0.125	ɡɹæfɛtɪk	ɡɹæfɛtɪk	0.0	0.0
graphetics	ɡɹæfɛtɪks	ɡɹæfɛtɪkz	ɡɹafɛtɪks	ɡɹæfɪtɪks	compound	graph|etic|s	0.1111111111111111	0.1111111111111111	0.1111111111111111	gɹəfɛɾɪks	ɡɹæfɛtɪks	0.3333333333333333	0.0
grapholatry	ɡɹæfɒlətɹi	ɡɹæfɒlətɹi	ɡɹafɒlətɹi	ɡɹæfələtɹi	compound	graph|olatry	0.0	0.1	0.1	gɹæfəlætɹi	ɡɹæfɒlətɹi	0.3	0.0
grasshawk	ɡɹɑːshɔːk	ɡɹɑshɔk	ɡɹashɔk	ɡɹæsɔk	compound	grass|hawk	0.0	0.14285714285714285	0.3333333333333333	gɹæshɔk	ɡɹɑshɔk	0.2857142857142857	0.0
gravicembalo	ɡɹævɪtʃɛmbələʊ	gɹɑvaɪtʃɛmbələʊ	ɡɹavaɪsmbələʊ	ɡɹævɪsmbələʊ	compound	gra|vi|cembalo	0.2	0.38461538461538464	0.25	gɹəvɪk.əmæləʊ	ɡɹævɪsɪmbɑləʊ	0.5384615384615384	0.3076923076923077
greataxe	ɡɹeɪtæks	ɡɹeɪtæks	ɡɹeɪtaks	ɡɹitæks	compound	great|axe	0.0	0.125	0.2857142857142857	gɹeɪtæks	ɡɹeɪtæks	0.125	0.0
greatshield	ɡɹeɪtʃiːld	ɡɹeɪtʃild	ɡɹeɪtʃild	ɡɹiʃild	compound	great|shield	0.0	0.0	0.42857142857142855	gɹeɪtʃild	ɡɹeɪtʃild	0.1111111111111111	0.0
greeble	ɡɹiːbliː	ɡɹibəl	ɡɹibəl	ɡɹibəl	compound	gree|ble	0.3333333333333333	0.3333333333333333	0.3333333333333333	gɹibəl	ɡɹibəl	0.5	0.3333333333333333
greeniac	ɡɹiːniæk	ɡɹiiniæk	ɡɹiniak	ɡɹiniək	compound	gre|eniac	0.125	0.14285714285714285	0.14285714285714285	ɡɹiniæk	ɡɹiinɪæk	0.0	0.25
greenlight	ɡɹiːnlaɪt	ɡɹinlaɪt	ɡɹinlaɪt	ɡɹinlaɪt	compound	green|light	0.0	0.0	0.0	gɹinlaɪt	ɡɹinlaɪt	0.125	0.0
greentext	ɡɹiːntɛkst	ɡɹintɛkst	ɡɹintɛkst	ɡɹintɛkst	compound	green|text	0.0	0.0	0.0	gɹintɛkst	ɡɹintɛkst	0.1111111111111111	0.0
greentexts	ɡɹiːntɛksts	ɡɹintɛksts	ɡɹintɛksts	ɡɹintɛksts	compound	green|texts	0.0	0.0	0.0	ɡɹintɛksts	ɡɹiɛntɛksts	0.0	0.09090909090909091
grievings	ɡɹiːvɪŋz	ɡɹivɪŋz	ɡɹivɪŋz	ɡɹivɪŋz	compound	grieving|s	0.0	0.0	0.0	gɹivɪŋz	ɡɹivɪŋz	0.14285714285714285	0.0
grindsets	ɡɹaɪndsɛts	ɡɹaɪndsɛtz	ɡɹaɪndsɛts	ɡɹɪndzɪts	compound	grindset|s	0.1	0.0	0.3333333333333333	ɡɹaɪndsɛts	ɡɹaɪndsɛts	0.0	0.0
grognard	ɡɹɑɡnɑɹd	ɡɹɒɡnɑd	ɡɹɒɡnɑd	ɡɹɑɡnɚd	compound	grog|nard	0.2857142857142857	0.2857142857142857	0.2857142857142857	gɹəʊgnɑɹd	ɡɹɒɡnəd	0.4444444444444444	0.42857142857142855
groomings	ɡɹuːmɪŋz	ɡɹumɪŋz	ɡɹumɪŋz	ɡɹumɪŋz	compound	grooming|s	0.0	0.0	0.0	ɡɹumɪŋz	ɡɹumɪŋz	0.0	0.0
grubbings	ɡɹʌbɪŋz	ɡɹʌbɪŋz	ɡɹʌbɪŋz	ɡɹʌbɪŋz	compound	grubbing|s	0.0	0.0	0.0	gɹʌbɪŋz	ɡɹʌbɪŋz	0.14285714285714285	0.0
gruntings	ɡɹʌntɪŋz	ɡɹʌntɪŋz	ɡɹʌntɪŋz	ɡɹʌntɪŋz	compound	grunting|s	0.0	0.0	0.0	gɹʌntɪŋz	ɡɹʌntɪŋz	0.125	0.0
guanines	ɡwɑːniːnz	ɡwɑnaɪnz	ɡwɑnaɪnz	ɡweɪnɪnz	compound	guanine|s	0.25	0.25	0.375	gwɑnaɪnz	ɡwɒninz	0.375	0.14285714285714285
guaraní	ɡwɑːɹəniː	ɡwɑɹəni	ɡaɹɑni	ɡwɑɹən	compound	guara|ní	0.0	0.5	0.16666666666666666	gwɑɹəni	ɡæɹəni	0.14285714285714285	0.3333333333333333
gubinge	ɡʌbɪndʒ	gʌbɪndʒ	ɡjubɪndʒ	ɡəbɪŋ	compound	gub|inge	0.14285714285714285	0.25	0.8	gʌbɪŋ	ɡjubɪndʒ	0.8	0.25
guessings	ɡɛsɪŋz	ɡɛsɪŋz	ɡɛsɪŋz	ɡɛsɪŋz	compound	guessing|s	0.0	0.0	0.0	ɡɛsɪŋz	ɡɛsɪŋz	0.0	0.0
guidings	ɡaɪdɪŋz	ɡaɪdɪŋz	ɡaɪdɪŋz	ɡaɪdɪŋz	compound	guiding|s	0.0	0.0	0.0	gaɪdɪŋz	ɡaɪdɪŋz	0.14285714285714285	0.0
guillemets	ɡijəmeɪz	gimeɪz	ɡɪlɛmɪts	ɡwɪləməts	compound	guillemet|s	0.5	0.75	0.6666666666666666	ɡɪlɪmɛts	ɡɪlɪmɛts	0.75	0.75
guilting	ɡɪltɪŋ	ɡɪltɪŋ	ɡɪltɪŋ	ɡwɪltɪŋ	compound	guilt|ing	0.0	0.0	0.14285714285714285	gɪltɪŋ	ɡɪltɪŋ	0.16666666666666666	0.0
gulpings	ɡʌlpɪŋz	ɡʌlpɪŋz	ɡʌlpɪŋz	ɡʌlpɪŋz	compound	gulping|s	0.0	0.0	0.0	gʌlpɪŋz	ɡʌlpɪŋz	0.14285714285714285	0.0
gummings	ɡʌmɪŋz	ɡʌmɪŋz	ɡʌmɪŋz	ɡʌmɪŋz	compound	gumming|s	0.0	0.0	0.0	gʌmɪŋz	ɡʌmɪŋz	0.16666666666666666	0.0
guoqing	ɡwoʊtʃɪŋ	ɡuəʊkɪŋ	ɡjuəʊkɪŋ	ɡukɪŋ	compound	gu|o|qing	0.42857142857142855	0.5	1.0	gwəʊkɪŋ	ɡwəʊkɪŋ	0.42857142857142855	0.2857142857142857
guqin	ɡuːtʃiːn	ɡukɪn	ɡjukɪn	ɡəkn	compound	gu|qin	0.6	0.6666666666666666	1.0	gukɪn	ɡjukɪn	0.8	0.6666666666666666
gushings	ɡʌʃɪŋz	ɡʌʃɪŋz	ɡʌʃɪŋz	ɡʌʃɪŋz	compound	gushing|s	0.0	0.0	0.0	gʌʃɪŋz	ɡʌʃɪŋz	0.16666666666666666	0.0
guttings	ɡʌtɪŋz	ɡʌtɪŋz	ɡʌtɪŋz	ɡʌtɪŋz	compound	gutting|s	0.0	0.0	0.0	gʌɾɪŋz	ɡʌtɪŋz	0.3333333333333333	0.0
guvmint	ɡʌvmɪnt	ɡʌvmɪnt	ɡʌvmɪnt	ɡʌvmɪnt	compound	guv|mint	0.0	0.0	0.0	guvmɪnt	ɡʌvmɪnt	0.2857142857142857	0.0
guzheng	ɡuːdʒʌŋ	ɡʌzhɛŋ	ɡʌʒɛŋ	ɡʌzɪŋ	compound	guz|heng	0.6666666666666666	0.6	0.8	gudʒɛŋ	ɡʌzhɛŋ	0.3333333333333333	0.6666666666666666
gymlet	dʒɪmlət	dʒɪmlɛt	dʒɪmlɪt	ɡɪmlət	compound	gym|let	0.14285714285714285	0.14285714285714285	0.3333333333333333	dʒɪmlɪt	dʒɪmlət	0.14285714285714285	0.0
gynecomasty	ɡaɪnɪkəmæsti	ɡaɪnɛkəʊmæsti	ɡaɪnɪkɒməsti	dʒaɪnɛkəməsti	compound	gyn|eco|masty	0.15384615384615385	0.16666666666666666	0.3076923076923077	gaɪnəkəʊməsti	dʒaɪnɪkɒməsti	0.3076923076923077	0.3076923076923077
gyneolatry	ɡaɪniɒlətɹi	ɡaɪniɒlətɹi	ɡaɪnɪɒlətɹi	dʒaɪniəʊlətɹi	compound	gyn|e|olatry	0.0	0.09090909090909091	0.3076923076923077	gaɪnɑlətɹi	dʒɪnɪɒlətɹi	0.3	0.2727272727272727
gynoid	ɡaɪnɔɪd	ɡaɪnɔɪd	ɡaɪnɔɪd	dʒɪnɔɪd	compound	gyn|oid	0.0	0.0	0.2857142857142857	dʒaɪnɔɪd	dʒaɪnɔɪd	0.25	0.25
gyprocker	dʒɪpɹɒkɚ	dʒɪpɹɒkɜ	dʒɪpɹɒkə	dʒɪpɹəkɚ	compound	gyprock|er	0.125	0.125	0.125	dʒaɪpɹɑkəɹ	dʒaɪpɹɒkə	0.4	0.2222222222222222
gypset	dʒɪpsɛt	dʒɪpsɛt	dʒɪpsɛt	dʒɪpsɪt	compound	gyps|et	0.0	0.0	0.14285714285714285	dʒɪpsɛt	dʒaɪpsɛt	0.0	0.125
gyrophototactic	dʒaɪɹəʊfəʊtəʊtæktɪk	dʒaɪɹəʊfəʊɾəʊtæktɪk	dʒaɪɹəfəʊtəʊtaktɪk	dʒɪɹəfətəʊtæktɪk	compound	gyro|phototactic	0.05263157894736842	0.1111111111111111	0.1875	dʒaɪɹəʊfəʊɾəʊtæktɪk	dʒaɪɹəʊfəʊtətæktɪk	0.05263157894736842	0.05555555555555555
gyrotactic	dʒaɪɹətæktɪk	dʒaɪɹəʊtæktɪk	dʒaɪɹəʊtaktɪk	dʒɪɹəʊtæktɪk	compound	gyro|tactic	0.07692307692307693	0.15384615384615385	0.16666666666666666	dʒaɪɹəʊtæktɪk	dʒaɪɹəʊtæktɪk	0.07692307692307693	0.07692307692307693
gythja	ɡiθja	ʒiθjɑ	dʒɪθdʒə	ɡɪθjə	compound	gy|th|ja	0.4	0.8571428571428571	0.4	dʒɪθjə	dʒaɪθdʒə	0.6666666666666666	0.875
ha'p'orth	heɪpəɹθ	hæpɔɹθ	hapɔθ	hæzɔɹθ	compound	hap|orth	0.5	0.8	0.6666666666666666	hæpəɹθ	hæpɔθ	0.3333333333333333	0.8
ha'pence	heɪpəns	hæpsəns	hapəns	hæzpɛns	compound	hap|ence	0.42857142857142855	0.3333333333333333	0.42857142857142855	hæpəns	heɪpəns	0.3333333333333333	0.0
ha'penny	heɪpni	hɑpɛni	hapɛni	hæzpɛni	compound	ha|penny	0.5	0.5	0.42857142857142855	heɪpəni	hæpəni	0.14285714285714285	0.5
habous	həbuːs	habəs	habəs	hæbɔs	compound	hab|ous	0.4	0.4	0.4	hɑbəʊəs	hæbəs	0.5714285714285714	0.4
hadjes	hɑːdʒɪz	hædʒiz	hadʒz	hædʒz	compound	hadj|es	0.3333333333333333	0.4	0.4	hædʒɪz	hædʒɪz	0.16666666666666666	0.16666666666666666
haedine	hiːdaɪn	hidaɪn	hidin	heɪdɪn	compound	hae|dine	0.0	0.4	0.5	heɪdin	hidin	0.6666666666666666	0.4
haemostases	hiːmɒstəsiːz	himəʊzteɪzɪz	himəʊsteɪsɪz	heɪməʊsteɪsz	compound	haem|os|tases	0.5833333333333334	0.4166666666666667	0.5833333333333334	himəsteɪzᵻz	himəʊsteɪsɪz	0.45454545454545453	0.4166666666666667
hailings	heɪlɪŋz	heɪlɪŋz	heɪlɪŋz	heɪlɪŋz	compound	hailing|s	0.0	0.0	0.0	heɪlɪŋz	heɪlɪŋz	0.0	0.0
hain't	heɪnt	heɪnt	heɪnt	heɪnɪt	compound	hain|t	0.0	0.0	0.16666666666666666	heɪnt	heɪnt	0.0	0.0
haint	heɪnt	heɪnt	heɪnt	heɪnt	compound	hain|t	0.0	0.0	0.0	heɪnt	heɪnt	0.0	0.0
hakafah	hɑːkəfɑː	hɑkəfɑ	hakafə	hækəfɑ	compound	haka|fah	0.0	0.5	0.16666666666666666	hɑkəfə	hækəfə	0.16666666666666666	0.3333333333333333
hakapik	hɑkəpɪk	hɑkəpɪk	hakəpɪk	hækɑpɪk	compound	haka|pik	0.0	0.14285714285714285	0.2857142857142857	hækəpɪk	hækəpɪk	0.14285714285714285	0.14285714285714285
hamboned	hæmboʊnəd	hambəʊnd	hambənd	hæmbənd	compound	hambone|d	0.25	0.42857142857142855	0.2857142857142857	hæmbənd	hæmbənd	0.2857142857142857	0.2857142857142857
hamiform	heɪmɪfɔːm	hæmɪfɔm	hamɪfɔm	hæmɪfɔɹm	compound	ham|iform	0.2857142857142857	0.2857142857142857	0.375	hæmifɔɹm	hæmɪfɔm	0.5	0.2857142857142857
handakuten	hɑːndɑːkutɛn	hændɑkutɛn	handəkjutən	hændəkjutən	compound	han|dakuten	0.1	0.36363636363636365	0.36363636363636365	hændəkutən	hændəkutən	0.3	0.3
handegg	hændɛɡ	hændɛɡ	handɛɡ	hændɪɡ	compound	hand|egg	0.0	0.16666666666666666	0.16666666666666666	hændɛg	hændɛɡ	0.16666666666666666	0.0
handeggs	hændɛɡz	hændɛɡz	handɛɡz	hændɪɡz	compound	hand|eggs	0.0	0.14285714285714285	0.14285714285714285	hændɪɡz	hændɛɡz	0.14285714285714285	0.0
handicappable	hændɪkæpəbl	hændɪkæpɑbəl	handɪkapəbəl	hændɪkəpəbəl	compound	handicap|pa|ble	0.16666666666666666	0.25	0.16666666666666666	hændɪkæpəbəl	hændɪkæpəbəl	0.08333333333333333	0.08333333333333333
handwavy	hændweɪvi	hændweɪvi	handwavi	hændwɛvi	compound	hand|wavy	0.0	0.375	0.25	hændweɪvi	hændweɪvi	0.0	0.0
handwrit	hændɹɪt	hændɹɪt	handɹɪt	hændɚɪt	compound	hand|writ	0.0	0.14285714285714285	0.14285714285714285	hændɹɪt	hændɹɪt	0.0	0.0
haor	hɑːɒɹ	həɹ	heɪɔ	hæɹ	compound	hao|r	0.6666666666666666	0.75	0.6666666666666666	həɚ	heə	1.0	1.0
hap'orth	heɪpəɹθ	hæpɔɹθ	hapɔθ	hæpɚθ	compound	hap|orth	0.5	0.8	0.8	hæpəɹθ	hæpɔθ	0.3333333333333333	0.8
haramaki	hɑɹəmɑki	hɑɹɑmɑki	haɹəmaki	hɑɹɑməki	compound	haram|aki	0.125	0.25	0.25	həɹɑməki	hæɹəmɑki	0.375	0.125
harras	hæɹəs	hɑɹəz	haɹəz	hɛɹəz	compound	harra|s	0.4	0.4	0.4	hɛɹəs	hæɹəz	0.2	0.2
hashkafah	hɑːʃkɑːfɑː	hæʃkɑfɑ	haʃkafə	hæʃkəfɑ	compound	hash|ka|fah	0.14285714285714285	0.42857142857142855	0.2857142857142857	hæʃkəfə	hæʃkəfə	0.42857142857142855	0.42857142857142855
hatorade	heɪtəɹeɪd	heɪtəʊɹɑdeɪ	hatɔɹeɪd	hætɚeɪd	compound	hato|rade	0.36363636363636365	0.375	0.5714285714285714	heɪtəɹeɪd	hætəɹeɪd	0.0	0.25
hauntological	hɔːntəlɒdʒɪkəl	hɔntəlɒdʒɪkəl	hɔntəlɒdʒɪkəl	həntəlɑdʒɪkəl	compound	haunt|ological	0.0	0.0	0.15384615384615385	hɔntəʊlɑdʒɪkəl	hɔntəlɒdʒɪkəl	0.14285714285714285	0.0
hauntology	hɔːntɒlədʒi	hɔntɒlədʒi	hɔntɒlədʒi	həntələdʒi	compound	haunt|ology	0.0	0.0	0.2	hɔntɑləd͡ʒi	hɔntɒlədʒi	0.18181818181818182	0.0
hautboyist	həʊbɔɪɪst	həʊbɔɪɪst	hɔtbɔɪɪst	hətbɔɪɪst	compound	hautboy|ist	0.0	0.2222222222222222	0.1111111111111111	hɔtbɔɪɪst	hɔtbɔɪɪst	0.2222222222222222	0.2222222222222222
haveing	hæviŋ	hævɪŋ	heɪvɪŋ	heɪvɪŋ	compound	have|ing	0.2	0.5	0.5	heɪvɪŋ	heɪvɪŋ	0.5	0.5
haworthia	həwɜːɹθiə	hæwɝθiə	hawɜðiə	həɚθiə	compound	haworth|ia	0.42857142857142855	0.42857142857142855	0.5	hæwɚθiə	həwɔðiə	0.42857142857142855	0.42857142857142855
haybote	heɪbəʊt	heɪbəʊt	heɪbəʊt	heɪbəʊt	compound	hay|bote	0.0	0.0	0.0	heɪbəʊt	heɪbəʊt	0.0	0.0
haüyne	ɑːwiːn	ɑwin	hauaɪn	heɪaɪn	compound	[]	0.0	0.8333333333333334	0.8333333333333334	hɔɪn	heɪn	0.75	0.75
haüynite	ɑːwiːnaɪt	ɑwinaɪt	hauɪnaɪt	heɪinaɪt	compound	[]	0.0	0.5	0.375	həjɪnaɪt	heɪnaɪt	0.5	0.42857142857142855
he'd've	hiːdəv	hidvi	hidəv	hzdɪv	compound	hed|ve	0.4	0.0	0.4	hɛdvi	hɛdv	0.6	0.5
he'sn't	hiːzənt	hiznt	hisənt	hznɪt	compound	hes|nt	0.2	0.16666666666666666	0.6	hizənt	hɛzənt	0.0	0.16666666666666666
headdesk	hɛddɛsk	hɛdɛsk	hɛddɛsk	hɛdsk	compound	head|desk	0.16666666666666666	0.0	0.4	hɛdɛsk	hɛdɪsk	0.16666666666666666	0.3333333333333333
headrushing	hɛdɹʌʃɪŋ	hɛdɹʌʃɪŋ	hɛdɹʌʃɪŋ	hɛdɹʌʃɪŋ	compound	head|rushing	0.0	0.0	0.0	hɛdɹʌʃɪŋ	hɛdɹʌʃɪŋ	0.0	0.0
headsign	hɛdsaɪn	hɛdsaɪn	hɛdsaɪn	hɛdzɪɡn	compound	head|sign	0.0	0.0	0.42857142857142855	hɛdsaɪn	hɛdsaɪn	0.0	0.0
headtire	hɛdtaɪɚ	hɛdtaɪə	hɛdtaɪə	hɛtaɪɹ	compound	head|tire	0.14285714285714285	0.14285714285714285	0.3333333333333333	hɛdtaɪəɹ	hɛdtaɪə	0.25	0.14285714285714285
healthie	hɛlθi	hɛlθi	hɛlθi	hɛlθi	compound	health|ie	0.0	0.0	0.0	hɛlθi	hɛlθi	0.0	0.0
heartswelling	hɑːɹtswɛlɪŋ	hɑɹtswɛlɪŋ	hɑtswəlɪŋ	hɛɹtswɛlɪŋ	compound	hearts|welling	0.0	0.2222222222222222	0.1	hɑɹtswɛlɪŋ	hɑtswɛlɪŋ	0.0	0.1111111111111111
heathenesse	hiːðənəs	hiðənɛs	hiθənɛs	hɛðənəs	compound	heathen|esse	0.14285714285714285	0.2857142857142857	0.14285714285714285	hiðənɛs	hɛðnəs	0.14285714285714285	0.3333333333333333
heatings	hiːtɪŋz	hitɪŋz	hitɪŋz	hitɪŋz	compound	heating|s	0.0	0.0	0.0	hitɪŋz	hitɪŋz	0.0	0.0
heaumes	həʊmz	həʊmz	həʊmz	himz	compound	heaume|s	0.0	0.0	0.5	həʊmz	həʊmz	0.0	0.0
heav'n	hɛvn	hiavən	hivn	hivɪn	compound	he|avn	0.5	0.25	0.4	hɛvn	hɛvən	0.0	0.2
heavings	hiːvɪŋz	hivɪŋz	hivɪŋz	hivɪŋz	compound	heaving|s	0.0	0.0	0.0	hivɪŋz	hɛvɪŋz	0.0	0.16666666666666666
hecka	hɛkə	hɛkə	hɛkə	hɛkə	compound	heck|a	0.0	0.0	0.0	hɛkə	hɛkə	0.0	0.0
hectacre	hɛkteɪkɚ	hikɔɹteɪkɝ	hɛktakə	hɛktəkɹi	compound	he|ct|acre	0.4	0.42857142857142855	0.5	hekteɪkəɹ	hɛktəkə	0.3333333333333333	0.42857142857142855
hedgings	hɛdʒɪŋz	hɛdʒɪŋz	hɛdʒɪŋz	hɛdʒɪŋz	compound	hedging|s	0.0	0.0	0.0	hɛdʒɪŋz	hɛdʒɪŋz	0.0	0.0
heita	heɪta	haɪtə	haɪtə	hitə	compound	heit|a	0.4	0.4	0.75	haɪtə	heɪtə	0.4	0.2
heled	hiːld	hild	hɛld	hɛld	compound	hele|d	0.0	0.25	0.25	hɛldᵻd	hild	0.5	0.0
helek	heɪlɪk	hilk	hɛlɛk	hɛlɛk	compound	hele|k	0.75	0.6	0.6	hɛlɪk	hɛlɪk	0.4	0.4
heliodor	hiːliədɔːɹ	hilaɪəʊdɝ	hɛlɪəʊdə	hɛlaɪəʊdɚ	compound	he|li|odor	0.5555555555555556	0.625	0.6666666666666666	hɛlɪəʊdɚ	hilɪɒdə	0.625	0.5714285714285714
heliolatry	hiliɑlətɹi	hilaɪɒlətɹi	hɛlɪɒlətɹi	hɛliəʊlətɹi	compound	he|li|olatry	0.2727272727272727	0.3	0.2727272727272727	hɪlɒlətɹɪ	hilɪɒlətɹi	0.4444444444444444	0.2
heliopore	hiːliəpɔːɹ	hɛliəʊpɔ	hɛlɪɒpɔ	hɛliəpɚ	compound	h|elio|pore	0.375	0.5714285714285714	0.42857142857142855	hɛlɪəpɔɹ	hilɪɒpɔ	0.25	0.42857142857142855
hemapophysis	hɛməpɒfɪsɪs	hɛməpɑfəsɪs	hɛmapəfəsɪs	hɛməpəfizɪz	compound	hem|apophysis	0.18181818181818182	0.2727272727272727	0.36363636363636365	himəpɑfəsɪs	hɛməpɒfɪsɪs	0.2727272727272727	0.0
hemimethylated	hɛmimɛθɪleɪtɪd	hɛmaɪmiθɪleɪtɪd	hɛmaɪmθɪleɪtɪd	hɛmɪmɛθəleɪtd	compound	hem|i|methylated	0.2	0.21428571428571427	0.23076923076923078	hɛmɪmɛθəleɪɾᵻd	hɛmɪmθɪleɪtɪd	0.2857142857142857	0.15384615384615385
hemoadsorber	hiːməʊədzɔːɹbɚ	himəʊadzɔbɜ	himəʊdsɔbə	hɛməʊdzɔɹbɚ	compound	hemo|adsorb|er	0.2727272727272727	0.4	0.18181818181818182	himəædzəɹbəɹ	hɛməʊdsɔbə	0.4166666666666667	0.5
hemochorioendothelial	hiːməʊkɔːɹiəʊɛndəʊθiːliəl	himəʊkɔɹaɪəʊɛndəʊθiliəl	himəkɔɹɪəʊndəθɛlɪəl	hɛməkɑɹiəʊndəθɛliəl	compound	hemo|chori|o|endothelial	0.08695652173913043	0.3157894736842105	0.3157894736842105	himəkɔɹiəʊɛndəθiliəl	hɛməkɔɹɪəʊəndəʊθiliəl	0.1	0.19047619047619047
hemovore	hiːməvɔːɹ	himəʊvɔɹ	himuvɔ	hɛməvɚ	compound	hemo|vore	0.125	0.3333333333333333	0.5	himəvɔɹ	hɛməvɔ	0.0	0.3333333333333333
hemroid	hɛmɹɔɪd	hɛmɹɔɪd	hɛmɹɔɪd	hɛmɹɔɪd	compound	hem|roid	0.0	0.0	0.0	hɛmɹɔɪd	hɛmɹɔɪd	0.0	0.0
henagon	hɛnəɡɒn	hɛnæɡɒn	hɛnaɡən	hɛnəɡən	compound	hen|agon	0.14285714285714285	0.2857142857142857	0.14285714285714285	hɛnəgɑn	hɛnəɡən	0.2857142857142857	0.14285714285714285
hendecanol	hɛndɛkənɒl	hɛndɛkənəʊl	hɛndɪkanɒl	hɛndɪkənəl	compound	hen|decan|ol	0.18181818181818182	0.2	0.2	hɛndəkənɔl	hɛndɪkənɒl	0.2	0.1
hendiatris	hɛndaɪətɹɪs	hɛndiətɹɪs	hɛndɪatɹɪs	hɛndiətɹɪz	compound	hend|ia|tris	0.2	0.2	0.3	hɛndaɪətɹɪs	hɛndɪætɹɪs	0.0	0.2
heptalemma	hɛptəlɛmə	hɛptɑlɛmə	hɛpteɪlmə	hɛptəlmə	compound	hep|tal|emma	0.1111111111111111	0.3333333333333333	0.125	hɛptəlɛmə	hɛptəlɛmə	0.0	0.0
heptasemic	hɛptəsiːmɪk	hɛpteɪzmaɪk	hɛpteɪsimɪk	hɛptəsɛmɪk	compound	hep|tase|mic	0.36363636363636365	0.18181818181818182	0.1	hɛpteɪsimɪk	hɛptəsɛmɪk	0.18181818181818182	0.1
heraldess	hɛɹəldɛs	hɛɹəldɛs	hɛɹəldɛs	hɛɹəldɪs	compound	herald|ess	0.0	0.0	0.125	hɛɹəldəs	hɛɹəldɛs	0.125	0.0
here're	hiːɹɚ	hiəɹeɪ	hiəɹə	hɛɹzɹi	compound	here|re	0.5	0.4	0.6666666666666666	hɪɹɚ	hiəɹə	0.25	0.4
herefor	hɪəfɔː	hiəfɔ	hiəfə	hɛɹəfɚ	compound	here|for	0.2	0.4	0.5	hɪɹfɚ	hɛɹɪfə	0.4	0.6666666666666666
herefore	hɪəfɔː	hiəfɔ	hiəfɔ	hɛɹəfɔɹ	compound	here|fore	0.2	0.2	0.42857142857142855	hɪɹfɔɹ	hɛɹɪfɔ	0.3333333333333333	0.5
herewithal	hɪəwɪðɔːl	hiəwɪðæl	hiəwɪðəl	hɛɹwɪθəl	compound	herewith|al	0.25	0.25	0.5	hɪɹwɪθɔl	hiəwɪðəl	0.25	0.25
heroogony	hiɹoʊɑɡəni	hiəɹəʊɑɡənɪ	hiəɹəʊɒɡəni	hɛɹuɡəni	compound	hero|og|ony	0.18181818181818182	0.18181818181818182	0.5	hɪɹəʊɒɡəni	hɪɹuɡəni	0.2	0.5
heterograph	hɛtəɹəʊɡɹæf	hɛtɹəʊɡɹæf	hɛtɹəɡɹaf	hɛtɚəɡɹəf	compound	hetero|graph	0.1	0.3333333333333333	0.4444444444444444	hɛɾəɹəgɹæf	hɛtəɹɒɡɹæf	0.3	0.2
heteronormalize	hɛtəɹəʊnɔːməlaɪz	hɛtɹəʊnɔɹməlaɪz	hɛtɹənɔməlaɪz	hɛtɚənɔɹməlaɪz	compound	hetero|normalize	0.13333333333333333	0.15384615384615385	0.2857142857142857	hɛɾəɹəʊnɔɹməlaɪz	hɛtəɹənɔməlaɪz	0.125	0.07142857142857142
heteroousian	hɛtəɹəʊuːzɪən	hɛtɹəʊusɪən	hɛtɹəɹəziən	hɛtɚuʃən	compound	hetero|ousia|n	0.18181818181818182	0.36363636363636365	0.75	hɛɾəɹəʊuziən	hɛtəɹuʒən	0.16666666666666666	0.4444444444444444
heteropathic	hɛtəɹəʊpæθɪk	hɛtɹəʊpæθɪk	hɛtɹəpaθɪk	hɛtɚəpæθɪk	compound	hetero|pathic	0.09090909090909091	0.3	0.3	hɛɾəɹəpæθɪk	hɛtəɹəʊpæθɪk	0.18181818181818182	0.0
heterophone	hɛtəɹəʊfəʊn	hɛtɹəʊfəʊn	hɛtɹəfəʊn	hɛtɚəfəʊn	compound	hetero|phone	0.1	0.2222222222222222	0.3333333333333333	hɛɾəɹəfəʊn	hɛtəɹɒfəʊn	0.2	0.2
heteroradical	hɛtɜɹəɹædɪkəl	hɛtɹəʊɹædɪkəl	hɛtɹəɹadɪkəl	hɛtɚɚædɪkəl	compound	hetero|radical	0.15384615384615385	0.16666666666666666	0.36363636363636365	hɛɾəɹəʊɹædɪkəl	hɛtəɹəɹædɪkəl	0.21428571428571427	0.07692307692307693
hetfic	hɛtfɪk	hɛtfɪk	hɛtfɪk	hɛtfɪk	compound	het|fic	0.0	0.0	0.0	hɛtfɪk	hɛtfɪk	0.0	0.0
hetsex	hɛtsɛks	hɛtsɛks	hɛtsɛks	hɛtsɛks	compound	het|sex	0.0	0.0	0.0	hɛtsɛks	hɛtsɛks	0.0	0.0
hetsmut	hɛtsmʌt	hɛtsmʌt	hɛtsmʌt	hɛtsmʌt	compound	het|smut	0.0	0.0	0.0	hɛtsmʌt	hɛtsmʌt	0.0	0.0
hewings	hjuːɪŋz	hjuɪŋz	hjuɪŋz	huɪŋz	compound	hewing|s	0.0	0.0	0.2	hjuɪŋz	hjuɪŋz	0.0	0.0
hexacosichoron	hɛksəɪkoʊsɪkoʊɹɔn	hɛksəkɑsɪkhøɒn	hɛksəkɒsɪkɔɹɒn	hɛksəkəsɪkɚən	compound	hexa|cosic|hor|on	0.5	0.42857142857142855	0.46153846153846156	hɛksəkəʊsɪkəɹən	hɛksəkɒsɪkɔɹən	0.2	0.42857142857142855
hexadic	hɛksædɪk	hɛksadɪk	hɛksadɪk	hɪɡzædɪk	compound	hexad|ic	0.125	0.125	0.375	hɛksædɪk	hɛɡzædɪk	0.0	0.25
hexafoos	hɛksəfus	hɛksəfuz	hɛksəfuz	hɛksəfuz	compound	hexa|foos	0.125	0.125	0.125	hɛksəfuz	hɛksəfuz	0.125	0.125
hexalingual	hɛksəlɪŋɡwəl	hɛksəlɪŋɡwəl	hɛksəlɪŋɡwəl	hɛksəlɪŋɡuəl	compound	hexa|lingual	0.0	0.0	0.08333333333333333	hɛksəlɪŋgwəl	hɛksəlɪŋɡwəl	0.08333333333333333	0.0
hexapawn	hɛksəpɔːn	hɛksəpɔn	hɛksəpɔn	hɛksəpɔn	compound	hexa|pawn	0.0	0.0	0.0	hɛksəpɔn	hɛksəpɔn	0.0	0.0
hexaple	hɛksæpl	hɛksəplə	hɛksapəl	hɛksəpəl	compound	hexa|p|le	0.25	0.25	0.25	hɛksəpl	hɛksəpəl	0.14285714285714285	0.25
hexavigesimal	hɛksəvaɪdʒɛsɪməl	hɛksəvaɪdʒɛsəməl	hɛksəvaɪdʒsɪməl	hɪɡzævɪdʒsɪməl	compound	hexa|vigesimal	0.0625	0.06666666666666667	0.42857142857142855	hɛksəvɪdʒəsɪməl	hɛksəvɪdʒɛsɪməl	0.13333333333333333	0.06666666666666667
hexd	hɛkst	hɛksd	hɛksd	hɛksd	compound	hex|d	0.2	0.2	0.2	hɛksd	hɛksd	0.2	0.2
hexings	hɛksɪŋz	hɛksɪŋz	hɛksɪŋz	hɛksɪŋz	compound	hexing|s	0.0	0.0	0.0	hɛksɪŋz	hɛksɪŋz	0.0	0.0
hexology	hɛksɒlədʒi	hɛksɒlədʒi	hɛksɒlədʒi	hɛksələdʒi	compound	hex|ology	0.0	0.0	0.1	hɛksɑlədʒi	hɛksɒlədʒi	0.1	0.0
hiation	haɪeɪʃən	haɪeɪʃən	haɪəʃən	hɪeɪʃən	compound	hi|ation	0.0	0.2857142857142857	0.14285714285714285	haɪəʃən	haɪeɪʃən	0.2857142857142857	0.0
hicking	hɪkɪŋ	hɪkɪŋ	hɪkɪŋ	hɪkɪŋ	compound	hick|ing	0.0	0.0	0.0	hɪkɪŋ	hɪkɪŋ	0.0	0.0
hidation	hɪdeɪʃən	hɪdeɪʃən	hɪdeɪʃən	haɪdeɪʃən	compound	hid|ation	0.0	0.0	0.1111111111111111	haɪdeɪʃən	haɪdeɪʃən	0.1111111111111111	0.1111111111111111
highschoolboy	haɪskuːlbɔɪ	haɪskulbɔɪ	haɪskulbɔɪ	haɪʃulbɔɪ	compound	highschool|boy	0.0	0.0	0.2222222222222222	haɪskulbɔɪ	haɪskulbɔɪ	0.0	0.0
highschoolgirl	haɪskuːlɡɜːl	haɪskulɡɜl	haɪskulɡɜl	haɪʃulɡɚl	compound	highschool|girl	0.0	0.0	0.3333333333333333	haɪskulgɜɹl	haɪskulɡɜl	0.18181818181818182	0.0
hindthought	haɪndθɔːt	haɪndθɔt	haɪndθɔt	hɪndθət	compound	hind|thought	0.0	0.0	0.2857142857142857	haɪndθɔt	haɪnthɔt	0.0	0.25
hintings	hɪntɪŋz	hɪntɪŋz	hɪntɪŋz	hɪntɪŋz	compound	hinting|s	0.0	0.0	0.0	hɪntɪŋz	hɪntɪŋz	0.0	0.0
hippietastic	hɪpitæstɪk	hɪpitæstɪk	hɪpaɪəteɪstɪk	hɪpitæstɪk	compound	hippie|tastic	0.0	0.38461538461538464	0.0	hɪpiɾəstæstɪk	hɪpiətæstɪk	0.23076923076923078	0.09090909090909091
hippocampian	hɪpəkæmpiən	hɪpəkæmpiən	hɪpəkampiən	hɪpəkæmpiən	compound	hippocampi|an	0.0	0.09090909090909091	0.0	hɪpəkæmpiən	hɪpəkæmpiən	0.0	0.0
hippyish	hɪpiɪʃ	hɪpiɪʃ	hɪpɪɪʃ	hɪpaɪɪʃ	compound	hippy|ish	0.0	0.16666666666666666	0.2857142857142857	hɪpiɪʃ	hɪpɪɪʃ	0.0	0.16666666666666666
hirs	hiɹz	hɪəz	hɜz	hɚz	compound	hir|s	0.5	0.6666666666666666	0.6666666666666666	hɪɹz	hɜz	0.25	0.6666666666666666
histic	hɪstɪk	hɪstɪk	hɪstɪk	hɪstɪk	compound	hist|ic	0.0	0.0	0.0	hɪstɪk	hɪstɪk	0.0	0.0
historial	hɪstɔːɹiəl	haɪstɔɹiəl	hɪstɔɹɪəl	hɪstɔɹiəl	compound	hi|storial	0.1	0.1111111111111111	0.0	hɪstɔɹiəl	hɪstɔɹɪəl	0.0	0.1111111111111111
hittings	hɪtɪŋz	hɪtɪŋz	hɪtɪŋz	hɪtɪŋz	compound	hitting|s	0.0	0.0	0.0	hɪɾɪŋz	hɪtɪŋz	0.16666666666666666	0.0
hivemind	haɪvmaɪnd	haɪvmaɪnd	haɪvmaɪnd	haɪvmənd	compound	hive|mind	0.0	0.0	0.25	haɪvmaɪnd	haɪvmaɪnd	0.0	0.0
hodiern	hɒdiɜːɹn	hɒdaɪɜɹn	həʊdiən	həʊdiɚn	compound	hod|i|ern	0.25	0.5714285714285714	0.5714285714285714	həʊdiɚn	həʊdiən	0.5714285714285714	0.5714285714285714
hoik	hɔɪk	hɔɪk	hɔɪk	hɔɪk	compound	hoi|k	0.0	0.0	0.0	hɔɪk	hɔɪk	0.0	0.0
hoistings	hɔɪstɪŋz	hɔɪstɪŋz	hɔɪstɪŋz	hɔɪstɪŋz	compound	hoisting|s	0.0	0.0	0.0	hɔɪstɪŋz	hɔɪstɪŋz	0.0	0.0
holovid	hɒləʊvɪd	hɑləʊvɪd	hɒləvɪd	həʊləvɪd	compound	holo|vid	0.125	0.14285714285714285	0.375	hɑləvɪd	hɒləvɪd	0.2857142857142857	0.14285714285714285
homeograph	hɒmiːəʊɡɹæf	həʊməʊɡɹæf	həʊmiɒɡɹaf	həʊməʊɡɹəf	compound	home|o|graph	0.3	0.5	0.4	həʊmiəgɹæf	həʊməɡɹæf	0.4	0.4444444444444444
homogenesis	hoʊmoʊdʒɛnəsɪs	hɒmədʒinsɪs	hɒməʊdʒɛnɪsɪs	hɑmədʒnsɪz	compound	homogene|sis	0.45454545454545453	0.23076923076923078	0.6	hɑməʊdʒɛnəsɪs	hɒmədʒɛnəsɪs	0.15384615384615385	0.25
homosemic	hoʊməsimək	həʊməʊzimɪk	həʊməʊsɛmɪk	hɑməʊsɛmɪk	compound	homos|emic	0.2727272727272727	0.2727272727272727	0.5	həʊməsimɪk	həʊməsɛmɪk	0.1	0.2
homotype	həʊmətaɪp	həʊməʊtaɪp	hɒmətaɪp	hɑmətaɪp	compound	homo|type	0.1	0.25	0.25	həʊmətaɪp	hɒmətaɪp	0.0	0.25
hoodmoulds	hʊdməʊldz	hʊdməʊldz	hʊdməʊldz	hʊdmɔldz	compound	hoodmould|s	0.0	0.0	0.25	hudməʊldz	hʊdməʊldz	0.1111111111111111	0.0
hoofball	huːfbɔːl	hufbɔl	hufbɔl	hʊfbəl	compound	hoof|ball	0.0	0.0	0.3333333333333333	hufbɔl	hufbɔl	0.0	0.0
hookaroon	hʊkəɹuːn	hʊkəɹun	hʊkəɹun	hʊkɑɹun	compound	hooka|roon	0.0	0.0	0.14285714285714285	hʊkəɹun	hʊkəɹun	0.0	0.0
hootings	huːtɪŋz	hutɪŋz	hutɪŋz	hutɪŋz	compound	hooting|s	0.0	0.0	0.0	huɾɪŋz	hutɪŋz	0.16666666666666666	0.0
hooyah	hujɑː	hujɑ	hujə	hujɑ	compound	hoo|yah	0.0	0.25	0.0	hujə	hɔɪə	0.25	0.75
hopemaxx	hoʊpmæks	həʊpmæks	həʊpmaks	həʊpmæksks	compound	hope|maxx	0.0	0.125	0.2	həʊpmæks	həʊpmæks	0.0	0.0
hoplochrism	hɒpləʊkɹɪzm	hɒpləʊkɹɪzəm	hɒpləkɹɪzəm	hɑpləkɹɪzəm	compound	hop|lo|chrism	0.08333333333333333	0.18181818181818182	0.2727272727272727	hɑpləkɹɪzəm	hɒpləkɹɪzəm	0.2727272727272727	0.18181818181818182
horizonal	həɹaɪzənəl	həɹaɪzənæl	hɔɹɪzɒnəl	hɔɹizənəl	compound	horizon|al	0.1	0.3333333333333333	0.3333333333333333	hɔɹəzəʊnəl	həɹɪzənəl	0.4	0.1111111111111111
horribler	hɒɹɪbəlɚ	hɒɹɪbəlɹ	hɒɹɪblə	hɔɹɪblɚ	compound	horrible|r	0.125	0.2857142857142857	0.2857142857142857	hɔɹəbləɹ	hɒɹɪblə	0.625	0.2857142857142857
hortulan	hɔːɹtjʊlən	hɔɹtjulən	hɔtjʊlan	hɔɹtələn	compound	hort|ula|n	0.1111111111111111	0.25	0.25	hɔɹtʃələn	hɔtʃʊlən	0.2222222222222222	0.25
hostry	həʊstɹi	həʊsti	hɒstɹi	hɔstɹi	compound	host|ry	0.16666666666666666	0.3333333333333333	0.3333333333333333	hɑstɹi	hɒstɹi	0.3333333333333333	0.3333333333333333
how'll	haʊl	həll	həəl	həzl	compound	howl|l	0.25	0.25	0.25	həəl	həl	0.25	0.0
how'm	haʊm	həm	həm	həzm	compound	how|m	0.0	0.0	0.25	həm	həm	0.0	0.0
how't	haʊt	hət	hət	həɪt	compound	how|t	0.0	0.0	0.25	hət	hət	0.0	0.0
how've	haʊv	həvi	həəv	həzv	compound	how|ve	0.25	0.25	0.25	həv	həv	0.0	0.0
huemul	weɪmuːl	hjumul	hjumʌl	huməl	compound	hue|mu|l	0.5	0.6666666666666666	0.8	hjuməl	hjuməl	0.6666666666666666	0.6666666666666666
huffaz	hʊfɑːz	hʌfəz	hʌfaz	hʌfəz	compound	huff|az	0.4	0.4	0.4	hʌfəz	hʌfæz	0.4	0.4
huggings	hʌɡɪŋz	hʌɡɪŋz	hʌɡɪŋz	hʌɡɪŋz	compound	hugging|s	0.0	0.0	0.0	hʌɡɪŋz	hʌɡɪŋz	0.0	0.0
hulaing	huːləɪŋ	huləɪŋ	hjʊleɪŋ	hulɪŋ	compound	hula|ing	0.0	0.42857142857142855	0.2	huleɪŋ	hjuleɪŋ	0.16666666666666666	0.2857142857142857
hulkish	hʌlkɪʃ	hʌlkɪʃ	hʌlkɪʃ	hʌlkɪʃ	compound	hulk|ish	0.0	0.0	0.0	hʌlkɪʃ	hʌlkɪʃ	0.0	0.0
hummings	hʌmɪŋz	hʌmɪŋz	hʌmɪŋz	hʌmɪŋz	compound	humming|s	0.0	0.0	0.0	hʌmɪŋz	hʌmɪŋz	0.0	0.0
humpings	hʌmpɪŋz	hʌmpɪŋz	hʌmpɪŋz	hʌmpɪŋz	compound	humping|s	0.0	0.0	0.0	hʌmpɪŋz	hʌmpɪŋz	0.0	0.0
hunchings	hʌntʃɪŋz	hʌntʃɪŋz	hʌntʃɪŋz	hʌntʃɪŋz	compound	hunching|s	0.0	0.0	0.0	hʌnt͡ʃɪŋz	hʌntʃɪŋz	0.1111111111111111	0.0
huperzia	huːpɜːɹziə	hjupɹziə	hjupəziə	hjupɚziə	compound	hupe|r|zia	0.25	0.375	0.375	hupɚziə	hjupɜziə	0.2857142857142857	0.25
huqin	huːtʃɪn	hukɪn	hjukɪn	hjukn	compound	hu|qin	0.4	0.5	0.8	hukɪn	hjukɪn	0.4	0.5
husbando	həzbændəʊ	hʌsbəndəʊ	hʌsbəndəʊ	hʌsbændəʊ	compound	husband|o	0.3333333333333333	0.3333333333333333	0.2222222222222222	hʌsbəndəʊ	hʌsbændəʊ	0.3333333333333333	0.2222222222222222
hyalosign	haɪəloʊsaɪn	haɪələʊsaɪn	haɪəlɒsaɪn	haɪələsin	compound	hy|alo|sign	0.0	0.2	0.3333333333333333	haɪələʊsaɪn	haɪələsaɪn	0.0	0.1
hydraemia	hʌɪdɹiːmɪə	haɪdɹimiə	haɪdɹimiə	hɪdɹəmiə	compound	hydrae|mia	0.2222222222222222	0.2222222222222222	0.375	haɪdɹimiə	haɪdɹimiə	0.2222222222222222	0.2222222222222222
hydroxydaunorubicin	haɪdɹɒksɪdɔːnəɹuːbɪsɪn	haɪdɹɒksidɔnəʊɹubɪsɪn	haɪdɹɒksɪdɔnɔɹubɪsɪn	hɪdɹəksidənɚəbɪsɪn	compound	hydroxy|daunorubicin	0.09523809523809523	0.05	0.3888888888888889	haɪdɹɒksɪdɔnəɹubɪsɪn	haɪdɹɒksɪdɔnəɹjubɪsɪn	0.0	0.047619047619047616
hydroxymethylsulfonate	haɪdɹɑksimɛθəlsʌlfəneɪt	haɪdɹɒksimiθaɪlsʌlfəneɪt	haɪdɹɒksɪmiθɪlsʌlfəneɪt	hɪdɹəksaɪmɛθəlsəlfəneɪt	compound	hydroxy|methyl|sulfonate	0.16666666666666666	0.17391304347826086	0.21739130434782608	haɪdɹɒksiməθɪlsʌlfəneɪt	haɪdɹɒksaɪmθɪlsʌlfəneɪt	0.13043478260869565	0.21739130434782608
hyetograph	haɪɛtəɡɹæf	haɪtuɡɹæf	haɪɪtɒɡɹaf	hjɛtəɡɹəf	compound	hye|to|graph	0.2222222222222222	0.3	0.3333333333333333	haɪətɑgɹæf	haɪɪtɒɡɹæf	0.3	0.2
hygraulic	haɪɡɹɔːlɪk	haɪɡɹɔlɪk	haɪɡɹɔlɪk	hɪɡɹəlɪk	compound	hy|graul|ic	0.0	0.0	0.25	haɪgɹɔlɪk	haɪɡɹɔlɪk	0.1111111111111111	0.0
hygrostat	haɪɡɹəʊstat	haɪɡɹəʊstæt	haɪɡɹəstat	hɪɡɹəʊstət	compound	hy|gros|tat	0.09090909090909091	0.1	0.2	haɪgɹəʊstæt	haɪɡɹəstæt	0.18181818181818182	0.2
hylotheism	haɪloʊθiɪzəm	haɪləʊθiɪzəm	haɪləθiɪzəm	haɪləθaɪzm	compound	hy|lo|theism	0.0	0.09090909090909091	0.3	haɪləʊθiɪzəm	haɪləθiɪzəm	0.0	0.09090909090909091
hyperabsolutism	haɪpɚæbsɒluːtɪzm	haɪpəæbsəlutɪzəm	haɪpəɹabsəlutɪzəm	haɪpɚəbsəlutɪzəm	compound	hyper|absolutism	0.1875	0.29411764705882354	0.1875	haɪpəɹæbsəljuɾɪzəm	haɪpəɹæbsəlutɪzəm	0.3333333333333333	0.23529411764705882
hyperacid	haɪpɚæsɪd	haɪpəæsɪd	haɪpəɹasɪd	haɪpɚəsɪd	compound	hyper|acid	0.1111111111111111	0.3	0.1111111111111111	haɪpəɹæsɪd	haɪpəɹəsɪd	0.2	0.3
hyperbeam	haɪpəɹbiːm	haɪpəbim	haɪpəbim	haɪpɚbim	compound	hyper|beam	0.125	0.125	0.25	haɪpəɹbim	haɪpəbim	0.0	0.125
hyperbomb	haɪpəɹbɑm	haɪpəbɒm	haɪpəbɒm	haɪpɚbɑm	compound	hyper|bomb	0.25	0.25	0.25	haɪpəɹbɑm	haɪpəbɒm	0.0	0.25
hypercolonize	haɪpɚkɑlənaɪz	haɪpəkɑlənaɪz	haɪpəkɒlənaɪz	haɪpɚkələnaɪz	compound	hyper|colonize	0.07692307692307693	0.15384615384615385	0.07692307692307693	haɪpəɹkɑlənaɪz	haɪpəkɒlənaɪz	0.14285714285714285	0.15384615384615385
hyperdiamond	haɪpədaɪəmənd	haɪpədaɪəmənd	haɪpədaɪəmənd	haɪpɚdiəmənd	compound	hyper|diamond	0.0	0.0	0.25	haɪpəɹdaɪəmənd	haɪpɜdɪəmɒnd	0.07142857142857142	0.25
hyperdiffusion	haɪpədɪfjuːʒən	haɪpədɪfjuʒən	haɪpədɪfjuʒən	haɪpɚdɪfjuʃən	compound	hyper|diffusion	0.0	0.0	0.15384615384615385	haɪpəɹdɪfjuʒən	haɪpədɪfjuʒən	0.07142857142857142	0.0
hyperdiffusionism	haɪpədɪfjuːʒənizəm	haɪpədɪfjuʒənɪzəm	haɪpədɪfjuʒənɪzəm	haɪpɚdɪfjuʃənɪzəm	compound	hyper|diffusionism	0.058823529411764705	0.058823529411764705	0.17647058823529413	haɪpəɹdɪfjuʒənɪzəm	haɪpədɪfjuʒənɪzəm	0.1111111111111111	0.058823529411764705
hypereminent	haɪpəɹɛmɪnənt	haɪpəɛmɪnənt	haɪpəɹɛmɪnənt	haɪpɚɛmɪnənt	compound	hyper|eminent	0.08333333333333333	0.0	0.16666666666666666	haɪpəɹɛmənənt	haɪpəɹɛmɪnənt	0.07692307692307693	0.0
hyperfactorial	haɪpəɹfæktɔːɹiəl	haɪpəfæktɔɹɪəl	haɪpəfaktɔɹɪəl	haɪpɚfæktɔɹiəl	compound	hyper|factorial	0.14285714285714285	0.21428571428571427	0.14285714285714285	haɪpəɹfæktɔɹiəl	haɪpəfəktɔɹɪəl	0.0	0.21428571428571427
hypermasculine	haɪpəɹmæskjʊlɪn	haɪpəmæskjʊlɪn	haɪpəmaskjʊlɪn	haɪpɚməskjəlɪn	compound	hyper|masculine	0.07142857142857142	0.14285714285714285	0.2857142857142857	haɪpəɹmæskjələn	haɪpəmæskjʊlin	0.13333333333333333	0.14285714285714285
hypermenorrhea	haɪpəɹmɛnəɹiːə	haɪpəmɛnəɹiə	haɪpəmɛnɒɹiə	haɪpɚmənɔɹhi	compound	hyper|menorrhea	0.08333333333333333	0.16666666666666666	0.5	haɪpəɹmɛnəɹiə	haɪpəmɛnəɹiə	0.0	0.08333333333333333
hypermissile	haɪpɚmɪsaɪl	haɪpəmɪsaɪl	haɪpəmɪsaɪl	haɪpɚmɪsɪl	compound	hyper|missile	0.09090909090909091	0.09090909090909091	0.1	haɪpəɹmɪsəl	haɪpəmɪsaɪl	0.36363636363636365	0.09090909090909091
hypermuscle	haɪpəɹmʌsəl	haɪpəmʌsəl	haɪpəmʌsəl	haɪpɚməskl	compound	hyper|muscle	0.1	0.1	0.4	haɪpəɹmʌsəl	haɪpəmʌskəl	0.0	0.18181818181818182
hyperplasma	haɪpəɹplæzmə	haɪpəplæzmə	haɪpəplazmə	haɪpɚplæsmə	compound	hyper|plasma	0.09090909090909091	0.18181818181818182	0.2727272727272727	haɪpəɹplæzmə	haɪpəplæzmə	0.0	0.09090909090909091
hyperpolyglot	haɪpəɹpɒliɡlɒt	haɪpəpɒlɪɡlɒt	haɪpəpɒlɪɡlɒt	haɪpɚpəliɡlət	compound	hyper|polyglot	0.15384615384615385	0.15384615384615385	0.3076923076923077	haɪpəɹpɑləglɑt	haɪpəpɒlɪɡlɒt	0.2857142857142857	0.15384615384615385
hyperregulate	haɪpəɹɛɡjuːleɪt	haɪpəɹɛɡjuleɪt	haɪpəɹɛɡjʊleɪt	haɪpɚɚɡjəleɪt	compound	hyper|regulate	0.0	0.07142857142857142	0.3076923076923077	haɪpəɹɹɛgjəleɪt	haɪpəɹɛɡjʊleɪt	0.2	0.07142857142857142
hypersuperlative	haɪpəɹsuːpɜːlətɪv	haɪpəsupɜlətɪv	haɪpəsupɜlətɪv	haɪpɚsupɚlətɪv	compound	hyper|superlative	0.07142857142857142	0.07142857142857142	0.21428571428571427	haɪpəɹsupəɹleɪɾɪv	haɪpəsupələtɪv	0.29411764705882354	0.14285714285714285
hypersupreme	haɪpəɹsjuːpɹiːm	haɪpəsupɹim	haɪpəsupɹim	haɪpɚsəpɹɪm	compound	hyper|supreme	0.18181818181818182	0.18181818181818182	0.45454545454545453	haɪpəɹsəpɹim	haɪpəsəpɹim	0.16666666666666666	0.2727272727272727
hypertopology	haɪpəɹtəpɒlədʒi	haɪpətəpɒlədʒi	haɪpətəpɒlədʒi	haɪpɚtəpɑlədʒi	compound	hyper|topology	0.07142857142857142	0.07142857142857142	0.21428571428571427	haɪpəɹtɑpɑlədʒi	haɪpətəpɒlədʒi	0.13333333333333333	0.07142857142857142
hypocholesteric	haɪpəʊkɔlɪstɛɹɪk	haɪpəʊkəʊlstɛɹɪk	haɪpəʊkəʊlstɛɹɪk	haɪpɑkəʊlɛstɚɪk	compound	hypo|cholesteric	0.1875	0.1875	0.4666666666666667	haɪpəʊkəlɛstəɹɪk	haɪpəʊkəʊləstɛɹɪk	0.1875	0.17647058823529413
hypocrateriform	haɪpəʊkɹətɪəɹɪfɔːɹm	haɪpəʊkɹeɪtəɪfɔm	hɪpəkɹatəɹɪfɔm	haɪpəkɹeɪtɛɹifɔɹm	compound	hypo|crater|iform	0.3125	0.35714285714285715	0.35294117647058826	haɪpəʊkɹeɪɾəɹɪfɔɹm	haɪpəʊkɹætəɹaɪfɔm	0.16666666666666666	0.23529411764705882
hypodiastole	haɪpədaɪæstəli	haɪpəʊdaɪəstəʊl	haɪpəʊdaɪəstəʊl	haɪpəʊdiəstəʊl	compound	hypo|diastole	0.26666666666666666	0.26666666666666666	0.42857142857142855	haɪpəʊdaɪæstəli	haɪpəʊdɪəstəʊl	0.06666666666666667	0.35714285714285715
hypophrygian	haɪpəʊfɹɪdʒiən	haɪpəʊfɹɪdʒiən	haɪpəʊfɹaɪdʒən	haɪpəfɹaɪʒən	compound	hypo|phrygian	0.0	0.14285714285714285	0.3333333333333333	haɪpəʊfɹɪdʒiən	haɪpəfɹɪdʒən	0.0	0.16666666666666666
hypotrichosis	haɪpəʊtɹaɪkəʊsɪs	haɪpəʊtɹaɪtʃəʊsɪs	haɪpəʊtɹɪtʃəʊsɪs	haɪpətɹɪkəʊzɪz	compound	hypo|tri|cho|sis	0.11764705882352941	0.1875	0.2857142857142857	haɪpəʊtɹəkəʊsɪs	haɪpətɹɪkəʊsɪs	0.13333333333333333	0.14285714285714285
hypozeuxis	haɪpəzjuːksɪs	haɪpəʊzjuksɪs	haɪpəʊzjuksɪs	haɪpəzjuksɪz	compound	hypo|zeuxis	0.07692307692307693	0.07692307692307693	0.08333333333333333	haɪpəʊzuksɪs	haɪpəʊzjuksɪs	0.16666666666666666	0.07692307692307693
hyraceum	haɪɹeɪsiəm	haɪɹeɪsʌm	haɪɹəsiəm	haɪɹəsum	compound	hy|race|um	0.2222222222222222	0.2222222222222222	0.5	haɪɹəsiəm	haɪɹəsiəm	0.2222222222222222	0.2222222222222222
hysterokinetic	hɪstəɹəʊkɪnɛtɪk	hɪstɝəʊkɪnɛtɪk	hɪstəɹɒkaɪnɛtɪk	hɪstɚəʊkɪnɛtɪk	compound	hyster|okin|etic	0.14285714285714285	0.2	0.14285714285714285	hɪstəɹəʊkənɛɾɪk	hɪstəɹəʊkɪnɛtɪk	0.13333333333333333	0.0
iconomical	aɪkənɒmɪkəl	aɪkɒnɒmɪkəl	aɪkənɒmɪkəl	ɪkənəmɪkəl	compound	icon|om|ical	0.09090909090909091	0.0	0.2	aɪkənɑmɪkəl	aɪkənɒmɪkəl	0.09090909090909091	0.0
icositetrachoron	aɪkoʊsɪtɛtɹəkoʊɹɔn	aɪkəʊsitɛtɹətʃəʊɹɑn	aɪkəsaɪttɹəkɔɹɒn	ɪkəʊsɪtɛtɹətʃɚən	compound	i|cosi|tetra|cho|ron	0.21052631578947367	0.375	0.375	aɪkɒsɪtɛtɹəkəɹɒn	aɪkəsɪtɪtɹəkɔɹən	0.25	0.3125
identic	aɪdɛntɪk	aɪdɛntɪk	aɪdɛntɪk	aɪdɛntɪk	compound	ident|ic	0.0	0.0	0.0	aɪdɛntɪk	aɪdɛntɪk	0.0	0.0
idiochromosome	ɪdɪəʊkɹəʊməsəʊm	aɪdaɪəʊkɹəʊməsəʊm	ɪdɪəkɹəʊməʊsəʊm	ɪdaɪəkɹəməʊsəm	compound	id|io|chromosome	0.11764705882352941	0.13333333333333333	0.35714285714285715	ɪdɪəʊkɹəʊməsəʊm	ɪdɪəʊkɹəʊməʊsʌm	0.0	0.2
idn't	ɪdnt	aɪdnt	aɪdənt	ɪdnɪt	compound	id|nt	0.2	0.3333333333333333	0.2	ɪdənt	ɪdənt	0.2	0.2
idolic	aɪdɒlɪk	aɪdəlɪk	aɪdəlɪk	ɪdɑlɪk	compound	idol|ic	0.14285714285714285	0.14285714285714285	0.3333333333333333	aɪdɒlɪk	aɪdɒlɪk	0.0	0.0
if't	ɪft	ɪft	ɪft	ɪfɪt	compound	if|t	0.0	0.0	0.25	ɪft	aɪft	0.0	0.25
ignoranter	ɪɡnəɹəntɚ	ɪɡnəɹəntɜ	ɪɡnəɹəntə	ɪɡnɚəntɚ	compound	ignorant|er	0.1111111111111111	0.1111111111111111	0.25	ɪgnɔɹəntɚ	ɪɡnəɹɑntə	0.2222222222222222	0.2222222222222222
ikejime	iːkeɪdʒiːmeɪ	aɪkdʒɪmi	aɪkdʒaɪm	aɪkdʒaɪm	compound	ike|jim|e	0.875	1.0	1.0	aɪkədʒimi	aɪkdʒaɪm	0.6666666666666666	1.0
immeability	ɪmiəbɪlɪti	ɪmiəbɪləti	ɪmibɪlɪti	ɪməbɪlɪti	compound	imm|e|ability	0.1	0.1111111111111111	0.1111111111111111	ɪməbɪləɾi	ɪmiəbɪlɪti	0.3333333333333333	0.0
immoralist	ɪmɒɹəlɪst	ɪmɒɹəlɪst	ɪmɒɹəlɪst	ɪmɚəlɪst	compound	immoral|ist	0.0	0.0	0.25	ɪmɔɹələst	ɪmɒɹəlɪst	0.2222222222222222	0.0
immunocapture	ɪmjuːnəʊkæptʃɚ	ɪmjunəʊkæptʃə	ɪmjunəkaptʃə	ɪmjunəʊkəptʃɚ	compound	immuno|capture	0.07692307692307693	0.25	0.07692307692307693	ɪmjənəʊkæptʃəɹ	ɪmjunəkæptʃə	0.21428571428571427	0.16666666666666666
immunoglobular	ɪmjʊnoʊɡlɒbjʊlɚ	ɪmjunəʊɡlɒbjʊlə	ɪmjunəɡlɒbjʊlə	ɪmjunɑɡləbjəlɚ	compound	immuno|globular	0.13333333333333333	0.21428571428571427	0.35714285714285715	ɪmjənəʊglɑbjələɹ	ɪmjunəɡlɒbjʊlə	0.375	0.21428571428571427
immunotyping	ɪmjuːnoʊtaɪpɪŋ	ɪmjunəʊtaɪpɪŋ	ɪmjunətaɪpɪŋ	ɪmjunətipɪŋ	compound	immuno|typing	0.0	0.08333333333333333	0.2727272727272727	ɪmjunəʊtaɪpɪŋ	ɪmjunəʊtaɪpɪŋ	0.0	0.0
impalings	ɪmpeɪlɪŋz	ɪmpeɪlɪŋz	ɪmpeɪlɪŋz	ɪmpəlɪŋz	compound	impaling|s	0.0	0.0	0.25	ɪmpeɪlɪŋz	ɪmpeɪlɪŋz	0.0	0.0
impentamine	ɪmpɛntəmiːn	ɪmpɛntəmin	ɪmpɛntəmin	ɪmpɛntəmɪn	compound	impent|amine	0.0	0.0	0.1	ɪmpɛntəmin	ɪmpɛntəmin	0.0	0.0
impetrative	ɪmpɛtɹətɪv	aɪmpɛtɹətɪv	ɪmpɛtɹətɪv	ɪmpɛtɹətɪv	compound	im|petra|tive	0.09090909090909091	0.0	0.0	ɪmpɛtɹəɾɪv	ɪmpɛtɹətɪv	0.1	0.0
impleach	ɪmpliːtʃ	ɪmplitʃ	ɪmplitʃ	ɪmplitʃ	compound	imp|leach	0.0	0.0	0.0	ɪmplitʃ	ɪmplitʃ	0.0	0.0
implex	ɪmplɛks	ɪmplɛks	ɪmplɛks	ɪmplɛks	compound	imp|lex	0.0	0.0	0.0	ɪmplɛks	ɪmplɛks	0.0	0.0
implike	ɪmplaɪk	ɪmplaɪk	ɪmplaɪk	ɪmplaɪk	compound	imp|like	0.0	0.0	0.0	ɪmplaɪk	ɪmplaɪk	0.0	0.0
impregn	ɪmpɹiːn	ɪmpɹɛɡn	ɪmpɹɛɡn	ɪmpɹɛɡn	compound	imp|reg|n	0.2857142857142857	0.2857142857142857	0.2857142857142857	ɪmpɹɛgn	ɪmpɹɛɡn	0.2857142857142857	0.2857142857142857
impriming	ɪmpɹaɪmɪŋ	ɪmpɹaɪmɪŋ	ɪmpɹaɪmɪŋ	ɪmpɹɪmɪŋ	compound	imp|riming	0.0	0.0	0.125	ɪmpɹaɪmɪŋ	ɪmpɹaɪmɪŋ	0.0	0.0
in't	ɪnt	ɪnt	ɪnt	ɪnzt	compound	in|t	0.0	0.0	0.25	ɪnt	ɪnt	0.0	0.0
inapprehensible	ɪnæpɹɪhɛnsɪbl	ɪnapɹɪhɛnsɪbəl	ɪnapɹɪhɛnsɪbəl	ɪnæpɹhɛnsɪbəl	compound	in|apprehensible	0.14285714285714285	0.14285714285714285	0.15384615384615385	ɪnəpɹeənəbəl	ɪnæpɹɪhɛnsəbəl	0.5833333333333334	0.14285714285714285
incalescent	ɪnkəlɛsənt	ɪnkəlɛsənt	ɪŋkalɛsənt	ɪŋkəlɛsənt	compound	in|calescent	0.0	0.2	0.1	ɪŋkəlɛsənt	ɪnkəlɛsənt	0.1	0.0
incentivized	ɪnsɛntɪvaɪzd	ɪnsɛntəvaɪzd	ɪnsɛntɪvaɪzd	ɪnsɛntɪvaɪzd	compound	incentivize|d	0.08333333333333333	0.0	0.0	ɪnsɛntəvaɪzd	ɪnsɛntɪvaɪzd	0.08333333333333333	0.0
inchings	ɪntʃɪŋz	ɪntʃɪŋz	ɪntʃɪŋz	ɪntʃɪŋz	compound	inching|s	0.0	0.0	0.0	ɪnt͡ʃɪŋz	ɪntʃɪŋz	0.125	0.0
incommunicate	ɪnkəmjunɪkət	ɪnkəmjunɪkeɪt	ɪŋkəmjunɪkeɪt	ɪŋkəmjunɪkeɪt	compound	in|communicate	0.15384615384615385	0.23076923076923078	0.23076923076923078	ɪŋkəmjunɪkeɪt	ɪnkəmjunɪkeɪt	0.23076923076923078	0.15384615384615385
inconclusion	ɪŋkənkluːʒən	ɪnkənkluʒən	ɪŋkəŋkluʒən	ɪŋkəŋkluʒən	compound	in|conclusion	0.09090909090909091	0.09090909090909091	0.09090909090909091	ɪŋkənskluʒən	ɪnkənkluʒən	0.08333333333333333	0.09090909090909091
incontaminate	ɪŋkəntæmɪnət	ɪnkəntæmɪneɪt	ɪŋkəntamɪneɪt	ɪŋkəntəməneɪt	compound	in|contaminate	0.23076923076923078	0.23076923076923078	0.3076923076923077	ɪŋkəntæmɪneɪt	ɪnkəntæmɪneɪt	0.15384615384615385	0.23076923076923078
incontiguous	ɪnkəntɪɡjuəs	ɪnkəntɪɡjuəs	ɪŋkəntɪɡjuəs	ɪŋkəntɪɡəʊs	compound	in|contiguous	0.0	0.08333333333333333	0.36363636363636365	ɪnkəntɪgjʊəs	ɪnkəntɪɡjuəs	0.16666666666666666	0.0
incuba	ɪnkjuːbə	ɪnkjubə	ɪŋkjubə	ɪŋkjubə	compound	in|cuba	0.0	0.14285714285714285	0.14285714285714285	ɪŋkubə	ɪnkjubə	0.3333333333333333	0.0
incumbrance	ɪnkʌmbɹəns	ɪŋkʌmbɹəns	ɪŋkʌmbɹəns	ɪŋkʌmbɹæns	compound	inc|umbra|nce	0.1	0.1	0.2	ɪŋkʌmbɹəns	ɪnkʌmbɹəns	0.1	0.0
indeciduous	ɪndɪsɪdjuəs	ɪndɪsɪdjuəs	ɪndɪsɪdjuəs	ɪndɪsɪdʒuəʊs	compound	in|deciduous	0.0	0.0	0.16666666666666666	ɪndəsɪdʒəwəs	ɪndɪsɪdjuəs	0.3333333333333333	0.0
indeficient	ɪndɪfɪʃənt	ɪndɪfɪʃənt	ɪndɪfɪʃənt	ɪndɪfɪʃənt	compound	in|deficient	0.0	0.0	0.0	ɪndɛfəsənt	ɪndɪfɪʃənt	0.3	0.0
indegree	ɪndəɡɹiː	ɪndɪɡɹi	ɪndɪɡɹi	ɪndɪɡɹi	compound	in|degree	0.14285714285714285	0.14285714285714285	0.14285714285714285	ɪndigɹi	ɪndɪɡɹi	0.2857142857142857	0.14285714285714285
independentist	ɪndəpɛndəntɪst	ɪndɪpɛndəntɪst	ɪndɪpɛndəntɪst	ɪndɪpɛndɛntɪst	compound	independent|ist	0.07142857142857142	0.07142857142857142	0.14285714285714285	ɪndɪpɛndəntəst	ɪndɪpɛndəntɪst	0.14285714285714285	0.07142857142857142
indistinction	ɪndɪstɪŋkʃən	ɪndɪstɪŋktən	ɪndɪstɪŋkʃən	ɪndɪstɪŋkʃən	compound	indistinct|ion	0.08333333333333333	0.0	0.0	ɪndɪstɪŋkʃən	ɪndɪstɪŋkʃən	0.0	0.0
indoctrinational	ɪndɒktɹɪneɪʃənəl	ɪndɒktɹɪneɪʃənæl	ɪndɒktɹɪneɪʃənəl	ɪndəktɹɪneɪʃənəl	compound	indoctrination|al	0.0625	0.0	0.0625	ɪndɑktɹəneɪʃənəl	ɪndɒktɹɪneɪʃənəl	0.125	0.0
inedia	ɪniːdiə	ɪnidiə	ɪnɛdiə	aɪnɛdiə	compound	in|edi|a	0.0	0.16666666666666666	0.2857142857142857	ɪnidiə	ɪnidɪə	0.0	0.16666666666666666
inediate	ɪniːdiɪt	ɪnidieɪt	ɪnɛdɪeɪt	aɪnɛdieɪt	compound	in|edi|ate	0.125	0.375	0.3333333333333333	ɪnidiət	ɪnidɪeɪt	0.14285714285714285	0.25
inexistence	ɪnɪɡzɪstəns	ɪnɛɡzɪstəns	ɪnɛɡzɪstəns	ɪnɛksɪstəns	compound	in|existence	0.09090909090909091	0.09090909090909091	0.2727272727272727	ɪnɪgzɪstəns	ɪnɛɡzɪstəns	0.09090909090909091	0.09090909090909091
infame	ɪnfeɪm	ɪnfeɪm	ɪnfəm	ɪnfəm	compound	in|fame	0.0	0.4	0.4	ɪnfeɪm	ɪnfeɪm	0.0	0.0
infantilely	ɪnfəntaɪlli	ɪnfəntaɪllɪ	ɪnfəntaɪlli	ɪnfæntɪlli	compound	infantile|ly	0.09090909090909091	0.0	0.2	ɪnfəntɪlli	ɪnfɑntɪlli	0.1	0.2
infantorium	ɪnfəntɔːɹiəm	ɪnfəntɔɹiʌm	ɪnfantɔɹiəm	ɪnfæntɔɹiəm	compound	infant|ori|um	0.09090909090909091	0.09090909090909091	0.09090909090909091	ɪnfəntɔɹiəm	ɪnfɑntɔɹiəm	0.0	0.09090909090909091
infiltrationism	ɪnfɪltɹeɪʃənɪzm	ɪnfɪltɹeɪʃənɪzəm	ɪnfɪltɹeɪʃənɪzəm	ɪnfɪltɹeɪʃənɪzəm	compound	infiltration|ism	0.0625	0.0625	0.0625	ɪnfɪltɹeɪʃənɪzəm	ɪnfɪltɹeɪʃənɪzəm	0.0625	0.0625
inflammage	ɪnfləmeɪdʒ	ɪnflæmeɪdʒ	ɪnflamɪdʒ	ɪnflæmɪdʒ	compound	in|flamm|age	0.1	0.2222222222222222	0.2222222222222222	ɪnflæmɪdʒ	ɪnflæmɪdʒ	0.2222222222222222	0.2222222222222222
infrigidate	ɪnfɹɪdʒɪdeɪt	ɪnfɹɪdʒɪdeɪt	ɪnfɹɪdʒɪdeɪt	ɪnfɹɪdʒɪdeɪt	compound	in|frigid|ate	0.0	0.0	0.0	ɪnfɹɪdʒədeɪt	ɪnfɹɪdʒɪdeɪt	0.08333333333333333	0.0
infrigidation	ɪnfɹɪdʒɪdeɪʃən	ɪnfɹɪdʒɪdeɪʃən	ɪnfɹɪdʒɪdeɪʃən	ɪnfɹɪdʒɪdeɪʃən	compound	in|frigid|ation	0.0	0.0	0.0	ɪnfɹɪdʒədeɪʃən	ɪnfɹɪdʒɪdeɪʃən	0.07142857142857142	0.0
ingemination	ɪndʒɛmɪneɪʃən	ɪndʒɛmɪneɪʃən	ɪndʒɛmɪneɪʃən	ɪŋɛməneɪʃən	compound	in|gemination	0.0	0.0	0.36363636363636365	ɪndʒɛməneɪʃən	ɪndʒɛmɪneɪʃən	0.07692307692307693	0.0
ingenuine	ɪndʒɛnjuːɪn	ɪndʒɛnjuɪn	ɪndʒɛnjuɪn	ɪŋənwin	compound	in|genuine	0.0	0.0	1.0	ɪŋdʒɛnjuin	ɪndʒɪnjuɪn	0.2	0.1
inhiation	ɪnhaɪeɪʃən	ɪnhaɪeɪʃən	ɪnhaɪəʃən	ɪnhieɪʃən	compound	in|hi|ation	0.0	0.2222222222222222	0.2222222222222222	ɪnhaɪeɪʃən	ɪnhaɪeɪʃən	0.0	0.0
inimicitious	ɪnɪmɪsɪʃəs	ɪnaɪmɪsɪʃəs	ɪnɪmɪsɪʃəs	ɪnɪmɪsɪʃəs	compound	in|im|ici|tious	0.09090909090909091	0.0	0.0	ɪnɪmɪsɪʃəs	ɪnɪmɪsɪʃəs	0.0	0.0
inkstick	ɪŋkstɪk	ɪŋkstɪk	ɪŋkstɪk	ɪŋkstɪk	compound	inks|tick	0.0	0.0	0.0	ɪŋkstɪk	ɪŋkstɪk	0.0	0.0
innovent	ɪnəvɛnt	ɪnəʊvɛnt	ɪnəvənt	ɪnəvənt	compound	inno|vent	0.125	0.14285714285714285	0.14285714285714285	ɪnəʊvənt	ɪnəvənt	0.25	0.14285714285714285
innovented	ɪnəvɛntɪd	ɪnəʊvɛntɪd	ɪnəvəntɪd	ɪnəvɛntɪd	compound	inno|vented	0.1	0.1111111111111111	0.0	ɪnəvɛntᵻd	ɪnəʊvɛntɪd	0.1111111111111111	0.1
inoptimal	ɪnɒptɪməl	ɪnɒptɪməl	ɪnɒptɪməl	ɪnɑptɪməl	compound	in|optimal	0.0	0.0	0.1111111111111111	ɪnɑptɪməl	ɪnɒptɪməl	0.1111111111111111	0.0
inpat	ɪnpæt	ɪnpæt	ɪnpat	ɪnpət	compound	in|pat	0.0	0.2	0.2	ɪnpæt	ɪnpæt	0.0	0.0
inquinate	ɪnkwɪneɪt	ɪnkwaɪneɪt	ɪŋkwɪneɪt	ɪŋkwɪneɪt	compound	in|quinate	0.1	0.1111111111111111	0.1111111111111111	ɪŋkwɪneɪt	ɪnkwɪneɪt	0.1111111111111111	0.0
inscripturated	ɪnskɹɪptʃəɹeɪtɪd	ɪnskɹɪptʃəɹeɪtd	ɪnskɹɪptʃəɹeɪtɪd	ɪnskɹɪptʃɚeɪtd	compound	inscripturate|d	0.06666666666666667	0.0	0.21428571428571427	ɪnskɹɪptʃəɹeɪɾᵻd	ɪnskɹɪptʃəɹeɪtɪd	0.125	0.0
inscripturates	ɪnskɹɪptʃəɹeɪts	ɪnskɹɪptʃəɹeɪtz	ɪnskɹɪptʃəɹeɪts	ɪnskɹɪptʃɚeɪts	compound	inscripturate|s	0.06666666666666667	0.0	0.14285714285714285	ɪnskɹɪptʃəɹeɪts	ɪnskɹɪptʃəɹeɪts	0.0	0.0
insolvated	ɪnsoʊlveɪtɪd	ɪnsɒlveɪtɪd	ɪnsɒlveɪtɪd	ɪnsəlveɪtɪd	compound	in|solvated	0.18181818181818182	0.18181818181818182	0.09090909090909091	ɪnsɑlveɪɾᵻd	ɪnsəlveɪtɪd	0.36363636363636365	0.09090909090909091
instadeath	ɪnstədɛθ	ɪnstədɛθ	ɪnsteɪdaθ	ɪnsteɪdəθ	compound	insta|death	0.0	0.3333333333333333	0.3333333333333333	ɪnsteɪdθ	ɪnsteɪdɪθ	0.375	0.3333333333333333
instakill	ɪnstəkɪl	ɪnstəkɪl	ɪnstakɪl	ɪnstəkɪl	compound	insta|kill	0.0	0.125	0.0	ɪnstækkɪl	ɪnstəkɪl	0.2222222222222222	0.0
insusurration	ɪnsuːsəɹeɪʃən	ɪnsjusəɹeɪʃən	ɪnsuzəɹeɪʃən	ɪnsəsɚeɪʃən	compound	in|susurration	0.07692307692307693	0.08333333333333333	0.2727272727272727	ɪnsusəɹeɪʃən	ɪnsʌsəɹeɪʃən	0.0	0.08333333333333333
int'resting	ɪntɹɛstɪŋ	ɪntɹɛstɪŋ	ɪntɹɛstɪŋ	ɪntɚɛstɪŋ	compound	in|trest|ing	0.0	0.0	0.1111111111111111	ɪntɹɛstɪŋ	ɪntɹɛstɪŋ	0.0	0.0
intarweb	ɪntɑːwɛb	ɪntɑwɛb	ɪntɑwɛb	ɪntɚwb	compound	in|tar|web	0.0	0.0	0.3333333333333333	ɪntɑɹwɛb	ɪntɑwɛb	0.125	0.0
intempestivity	ɪntɛmpɛstɪvɪti	ɪntɛmpəstɪvɪti	ɪntɛmpɪstɪvɪti	ɪntɛmpɛstɪvɪti	compound	in|tempest|iv|ity	0.07142857142857142	0.07142857142857142	0.0	ɪntɛmpəstɪvəɾi	ɪntɛmpɪstɪvɪti	0.21428571428571427	0.07142857142857142
interabled	ɪntɚeɪbld	ɪntɚeɪbəld	ɪntəɹeɪbəld	ɪntɚəbəld	compound	inter|abled	0.1	0.2727272727272727	0.3333333333333333	ɪntəɹeɪbəld	ɪntəɹəbəld	0.2727272727272727	0.4
interdepositional	ɪntɚdɛpəzɪʃənəl	ɪntɚdɛpəsɪʃənəl	ɪntədɛpəzɪʃənəl	ɪntɚdɪpəsɪʃənəl	compound	inter|depositional	0.06666666666666667	0.06666666666666667	0.13333333333333333	ɪntəɹdɛpəzɪʃənəl	ɪntədɛpəzɪʃənəl	0.125	0.06666666666666667
interiorscaper	ɪntɪəɹɪəɹskeɪpɚ	ɪntiəɹɪəzkeɪpə	ɪntiəɹiɔskeɪpə	ɪntɛɹiɑɹskeɪpɚ	compound	interiors|caper	0.2857142857142857	0.35714285714285715	0.2857142857142857	ɪntɪɹiəɹskeɪpəɹ	ɪntiəɹɪəskeɪpə	0.26666666666666666	0.21428571428571427
intermural	ɪntɚmjuːɹəl	ɪntɚmjʊɹəl	ɪntəmjʊəɹəl	ɪntɚmɚəl	compound	inter|mural	0.1	0.2727272727272727	0.375	ɪntəɹmjʊɹəl	ɪntəmjɔɹəl	0.2727272727272727	0.2
interphrasally	ɪntɚfɹeɪzʌli	ɪntɚfɹeɪzəli	ɪntəfɹeɪzəli	ɪntɚfɹəsəli	compound	inter|phrasally	0.08333333333333333	0.16666666666666666	0.36363636363636365	ɪntəɹfɹeɪzəli	ɪntəfɹeɪzəli	0.23076923076923078	0.16666666666666666
intersyllabic	ɪntɚsəlæbɪk	ɪntɚsɪlæbɪk	ɪntəsɪlabɪk	ɪntɚsɪləbɪk	compound	inter|syllabic	0.09090909090909091	0.2727272727272727	0.18181818181818182	ɪntəɹsəlæbɪk	ɪntəsɪlæbɪk	0.16666666666666666	0.18181818181818182
intervacuum	ɪntəvækjuːəm	ɪntɚvækjum	ɪntəvakjum	ɪntɚvətʃuəm	compound	inter|vacuum	0.2	0.2	0.36363636363636365	ɪntəɹvækjum	ɪntəvækjuəm	0.18181818181818182	0.0
into't	ɪntuːt	ɪntʊt	ɪntɒt	ɪntəʊt	compound	into|t	0.2	0.2	0.3333333333333333	ɪntut	ɪntəʊt	0.0	0.3333333333333333
intranasal	ɪntɹəneɪzəl	ɪntɹɑneɪzəl	ɪntɹəneɪzəl	ɪntɹənəsəl	compound	intra|nasal	0.09090909090909091	0.0	0.3	ɪntɹəneɪzəl	ɪntɹænəsəl	0.0	0.4
intraprocedurally	ɪntʃapɹəsiːdʒəɹəli	ɪntɹɑpɹəsidʒəɹəli	ɪntɹəpɹəsidʒəɹəli	ɪntɹəpɹəʊsdɚəli	compound	intra|procedurally	0.11764705882352941	0.11764705882352941	0.4666666666666667	ɪntɹəpɹəsidʒəɹəli	ɪntɹəpɹəsidʒəɹəli	0.11764705882352941	0.11764705882352941
intratribal	ɪntɹətɹaɪbəl	ɪntɹɑtɹaɪbəl	ɪntɹətɹɪbəl	ɪntɹətɹɪbəl	compound	intra|tribal	0.08333333333333333	0.09090909090909091	0.09090909090909091	ɪntɹətɹaɪbəl	ɪntɹətɹaɪbəl	0.0	0.0
intrico	ɪntɹiːkəʊ	ɪntɹikəʊ	ɪntɹaɪkəʊ	ɪntɹɪkəʊ	compound	in|trico	0.0	0.2222222222222222	0.125	ɪntɹikəʊ	ɪntɹɪkəʊ	0.0	0.125
intricoes	ɪntɹiːkəʊz	ɪntɹikəʊiz	ɪntɹaɪkəʊz	ɪntɹɪkəʊz	compound	in|trico|es	0.1	0.2	0.1111111111111111	ɪntɹɪkəʊz	ɪntɹɪkəʊz	0.1111111111111111	0.1111111111111111
inventrix	ɪnvɛntɹɪks	ɪnvɛntɹɪks	ɪnvɛntɹɪks	ɪnvəntɹɪks	compound	invent|rix	0.0	0.0	0.1	ɪnvɛntɹɪks	ɪnvɛntɹɪks	0.0	0.0
inverecund	ɪnvɛɹɪkʌnd	ɪnvɛɹɪkʌnd	ɪnvɛɹɪkʌnd	ɪnvɚɪkʌnd	compound	in|verecund	0.0	0.0	0.2222222222222222	ɪnvɛɹɪkənd	ɪnvɛɹɪkʌnd	0.1	0.0
invict	ɪnvɪkt	ɪnvɪkt	ɪnvɪkt	ɪnvɪkt	compound	in|vic|t	0.0	0.0	0.0	ɪnvɪkt	ɪnvɪkt	0.0	0.0
invoiceability	ɪnvɔɪsəbɪlɪti	ɪnvɔɪsəbɪləti	ɪnvɔɪsəbɪlɪti	ɪnvɔɪsəbɪlɪti	compound	invoice|ability	0.07692307692307693	0.0	0.0	ɪnvɔɪsəbɪləɾi	ɪnvɔɪsəbɪlɪti	0.15384615384615385	0.0
iododeoxyuridine	aɪɒdəʊdiːɒksijʊəɹɪdiːn	aɪəʊdudiɒksɪjʊəɹɪdin	aɪədəʊdəksjuɹɪdin	aɪəʊdəʊduksjɚɪdaɪn	compound	io|do|deoxyuridine	0.25	0.35294117647058826	0.5555555555555556	aɪədəʊdiɒksijʊɹɪdin	aɪəʊdəʊdiɒksjʊɹɪdin	0.10526315789473684	0.21052631578947367
ipsapirone	ɪpsəpaɪɹəʊn	ɪpsəpɪɹəʊni	ɪpsəpaɪən	ɪpsəpɚəʊn	compound	ip|sapiro|ne	0.18181818181818182	0.2222222222222222	0.3333333333333333	ɪpsəpɪɹəʊn	ɪpsəpaɪɹəʊn	0.1	0.0
ipseity	ɪpsiːɪti	ɪpseɪti	ɪpseɪti	ɪpsiti	compound	ip|seity	0.14285714285714285	0.14285714285714285	0.16666666666666666	ɪpsiɪti	ɪpsiti	0.0	0.16666666666666666
irredundant	ɪɹɪdʌndənt	ɪɹɪdʌndənt	ɪɹɪdʌndənt	ɪɹdʌndənt	compound	ir|redundant	0.0	0.0	0.1111111111111111	ɪɹɹədʌndənt	ɪɹɪdʌndənt	0.18181818181818182	0.0
irrespirable	ɪɹɛspɪɹəbəl	ɪɹɛspəɹəbəl	ɪɹɪspaɪəɹəbəl	ɪɹɛspɚəbəl	compound	ir|respirable	0.09090909090909091	0.23076923076923078	0.2	ɪɹɹɛspəɹəbəl	ɪɹɪspaɪəɹəbəl	0.16666666666666666	0.23076923076923078
irruent	ɪɹɪʊənt	ɪɹunt	ɪɹunt	jɚwɛnt	compound	ir|ruen|t	0.6	0.6	0.8333333333333334	ɪɹuənt	ɪɹuənt	0.3333333333333333	0.3333333333333333
irrumation	ɪɹʊmeɪʃən	ɪɹʌmeɪʃən	ɪɹumeɪʃən	ɪɹəmeɪʃən	compound	ir|rum|ation	0.1111111111111111	0.1111111111111111	0.1111111111111111	ɪɹɹəmeɪʃən	ɪɹumeɪʃən	0.2	0.1111111111111111
isagoge	aɪsəɡəʊdʒi	ɪzəɡəʊdʒi	ɪsəɡəʊdʒ	ɪsɑɡəʊɡ	compound	is|agoge	0.2222222222222222	0.25	0.7142857142857143	ɪsəɡɒɡi	aɪsəɡəʊdʒ	0.7142857142857143	0.1111111111111111
isohexane	aɪsoʊhɛkseɪn	aɪsəʊhɛkseɪn	aɪsəʊhɛkseɪn	ɪsəʊhɪɡzæn	compound	iso|hexane	0.0	0.0	0.6	aɪsəʊhɛkseɪn	aɪsəʊhɛkseɪn	0.0	0.0
isoxathion	aɪsɒksəθaɪɒn	aɪsəʊksæthaɪɒn	aɪsəksaθiən	ɪsɑksəθiən	compound	iso|x|at|hi|on	0.35714285714285715	0.45454545454545453	0.5	aɪsəkseɪθiən	aɪsəkseɪθiən	0.5	0.5
it'sa	ɪtsə	ɪtsə	ɪtsə	ɪtsə	compound	its|a	0.0	0.0	0.0	ɪtsə	ɪtsə	0.0	0.0
it'sn't	ɪtsənt	ɪtsnt	ɪtsənt	ɪtsnɪt	compound	its|nt	0.2	0.0	0.3333333333333333	ɪtsənt	ɪtsənt	0.0	0.0
iter	aɪtɚ	aɪtɹ	aɪtə	ɪtɚ	compound	ite|r	0.25	0.25	0.3333333333333333	aɪɾəɹ	aɪtə	0.6	0.25
iteroparous	ɪtəɹoʊpæɹəs	aɪtɹəʊpɛəɹəs	aɪtɹəpəɹəs	ɪtɛɹəpɚus	compound	ite|ro|parous	0.3333333333333333	0.4	0.5555555555555556	aɪtɛɹ.ə.pəɹəs	ɪtəɹɒpəɹəs	0.38461538461538464	0.3
ithand	aɪðənd	aɪθænd	ɪthand	ɪθənd	compound	ith|and	0.3333333333333333	0.6666666666666666	0.4	ɪθənd	ɪθənd	0.4	0.4
ithyphalli	ɪθɪfælaɪ	aɪθjfalaɪ	ɪθɪfali	ɪθɪfəli	compound	ith|y|phalli	0.3333333333333333	0.42857142857142855	0.42857142857142855	ɪθəfælaɪ	ɪθɪfæli	0.125	0.2857142857142857
ixazomib	iksæzəʊmɪb	aɪksɑzəʊmɪb	ɪksəzɒmɪb	ɪksəzəməb	compound	i|x|azo|mib	0.2727272727272727	0.4444444444444444	0.4444444444444444	ɪksæz.əmɪb	ɪksæzəmɪb	0.3	0.2222222222222222
izba	ɪzbɑː	aɪzbɑ	ɪzbə	ɪzbə	compound	i|z|ba	0.2	0.25	0.25	ɪzbə	ɪzbə	0.25	0.25
iä	iɑ	aɪa	ɪɛ	aɪ	compound	[]	1.0	1.0	1.0	aɪɛ	aɪə	1.0	1.0
j'accuse	ʒəkjuːz	dʒækkjuz	dʒeɪəkjuz	dʒɑkus	compound	jac|cuse	0.375	0.3333333333333333	0.6666666666666666	ʒəkjuz	dʒəkjuz	0.0	0.14285714285714285
jabbings	dʒæbɪŋz	dʒæbɪŋz	dʒabɪŋz	dʒæbɪŋz	compound	jabbing|s	0.0	0.14285714285714285	0.0	dʒæbɪŋz	dʒæbɪŋz	0.0	0.0
jaboticaba	dʒæbɒtɪkɑːbə	dʒæbɒtɪkəbæ	dʒabətɪkɑbə	dʒæbɑtɪkəbə	compound	jabot|ic|aba	0.18181818181818182	0.18181818181818182	0.18181818181818182	dʒæbətikəbə	dʒæbətɪkɑbə	0.2727272727272727	0.09090909090909091
jackings	dʒækɪŋz	dʒækɪŋz	dʒakɪŋz	dʒækɪŋz	compound	jacking|s	0.0	0.14285714285714285	0.0	d͡ʒækɪŋz	dʒækɪŋz	0.125	0.0
jacqueminot	ʒɑkmɪnoʊ	ʒeɪkmɪnət	dʒakɪmɪnɒt	dʒæskwɛmənət	compound	jacque|minot	0.3333333333333333	0.5	0.5833333333333334	dʒækəmɪnət	dʒækwɪmɪnət	0.4	0.45454545454545453
jadoo	dʒɑːduː	dʒadu	dʒadu	dʒeɪdu	compound	jad|oo	0.2	0.2	0.3333333333333333	dʒədu	dʒədu	0.2	0.2
jailings	dʒeɪlɪŋz	dʒeɪlɪŋz	dʒeɪlɪŋz	dʒeɪlɪŋz	compound	jailing|s	0.0	0.0	0.0	dʒeɪlɪŋz	dʒeɪlɪŋz	0.0	0.0
jamoke	dʒəməʊk	tʃɑməʊkɛ	dʒaməʊk	jɑməʊk	compound	jamo|ke	0.5	0.14285714285714285	0.5	dʒæməʊk	dʒæməʊk	0.14285714285714285	0.14285714285714285
jarflies	dʒɑɹflaɪz	dʒɑflaɪz	dʒɑflaɪz	dʒɛɹfliz	compound	jar|flies	0.125	0.125	0.375	dʒɑɹflaɪz	dʒɑflaɪz	0.0	0.125
jeet	dʒit	dʒit	dʒit	dʒit	compound	jee|t	0.0	0.0	0.0	dʒit	dʒit	0.0	0.0
jegging	dʒɛɡɪŋ	dʒɛɡɪŋ	dʒɛɡɪŋ	dʒɛɡɪŋ	compound	j|egging	0.0	0.0	0.0	dʒɛgɪŋ	dʒɛɡɪŋ	0.16666666666666666	0.0
jeonse	dʒʌnseɪ	dʒiɑnseɪ	dʒɪɒns	dʒins	compound	jeon|se	0.25	0.6666666666666666	0.6	dʒɑns	dʒɛns	0.6	0.6
jewbush	dʒuːbʊʃ	dʒubuɛseɪtʃ	dʒubʊʃ	dʒubʊʃ	compound	jewbu|sh	0.5454545454545454	0.0	0.0	dʒubʊʃ	dʒubʊʃ	0.0	0.0
jharal	dʒɑɹəɫ	dʒɑɹɑl	dʒaɹəl	hhɑɹəl	compound	jha|ra|l	0.16666666666666666	0.16666666666666666	0.3333333333333333	dʒɑɹəl	dʒæɹəl	0.0	0.16666666666666666
jianzhi	dʒiændʒiː	dʒiəndʒi	dʒaɪənʒɪ	dʒiɑnzi	compound	jian|zhi	0.125	0.625	0.42857142857142855	dʒiɑnʒi	dʒiænʒi	0.2857142857142857	0.14285714285714285
jianzi	dʒiændzi	dʒiənzi	dʒaɪənzi	dʒiɑnzi	compound	jian|zi	0.2857142857142857	0.5	0.2857142857142857	dʒiɑnzi	dʒiænzi	0.2857142857142857	0.14285714285714285
jiggings	dʒɪɡɪŋz	dʒɪɡɪŋz	dʒɪɡɪŋz	dʒɪɡɪŋz	compound	jigging|s	0.0	0.0	0.0	dʒɪgɪŋz	dʒɪɡɪŋz	0.14285714285714285	0.0
jihadism	dʒɪhɑːdɪzəm	dʒɪhɑdɪzəm	dʒɪhɑdɪzəm	dʒihædɪzəm	compound	jihad|ism	0.0	0.0	0.2	dʒihɑdɪzəm	dʒaɪhədɪzəm	0.1	0.18181818181818182
jillick	dʒɪlɪk	dʒɪlɪk	dʒɪlɪk	dʒɪlɪk	compound	jill|ick	0.0	0.0	0.0	dʒɪlɪk	dʒɪlɪk	0.0	0.0
jiltings	dʒɪltɪŋz	dʒɪltɪŋz	dʒɪltɪŋz	dʒɪltɪŋz	compound	jilting|s	0.0	0.0	0.0	d͡ʒɪltɪŋz	dʒɪltɪŋz	0.1111111111111111	0.0
jint	dʒaɪnt	dʒɪnt	dʒɪnt	dʒɪnt	compound	jin|t	0.2	0.2	0.2	dʒɪnt	dʒɪnt	0.2	0.2
jiqui	hiːkiː	dʒiki	dʒɪkwi	dʒiki	compound	ji|qui	0.4	0.6666666666666666	0.4	dʒiki	dʒikwi	0.4	0.5
jodave	dʒoʊdɑːvɛ	dʒəʊdeɪv	dʒɒdeɪv	dʒɑdəv	compound	jo|dave	0.375	0.7142857142857143	0.6666666666666666	jəʊdɑveɪ	dʒɒdeɪv	0.5	0.7142857142857143
jointings	dʒɔɪntɪŋz	dʒɔɪntɪŋz	dʒɔɪntɪŋz	dʒɔɪntɪŋz	compound	jointing|s	0.0	0.0	0.0	dʒɔɪntɪŋz	dʒɔɪntɪŋz	0.0	0.0
joyflight	dʒɔɪflaɪt	dʒɔɪflaɪt	dʒɔɪflaɪt	dʒɔɪflaɪt	compound	joy|flight	0.0	0.0	0.0	dʒɔɪflaɪt	dʒɔɪflaɪt	0.0	0.0
jubarb	dʒuːbəb	dʒubɑb	dʒubɑb	dʒubɑɹb	compound	ju|barb	0.16666666666666666	0.16666666666666666	0.2857142857142857	d͡ʒubɑɹb	dʒubɑb	0.375	0.16666666666666666
jumpings	dʒʌmpɪŋz	dʒʌmpɪŋz	dʒʌmpɪŋz	dʒʌmpɪŋz	compound	jumping|s	0.0	0.0	0.0	dʒʌmpɪŋz	dʒʌmpɪŋz	0.0	0.0
justicar	dʒʌstɪkɑɹ	dʒʌstɪkɑɹ	dʒʌstɪkɑ	dʒʌstɪkɚ	compound	just|ic|ar	0.0	0.125	0.25	dʒʌstɪkɑɹ	dʒʌstɪkɑ	0.0	0.125
juttings	dʒʌtɪŋz	dʒʌtɪŋz	dʒʌtɪŋz	dʒʌtɪŋz	compound	jutting|s	0.0	0.0	0.0	dʒʌɾɪŋz	dʒʌtɪŋz	0.14285714285714285	0.0
jyngine	dʒɪndʒaɪn	dʒaɪnɡaɪn	dʒɪŋɡɪn	dʒɪŋɪn	compound	jy|n|gine	0.3333333333333333	0.5714285714285714	0.6666666666666666	dʒɪndʒ	dʒɪndʒɪn	0.5	0.125
kablooie	kəbluːi	kæblui	kablui	kæblui	compound	kab|looie	0.16666666666666666	0.16666666666666666	0.16666666666666666	kæblɔɪ	kæblui	0.5	0.16666666666666666
kaizo	kaɪzoʊ	kaɪzəʊ	kaɪzəʊ	keɪzəʊ	compound	kai|z|o	0.0	0.0	0.16666666666666666	keɪzəʊ	kaɪzəʊ	0.16666666666666666	0.0
kaj	kɑːdʒ	kɑdʒ	kadʒ	kə	compound	ka|j	0.0	0.25	1.5	kɑdʒ	kaɪ	0.0	1.0
kamaʻaina	kɑməaɪnə	kɑməaɪnə	keɪəɛməlɛtətubibiəaɪɛnə	kɑməeɪnə	compound	[]	0.0	0.6956521739130435	0.125	kɑməaɪnə	kæməʒeɪnə	0.0	0.3333333333333333
kaph	kɑːf	kɑf	kaf	kæf	compound	ka|ph	0.0	0.3333333333333333	0.3333333333333333	kæf	kæf	0.3333333333333333	0.3333333333333333
kasern	kəzɝn	keɪzɝn	kasən	keɪsɚn	compound	kaser|n	0.3333333333333333	0.6	0.6666666666666666	keɪzəɹn	kæzən	0.5714285714285714	0.4
katagelast	kætədʒəlæst	kɑɾədʒɛlæst	kateɪdʒlast	kætɪdʒləst	compound	kata|gel|ast	0.2727272727272727	0.45454545454545453	0.3	kæɾədʒɪlæst	kætɪdʒlɑst	0.18181818181818182	0.3
katagelastic	kætədʒəlæstɪk	kɑɾədʒɛlæstɪk	kateɪdʒlastɪk	kætɪdʒləstɪk	compound	kata|gel|astic	0.23076923076923078	0.38461538461538464	0.25	kætəd͡ʒəlæstɪk	kætədʒɪlɑstɪk	0.07142857142857142	0.15384615384615385
katara	kətɑɹə	kətɑɹə	katəɹə	kætɑɹə	compound	katar|a	0.0	0.3333333333333333	0.16666666666666666	kətɑɹə	kətɑɹə	0.0	0.0
katsaridaphobia	kætsæɹɪdəfəʊbiə	kætsəɹidəfəʊbiə	katsɑɹɪdəfəʊbiə	kætsɚɪdəfəʊbiə	compound	kats|arida|phobia	0.13333333333333333	0.13333333333333333	0.14285714285714285	kætsəɹɪdəfəʊbiə	kætsəɹɪdəfəʊbiə	0.06666666666666667	0.06666666666666667
kayfabed	keɪfeɪbd	keɪfeɪbd	keɪfeɪbd	keɪfəbd	compound	kayfabe|d	0.0	0.0	0.2857142857142857	keɪfeɪbd	keɪfeɪbd	0.0	0.0
kaza	kaza	kɑzɑ	kɑzə	kɑzə	compound	ka|za	0.5	0.5	0.5	kɑzə	kɑzə	0.5	0.5
kek	kɛk	kɛk	kɛk	kɪk	compound	ke|k	0.0	0.0	0.3333333333333333	kɛk	kɛk	0.0	0.0
keratophyte	kɛɹətəʊfaɪt	kɛɹətɒpfaɪt	kɛɹətəfaɪt	kɚətəfaɪt	compound	kera|top|hyte	0.18181818181818182	0.1	0.3333333333333333	kəɹæɾəfaɪt	kɛɹətɒfaɪt	0.4	0.2
kerflooey	kəɹfluːi	kɜɹflui	kɜflui	kɚflui	compound	kerf|looey	0.14285714285714285	0.3333333333333333	0.3333333333333333	kəɹflui	kɜflui	0.0	0.3333333333333333
keygen	kiːdʒɛn	kidʒɛn	kidʒən	kaɪɡən	compound	key|gen	0.0	0.16666666666666666	0.6666666666666666	kidʒɛn	kiɡən	0.0	0.6
khachkar	hɑtʃkɑɹ	khætʃkɑɹ	kɑtʃkɑ	kɑtʃkɚ	compound	k|hach|ka|r	0.25	0.3333333333333333	0.5	hætʃkɑɹ	kætʃkə	0.14285714285714285	0.6666666666666666
khanji	kɑːndʒi	kɑndʒi	kɑndʒi	kændʒi	compound	khan|ji	0.0	0.0	0.16666666666666666	kɑndʒi	kændʒi	0.0	0.16666666666666666
khata	kɑːtə	kɑtə	kɑtə	kɑtə	compound	khat|a	0.0	0.0	0.0	kɑɾə	kɑtə	0.25	0.0
khediva	kədiːvə	keɪdivə	kɛdɪvə	kɛdɪvə	compound	khe|diva	0.2857142857142857	0.3333333333333333	0.3333333333333333	kədivə	kɛdivə	0.0	0.16666666666666666
khoomei	hoʊmeɪ	kumeɪ	kumeɪ	khumi	compound	khoo|mei	0.6	0.6	1.0	kumi	kumeɪ	1.25	0.6
khutor	kuːtɔːɹ	kutɔ	kjutə	kutɚ	compound	khu|tor	0.25	0.6	0.5	kuɾəɹ	kjutə	0.4	0.6
kiai	kiːaɪ	kiɝaɪ	kɪaɪ	kii	compound	kia|i	0.2	0.25	0.6666666666666666	kaɪaɪ	kaɪaɪ	0.4	0.4
kickings	kɪkɪŋz	kɪkɪŋz	kɪkɪŋz	kɪkɪŋz	compound	kicking|s	0.0	0.0	0.0	kɪkɪŋz	kɪkɪŋz	0.0	0.0
kingric	kɪŋɹɪk	kɪŋɹɪk	kɪŋɡɹɪk	kɪŋɡɹɪk	compound	king|ric	0.0	0.14285714285714285	0.14285714285714285	kɪŋgɹɪk	kɪŋɡɹɪk	0.14285714285714285	0.14285714285714285
kinhin	kinhin	kɪnhɪn	kɪnhɪn	kɪnɪn	compound	kin|hin	0.3333333333333333	0.3333333333333333	0.6	kɪnhɪn	kɪnhɪn	0.3333333333333333	0.3333333333333333
kinnor	kinɔɹ	kɪnɔ	kɪnə	kɪnɚ	compound	kinn|or	0.5	0.75	0.75	kɪnɚ	kɪnə	0.75	0.75
kirmess	kɜːɹməs	kɪɹmɛs	kɜmɛs	kɚməs	compound	kir|mess	0.3333333333333333	0.4	0.4	kɪɹmɛs	kɜməs	0.3333333333333333	0.2
kisky	kɪski	kɪski	kɪski	kɪski	compound	kis|ky	0.0	0.0	0.0	kɪski	kɪski	0.0	0.0
kistvaen	kɪstvaɪn	kɪstveɪn	kɪstvin	kɪstveɪn	compound	kist|v|ae|n	0.125	0.2857142857142857	0.125	kɪstvən	kɪstvin	0.2857142857142857	0.2857142857142857
kithless	kɪθlɪs	kɪθles	kɪθləs	kɪθləs	compound	kith|less	0.16666666666666666	0.16666666666666666	0.16666666666666666	kɪθləs	kɪθləs	0.16666666666666666	0.16666666666666666
kitings	kaɪtɪŋz	kaɪtɪŋz	kaɪtɪŋz	kɪtɪŋz	compound	kiting|s	0.0	0.0	0.16666666666666666	kaɪɾɪŋz	kaɪtɪŋz	0.14285714285714285	0.0
kitsune	kɪtsuːni	kɪtsəni	kɪtsjun	kɪtsʌn	compound	kits|un|e	0.14285714285714285	0.2857142857142857	0.3333333333333333	kɪtsun	kɪtsun	0.16666666666666666	0.16666666666666666
kittlish	kɪtəlɪʃ	kɪtlɪʃ	kɪtlɪʃ	kɪtlɪʃ	compound	kitt|lish	0.16666666666666666	0.16666666666666666	0.16666666666666666	kɪtlɪʃ	kɪtlɪʃ	0.16666666666666666	0.16666666666666666
kizzy	kɪzi	kɪzi	kɪzi	kɪzi	compound	k|izzy	0.0	0.0	0.0	kɪzi	kɪzi	0.0	0.0
klappvisier	klæpvɪzɪɹ	klæpvaɪɛsaɪɚ	klapvɪsiə	klæpvɪsiɚ	compound	klapp|vi|sier	0.4166666666666667	0.4444444444444444	0.3333333333333333	klæpvɪziəɹ	klæpvɪzɪə	0.2	0.1111111111111111
klazomaniac	klæzəmeɪniæk	klɑzəʊmeɪnɪæk	klazəmeɪnɪak	klɑzəməniək	compound	k|lazo|maniac	0.23076923076923078	0.25	0.36363636363636365	kleɪzəmeɪniæk	klæzəmeɪnɪæk	0.15384615384615385	0.08333333333333333
kleptogenesis	klɛptəʊdʒɛnɪsɪs	klɛptəʊdʒɛnɪsɪs	klɛptəʊdʒɛnɪsɪs	klɛptədʒnsɪz	compound	klepto|genesis	0.0	0.0	0.3333333333333333	klɛptədʒɛnəsɪs	klɛptədʒɛnəsɪs	0.14285714285714285	0.14285714285714285
klesha	kleɪʃə	klɛʃə	klɛʃə	klɛʃə	compound	k|lesh|a	0.4	0.4	0.4	kleɪʃə	klɛʃə	0.0	0.4
klutzish	klʌtsɪʃ	klʌtsɪʃ	klʌtsɪʃ	klʌtsɪʃ	compound	klutz|ish	0.0	0.0	0.0	klʌtsɪʃ	klʌtsɪʃ	0.0	0.0
kneadings	niːdɪŋz	nidɪŋz	nidɪŋz	nidɪŋz	compound	kneading|s	0.0	0.0	0.0	nidɪŋz	nidɪŋz	0.0	0.0
kneelings	niːlɪŋz	nilɪŋz	nilɪŋz	nilɪŋz	compound	kneeling|s	0.0	0.0	0.0	nilɪŋz	nilɪŋz	0.0	0.0
knez	kənɛz	knɛz	nɛz	nɛz	compound	k|nez	0.25	0.6666666666666666	0.6666666666666666	nɛz	nɛz	0.6666666666666666	0.6666666666666666
knightings	naɪtɪŋz	naɪtɪŋz	naɪtɪŋz	naɪtɪŋz	compound	knighting|s	0.0	0.0	0.0	naɪɾɪŋz	naɪtɪŋz	0.14285714285714285	0.0
kolach	koʊlɑtʃ	kəʊlətʃ	kɒlatʃ	kəʊlək	compound	kola|ch	0.14285714285714285	0.5	0.5	kəʊlək	kɒlətʃ	0.5	0.5
koliva	kəʊlɪvə	kəʊlivə	kɒlɪvə	kəʊlɪvə	compound	kol|iva	0.14285714285714285	0.3333333333333333	0.0	kəlivə	kəlivə	0.3333333333333333	0.3333333333333333
kolkhozy	kəlkɒzɪ	kəlkɔzj	kɒlkhɒzi	kɑlkəzi	compound	kolkhoz|y	0.2857142857142857	0.375	0.42857142857142855	kəlkəʊzi	kəʊkhəʊzi	0.375	0.5555555555555556
konjac	kəʊnjæk	kɑndʒæk	kɒndʒak	kɑndʒək	compound	kon|jac	0.5714285714285714	0.7142857142857143	0.7142857142857143	kɑndʒæk	kɒndʒæk	0.5714285714285714	0.5714285714285714
koolie	kuːli	kuli	kuli	kuli	compound	kool|ie	0.0	0.0	0.0	kuli	kuli	0.0	0.0
korban	kɔːɹbən	kɔɹbən	kɔbən	kɔɹbən	compound	korba|n	0.0	0.2	0.0	kɔɹbən	kɔbən	0.0	0.2
kriek	kɹiːk	kɹik	kɹik	kɹik	compound	k|riek	0.0	0.0	0.0	kɹik	kɹik	0.0	0.0
krupuk	kɹʊpʊʔ	kɹupuk	kɹupʌk	kɹupək	compound	kru|pu|k	0.5	0.5	0.5	kɹupʌk	kɹupʌk	0.5	0.5
kuft	kʊft	kuft	kʌft	kʌft	compound	ku|f|t	0.25	0.25	0.25	kʌft	kʌft	0.25	0.25
kujichagulia	kudʒitʃɑɡuliə	kudʒɪtʃəɡəliə	kjudʒɪtʃəɡjuliə	kudʒɪtʃəɡəliə	compound	ku|jicha|gul|ia	0.23076923076923078	0.26666666666666666	0.23076923076923078	kudʒɪtʃəguliə	kjudʒɪtʃəɡjuliə	0.23076923076923078	0.26666666666666666
kylym	kɪlɪm	kaɪlɪm	kaɪlɪm	kɪlaɪm	compound	kyl|ym	0.16666666666666666	0.16666666666666666	0.16666666666666666	kɪlɪm	kaɪlɪm	0.0	0.16666666666666666
labrys	læbɹɪs	læbɹɪs	labɹiz	ləbɹiz	compound	lab|rys	0.0	0.5	0.5	læbɹiz	leɪbɹɪz	0.3333333333333333	0.42857142857142855
lageniform	lədʒɛnəfɔɹm	leɪdʒənɪfɔm	leɪdʒnɪfɔm	leɪdʒɛnɪfɚm	compound	lagen|iform	0.45454545454545453	0.5	0.45454545454545453	leɪdʒənəfɔɹm	lædʒənɪfɔm	0.25	0.4
lagopodes	ləɡəʊpədiːz	lɑɡəʊpɒdiz	laɡəpəʊdz	læɡəpəʊdɪz	compound	lago|pod|es	0.2	0.4444444444444444	0.4	lægəpəʊdz	læɡəpəʊdz	0.5555555555555556	0.4444444444444444
lagopus	ləɡəʊpəs	lɑɡəʊpʌs	laɡɒpəs	læɡəpəs	compound	lago|pus	0.25	0.42857142857142855	0.2857142857142857	lægəpəs	læɡəpəs	0.42857142857142855	0.2857142857142857
lahpet	ləpɛt	lɑpɛt	lɑpɪt	læhpɪt	compound	lah|pet	0.2	0.4	0.5	lɑpɪt	lɑpɪt	0.4	0.4
laicism	leɪɪsɪzəm	leɪɪkɪzəm	leɪsɪzəm	leɪsɪzəm	compound	laic|ism	0.1111111111111111	0.125	0.125	leɪ.ɪsɪzəm	leɪsɪzəm	0.1	0.125
lametta	ləmɛtə	læmɛtə	lamɛtə	læmɛtə	compound	lam|etta	0.16666666666666666	0.16666666666666666	0.16666666666666666	ləmɛtə	ləmɛtə	0.0	0.0
landvogt	lændvəʊkt	lændvəʊt	landvɒɡt	lændvɑɡt	compound	land|vogt	0.125	0.5	0.375	lændvɑgt	lændvɒɡt	0.375	0.375
langsat	læŋsæt	læŋsæt	laŋsat	læŋzət	compound	lang|sat	0.0	0.3333333333333333	0.3333333333333333	læŋsæt	læŋsæt	0.0	0.0
langth	læŋkθ	læŋθ	laŋθ	læŋθ	compound	lang|th	0.25	0.5	0.25	læŋθ	læŋθ	0.25	0.25
lanterloo	læntəluː	læntɝlu	lantəlu	læntɚlu	compound	lanter|loo	0.14285714285714285	0.14285714285714285	0.14285714285714285	læntɚlu	lɑntəlu	0.14285714285714285	0.14285714285714285
lantibiotic	læntibaɪɒtɪk	læntɪbaɪɒtɪk	lantɪbaɪɒtɪk	læntɪbiɑtɪk	compound	l|antibiotic	0.08333333333333333	0.16666666666666666	0.36363636363636365	læn.ti.baɪɑ.tɪk	læntɪbaɪɒtɪk	0.26666666666666666	0.08333333333333333
laowai	laʊwaɪ	ləwaɪ	leɪəwaɪ	læweɪ	compound	lao|wai	0.0	0.2857142857142857	0.4	ləeɪ	leɪəweɪ	0.5	0.42857142857142855
lapalissade	ləpælɪsɑːd	lɑpəlɪsədə	lapəlɪseɪd	læpəlɪseɪd	compound	lapa|lissa|de	0.4	0.4	0.4	læpəlɪseɪd	læpəlɪseɪd	0.4	0.4
larixinic	læɹɪksɪnɪk	lɑɹɪksɪnɪk	lɑɹɪksɪnɪk	lɑɹɪksɪnɪk	compound	larixin|ic	0.1	0.1	0.1	lɛɹɪksɪnɪk	læɹɪksɪnɪk	0.1	0.0
lateener	lætiːnə	lætinɜ	latinə	leɪtinɚ	compound	lateen|er	0.16666666666666666	0.16666666666666666	0.42857142857142855	leɪtnɚ	lətinə	0.6666666666666666	0.16666666666666666
latrant	leɪtɹænt	lætɹɑnt	latɹənt	lætɹənt	compound	lat|rant	0.42857142857142855	0.42857142857142855	0.42857142857142855	lætɹənt	leɪtɹənt	0.42857142857142855	0.125
latrate	lætɹeɪt	lætɹeɪt	latɹeɪt	lætɹeɪt	compound	lat|rate	0.0	0.14285714285714285	0.0	lætəɹeɪt	lætɹeɪt	0.125	0.0
latreutic	lətɹuːtɪk	lætɹutɪk	latɹutɪk	lætɹjutɪk	compound	la|treu|tic	0.125	0.125	0.2222222222222222	lætɹuɾɪk	lətɹutɪk	0.25	0.0
laudits	lɔːdɪts	lɔdɪts	lɔdɪts	lɔdɪts	compound	laud|its	0.0	0.0	0.0	lɔdɪts	lɔdɪts	0.0	0.0
laund	lɔːnd	lɔnd	lɔnd	lənd	compound	laun|d	0.0	0.0	0.25	lɔnd	lɔnd	0.0	0.0
lavandin	lævəndɪn	leɪvəndɪn	lavəndɪn	lɑvændɪn	compound	lavan|din	0.2222222222222222	0.125	0.25	lævəndɪn	lævəndɪn	0.0	0.0
lavat'ry	lævətɹi	lɑvətɹaɪ	lavatɹi	lævətɹi	compound	lava|try	0.375	0.2857142857142857	0.0	lɑvətɹi	lævətɹi	0.14285714285714285	0.0
laviscious	ləvɪsɪəs	lævɪseɪʃəs	lavɪʃəs	lævɪzəʃus	compound	lavis|cious	0.3	0.42857142857142855	0.5555555555555556	ləvɪskəs	lævɪʃəs	0.125	0.42857142857142855
layan	lʌjʌn	leɪən	leɪən	leɪən	compound	lay|an	0.6	0.6	0.6	leɪən	leɪən	0.6	0.6
layin'	leɪɪn	leɪɪn	leɪɪn	leɪɪn	compound	lay|in	0.0	0.0	0.0	leɪɪn	leɪɪn	0.0	0.0
lazarly	leɪzəɹli	leɪzɑlɪ	lazɑli	læzɚli	compound	lazar|ly	0.42857142857142855	0.6666666666666666	0.6666666666666666	leɪzɚli	læzəli	0.2857142857142857	0.5
leachings	liːtʃɪŋz	litʃɪŋz	litʃɪŋz	litʃɪŋz	compound	leaching|s	0.0	0.0	0.0	lit͡ʃɪŋz	litʃɪŋz	0.125	0.0
leadless	lɛdləs	lɛdles	lidləs	lɛdəls	compound	lead|less	0.16666666666666666	0.16666666666666666	0.3333333333333333	lidləs	lɛdləs	0.16666666666666666	0.0
leadlight	lɛdlaɪt	lɛdlaɪt	lidlaɪt	lɛdlaɪt	compound	lead|light	0.0	0.14285714285714285	0.0	lidlaɪt	lɛdlaɪt	0.14285714285714285	0.0
leafings	liːfɪŋz	lifɪŋz	lifɪŋz	lifɪŋz	compound	leafing|s	0.0	0.0	0.0	lifɪŋz	lifɪŋz	0.0	0.0
leakings	liːkɪŋz	likɪŋz	likɪŋz	likɪŋz	compound	leaking|s	0.0	0.0	0.0	likɪŋz	likɪŋz	0.0	0.0
leapling	liplɪŋ	liplɪŋ	liplɪŋ	liplɪŋ	compound	leap|ling	0.0	0.0	0.0	liplɪŋ	liplɪŋ	0.0	0.0
leasow	liːzəʊ	lizəʊ	lisəʊ	lisəʊ	compound	leas|ow	0.0	0.2	0.2	lisəʊ	lizəʊ	0.2	0.0
lechayim	ləhaɪɪm	lɛkaɪaɪm	lɛtʃeɪɪm	lɛtʃeɪɪm	compound	lech|ay|im	0.375	0.5	0.5	lɛkaɪm	lɛkeɪɪm	0.5	0.42857142857142855
lectinological	lɛktɪnəlɒdʒɪkəl	lɛktənəlɒdʒɪkəl	lɛktɪnəlɒdʒɪkəl	lɛktɪnələdʒɪkəl	compound	lectin|ological	0.06666666666666667	0.0	0.06666666666666667	lɛktɪnəlɑdʒɪkəl	lɛktɪnəlɒdʒɪkəl	0.06666666666666667	0.0
lehua	ləhuːə	ləhuə	lɛhjuə	lhuə	compound	le|hua	0.0	0.3333333333333333	0.25	leɪwə	lɛhjuə	0.6	0.3333333333333333
lemniscatic	lɛmnɪskætɪk	lɛmniskætɪk	lɛmnɪskatɪk	lɛmnɪskætɪk	compound	lem|ni|scat|ic	0.09090909090909091	0.09090909090909091	0.0	lɛmnɪskætɪk	lɛmnɪskætɪk	0.0	0.0
lente	lɛnteɪ	lɛnti	lɛnt	lɛnt	compound	lent|e	0.4	0.5	0.5	lɛnt	lɛnt	0.5	0.5
leprostatic	lɛpɹəstætɪk	ləpɹəstætɪk	lɛpɹəstatɪk	lɛpɹəʊstætɪk	compound	le|prostatic	0.09090909090909091	0.09090909090909091	0.08333333333333333	lɛpɹəstæɾɪk	lɛpɹəstætɪk	0.09090909090909091	0.0
leptynitic	lɛptənɪtɪk	lɛptjnɪtɪk	lɛptɪnɪtɪk	lɛptɪnɪtɪk	compound	lept|y|nit|ic	0.1	0.1	0.1	lɛptənɪtɪk	lɛptɪnɪtɪk	0.0	0.1
letcha	lɛtʃə	lɛtʃə	lɛtʃə	lɛtʃə	compound	letch|a	0.0	0.0	0.0	lɛtʃə	lɛtʃə	0.0	0.0
letterzine	lɛtəziːn	lɛtəzin	lɛtəzin	lɛtɚzɪn	compound	letter|zine	0.0	0.0	0.2857142857142857	lɛɾəɹzin	lɛtəzaɪn	0.25	0.25
leucoderm	luːkədɝm	lukəʊdəm	lukəʊdɜm	lukəʊdɚm	compound	leu|coder|m	0.25	0.25	0.25	lukədɜɹm	lukədɜm	0.25	0.14285714285714285
leucophanite	ljuːkɒfənaɪt	lukəʊfənaɪt	lukəfanaɪt	lukəfənɪt	compound	leu|copha|nite	0.2727272727272727	0.3	0.3333333333333333	lukəfənaɪt	lukəfənaɪt	0.2	0.2
leud	luːd	lud	lud	lud	compound	leu|d	0.0	0.0	0.0	lɔɪd	lud	0.5	0.0
leukoerythroblastosis	luːkəʊɪɹɪθɹəʊblæstəʊsɪs	lukəʊəɹɪθɹəʊblæstəʊsɪs	lukəʊəɹɪθɹəblastəʊsɪs	lukɚɪθɹəblæstəʊsɪz	compound	leu|ko|erythroblastosis	0.045454545454545456	0.14285714285714285	0.3333333333333333	lukəʊəɹəθɹɑbləstəsɪs	lukəʊɹɪθɹəblɑstəʊsɪs	0.3	0.15
leverpostej	leɪvəɹpɒstaɪ	livəpəʊstidʒeɪ	livəpəʊstɛdʒ	lɛvɚpəst	compound	lever|post|ej	0.6428571428571429	0.6666666666666666	0.875	lɛvəɹpəʊsteɪ	lɛvəpɒsteɪ	0.4166666666666667	0.4
levetiracetam	lɛvɪtɪɹæsɪtæm	lɛvɛtɪɹæsɪtæm	lɛvɪtɜɹəsɛtam	lɛvɛtɪɹəstəm	compound	lev|etiracetam	0.07692307692307693	0.3076923076923077	0.3333333333333333	lɛvɪtɪɹæsɪtæm	lɛvɪtɪɹəsɛtəm	0.0	0.23076923076923078
lexemes	lɛksiːmz	lɛksimz	lɛksimz	lɪɡzmz	compound	lexeme|s	0.0	0.0	0.6666666666666666	lɛksəmz	lɛksimz	0.14285714285714285	0.0
lexigraph	lɛksɪɡɹæf	lɛksiɡɹæf	lɛksɪɡɹaf	lɛksɪɡɹəf	compound	lexi|graph	0.1111111111111111	0.1111111111111111	0.1111111111111111	lɛksəgɹæf	lɛksɪɡɹæf	0.2222222222222222	0.0
lib'ral	lɪbɹəl	laɪbɹəl	lɪbɹəl	lɪbzɹəl	compound	libra|l	0.14285714285714285	0.0	0.14285714285714285	lɪbɹəl	lɪbɹəl	0.0	0.0
libral	laɪbɹəl	laɪbɹəl	laɪbɹəl	lɪbɹəl	compound	libra|l	0.0	0.0	0.16666666666666666	lɪbɹəl	laɪbɹəl	0.16666666666666666	0.0
liceity	lɪsiːɪti	laɪsɪti	laɪsɪti	laɪsiti	compound	lice|ity	0.2857142857142857	0.2857142857142857	0.2857142857142857	laɪsɪti	laɪsiti	0.2857142857142857	0.2857142857142857
lichenicolous	laɪkənɪkələs	laɪkənɪkəʊləʊʌs	lɪtʃənɪkələs	lɪtʃɛnɪkəlɔs	compound	lichen|ic|olo|us	0.2	0.25	0.4166666666666667	laɪkənɪkələs	laɪkənɪkələs	0.0	0.0
lienal	laɪənəl	liənæl	linəl	linəl	compound	lien|al	0.5	0.6	0.6	liənəl	laɪənəl	0.3333333333333333	0.0
ligatural	lɪɡætjʊɹəl	lɪgætjʊɹəl	lɪɡatʃəɹəl	lɪɡətʃɚəl	compound	lig|at|ural	0.1	0.3	0.4444444444444444	lɪgətʃəɹəl	lɪɡətʃəɹəl	0.4	0.3
likelily	laɪklɪli	laɪklɪli	laɪklili	laɪkləli	compound	like|lily	0.0	0.125	0.125	laɪklɪli	laɪklɪli	0.0	0.0
lilacin	laɪləsɪn	laɪləkɪn	lɪləsɪn	lɪləsɪn	compound	lilac|in	0.125	0.14285714285714285	0.14285714285714285	laɪləsɪn	lɪləsɪn	0.0	0.14285714285714285
liliate	lɪliət	liliəti	lɪlɪeɪt	lɪlieɪt	compound	lilia|te	0.2857142857142857	0.42857142857142855	0.2857142857142857	lɪlieɪt	lɪlɪeɪt	0.2857142857142857	0.42857142857142855
limitrophe	lɪmɪtɹəʊf	lɪmɪtɹəʊfi	lɪmɪtɹəfi	lɪmɪtɹəf	compound	limit|ro|ph|e	0.1	0.2222222222222222	0.125	lɪmɪtɹəʊf	lɪmɪtɹəʊf	0.0	0.0
lingamic	lɪŋɡæmɪk	lɪŋɡæmɪk	lɪŋɡamɪk	lɪŋɡæmɪk	compound	lingam|ic	0.0	0.125	0.0	lɪŋgæmɪk	lɪŋɡæmɪk	0.125	0.0
lingberry	lɪŋbɛɹi	lɪŋbɛɹi	lɪŋbəɹi	lɪŋbɛɹi	compound	ling|berry	0.0	0.14285714285714285	0.0	lɪŋbɛɹi	lɪŋbəɹi	0.0	0.14285714285714285
lingzhi	lɪŋdʒi	lɪŋdʒi	lɪŋʒaɪ	lɪŋzi	compound	ling|zhi	0.0	0.5	0.4	lɪŋdʒi	lɪŋʒi	0.0	0.2
linothorax	liːnoʊθɔːɹæks	linəʊθɔɹæks	lɪnəθɔɹaks	lɪnəθɚæks	compound	lino|thorax	0.0	0.3	0.4444444444444444	laɪnəθɔɹæks	lɪnəʊθəɹæks	0.2727272727272727	0.18181818181818182
lipostomy	lɪpɒstəmi	lɪpɑstəmi	lɪpəʊstəmi	lɪpɑstəmi	compound	lip|ostomy	0.1111111111111111	0.2	0.1111111111111111	ləpɑstəmi	lɪpɒstəmi	0.2222222222222222	0.0
litfan	lɪtfæn	lɪtfæn	lɪtfən	lɪtfən	compound	lit|fan	0.0	0.16666666666666666	0.16666666666666666	lɪtfæn	lɪtfən	0.0	0.16666666666666666
litfic	lɪtfɪk	lɪtfɪk	lɪtfɪk	lɪtfɪk	compound	lit|fic	0.0	0.0	0.0	lɪtfɪk	lɪtfɪk	0.0	0.0
lithen	laɪðən	laɪðn	laɪðn	lɪθən	compound	lithe|n	0.2	0.2	0.4	laɪðən	lɪðən	0.0	0.2
lithp	lɪθp	lɪθp	lɪθp	lɪθp	compound	lith|p	0.0	0.0	0.0	lɪθp	lɪθp	0.0	0.0
litro	lɪtɹəʊ	lɪtɹəʊ	lɪtɹəʊ	lɪtɹəʊ	compound	lit|ro	0.0	0.0	0.0	lɪtɹəʊ	lɪtɹəʊ	0.0	0.0
litų	lɪtuː	lɪtu	lɪtu	lɪt	compound	[]	0.0	0.0	0.3333333333333333	lɪtulə	lɪtu	0.3333333333333333	0.0
livish	laɪvɪʃ	lɪvɪʃ	lɪvɪʃ	lɪvɪʃ	compound	liv|ish	0.2	0.2	0.2	lɪvɪʃ	lɪvɪʃ	0.2	0.2
lobsterwoman	lɒbstəɹwʊmən	lɒbstəwʊmən	lɒbstəwʊmən	ləbstɚwʊmən	compound	lobster|woman	0.09090909090909091	0.09090909090909091	0.2727272727272727	lɑbstɚwʊmən	lɒbstəwʊmən	0.2727272727272727	0.09090909090909091
loc	ləʊk	ləʊs	lɒk	lək	compound	lo|c	0.25	0.6666666666666666	0.3333333333333333	ləʊk	lɒk	0.0	0.6666666666666666
logge	lɒdʒeɪ	lɒɡdʒ	lɒɡ	lɑɡ	compound	log|ge	0.6	1.3333333333333333	1.6666666666666667	lɑgə	lɒɡ	1.25	1.3333333333333333
logosyllabic	lɒɡəʊsɪlæbɪk	ləʊɡəʊsɪlæbɪk	lɒɡəsɪlabɪk	ləʊɡəsɪləbɪk	compound	logo|syllabic	0.15384615384615385	0.18181818181818182	0.3333333333333333	lɔgəsɪlæbɪk	lɒɡəsɪlæbɪk	0.2727272727272727	0.09090909090909091
longilateral	lɒndʒɪlætəɹəl	lɒŋaɪlætəɹəl	lɒŋɡɪlatəɹəl	lɔŋəleɪtɚəl	compound	long|i|lateral	0.25	0.3333333333333333	0.8181818181818182	lɔŋgɪlæɾəɹəl	lɒŋɡɪlætəɹəl	0.4166666666666667	0.25
longliver	lɒŋlaɪvɚ	lɒŋlɪvə	lɒŋɡlɪvə	lɔŋɡlɪvɚ	compound	long|liver	0.2857142857142857	0.375	0.375	lɔŋlɪvɚ	lɒŋɡlɪvə	0.2857142857142857	0.375
longsome	lɒŋsəm	lɒŋsʌm	lɒŋsʌm	lɔŋsəm	compound	long|some	0.16666666666666666	0.16666666666666666	0.16666666666666666	lɔŋsəm	lɒŋsʌm	0.16666666666666666	0.16666666666666666
lonsdaleite	lɒnzdeɪlaɪt	lɑnsdeɪlaɪt	lɒnsdəleɪt	lənsdəlit	compound	lonsdale|ite	0.18181818181818182	0.4	0.6666666666666666	lɑnsdeɪlaɪt	lɒnsdəlit	0.18181818181818182	0.5555555555555556
lorchel	lɔːɹkəl	lɔɹkɛl	lɔtʃəl	lɔɹtʃəl	compound	lorch|el	0.16666666666666666	0.3333333333333333	0.2857142857142857	lɔɹtʃəl	lɔtʃəl	0.2857142857142857	0.3333333333333333
losin'	luːzɪn	ləʊzɪn	lɒsɪn	ləʊzɪn	compound	los|in	0.3333333333333333	0.4	0.3333333333333333	ləʊsɪn	ləʊzɪn	0.5	0.3333333333333333
loxygen	lɒksɪdʒən	lɒksɪdʒən	lɒksɪdʒən	lɑksɪdʒən	compound	l|oxygen	0.0	0.0	0.1111111111111111	lɑksɪdʒən	lɒksɪdʒən	0.1111111111111111	0.0
lth	ɛlθ	lθ	ɛltieɪtʃ	lθ	compound	l|th	0.5	0.75	0.5	ɛltieɪtʃ	ɛlθi	0.75	0.25
lubricous	luːbɹɪkəs	lubɹɪkəs	lubɹɪkəs	lʌbɹɪkɔs	compound	lu|bric|ous	0.0	0.0	0.25	lubɹɪkəs	lubɹɪkəs	0.0	0.0
lucanthone	luːkænθəʊn	lukənθəʊn	lukanθəʊn	lukænθəʊn	compound	lucan|thone	0.1111111111111111	0.1111111111111111	0.0	lukənthəʊn	lukɑnθəʊn	0.3	0.1111111111111111
ludomusical	ludoʊmjuzɪkəl	ludəʊmjuzɪkəl	ludəmjuzɪkəl	ludəməsɪkəl	compound	ludo|musical	0.0	0.08333333333333333	0.36363636363636365	ludəmuzɪkəl	ludəmjuzɪkəl	0.18181818181818182	0.08333333333333333
ludomusicality	ludoʊmjuzɪkælɪti	ludəʊmjuzɪkælɪti	ludəmjuzɪkalɪti	ludəməsɪkəlɪti	compound	ludo|musicality	0.0	0.13333333333333333	0.35714285714285715	ludəmuzɪkæləɾi	ludəmjuzɪkælɪti	0.2857142857142857	0.06666666666666667
ludomusicological	ludoʊmjuzɪkəlɑdʒɪkəl	ludəʊmjuzɪkəlɒdʒɪkəl	ludəmjuzɪkəlɒdʒɪkəl	ludəməsɪkəlɑdʒɪkəl	compound	ludo|musicological	0.05	0.10526315789473684	0.2222222222222222	ludəmjuzɪkəlɑdʒɪkəl	ludəmjusɪkəlɒdʒɪkəl	0.05263157894736842	0.15789473684210525
ludomusicologist	ludoʊmjuzɪkɑlədʒɪst	ludəʊmjuzɪkɒlədʒɪst	ludəmjuzɪkɒlədʒɪst	ludəməsɪkələdʒɪst	compound	ludo|musicologist	0.05263157894736842	0.1111111111111111	0.29411764705882354	ludəmjuzɪkɑlədʒɪst	ludəmjusɪkɒlədʒɪst	0.05555555555555555	0.16666666666666666
ludomusicology	ludoʊmjuzɪkɑlədʒi	ludəʊmjuzɪkɒlədʒi	ludəmjuzɪkɒlədʒi	ludəməsɪkələdʒi	compound	ludo|musicology	0.058823529411764705	0.125	0.3333333333333333	ludəmjuzɪkɑlədʒi	ludəmjuzɪkɒlədʒi	0.0625	0.125
luged	luːʒd	ludʒd	ludʒd	ludʒd	compound	luge|d	0.2	0.2	0.2	ludʒd	ludʒd	0.2	0.2
luigino	luːiːdʒiːnəʊ	luidʒinəʊ	ljuɪdʒinəʊ	luɪdʒɪnəʊ	compound	luigi|no	0.0	0.2	0.2222222222222222	luidʒinəʊ	luɪdʒinəʊ	0.0	0.1111111111111111
lungie	lʌŋi	lʊŋgi	lʌndʒi	lʌndʒi	compound	lungi|e	0.4	0.5	0.5	lʌndʒi	lʌndʒi	0.5	0.5
lupanar	luːpeɪnɑː	lupənɑɹ	lupanə	lupənɚ	compound	lupa|na|r	0.42857142857142855	0.5	0.5	lupənɑɹ	lupənɑ	0.42857142857142855	0.3333333333333333
lustic	lʌstɪk	lʌstɪk	lʌstɪk	lʌstɪk	compound	lust|ic	0.0	0.0	0.0	lʌstɪk	lʌstɪk	0.0	0.0
luvz	lʌvz	lʌvz	lʌvz	lʌvz	compound	luv|z	0.0	0.0	0.0	lʌvz	lʌvz	0.0	0.0
lyingest	laɪɪŋɪst	laɪɪŋɛst	lɪɪŋɡɪst	laɪɪndʒɛst	compound	lying|est	0.125	0.25	0.4	laɪɪŋgɪst	laɪɪndʒəst	0.1111111111111111	0.4
m'lady	məleɪdi	mleɪdi	ɛmleɪdi	mzleɪdi	compound	m|lady	0.16666666666666666	0.2857142857142857	0.14285714285714285	ɛmleɪdi	mleɪdi	0.2857142857142857	0.16666666666666666
m'lord	məlɔːd	mlɔd	ɛmlɔd	mzlɔɹd	compound	m|lord	0.25	0.4	0.3333333333333333	ɛmlɔɹd	mlɔd	0.5	0.25
m'lud	mɪlʌd	mlʌd	ɛmlʌd	məlʌd	compound	m|lud	0.25	0.4	0.2	ɛmlʌd	mlʌd	0.4	0.25
macaco	məkeɪkəʊ	mækækəʊ	makɑkəʊ	mækəkəʊ	compound	mac|ac|o	0.42857142857142855	0.42857142857142855	0.42857142857142855	məkɑkəʊ	mækækəʊ	0.2857142857142857	0.42857142857142855
macadamization	məkædəmɪzeɪʃən	məkædəmaɪzeɪʃən	məkadəmaɪzeɪʃən	mækədəmɪzeɪʃən	compound	macadam|ization	0.06666666666666667	0.13333333333333333	0.14285714285714285	məkædəməzeɪʃən	mækədəmaɪzeɪʃən	0.07142857142857142	0.2
macramé	mækɹəmeɪ	mækɹəmeɪ	makɹəmeɪ	mækɹəm	compound	[]	0.0	0.125	0.3333333333333333	mækɹəmeɪ	mækɹəmeɪ	0.0	0.0
macropine	mækɹəpaɪn	mækɹəʊpaɪn	makɹəpaɪn	mækɹəpin	compound	macro|pine	0.1	0.1111111111111111	0.25	mækɹəpaɪn	mækɹəpaɪn	0.0	0.0
macrovirus	mækɹoʊvaɪɹəs	mækɹəʊvaɪɹəs	makɹəvaɪɹəs	mækɹəʊvɪɹəs	compound	macro|virus	0.0	0.18181818181818182	0.09090909090909091	mækɹəʊvaɪɹəs	mækɹəvaɪəɹəs	0.0	0.16666666666666666
mactate	mækteɪt	mækteɪt	makteɪt	mækteɪt	compound	mac|tate	0.0	0.14285714285714285	0.0	mæktət	mækteɪt	0.3333333333333333	0.0
maculature	mækjʊlətjʊɚ	mækjʊlətʊɹ	makjʊlətʃə	mækjəlætʃɚ	compound	macula|ture	0.2	0.4	0.4	mæk.jə.lət͡ʃɚ	mækjʊlətʃə	0.38461538461538464	0.3
maculele	mɑːkuleɪleɪ	makjullə	makjʊlɛl	mækjull	compound	macule|le	0.75	0.875	0.8571428571428571	məkjuləleɪ	mækjʊlil	0.4	0.875
maechi	meɪtʃi	meɪtʃaɪ	mitʃaɪ	mɑtʃi	compound	mae|chi	0.2857142857142857	0.6666666666666666	0.4	meɪtʃi	mitʃi	0.0	0.4
magnanerie	mæɡneɪnəɹi	mæɡnənɪɹi	maɡnanəɹi	mæɡnənɛɹi	compound	magnan|erie	0.3333333333333333	0.3333333333333333	0.3333333333333333	mægnənɛəɹi	mæɡnænəɹi	0.4	0.2222222222222222
magnetohydrodynamical	mæɡniːtəʊhaɪdɹəʊdaɪnæmɪkəl	magnitəʊhaɪdɹəʊdaɪnamɪkæl	maɡnɪtəʊaɪdɹɒdaɪnamɪkəl	mæɡnɛtəʊhaɪdɹəʊdinæmɪkəl	compound	magnetohydrodynamic|al	0.16	0.2608695652173913	0.125	mægnɛɾəʊhaɪdɹəʊdaɪnæməkəl	mæɡnɪtəʊhaɪdɹədaɪnæmɪkəl	0.16	0.08333333333333333
mahalepi	mɑːhɑlepi	məhɑlɛpɪ	maheɪlpi	məhəlpi	compound	mahal|epi	0.375	0.5	0.42857142857142855	məhɑlɛpi	mæhəlipi	0.25	0.375
majiang	mɑdʒɒŋ	mɑdʒɑŋ	madʒjaŋ	meɪdʒiɑŋ	compound	ma|jiang	0.16666666666666666	0.42857142857142855	0.5	mædʒiɑŋ	meɪdʒɪæŋ	0.42857142857142855	0.5
majorant	meɪdʒəɹənt	meɪdʒəænt	mədʒɔɹənt	mədʒɚænt	compound	major|ant	0.2222222222222222	0.3333333333333333	0.625	meɪdʒəɹənt	meɪdʒəɹənt	0.0	0.0
makeaway	meɪkəweɪ	meɪkəweɪ	meɪkəweɪ	meɪkəweɪ	compound	make|away	0.0	0.0	0.0	meɪkəweɪ	meɪkəweɪ	0.0	0.0
makefast	meɪkfɑːst	meɪkfɑst	meɪkfast	meɪkfæst	compound	make|fast	0.0	0.125	0.125	meɪkfæst	meɪkfɑst	0.125	0.0
maladaptable	mælədæptəbəl	mælədæptəbəl	malədaptəbəl	mələdəptəbəl	compound	mal|adaptable	0.0	0.16666666666666666	0.16666666666666666	mælədæptəbəl	mælədæptəbəl	0.0	0.0
malfed	mælfɛd	mælfɛd	malfɛd	mælft	compound	mal|fed	0.0	0.16666666666666666	0.4	mælfɛd	mælft	0.0	0.4
maltaxation	mæltækseɪʃən	mæltækseɪʃən	mɒltəkseɪʃən	mæltækseɪʃən	compound	mal|taxation	0.0	0.16666666666666666	0.0	mɔltækseɪʃən	mɒltəkseɪʃən	0.08333333333333333	0.16666666666666666
mamey	mɑmeɪ	meɪmj	meɪmi	meɪmi	compound	mame|y	0.8	0.8	0.8	meɪmi	meɪmi	0.8	0.8
mammiferous	mæmɪfəɹəs	mæmmɪfəɹəs	mamɪfəɹəs	mæmaɪfɚəs	compound	mam|mi|ferous	0.1	0.1111111111111111	0.3333333333333333	mæməfəɹəs	mæmɪfəɹəs	0.1111111111111111	0.0
manavelins	mənævəlɪnz	mɑnəvilɪnz	maneɪvlɪnz	mənəvlənz	compound	mana|ve|lins	0.3	0.4	0.3333333333333333	mænəvɛlɪnz	mænəvɛlɪnz	0.3	0.3
mando	mændəʊ	mandəʊ	mandəʊ	mændəʊ	compound	mand|o	0.16666666666666666	0.16666666666666666	0.0	mændəʊ	mændəʊ	0.0	0.0
manfluencer	mænfluənsɚ	mænfluənsɹ	manfluənsə	mænflunsɚ	compound	man|fluence|r	0.1	0.2	0.1111111111111111	mænfluənsəɹ	mænfluənsə	0.18181818181818182	0.1
mangal	mæŋɡəl	mæŋɡəl	maŋɡəl	mæŋɡəl	compound	manga|l	0.0	0.16666666666666666	0.0	mæŋgəl	mæŋɡəl	0.16666666666666666	0.0
mangemange	mæŋimæŋi	mændʒmændʒ	meɪndʒɪmeɪndʒ	mændʒməndʒ	compound	mange|mange	0.6	0.8461538461538461	0.7	mænd͡ʒmænd͡ʒ	meɪndʒmeɪndʒ	0.6666666666666666	0.8333333333333334
manoomin	mənoʊmɪn	mɑnəʊɒmɪn	manumɪn	mənumən	compound	mano|om|in	0.2222222222222222	0.42857142857142855	0.42857142857142855	mənumən	mənumɪn	0.42857142857142855	0.2857142857142857
manred	mænɹɛd	mænɹɛd	manɹɪd	mənɹɪd	compound	man|red	0.0	0.3333333333333333	0.3333333333333333	mænɹəd	mɑnɹɪd	0.16666666666666666	0.3333333333333333
manspread	mænspɹɛd	mænspɹɛd	manspɹɛd	mænspɹid	compound	man|spread	0.0	0.125	0.125	mænspɹɛd	mænspɹɛd	0.0	0.0
manward	mænwəɹd	mænwɔd	manwəd	mænwɚd	compound	man|ward	0.3333333333333333	0.3333333333333333	0.3333333333333333	mænwəɹd	mænwəd	0.0	0.16666666666666666
marasmatic	mæɹəzmætɪk	mɑɹəzmætɪk	maɹəzmatɪk	mɑɹəsmætɪk	compound	maras|matic	0.1	0.2	0.2	mɛɹəzmæɾɪk	mæɹəzmætɪk	0.2	0.0
masale	məsɑːlɛ	mɑsɑlə	meɪzeɪl	mæsəl	compound	masa|le	0.3333333333333333	0.8571428571428571	0.6	mɑsɑli	mæseɪl	0.3333333333333333	0.6666666666666666
masgid	mæsɡɪd	mæsɡɪd	masdʒɪd	mæsdʒɪd	compound	mas|gid	0.0	0.42857142857142855	0.2857142857142857	mæsgɪd	mæsɡɪd	0.16666666666666666	0.0
massymore	mæsɪmɔː	mæsimɔ	masɪmɔ	mæsimɔɹ	compound	massy|more	0.16666666666666666	0.16666666666666666	0.2857142857142857	mæsimɔɹ	mæsɪmɔ	0.2857142857142857	0.0
mastigure	mæstɪɡjʊɚ	mæstɪɡjuɹ	mastɪɡə	mæstɪɡɚ	compound	mas|tig|ure	0.2222222222222222	0.5714285714285714	0.2857142857142857	mæstəgʊɹ	mɑstɪɡjɔ	0.5	0.375
matadero	mɑːtədɛəɹəʊ	mɑtədɛɹəʊ	matədeəɹəʊ	mətədɚəʊ	compound	mata|dero	0.1111111111111111	0.2	0.5	mɑtɑdɛɹəʊ	mætədeəɹəʊ	0.2222222222222222	0.2
matelots	matləʊz	meɪtlɒtz	meɪtlɒts	mætələts	compound	matelot|s	0.5	0.625	0.5	meɪtləʊz	mætɪlɒts	0.25	0.625
mathmo	mæθməʊ	mæθməʊ	maθməʊ	mæθməʊ	compound	math|mo	0.0	0.16666666666666666	0.0	mæθməʊ	mæθməʊ	0.0	0.0
matie	mæti	mæti	meɪti	meɪti	compound	mat|ie	0.0	0.4	0.4	meɪti	meɪti	0.4	0.4
matsutake	maːtsuːtaːkeɪ	matsuteɪk	matsuteɪk	mætsuteɪk	compound	matsu|take	0.3333333333333333	0.3333333333333333	0.4444444444444444	mɑtsutəkeɪ	mætsuteɪk	0.2	0.4444444444444444
mavrodaphne	mævɹədæfni	mɑvɹəʊdæfni	mavɹədafn	mævɹəʊdəfn	compound	mav|ro|daphne	0.18181818181818182	0.3333333333333333	0.3	mævɹədæfni	mævɹədæfn	0.0	0.1111111111111111
mavrone	məvɹəʊn	mɑvɹəʊn	mavɹəʊn	mævɹəʊn	compound	mav|rone	0.14285714285714285	0.14285714285714285	0.14285714285714285	məvɹəʊn	mævɹəʊn	0.0	0.14285714285714285
maxillipedary	mæksɪlɪpɛdəɹi	maksɪlɪpɛdɛɹi	maksɪlaɪpdəɹi	mæksɪlɪpdɑɹi	compound	maxilliped|ary	0.15384615384615385	0.23076923076923078	0.16666666666666666	mæksɪləpeɪdəɹi	mæksɪlɪpɪdəɹi	0.21428571428571427	0.07692307692307693
may't	meɪt	meɪt	meɪt	meɪɪt	compound	may|t	0.0	0.0	0.2	meɪt	meɪt	0.0	0.0
may've	meɪv	meɪvi	meɪəv	meɪzv	compound	may|ve	0.2	0.2	0.2	meɪv	meɪv	0.0	0.0
mazard	mæzəɹd	mɑzɑɹd	mazəd	məzɑɹd	compound	maz|ard	0.3333333333333333	0.4	0.3333333333333333	mæzəɹd	mæzəd	0.0	0.2
measlings	miːzlɪŋz	mislɪŋz	mislɪŋz	mislɪŋz	compound	mea|slings	0.14285714285714285	0.14285714285714285	0.14285714285714285	mizlɪŋz	mizlɪŋz	0.0	0.0
mediafan	miːdiəfæn	midiəfæn	midiəfən	mɛdiəfən	compound	media|fan	0.0	0.125	0.25	midiəfæn	midɪəfæn	0.0	0.125
mediatic	miːdiætik	midiətɪk	midɪatɪk	mɛdiətɪk	compound	media|tic	0.25	0.375	0.375	midiætɪk	midɪætɪk	0.125	0.25
medicornu	miːdikɔːɹnjuː	mɛdikɔɹnu	mɛdɪkɔnu	mɛdɪkɔɹnu	compound	medi|cornu	0.2222222222222222	0.5	0.3333333333333333	mɛdɪkɔɹnu	mɛdɪkɔnu	0.3333333333333333	0.5
meef	miːf	mif	mif	mif	compound	mee|f	0.0	0.0	0.0	mif	mif	0.0	0.0
megahex	mɛɡəhɛks	mɛɡəhɛks	mɛɡəhɛks	mɛɡəhɪks	compound	mega|hex	0.0	0.0	0.125	mɛgəhɛks	mɛɡəhɛks	0.125	0.0
megalodontia	mɛɡələʊdɒntɪə	mɛgələdɒntiə	mɛɡəlɒdɒnʃə	mɛɡələdɑntiə	compound	megalodon|tia	0.25	0.36363636363636365	0.25	mɛgəlɑdənʃə	mɛɡələdɒnʃə	0.5454545454545454	0.2727272727272727
megapoleis	mɛɡæpɒlɛɪz	mɛɡəpəʊlaɪz	mɛɡəpəʊlaɪz	mɛɡəpəʊliz	compound	mega|poleis	0.36363636363636365	0.36363636363636365	0.5	mɛgəpəʊlaɪz	mɛɡəpəʊleɪz	0.45454545454545453	0.36363636363636365
megapolis	mɛɡæpɒlɪs	mɛɡəpəlɪs	mɛɡəpəlɪs	mɛɡəpəʊlɪs	compound	mega|polis	0.2222222222222222	0.2222222222222222	0.3	mɛgəpɔlɪs	mɛɡəpəʊliz	0.3333333333333333	0.5
megaripple	mɛɡəɹɪpəl	mɛɡəɹɪpəl	mɛɡəɹɪpəl	mɛɡɛɹɪpəl	compound	mega|ripple	0.0	0.0	0.1111111111111111	mɛgəɹɪpəl	mɛɡəɹɪpəl	0.1111111111111111	0.0
megass	məɡæs	mɛɡæs	mɛɡəs	miɡəs	compound	meg|ass	0.2	0.4	0.4	mɛgəs	mɛɡæs	0.6	0.2
megatsunami	mɛɡətsuːnɑːmi	mɛɡətsunɑmi	mɛɡətsənɑmi	mɛɡətsənəmi	compound	mega|tsunami	0.0	0.09090909090909091	0.18181818181818182	mɛgətsunɑmi	mɛɡətsunɑmi	0.09090909090909091	0.0
megodontia	mɛɡədɒntɪə	mɛɡɒdɒntiə	mɛɡədɒnʃə	mɛɡədɑntiə	compound	meg|od|on|tia	0.2	0.2222222222222222	0.2	mɛgədɑntʃə	mɛɡədɒnʃə	0.3	0.2222222222222222
melainotype	məleɪnətaɪp	mileɪnəʊtaɪp	mɛleɪnɒtaɪp	mɛleɪnəʊtaɪp	compound	me|laino|type	0.16666666666666666	0.18181818181818182	0.16666666666666666	mɛlənətaɪp	mɛlɪnɒtaɪp	0.3	0.3
melanger	məlɑnʒɚ	mɛlændʒɹ	mɛlandʒə	mɛlæŋɡɚ	compound	melange|r	0.5	0.5	0.5714285714285714	məlɑŋgəɹ	mɛlɪŋɡə	0.5	0.7142857142857143
melinite	mɛlɪnaɪt	mɛlɪnaɪt	mɛlɪnaɪt	mɛlɪnaɪt	compound	melin|ite	0.0	0.0	0.0	mɛlənaɪt	mɛlɪnaɪt	0.125	0.0
melodramata	mɛlədɹɑːmətə	mɛlədɹɑmətɑ	mɛlədɹəmɑtə	mɛlədɹəmətə	compound	melodrama|ta	0.09090909090909091	0.18181818181818182	0.09090909090909091	mɛlədɹɑməɾə	mɛləʊdɹəmɑtə	0.09090909090909091	0.25
memey	miːmi	mimj	mɛmi	mɛmi	compound	meme|y	0.25	0.25	0.25	mimi	mɛmi	0.0	0.25
memic	mimɪk	mɛmɪk	mɛmɪk	mɛmɪk	compound	mem|ic	0.2	0.2	0.2	mɛmɪk	mɛmɪk	0.2	0.2
mendication	mɛndɪkeɪʃən	mɛndikeɪʃən	mɛndɪkeɪʃən	mɛndɪkeɪʃən	compound	mendi|cation	0.09090909090909091	0.0	0.0	mɛndɪkeɪʃən	mɛndɪkeɪʃən	0.0	0.0
mennish	mɛnɪʃ	mɛnɪʃ	mɛnɪʃ	mɛnɪʃ	compound	menn|ish	0.0	0.0	0.0	mɛnɪʃ	mɛnɪʃ	0.0	0.0
menoxenia	miːnəziːniə	meɪnəʊziniə	mɛnəksiniə	mɛnəksəniə	compound	meno|xenia	0.2727272727272727	0.3	0.4	mɛnəksiniə	mɛnəksiniə	0.3	0.3
menstrate	mɛnstɹeɪt	mɛnstɹeɪt	mɛnstɹeɪt	mənstɹeɪt	compound	men|strate	0.0	0.0	0.1111111111111111	mɛnstɹeɪt	mɛnstɹeɪt	0.0	0.0
mephitism	məfaɪtɪzm	məfaɪɾəsm	mɛfɪtɪzəm	mɛfɪtɪzəm	compound	mephitis|m	0.3333333333333333	0.3333333333333333	0.3333333333333333	mɛfətɪzəm	mɛfɪtɪzəm	0.4444444444444444	0.3333333333333333
merluce	mɜːɹluːs	mɝlus	mɜlus	mɚlus	compound	merl|uce	0.4	0.2	0.4	mɚlus	məlus	0.4	0.4
meropic	mɛɹoʊpɪk	mɛɹəʊpɪk	məɹɒpɪk	mɛɹɑpɪk	compound	mero|pic	0.0	0.42857142857142855	0.2857142857142857	mɛɹəpɪk	məɹɒpɪk	0.14285714285714285	0.42857142857142855
mesen	mɪsɛn	mɛsɛn	mɛsən	mɛsən	compound	mes|en	0.2	0.4	0.4	mizən	mizən	0.6	0.6
mesophication	mɛzɑfɪkeɪʃən	meɪsəʊfaɪkeɪʃən	mɛsəfɪkeɪʃən	mɛsəfɪkeɪʃən	compound	meso|phi|cation	0.4	0.16666666666666666	0.16666666666666666	mɛzəfɪkeɪʃən	mɛsəfɪkeɪʃən	0.08333333333333333	0.16666666666666666
messager	mɛsɪdʒɚ	mɛsɪdʒɹ	mɛsɪdʒə	mɛsəɡɚ	compound	message|r	0.14285714285714285	0.14285714285714285	0.5	mɛsɪdʒɚ	mɛsɪdʒə	0.0	0.14285714285714285
mestize	mɛstiːz	mɛstaɪz	mɛstaɪz	mɛstaɪz	compound	mest|ize	0.2857142857142857	0.2857142857142857	0.2857142857142857	mɛstaɪz	mɛstaɪz	0.2857142857142857	0.2857142857142857
metadiegetic	mɛtədaɪɪdʒɛtɪk	mitədaɪədʒɛɾɪk	mɛtədidʒɛtɪk	mɛteɪdiɡɪtɪk	compound	meta|diegetic	0.21428571428571427	0.25	0.5833333333333334	mɛɾədaɪədʒɛɾɪk	mɛtədɪɪdʒɛtɪk	0.21428571428571427	0.07692307692307693
metaknowledge	mɛtənɒlɪdʒ	mitənɒlɪdʒ	mɛtənɒlɪdʒ	mɛtənəʊlɛdʒ	compound	meta|knowledge	0.1	0.0	0.2727272727272727	mɛɾənɑlədʒ	mɛtəknɒlɪdʒ	0.3	0.09090909090909091
metamagic	mɛtəmædʒɪk	mitəmædʒɪk	mɛtəmadʒɪk	mɛtəmədʒɪk	compound	meta|magic	0.1	0.1	0.1	mɛɾəmædʒɪk	mɛtəmædʒɪk	0.1	0.0
metamystic	mɛtəmɪstɪk	mitəmɪstɪk	mɛtəmɪstɪk	mɛtəmɪstɪk	compound	meta|mystic	0.1	0.0	0.0	mɛɾəmɪstɪk	mɛtəmɪstɪk	0.1	0.0
metanoete	mɛtənəʊiːti	mitənəʊti	mɛtənəʊt	mɛtənəʊt	compound	meta|noe|te	0.2222222222222222	0.25	0.25	mɪtænəʊit	mɛtənit	0.3333333333333333	0.42857142857142855
metaphysis	mətæfɪsɪs	mitəfaɪsɪs	mɛtəfɪziz	mɛtəfizɪz	compound	meta|phy|sis	0.3	0.5555555555555556	0.5555555555555556	mətæfəsɪs	mɛtəfɪsɪs	0.1111111111111111	0.2222222222222222
metasomatite	mɛtəsəʊmətaɪt	mɛtəzəʊmætaɪt	mɛtəsɒmətaɪt	mitəsəmətɪt	compound	metas|omat|ite	0.15384615384615385	0.16666666666666666	0.2727272727272727	mɛɾəsəʊmətaɪt	mɛtəsɒmətaɪt	0.07692307692307693	0.16666666666666666
metatemplate	mɛtətɛmpleɪt	mitətɛmpleɪt	mɛtətəmpleɪt	mɛteɪtəmpleɪt	compound	meta|template	0.08333333333333333	0.08333333333333333	0.23076923076923078	mɛɾətɛmpleɪt	mɛtətɛmpleɪt	0.08333333333333333	0.0
methanethiol	mɛθeɪnθaɪɒl	miθeɪnθaɪɒl	miθənɛθɪɒl	mɛθənɛθiəl	compound	methane|thiol	0.09090909090909091	0.5	0.6	mɪθeɪnɪθaɪɒl	mɛθəniθɪəl	0.16666666666666666	0.5
methotrimeprazine	mɛθəʊtɹaɪmɛpɹəziːn	mɛθətɹaɪmpɹɑzin	mɛθətɹaɪmpɹeɪzin	mɛθətɹimɛpɹəzin	compound	methot|rime|p|ra|zine	0.2	0.25	0.2	məθɑtɹəmɛpɹəzin	mɛθətɹaɪmpɹəzin	0.3333333333333333	0.13333333333333333
methylations	mɛθɪleɪʃənz	mɛθɪleɪʃənz	mɛθɪleɪʃənz	mɛθəleɪʃənz	compound	methylation|s	0.0	0.0	0.09090909090909091	mɛθəleɪʃənz	mɛθɪleɪʃənz	0.09090909090909091	0.0
methylchloroisothiazolinone	mɛθɪlklɔːɹəʊaɪsəʊθaɪəzəʊlɪnəʊn	miθaɪltʃlɔɹəʊisəʊthaɪɑzəʊlinəʊni	miθɪlklɔɹəʊɪsəθɪəzɒlɪnɒn	mɛθɪlklɔɹɔɪsəθiəzəʊlənəʊn	compound	methyl|ch|loro|isot|hi|azo|lino|ne	0.34375	0.3333333333333333	0.28	mɛθ.əl.klɔɹ.əaɪsəʊ.θaɪæz.ələʊnaɪn	mɛθɪlklɔɹɔɪsəʊθɪəzəʊlɪn	0.3939393939393939	0.30434782608695654
methylenedioxymethamphetamine	mɛθɪliːndaɪɔksimɛθɪmfɛtɪmin	mɛθɪlindaɪɑksimɛθəmfɛtəmin	mɛθaɪlnɛdaɪɒksaɪmθəmfɛtəmin	mɛθaɪləndiəʊaɪmɛθæmfɛtəmɪn	compound	methylene|dioxy|methamphetamine	0.11538461538461539	0.3333333333333333	0.4230769230769231	mɛθələnɛdɪksɛmθəæm.ətin	mɛθɪlinidaɪəksɪməθæmfɪtæ	0.5652173913043478	0.4166666666666667
methylenedioxyphenethylamine	mɛθɪliːndaɪɒksifɛnɛθaɪləmiːn	mɛθɪlindaɪɑksifinðaɪləmin	mɛθaɪlnɛdaɪɒksɪfɛnɪθɪləmin	mɛθaɪləndiəksɪfənθiləmɪn	compound	methylene|dioxy|phene|thy|lamine	0.16	0.23076923076923078	0.4583333333333333	mɛθələnɛdɪəʊksifinəθɛməlɪn	mɛθɪlinidaɪəʊksɪfənɛθɪl	0.5	0.43478260869565216
methyltrienolone	miːθaɪltɹaɪiːnəloʊn	miθaɪltɹaɪnəʊləʊni	miθɪltɹiənələʊn	mɛθɪltɹiənəʊlən	compound	methyl|trie|nolo|ne	0.16666666666666666	0.26666666666666666	0.4666666666666667	mɛθ.əltɹaɪ.ənəʊləʊn	mɛθɪltɹinələʊn	0.3157894736842105	0.2857142857142857
methyprylon	mɛθɪpɹaɪlɒn	mɛθjpɹaɪlɑn	mɛθaɪpɹɪlən	mɛθɪpɹilən	compound	meth|y|pry|lon	0.18181818181818182	0.2727272727272727	0.3	məθɪpɹəlɑn	mɛθɪpɹɪlən	0.4	0.2
metings	miːtɪŋz	mitɪŋz	mitɪŋz	mɛtɪŋz	compound	meting|s	0.0	0.0	0.16666666666666666	miɾɪŋz	mitɪŋz	0.16666666666666666	0.0
mevushal	mɪvuːʃɑːl	mivuʃɑl	mɛvʌʃəl	mɛvʌʃəl	compound	me|vu|sha|l	0.14285714285714285	0.42857142857142855	0.42857142857142855	məvʌʃəl	mɛvʊʃəl	0.42857142857142855	0.42857142857142855
micacious	maɪkeɪʃəs	maɪkəeɪʃəs	mɪkeɪʃəs	mɪkeɪʃus	compound	mica|cious	0.1	0.125	0.25	maɪkeɪʃəs	maɪkeɪʃəs	0.0	0.0
micing	maɪkɪŋ	maɪkɪŋ	maɪkɪŋ	mɪsɪŋ	compound	mic|ing	0.0	0.0	0.4	maɪsɪŋ	maɪsɪŋ	0.16666666666666666	0.16666666666666666
microaccelerometer	maɪkɹəʊəksɛləɹɒmɪtɚ	maɪkɹəʊəksɛləɹɒmɪtə	maɪkɹəʊəksɛləɹɒmɪtə	mɪkɹəʊtʃɛlɚəmɛtɚ	compound	micro|accelerometer	0.05263157894736842	0.05263157894736842	0.5	maɪkɹəʊəksɛləɹɑməɾəɹ	maɪkɹəʊtsɛləɹɒmɪtə	0.25	0.16666666666666666
microexpression	maɪkɹəʊɪkspɹɛʃən	maɪkɹəʊɛkspɹɛʃən	maɪkɹəʊɛkspɹɛʃən	mɪkɹəʊkspɹɛʃən	compound	micro|expression	0.0625	0.0625	0.14285714285714285	maɪkɹəʊɪkspɹɛʃən	maɪkɹəʊɛkspɹɛʃən	0.0	0.0625
micromort	maɪkɹəmɔɹt	maɪkɹəʊmɔt	maɪkɹəʊmɔt	mɪkɹəmɚt	compound	micro|mort	0.2	0.2	0.375	maɪkɹəʊmɔɹt	maɪkɹəʊmɔt	0.09090909090909091	0.2
micronise	maɪkɹɒnɪz	maɪkɹɒnaɪz	maɪkɹəʊnaɪz	mɪkɹənɪs	compound	micron|ise	0.1	0.2727272727272727	0.375	maɪkɹəʊnaɪz	maɪkɹənaɪz	0.2727272727272727	0.2
microplagiarism	maɪkɹəpleɪdʒəɹɪzm	maɪkɹəʊpleɪdʒəɹɪzəm	maɪkɹəʊpleɪdʒəɹɪzəm	mɪkɹɑplæɡɪɹɪzəm	compound	micro|plagiarism	0.10526315789473684	0.10526315789473684	0.5333333333333333	maɪkɹəʊpleɪdʒəɹɪzəm	maɪkɹəʊpleɪdʒəɹɪzəm	0.10526315789473684	0.10526315789473684
microplate	maɪkɹoʊpleɪt	maɪkɹəʊpleɪt	maɪkɹəʊpleɪt	mɪkɹɑpleɪt	compound	micro|plate	0.0	0.0	0.3	maɪkɹəʊpleɪt	maɪkɹəʊpleɪt	0.0	0.0
micropod	maɪkɹəpɒd	maɪkɹəʊpɒd	maɪkɹəʊpɒd	mɪkɹəpəd	compound	micro|pod	0.1	0.1	0.25	maɪkɹəʊpɑd	maɪkɹəpɒd	0.2	0.0
microvessel	maɪkɹoʊvɛsl	maɪkɹəʊvɛsəl	maɪkɹəʊvɛsəl	mɪkɹəʊvɛsəl	compound	micro|vessel	0.08333333333333333	0.08333333333333333	0.18181818181818182	maɪkɹəʊvɛsəl	maɪkɹəvɛsəl	0.08333333333333333	0.18181818181818182
midbroad	mɪdbɹɔːd	mɪdbɹɔd	mɪdbɹɔd	mɪdbɹəʊd	compound	mid|broad	0.0	0.0	0.25	mɪdbɹɔd	mɪdbɹɔd	0.0	0.0
midgy	mɪdʒi	mɪdʒi	mɪdʒi	mɪdʒi	compound	mid|gy	0.0	0.0	0.0	mɪdʒi	mɪdʒi	0.0	0.0
midlong	mɪdlɒŋ	mɪdlɒŋ	mɪdlɒŋ	mɪdlɔŋ	compound	mid|long	0.0	0.0	0.16666666666666666	mɪdlɔŋ	mɪdlɒŋ	0.16666666666666666	0.0
midmonth	mɪdmʌnθ	mɪdmʌnθ	mɪdmʌnθ	mɪdmɑnθ	compound	mid|month	0.0	0.0	0.14285714285714285	mɪdmʌnθ	mɪdmənθ	0.0	0.14285714285714285
midwide	mɪdwaɪd	mɪdwaɪd	mɪdwaɪd	mɪdwaɪd	compound	mid|wide	0.0	0.0	0.0	mɪdwaɪd	mɪdwaɪd	0.0	0.0
midwit	mɪdwɪt	mɪdwɪt	mɪdwɪt	mɪdwɪt	compound	mid|wit	0.0	0.0	0.0	mɪdwɪt	mɪdwɪt	0.0	0.0
mightn't've	maɪtəntəv	maɪtəntvi	maɪtəntəv	maɪtnɪtɪv	compound	mightnt|ve	0.2222222222222222	0.0	0.3333333333333333	maɪtəntv	maɪtəntɛv	0.125	0.1111111111111111
mightst	maɪtst	maɪtst	maɪtst	maɪtst	compound	mights|t	0.0	0.0	0.0	maɪtst	maɪtst	0.0	0.0
migniard	mɪnjɑːɹd	mɪɡniɑɹd	mɪɡnɪəd	mɪɡniɑɹd	compound	mig|ni|ard	0.25	0.5714285714285714	0.25	mɪɡnɪəd	mɪɡnjɑd	0.5714285714285714	0.2857142857142857
milecastle	maɪlkɑːsl	maɪlkɑsəl	maɪlkasəl	mɪlɛkəstl	compound	mile|castle	0.1111111111111111	0.2222222222222222	0.4444444444444444	maɪlkæsəl	maɪlkɑsəl	0.2222222222222222	0.1111111111111111
milliary	mɪliəɹi	mɪliɛɹi	mɪlɪəɹi	mɪlɪɹi	compound	milli|ary	0.14285714285714285	0.14285714285714285	0.3333333333333333	mɪliɚi	mɪlɪəɹi	0.3333333333333333	0.14285714285714285
minerogenetic	mɪnəɹəʊdʒənɛtɪk	mɪnɛɹəʊdʒɛnɛtɪk	maɪnəɹəʊdʒnɛtɪk	maɪnɚədʒənɛtɪk	compound	minero|genetic	0.13333333333333333	0.13333333333333333	0.2857142857142857	maɪnəɹəʊdʒənɛɾɪk	mɪnəɹəʊdʒənɛtɪk	0.125	0.0
miniac	mɪniæk	mɪniæk	mɪnɪak	mɪniək	compound	mini|ac	0.0	0.3333333333333333	0.16666666666666666	mɪniæk	mɪnɪæk	0.0	0.16666666666666666
miniculture	mɪnikʌltʃɚ	mɪnikʌltʃə	mɪnɪkʌltʃə	mɪnɪkʌltʃɚ	compound	mini|culture	0.1	0.2	0.1	mɪnikʌltʃəɹ	mɪnɪkʌltʃə	0.18181818181818182	0.2
minimap	mɪnimæp	mɪnɪməp	mɪnɪmap	mɪnɪməp	compound	minima|p	0.2857142857142857	0.2857142857142857	0.2857142857142857	mɪnimæp	mɪnɪmæp	0.0	0.14285714285714285
minimifidian	mɪnɪmɪfɪdiən	mɪnɪmifɪdiən	mɪnɪmɪfɪdiən	mɪnɪməfɪdiən	compound	minimi|fidia|n	0.08333333333333333	0.0	0.08333333333333333	mɪnɪmɪfɪdiən	mɪnɪmɪfɪdiən	0.0	0.0
misbalance	mɪsbæləns	mɪsbæləns	mɪsbaləns	mɪsbələns	compound	mis|balance	0.0	0.1111111111111111	0.1111111111111111	mɪsbæləns	mɪsbæləns	0.0	0.0
miscalibrate	mɪskælɪbɹeɪt	mɪskælɪbɹeɪt	mɪskalɪbɹeɪt	mɪskəlɪbɹeɪt	compound	mis|calibrate	0.0	0.08333333333333333	0.08333333333333333	mɪskæləbɹeɪt	mɪskælɪbɹeɪt	0.08333333333333333	0.0
miscaption	mɪskæpʃən	mɪskæpʃən	mɪskapʃən	mɪskæpʃən	compound	mis|caption	0.0	0.1111111111111111	0.0	mɪskæpʃən	mɪskæpʃən	0.0	0.0
miscensure	mɪssɛnʃɚ	mɪsɛnʃə	mɪsɛnʒə	mɪsənsɚ	compound	mis|censure	0.2857142857142857	0.42857142857142855	0.42857142857142855	mɪssɛnʃɚ	mɪsɛnʃə	0.0	0.2857142857142857
mischanceful	mɪstʃænsfəl	mɪstʃænsfʊl	mɪstʃansfəl	mɪʃænsəfəl	compound	mischance|ful	0.09090909090909091	0.09090909090909091	0.3	mɪstʃænsfəl	mɪstʃɑnsfəl	0.0	0.09090909090909091
miscome	mɪskʌm	mɪskʌm	mɪskʌm	mɪskəʊm	compound	mis|come	0.0	0.0	0.2857142857142857	mɪskʌm	mɪskʌm	0.0	0.0
miscomment	mɪskɒmɛnt	mɪskɒmɛnt	mɪskɒmɛnt	mɪskəmənt	compound	mis|comment	0.0	0.0	0.2222222222222222	mɪskɑmɛnt	mɪskɒmənt	0.1111111111111111	0.1111111111111111
miscontact	mɪskɒntækt	mɪskɑntækt	mɪskɒntakt	mɪskəntækt	compound	mis|contact	0.1	0.1	0.1	mɪskɑntækt	mɪskəntækt	0.1	0.1
miscontrol	mɪskəntɹoʊl	mɪskəntɹəʊl	mɪskəntɹəʊl	mɪskəntɹəl	compound	mis|control	0.0	0.0	0.1	mɪskəntɹəʊl	mɪskəntɹəʊl	0.0	0.0
miserabler	mɪzɹəbəlɚ	mɪzɹəbəlɹ	mɪzɹəblə	maɪzɚəblɚ	compound	miserable|r	0.1111111111111111	0.25	0.3333333333333333	mɪzəɹəbəlɚ	mɪzəɹəblə	0.1	0.3333333333333333
misexchange	mɪsɪkstʃeɪndʒ	mɪsɛkstʃeɪndʒ	mɪsɛkstʃeɪndʒ	maɪsɛkstʃændʒ	compound	mis|exchange	0.07692307692307693	0.07692307692307693	0.3076923076923077	mɪsɛkstʃeɪndʒ	mɪsɛkstʃeɪndʒ	0.07692307692307693	0.07692307692307693
misfavor	mɪsfeɪvɚ	mɪsfeɪvə	mɪsfeɪvə	mɪsfəvɚ	compound	mis|favor	0.125	0.125	0.2857142857142857	mɪsfeɪvɚ	mɪsfeɪvə	0.0	0.125
misflavour	mɪsfleɪvɚ	mɪsfleɪvə	mɪsfleɪvə	mɪsfləvɚ	compound	mis|flavour	0.1111111111111111	0.1111111111111111	0.25	mɪsfleɪvə	mɪsfleɪvə	0.1111111111111111	0.1111111111111111
misforecast	mɪsfɔːɹkɑːst	mɪsfɔkɑst	mɪsfɔkast	mɪsfɔɹɪkæst	compound	mis|forecast	0.1111111111111111	0.2222222222222222	0.18181818181818182	mɪsfɔɹkæst	mɪsfɔkɑst	0.1	0.1111111111111111
misgrace	mɪsɡɹeɪs	mɪsɡɹeɪs	mɪsɡɹeɪs	mɪsɡɹeɪs	compound	mis|grace	0.0	0.0	0.0	mɪsgɹeɪs	mɪsɡɹeɪs	0.125	0.0
misguilt	mɪsɡɪlt	mɪsɡɪlt	mɪsɡɪlt	mɪsɡwɪlt	compound	mis|guilt	0.0	0.0	0.125	mɪsgɪlt	mɪsɡɪlt	0.14285714285714285	0.0
misheed	mɪshiːd	mɪshid	mɪshid	mɪʃid	compound	mis|heed	0.0	0.0	0.4	mɪsʃid	mɪshid	0.16666666666666666	0.0
mishpocha	mɪʃpɒkə	mɪʃpɑkə	mɪshpɒtʃə	mɪʃpɑtʃə	compound	mish|poch|a	0.14285714285714285	0.4444444444444444	0.375	mɪʃpəʊtʃə	mɪʃpɒtʃə	0.4444444444444444	0.25
misintended	mɪsɪntɛndɪd	mɪsɪntɛndɛd	mɪsɪntɛndɪd	mɪsɪntɛndɪd	compound	misintend|ed	0.09090909090909091	0.0	0.0	mɪsɪntɛndɪd	mɪsɪntɛndɪd	0.0	0.0
mislook	mɪslʊk	mɪslʊk	mɪslʊk	mɪslʊk	compound	mis|look	0.0	0.0	0.0	mɪslʊk	mɪslʊk	0.0	0.0
misomusist	mɪsəʊmjuːzɪst	mɪsəʊməsɪst	mɪsɒmjusɪst	mɪsəməsɪst	compound	miso|mus|ist	0.2727272727272727	0.2727272727272727	0.4	mɪsəʊmjəsɪst	mɪsəmjusɪst	0.16666666666666666	0.18181818181818182
misopogon	mɪsəpəʊɡɒn	mɪsəʊpəʊɡəʊn	mɪsɒpɒɡən	mɪsɑpəɡən	compound	miso|pogo|n	0.25	0.4444444444444444	0.3333333333333333	mɪsəpɒɡən	mɪsɒpəɡən	0.3333333333333333	0.3333333333333333
misordering	mɪsɔɹdəɹɪŋ	mɪsɔɹdəɹɪŋ	mɪsɔdəɹɪŋ	mɪsɚdɚɪŋ	compound	misorder|ing	0.0	0.1111111111111111	0.5	mɪsɔɹdəɹɪŋ	mɪsɔdəɹɪŋ	0.0	0.1111111111111111
misotheist	maɪsəʊθiːɪst	mɪsəʊθiɪst	mɪsɒθiɪst	mɪsəθaɪst	compound	miso|theist	0.1	0.3333333333333333	0.3333333333333333	mɪsɑθiɪst	mɪsəʊθiɪst	0.3333333333333333	0.1
mispaved	mɪspeɪvd	mɪspeɪvd	mɪspeɪvd	mɪspeɪvd	compound	mis|paved	0.0	0.0	0.0	mɪspeɪvd	mɪspeɪvd	0.0	0.0
misperceptive	mɪspəɹsɛptɪv	mɪspəsɛptɪv	mɪspəsɛptɪv	mɪspɚsɛptɪv	compound	mis|perceptive	0.09090909090909091	0.09090909090909091	0.18181818181818182	mɪspəɹsɛptɪv	mɪspəsɛptɪv	0.0	0.09090909090909091
misregister	mɪsɹɛdʒɪstɚ	mɪsɹɛdʒɪstə	mɪsɹɛdʒɪstə	mɪsɹɪdʒɪstɚ	compound	mis|register	0.09090909090909091	0.09090909090909091	0.09090909090909091	mɪsɹɛdʒɪstəɹ	mɪsɹɛdʒɪstə	0.16666666666666666	0.09090909090909091
misrepair	mɪsɹɪpɛɚ	mɪsɹɪpɛɹ	mɪsɹɪpeə	mɪsɹipeɪɹ	compound	mis|repair	0.125	0.25	0.4444444444444444	mɪsɹɪpɛɚ	mɪsɹɪpeə	0.0	0.25
misrespect	mɪsɹɪspɛkt	mɪsɹɪspɛkt	mɪsɹɪspɛkt	mɪsɹɪspɛkt	compound	mis|respect	0.0	0.0	0.0	mɪsɹɪspekt	mɪsɹɪspɛkt	0.1	0.0
missignal	mɪssɪɡnəl	mɪsɪɡnəl	mɪsɪɡnəl	mɪsɪɡnəl	compound	mis|signal	0.125	0.125	0.125	mɪssɪgnəl	mɪsaɪnəl	0.1111111111111111	0.25
mistella	mɪstɛlə	mɪstɛlə	mɪstɛlə	mɪstɛlə	compound	mistell|a	0.0	0.0	0.0	mɪstɛlə	mɪstɛlə	0.0	0.0
mixin	mɪksɪn	mɪksɪn	mɪksɪn	mɪksɪn	compound	mix|in	0.0	0.0	0.0	mɪksɪn	mɪksɪn	0.0	0.0
mixtion	mɪkstʃən	mɪkstən	mɪksʃən	mɪksʃən	compound	mixt|ion	0.14285714285714285	0.14285714285714285	0.14285714285714285	mɪkstʃən	mɪksʃən	0.0	0.14285714285714285
miz	mɪz	mɪz	mɪz	maɪz	compound	mi|z	0.0	0.0	0.25	mɪz	mɪz	0.0	0.0
mnemist	niːmɪst	mnimɪst	nɛmɪst	mnɛmɪst	compound	m|ne|mist	0.14285714285714285	0.16666666666666666	0.2857142857142857	nɛmɪst	nɛmɪst	0.16666666666666666	0.16666666666666666
moai	moʊaɪ	məʊəaɪ	məʊi	məʊi	compound	moa|i	0.16666666666666666	0.5	0.5	məʊeɪ	məʊaɪ	0.2	0.0
mobled	məʊbəld	mɑbəld	mɒbəld	mɑbəld	compound	moble|d	0.3333333333333333	0.3333333333333333	0.3333333333333333	məʊbəld	məʊbəld	0.0	0.0
modester	mɒdɪstɚ	mɒdəstɜ	mɒdɛstə	məʊdɛstɚ	compound	modest|er	0.2857142857142857	0.2857142857142857	0.375	məʊdɛstɚ	mɒdɪstə	0.375	0.14285714285714285
modmin	mɒdmɪn	mɒdmɪn	mɒdmɪn	mɑdmən	compound	mod|min	0.0	0.0	0.3333333333333333	mɑdmɪn	mɒdmɪn	0.16666666666666666	0.0
mogwai	mɒɡwaɪ	mɒɡwaɪ	mɒɡwaɪ	mɑɡweɪ	compound	mog|wai	0.0	0.0	0.3333333333333333	mɑgwaɪ	mɒɡweɪ	0.3333333333333333	0.16666666666666666
mohur	məʊhɚ	məʊhɝ	məʊhə	məʊhɚ	compound	mo|hur	0.2	0.2	0.0	məʊhɚ	məʊhɜ	0.0	0.2
moilee	mɔɪliː	mɔɪli	mɔɪli	mɔɪli	compound	moil|ee	0.0	0.0	0.0	mɔɪleɪ	mɔɪli	0.3333333333333333	0.0
moleheap	məʊlhiːp	məʊlhip	məʊlhip	məʊlhəp	compound	mole|heap	0.0	0.0	0.14285714285714285	məʊlhɪp	məʊlhip	0.14285714285714285	0.0
monoglyceride	mɒnəʊɡlɪsəɹaɪd	mɒnəʊglɪsəɹaɪd	mɒnəʊɡlɪsəɹaɪd	mɑnəɡlisɚaɪd	compound	mono|glyceride	0.07142857142857142	0.0	0.4166666666666667	mənɑglɪsəɹaɪd	mɒnəʊɡlɪsəɹaɪd	0.3076923076923077	0.0
monolid	mɒnəʊlɪd	mɒnəʊlɪd	mɒnəʊlɪd	mənəʊlɪd	compound	mono|lid	0.0	0.0	0.125	mɑnəlɪd	mɒnəlɪd	0.2857142857142857	0.14285714285714285
monorden	mənɔːɹdən	məʊnɔɹdən	mɒnəʊədən	mənɚdən	compound	mo|norden	0.1111111111111111	0.4444444444444444	0.2857142857142857	mɑnɚdən	mɒnɔdən	0.42857142857142855	0.2857142857142857
moob	muːb	mub	mub	mub	compound	moo|b	0.0	0.0	0.0	mub	mub	0.0	0.0
moochin	mʊkɪn	mutʃɪn	mutʃɪn	mutʃɪn	compound	mooch|in	0.5	0.5	0.5	mutʃɪn	mutʃɪn	0.5	0.5
moombahcore	muːmbəkɔːɹ	mumbəhkɔ	mumbɑkɔ	mumbəhkɚ	compound	moomba|h|core	0.25	0.2857142857142857	0.375	mumbəhɔɹ	mumbəkɔ	0.125	0.14285714285714285
moombahton	muːmbətɒn	mumbəhtʌn	mumbɑtən	mumbɑtən	compound	moomba|h|ton	0.2222222222222222	0.25	0.25	mumbəhtən	mumbɑtən	0.2222222222222222	0.25
moonflask	muːnflɑːsk	munflɑsk	munflask	munflæsk	compound	moon|flask	0.0	0.125	0.125	munflæsk	munflɑsk	0.125	0.0
moonsault	muːnsɔːlt	munzɔlt	munsɒlt	munsəlt	compound	moons|ault	0.14285714285714285	0.14285714285714285	0.14285714285714285	munsɔlt	munsɔlt	0.0	0.0
mopier	məʊpiɚ	məʊpiə	məʊpiə	məʊpiɚ	compound	mo|pier	0.16666666666666666	0.16666666666666666	0.0	məʊpiəɹ	məʊpɪə	0.2857142857142857	0.3333333333333333
morphling	mɔːɹflɪŋ	mɔɹflɪŋ	mɔflɪŋ	mɔɹflɪŋ	compound	morph|ling	0.0	0.16666666666666666	0.0	mɔɹflɪŋ	mɔflɪŋ	0.0	0.16666666666666666
morphophonological	mɒɹfoʊfɒnəlɒdʒɪkəl	mɔɹfəʊfɒnəlɒdʒɪkəl	mɔfəfɒnəlɒdʒɪkəl	mɔɹfəfənɑlədʒɪkəl	compound	morpho|phonological	0.05555555555555555	0.1875	0.29411764705882354	mɔɹfəʊfɑnəlɑdʒɪkəl	mɔfəfɒnəlɒdʒɪkəl	0.16666666666666666	0.1875
morphotyping	mɔːɹfətaɪpɪŋ	mɔɹfəʊtaɪpɪŋ	mɔfətaɪpɪŋ	mɔɹfətipɪŋ	compound	morpho|typing	0.08333333333333333	0.1	0.2	mɔɹfəʊtaɪpɪŋ	mɔfətaɪpɪŋ	0.08333333333333333	0.1
mosasaurid	məʊzəsɔːɹɪd	məʊsəsɔɹaɪd	mɒsəsɔɹɪd	məʊsəsəɹɪd	compound	mosasaur|id	0.18181818181818182	0.3333333333333333	0.2	mɑsəsɔɹɪd	mɒzəsɔɹɪd	0.3333333333333333	0.2222222222222222
motrix	məʊtɹɪks	mɒtɹɪks	mɒtɹɪks	mɑtɹɪks	compound	mot|rix	0.2857142857142857	0.2857142857142857	0.2857142857142857	məʊtɹɪks	mɒtɹɪks	0.0	0.2857142857142857
mousmé	muːsmeɪ	musmeɪ	məsmeɪ	məsm	compound	[]	0.0	0.16666666666666666	0.75	məsmeɪ	məsmeɪ	0.16666666666666666	0.16666666666666666
mucoactive	mjuːkəʊæktɪv	mukəʊæktɪv	mjukəʊktɪv	mukəʊæktɪv	compound	mu|coactive	0.1	0.1	0.1	mjukəʊæktɪv	mjukəʊæktɪv	0.0	0.0
mucopus	mjuːkəʊpʌs	mukəʊpəs	mjukɒpəs	mukəpəs	compound	mu|copus	0.25	0.375	0.42857142857142855	mjukəpəs	mjukɒpəs	0.25	0.375
mudbrick	mʌdbɹɪk	mʌdbɹɪk	mʌdbɹɪk	mʌdbɹɪk	compound	mud|brick	0.0	0.0	0.0	mʌdbɹɪk	mʌdbɹɪk	0.0	0.0
multigalactic	mʌltiɡəlæktɪk	məltiɡəlæktɪk	mʌltɪɡəlaktɪk	mʌltɪɡəlæktɪk	compound	multi|galactic	0.07692307692307693	0.15384615384615385	0.07692307692307693	mʌltigəɹæktɪk	mʌltɪɡəlæktɪk	0.15384615384615385	0.07692307692307693
munged	mʌndʒd	mʌndʒd	mʌndʒd	mʌndʒd	compound	munge|d	0.0	0.0	0.0	mʌnd͡ʒd	mʌndʒd	0.14285714285714285	0.0
mus'n't	mʌsnt	məsnt	mʌsənt	mʌsənɪt	compound	mus|nt	0.2	0.16666666666666666	0.2857142857142857	mʌzənt	mʌzənt	0.3333333333333333	0.3333333333333333
musclehead	mʌsəlhɛd	mʌsəlhɛd	mʌsəlhɛd	mʌsklihəd	compound	muscle|head	0.0	0.0	0.3333333333333333	mʌsəlhɛd	mʌsəlhɛd	0.0	0.0
mushrik	mʊʃɹɪk	məʃɹɪk	mʌʃɹɪk	mʌʃɹɪk	compound	mush|rik	0.16666666666666666	0.16666666666666666	0.16666666666666666	mʌʃɹɪk	mʌʃɹɪk	0.16666666666666666	0.16666666666666666
mushroomoid	mʌʃɹuːmɔɪd	mʌʃɹumɔɪd	mʌʃɹumɔɪd	mʌʃɹumɔɪd	compound	mushroom|oid	0.0	0.0	0.0	mʌʃɹumɔɪd	mʌʃɹumɔɪd	0.0	0.0
musn't	mʌsnt	məsnt	mʌsənt	mʌsnɪt	compound	mus|nt	0.2	0.16666666666666666	0.16666666666666666	mʌstənt	mʌzənt	0.2857142857142857	0.3333333333333333
musnad	musnɑd	məsnæd	mʌsnad	mʌsnəd	compound	mus|nad	0.3333333333333333	0.3333333333333333	0.3333333333333333	mʌsnæd	mʌsnæd	0.3333333333333333	0.3333333333333333
mut'ah	mutɑ	mʌtɑ	mʌtə	mʌtʃə	compound	mut|ah	0.25	0.5	0.6	mʌtɚ	mʌtə	0.5	0.5
mutawa	muːtɑːwə	mutɑwə	mjutɑwə	mjutəwə	compound	mu|tawa	0.0	0.14285714285714285	0.2857142857142857	mʌtəwə	mjutɔwə	0.3333333333333333	0.2857142857142857
mutility	mjuːtɪlɪti	mjutɪlɪti	mjutɪlɪti	mjutɪlɪti	compound	m|utility	0.0	0.0	0.0	mjuɾəlɪɾi	mjutɪlɪti	0.3333333333333333	0.0
mycoforestry	maɪkəʊfɒɹɪstɹi	maɪkəʊfɒɹɪstɹi	maɪkəfɒɹɪstɹi	maɪkəfɚstɹi	compound	my|co|forestry	0.0	0.07692307692307693	0.36363636363636365	maɪkəʊfɔɹəstɹi	maɪkəfɒɹəstɹi	0.14285714285714285	0.15384615384615385
myelon	maɪəlɒn	maɪilɔn	maɪɛlən	milən	compound	my|elon	0.2857142857142857	0.2857142857142857	0.8	maɪlɒn	maɪəlɒn	0.16666666666666666	0.0
myeloproliferative	maɪələpɹəlɪfəɹeɪtɪv	maɪɛləʊpɹəlɪfəɹətɪv	maɪɪlɒpɹəlɪfəɹətɪv	miɛləpɹəʊlɪfɚətɪv	compound	my|elo|proliferative	0.21052631578947367	0.2222222222222222	0.47058823529411764	maɪɪəʊpɹəlɪfəɹəɾɪv	maɪələpɹɒlɪfɛɹətɪv	0.3333333333333333	0.2222222222222222
myofilament	maɪoʊfɪləmənt	maɪəʊfɪləmənt	maɪəfɪləmənt	miɑfɪləmənt	compound	my|o|filament	0.0	0.08333333333333333	0.36363636363636365	maɪəʊfɪləmənt	maɪəʊfaɪləmənt	0.0	0.07142857142857142
myoid	maɪɔɪd	maɪɔɪd	maɪɔɪd	miɔɪd	compound	my|oid	0.0	0.0	0.4	maɪɔɪd	maɪɔɪd	0.0	0.0
myostatin	maɪəʊstætɪn	maɪəʊsteɪtɪn	maɪəstatɪn	miɑsteɪtɪn	compound	my|o|statin	0.16666666666666666	0.2	0.6	maɪəʊstætɪn	maɪəʊstætɪn	0.0	0.0
myricetin	maɪɹɪsiːtɪn	maɪɹaɪstɪn	maɪɹaɪstɪn	mɪɹɪstɪn	compound	my|rice|tin	0.2	0.2	0.25	mɪɹɪsɪtɪn	mɪɹɪsɛtɪn	0.2222222222222222	0.2222222222222222
myristic	maɪɹɪstɪk	maɪɹɪstɪk	maɪɹɪstɪk	mɪɹɪstɪk	compound	my|rist|ic	0.0	0.0	0.125	məɹɪstɪk	mɪɹɪstɪk	0.25	0.125
myristicin	maɪɹɪstɪsɪn	maɪɹɪstɪsɪn	maɪɹɪstɪsɪn	mɪɹɪstɪsɪn	compound	my|rist|ici|n	0.0	0.0	0.1	məɹɪstɪsɪn	maɪɹɪstɪsɪn	0.2	0.0
myristoylated	maɪɹɪstɔɪleɪtɪd	maɪɹɪstɔɪleɪtɪd	maɪɹɪstɔɪleɪtɪd	mɪɹɪstɔɪleɪtd	compound	my|rist|oy|lated	0.0	0.0	0.15384615384615385	mɪɹɪstɔɪleɪɾᵻd	mɪɹɪstɔɪleɪtɪd	0.21428571428571427	0.07142857142857142
naegleriasis	nɛɡləɹaɪəsɪs	nɑɛɡlɝiəsɪs	niɡəlɹɪɑsiz	neɪɡlɚiəsɪs	compound	na|egler|ia|sis	0.45454545454545453	0.6363636363636364	0.5454545454545454	neɪgləɹaɪəsɪs	niɡliəɹɪæsɪs	0.23076923076923078	0.3333333333333333
nahual	nəwɑːl	nɑəæl	nahjuəl	nɑhuəl	compound	nah|u|al	0.6	0.7142857142857143	0.6666666666666666	nɑwəl	næhjuəl	0.4	0.7142857142857143
nancyboy	nænsibɔɪ	nænsibɔɪ	nansɪbɔɪ	nænsibɔɪ	compound	nancy|boy	0.0	0.25	0.0	nænsibɔɪ	nænsɪbɔɪ	0.0	0.125
nanodiffraction	nænoʊdɪfɹækʃən	nænəʊdɪfɹækʃən	nanəʊdɪfɹakʃən	nənəʊdɪfɹækʃən	compound	nano|diffraction	0.0	0.14285714285714285	0.07142857142857142	nænəʊdɪfɹækʃən	nænədɪfɹækʃən	0.0	0.07692307692307693
nanoelement	nænoʊɛləmɪnt	nænəʊɛlɪmənt	nanəʊɛlɪmənt	nænəʊlmənt	compound	nano|element	0.16666666666666666	0.25	0.3	nænəʊɛlɪmənt	nænəʊɛlmənt	0.16666666666666666	0.18181818181818182
naratriptan	nɑːɹətɹɪptæn	nɑɹətɹɪptən	naɹətɹɪptən	nɑɹətɹɪptən	compound	nara|tript|an	0.09090909090909091	0.18181818181818182	0.09090909090909091	nəɹæt.ɹɪp.tæn	næɹətɹɪptən	0.3076923076923077	0.18181818181818182
naricorn	nɛəɹɪkɔːɹn	nɑɹɪkɔɹn	naɹɪkɔn	nɑɹɪkɔɹn	compound	na|ric|orn	0.25	0.42857142857142855	0.25	nɛɹəkɔɹn	næɹɪkɔn	0.25	0.42857142857142855
nasoenteral	neɪzoʊɛntəɹəl	nɑsəʊɛntəɹəl	nasəʊntəɹəl	neɪsəʊntɚəl	compound	naso|enteral	0.25	0.36363636363636365	0.36363636363636365	nəsəʊntəɹəl	næsəʊɛntəɹəl	0.36363636363636365	0.25
nasoileal	neɪzoʊɪliəl	nɑsəʊɪliəl	nasɔɪliəl	næsɔɪləl	compound	naso|ileal	0.3	0.5555555555555556	0.75	neɪsəʊɪliəl	neɪsɔɪliəl	0.09090909090909091	0.3
nasojejunal	neɪzoʊdʒədʒuːnəl	nɑsəʊdʒɪdʒunəl	nasəʊdʒdʒunəl	nəsədʒdʒənəl	compound	naso|jejuna|l	0.2857142857142857	0.3076923076923077	0.5	neɪsəʊdʒɛdʒənəl	næsədʒɛdʒunəl	0.2	0.38461538461538464
natiform	neɪtɪfɔːm	nætɪfɔm	natɪfɔm	nætɪfɔɹm	compound	nat|iform	0.2857142857142857	0.2857142857142857	0.375	neɪɾəfɔɹm	nætɪfɔm	0.3333333333333333	0.2857142857142857
nauseatic	nɔːziætɪk	nɔsɪətɪk	nɔsɪatɪk	nɔsətɪk	compound	nausea|tic	0.375	0.375	0.42857142857142855	nɔziæɾɪk	nɔziætɪk	0.125	0.0
ne'ertheless	nɛəðəlɛs	neəðəles	neəðəlɛs	nizɚθɛləs	compound	neer|the|less	0.25	0.125	0.6666666666666666	nɪɹðəles	niəθɪləs	0.375	0.5
nebentan	nəbɛntæn	nɛbɛntən	nɛbɛntən	nbɛntən	compound	neb|ent|an	0.25	0.25	0.2857142857142857	nəbɛn.tæn	nɪbɛntən	0.1111111111111111	0.25
nebracetam	nəbɹæsɪtæm	nɛbɹeɪstæm	nɛbɹəsɛtam	nɛbɹəstəm	compound	neb|race|tam	0.4	0.4	0.4444444444444444	nəbɹæsɪtæm	nɛbɹəsɛtəm	0.0	0.4
neckless	nɛklɪs	nɛkles	nɛkləs	nɛkəls	compound	neck|less	0.16666666666666666	0.16666666666666666	0.3333333333333333	nɛkləs	nɛkləs	0.16666666666666666	0.16666666666666666
nee'n't	niːnt	nint	niənt	niznɪt	compound	nee|nt	0.0	0.2	0.3333333333333333	nint	nint	0.0	0.0
nefand	nɪfænd	nɛfænd	nɛfand	nfænd	compound	nef|and	0.16666666666666666	0.3333333333333333	0.2	nɛfənd	nɪfænd	0.3333333333333333	0.0
neglective	nɪɡlɛktɪv	nɪɡlɛktaɪv	nɛɡəlktɪv	nɛɡlɛktɪv	compound	neglect|ive	0.1	0.3333333333333333	0.1111111111111111	nəglɛktɪv	nɪɡlɛktɪv	0.2222222222222222	0.0
nematophagous	niːmətɒfəɡəs	nimɑtəʊfəɡəʊʌs	nɛmətəfaɡəs	nɛmətəʊfəɡəʊs	compound	ne|mato|ph|ago|us	0.35714285714285715	0.2727272727272727	0.3076923076923077	nəmæɾəfægəs	nɛmətɒfəɡəs	0.5454545454545454	0.09090909090909091
neocarzinostatin	niːəʊkɑːɹzɪnəʊstætɪn	niəʊkɑzɪnəʊsteɪtɪn	niəʊkɑzɪnɒstətɪn	niəʊkɚzinəʊsteɪtɪn	compound	neo|car|zin|o|statin	0.16666666666666666	0.25	0.2777777777777778	niəʊkɑɹzɪn.əstæt.ɪn	niəʊkɑzɪnəʊsteɪtɪn	0.15789473684210525	0.16666666666666666
neofan	niːəʊfæn	niəʊfæn	niəʊfən	niəʊfən	compound	neo|fan	0.0	0.14285714285714285	0.14285714285714285	niəʊfæn	niəʊfən	0.0	0.14285714285714285
neonism	niːənɪzəm	niɒnɪzəm	niɒnɪzəm	nəʊnɪzəm	compound	neon|ism	0.125	0.125	0.25	niənɪzəm	niəʊnɪzəm	0.0	0.1111111111111111
neopentane	niːoʊpɛnteɪn	niəʊpɛnteɪn	niəʊpɛnteɪn	niəʊpɛntən	compound	neo|pentane	0.0	0.0	0.2	niəʊpɛnteɪn	niəʊpənteɪn	0.0	0.09090909090909091
nepotation	nɛpəʊteɪʃn	nipəʊteɪʃən	nɛpəteɪʃən	nɛpəteɪʃən	compound	ne|potation	0.18181818181818182	0.2	0.2	nɛpəteɪʃən	nɛpəʊteɪʃən	0.2	0.09090909090909091
nepotic	nəpɒtɪk	nɛpɒtɪk	nɛpɒtɪk	nɛpətɪk	compound	nep|otic	0.14285714285714285	0.14285714285714285	0.2857142857142857	nəpɑɾɪk	nɛpɒtɪk	0.2857142857142857	0.14285714285714285
nerdtastic	nɜːɹdtæstɪk	nɜdtæstɪk	nɜdteɪstɪk	nɚtæstɪk	compound	nerd|tastic	0.1111111111111111	0.3	0.375	nɜɹdtæstɪk	nɜdtæstɪk	0.0	0.1111111111111111
neshaw	niʃɔ	nɛʃɔ	nɛʃɔ	nɛʃɔ	compound	nesh|aw	0.25	0.25	0.25	nɛʃɔ	nɛʃɔ	0.25	0.25
neuralation	njuːɹəleɪʃən	njuɹəleɪʃən	njuɹəleɪʃən	nʊɹəleɪʃən	compound	neural|ation	0.0	0.0	0.2	nʊɹəleɪʃən	njuɹəleɪʃən	0.2	0.0
neurogeneticist	njʊəɹəʊdʒənɛtɪsɪst	nʊɹəʊdʒɛnɛtɪsɪst	njuɹəʊdʒnɛtɪsɪst	nɚədʒənɛtɪsɪst	compound	neuro|geneticist	0.1875	0.1875	0.35714285714285715	nʊɹəʊdʒənɛɾəsəst	njuɹəʊdʒənɛtɪsɪst	0.3125	0.11764705882352941
neutrophilia	njuːtɹəfɪlɪə	njutɹəfɪliə	njutɹəfɪliə	nɔɪtɹəfɪliə	compound	neutrophil|ia	0.09090909090909091	0.09090909090909091	0.2727272727272727	nutɹəfɪliə	njutɹəfɪliə	0.2	0.09090909090909091
never've	nɛvəɹv	nɛvəvi	nɛvəɹəv	nɛvɚzv	compound	never|ve	0.3333333333333333	0.14285714285714285	0.3333333333333333	nɛvəɹv	nɛvəv	0.0	0.2
newbs	njuːbz	njubz	njubz	nubz	compound	newb|s	0.0	0.0	0.25	nubs	njubz	0.5	0.0
newbz	njuːbz	njubz	njubz	nubz	compound	newb|z	0.0	0.0	0.25	nubz	njubz	0.25	0.0
nickelback	nɪkəlbæk	nɪkəlbæk	nɪkɪlbak	nɪkəlbæk	compound	nickel|back	0.0	0.25	0.0	nɪkəlbæk	nɪkəlbæk	0.0	0.0
niggerfaggot	nɪɡəɹfæɡət	nɪɡəfæɡət	nɪɡəfaɡət	nɪɡɚfæɡət	compound	nigger|faggot	0.1111111111111111	0.2222222222222222	0.2222222222222222	nɪɡɚfægət	nɪɡəfæɡət	0.3333333333333333	0.1111111111111111
nigget	nɪdʒət	nɪɡɛt	nɪɡɪt	nɪɡɪt	compound	nigg|et	0.6	0.6	0.6	nɪgɪt	nɪɡɪt	0.6	0.6
nigua	niːɡwə	niɡuə	nɪɡjuə	nɪɡə	compound	ni|gu|a	0.2	0.5	0.5	nigwə	nɪɡjuə	0.2	0.5
nihil	niːhɪl	nihaɪl	naɪəl	nɪhɪl	compound	ni|hi|l	0.16666666666666666	0.6	0.2	nɪhɪl	naɪəl	0.2	0.6
nimb	nɪmb	nɪmb	nɪm	nɪm	compound	nim|b	0.0	0.3333333333333333	0.3333333333333333	nɪmb	naɪm	0.0	0.5
nimwitted	nɪmwɪtəd	nɪmwɪtɪd	nɪmwɪtɪd	nɪmwɪtɪd	compound	nim|witted	0.125	0.125	0.125	nɪmwɪɾᵻd	nɪmwɪtɪd	0.25	0.125
nitroxylene	naɪtɹəʊzaɪliːn	naɪtɹəʊzaɪlin	naɪtɹəʊksɪlin	nɪtɹəksilin	compound	nitro|xylene	0.0	0.15384615384615385	0.45454545454545453	naɪtɹɑksəlin	naɪtɹɒksɪlin	0.4166666666666667	0.3333333333333333
nivolumab	nɪvɒljʊmæb	nivɒljuməb	nɪvəlumab	nɪvəʊləməb	compound	ni|vol|uma|b	0.3	0.4444444444444444	0.5	nɪvɑ.lə.mæb	naɪvəljumæb	0.36363636363636365	0.2727272727272727
nodous	nəʊdəs	nɒdəs	nɒdəs	nəʊdəs	compound	nod|ous	0.4	0.4	0.0	nəʊdəs	nəʊdəs	0.0	0.0
noemata	nəʊiːmətə	nəʊimətɑ	nəʊmɑtə	nəʊmətə	compound	noema|ta	0.125	0.2857142857142857	0.14285714285714285	nəʊimətə	nimɑtə	0.0	0.5
noematic	nəʊɪmætɪk	nəʊimətɪk	nəʊmatɪk	nəʊmətɪk	compound	noema|tic	0.2222222222222222	0.25	0.25	nəʊimətɪk	nəʊmætɪk	0.2222222222222222	0.125
noesis	nəʊiːsɪs	nəʊzɪz	nəʊsiz	nəʊsɪz	compound	noes|is	0.5	0.5	0.3333333333333333	nəʊisɪs	nəʊsɪs	0.0	0.16666666666666666
noetherian	noʊθɪəɹiən	nəʊθɪəɹɪən	nəʊθɜɹiən	nəʊθɚiən	compound	noe|therian	0.1	0.2222222222222222	0.375	nəʊiθəɹiən	nəʊθiəɹiən	0.2	0.1
nonalphanumeric	nɒnælfənjuːmɛɹɪk	nɒnælfənjumɛɹɪk	nɒnalfənjumɛɹɪk	nənælfənumɚɪk	compound	non|alphanumeric	0.0	0.06666666666666667	0.3076923076923077	nɑnælfənuməɹɪk	nɒnəlfænjumɛɹɪk	0.21428571428571427	0.13333333333333333
nonchorionic	nɒnkɔːɹiɒnɪk	nɒnkɒɹɪɒnɪk	nɒŋkɔɹɪɒnɪk	nɑŋkɔɹiənɪk	compound	non|chorionic	0.18181818181818182	0.18181818181818182	0.2727272727272727	nɑŋkɔɹiɑnɪk	nɒnkɔɹɪɒnɪk	0.2727272727272727	0.09090909090909091
noncontent	nɒnkɒntɛnt	nɒnkɒntɛnt	nɒŋkəntɛnt	nɑŋkəntənt	compound	noncon|tent	0.0	0.2	0.4	nɑnkɑntɛnt	nɒnkəntɛnt	0.2	0.1
noncuple	nɒnkjuːpl	nɒnkʌplə	nɒŋkupəl	nɔŋkʌpəl	compound	non|cup|le	0.375	0.375	0.625	nɑŋkʌpəl	nɒnkjupəl	0.625	0.1111111111111111
noncuplication	nɒnkjuːplɪkeɪʃən	nɒnkjuplaɪkeɪʃən	nɒŋkuplɪkeɪʃən	nɔŋkʌplɪkeɪʃən	compound	non|cu|plication	0.0625	0.14285714285714285	0.2857142857142857	nɑŋkʌpləkeɪʃən	nɒnkjuplɪkeɪʃən	0.35714285714285715	0.0
nonfren	nɒnfɹɛn	nɒnfɹɛn	nɒnfɹɛn	nənfɹən	compound	non|f|ren	0.0	0.0	0.2857142857142857	nɑnfɹɛn	nɒnfɹɛn	0.14285714285714285	0.0
nonius	nəʊnɪəs	nəʊniʌs	nɒnɪəs	nəʊniəs	compound	noni|us	0.2857142857142857	0.3333333333333333	0.14285714285714285	nəʊniəs	nəʊnɪəs	0.14285714285714285	0.0
nonlandlords	nɑnlændlɔɹdz	nɒnlændlɔɹdz	nɒnlandlɔdz	nɑnlændlɚdz	compound	non|landlords	0.08333333333333333	0.2727272727272727	0.18181818181818182	nɑnlændlɔɹdz	nɒnləndlɔdz	0.0	0.2727272727272727
nonoptimal	nɒnɒptɪməl	nɒnɒptɪməl	nɒnɒptɪməl	nənɑptɪməl	compound	non|optimal	0.0	0.0	0.2	nɑnɑptɪməl	nɒnɒptɪməl	0.2	0.0
noobs	njuːbz	nubz	nubz	nubz	compound	noob|s	0.25	0.25	0.25	nubs	nubz	0.5	0.25
noosign	noʊoʊsaɪn	nusaɪn	nusaɪn	nuʃən	compound	noo|sign	0.6666666666666666	0.6666666666666666	1.2	nusaɪn	nusaɪn	0.6666666666666666	0.6666666666666666
nootkatone	nuːtkətəʊn	nutkətəʊn	nutkətəʊn	nutkətəʊn	compound	nootka|tone	0.0	0.0	0.0	nutkətəʊn	nutkətəʊn	0.0	0.0
norbadione	nɔːɹbədaɪəʊn	nɔɹbədiɑn	nɔbeɪdaɪəni	nɔɹbeɪdiən	compound	norba|dione	0.4444444444444444	0.45454545454545453	0.5	nɔɹbədiəʊni	nɔbeɪdiən	0.2727272727272727	0.6666666666666666
not've	nɒtəv	nɒtvi	nɒtəv	nɑtɪv	compound	not|ve	0.4	0.0	0.4	nɑtweɪ	nɒtv	0.6666666666666666	0.25
nothospecies	nɒθəʊspiːʃiz	nɑθəʊspisiz	nɒθəspisiz	nɑθəspeɪsiz	compound	noth|o|species	0.18181818181818182	0.2	0.45454545454545453	nɑθəspiʃiz	nɒθəʊspɛsɪz	0.2	0.2727272727272727
nothosubspecies	nɒθəʊsʌbspiːʃiz	nɑθəʊsʌbspisiz	nɒθəsʌbspisiz	nɑθəʊsəbspeɪsiz	compound	noth|o|subspecies	0.14285714285714285	0.15384615384615385	0.3333333333333333	nɑθəʊsʌbspisiz	nɒθəsʌbspɪsɪz	0.14285714285714285	0.3076923076923077
novitious	nəʊvɪʃəs	nəʊvaɪʃəs	nəvɪʃəs	nəʊvɪʃəs	compound	novi|tious	0.1111111111111111	0.14285714285714285	0.0	nəvɪʃəs	nəvɪʃəs	0.14285714285714285	0.14285714285714285
nruling	nɹuːlɪŋ	nɹulɪŋ	ɛnɹulɪŋ	nɹulɪŋ	compound	n|ruling	0.0	0.14285714285714285	0.0	nɹulɪŋ	nɹulɪŋ	0.0	0.0
nuc	njuːk	nus	nʌk	nʌk	compound	nu|c	0.6666666666666666	0.6666666666666666	0.6666666666666666	nuk	nʌk	0.3333333333333333	0.6666666666666666
nya	njæ	niə	naɪə	niə	compound	ny|a	0.6666666666666666	0.75	0.6666666666666666	njɑ	naɪə	0.3333333333333333	0.75
nyan	njɑːn	niən	naɪən	niæn	compound	ny|an	0.5	0.6	0.5	naɪən	njæn	0.6	0.25
nyc	naɪs	nis	nɪk	nɪk	compound	ny|c	0.6666666666666666	0.6666666666666666	0.6666666666666666	nɪk	naɪk	0.6666666666666666	0.25
né	neɪ	neɪ	neɪ	n	compound	[]	0.0	0.0	2.0	neɪ	neɪ	0.0	0.0
obdured	əbdjʊəd	ɑbdjʊəd	ɒbdjʊəd	əʊbdɚd	compound	ob|dure|d	0.14285714285714285	0.14285714285714285	0.6666666666666666	əbdʊɹd	ɒbdjɔd	0.3333333333333333	0.5
objectress	əbdʒɛktɹɪs	ɑbdʒɛktɹɛs	ɒbdʒɛktɹəs	ɑbdʒɛktɹəs	compound	object|ress	0.2	0.2	0.2	əbdʒɛktɹəs	ɒbdʒɛktɹəs	0.1	0.2
objectrix	əbdʒɛktɹɪks	ɑbdʒɛktɹɪks	ɒbdʒɛktɹɪks	ɑbdʒɛktɹɪks	compound	object|rix	0.09090909090909091	0.09090909090909091	0.09090909090909091	əbdʒɛktɹɪks	ɒbdʒɛktɹɪks	0.0	0.09090909090909091
objets	oʊbʒeɪz	ɒbdʒɛtz	ɒbdʒɛts	ɑbjɛts	compound	objet|s	0.7142857142857143	0.8571428571428571	1.0	ɒbdʒɛts	ɒbdʒɛts	0.8571428571428571	0.8571428571428571
obloquious	ɒbləʊkwiəs	ɑbləʊkiəs	ɒblɒkwiəs	əʊbləʊkwiəʊs	compound	ob|lo|qui|ous	0.2222222222222222	0.2222222222222222	0.25	əbləʊkwəs	əbləʊkwɪəs	0.2222222222222222	0.2
occultural	ɒkʌltjʊəɹəl	əkʌltjʊɹəl	ɒkʌltʃəɹəl	əkʌltʃɚəl	compound	occult|ural	0.2	0.2	0.5555555555555556	ɑkʌltʃəɹəl	əkʌltʃəɹəl	0.3	0.3
occursion	əkɜːɹʒən	əkɜzən	əkɜʃən	əkɚʃən	compound	occurs|ion	0.3333333333333333	0.3333333333333333	0.5	əkɜɹʒən	əkɜʃən	0.0	0.3333333333333333
octaval	ɒkteɪvəl	ɔkteɪvəl	ɒktavəl	ɑktəvəl	compound	oct|ava|l	0.125	0.2857142857142857	0.42857142857142855	ɑktɪvəl	ɒktəvəl	0.2857142857142857	0.2857142857142857
octogram	ɒktoʊɡɹæm	ɔktɑɡɹæm	ɒktəɡɹam	ɑktəɡɹəm	compound	oct|og|ram	0.375	0.25	0.375	ɑktəgɹæm	ɒktəɡɹæm	0.375	0.125
octopodes	ɒktəʊpədiːz	ɒktəpɒdiz	ɒktəpəʊdz	ɑktəpəʊdɪz	compound	octopod|es	0.2222222222222222	0.3333333333333333	0.4	ɑktəpəʊdz	ɒktəpəʊdz	0.4444444444444444	0.3333333333333333
odsooks	ɒdzuːks	ɑdzukz	ɒdsʊks	ɑdsʊks	compound	ods|ook|s	0.3333333333333333	0.3333333333333333	0.5	ɑdsʊks	ɒdsʊks	0.5	0.3333333333333333
oecist	iːsɪst	əʊsɪst	əʊsɪst	əʊsɪst	compound	oe|cist	0.3333333333333333	0.3333333333333333	0.3333333333333333	əʊsɪst	əʊsɪst	0.3333333333333333	0.3333333333333333
offerture	ɒfəɹtjʊɚ	ɒfətʊɹ	ɒfətʃə	ɔfɚtʃɚ	compound	offer|ture	0.5	0.6666666666666666	0.8333333333333334	ɑfɚt͡ʃɚ	ɒfətʃə	0.7142857142857143	0.6666666666666666
officetel	ɒfɪstɛl	ɒfɪstɛl	ɒfɪstəl	ɔfɪstəl	compound	office|tel	0.0	0.14285714285714285	0.2857142857142857	ɔfɪstɛl	ɒfɪstɛl	0.14285714285714285	0.0
offworld	ɒfwɜːɹld	ɒfwɜld	ɒfwɜld	ɔfwɚld	compound	off|world	0.16666666666666666	0.16666666666666666	0.5	ɑfwɚld	ɒfwɜld	0.5	0.16666666666666666
oganesson	oʊɡənɛsɒn	əʊɡənɛsən	ɒɡeɪnɛsən	əʊɡənəsən	compound	ogan|esson	0.1111111111111111	0.5555555555555556	0.2222222222222222	əʊgənɛsən	əʊɡənɛsən	0.2222222222222222	0.1111111111111111
oikonym	ɔɪkənɪm	ɔɪkənɪm	ɔɪkənɪm	ɔɪkənim	compound	oik|ony|m	0.0	0.0	0.14285714285714285	ɔɪkənɪm	ɔɪkənɪm	0.0	0.0
okayish	əʊkeɪɪʃ	əʊkeɪɪʃ	ɒkeɪɪʃ	əʊkeɪɪʃ	compound	okay|ish	0.0	0.3333333333333333	0.0	əʊkeɪɪʃ	əʊkeɪɪʃ	0.0	0.0
oleose	əʊliəʊz	əʊlɪəʊzi	əʊləʊs	əʊləʊz	compound	oleos|e	0.25	0.3333333333333333	0.16666666666666666	əʊliəʊs	əʊlɪəʊz	0.14285714285714285	0.14285714285714285
oltipraz	ɒltɪpɹæz	əʊltɪpɹæz	əʊltɪpɹaz	əʊltɪpɹəz	compound	olt|ip|raz	0.2222222222222222	0.3333333333333333	0.3333333333333333	ɑl.təpɹæz	əʊltɪpɹæz	0.3333333333333333	0.2222222222222222
ombud	ɒmbəd	ɒmbʌd	ɒmbʌd	ɑmbəd	compound	om|bud	0.2	0.2	0.2	ɑmbʌd	ɒmbʌd	0.4	0.2
ombuds	ɒmbədz	ɒmbədz	ɒmbʌdz	ɑmbədz	compound	om|buds	0.0	0.16666666666666666	0.16666666666666666	ɑmbədz	ɒmbʌdz	0.16666666666666666	0.16666666666666666
ominate	ɒmɪneɪt	ɒmɪneɪt	ɒmɪneɪt	əməneɪt	compound	om|inate	0.0	0.0	0.2857142857142857	ɒmɪneɪt	ɒmɪneɪt	0.0	0.0
omphalopsychite	ɒmfələsaɪkaɪt	ɒmfələʊsaɪkaɪt	ɒmfəlɒsaɪkaɪt	ɑmfələpsɪkaɪt	compound	om|ph|alo|psych|ite	0.07142857142857142	0.07692307692307693	0.23076923076923078	ɑmfəlɒpsaɪkaɪt	ɒmfəlɒpsɪkaɪt	0.21428571428571427	0.23076923076923078
oncet	wʌntst	wɒnst	ɒnsɪt	ənsɪt	compound	once|t	0.4	0.8	0.8	wʌnst	ɒnsɪt	0.2	0.8
oncilla	ɒnsiːə	ɒnsɪlə	ɒnsɪlə	ɑnsɪlə	compound	on|cill|a	0.3333333333333333	0.3333333333333333	0.5	ɑnsɪlə	ɒnsɪlə	0.5	0.3333333333333333
oncom	ɒntʃɒm	ɒnkɑm	ɒŋkɒm	ɔŋkəm	compound	on|com	0.6	0.6	1.0	ɑŋkəm	ɒnkɒm	1.0	0.4
oneitis	wʌnaɪtɪs	wɒnaɪtɪs	wɒnaɪtɪs	əʊnitɪs	compound	one|itis	0.125	0.125	0.5714285714285714	wɒnaɪtɪs	əʊneɪtɪs	0.125	0.375
oneth	wʌnθ	wɒnθ	wɒnθ	ənɛθ	compound	one|th	0.25	0.25	0.75	wʌnθ	ɒnɪθ	0.0	0.75
onlyer	əʊnliɚ	əʊnliɜ	ɒnlaɪə	ənljɚ	compound	only|er	0.16666666666666666	0.8333333333333334	0.4	əʊnliəɹ	ɒnlaɪə	0.2857142857142857	0.8333333333333334
onychomycosis	ɒnɪkəʊmaɪkəʊsɪs	ənɪtʃəʊmaɪkəʊsɪs	ɒnɪtʃɒmɪkəʊsɪs	ənɪkəmikəsɪz	compound	ony|cho|mycosis	0.1875	0.2857142857142857	0.5	ɒnɪkəʊmaɪkəʊsɪs	ɒnɪkɒmɪkəʊsɪs	0.0	0.23076923076923078
ooaa	oʊoʊɑːɑː	uɑɑ	uɑ	wəʊ	compound	oo|aa	1.3333333333333333	2.5	1.3333333333333333	u.ə.ə.	uə	0.8333333333333334	2.5
ooftish	uːftɪʃ	uftɪʃ	uftɪʃ	uftɪʃ	compound	oof|tish	0.0	0.0	0.0	uftɪʃ	uftɪʃ	0.0	0.0
oopuhue	oʊʔoʊpəhuːiː	upəhju	upjuhju	upəhju	compound	oop|u|hue	1.0	1.1428571428571428	1.0	upuheɪ	upjuhju	1.1666666666666667	1.1428571428571428
oorah	uɹɑː	uɹɑ	uɹɑ	ʊɹə	compound	oo|rah	0.0	0.0	0.6666666666666666	ɔɹə	ɔɹə	0.6666666666666666	0.6666666666666666
ootype	əʊətaɪp	utaɪp	utaɪp	utaɪp	compound	oo|type	0.6	0.6	0.6	əʊəʊtaɪp	utaɪp	0.125	0.6
opacate	əʊpəkeɪt	əʊpəkeɪt	ɒpəkeɪt	ɑpækeɪt	compound	opa|cate	0.0	0.2857142857142857	0.42857142857142855	əʊpəkeɪt	ɒpəkeɪt	0.0	0.2857142857142857
openbill	əʊpnbɪl	əʊpənbɪl	əʊpənbɪl	əʊpɛnbɪl	compound	open|bill	0.125	0.125	0.125	əʊpənbɪl	əʊpənbɪl	0.125	0.125
opiniate	əʊpɪnieɪt	əʊpinieɪt	əpɪnɪeɪt	əʊpɪnieɪt	compound	o|pini|ate	0.1111111111111111	0.25	0.0	əpɪnieɪt	əpɪnɪeɪt	0.125	0.25
opipramol	əʊpɪpɹəmɒl	əʊpɪpɹəmɔl	ɒpɪpɹamɒl	əʊpɪpɹəməl	compound	o|pipra|mol	0.1	0.3333333333333333	0.1	əʊpɪpɹəmɒl	ɒpɪpɹəmɒl	0.0	0.2222222222222222
optate	ɒpteɪt	ɒpteɪt	ɒpteɪt	ɑpteɪt	compound	opt|ate	0.0	0.0	0.16666666666666666	ɑpteɪt	ɒpteɪt	0.16666666666666666	0.0
orl	ɔːl	ɔl	ɔl	ɔɹl	compound	or|l	0.0	0.0	0.3333333333333333	ɔɹl	ɔl	0.3333333333333333	0.0
ornative	ɔːɹnətɪv	ɔɹnətɪv	ɔnətɪv	ɔɹnətɪv	compound	orna|tive	0.0	0.16666666666666666	0.0	ɔɹnəɾɪv	ɔnətɪv	0.14285714285714285	0.16666666666666666
oroblanco	ɔːɹoʊblɑːŋkoʊ	ɔɹəʊblæŋkəʊ	ɔɹəblaŋkəʊ	ɔɹɑblæŋkəʊ	compound	oro|blanco	0.09090909090909091	0.2	0.3	ɔɹəʊblæŋkəʊ	ɒɹəʊblæŋkəʊ	0.09090909090909091	0.18181818181818182
oroide	oʊɹəwaɪd	ɔɹəʊaɪd	ɔɹɔɪd	ɔɹɔɪd	compound	oro|ide	0.42857142857142855	1.0	1.0	ɔɹɔɪd	ɔɹɔɪd	1.0	1.0
ortataxel	ɔːɹtətæksəl	ɔɹtətæksɛl	ɔtətaksəl	ɔɹtətæksəl	compound	orta|tax|el	0.1	0.2222222222222222	0.0	ɔɹɾətæksəl	ɔtətæksəl	0.1	0.1111111111111111
orthodenticle	ɔːɹθədɛntɪkəl	ɔɹθəʊdɛntəkəl	ɔθəʊdɛntɪkəl	ɔɹθəʊdəntɪkəl	compound	ortho|denticle	0.15384615384615385	0.16666666666666666	0.15384615384615385	ɔɹθədɛntɪkəl	ɔθədɛntɪkəl	0.0	0.09090909090909091
orthograph	ɔːɹθəɡɹæf	ɔɹθəʊɡɹæf	ɔθəɡɹaf	ɔɹθəɡɹəf	compound	ortho|graph	0.1111111111111111	0.2857142857142857	0.125	ɔɹθəgɹæf	ɔθəɡɹæf	0.125	0.14285714285714285
orthosexual	ɔːɹθəsɛkʃuəl	ɔɹθəʊsɛkʃuəl	ɔθəʊskʃuəl	ɔɹθəʊskʃuəl	compound	ortho|sexual	0.08333333333333333	0.3	0.18181818181818182	ɔɹθəʊsɛkʃəwəl	ɔθəʊsɛkʃuəl	0.23076923076923078	0.18181818181818182
osteosarcopenia	ɒstiəʊsɑːɹkəpiːniə	əʊzteɪəʊsɑɹkəpiniə	ɒstɪɒsɑkəʊpiniə	ɔstiəʊzɚkəpiniə	compound	os|teo|sarcopenia	0.2777777777777778	0.3333333333333333	0.26666666666666666	ɑstiəʊsɑɹkəpiniə	ɒstɪəʊsɑkəpiniə	0.0625	0.13333333333333333
otomycosis	əʊtəʊmɪkəʊsɪs	əʊtiəʊmaɪkəʊsɪs	ɒtəmɪkəʊsɪs	əʊtəmikəsɪz	compound	ot|o|mycosis	0.13333333333333333	0.2727272727272727	0.36363636363636365	əʊɾəmaɪkəsɪs	əʊtəmɪkəʊsɪs	0.3333333333333333	0.08333333333333333
otosteon	əʊtɒstiən	əʊtiəʊstiɒn	ɒtəstɪən	əʊtɑstən	compound	ot|ost|eon	0.36363636363636365	0.5	0.25	əʊtəstiɒn	əʊtɒstiən	0.2222222222222222	0.0
oughtn't've	ɔːtəntəv	ɔtəntvi	ɔtəntəv	ɔtnɪtɪv	compound	oughtnt|ve	0.2857142857142857	0.0	0.42857142857142855	ɑt.n̩t.	ɔtəntɛv	0.7142857142857143	0.14285714285714285
ouroboros	uːɹəbɒɹəs	əʊjʊəɹəʊbɒɹəs	əəɹɒbəɹəʊz	ɔɹəʊbɚəʊz	compound	o|uroboros	0.46153846153846156	0.6	0.6666666666666666	uɹəbəɹəs	əɹɒbəɹəʊz	0.125	0.5555555555555556
outrecuidance	uːtəkwiːdəns	ətəɛkuaɪdəns	ətɹɪkjuɪdəns	ətɹɪkwɪdəns	compound	outr|ecu|ida|nce	0.4166666666666667	0.5	0.36363636363636365	utɹəkwidəns	ətɹɛkjuɪdəns	0.09090909090909091	0.5
outrecuidant	uːtəkwiːdənt	ətəɛkuaɪdənt	ətɹɪkjuɪdənt	ətɹɪkwɪdənt	compound	outr|ecu|idant	0.4166666666666667	0.5	0.36363636363636365	ətɹəkwɪdənt	ətɹɪkjuɪdənt	0.2727272727272727	0.5
overcite	oʊvəɹsaɪt	əʊvəsaɪt	əʊvəsaɪt	əʊvɚsɪt	compound	over|cite	0.125	0.125	0.42857142857142855	əʊvəɹsaɪt	əʊvəsaɪt	0.0	0.125
overglow	əʊvəɡləʊ	əʊvəɡləʊ	əʊvəɡləʊ	əʊvɚɡləʊ	compound	over|glow	0.0	0.0	0.125	əʊvəɹgləʊ	əʊvəɡləʊ	0.2222222222222222	0.0
overlash	əʊvəɹlæʃ	əʊvəlæʃ	əʊvəlaʃ	əʊvɚləʃ	compound	over|lash	0.14285714285714285	0.2857142857142857	0.42857142857142855	əʊvəɹlæʃ	əʊvəlæʃ	0.0	0.14285714285714285
overnap	əʊvəɹnæp	əʊvənæp	əʊvənap	əʊvɚnəp	compound	over|nap	0.14285714285714285	0.2857142857142857	0.42857142857142855	əʊvəɹnæp	əʊvənæp	0.0	0.14285714285714285
overnutrition	əʊvəɹnjuːtɹɪʃən	əʊvənjutɹɪʃən	əʊvənjutɹɪʃən	əʊvɚnətɹɪʃən	compound	over|nutrition	0.07692307692307693	0.07692307692307693	0.3333333333333333	əʊvəɹnutɹɪʃən	əʊvənjutɹɪʃən	0.07692307692307693	0.07692307692307693
overpresence	əʊvəpɹɛzəns	əʊvəpɹɛzəns	əʊvəpɹɛzəns	əʊvɚpɹizəns	compound	over|presence	0.0	0.0	0.18181818181818182	əʊvəɹpɹɛzəns	əʊvəpɹizəns	0.08333333333333333	0.09090909090909091
oversweeping	əʊvəswiːpɪŋ	əʊvəɹswipɪŋ	əʊvəswipɪŋ	əʊvɚswipɪŋ	compound	oversweep|ing	0.09090909090909091	0.0	0.1	əʊvəɹswipɪŋ	əʊvəswipɪŋ	0.09090909090909091	0.0
ovolactovegetarianism	oʊvoʊlæktoʊvɛdʒɪtɛəɹiənɪzəm	əʊvəʊlæktəʊvɛdʒɪtɛəɹiənɪzəm	əʊvəlaktəʊvɡɪteəɹiənɪzəm	əʊvɑlæktəʊvɪdʒɪtɑɹiənɪzəm	compound	ovolactovegetarian|ism	0.0	0.25	0.2	əʊ.vəʊlæk.təʊvɛ.d͡ʒɪtɛɹi.ənɪzəm	əʊvəlæktəvɛdʒɪteəɹiənɪzəm	0.1935483870967742	0.12
oware	əwɑːɹi	əʊɑɹ	əʊeə	əʊɚ	compound	ow|are	0.5	1.0	1.3333333333333333	əəɹeɪ	əʊeə	0.8	1.0
owie	aʊwiː	əʊi	əʊi	əʊi	compound	ow|ie	0.3333333333333333	0.3333333333333333	0.3333333333333333	əi	əʊi	0.5	0.3333333333333333
oxatomide	ɒksætəmaɪd	ɒksætəmaɪd	ɒksətɒmaɪd	ɑksətəmaɪd	compound	ox|atom|ide	0.0	0.2	0.2	ɒksətɒmaɪd	ɒksətɒmaɪd	0.2	0.2
oxfendazole	ɒksfɛndəzəʊl	ɒksfɛndəzəʊl	ɒksfəndazəʊl	ɑksfɛndəzəʊl	compound	ox|fend|azole	0.0	0.16666666666666666	0.08333333333333333	ɑksfɛn.dəzəʊl	ɒksfəndəzəʊl	0.15384615384615385	0.08333333333333333
oxomemazine	ɒksəʊmɛməziːn	ɒksəʊmɛmæzin	ɒksəʊmmazin	ɑksəməməzin	compound	oxo|mem|azine	0.08333333333333333	0.18181818181818182	0.2727272727272727	ɒksəmɛməzin	ɒksɒməməzin	0.09090909090909091	0.2727272727272727
p'rhaps	pɹæps	pɹhaps	pirhaps	pɚhæps	compound	p|r|haps	0.3333333333333333	0.5714285714285714	0.3333333333333333	pɹæps	pɹæps	0.0	0.0
pacings	peɪsɪŋz	peɪsɪŋz	peɪsɪŋz	peɪsɪŋz	compound	pacing|s	0.0	0.0	0.0	peɪsɪŋz	peɪsɪŋz	0.0	0.0
paedobaptist	piːdəʊbæptɪst	pidəʊbæptɪst	pidəbaptɪst	peɪdəʊbæptɪst	compound	paedo|baptist	0.0	0.18181818181818182	0.15384615384615385	pidəbæptɪst	pidəʊbæptɪst	0.09090909090909091	0.0
paedophilophile	piːdəʊfɪləʊfaɪl	pidəʊfiləʊfaɪl	pidəfɪləfaɪl	peɪdəfɪləfɪl	compound	paedo|philo|phile	0.07142857142857142	0.16666666666666666	0.4166666666666667	pədɑfələnaɪl	pidəfɪləfaɪl	0.5	0.16666666666666666
pagings	peɪdʒɪŋz	peɪdʒɪŋz	peɪdʒɪŋz	pædʒɪŋz	compound	paging|s	0.0	0.0	0.2857142857142857	peɪd͡ʒɪŋz	peɪdʒɪŋz	0.1111111111111111	0.0
painjan	paɪndʒʌn	peɪndʒæn	peɪndʒən	peɪndʒən	compound	pain|jan	0.25	0.25	0.25	peɪndʒən	peɪndʒən	0.25	0.25
painsomnia	peɪnsɒmniə	pɑɪnsɒmniə	peɪnsɒmniə	peɪnsəmniə	compound	pa|insomnia	0.1	0.0	0.1	peɪnsəmniə	peɪnsɒmniə	0.1	0.0
pakhanate	pəkɑːneɪt	pɑkɑneɪt	pakhəneɪt	pækənət	compound	pa|khanate	0.125	0.3333333333333333	0.5714285714285714	pækəneɪt	pækhəneɪt	0.25	0.3333333333333333
paleolinguistics	peɪliəʊlɪŋɡwɪstɪks	peɪliəʊlɪŋɡwɪstɪks	peɪliəʊlɪŋɡwɪstɪks	peɪləʊlɪŋɡwɪstɪks	compound	paleo|linguistics	0.0	0.0	0.058823529411764705	peɪliəʊlɪŋgwɪstɪks	pælɪəlɪŋɡwɪstɪks	0.05555555555555555	0.25
paleonymy	peɪliɑnɪmi	peɪlɑnɪmj	peɪliəʊnaɪmi	peɪlənmi	compound	paleon|ym|y	0.2222222222222222	0.25	0.375	pəlinəmi	peɪlɪɒnɪmi	0.5	0.2
paleous	peɪliəs	peɪliəʊʌs	peɪliəʊʌz	peɪlus	compound	paleo|us	0.2222222222222222	0.3333333333333333	0.3333333333333333	peɪliəs	peɪlɪəs	0.0	0.14285714285714285
palingenesic	pælɪndʒɪniːsɪk	pælɪndʒinzɪk	peɪlɪndʒənizɪk	pælɪŋɪnɪsɪk	compound	palin|genes|ic	0.25	0.2857142857142857	0.36363636363636365	pælɪndʒənɛsɪk	pælɪndʒənɛsɪk	0.15384615384615385	0.15384615384615385
palinspastic	pælɪnspæstɪk	pælɪnspɑstɪk	peɪlɪnspastɪk	pælənspæstɪk	compound	palin|spastic	0.08333333333333333	0.23076923076923078	0.08333333333333333	pælɪnspæstɪk	pælɪnspɑstɪk	0.0	0.08333333333333333
paludine	pælədaɪn	pælədaɪn	paludin	pæludɪn	compound	pal|u|dine	0.0	0.5714285714285714	0.2857142857142857	pæludən	pæludin	0.42857142857142855	0.42857142857142855
palustral	pəlʌstɹəl	pɑlʌstɹəl	palʌstɹəl	pæləstɹəl	compound	pa|lustral	0.1111111111111111	0.1111111111111111	0.2222222222222222	pælɪstɹəl	pæləstɹəl	0.2222222222222222	0.2222222222222222
pamaquine	pæməkwɪn	pæməkwaɪn	paməkwaɪn	pæməkwin	compound	pam|a|quine	0.1111111111111111	0.2222222222222222	0.125	pæməkwaɪn	pæməkwaɪn	0.1111111111111111	0.1111111111111111
pampootie	pæmpuːti	pæmputi	pamputi	pæmputi	compound	pam|poot|ie	0.0	0.14285714285714285	0.0	pæmputi	pæmputi	0.0	0.0
pampsychism	pæmpsaɪkɪzəm	pæmsaɪkɪzəm	pamsaɪkɪzəm	pæmsɪtʃɪzəm	compound	pam|psychism	0.09090909090909091	0.18181818181818182	0.36363636363636365	pæmsaɪkɪzəm	pæmpsɪkɪzəm	0.09090909090909091	0.09090909090909091
panch	pæntʃ	pæntʃ	pantʃ	pæntʃ	compound	pan|ch	0.0	0.2	0.0	pæntʃ	pɑntʃ	0.0	0.2
pandeistical	pændeɪɪstɪkəl	pændiɪstɪkæl	pandeɪstɪkəl	pændaɪstɪkəl	compound	pandeistic|al	0.25	0.16666666666666666	0.16666666666666666	pændaɪstɪkəl	pændiɪstɪkəl	0.16666666666666666	0.16666666666666666
pandeistically	pændiːɪstɪkli	pændiɪstɪkælaɪ	pandeɪstɪkli	pændaɪstɪkəli	compound	pandeistic|ally	0.21428571428571427	0.16666666666666666	0.15384615384615385	pændaɪstɪkli	pændiɪstɪkli	0.08333333333333333	0.0
panhypopituitarism	pænhaɪpəʊpɪtjuːɪtəɹɪzəm	pænhaɪpəʊpətuəɾəɹɪzəm	panhɪpɒpɪtjuɪtəɹɪzəm	pænipəpɪtuɪtɚɪzəm	compound	pan|hypopituitarism	0.19047619047619047	0.2	0.4117647058823529	pænhaɪpəʊpɪɾuɪtɛɹɪzəm	pænhaɪpɒpɪtjuɪtəɹɪzəm	0.14285714285714285	0.09523809523809523
panmyelosis	pænmaɪələʊsɪs	pænmaɪɛləʊsɪs	panmɪɪləʊsɪs	pænmiləʊsɪz	compound	pan|my|elo|sis	0.07692307692307693	0.25	0.36363636363636365	pænmaɪələʊsɪs	pænmɪɪləʊsɪs	0.0	0.16666666666666666
pannings	pænɪŋz	pænɪŋz	panɪŋz	pænɪŋz	compound	panning|s	0.0	0.16666666666666666	0.0	pænɪŋz	pænɪŋz	0.0	0.0
panomphean	pænɒmfiːən	pænɒmfiən	panəmfiən	pænɑmfən	compound	pan|om|ph|ean	0.0	0.2222222222222222	0.25	pənɑmfiən	pænəmfin	0.2222222222222222	0.25
panoramata	panəɹɑːmətə	pænəɹæmətɑ	panɔɹəmɑtə	pænɔɹəmətə	compound	panorama|ta	0.3	0.3	0.3	pænəɹæməɾə	pænɔɹəmɑtə	0.3	0.4
panphilia	pænfɪlɪə	pænfɪliə	panfɪliə	pænfɪliə	compound	pan|philia	0.125	0.25	0.125	pænfɪliə	pænfɪliə	0.125	0.125
pantyliner	pæntilaɪnə	pɑntilaɪnə	pantɪlaɪnə	pæntɪlaɪnɚ	compound	panty|liner	0.1	0.2	0.2	pæntilaɪnəɹ	pɑntɪlaɪnə	0.09090909090909091	0.2
panzoistic	pænzəʊɪstɪk	pænzəʊɪstɪk	panzəʊɪstɪk	pænzɔɪstɪk	compound	panzoist|ic	0.0	0.09090909090909091	0.2	pænzəwɪstɪk	pænzəʊɪstɪk	0.09090909090909091	0.0
pané	pæneɪ	pæneɪ	paneɪ	pæn	compound	[]	0.0	0.2	0.6666666666666666	pæneɪ	pæneɪ	0.0	0.0
pappous	pæpəs	pæpəs	papəs	pæpəs	compound	papp|ous	0.0	0.2	0.0	pæpəs	pæpəs	0.0	0.0
parachronisms	pɚækɹənɪzmz	pəɹakɹənɪzəmz	paɹəkɹənɪzəmz	pɑɹəkɹənɪzəmz	compound	parachronism|s	0.3076923076923077	0.3076923076923077	0.3076923076923077	pɛɹəkɹɑnɪzəmz	pæɹəkɹənɪzəmz	0.38461538461538464	0.3076923076923077
paraconsistent	pæɹəkənsɪstənt	pɛɹəkənsɪstənt	paɹəkɒnsɪstənt	pɑɹəkənsɪstɛnt	compound	para|consistent	0.07142857142857142	0.14285714285714285	0.14285714285714285	pɛɹəkənsɪstənt	pæɹəkənsɪstənt	0.07142857142857142	0.0
paradings	pəɹeɪdɪŋz	pəɹeɪdɪŋz	pəɹeɪdɪŋz	pɑɹədɪŋz	compound	parading|s	0.0	0.0	0.375	pæɹədɪŋz	pəɹeɪdɪŋz	0.375	0.0
paradiorthosis	pæɹədaɪɔːɹθoʊsɪs	pɛɹədɪɔɹθəʊsɪs	paɹədiəθəʊsɪs	pɚeɪdaɪɚθəʊzɪz	compound	para|diorthosis	0.14285714285714285	0.38461538461538464	0.5	pɛɹədaɪɔɹθəʊsɪs	pəɹeɪdɪɔθəʊsɪs	0.06666666666666667	0.35714285714285715
paraffle	pəɹæfəl	pɑɹæfəl	paɹəfəl	pɑɹəfəl	compound	pa|raffle	0.14285714285714285	0.2857142857142857	0.2857142857142857	pɛɹəfəl	pæɹəfəl	0.2857142857142857	0.2857142857142857
paralexicon	pæɹəlɛksɪkɒn	paɹəlɛksɪkɒn	paɹəlɛksɪkən	pɑɹəlɛksɪkən	compound	paralexic|on	0.08333333333333333	0.16666666666666666	0.16666666666666666	pəɹæləksɪkən	pæɹəlɛksɪkən	0.3333333333333333	0.08333333333333333
paralipomenon	pæɹəlɪpɒmɪnɒn	pɛɹəlaipəʊmeɪnɔn	paɹəlɪpəʊmnən	pɑɹəlipəmənən	compound	para|lipo|menon	0.4375	0.38461538461538464	0.38461538461538464	pɛɹəlɪpəmənən	pæɹəlɪpəminən	0.3076923076923077	0.23076923076923078
parametricism	pæɹəmɛtɹɪsɪzm	pæɹəmɛtɹɪkɪzəm	paɹəmɛtɹɪsɪzəm	pɑɹəmɛtɹɪsɪzəm	compound	parametric|ism	0.14285714285714285	0.14285714285714285	0.14285714285714285	pæɹəmɛtɹəsɪzəm	pæɹəmɛtɹɪsɪzəm	0.14285714285714285	0.07142857142857142
paraphiliae	pæɹəfɪlɪaɪ	pæɹəfɪliəi	paɹəfɪlɪi	pɑɹəfɪli	compound	paraphilia|e	0.3	0.3333333333333333	0.5	pɛɹəfɪliaɪ	pæɹəfɪlɪi	0.2	0.2222222222222222
paraphily	pæɹæfɪlɪ	paɹafɪlj	paɹəfili	pɑɹəfəli	compound	paraph|il|y	0.375	0.5	0.5	pɛɹəfəli	pæɹəfɪli	0.5	0.25
paravian	pəɹeɪviən	pɛɹəviən	paɹəviən	pɑɹəviən	compound	para|vian	0.375	0.375	0.375	pəɹeɪviən	pəɹeɪviən	0.0	0.0
parbreak	pɑːɹbɹeɪk	pɑbɹeɪk	pɑbɹeɪk	pɑɹbɹik	compound	par|break	0.14285714285714285	0.14285714285714285	0.2857142857142857	pɑɹbɹeɪk	pɑbɹeɪk	0.0	0.14285714285714285
paroch	pæɹətʃ	pɑɹəʊtʃ	paɹɒk	pɑɹɑk	compound	paro|ch	0.2857142857142857	0.8	0.8	pæɹək	pæɹɒtʃ	0.4	0.16666666666666666
pasquin	pæskwɪn	pæskwɪn	paskwɪn	pæskwɪn	compound	pas|quin	0.0	0.14285714285714285	0.0	pæskwɪn	pæskwɪn	0.0	0.0
pastie	peɪsti	pɑsti	pasti	pæsti	compound	past|ie	0.4	0.4	0.4	pæsti	pɑsti	0.4	0.4
pastings	peɪstɪŋz	peɪstɪŋz	peɪstɪŋz	pæstɪŋz	compound	pasting|s	0.0	0.0	0.2857142857142857	peɪstɪŋz	pɑstɪŋz	0.0	0.2857142857142857
pataphysicist	pætəfɪzɪsɪst	pætəfɪzɪsɪst	patəfɪzɪsɪst	pætəfizɪsɪst	compound	pat|a|physicist	0.0	0.08333333333333333	0.08333333333333333	pæɾəfɪzəsəst	pætəfɪzɪsɪst	0.25	0.0
patchings	pætʃɪŋz	pætʃɪŋz	patʃɪŋz	pætʃɪŋz	compound	patching|s	0.0	0.14285714285714285	0.0	pætʃɪŋz	pætʃɪŋz	0.0	0.0
patefy	pætɪfaɪ	peɪtfaɪ	peɪtfaɪ	pætfi	compound	pate|fy	0.42857142857142855	0.42857142857142855	0.6	peɪtfaɪ	peɪtfaɪ	0.42857142857142855	0.42857142857142855
patellula	pətɛljʊlə	pətɛllulə	peɪtəljʊlə	pætəlulə	compound	patel|lula	0.2222222222222222	0.3	0.5	pətɛljələ	pətɛljʊlə	0.1111111111111111	0.0
pathowogen	pæθoʊwoʊdʒɛn	pæθəʊwəʊdʒɛn	paθəədʒən	pæθɑwəʊɡən	compound	path|owo|gen	0.0	0.5555555555555556	0.5	pəθəədʒən	pæθəʊəʊdʒən	0.5555555555555556	0.18181818181818182
patientive	peɪʃəntɪv	peɪʃəntaɪv	peɪʃəntɪv	peɪʃəntɪv	compound	patient|ive	0.1	0.0	0.0	peɪʃəntɪv	peɪʃəntɪv	0.0	0.0
patriclan	pætɹɪklæn	pætɹɪklæn	patɹɪklən	pætɹɪklən	compound	pat|ric|lan	0.0	0.2222222222222222	0.1111111111111111	pætɹɪklæn	pætɹɪklən	0.0	0.1111111111111111
pattings	pætɪŋz	pætɪŋz	patɪŋz	pætɪŋz	compound	patting|s	0.0	0.16666666666666666	0.0	pæɾɪŋz	pætɪŋz	0.16666666666666666	0.0
paum	pɑːm	pɑʌm	pəm	pəm	compound	pa|um	0.25	0.3333333333333333	0.3333333333333333	pɔm	pɔm	0.3333333333333333	0.3333333333333333
pavonated	pævəneɪtɪd	pɑvəneɪtɪd	pavəneɪtɪd	pævəneɪtd	compound	pavon|ated	0.1	0.1	0.1111111111111111	pævəneɪɾᵻd	pævəneɪtɪd	0.2	0.0
pawprint	pɔːpɹɪnt	pɔpɹɪnt	pɔpɹɪnt	pɔpɹɪnt	compound	paw|print	0.0	0.0	0.0	pɔpɹɪnt	pɔpɹɪnt	0.0	0.0
paxis	pæksɪs	pæksɪz	paksɪs	pæksɪz	compound	pax|is	0.16666666666666666	0.16666666666666666	0.16666666666666666	pæksɪs	pæksɪs	0.0	0.0
paylist	peɪlɪst	peɪlɪst	peɪlɪst	peɪlɪst	compound	pay|list	0.0	0.0	0.0	peɪlɪst	peɪlɪst	0.0	0.0
pazinaclone	pəzɪnəkləʊn	pɑzinəkləʊn	pazɪnakləʊn	pæzɪnəkləʊn	compound	paz|ina|clone	0.18181818181818182	0.18181818181818182	0.09090909090909091	pæzənəkləʊn	pæzɪnəkləʊn	0.18181818181818182	0.09090909090909091
paʻanga	pɑːɑːŋɡə	pɑɑŋɡə	piəlɛtətubibiəɛndʒiə	peɪæŋɡə	compound	[]	0.0	0.9	0.42857142857142855	pəɑŋɡə	pəʒæŋɡə	0.16666666666666666	0.42857142857142855
peakings	piːkɪŋz	pikɪŋz	pikɪŋz	pikɪŋz	compound	peaking|s	0.0	0.0	0.0	pikɪŋz	pikɪŋz	0.0	0.0
pealings	piːlɪŋz	pilɪŋz	pilɪŋz	pilɪŋz	compound	pealing|s	0.0	0.0	0.0	pilɪŋz	pilɪŋz	0.0	0.0
peckings	pɛkɪŋz	pɛkɪŋz	pɛkɪŋz	pɛkɪŋz	compound	pecking|s	0.0	0.0	0.0	pɛkɪŋz	pɛkɪŋz	0.0	0.0
pecunious	pɪkjuːniəs	pɛkjuniəs	pɛkjuniəs	pɛkjunjus	compound	pec|uni|ous	0.1111111111111111	0.1111111111111111	0.3333333333333333	pəkjunɪəs	pɪkjunɪəs	0.2222222222222222	0.1111111111111111
peekings	piːkɪŋz	pikɪŋz	pikɪŋz	pikɪŋz	compound	peeking|s	0.0	0.0	0.0	pikɪŋz	pikɪŋz	0.0	0.0
peelie	piːli	pili	pili	pili	compound	peel|ie	0.0	0.0	0.0	pili	pili	0.0	0.0
peepings	piːpɪŋz	pipɪŋz	pipɪŋz	pipɪŋz	compound	peeping|s	0.0	0.0	0.0	pipɪŋz	pipɪŋz	0.0	0.0
peggings	pɛɡɪŋz	pɛɡɪŋz	pɛɡɪŋz	pɛɡɪŋz	compound	pegging|s	0.0	0.0	0.0	pɛgɪŋz	pɛɡɪŋz	0.16666666666666666	0.0
peisant	peɪzənt	peɪzænt	peɪsənt	paɪsənt	compound	peis|ant	0.14285714285714285	0.14285714285714285	0.2857142857142857	peɪsənt	paɪzənt	0.14285714285714285	0.14285714285714285
peise	peɪz	peɪzi	paɪz	paɪz	compound	peis|e	0.2	0.25	0.25	pis	piz	1.0	0.6666666666666666
pekid	piːkɪd	piikɪd	pɛkɪd	pɛkɪd	compound	pe|kid	0.16666666666666666	0.2	0.2	pɛkɪd	pɛkɪd	0.2	0.2
pelfray	pɛlfɹeɪ	pɛlfɹeɪ	pɛlfɹeɪ	pɛlfɹeɪ	compound	pelf|ray	0.0	0.0	0.0	pɛlfɹeɪ	pɛlfɹeɪ	0.0	0.0
penicillamine	pɛnɪsɪləmiːn	pɛnɪsɪlləmin	pɛnɪsɪləmin	pɛnɪsɪləmɪn	compound	pen|ici|l|lamine	0.08333333333333333	0.0	0.09090909090909091	pənɪsɪləmin	pɛnɪsɪləmin	0.09090909090909091	0.0
peninitial	pɛnɪnɪʃəl	pɛnɪnɪʃəl	pɛnɪnɪʃəl	pɛnənɪʃəl	compound	pen|initial	0.0	0.0	0.1111111111111111	pɛnɪnɪʃəl	pɛnɪnɪʃəl	0.0	0.0
penjamin	pɛndʒəmɪn	pɛndʒəmɪn	pɛndʒəmɪn	pɛndʒəmɪn	compound	penja|min	0.0	0.0	0.0	pɛn.d͡ʒəm.ɪn	pɛndʒəmɪn	0.25	0.0
pentadecagon	pɛntədɛkəɡən	pɛntədɪkæɡən	pɛnteɪdkaɡən	pɛntædɪkəɡən	compound	penta|decagon	0.16666666666666666	0.3333333333333333	0.16666666666666666	pɛntədɛkəgən	pɛntədɛkəɡən	0.08333333333333333	0.0
pentamethylenetetrazol	pɛntəmɛθɪliːntɛtɹəzɒl	pɛntəmɛθɪlintɛtɹəzɒl	pɛntəmɛθaɪlnɛtɪtɹazɒl	pɛntəmθaɪlənɪtɪtɹəzəl	compound	penta|methylene|tetra|zol	0.0	0.23809523809523808	0.2857142857142857	pɛntəmɛθəlintətɹæzɑl	pɛntəmiθɪlɛnɪtɛtɹəzɒl	0.2	0.14285714285714285
pentetrazol	pɛntɛtɹəzɒl	pɛntɛtɹəzɒl	pɛntɪtɹazɒl	pɛntɪtɹəzəl	compound	pen|tetra|zol	0.0	0.18181818181818182	0.18181818181818182	pɛntɛtɹəzɔl	pɛntɪtɹæzəl	0.09090909090909091	0.2727272727272727
penthusiasm	pɛnθjuːziæzəm	pɛnθjuzɪæzəm	pɛnθjuziazəm	pɛnθusiəzm	compound	p|enthusiasm	0.08333333333333333	0.08333333333333333	0.4	pɛnθuziæzəm	pɛnθjuzɪæzəm	0.09090909090909091	0.08333333333333333
peptidomimetic	pɛptaɪdoʊmɪmɛtɪk	pɛptɪdəʊməmɛɾɪk	pɛptɪdɒmaɪmɛtɪk	pɛptɪdəmaɪmɛtɪk	compound	pep|tid|o|mimetic	0.2	0.26666666666666666	0.2	pɛptədəʊmɪmɛɾɪk	pɛptɪdɒmɪmɛtɪk	0.2	0.21428571428571427
percontation	pɜːkɒnteɪʃn	pɜkɒnteɪʃən	pɜkɒnteɪʃən	pɚkənteɪʃən	compound	per|cont|ation	0.09090909090909091	0.09090909090909091	0.2727272727272727	pɜɹkənteɪʃən	pɜkənteɪʃən	0.25	0.18181818181818182
perfluorooctanoate	pəɹflʊəɹəʊɒktænəʊeɪt	pɜɹflwəʊɹukɔɹtænəʊəti	pɜflʊəɹuktənəʊt	pɚfluɹuktənəʊt	compound	perf|luo|roo|ct|anoa|te	0.47619047619047616	0.5333333333333333	0.7142857142857143	pəɹflɔɹəʊɒkteɪnəʊeɪt	pɜfluɹəʊɒktənəʊt	0.2	0.4375
periplasm	pɛɹiplæzəm	pɛɹiplæzəm	pɛɹɪplazəm	pɛɹɪpləsm	compound	peri|plasm	0.0	0.2	0.4444444444444444	pɛɹəplæzəm	pɛɹɪplæzəm	0.1	0.1
periplus	pɛɹɪplʌs	pɛɹiplʌs	pɛɹɪpləs	pɛɹɪpləs	compound	peri|plus	0.125	0.125	0.125	pɛɹiplʌs	pɛɹɪpləs	0.125	0.125
periprocedurally	pɛɹəpɹəsiːdʒəɹəli	pɛɹipɹəsidʒəɹəli	pɛɹɪpɹəsidʒəɹəli	pɛɹɪpɹəʊsdɚəli	compound	peri|procedurally	0.0625	0.0625	0.42857142857142855	pɛɹɪpɹəsidʒəɹəli	pɛɹɪpɹəsidʒəɹəli	0.0625	0.0625
peripubescent	pɛɹipjʊbɛsənt	pɛɹipjubɛsənt	pɛɹɪpjubɛsənt	pɛɹipjubɛsənt	compound	peri|pubescent	0.07692307692307693	0.15384615384615385	0.07692307692307693	pɛɹəpjubəsənt	pɛɹɪpjubɛsənt	0.23076923076923078	0.15384615384615385
perlustrate	pəlʌstɹeɪt	pɜlʌstɹeɪt	pɜləstɹeɪt	pɚləstɹeɪt	compound	per|lustrate	0.1	0.2	0.2	pəɹlʌstɹeɪt	pɜləstɹeɪt	0.09090909090909091	0.2
perlustration	pɜːlʌstɹeɪʃən	pɜləstɹeɪʃən	pɜləstɹeɪʃən	pɚləstɹeɪʃən	compound	per|lustration	0.08333333333333333	0.08333333333333333	0.16666666666666666	pəɹlʌstɹeɪʃən	pɜləstɹeɪʃən	0.15384615384615385	0.08333333333333333
permablock	pɜːɹməblɒk	pɝməblɒk	pɜməblɒk	pɚməblɑk	compound	perma|block	0.25	0.125	0.375	pɜɹməblɑk	pɜməblɒk	0.1111111111111111	0.125
permafuck	pɜːɹməfʌk	pɝməfʌk	pɜməfʌk	pɚməfək	compound	perma|fuck	0.2857142857142857	0.14285714285714285	0.42857142857142855	pɝ.məfʌk	pɜməfʌk	0.25	0.14285714285714285
permille	pəɹmɪl	pɜmɪl	pɜmɪl	pɚməl	compound	per|mille	0.4	0.4	0.6	pɜɹmɪl	pɜmɪl	0.16666666666666666	0.4
pern	pɜːɹn	pɜn	pɜn	pɚn	compound	per|n	0.3333333333333333	0.3333333333333333	0.6666666666666666	pɝn	pɜn	0.6666666666666666	0.3333333333333333
perper	pɛəɹpɚ	pɜɹpɜ	pɜpə	pɚpɚ	compound	perp|er	0.6	1.0	0.75	pɚpɚ	pɜpə	0.75	1.0
perpetuable	pəɹpɛtʃʊəbəl	pɝpɛtʃuəbəl	pəpɛtjuəbəl	pɚpɛtʃuəbəl	compound	perpetua|ble	0.2727272727272727	0.2727272727272727	0.2727272727272727	pəɹpɛtʃəwəbəl	pəpɛtʃuəbəl	0.15384615384615385	0.18181818181818182
petalless	pɛtəlləs	pɛtəlles	pɛtəlɛs	pɛtələs	compound	petal|less	0.125	0.2857142857142857	0.14285714285714285	pɛɾəlləs	pɛtələs	0.125	0.14285714285714285
petalous	pɛtələs	pɛtələs	pɛtələs	pɛtəlɔs	compound	petal|ous	0.0	0.0	0.14285714285714285	pɛɾələs	pɛtələs	0.14285714285714285	0.0
petasecond	pɛtəsɛkənd	pitəsɛkənd	pɛteɪskɒnd	pitəsɪkənd	compound	peta|second	0.1	0.4	0.2	pɛɾəsɛkənd	pɛtəsɛkənd	0.1	0.0
petrophilic	pɛtɹəfɪlɪk	pɛtɹəʊfɪlɪk	pɛtɹəfɪlɪk	pɛtɹəʊfɪlɪk	compound	petro|philic	0.09090909090909091	0.0	0.09090909090909091	pɛtɹəfɪlɪk	pɛtɹəfɪlɪk	0.0	0.0
pettywhin	pɛtiwɪn	pɛtiwɪn	pɛtɪwɪn	pɛtiwɪn	compound	petty|whin	0.0	0.14285714285714285	0.0	pɛɾiwɪn	pɛtɪwɪn	0.14285714285714285	0.14285714285714285
pewterware	pjuːtəɹwɛɚ	pjutəwɛɹ	pjutəweə	pətɚwɚ	compound	pewter|ware	0.25	0.375	0.8333333333333334	pjuɾəɹwɛɹ	pjutəweə	0.2222222222222222	0.375
phaeism	feɪɪzəm	feɪɪzəm	fiɪzəm	feɪɪzəm	compound	ph|ae|ism	0.0	0.3333333333333333	0.0	feɪɪzəm	fiɪzəm	0.0	0.3333333333333333
phakomatosis	feɪkəʊmətəʊsɪs	fækəʊmætʊsɪs	fakəmətəʊsɪs	fækəmətəʊsɪz	compound	ph|ak|omat|osis	0.3333333333333333	0.25	0.3333333333333333	fækəmətəʊsɪs	fækəʊmətəʊsɪs	0.25	0.15384615384615385
phalangite	fæləndʒaɪt	fælənɡaɪt	faləŋɡaɪt	fəlændʒɪt	compound	ph|alan|gite	0.2222222222222222	0.4444444444444444	0.3333333333333333	fəlændʒaɪt	fæləndʒaɪt	0.2	0.0
phall	fɑːl	fɔl	fɔl	fæl	compound	ph|all	0.3333333333333333	0.3333333333333333	0.3333333333333333	fɔl	fɔl	0.3333333333333333	0.3333333333333333
phantogram	fæntəɡɹæm	fæntɒɡɹæm	fantəɡɹam	fæntəɡɹəm	compound	phan|tog|ram	0.1111111111111111	0.2222222222222222	0.1111111111111111	fæntəgɹæm	fɑntəɡɹæm	0.1111111111111111	0.1111111111111111
pharmacogeneticist	fɑːɹməkəʊdʒənɛtɪsɪst	fɑɹməkəʊdʒɛnɛtɪsɪst	fɑməkəʊdʒnɛtɪsɪst	fɑɹməkədʒənɛtɪsɪst	compound	pharma|co|geneticist	0.05263157894736842	0.11764705882352941	0.05555555555555555	fɑɹməkəʊdʒənɛɾəsəst	fɑməkɒdʒənɛtɪsɪst	0.15789473684210525	0.17647058823529413
phasings	feɪzɪŋz	feɪzɪŋz	feɪzɪŋz	feɪzɪŋz	compound	phasing|s	0.0	0.0	0.0	feɪzɪŋz	feɪzɪŋz	0.0	0.0
phengite	fɛndʒaɪt	fənɡaɪt	fɛŋɡaɪt	fɛŋɪt	compound	phen|gite	0.42857142857142855	0.42857142857142855	0.8	fɛŋgaɪt	fɛndʒɪt	0.42857142857142855	0.14285714285714285
phenoxazine	fɪnɒksəziːn	fənɒksæzin	fɛnəksazin	fɛnəksəzin	compound	phen|ox|azine	0.2	0.3	0.2	fənɑksəzin	fɪnɒksəzin	0.2	0.0
phenyltoloxamine	fiːnɪltəlɒksəmiːn	finaɪltɔlɒksəmin	finaɪltəlɒksəmin	fɛnɪltəʊlɑksəmin	compound	phenyl|tol|ox|amine	0.125	0.0625	0.1875	fɛnəltɑləksəmin	finɪltəlɒksəmin	0.26666666666666666	0.0
phinary	faɪnəɹi	faɪneəɹi	fɪnəɹi	fɪnɚi	compound	phi|nary	0.125	0.16666666666666666	0.6	faɪnɛɹi	fɪnəɹi	0.14285714285714285	0.16666666666666666
phototest	foʊtoʊtɛst	fəʊtəʊtɛst	fəʊtəʊtɪst	fɑtəʊtst	compound	photo|test	0.0	0.1	0.375	fəʊɾəʊtɛst	fəʊtəʊtəst	0.1	0.1
photuria	fəʊtjʊəɹɪə	fəʊtjɝiə	fɒtʃəɹiə	fəʊtʃɚiə	compound	phot|uri|a	0.5	0.625	0.625	fətʊɹiə	fəʊtjʊɹiə	0.5714285714285714	0.2222222222222222
phraser	fɹeɪzɚ	fɹeɪzɹ	fɹeɪsə	fɹəsɚ	compound	phrase|r	0.16666666666666666	0.3333333333333333	0.6	fɹeɪzəɹ	fɹeɪzə	0.2857142857142857	0.16666666666666666
phreaking	fɹiːkɪŋ	fɹikɪŋ	fɹikɪŋ	fɹikɪŋ	compound	phreak|ing	0.0	0.0	0.0	fɹikɪŋ	fɹikɪŋ	0.0	0.0
phrenospasm	fɹɛnoʊspæzm	ufɛnəʊspæzəm	fɹɛnəspazəm	fɹinəspæsm	compound	phr|eno|spasm	0.25	0.2727272727272727	0.3	fɹinəspæzəm	fɹɛnəspæzəm	0.2727272727272727	0.18181818181818182
pian	piæn	piən	paɪən	paɪən	compound	pia|n	0.25	0.6	0.6	piən	paɪən	0.25	0.6
piberaline	pɪbəɹəlɪn	paɪbɛɹəlin	paɪbɹəlaɪn	paɪbɚəlin	compound	pi|bera|line	0.3	0.3	0.4444444444444444	paɪbəɹəlaɪn	pɪbəɹəlin	0.18181818181818182	0.1111111111111111
picric	pɪkɹɪk	pɪkɹɪk	pɪkɹɪk	pɪkɹɪk	compound	pic|ric	0.0	0.0	0.0	pɪkɹɪk	pɪkɹɪk	0.0	0.0
piem	paɪəm	paɪm	pim	pim	compound	pie|m	0.25	1.0	1.0	paɪəm	pim	0.0	1.0
pigfucker	pɪɡfʌkɚ	pɪɡfʌkə	pɪɡfʌkə	pɪɡfəkɚ	compound	pig|fucker	0.14285714285714285	0.14285714285714285	0.14285714285714285	pɪɡfʌkɚ	pɪɡfʌkə	0.0	0.14285714285714285
piggin	pɪɡɪn	pɪɡɪn	pɪɡɪn	pɪɡɪn	compound	pigg|in	0.0	0.0	0.0	pɪgɪn	pɪɡɪn	0.2	0.0
pilk	pɪlk	pɪlk	pɪlk	pɪlk	compound	pil|k	0.0	0.0	0.0	pɪlk	pɪlk	0.0	0.0
pilm	pɪlm	pɪlm	pɪlm	pɪlm	compound	pil|m	0.0	0.0	0.0	pɪlm	pɪlm	0.0	0.0
piloter	paɪlətɚ	paɪlətɜ	paɪləʊtə	pɪləʊtɚ	compound	pilot|er	0.14285714285714285	0.25	0.2857142857142857	paɪlətɚ	pɪlətə	0.0	0.3333333333333333
pinblock	pɪnblɒk	pɪnblɒk	pɪnblɒk	pɪnblɑk	compound	pin|block	0.0	0.0	0.14285714285714285	pɪnblɑk	pɪnblɒk	0.14285714285714285	0.0
pingeon	pɪndʒɪn	pɪndʒɒn	pɪndʒən	pɪndʒən	compound	pinge|on	0.14285714285714285	0.14285714285714285	0.14285714285714285	pɪŋgiən	pɪndʒən	0.5714285714285714	0.14285714285714285
pipemaking	paɪpmeɪkɪŋ	paɪpmeɪkɪŋ	paɪpmeɪkɪŋ	paɪpɛməkɪŋ	compound	pipe|making	0.0	0.0	0.3	paɪpmeɪkɪŋ	paɪpmeɪkɪŋ	0.0	0.0
pipradol	pɪpɹədɒl	pɪpɹədɑl	pɪpɹədɒl	pɪpɹədəl	compound	pipra|dol	0.125	0.0	0.125	pɪpɹədɔl	pɪpɹədɒl	0.125	0.0
pissings	pɪsɪŋz	pɪsɪŋz	pɪsɪŋz	pɪsɪŋz	compound	pissing|s	0.0	0.0	0.0	pɪsɪŋz	pɪsɪŋz	0.0	0.0
pissplay	pɪspleɪ	pɪspleɪ	pɪspleɪ	pɪspleɪ	compound	piss|play	0.0	0.0	0.0	pɪspleɪ	pɪspleɪ	0.0	0.0
pisstake	pɪsteɪk	pɪsteɪk	pɪsteɪk	pɪsteɪk	compound	piss|take	0.0	0.0	0.0	pɪsteɪk	pɪsteɪk	0.0	0.0
pistolet	pɪstəlɛt	pɪstəʊlt	pɪstɒlɪt	pɪstəʊlt	compound	pistole|t	0.25	0.25	0.25	pɪstəlɛt	pɪstəlɛt	0.0	0.0
pitchings	pɪtʃɪŋz	pɪtʃɪŋz	pɪtʃɪŋz	pɪtʃɪŋz	compound	pitching|s	0.0	0.0	0.0	pɪtʃɪŋz	pɪtʃɪŋz	0.0	0.0
pithiatic	pɪθiætɪk	pɪθiətɪk	pɪθɪatɪk	pɪθiətɪk	compound	pith|ia|tic	0.125	0.25	0.125	pɪθiæɾɪk	pɪθɪætɪk	0.125	0.125
pizazzy	pɪzæzi	pɪzæzj	pɪzazi	pizəzi	compound	pizazz|y	0.16666666666666666	0.16666666666666666	0.3333333333333333	pəzæzi	pɪzəzi	0.16666666666666666	0.16666666666666666
placename	pleɪsneɪm	pleɪsneɪm	pleɪsneɪm	pleɪsənəm	compound	place|name	0.0	0.0	0.3333333333333333	pleɪsneɪm	pleɪsneɪm	0.0	0.0
placode	plækəʊd	plɑkəʊd	plakəʊd	plækəʊd	compound	pla|code	0.14285714285714285	0.14285714285714285	0.0	plækəʊd	plækəʊd	0.0	0.0
plaguiness	pleɪɡɪnəs	plɑɡɪnəs	plaɡaɪnəs	plæɡwinəs	compound	pla|guiness	0.25	0.3333333333333333	0.4444444444444444	pleɪgɪnəs	pleɪɡɪnəs	0.1111111111111111	0.0
plainings	pleɪnɪŋz	pleɪnɪŋz	pleɪnɪŋz	pleɪnɪŋz	compound	plaining|s	0.0	0.0	0.0	pleɪnɪŋz	pleɪnɪŋz	0.0	0.0
plandid	plændɪd	plændɪd	plandɪd	plændɪd	compound	plan|did	0.0	0.14285714285714285	0.0	plændɪd	plændɪd	0.0	0.0
planings	pleɪnɪŋz	pleɪnɪŋz	pleɪnɪŋz	plænɪŋz	compound	planing|s	0.0	0.0	0.2857142857142857	pleɪnɪŋz	pleɪnɪŋz	0.0	0.0
plasterly	plɑːstəɹli	plɑstəlɪ	plastəli	plæstɚli	compound	plaster|ly	0.25	0.25	0.375	plæstəɹli	plɑstəli	0.1111111111111111	0.125
platinate	platɪnət	platinəti	platɪneɪt	plætɪneɪt	compound	platina|te	0.2222222222222222	0.2222222222222222	0.3333333333333333	plætɪneɪt	plætɪneɪt	0.3333333333333333	0.3333333333333333
platypusary	plætɪpʊsəɹi	plætɪpəsɛɹi	platɪpjusəɹi	plætipəsɚi	compound	platypus|ary	0.18181818181818182	0.25	0.4	plæɾəpəsɛɹi	plætɪpjuzəɹi	0.36363636363636365	0.25
playathon	pleɪəθɒn	pleɪəθɑn	pleɪəθən	pleɪəθən	compound	playa|thon	0.125	0.125	0.125	pleɪəθɑn	pleɪəθən	0.125	0.125
playathons	pleɪəθɒnz	pleɪəθɑnz	pleɪəθənz	pleɪəθənz	compound	playa|thon|s	0.1111111111111111	0.1111111111111111	0.1111111111111111	pleɪəθɑnz	pleɪəθənz	0.1111111111111111	0.1111111111111111
playdate	pleɪdeɪt	pleɪdeɪt	pleɪdeɪt	pleɪdeɪt	compound	play|date	0.0	0.0	0.0	pleɪdeɪt	pleɪdeɪt	0.0	0.0
playgame	pleɪɡeɪm	pleɪɡeɪm	pleɪɡeɪm	pleɪɡəm	compound	play|game	0.0	0.0	0.2857142857142857	pleɪgeɪm	pleɪɡeɪm	0.125	0.0
playright	pleɪɹaɪt	pleɪɹaɪt	pleɪɹaɪt	pleɪɹaɪt	compound	play|right	0.0	0.0	0.0	pleɪɹaɪt	pleɪɹaɪt	0.0	0.0
pleasaunce	plɛzəns	plizəʊns	plisɔns	plisəns	compound	pleas|au|nce	0.25	0.42857142857142855	0.2857142857142857	plizɔns	plɛzɔns	0.2857142857142857	0.14285714285714285
pleck	plɛk	plɛk	plɛk	plɛk	compound	p|leck	0.0	0.0	0.0	plɛk	plɛk	0.0	0.0
pledgings	plɛdʒɪŋz	plɛdʒɪŋz	plɛdʒɪŋz	plɛdʒɪŋz	compound	pledging|s	0.0	0.0	0.0	plɛdʒɪŋz	plɛdʒɪŋz	0.0	0.0
pleomorphous	pliːəmɔːɹfəs	pliəʊmɔɹfəs	plɪɒmɔfəs	plimɔɹfəs	compound	p|leo|morphous	0.09090909090909091	0.3333333333333333	0.1111111111111111	plɪɒmɔfəs	pliəʊmɔfəs	0.3333333333333333	0.2
pleon	pliːɒn	pliɑn	plɪɒn	plin	compound	p|leon	0.2	0.2	0.25	pleɪən	pliɒn	0.5	0.0
pling	plɪŋ	plɪŋ	plɪŋ	plɪŋ	compound	p|ling	0.0	0.0	0.0	plɪŋ	plɪŋ	0.0	0.0
plox	plɔks	plɒks	plɒks	plɑks	compound	p|lox	0.2	0.2	0.2	plɑks	plɒks	0.2	0.2
pluckings	plʌkɪŋz	plʌkɪŋz	plʌkɪŋz	plʌkɪŋz	compound	plucking|s	0.0	0.0	0.0	plʌkɪŋz	plʌkɪŋz	0.0	0.0
pluggings	plʌɡɪŋz	plʌɡɪŋz	plʌɡɪŋz	plʌɡɪŋz	compound	plugging|s	0.0	0.0	0.0	plʌgɪŋz	plʌɡɪŋz	0.14285714285714285	0.0
plumcake	plʌmkeɪk	plʌmkeɪk	plʌmkeɪk	plʌmkeɪk	compound	plum|cake	0.0	0.0	0.0	plʌmkeɪk	plʌmkeɪk	0.0	0.0
plumings	pluːmɪŋz	plumɪŋz	plumɪŋz	plumɪŋz	compound	pluming|s	0.0	0.0	0.0	plumɪŋz	plumɪŋz	0.0	0.0
plungings	plʌndʒɪŋz	plʌndʒɪŋz	plʌndʒɪŋz	plʌŋɪŋz	compound	plunging|s	0.0	0.0	0.42857142857142855	plʌndʒɪŋz	plʌŋɪŋz	0.0	0.42857142857142855
pluries	plʊəɹiiːz	plʊɹiz	plʌɹiz	plʊɹiz	compound	p|lurie|s	0.3333333333333333	0.5	0.3333333333333333	plʊɹiz	plɔɹɪz	0.3333333333333333	0.6666666666666666
plusquamperfection	plʌskwæmpəfɛkʃən	plʌskwɑmpəfɛkʃən	plʌskwəmpəfɛkʃən	plʌskwɑmpɚfɛkʃən	compound	plus|quam|perfection	0.0625	0.0625	0.125	plʌskwɑmpəɹfɛkʃən	plʌskwɒmpəfɛkʃən	0.11764705882352941	0.0625
plute	pluːt	plut	plut	plut	compound	p|lute	0.0	0.0	0.0	plut	plut	0.0	0.0
plutodemocracy	plutoʊdɪmɒkɹəsi	plutəʊdɪmɒkɹəsi	plutəʊdmɒkɹəsi	plutəʊdəməkɹəsi	compound	pluto|democracy	0.0	0.07142857142857142	0.13333333333333333	pluɾəʊdɛməkɹæsi	plutəʊdɪmɒkɹəsi	0.26666666666666666	0.0
png	pɪŋ	pɛŋ	piɛndʒi	pŋ	compound	p|ng	0.3333333333333333	0.8571428571428571	0.5	pɛŋ	piɛndʒi	0.3333333333333333	0.8571428571428571
po'ouli	poʊoʊuːli	pujuli	pɒuli	pəʊuli	compound	poo|uli	0.6666666666666666	0.8	0.3333333333333333	pulɪ	puli	1.25	1.0
poché	pɔʃeɪ	pɔʃeɪ	pəʃeɪ	pɑk	compound	[]	0.0	0.2	1.3333333333333333	pəʊtʃeɪ	pɒtʃeɪ	0.42857142857142855	0.3333333333333333
pococurantism	pəʊkəʊkjʊɹæntɪzəm	pəʊkəʊkjuɹantɪzəm	pɒkəkjʊəɹəntɪzəm	pɑkəkɚæntɪzəm	compound	poco|cu|rantism	0.11764705882352941	0.3125	0.46153846153846156	pəkɑkjəɹənɪzəm	pəkɒkjʊɹəntɪzəm	0.42857142857142855	0.26666666666666666
podcasts	pɒdkɑːsts	pɒdkɑstz	pɒdkasts	pɑdkæsts	compound	podcast|s	0.125	0.125	0.25	pɔdkæsts	pɒdkɑsts	0.25	0.0
poisings	pɔɪzɪŋz	pɔɪzɪŋz	pɔɪzɪŋz	pɔɪsɪŋz	compound	poising|s	0.0	0.0	0.14285714285714285	pɔɪzɪŋz	pɔɪzɪŋz	0.0	0.0
poisonberry	pɔɪzənbɛɹi	pɔɪzənbɛɹi	pɔɪzənbəɹi	pɔɪsənbɛɹi	compound	poison|berry	0.0	0.1	0.1	pɔɪzənbɛɹi	pɔɪzənbəɹi	0.0	0.1
policer	pəliːsɚ	pəlisɹ	pəlisə	pɑlɪsɚ	compound	police|r	0.16666666666666666	0.16666666666666666	0.3333333333333333	pəlisɚ	pɒlɪsə	0.0	0.5
politicals	pəlɪtɪkəls	pəlɪtɪkəlz	pəlɪtɪkəlz	pəʊlɪtɪkəlz	compound	political|s	0.1	0.1	0.18181818181818182	pəlɪtɪkəlz	pəlɪtɪkəlz	0.1	0.1
politure	pɒlitjʊɚ	pɑlɪtjuɹ	pɒlɪtʃə	pəʊlɪtʃɚ	compound	polit|ure	0.5	0.5714285714285714	0.625	pɑlɪtʃəɹ	pɒlɪtʃə	0.625	0.5714285714285714
polycrisis	pɒlikɹaɪsɪs	pəlɪkɹaɪsɪs	pɒlɪkɹɪsiz	pɑlɪkɹɪsɪz	compound	poly|crisis	0.18181818181818182	0.4	0.4	pəlɪkɹaɪsɪs	pɒlɪkɹaɪsɪs	0.18181818181818182	0.09090909090909091
polydystrophy	pɑlidɪstɹəfi	pəlɪdɪstɹəfi	pɒlɪdɪstɹəfi	pəldɪstɹəfi	compound	poly|dystrophy	0.16666666666666666	0.16666666666666666	0.18181818181818182	pəlɪdɪstɹəfi	pɒlɪdɪstɹəfi	0.16666666666666666	0.16666666666666666
polylactide	pɒlilæktaɪd	pəlɪlæktaɪd	pɒlɪlaktaɪd	pəlilæktɪd	compound	poly|lac|tide	0.18181818181818182	0.18181818181818182	0.2	pəlɪlæktaɪd	pɒlɪlæktaɪd	0.18181818181818182	0.09090909090909091
polysyndeton	pɒlɪsɪndɪtɒn	pəlɪsɪndɪtɒn	pɒlɪsɪndɛtən	pəʊlsaɪndɪtən	compound	poly|syndeton	0.08333333333333333	0.16666666666666666	0.38461538461538464	pɑlɪsɪndətɑn	pɒlɪsɪndɪtən	0.25	0.08333333333333333
pomosexual	pəʊməʊsɛksjʊəl	pəʊməʊsɛkʃuəl	pəməʊskʃuəl	pɑməʊsɛkʃuəl	compound	pomo|sexual	0.23076923076923078	0.45454545454545453	0.4166666666666667	pɑməʊsɛkʃəwəl	pɒməʊsɛkʃuəl	0.38461538461538464	0.4166666666666667
ponghee	pɒŋɡiː	pɒŋhi	pɒŋhi	pɑŋi	compound	pong|hee	0.2	0.2	0.5	pɔŋhi	pɒŋhi	0.4	0.2
poobah	puːbɑː	pubɑ	pubə	pubɑ	compound	poo|bah	0.0	0.25	0.0	pubə	pubə	0.25	0.25
poolings	puːlɪŋz	pulɪŋz	pulɪŋz	pulɪŋz	compound	pooling|s	0.0	0.0	0.0	pulɪŋz	pulɪŋz	0.0	0.0
poophead	puːphɛd	puphɛd	pufɛd	puphəd	compound	poop|head	0.0	0.4	0.16666666666666666	puphɛd	puphɛd	0.0	0.0
pootang	puːtæŋ	putæŋ	putaŋ	putæŋ	compound	poot|ang	0.0	0.2	0.0	putɑŋ	putæŋ	0.2	0.0
pornograph	pɔːnəɡɹæf	pɔnəʊɡɹæf	pɔnəɡɹaf	pɔɹnəɡɹəf	compound	porno|graph	0.1111111111111111	0.125	0.2222222222222222	pɔɹ.nəɡɹæf	pɔnəɡɹæf	0.2	0.0
porporino	pɔːɹpəɹiːnəʊ	pɔɹpɔɹɪnəʊ	pɔpɔɹinəʊ	pɔɹpɚinəʊ	compound	por|porin|o	0.2	0.2222222222222222	0.2222222222222222	pɔɹpəɹinəʊ	pɔpɔɹinəʊ	0.0	0.2222222222222222
porpus	pɔːɹpəs	pɔɹpʌs	pɔpəs	pɚpəs	compound	por|pus	0.16666666666666666	0.2	0.4	pɔɹpəs	pɔpəs	0.0	0.2
porraceous	pɔːɹeɪʃəs	pɔɹeɪsəs	pɒɹeɪʃəs	pɔɹeɪsus	compound	porr|ace|ous	0.125	0.125	0.25	pɔɹəʃəs	pəɹeɪʃəs	0.2857142857142857	0.125
portague	pɔːɹtəɡjuː	pɔɹtəɡju	pɔteɪɡ	pɔɹtəɡ	compound	porta|gue	0.0	0.8333333333333334	0.3333333333333333	pɔɹteɪg	pɔtɪɡ	0.5714285714285714	0.8
posedown	pəʊzdaʊn	pəʊzdəʊn	pəʊsdən	pəʊzdən	compound	posed|own	0.125	0.14285714285714285	0.0	pəʊzdən	pəʊzdən	0.0	0.0
poset	pəʊsɛt	pəʊzt	pɒsɛt	pəʊzɪt	compound	pose|t	0.4	0.4	0.3333333333333333	pəʊsɪt	pəʊzɪt	0.16666666666666666	0.3333333333333333
possessee	pɒzɛsiː	pəzɛsi	pəzɛsi	pɑsəsi	compound	possess|ee	0.16666666666666666	0.16666666666666666	0.5	pəzɛsi	pɒzɪsi	0.16666666666666666	0.16666666666666666
postbourgeois	pəʊstbʊəʒwɑː	pəʊstbʊɹʒwɑ	pəʊstbədʒɪɒiz	pɔstbɔɹdʒiɪs	compound	post|bourgeois	0.09090909090909091	0.46153846153846156	0.6666666666666666	pəʊstbɜɹʒwɑ	pəʊstbɜdʒɔɪz	0.18181818181818182	0.4166666666666667
postcognition	poʊstkɒɡnɪʃən	pəʊstkɒɡnɪʃən	pəʊstkəɡnɪʃən	pɑstkəɡnɪʃən	compound	post|cognition	0.0	0.07692307692307693	0.25	pəʊstkɑgnɪʃən	pəʊstkəɡnɪʃən	0.15384615384615385	0.07692307692307693
postdict	pəʊstdɪkt	pəʊstdɪkt	pəʊstdɪkt	pɔstdɪkt	compound	post|dic|t	0.0	0.0	0.25	pəʊstdɪkt	pəʊstdɪkt	0.0	0.0
postposit	pəʊstpɒzɪt	pəʊstpɒsɪt	pəʊstpəzɪt	pɔstpəsɪt	compound	post|posit	0.1	0.1	0.4444444444444444	pəʊstpɑzɪt	pəʊstpəzɪt	0.1	0.1
postprocedural	poʊstpɹəsiːdʒəɹəl	pəʊstpɹəsidʒəɹəl	pəʊstpɹəsidʒəɹəl	pɔstpɹəsdɚəl	compound	post|procedural	0.0	0.0	0.5	pəʊstpɹəsidʒəɹəl	pəʊstpɹəsidʒəɹəl	0.0	0.0
postprocedurally	poʊstpɹəsiːdʒəɹəli	pəʊstpɹəsidʒəɹəli	pəʊstpɹəsidʒəɹəli	pɔstpɹəsdɚəli	compound	post|procedurally	0.0	0.0	0.46153846153846156	pəʊstpɹəsidʒəɹəli	pɒstpɹəsidʒəɹəli	0.0	0.125
postprocedure	poʊstpɹəsiːdʒɚ	pəʊstpɹəsidʒə	pəʊstpɹəsidʒə	pɔstpɹəsdɚ	compound	post|procedure	0.07692307692307693	0.07692307692307693	0.4	pəʊstpɹəsidʒəɹ	pəʊstpɹəsidʒə	0.14285714285714285	0.07692307692307693
potamonym	pɒtəmənɪm	pɒtɑmɔnɪm	pɒtəmɒnɪm	pəʊtəmənim	compound	pot|amon|ym	0.2222222222222222	0.1111111111111111	0.3	pɑɾəmɑnɪm	pəʊtəmɒnɪm	0.3333333333333333	0.3
potestate	pəʊtəsteɪt	pəʊtsteɪt	pəʊtsteɪt	pəʊtɛsteɪt	compound	pote|state	0.1111111111111111	0.1111111111111111	0.1	pəʊtsteɪt	pəʊtsteɪt	0.1111111111111111	0.1111111111111111
pous	pus	puz	puz	pəs	compound	pou|s	0.3333333333333333	0.3333333333333333	0.3333333333333333	pəz	pəs	0.6666666666666666	0.3333333333333333
poussette	puːsɛt	puzsɛt	pəsɛt	pəsɛt	compound	pou|s|sette	0.16666666666666666	0.2	0.2	pəsɛt	pusɛt	0.2	0.0
povitica	poʊvətitsə	pəʊvitikɑ	pəvɪtɪkə	pɑvɪtɪkə	compound	po|viti|ca	0.4444444444444444	0.625	0.75	pəvɪtɪkə	pəvɪtɪkə	0.625	0.625
praisings	pɹeɪzɪŋz	pɹeɪzɪŋz	pɹeɪzɪŋz	pɹeɪsɪŋz	compound	praising|s	0.0	0.0	0.125	pɹeɪzɪŋz	pɹeɪzɪŋz	0.0	0.0
pralaya	pɹʌləjə	pɹɑleɪə	pɹaleɪə	pɹəleɪə	compound	p|ra|lay|a	0.42857142857142855	0.42857142857142855	0.42857142857142855	pɹəleɪə	pɹəleɪə	0.42857142857142855	0.42857142857142855
praught	pɹɔːt	pɹɔt	pɹɔt	pɹɔt	compound	p|raught	0.0	0.0	0.0	pɹɔt	pɹɔt	0.0	0.0
praxic	pɹæksɪk	pɹæksɪk	pɹaksɪk	pɹæksɪk	compound	p|rax|ic	0.0	0.14285714285714285	0.0	pɹæksɪk	pɹæksɪk	0.0	0.0
preantepenultimate	pɹiːæntɪpɪnʌltɪmət	pɹiantɪpɪnʌltɪmət	pɹintɪpənʌltɪmət	pɹəntɪpənʌltɪmeɪt	compound	pre|antepenultimate	0.058823529411764705	0.125	0.29411764705882354	pɹiæntɪpɛnʌltɪmət	pɹiæntɪpənʌltɪmət	0.058823529411764705	0.058823529411764705
precertificate	pɹiːsɜːɹtɪfɪkət	pɹisɝtɪfɪkət	pɹɪsətɪfɪkeɪt	pɹɪsɚtɪfɪkeɪt	compound	pre|certificate	0.16666666666666666	0.38461538461538464	0.38461538461538464	pɹɪsɚtɪfɪkət	pɹɪsətɪfɪkeɪt	0.25	0.38461538461538464
preconnect	pɹiːkənɛkt	pɹikənɛkt	pɹikənɛkt	pɹɛkənɪkt	compound	pre|connect	0.0	0.0	0.2222222222222222	pɹikənɛkt	pɹikənɛkt	0.0	0.0
preengage	pɹiːɪnɡeɪdʒ	pɹinɡeɪdʒ	pɹiŋɡeɪdʒ	pɹɛŋɡɪdʒ	compound	preen|gage	0.1111111111111111	0.2222222222222222	0.5	pɹiɛngeɪdʒ	pɹiɛnɡɪdʒ	0.2	0.2222222222222222
preeternity	pɹiːɪtɜːɹnɪti	pɹiɪtɜnɪti	pɹitənɪti	pɹitɚnɪti	compound	pre|eternity	0.1	0.3333333333333333	0.3333333333333333	pɹitɜɹnəɾi	pɹiɪtɜnɪti	0.3	0.1
prelal	pɹiːləl	pɹilæl	pɹɪlal	pɹɛləl	compound	pre|lal	0.16666666666666666	0.3333333333333333	0.16666666666666666	pɹɛləl	pɹɛləl	0.16666666666666666	0.16666666666666666
prenazone	pɹɛnəzəʊn	pɹinɑzəʊn	pɹɪnazəʊn	pɹinəzəʊn	compound	pre|na|zone	0.2222222222222222	0.2222222222222222	0.1111111111111111	pɹɪnəzəʊn	pɹɛnəzəʊn	0.1111111111111111	0.0
prenex	pɹinɛks	pɹinɛks	pɹɪnɛks	pɹɛnɪks	compound	pre|nex	0.0	0.14285714285714285	0.2857142857142857	pɹinɛks	pɹɛnɛks	0.0	0.14285714285714285
prenylated	pɹiːnɪleɪtɪd	pɹinileɪtɪd	pɹɛnɪleɪtɪd	pɹɛnjəleɪtd	compound	pre|ny|lated	0.09090909090909091	0.09090909090909091	0.36363636363636365	pɹɛnəleɪɾᵻd	pɹɛnɪleɪtɪd	0.36363636363636365	0.09090909090909091
preparable	pɹɛpəɹəbəl	pɹɛpæɹəbəl	pɹɪpɑɹəbəl	pɹɛpɚəbəl	compound	prep|arable	0.1	0.2	0.2222222222222222	pɹɛpəɹəbəl	pɹɪpeəɹəbəl	0.0	0.18181818181818182
preprocedural	pɹipɹəsiːdʒəɹəl	pɹipɹəsidʒəɹəl	pɹɪpɹəsidʒəɹəl	pɹɛpɹəʊsdɚəl	compound	pre|procedural	0.0	0.07142857142857142	0.5	pɹɪpɹəsidʒəɹəl	pɹɪpɹəsidʒəɹəl	0.07142857142857142	0.07142857142857142
preprocedurally	pɹipɹəsiːdʒəɹəli	pɹipɹəsidʒəɹəli	pɹɪpɹəsidʒəɹəli	pɹɛpɹəʊsdɚəli	compound	pre|procedurally	0.0	0.06666666666666667	0.46153846153846156	pɹɪpɹəsidʒəɹəli	pɹɪpɹəsidʒəɹəli	0.06666666666666667	0.06666666666666667
prescious	pɹɛsiəs	pɹɛzeɪʃəs	pɹiʃəs	pɹɛʃus	compound	pres|cious	0.4444444444444444	0.5	0.5	pɹɛʃəs	pɹɛʃəs	0.3333333333333333	0.3333333333333333
preso	pɹɛzəʊ	pɹɛzəʊ	pɹisəʊ	pɹisəʊ	compound	pres|o	0.0	0.3333333333333333	0.3333333333333333	pɹɛsəʊ	pɹisəʊ	0.16666666666666666	0.3333333333333333
prevocalically	pɹivəʊkælɪkəli	pɹivəʊkælɪkælaɪ	pɹɪvəkalɪkli	pɹɛvəkəlɪkəli	compound	prevocalic|ally	0.2	0.3333333333333333	0.23076923076923078	pɹɪvəʊkəlɪkli	pɹɛvəkælɪkli	0.23076923076923078	0.25
prezygapophysis	pɹiːzaɪɡəpɒfɪsɪs	pɹizaɪgəpɑfəsɪs	pɹɪzɪɡapəfəsɪs	pɹɛziɡəpəfizɪz	compound	pre|zygapophysis	0.2	0.35714285714285715	0.5	pɹɛzəgæpəfəsɪs	pɹizɪɡæpəfɪsɪs	0.5	0.21428571428571427
prickings	pɹɪkɪŋz	pɹɪkɪŋz	pɹɪkɪŋz	pɹɪkɪŋz	compound	pricking|s	0.0	0.0	0.0	pɹɪkɪŋz	pɹɪkɪŋz	0.0	0.0
primipilar	pɹaɪmɪpaɪlɚ	pɹɪmipaɪlɝ	pɹɪmɪpɪlə	pɹɪmɪpəlɚ	compound	primi|pilar	0.3	0.3333333333333333	0.3333333333333333	pɹɪmɪpələɹ	pɹɪmɪpɪlə	0.5	0.3333333333333333
primordiate	pɹaɪmɔːɹdiət	pɹaɪmɔɹdiəti	pɹɪmɔdɪeɪt	pɹɪmɔɹdieɪt	compound	primordia|te	0.08333333333333333	0.5	0.2727272727272727	pɹaɪmɔɹdieɪt	pɹaɪmɔdɪeɪt	0.16666666666666666	0.36363636363636365
pristinate	pɹɪstɪnət	pɹɪstinəti	pɹɪstɪneɪt	pɹɪstɪneɪt	compound	pris|tina|te	0.2	0.2	0.2	pɹɪstɪneɪt	pɹɪstɪneɪt	0.2	0.2
prizings	pɹaɪzɪŋz	pɹaɪzɪŋz	pɹaɪzɪŋz	pɹaɪzɪŋz	compound	prizing|s	0.0	0.0	0.0	pɹaɪzɪŋz	pɹaɪzɪŋz	0.0	0.0
problema	pɹəblɛmə	pɹɒbləmə	pɹɒbəlmə	pɹɑbəlmə	compound	problem|a	0.25	0.375	0.375	pɹɑbləmɑ	pɹəblimə	0.375	0.125
procatalepsis	pɹəʊkætəlɛpsɪs	pɹɑkɑtəlɛpsɪs	pɹɒkəteɪlɛpsɪs	pɹəʊkətələpsɪz	compound	proc|ata|lep|sis	0.23076923076923078	0.35714285714285715	0.21428571428571427	pɹəʊkəlæpsɪs	pɹəʊkətəlɛpsɪs	0.25	0.07142857142857142
prochronisms	pɹoʊkɹənɪzmz	pɹəʊkɹənɪzəmz	pɹɒkɹənɪzəmz	pɹɑkɹənɪzəmz	compound	prochronism|s	0.07692307692307693	0.25	0.25	pɹəʊkɹənɪzəmz	pɹɒkɹənɪzəmz	0.07692307692307693	0.25
profectitious	pɹɒfɪktɪʃəs	pɹɒfktɪtəs	pɹəʊfktɪʃəs	pɹɔfɛktɪʃəs	compound	prof|ect|it|ious	0.2	0.2727272727272727	0.18181818181818182	pɹəfɪktɪʃəs	pɹəfɪktɪʃəs	0.09090909090909091	0.09090909090909091
profluence	pɹəʊflʊəns	pɹəʊfluəns	pɹɒfluəns	pɹɔfluns	compound	pro|fluence	0.1	0.3333333333333333	0.5	pɹəʊfləns	pɹɒfluəns	0.1111111111111111	0.3333333333333333
profulgent	pɹəfʌldʒənt	pɹəʊfʌldʒənt	pɹəfʌldʒənt	pɹəfəldʒənt	compound	pro|fulgent	0.08333333333333333	0.0	0.09090909090909091	pɹəfʌldʒənt	pɹəfʌldʒənt	0.0	0.0
profundicate	pɹəfʌndɪkeɪt	pɹəʊfʌndɪkeɪt	pɹəfʌndɪkeɪt	pɹəʊfʌndɪkeɪt	compound	pro|fundic|ate	0.07692307692307693	0.0	0.07692307692307693	pɹəfʌndɪkeɪt	pɹəfʌndɪkeɪt	0.0	0.0
prognosticant	pɹəɡnɒstɪkənt	pɹəɡnɒstɪkænt	pɹɒɡnəstɪkənt	pɹɑɡnɑstɪkənt	compound	prognostic|ant	0.07692307692307693	0.15384615384615385	0.15384615384615385	pɹəgnɑstɪkənt	pɹɒɡnɒstɪkənt	0.15384615384615385	0.07692307692307693
projectivise	pɹədʒɛktɪvaɪz	pɹɑdʒɛktɪvaɪz	pɹədʒɛktɪvaɪz	pɹaɪdʒɛktɪvaɪz	compound	project|iv|ise	0.07692307692307693	0.0	0.14285714285714285	pɹədʒɛktɪvaɪz	pɹədʒɛktɪvaɪz	0.0	0.0
projectivize	pɹədʒɛktɪvaɪz	pɹɑdʒɛktɪvaɪz	pɹədʒɛktɪvaɪz	pɹaɪdʒɛktɪvaɪz	compound	project|iv|ize	0.07692307692307693	0.0	0.14285714285714285	pɹədʒɛktɪvaɪz	pɹədʒɛktɪvaɪz	0.0	0.0
proofings	pɹuːfɪŋz	pɹufɪŋz	pɹufɪŋz	pɹufɪŋz	compound	proofing|s	0.0	0.0	0.0	pɹufɪŋz	pɹufɪŋz	0.0	0.0
proompt	pɹuːmpt	pɹumpt	pɹumpt	pɹumpt	compound	proo|m|p|t	0.0	0.0	0.0	pɹumpt	pɹumpt	0.0	0.0
proot	pɹuːt	pɹut	pɹut	pɹut	compound	proo|t	0.0	0.0	0.0	pɹut	pɹut	0.0	0.0
propanedinitrile	pɹəʊpeɪndaɪnaɪtɹaɪl	pɹəʊpeɪndaɪnaɪtɹaɪl	pɹəʊpeɪndɪnaɪtɹaɪl	pɹəʊpəndɪnɪtɹɪl	compound	propane|di|nitrile	0.0	0.05555555555555555	0.3333333333333333	pɹəʊpəndənaɪtɹəl	pɹəpænɪdɪnɪtɹaɪl	0.375	0.375
properispomenon	pɹəʊpɛɹɪspɒmənɒn	pɹəʊpɛɹɪspəʊmnɒn	pɹɒpəɹɪspəʊmnən	pɹəʊpɚɪspəmənən	compound	properispome|non	0.1875	0.4666666666666667	0.26666666666666666	pɹəpəɹɪspɒmənɒn	pɹɒpəɹɪspɒmənən	0.13333333333333333	0.26666666666666666
propice	pɹəpaɪs	pɹɒpaɪs	pɹəpɪsɛ	pɹɑpɪs	compound	prop|ice	0.14285714285714285	0.2857142857142857	0.3333333333333333	pɹɒpɪs	pɹɒpɪs	0.3333333333333333	0.3333333333333333
proplifting	pɹɒplɪftɪŋ	pɹɒplɪftɪŋ	pɹɒplɪftɪŋ	pɹɑplɪftɪŋ	compound	prop|lifting	0.0	0.0	0.1	pɹəʊplɪftɪŋ	pɹəplɪftɪŋ	0.18181818181818182	0.1
propraetor	pɹəʊpɹiːtɔː	pɹəʊpɹitə	pɹɒpɹitə	pɹɑpɹeɪtɚ	compound	pro|praetor	0.1111111111111111	0.375	0.5555555555555556	pɹəpɹiɾəɹ	pɹəpɹitə	0.4444444444444444	0.25
propraetorship	pɹəʊpɹiːtɔːʃɪp	pɹəʊpɹiɾəɹʃɪp	pɹɒpɹitəʃɪp	pɹɑpɹeɪtɚʃɪp	compound	pro|praetorship	0.23076923076923078	0.2727272727272727	0.4166666666666667	pɹəpɹiɾəɹʃɪp	pɹəpɹitəʃɪp	0.3333333333333333	0.18181818181818182
propreantepenultimate	pɹəʊpɹiːæntɪpɪnʌltɪmət	pɹəʊpɹiantɪpɪnʌltaɪmati	pɹɒpɹintɛpənʌltɪmət	pɹəpɹəntɪpənʌltɪmeɪt	compound	propreantepenult|imat|e	0.17391304347826086	0.2631578947368421	0.3	pɹəpɹintəpənʌltɪmət	pɹɒpɹiəntɛpənʌltɪmət	0.21052631578947367	0.25
prosal	pɹəʊzəl	pɹəʊzæl	pɹəzal	pɹəʊsəl	compound	pros|al	0.14285714285714285	0.3333333333333333	0.14285714285714285	pɹəʊsəl	pɹəʊzəl	0.14285714285714285	0.0
protension	pɹoʊtɛnʃən	pɹəʊtɛnʃən	pɹəʊtɛnʃən	pɹəʊtɛnʃən	compound	pro|tension	0.0	0.0	0.0	pɹəʊtɛnʃən	pɹətɛnʃən	0.0	0.1111111111111111
protensive	pɹoʊtɛnsɪv	pɹəʊtɛnsɪv	pɹəʊtənsɪv	pɹəʊtɛnsɪv	compound	pro|tensive	0.0	0.1	0.0	pɹəʊtɛnsɪv	pɹətɛnsɪv	0.0	0.1111111111111111
protyle	pɹəʊtaɪl	pɹəʊtaɪlə	pɹɒtɪl	pɹətaɪl	compound	pro|ty|le	0.1111111111111111	0.5	0.14285714285714285	pɹəʊtəɪl	pɹətaɪl	0.125	0.14285714285714285
provicar	pɹəʊvɪkɚ	pɹəʊvɪkə	pɹɒvɪkɑ	pɹɑvɪkɚ	compound	pro|vicar	0.125	0.42857142857142855	0.2857142857142857	pɹɑvɪkɚ	pɹɒvɪkɑ	0.2857142857142857	0.42857142857142855
provings	pɹuːvɪŋz	pɹuvɪŋz	pɹuvɪŋz	pɹəʊvɪŋz	compound	proving|s	0.0	0.0	0.25	pɹuvɪŋz	pɹuvɪŋz	0.0	0.0
proxeni	pɹɒksɪnaɪ	pɹɒksɛnaɪ	pɹɒksɛni	pɹɑksəni	compound	prox|en|i	0.1111111111111111	0.375	0.5	pɹɑksənaɪ	pɹɒksini	0.2222222222222222	0.375
prunings	pɹuːnɪŋz	pɹunɪŋz	pɹunɪŋz	pɹunɪŋz	compound	pruning|s	0.0	0.0	0.0	pɹunɪŋz	pɹunɪŋz	0.0	0.0
psammon	sæmən	psæmən	samən	psæmən	compound	p|sammon	0.16666666666666666	0.2	0.16666666666666666	sæmən	sæmən	0.0	0.0
pseudohemophilia	sudoʊhiːməfiːliə	sudəʊhiməfiliə	sudəʊhiməfɪliə	psudəʊhɛməfɪliə	compound	pseudo|hemophilia	0.0	0.07142857142857142	0.2	sudəʊhiməfɪliə	sjudəʊhɛməfɪliə	0.07142857142857142	0.2
pseudoliberal	suːdəʊlɪbəɹəl	sudəʊlɪbəɹəl	sudəʊlɪbəɹəl	psudəʊlɪbɚəl	compound	pseudo|liberal	0.0	0.0	0.25	sudəʊlɪbəɹəl	sjudəlɪbəɹəl	0.0	0.16666666666666666
pseudonymic	sjuːdənɪmɪk	sudəʊnɪmɪk	sudəʊnɪmɪk	psudənimɪk	compound	pseudonym|ic	0.2	0.2	0.3	sudənɪmɪk	sjudənɪmɪk	0.1111111111111111	0.0
pseudoreticulum	sudoʊɹɛtɪkjʊləm	sudəʊɹɛtɪkjʊləm	sudəʊɹɪtɪkjʊləm	psudɚɛtɪkjələm	compound	pseudo|reticulum	0.0	0.06666666666666667	0.35714285714285715	sudəʊɹətɪkjələm	sjudəɹɪtɪkjʊləm	0.13333333333333333	0.2
pseudovirtue	suːdəʊvɜːɹtʃuː	sudəʊvɜtʃu	sudəʊvɜtʃu	psudəvɚtu	compound	pseudo|virtue	0.1	0.1	0.5555555555555556	sudəʊvɜɹtʃu	sudəvɜtju	0.0	0.3333333333333333
pseudovirtuous	suːdəʊvɜːɹtʃuəs	sudəʊvɜtʃuəs	sudəʊvɜtʃuəs	psudəvɚtʃuəs	compound	pseudo|virtuous	0.08333333333333333	0.08333333333333333	0.3333333333333333	sudəʊvɜɹtʃəwəs	sjudəʊvɜtʃuəs	0.14285714285714285	0.15384615384615385
psittacines	sɪtəsaɪnz	sɪtəsaɪnz	sɪtəsinz	psɪtəsɪnz	compound	psittacine|s	0.0	0.25	0.2222222222222222	sɪɾəkaɪnz	sɪtəsinz	0.2222222222222222	0.25
psycholing	saɪkoʊlɪŋ	saɪkəʊlɪŋ	saɪkəʊlɪŋ	saɪkəlɪŋ	compound	psychol|ing	0.0	0.0	0.125	saɪkəʊlɪŋ	saɪkəʊlɪŋ	0.0	0.0
psychomachia	saɪkəʊmækiə	saɪkəʊmɑkiə	saɪkəʊmeɪʃə	saɪkəmətʃiə	compound	psycho|machi|a	0.09090909090909091	0.2727272727272727	0.36363636363636365	saɪkəʊmeɪkɪə	saɪkəʊmækiə	0.25	0.0
psychoscience	saɪkəʊsaɪəns	saɪkəʊsaɪəns	saɪkəʊsaɪəns	saɪkəʊsiəns	compound	psycho|science	0.0	0.0	0.18181818181818182	saɪkəʊsaɪəns	saɪkəʊsaɪəns	0.0	0.0
pterostilbene	ptɛɹəʊstɪlbiːn	ptɝəʊstɪlbin	tɛɹəstɪlbin	ptɚɑstɪlbɪn	compound	p|ter|o|stilbene	0.16666666666666666	0.18181818181818182	0.45454545454545453	tɛɹəstɪlbin	tɛɹəʊstɪlbin	0.18181818181818182	0.08333333333333333
puketastic	pjuːktæstɪk	pjuktæstɪk	pjukɪteɪstɪk	pjuktæstɪk	compound	puke|tastic	0.0	0.25	0.0	pukɪtæstɪk	pjukɪtæstɪk	0.2	0.09090909090909091
pulsings	pʌlsɪŋz	pʌlsɪŋz	pʌlsɪŋz	pʌlsɪŋz	compound	pulsing|s	0.0	0.0	0.0	pʌlsɪŋz	pʌlsɪŋz	0.0	0.0
pumpings	pʌmpɪŋz	pʌmpɪŋz	pʌmpɪŋz	pʌmpɪŋz	compound	pumping|s	0.0	0.0	0.0	pʌmpɪŋz	pʌmpɪŋz	0.0	0.0
punchings	pʌntʃɪŋz	pʌntʃɪŋz	pʌntʃɪŋz	pʌntʃɪŋz	compound	punching|s	0.0	0.0	0.0	pʌntʃɪŋz	pʌntʃɪŋz	0.0	0.0
punishings	pʌnɪʃɪŋz	pʌnɪʃɪŋz	pʌnɪʃɪŋz	pjunɪʃɪŋz	compound	punishing|s	0.0	0.0	0.2222222222222222	pʌnɪʃɪŋz	pʌnɪʃɪŋz	0.0	0.0
punnings	pʌnɪŋz	pʌnɪŋz	pʌnɪŋz	pʌnɪŋz	compound	punning|s	0.0	0.0	0.0	pʌnɪŋz	pʌnɪŋz	0.0	0.0
puppyboy	pʌpibɔɪ	pʌpibɔɪ	pʌpɪbɔɪ	pʌpibɔɪ	compound	puppy|boy	0.0	0.14285714285714285	0.0	pʌpɪbɔɪ	pʌpɪbɔɪ	0.14285714285714285	0.14285714285714285
purprise	pəɹpɹaɪz	pɝpɹaɪz	pɜpɹaɪz	pɚpɹaɪz	compound	pur|prise	0.2857142857142857	0.2857142857142857	0.2857142857142857	pɜɹpɹaɪz	pɜpɹaɪz	0.125	0.2857142857142857
pursuiter	pəɹsjuːtɚ	pəsutɜ	pəsutə	pɚʃaɪtɚ	compound	pursuit|er	0.5	0.5	0.7142857142857143	pɚsutɚ	pəsutə	0.5	0.5
pushings	pʊʃɪŋz	pʊʃɪŋz	pʊʃɪŋz	pʊʃɪŋz	compound	pushing|s	0.0	0.0	0.0	pʊʃɪŋz	pʊʃɪŋz	0.0	0.0
pussywhip	pʊsihwɪp	pʊsiwɪp	pʊsɪwɪp	pʌsiwɪp	compound	pussy|whip	0.14285714285714285	0.2857142857142857	0.2857142857142857	pʊsiwɪp	pʊsɪwɪp	0.14285714285714285	0.2857142857142857
pussywhipped	pʊsihwɪpt	pʊsiwɪpt	pʊsɪwɪpt	pʌsiwɪpt	compound	pussy|whipped	0.125	0.25	0.25	pʊsiwɪpt	pʊsɪwɪpt	0.125	0.25
pyeong	pjɔŋ	paɪɔŋ	pjəʊŋ	piəʊŋ	compound	pye|ong	0.4	0.4	0.6	pjɛŋ	paɪɒŋ	0.25	0.6
pyment	pəmɛnt	pamɛnt	paɪmənt	paɪmənt	compound	py|ment	0.16666666666666666	0.42857142857142855	0.42857142857142855	paɪmənt	paɪmənt	0.42857142857142855	0.42857142857142855
pyrocumulonimbus	paɪɹəʊkjuːmjʊlənɪmbəs	paɪɹəʊkjumjʊlɒnɪmbəs	paɪɹəʊkjumjʊlɒnɪmbəs	pɪɹəʊkəmələnɪmbjuz	compound	pyro|cumulonimbus	0.05	0.05	0.4444444444444444	paɪɹəʊkjumjəlɑnɪmbəs	paɪɹəʊkjumjʊlɒnɪmbəs	0.1	0.05
pyrokinesis	paɪɹoʊkɪniːsɪs	paɪɹəʊkənisɪs	paɪɹəʊkənisɪs	pɪɹəkɪnsɪz	compound	pyro|kinesis	0.07692307692307693	0.07692307692307693	0.4	paɪɹəʊkənisɪs	paɪɹəʊkɪnisɪs	0.07692307692307693	0.0
pyrolysize	paɪɹɒlɪsaɪz	paɪɹəʊlɪsaɪz	paɪɹəʊlaɪsaɪz	pɪɹəlɪsaɪz	compound	pyro|ly|size	0.16666666666666666	0.23076923076923078	0.2	paɪɹəlaɪsaɪz	paɪɹəʊlɪsaɪz	0.16666666666666666	0.16666666666666666
pyruvaldehyde	paɪɹuːvældɪhaɪd	paɹuvældɪhaɪd	paɪɹuvaldɪhaɪd	pɪɹʌvəldəhaɪd	compound	py|ru|v|aldehyde	0.07692307692307693	0.07142857142857142	0.3076923076923077	paɪɹuvæl.dəhaɪd	pɪɹuvɔldɪhaɪd	0.13333333333333333	0.15384615384615385
pâté	pæteɪ	pæteɪ	pateɪ	pt	compound	[]	0.0	0.2	1.5	pæteɪ	pɑteɪ	0.0	0.2
pūkeko	puːkɛkoʊ	pukɛkəʊ	pjukikəʊ	pkikəʊ	compound	[]	0.0	0.25	0.3333333333333333	pukɛkəʊ	pukikəʊ	0.0	0.14285714285714285
qingsongite	tʃɪŋsɒŋaɪt	kɪŋsɒŋaɪt	kɪŋsɒŋɡaɪt	kɪŋɡsɑndʒɪt	compound	qing|song|ite	0.2222222222222222	0.3	0.6363636363636364	kɪŋsɔŋgaɪt	kɪŋsəndʒaɪt	0.4	0.5454545454545454
qingtuan	tʃɪŋtwɑn	kɪŋtjuən	kɪŋtjuən	kɪŋtʃuən	compound	qing|tuan	0.625	0.625	0.625	kɪŋtuɑn	kɪŋtʃuən	0.42857142857142855	0.625
qinpu	tʃɪnpuː	kɪnpu	kɪnpu	kɪnpu	compound	qin|pu	0.4	0.4	0.4	tʃɪnpu	kɪnpju	0.0	0.5
qiné	kiːne	kɪne	kɪneɪ	kɪn	compound	[]	0.25	0.4	0.6666666666666666	kəneɪ	kɪneɪ	0.4	0.4
quab	kwɒb	kwæb	kwab	kwɑb	compound	qua|b	0.25	0.25	0.25	kwɑb	kwɒb	0.25	0.0
quadriband	kwɒdɹɪbænd	kwɒdɹɪbænd	kwɒdɹɪband	kwɑdɹɪbənd	compound	quad|riband	0.0	0.1	0.2	kwɑdɹəbænd	kwɒdɹɪbænd	0.2	0.0
quadrillionth	kwɒdɹɪliənθ	kwɒdɹɪliənθ	kwɒdɹɪliənθ	kwɑdɹɪljənθ	compound	quadrillion|th	0.0	0.0	0.18181818181818182	kwɑdɹɪljənθ	kwɒdɹɪliənθ	0.18181818181818182	0.0
quailings	kweɪlɪŋz	kweɪlɪŋz	kweɪlɪŋz	kweɪlɪŋz	compound	quailing|s	0.0	0.0	0.0	kweɪlɪŋz	kweɪlɪŋz	0.0	0.0
quarantinee	kwɒɹəntiːniː	kwɒɹɑntini	kwɒɹantɪni	kwɔɹæntɪn	compound	quarantine|e	0.1	0.2	0.4444444444444444	kwɔɹəntin	kwɒɹɑntɪni	0.2222222222222222	0.2
quaternity	kwətɜːɹnɪti	kwɒtɜɹnɪti	kwatənɪti	kweɪtɚnɪti	compound	quat|ern|ity	0.1	0.3333333333333333	0.4	kwətɜɹnəɾi	kwətɜnɪti	0.2	0.1111111111111111
querent	kwɚɛnt	kjuɹɛnt	kwɜɹənt	kwɛɹənt	compound	que|rent	0.42857142857142855	0.42857142857142855	0.42857142857142855	kwiɹənt	kwɪəɹənt	0.42857142857142855	0.5
quettabit	kwɛtəbɪt	kwɛtəbɪt	kwɛtəbɪt	kwɛtəbɪt	compound	quetta|bit	0.0	0.0	0.0	kwɛɾəbɪt	kwɛtəbɪt	0.125	0.0
quettabyte	kwɛtəbaɪt	kwɛtəbaɪt	kwɛtəbaɪt	kwɛtəbaɪt	compound	quetta|byte	0.0	0.0	0.0	kwɛɾəbaɪt	kwɛtəbaɪt	0.1111111111111111	0.0
quietway	kwaɪɪtweɪ	kwaɪətweɪ	kwaɪətweɪ	kwɪtweɪ	compound	quiet|way	0.1111111111111111	0.1111111111111111	0.2857142857142857	kwaɪətweɪ	kwaɪətweɪ	0.1111111111111111	0.1111111111111111
quininic	kwɪnɪnɪk	kwɪnɪnɪk	kwɪnɪnɪk	kwɪnɪnɪk	compound	quinin|ic	0.0	0.0	0.0	kwənɪnɪk	kwɪnɪnɪk	0.125	0.0
quinity	kwɪnɪti	kwɪnɪti	kwɪnɪti	kwɪnɪti	compound	quin|ity	0.0	0.0	0.0	kwɪnᵻɾi	kwɪnɪti	0.2857142857142857	0.0
quintates	kwɪnteɪts	kwɪnteɪtz	kwɪnteɪts	kwɪnteɪts	compound	quintate|s	0.1111111111111111	0.0	0.0	kwɪnteɪts	kwɪnteɪts	0.0	0.0
quizlet	kwɪzlət	kwɪzlɛt	kwɪzlɪt	kwɪzəlt	compound	quiz|let	0.14285714285714285	0.14285714285714285	0.2857142857142857	kwɪzlɪt	kwɪzlət	0.14285714285714285	0.0
quizzaciously	kwɪzeɪʃəsli	kwɪzeɪʃəslɪ	kwɪzeɪʃəsli	kwɪzeɪʃəsli	compound	quizzacious|ly	0.09090909090909091	0.0	0.0	kwɪzeɪʃəsli	kwɪtseɪʃəsli	0.0	0.16666666666666666
quoad	kwoʊæd	kwəʊæd	kwəʊd	kwəʊd	compound	quo|ad	0.0	0.2	0.2	kwəʊæd	kwəʊd	0.0	0.2
quotationist	kwəʊteɪʃənɪst	kwəʊteɪʃənɪst	kwəʊteɪʃənɪst	kwəʊteɪʃənɪst	compound	quotation|ist	0.0	0.0	0.0	kwəʊteɪʃənəst	kwəʊteɪʃənɪst	0.07692307692307693	0.0
qutrit	kjuːtɹɪt	kutɹɪt	kwətɹɪt	ktɹɪt	compound	qu|trit	0.16666666666666666	0.2857142857142857	0.4	kjutɹɪt	kutɹɪt	0.0	0.16666666666666666
rabab	ɹɪbæb	ɹæbæb	ɹabab	ɹæbəb	compound	rab|ab	0.2	0.4	0.4	ɹɑbəb	ɹæbæb	0.4	0.2
rabato	ɹəbɑːtəʊ	ɹəbatəʊ	ɹabɑtəʊ	ɹæbɑtəʊ	compound	rabat|o	0.14285714285714285	0.14285714285714285	0.14285714285714285	ɹɑbɑtəʊ	ɹæbɑtəʊ	0.14285714285714285	0.14285714285714285
racebook	ɹeɪsbʊk	ɹeɪsbʊk	ɹeɪsbʊk	ɹeɪsbʊk	compound	race|book	0.0	0.0	0.0	ɹeɪsbʊk	ɹeɪsbʊk	0.0	0.0
raceplay	ɹeɪspleɪ	ɹeɪspleɪ	ɹeɪspleɪ	ɹeɪsɛpleɪ	compound	race|play	0.0	0.0	0.1111111111111111	ɹeɪspleɪ	ɹeɪspleɪ	0.0	0.0
radargram	ɹeɪdɑɹɡɹæm	ɹeɪdɑɡɹæm	ɹeɪdɑɡɹam	ɹædɑɹɡɹəm	compound	radar|gram	0.1111111111111111	0.2222222222222222	0.3333333333333333	ɹeɪdɑɹgɹæm	ɹædəɡɹæm	0.1	0.5
radiolead	ɹeɪdiəʊlɛd	ɹeɪdɪəʊlæd	ɹeɪdɪəʊlid	ɹeɪdiəʊləd	compound	radiole|ad	0.2	0.2	0.1	ɹeɪdiəʊlɛd	ɹeɪdɪəʊlid	0.0	0.2
radiophoto	ɹeɪdɪəʊfəʊtəʊ	ɹeɪdɪəʊfəʊtəʊ	ɹeɪdɪəʊfəʊtəʊ	ɹeɪdiəfəʊtəʊ	compound	radio|photo	0.0	0.0	0.16666666666666666	ɹeɪdɪəʊfəʊɾəʊ	ɹeɪdɪəʊfəʊtəʊ	0.07692307692307693	0.0
ragequit	ɹeɪdʒkwɪt	ɹeɪdʒkwɪt	ɹeɪdʒkwɪt	ɹeɪdʒkwɪt	compound	rage|quit	0.0	0.0	0.0	ɹeɪdʒkwɪt	ɹeɪdʒkwɪt	0.0	0.0
ragpick	ɹæɡpɪk	ɹæɡpɪk	ɹaɡpɪk	ɹæɡpɪk	compound	rag|pick	0.0	0.16666666666666666	0.0	ɹægpɪk	ɹæɡpɪk	0.16666666666666666	0.0
railbed	ɹeɪlbɛd	ɹeɪlbɛd	ɹeɪlbd	ɹeɪlbɪd	compound	rail|bed	0.0	0.16666666666666666	0.14285714285714285	ɹeɪlbɛd	ɹeɪlbd	0.0	0.16666666666666666
railgun	ɹeɪlɡʌn	ɹeɪlɡʌn	ɹeɪlɡʌn	ɹeɪlɡən	compound	rail|gun	0.0	0.0	0.14285714285714285	ɹeɪlgʌn	ɹeɪlɡʌn	0.14285714285714285	0.0
rainish	ɹeɪnɪʃ	ɹeɪnɪʃ	ɹeɪnɪʃ	ɹeɪnɪʃ	compound	rain|ish	0.0	0.0	0.0	ɹeɪnɪʃ	ɹeɪnɪʃ	0.0	0.0
rak'a	ɹɑkɑ	ɹækə	ɹakə	ɹækə	compound	rak|a	0.5	0.5	0.5	ɹækə	ɹækə	0.5	0.5
ralphie	ɹɑːɹfi	ɹælfi	ɹalfi	ɹælfi	compound	ralph|ie	0.4	0.4	0.4	ɹælfi	ɹælfi	0.4	0.4
ramenya	ɹɑːmɛnjɑ	ɹeɪmɛnjə	ɹeɪmnjə	ɹeɪmənjə	compound	ramen|ya	0.375	0.5714285714285714	0.5	ɹeɪmniə	ɹəminjə	0.7142857142857143	0.42857142857142855
ramier	ɹæmɪeɪ	ɹæmiɹ	ɹeɪmiə	ɹæmiɚ	compound	ramie|r	0.6	0.8333333333333334	0.6	ɹeɪmiəɹ	ɹeɪmɪə	0.7142857142857143	0.6666666666666666
ramiers	ɹɑːmɪeɪz	ɹɑmiɝz	ɹamiəz	ɹæmiɚz	compound	rami|ers	0.5	0.6666666666666666	0.6666666666666666	ɹeɪmiɚz	ɹeɪmɪəz	0.7142857142857143	0.5714285714285714
randomity	ɹændɒmɪti	ɹændəmɪti	ɹandɒmɪti	ɹændəmɪti	compound	random|ity	0.1111111111111111	0.1111111111111111	0.1111111111111111	ɹændəmᵻɾi	ɹændɒmɪti	0.3333333333333333	0.0
rankism	ɹæŋkɪzəm	ɹæŋkɪzəm	ɹaŋkɪzəm	ɹæŋkɪzəm	compound	rank|ism	0.0	0.125	0.0	ɹæŋkɪzəm	ɹæŋkɪzəm	0.0	0.0
raptivist	ɹæptɪvɪst	ɹæptɪvɪst	ɹaptɪvɪst	ɹæptɪvɪst	compound	rapt|iv|ist	0.0	0.1111111111111111	0.0	ɹæptɪvɪst	ɹæptɪvɪst	0.0	0.0
rasbora	ɹæzbɔːɹə	ɹæsbɔɹə	ɹasbɔɹə	ɹæsbɑɹə	compound	ras|bora	0.14285714285714285	0.2857142857142857	0.2857142857142857	ɹæsbəɹə	ɹæzbɔɹə	0.2857142857142857	0.0
rastrum	ɹæstɹəm	ɹæstɹʌm	ɹastɹəm	ɹæstɹʌm	compound	rast|rum	0.14285714285714285	0.14285714285714285	0.14285714285714285	ɹæstɹəm	ɹɑstɹəm	0.0	0.14285714285714285
rathripe	ɹɑːðɹaɪp	ɹæθɹaɪp	ɹaθɹaɪp	ɹæθɹaɪp	compound	rath|ripe	0.2857142857142857	0.2857142857142857	0.2857142857142857	ɹæθɹaɪp	ɹæθɹaɪp	0.2857142857142857	0.2857142857142857
raypunk	ɹeɪpʌŋk	ɹeɪpʌŋk	ɹeɪpʌŋk	ɹeɪpʌŋk	compound	ray|punk	0.0	0.0	0.0	ɹeɪpʌŋk	ɹeɪpʌŋk	0.0	0.0
raï	ɹaɪ	ɹaɪ	ɹai	ɹeɪ	compound	[]	0.0	0.3333333333333333	0.3333333333333333	ɹaɪ	ɹeɪ	0.0	0.3333333333333333
reboantic	ɹiːbəʊæntɪk	ɹibəʊæntɪk	ɹɪbəʊntɪk	ɹibəʊəntɪk	compound	rebo|antic	0.0	0.2222222222222222	0.1	ɹᵻbəʊəntɪk	ɹibəʊæntɪk	0.2	0.0
recalcitrate	ɹɪkælsɪtɹeɪt	ɹɛkælsɪtɹeɪt	ɹɪkalsɪtɹeɪt	ɹɛkəlsɪtɹeɪt	compound	rec|al|citrate	0.08333333333333333	0.08333333333333333	0.16666666666666666	ɹɪkælsɪtɹeɪt	ɹɪkælsɪtɹeɪt	0.0	0.0
recallism	ɹiːkɔːlɪzəm	ɹikɔlɪzəm	ɹikɔlɪzəm	ɹɛkəlɪzəm	compound	recall|ism	0.0	0.0	0.2222222222222222	ɹᵻkɔlɪzəm	ɹɪkælɪzəm	0.1111111111111111	0.2222222222222222
recan	ɹikæn	ɹɛkən	ɹɪkan	ɹɪkən	compound	rec|an	0.4	0.4	0.4	ɹᵻkæn	ɹɪkæn	0.2	0.2
recordation	ɹɛkəɹdeɪʃən	ɹɛkɝdeɪʃən	ɹɪkɔdeɪʃən	ɹɛkɚdeɪʃən	compound	record|ation	0.2	0.3	0.2	ɹɛkəɹdeɪʃən	ɹɛkɔdeɪʃən	0.0	0.2
recultivate	ɹɪkʌltɪveɪt	ɹeɪkʌltɪveɪt	ɹɪkʌltɪveɪt	ɹɛkʌltɪveɪt	compound	re|cultivate	0.08333333333333333	0.0	0.09090909090909091	ɹᵻkʌltᵻveɪt	ɹɪkʌltɪveɪt	0.18181818181818182	0.0
redshift	ɹɛdʃɪft	ɹɛdʃɪft	ɹɛdʃɪft	ɹɛdʃɪft	compound	red|shift	0.0	0.0	0.0	ɹɛdʃɪft	ɹɛdʃɪft	0.0	0.0
reech	ɹiːtʃ	ɹitʃ	ɹitʃ	ɹitʃ	compound	ree|ch	0.0	0.0	0.0	ɹitʃ	ɹitʃ	0.0	0.0
regurg	ɹɪɡɝdʒ	ɹɛɡɝg	ɹɪɡɜɡ	ɹɛɡɚɡ	compound	reg|ur|g	0.6	0.6	0.8	ɹᵻgɜɹg	ɹɪɡɜɡ	0.8333333333333334	0.6
reight	ɹɛɪt	ɹeɪaɪt	ɹeɪt	ɹaɪt	compound	re|ight	0.5	0.25	0.25	ɹeɪt	ɹeɪt	0.25	0.25
reiterant	ɹiɪtɝənt	ɹiɪtɝənt	ɹiaɪtɹənt	ɹaɪtɚənt	compound	reitera|nt	0.0	0.2222222222222222	0.25	ɹiaɪɾəɹənt	ɹiɪtəɹənt	0.4	0.2222222222222222
rejectaneous	ɹiːdʒɛkteɪniəs	ɹidʒɛkteɪnəs	ɹɪdʒɪkteɪniəs	ɹɪdʒɛkteɪnus	compound	reject|ane|ous	0.08333333333333333	0.15384615384615385	0.25	ɹəd͡ʒɛk.ə.nəs	ɹɪdʒɛkteɪniəs	0.46153846153846156	0.07692307692307693
relevate	ɹɛlɪveɪt	ɹɛlɪveɪt	ɹɛlɪveɪt	ɹɛləveɪt	compound	r|elevate	0.0	0.0	0.125	ɹeləveɪt	ɹɛlɪveɪt	0.25	0.0
reliced	ɹɛlɪkd	ɹɛlɪkɛd	ɹɛlɪkt	ɹɛlɪst	compound	relic|ed	0.14285714285714285	0.16666666666666666	0.3333333333333333	ɹaɪlɪst	ɹɪlaɪst	0.5714285714285714	0.5714285714285714
relicing	ɹɛlɪkɪŋ	ɹɛlɪkɪŋ	ɹɛlɪkɪŋ	ɹɛlɪsɪŋ	compound	relic|ing	0.0	0.0	0.14285714285714285	ɹɛlɪsɪŋ	ɹɪlaɪsɪŋ	0.14285714285714285	0.375
religtard	ɹɪlɪdʒtɑːɹd	ɹɪlɪdʒtɑɹd	ɹɪlɪɡtɑd	ɹɛlɪɡtɚd	compound	relig|tard	0.0	0.375	0.625	ɹᵻlɪgtəɹd	ɹɪlɪɡtəd	0.4444444444444444	0.5
remigration	ɹiːmaɪɡɹeɪʃən	ɹeɪmaɪɡɹeɪʃən	ɹɪmɪɡɹeɪʃən	ɹɛmɪɡɹeɪʃən	compound	re|migration	0.15384615384615385	0.18181818181818182	0.18181818181818182	ɹiməgɹeɪʃən	ɹɛmɪɡɹeɪʃən	0.2727272727272727	0.18181818181818182
remixture	ɹiːmɪkstjʊɚ	ɹɪmɪkstʊɹ	ɹɪmɪkstʃə	ɹɛmɪkstʃɚ	compound	remix|ture	0.3333333333333333	0.4444444444444444	0.3333333333333333	ɹᵻmɪkstʃəɹ	ɹɪmɪkstʃə	0.4	0.4444444444444444
remords	ɹɪmɔːdz	ɹɪmɔdz	ɹɪmɔdz	ɹɛmɚdz	compound	remord|s	0.0	0.0	0.3333333333333333	ɹᵻmɔɹdz	ɹɪmɔdz	0.2857142857142857	0.0
renarrative	ɹiːnæɹətɪv	ɹeɪnæɹətɪv	ɹɪnaɹətɪv	ɹɛnɑɹətɪv	compound	re|narrative	0.2	0.2222222222222222	0.2222222222222222	ɹinæɹətɪv	ɹɪnæɹətɪv	0.0	0.1111111111111111
reparse	ɹiːpɑːɹs	ɹɛpɑs	ɹɪpɑs	ɹipɚz	compound	rep|arse	0.4	0.4	0.6	ɹᵻpɑɹs	ɹɪpɑs	0.16666666666666666	0.4
reptilianness	ɹɛptɪliənnɪs	ɹɛptɪliənnes	ɹɛptɪliənnəs	ɹɛptɪliənəs	compound	reptilian|ness	0.08333333333333333	0.08333333333333333	0.18181818181818182	ɹɛptɪljənnəs	ɹɪptɪliənnəs	0.16666666666666666	0.16666666666666666
requiesce	ɹɛkwiɛs	ɹeɪkwiɛs	ɹɪkwɪɛs	ɹikwis	compound	re|quiesce	0.25	0.2857142857142857	0.3333333333333333	ɹɪkwaɪes	ɹikwɪɛs	0.5	0.2857142857142857
rescuee	ɹɛskjuiː	ɹɛskjui	ɹɛskjui	ɹɛskju	compound	rescue|e	0.0	0.0	0.16666666666666666	ɹəskju	ɹɪskjui	0.3333333333333333	0.14285714285714285
respondee	ɹɪspɒndiː	ɹɪspɒndi	ɹɪspɒndi	ɹɛspɑndi	compound	respond|ee	0.0	0.0	0.25	ɹəspɑndi	ɹɛspəndi	0.25	0.25
retent	ɹɪtɛnt	ɹɪtɛnt	ɹɪtɛnt	ɹɪtənt	compound	rete|nt	0.0	0.0	0.16666666666666666	ɹɪtɛnt	ɹɪtɛnt	0.0	0.0
revelate	ɹɛvəleɪt	ɹɛvəleɪt	ɹɛvɪleɪt	ɹɛvəleɪt	compound	revel|ate	0.0	0.125	0.0	ɹɛvəleɪt	ɹɛvɪleɪt	0.0	0.125
revictual	ɹiːvɪtəl	ɹeɪvɪtəl	ɹɪvɪktʃuəl	ɹɛvɪktʃuəl	compound	re|victual	0.25	0.4	0.4	ɹᵻvɪktʃəwəl	ɹɪvɪktʃuəl	0.45454545454545453	0.4
revirescence	ɹivəɹɛsəns	ɹeɪvəɹɛsəns	ɹɪvaɪəsəns	ɹɛvaɪɚʃəns	compound	re|virescence	0.18181818181818182	0.4	0.5	ɹəvaɪɹəsəns	ɹivaɪɹɛsəns	0.36363636363636365	0.18181818181818182
revoluble	ɹɪvɒljʊbəl	ɹeɪvɒlʌbəl	ɹɛvəlʌbəl	ɹɛvələbəl	compound	re|voluble	0.3	0.4444444444444444	0.4444444444444444	ɹəvɑljəbəl	ɹɪvɒləbəl	0.3	0.2222222222222222
revulse	ɹɪvʌls	ɹɪvʌls	ɹɪvʌls	ɹɛvʌls	compound	r|evulse	0.0	0.0	0.16666666666666666	ɹᵻvʌls	ɹɪvʌls	0.16666666666666666	0.0
rewed	ɹiːwɛd	ɹuɛd	ɹɛwd	ɹud	compound	rew|ed	0.5	0.5	1.0	ɹud	ɹɪwɛd	1.0	0.2
reys	ɹeɪs	ɹeɪz	ɹeɪz	ɹaɪz	compound	rey|s	0.25	0.25	0.5	ɹeɪz	ɹeɪz	0.25	0.25
rhemes	ɹiːmz	ɹimz	ɹimz	ɹɛmz	compound	rheme|s	0.0	0.0	0.25	ɹimz	ɹimz	0.0	0.0
rhinolith	ɹaɪnəʊlɪθ	ɹaɪnəʊlɪθ	ɹaɪnəlɪθ	ɹɪnəlɪθ	compound	rhino|lith	0.0	0.125	0.2857142857142857	ɹaɪnəlɪθ	ɹɪnəlɪθ	0.125	0.2857142857142857
rhodic	ɹəʊdɪk	ɹəʊdɪk	ɹəʊdɪk	ɹɑdɪk	compound	rho|dic	0.0	0.0	0.4	ɹəʊdɪk	ɹɒdɪk	0.0	0.4
rhyparographic	ɹɪpæɹəɡɹæfɪk	ɹɪpæɹəɡɹɑfɪk	ɹaɪpəɹəɡɹafɪk	ɹipɚəɡɹæfɪk	compound	rhyparograph|ic	0.08333333333333333	0.23076923076923078	0.2727272727272727	ɹɪpəɹəɡɹæfɪk	ɹaɪpəɹəɡɹæfɪk	0.08333333333333333	0.15384615384615385
rhythmer	ɹɪðəmɚ	ɹɪðəmɜ	ɹɪðmə	ɹɪθmɚ	compound	rhythm|er	0.16666666666666666	0.4	0.4	ɹɪðəməɹ	ɹɪðmə	0.2857142857142857	0.4
rhythming	ɹɪðəmɪŋ	ɹɪðəmɪŋ	ɹɪðəmɪŋ	ɹɪðmɪŋ	compound	rhythm|ing	0.0	0.0	0.16666666666666666	ɹɪðmɪŋ	ɹaɪðmɪŋ	0.16666666666666666	0.2857142857142857
ribauld	ɹɪbɔːld	ɹɪbɔld	ɹɪbɔld	ɹibəld	compound	rib|auld	0.0	0.0	0.3333333333333333	ɹɪbɔld	ɹɪbɒld	0.0	0.16666666666666666
ribband	ɹɪbbænd	ɹɪbbænd	ɹɪband	ɹɪbənd	compound	rib|band	0.0	0.3333333333333333	0.3333333333333333	ɹɪbənd	ɹɪbənd	0.3333333333333333	0.3333333333333333
rightsholder	ɹaɪtshəʊldɚ	ɹaɪtshəʊldə	ɹaɪtshəʊldə	ɹaɪtshəʊldɚ	compound	rights|holder	0.09090909090909091	0.09090909090909091	0.0	ɹaɪtshəʊldɚ	ɹaɪtʃəʊldə	0.0	0.3
rightsowner	ɹaɪtsəʊnɚ	ɹaɪtsəʊnə	ɹaɪtsəʊnə	ɹaɪtsənɚ	compound	rights|owner	0.1111111111111111	0.1111111111111111	0.125	ɹaɪtsəʊnəɹ	ɹaɪtsəʊnə	0.2	0.1111111111111111
rightwise	ɹaɪtwaɪz	ɹaɪtwaɪz	ɹaɪtwaɪz	ɹaɪtwaɪz	compound	right|wise	0.0	0.0	0.0	ɹaɪtwaɪz	ɹaɪtwaɪz	0.0	0.0
rigidification	ɹɪdʒɪdɪfɪkeɪʃən	ɹɪdʒɪdɪfɪkeɪʃən	ɹɪdʒɪdɪfɪkeɪʃən	ɹɪdʒɪdɪfɪkeɪʃən	compound	rigid|ification	0.0	0.0	0.0	ɹɪdʒədɪfɪkeɪʃən	ɹɪdʒɪdɪfɪkeɪʃən	0.06666666666666667	0.0
rikshaw	ɹɪkʃɔː	ɹɪkʃɔ	ɹɪkʃɔ	ɹɪkʃɔ	compound	rik|shaw	0.0	0.0	0.0	ɹɪkʃɔ	ɹɪkʃɔ	0.0	0.0
rined	ɹaɪnd	ɹaɪnd	ɹaɪnd	ɹaɪnd	compound	rine|d	0.0	0.0	0.0	ɹaɪnd	ɹaɪnd	0.0	0.0
ripazepam	ɹɪpæzɪpæm	ɹipəzɛpəm	ɹɪpeɪzpam	ɹipəzpəm	compound	ripa|zepa|m	0.4444444444444444	0.4444444444444444	0.5	ɹɪpæz.əpæm	ɹɪpəzɛpæm	0.2	0.2222222222222222
riq'a	ɹiːkə	ikwə	ɹɪkə	ɹikə	compound	ri|q|a	0.5	0.25	0.0	ɹikə	ɹikə	0.0	0.0
rishon	ɹɪʃɒn	ɹɪʃɒn	ɹɪʃɒn	ɹɪʃən	compound	rish|on	0.0	0.0	0.2	ɹɪʃən	ɹɪʃən	0.2	0.2
riverboating	ɹɪvəɹbəʊtɪŋ	ɹɪvəbəʊtɪŋ	ɹɪvəbəʊtɪŋ	ɹaɪvɚbəʊtɪŋ	compound	riverboat|ing	0.1	0.1	0.2727272727272727	ɹɪvəɹbəʊɾɪŋ	ɹɪvəbəʊtɪŋ	0.09090909090909091	0.1
rng	ɹʌŋ	ɹɛŋ	ɑɹɛndʒi	ɹŋ	compound	r|ng	0.3333333333333333	0.8571428571428571	0.5	ɹɛŋ	ɑɹɛndʒi	0.3333333333333333	0.8571428571428571
robomb	ɹəʊbɒm	ɹəʊbɒm	ɹəʊbɒm	ɹəʊbɑm	compound	ro|bomb	0.0	0.0	0.16666666666666666	ɹəʊbɑm	ɹɒbɒm	0.16666666666666666	0.4
rochambeau	ɹoʊʃæmboʊ	ɹəʊkəmbəʊ	ɹɒtʃeɪmbəʊ	ɹɑkæmbi	compound	rocha|m|beau	0.2222222222222222	0.4	0.7142857142857143	ɹəʊʃəmbəʊ	ɹɒʃəmbəʊ	0.1111111111111111	0.375
roids	ɹɔɪdz	ɹɔɪdz	ɹɔɪdz	ɹɔɪdz	compound	roid|s	0.0	0.0	0.0	ɹɔɪdz	ɹɔɪdz	0.0	0.0
rolag	ɹoʊlæɡ	ɹəʊlæɡ	ɹɒlaɡ	ɹəʊləɡ	compound	rol|ag	0.0	0.6	0.16666666666666666	ɹəʊləg	ɹəʊlæɡ	0.3333333333333333	0.0
rolipram	ɹoʊlɪpɹæm	ɹəʊlɪpɹæm	ɹɒlɪpɹam	ɹəʊlɪpɹəm	compound	rol|ip|ram	0.0	0.375	0.1111111111111111	ɹəʊlɪpɹæm	ɹɒlɪpɹæm	0.0	0.25
roofball	ɹuːfbɔːl	ɹufbɔl	ɹufbɔl	ɹufbəl	compound	roof|ball	0.0	0.0	0.16666666666666666	ɹufbɔl	ɹufbɔl	0.0	0.0
rooves	ɹuːvz	ɹuvz	ɹuvz	ɹuvz	compound	roove|s	0.0	0.0	0.0	ɹuvz	ɹuvz	0.0	0.0
ropemaxx	ɹoʊpmæks	ɹəʊpmæks	ɹəʊpmaks	ɹəʊpmæksks	compound	rope|maxx	0.0	0.125	0.2	ɹəʊpmæks	ɹəʊpmæks	0.0	0.0
roration	ɹəʊɹeɪʃən	ɹəʊɹæʃən	ɹɔɹeɪʃən	ɹɔɹeɪʃən	compound	ro|ration	0.25	0.25	0.25	ɹəɹeɪʃən	ɹəɹeɪʃən	0.125	0.125
rottable	ɹɒtəbəl	ɹɒtəbəl	ɹɒtəbəl	ɹɑtəbəl	compound	rotta|ble	0.0	0.0	0.14285714285714285	ɹɑɾəbəl	ɹɒtəbəl	0.2857142857142857	0.0
rovibrational	ɹəʊvaɪbɹeɪʃənəl	ɹəʊvaɪbɹeɪʃənəl	ɹɒvaɪbɹeɪʃənəl	ɹəʊvɪbɹeɪʃənəl	compound	ro|vibrational	0.0	0.14285714285714285	0.07142857142857142	ɹəʊvaɪbɹeɪʃənəl	ɹɒvɪbɹeɪʃənəl	0.0	0.23076923076923078
rowwise	ɹoʊwaɪz	ɹəʊwaɪz	ɹəʊwaɪz	ɹəwaɪz	compound	row|wise	0.0	0.0	0.16666666666666666	ɹəʊwaɪz	ɹəwaɪz	0.0	0.16666666666666666
rupia	ɹuːpiə	ɹupiə	ɹupiə	ɹupiə	compound	ru|pia	0.0	0.0	0.0	ɹupiə	ɹupiə	0.0	0.0
rupophobia	ɹupəʊfəʊbiə	ɹupəʊfəʊbiə	ɹupəfəʊbiə	ɹupəfəʊbiə	compound	ru|po|phobia	0.0	0.1	0.1	ɹupəfəʊbiə	ɹupəfəʊbiə	0.1	0.1
rupophobic	ɹupəʊfəʊbik	ɹupəʊfəʊbɪk	ɹupəfəʊbɪk	ɹupəfəbɪk	compound	ru|po|phobic	0.09090909090909091	0.2	0.3333333333333333	ɹupəfəʊbɪk	ɹupəfɒbɪk	0.2	0.4444444444444444
ryelage	ɹaɪlɪdʒ	ɹaɪleɪdʒ	ɹaɪɛlɪdʒ	ɹiɛlədʒ	compound	rye|lage	0.125	0.125	0.42857142857142855	ɹaɪlədʒ	ɹaɪəlɪdʒ	0.14285714285714285	0.125
sabatierite	səbætɪɹaɪt	sɑbɑtiɹaɪt	sabətiəɹaɪt	sæbeɪʃɚɪt	compound	sabat|ie|rite	0.3	0.36363636363636365	0.5555555555555556	sæbətɪɹaɪt	sæbətiəɹɪt	0.2	0.5
saccharinization	sækɹɪnɪzeɪʃən	sækəɹɪnaɪzeɪʃən	sakɑɹɪnaɪzeɪʃən	sækʃɚɪnɪzeɪʃən	compound	saccharin|ization	0.13333333333333333	0.2	0.14285714285714285	sækəɹənəzeɪʃən	sækəɹɪnɪzeɪʃən	0.21428571428571427	0.07142857142857142
saditty	sədɪti	sædɪti	sadɪti	sædɪti	compound	sad|itty	0.16666666666666666	0.16666666666666666	0.16666666666666666	sədɪti	sædɪti	0.0	0.16666666666666666
safrazine	sæfɹəziːn	sæfɹəzin	safɹeɪzin	sæfɹəzin	compound	safra|zine	0.0	0.3333333333333333	0.0	səfɹæzin	sæfɹəzin	0.25	0.0
saj	sɑːdʒ	sɑdʒ	sadʒ	sə	compound	sa|j	0.0	0.25	1.5	sædʒ	saɪ	0.25	1.0
salband	sælbænd	sælbænd	salband	sælbənd	compound	sal|band	0.0	0.2857142857142857	0.14285714285714285	sælbənd	sælbænd	0.14285714285714285	0.0
saliaunce	seɪliəns	sɑliəns	salɪɔns	sæliəns	compound	sa|liau|nce	0.2857142857142857	0.5714285714285714	0.2857142857142857	sælɪəns	seɪlɪəns	0.42857142857142855	0.125
samana	səmɑːnə	samɑnə	samɑnə	səmənə	compound	saman|a	0.16666666666666666	0.16666666666666666	0.16666666666666666	səmɑnə	sæmɑnə	0.0	0.16666666666666666
sambadrome	sæmbədɹəʊm	sæmbədɹəʊm	sambədɹəʊm	sæmbədɹəʊm	compound	samba|drome	0.0	0.1	0.0	sæmbədɹəʊm	sæmbədɹəʊm	0.0	0.0
samiel	sæmjɛl	sæmiɛl	samil	sæmil	compound	sami|el	0.16666666666666666	0.6	0.4	sæmil	sæmiəl	0.4	0.3333333333333333
sanewash	seɪnwɒʃ	seɪnwɒʃ	seɪnwɒʃ	sænwɑʃ	compound	sane|wash	0.0	0.0	0.5	seɪnwɑʃ	seɪnwɒʃ	0.14285714285714285	0.0
sansad	sənsəd	sansəd	sansad	sænzəd	compound	sansa|d	0.16666666666666666	0.3333333333333333	0.3333333333333333	sænsəd	sænsæd	0.16666666666666666	0.3333333333333333
sanza	sænzə	sænzə	sanzə	sænzə	compound	sanz|a	0.0	0.2	0.0	sænzə	sænzə	0.0	0.0
saphead	sæphɛd	sæphɛd	safɛd	sæfid	compound	sap|head	0.0	0.6	0.6	sæphɛd	sæfɛd	0.0	0.4
sapheads	sæphɛdz	sæphɛdz	safɛdz	sæfədz	compound	sap|heads	0.0	0.5	0.5	sæphɛdz	sæfɛdz	0.0	0.3333333333333333
sappie	sæpi	sæpi	sapɪ	sæpi	compound	sapp|ie	0.0	0.5	0.0	sæpi	sæpi	0.0	0.0
sarcasmous	sɑːɹkæzməs	sɑkæzəməs	sɑkazməs	sɑɹkəsməʊs	compound	sarcasm|ous	0.2222222222222222	0.25	0.3	sɑɹkæzməs	sɑkæzməs	0.0	0.125
sarcode	sɑːɹkəʊd	sɑɹkəʊd	sɑkəʊd	sɑɹkəʊd	compound	sar|code	0.0	0.16666666666666666	0.0	sɑɹkəʊd	sɑkəʊd	0.0	0.16666666666666666
satchelled	sætʃəld	sætʃəlɛd	satʃəld	sætʃɛld	compound	satchell|ed	0.125	0.14285714285714285	0.14285714285714285	sætʃəld	sætʃəld	0.0	0.0
saussurite	soʊsjʊəɹaɪt	sɔzsɝaɪt	sɒʃəɹɪt	səsɚaɪt	compound	saus|sur|ite	0.75	0.8571428571428571	0.7142857142857143	sɔsɚaɪt	sɔʃəɹaɪt	0.8571428571428571	0.625
saxaul	sæksɔːl	sæksɔl	saksɔl	sæksəl	compound	sax|aul	0.0	0.16666666666666666	0.16666666666666666	sæksɔl	sæksɔl	0.0	0.0
scabland	skæblænd	skæblænd	skablənd	skæblænd	compound	scab|land	0.0	0.25	0.0	skæblənd	skæblənd	0.125	0.125
scaghead	skæɡhɛd	skæɡhɛd	skaɡhɛd	skæɡhid	compound	scag|head	0.0	0.14285714285714285	0.14285714285714285	skægɛd	skæɡhɛd	0.3333333333333333	0.0
scandalizable	skændəlaɪzəbəl	skændəlaɪzbəl	skandəlaɪzəbəl	skændəlɪzəbəl	compound	scandal|iza|ble	0.07692307692307693	0.07142857142857142	0.07692307692307693	skændəlaɪzəbəl	skændəlaɪzəbəl	0.0	0.0
scetavajasse	ʃeɪtəvaɪɑːseɪ	zsɛtəveɪdʒeɪæs	sɛtəvadʒas	ʃɪtəvədʒəs	compound	s|ceta|v|aj|asse	0.5714285714285714	0.8	0.7	sɛɾəvɑjəs	sɛtəvædʒæs	1.0	0.9
sched	skɛdʒ	ʃmɛd	ʃɛd	ʃt	compound	sch|ed	0.75	1.0	2.5	skɛd͡ʒ	ʃɛd	0.16666666666666666	1.0
schemat	skiːmæt	skimət	skimat	ʃɛmət	compound	schema|t	0.16666666666666666	0.16666666666666666	0.8	skimət	skɛmæt	0.16666666666666666	0.16666666666666666
schismogenesis	skɪzəmoʊdʒɛnəsəs	skɪzəməʊdʒɛnɪsɪs	skɪsməʊdʒɛnɪsɪs	ʃɪzəmədʒnsɪz	compound	schism|o|genesis	0.125	0.26666666666666666	0.5833333333333334	skɪsmədʒɛnəsɪs	ʃɪzmədʒɛnɪsɪs	0.2857142857142857	0.46153846153846156
schizophyte	skɪtsəʊfaɪt	skɪtsəʊfaɪti	skɪtsəfaɪt	ʃaɪzəfaɪt	compound	schizo|phy|te	0.08333333333333333	0.1	0.5555555555555556	skɪt.əfaɪt	skɪzəfaɪt	0.2	0.3333333333333333
schwack	ʃwæk	ʃwɑk	ʃwak	ʃwɑk	compound	schwa|ck	0.25	0.25	0.25	ʃwæk	ʃwæk	0.0	0.0
sclerose	skləɹəʊs	sklɜɹəʊz	sklɛɹəʊz	sklɚəʊz	compound	scler|ose	0.25	0.25	0.42857142857142855	skləɹəʊseɪ	sklɛɹəʊz	0.2	0.25
sclerotal	skləɹəʊtəl	sklɜɹəʊtəl	sklɛɹəʊtəl	sklɚətəl	compound	scler|ota|l	0.1	0.1	0.375	sklɛɹəɾəl	sklɛɹəʊtəl	0.3333333333333333	0.1
sclerotherapist	sklɪəɹəθɛɹəpɪst	sklɜɹəʊθɛɹəpɪst	sklɛɹəʊθɛɹeɪpɪst	sklɚəθɚəpɪst	compound	scler|o|therapist	0.2	0.3125	0.4166666666666667	sklɛɹəʊθɛɹəpəst	sklɛɹəʊθɛɹəpɪst	0.26666666666666666	0.2
scopiform	skəʊpɪfɔːɹm	skɑpɪfɔm	skɒpɪfɔm	skɑpɪfɚm	compound	scop|iform	0.375	0.375	0.5	skəʊpəfɔɹm	skɒpɪfɔm	0.1	0.375
scopings	skəʊpɪŋs	skəʊpɪŋz	skəʊpɪŋz	skəʊpɪŋz	compound	scoping|s	0.125	0.125	0.125	skəʊpɪŋz	skəʊpɪŋz	0.125	0.125
scoubidou	skuːbiduː	zkubɪdu	skəbɪdu	skəbɪdəʊ	compound	s|cou|bid|ou	0.2857142857142857	0.2857142857142857	0.5	skubɪdu	skubɪdu	0.14285714285714285	0.14285714285714285
screamo	skɹiːməʊ	skɹiməʊ	skɹiməʊ	skɹiməʊ	compound	scream|o	0.0	0.0	0.0	skɹiməʊ	skɹiməʊ	0.0	0.0
screweye	skɹuaɪ	skɹuaɪ	skɹuaɪ	skɹui	compound	screw|eye	0.0	0.0	0.4	skɹuaɪ	skɹuaɪ	0.0	0.0
screweyes	skɹuaɪz	skɹuaɪz	skɹuaɪz	skɹuiz	compound	screw|eyes	0.0	0.0	0.3333333333333333	skɹuaɪz	skɹuaɪz	0.0	0.0
scribality	skɹaɪbælɪti	skɹaɪbəlɪti	skɹɪbalɪti	skɹibəlɪti	compound	scribal|ity	0.09090909090909091	0.2	0.3	skɹaɪbælɪti	skɹaɪbælɪti	0.0	0.0
scriptings	skɹɪptɪŋs	skɹɪptɪŋz	skɹɪptɪŋz	skɹɪptɪŋz	compound	scripting|s	0.1111111111111111	0.1111111111111111	0.1111111111111111	skɹɪptɪŋz	skɹɪptɪŋz	0.1111111111111111	0.1111111111111111
sculptrix	skʌlptɹɪks	skʌlptɹɪks	skʌlptɹɪks	skʌlptɹɪks	compound	sculpt|rix	0.0	0.0	0.0	skʌlptɹɪks	skʌlptɹɪks	0.0	0.0
scundered	skʌndəɹd	skʌndəɛd	skʌndəd	skʌndɚd	compound	scunder|ed	0.125	0.14285714285714285	0.2857142857142857	skʌndɚd	skʌndəd	0.2857142857142857	0.14285714285714285
scutal	skjuːtəl	skjutəl	skjutəl	skjutəl	compound	scuta|l	0.0	0.0	0.0	skjuɾəl	skjutəl	0.14285714285714285	0.0
scuttlebug	skʌtəlbʌɡ	skʌtəlbʌɡ	skʌtəlbʌɡ	skʌtlbəɡ	compound	scuttle|bug	0.0	0.0	0.25	skʌɾəlbʌg	skʌtəlbʌɡ	0.2222222222222222	0.0
sdrucciola	zdɹuːtʃələ	zdɹusisiaɪəʊlə	ɛsdɹutʃɪəʊlə	sdɹʌkʃəʊlə	compound	s|dru|cc|iola	0.5	0.3333333333333333	0.4	sdɹutʃələ	sdɹuksɪəʊlə	0.1111111111111111	0.45454545454545453
seatin'	siːtɪn	sitɪn	sitɪn	sitɪn	compound	seat|in	0.0	0.0	0.0	sitɪn	sitɪn	0.0	0.0
seaware	siːwɛɚ	siwɛɹ	siweə	siwɚ	compound	sea|ware	0.2	0.4	0.25	siwɛɹ	siweə	0.2	0.4
seawoman	siːwʊmən	siwʊmən	siwʊmən	siwəʊmən	compound	sea|woman	0.0	0.0	0.125	siwʊmən	siwʊmən	0.0	0.0
secretting	siːkɹətɪŋ	sikɹəttɪŋ	sikɹɪtɪŋ	sɛkɹɛtɪŋ	compound	secret|ting	0.1111111111111111	0.125	0.25	sɛkɹɪtɪŋ	sɪkɹɛtɪŋ	0.25	0.25
sectish	sɛktɪʃ	sɛktɪʃ	sɛktɪʃ	sɛktɪʃ	compound	sect|ish	0.0	0.0	0.0	sɛktɪʃ	sɛktɪʃ	0.0	0.0
sedecuple	siːdɛkjuːpəl	seɪdɛkjupəl	sɛdɪkupəl	sɛdɪkʌpəl	compound	se|decuple	0.18181818181818182	0.3333333333333333	0.4444444444444444	sɪdɛk.jə.pəl	sɛdɪkjupəl	0.3333333333333333	0.2
see't	siːt	sit	sit	sit	compound	see|t	0.0	0.0	0.0	sit	sit	0.0	0.0
seedsnipe	siːdsnaɪp	sidsnaɪp	sidsnaɪp	sidsnaɪp	compound	seed|snipe	0.0	0.0	0.0	sidsnaɪp	sidsnaɪp	0.0	0.0
seerpaw	sɪəɹpɔː	siɹpɔ	siəpɔ	sɚpɔ	compound	seer|paw	0.4	0.4	0.75	sɪɹpɔ	siəpɔ	0.2	0.4
segol	seɪɡoʊl	siɡəʊl	sɛɡɒl	sɛɡəl	compound	sego|l	0.3333333333333333	0.8	0.6	sɛgɔl	sɛɡəl	1.0	0.6
segolate	sɛɡoʊleɪt	siɡəʊleɪt	sɛɡəleɪt	sɛɡəleɪt	compound	sego|late	0.1111111111111111	0.125	0.125	sɛgəleɪt	sɛɡəleɪt	0.25	0.125
seitanic	seɪtænɪk	seɪtanɪk	seɪtanɪk	saɪtənɪk	compound	seitan|ic	0.125	0.125	0.25	seɪtænɪk	saɪtænɪk	0.0	0.125
selcouth	sɛlkuːθ	sɛlkuθ	sɛlkuθ	sɛlkəθ	compound	sel|couth	0.0	0.0	0.16666666666666666	sɛlkəθ	sɛlkəθ	0.16666666666666666	0.16666666666666666
selfsome	sɛlfsʌm	sɛlfsʌm	sɛlfsʌm	sɛlfsəʊm	compound	self|some	0.0	0.0	0.25	sɛlfsʌm	sɛlfsʌm	0.0	0.0
seliciclib	sɛlɪsɪklɪb	sɛlɪsɪslɪb	sɛlɪsɪklɪb	sɛlɪsɪklɪb	compound	sel|ici|c|lib	0.1	0.0	0.0	səlɪsɪklɪb	sɛlɪsɪklɪb	0.1	0.0
selma'o	selmaho	sɛlməəʊ	sɛlməəʊ	sɛlməzəʊ	compound	selma|o	0.5714285714285714	0.5714285714285714	0.625	sɛlmɑəʊ	sɛlməkəʊ	0.5714285714285714	0.625
semantogram	sɪmæntəɡɹæm	siməntɒɡɹæm	sɛmantɒɡɹam	sɛməntəɡɹəm	compound	seman|tog|ram	0.2727272727272727	0.36363636363636365	0.2727272727272727	sɪmæntəɡɹæm	sɛməntɒɡɹæm	0.0	0.2727272727272727
semble	sɛmbəl	sɛmbəl	sɛmbəl	sɛmbəl	compound	sem|ble	0.0	0.0	0.0	sɛmbəl	sɛmbəl	0.0	0.0
semelparous	sɛməlpəɹəs	sɛməlpɛəɹəs	sɛmɪlpəɹəs	sɛməlpɚus	compound	semel|parous	0.09090909090909091	0.1	0.3333333333333333	sɛməlpəɹəs	sɛmɛlpəɹəs	0.0	0.1
semé	səmeɪ	səmeɪ	sɛmeɪ	sɪm	compound	[]	0.0	0.2	1.0	sɛmeɪ	sɛmeɪ	0.2	0.2
septempartite	sɛptɛmpɑːtaɪt	sɛptəmpɑtaɪt	sɛptɪmpɑtaɪt	sɛptɪmpɑɹtɪt	compound	sept|em|partite	0.08333333333333333	0.08333333333333333	0.25	sɛptɛmpəɹət	sɛptɪmpɑtaɪt	0.36363636363636365	0.08333333333333333
septentrional	sɛptɛntɹɪənəl	sɛptɛntɹaɪənæl	sɛptəntɹɪɒnəl	sɛptəntɹiənəl	compound	sept|ent|rion|al	0.14285714285714285	0.15384615384615385	0.15384615384615385	sɛptɛntɹiənəl	sɛptɛntɹɪənəl	0.07692307692307693	0.0
septuagesimal	sɛptjuədʒɛsɪməl	sɛptjʊədʒɛsɪməl	sɛptjueɪdʒsɪməl	sɛptʃuədʒsɪməl	compound	septuagesima|l	0.06666666666666667	0.2	0.14285714285714285	sɛptjuədʒɛsəməl	sɛptʃuədʒɛsɪməl	0.06666666666666667	0.06666666666666667
seriouser	sɪəɹɪəsɚ	siəɹɪəsɜ	siəɹiəsə	sɛɹiəʊsɚ	compound	serious|er	0.25	0.375	0.5	sɪɹiəsəɹ	siəɹɪəsə	0.5	0.25
serodisclosure	sɪəɹəʊdɪskləʊʒɚ	sɜɹəʊdɪskləʊʒə	sɛɹədɪskləʊʒə	sɚəʊdɪskləʊʒɚ	compound	ser|o|disclosure	0.21428571428571427	0.3076923076923077	0.23076923076923078	sɪɹəʊdɪskləʊʒəɹ	sɛɹəʊdɪskləʊʒə	0.2	0.21428571428571427
serrous	sɛɹəs	sɛɹəs	sɛɹəs	sɛɹus	compound	serr|ous	0.0	0.0	0.2	sɛɹəs	sɛɹəs	0.0	0.0
seryl	sɛɹɪl	sɜɹɪl	sɜɹɪl	sɛɹil	compound	ser|yl	0.2	0.2	0.2	sɛɹəl	sɛɹəl	0.2	0.2
sesquialteral	sɛskwɪaltəɹəl	sɛskwɪaltəɹəl	sɛskwɪɒltəɹəl	sɛskwaɪəltɚəl	compound	sesquialtera|l	0.0	0.07692307692307693	0.3076923076923077	sɛskwɪæltəɹəl	sɛskwɪæltəɹəl	0.07692307692307693	0.07692307692307693
sesquialteran	sɛskwɪɑltəɹən	sɛskwɪaltəɹən	sɛskwɪɒltəɹən	sɛskwaɪəltɚən	compound	sesquialtera|n	0.07692307692307693	0.07692307692307693	0.3076923076923077	sɛskwɪɔltəɹən	sɛskwɪæltəɹən	0.07692307692307693	0.07692307692307693
sesquialterate	sɛskwɪaltəɹət	sɛskwɪaltəɹəti	sɛskwɪɒltəɹeɪt	sɛskwaɪəltɚeɪt	compound	sesquialtera|te	0.07142857142857142	0.21428571428571427	0.35714285714285715	sɛskwɪɔltəɹət	sɛskwɪɒltəɹeɪt	0.07692307692307693	0.21428571428571427
sesquialterous	sɛskwɪaltəɹəs	sɛskwɪaltəəs	sɛskwɪɒltəɹəs	sɛskwaɪəltɚus	compound	sesquialter|ous	0.08333333333333333	0.07692307692307693	0.38461538461538464	sɛskwɪɔltəɹəs	sɛskwɪɒltəɹəs	0.07692307692307693	0.07692307692307693
setpoint	sɛtpɔɪnt	sɛtpɔɪnt	sɛtpɔɪnt	sɛtpɔɪnt	compound	set|point	0.0	0.0	0.0	sɛtpɔɪnt	sɛtpɔɪnt	0.0	0.0
setpoints	sɛtpɔɪnts	sɛtpɔɪnts	sɛtpɔɪnts	sɛtpɔɪnts	compound	set|points	0.0	0.0	0.0	sɛtpɔɪnts	sɛtpɔɪnts	0.0	0.0
sexannulate	sɛksænjʊlət	sɛksanjʊleɪt	sɛksanjʊleɪt	sɪɡzænjəleɪt	compound	sex|annulate	0.25	0.25	0.5	sɛksænəleɪt	sɛksænjʊleɪt	0.36363636363636365	0.16666666666666666
sexarticulate	sɛksɑːɹtɪkjʊlət	sɛksɑɹtɪkjəleɪt	sɛksɑtɪkjʊleɪt	sɪɡzɑɹtɪkjəleɪt	compound	sex|articulate	0.2	0.21428571428571427	0.4	sɛksɑɹtɪkjəleɪt	sɛksɑtɪkjʊleɪt	0.2	0.21428571428571427
sexpreading	sɛksspɹɛdɪŋ	sɛkspɹɛdɪŋ	sɛkspɹidɪŋ	sɛkspɹidɪŋ	compound	sex|p|reading	0.1	0.2	0.2	sɛkspɹidɪŋ	sɛkspɹidɪŋ	0.2	0.2
sexsomnia	sɛksɒmniə	sɛksɒmniə	sɛkssɒmniə	sɛksəmniə	compound	sex|som|ni|a	0.0	0.1	0.1111111111111111	sɛksɑm.ni.ə	sɛksɒmniə	0.2727272727272727	0.0
sextastic	sɛkstæstɪk	sɛkstæstɪk	sɛksteɪstɪk	sɛkstæstɪk	compound	sext|astic	0.0	0.18181818181818182	0.0	sɛkstæstɪk	sɛkstæstɪk	0.0	0.0
sextate	sɛksteɪt	sɛksteɪt	sɛksteɪt	sɛksteɪt	compound	sext|ate	0.0	0.0	0.0	sɛksteɪt	sɛksteɪt	0.0	0.0
sexualism	sɛkʃuəlɪzm	sɛkʃuəlɪzəm	sɛkʃuəlɪzəm	sɛkʃuəlɪzəm	compound	sexual|ism	0.09090909090909091	0.09090909090909091	0.09090909090909091	sɛkʃəwəlɪzəm	sɛkʃuəlɪzəm	0.25	0.09090909090909091
seṭ	seɪt	seɪt	ɛsilɛtəwɒnisɪksdi	si	compound	[]	0.0	0.8823529411764706	1.5	sɛt	sits	0.6666666666666666	0.75
shab	ʃæb	ʃɑb	ʃab	ʃəb	compound	sha|b	0.3333333333333333	0.3333333333333333	0.3333333333333333	ʃæb	ʃæb	0.0	0.0
shagtastic	ʃæɡtæstɪk	ʃæɡtæstɪk	ʃaɡteɪstɪk	ʃæɡtæstɪk	compound	shag|tastic	0.0	0.3	0.0	ʃægtæstɪk	ʃæɡtæstɪk	0.1111111111111111	0.0
shalloon	ʃəluːn	ʃælun	ʃalun	ʃælun	compound	shall|oo|n	0.2	0.2	0.2	ʃəlun	ʃælun	0.0	0.2
shampers	ʃæmpəɹz	ʃæmpɝz	ʃampəz	ʃæmpɚz	compound	shamp|ers	0.3333333333333333	0.3333333333333333	0.3333333333333333	ʃæmpəɹz	ʃæmpəz	0.0	0.16666666666666666
shegetz	ʃeɪɡəts	ʃiɡɛts	ʃɛɡɛts	ʃɛɡɪts	compound	she|getz	0.5	0.5	0.5	ʃɛgɪts	ʃɛɡɪts	0.6666666666666666	0.5
shelpek	ʃɛlpɛk	ʃɛlpɛk	ʃɛlpɛk	ʃɛlpɛk	compound	shelp|ek	0.0	0.0	0.0	ʃɛlpɪk	ʃɛlpɛk	0.16666666666666666	0.0
shengyuan	ʃʌŋjuɑːn	ʃɛŋjuən	ʃɛŋjuən	ʃɛndʒjuən	compound	sheng|yuan	0.2857142857142857	0.2857142857142857	0.5555555555555556	ʃɛŋgjuən	ʃɛndʒjuən	0.375	0.5555555555555556
shenyi	ʃɛni	ʃɛnji	ʃɛnɪi	ʃɛnji	compound	shen|yi	0.2	0.2	0.2	ʃɛni	ʃinɪaɪ	0.0	0.6666666666666666
sherryvallies	ʃɛɹɪvælɪz	ʃɛɹivɔliz	ʃɛɹɪviz	ʃɛɹivəliz	compound	sherry|vallie|s	0.3333333333333333	0.42857142857142855	0.3333333333333333	ʃɛɹɪvæliz	ʃɛɹɪvəliz	0.1111111111111111	0.2222222222222222
shewn	ʃəʊn	ʃəʊn	ʃjun	ʃun	compound	shew|n	0.0	0.5	0.6666666666666666	ʃəʊn	ʃjun	0.0	0.5
shiet	ʃiːɪt	ʃaɪt	ʃaɪət	ʃit	compound	shie|t	0.25	0.4	0.3333333333333333	ʃaɪət	ʃaɪət	0.4	0.4
shirshasana	ʃəɹʃɑːsɑːnɑː	ʃɝʃɑsænə	ʃɜʃəsɑnə	ʃɚʃəsənə	compound	shir|shas|ana	0.5	0.5	0.625	ʃəɹʃɑnə	ʃɜʃəsɑnə	0.42857142857142855	0.5
shitgaze	ʃɪtɡeɪz	ʃɪtɡeɪz	ʃɪtɡeɪz	ʃɪtɡəz	compound	shit|gaze	0.0	0.0	0.3333333333333333	ʃɪtgeɪz	ʃɪtɡeɪz	0.14285714285714285	0.0
shitgibbon	ʃɪtɡɪbən	ʃɪtɡɪbən	ʃɪtɡɪbən	ʃɪtɡɪbən	compound	shit|gibbon	0.0	0.0	0.0	ʃɪtdʒɪbən	ʃɪtdʒɪbən	0.2222222222222222	0.2222222222222222
shitlib	ʃɪtlɪb	ʃɪtlɪb	ʃɪtlɪb	ʃɪtləb	compound	shit|lib	0.0	0.0	0.16666666666666666	ʃɪtlɪb	ʃɪtlɪb	0.0	0.0
shitmiss	ʃɪtmɪs	ʃɪtmɪs	ʃɪtmɪs	ʃɪtmɪs	compound	shit|miss	0.0	0.0	0.0	ʃɪtmɪs	ʃɪtmɪs	0.0	0.0
shitstained	ʃɪtsteɪnd	ʃɪtsteɪnd	ʃɪtsteɪnd	ʃɪtsteɪnd	compound	shit|stained	0.0	0.0	0.0	ʃɪtsteɪnd	ʃɪtsteɪnd	0.0	0.0
shitton	ʃɪttʌn	ʃɪttʌn	ʃɪtən	ʃɪtən	compound	shit|ton	0.0	0.4	0.4	ʃɪtən	ʃɪtən	0.4	0.4
shoddyite	ʃɒdiaɪt	ʃɒdiaɪt	ʃɒdɪaɪt	ʃɑdiaɪt	compound	shoddy|ite	0.0	0.14285714285714285	0.14285714285714285	ʃɑdiaɪt	ʃɒdɪaɪt	0.14285714285714285	0.14285714285714285
shorba	ʃoɹba	ʃɔɹbə	ʃɔbə	ʃɔɹbə	compound	shorb|a	0.4	0.75	0.4	ʃɔɹbə	ʃɔbə	0.4	0.75
shoti	ʃotɪ	ʃɒtaɪ	ʃəʊti	ʃəʊti	compound	shot|i	0.4	0.6	0.6	ʃəʊti	ʃəʊti	0.6	0.6
shoulda	ʃʊdə	ʃʊdə	ʃʊdə	ʃəldə	compound	should|a	0.0	0.0	0.4	ʃʊdə	ʃəʊldə	0.0	0.3333333333333333
shyt	ʃaɪt	ʃaɪt	ʃaɪt	ʃɪt	compound	shy|t	0.0	0.0	0.3333333333333333	ʃaɪt	ʃɪt	0.0	0.3333333333333333
sialorrhea	saɪəlɔɹiʌ	saɪəlɔɹi	saɪəlɒɹiə	saɪəlɔɹhi	compound	sial|or|rhea	0.125	0.2222222222222222	0.2222222222222222	saɪəlɔɹiə	ʃaɪələɹiə	0.1111111111111111	0.3333333333333333
sibred	sɪbɹəd	sɪbɹɛd	sɪbɹɪd	sɪbɹɪd	compound	sib|red	0.16666666666666666	0.16666666666666666	0.16666666666666666	sɪbɹɛd	saɪbɹɛd	0.16666666666666666	0.2857142857142857
sidal	saɪdəl	saɪdəl	sɪdəl	sɪdəl	compound	sida|l	0.0	0.2	0.2	saɪdəl	saɪdəl	0.0	0.0
sidth	sɪdθ	sɪdθ	sɪdθ	sɪdθ	compound	sid|th	0.0	0.0	0.0	sɪdθ	sɪdθ	0.0	0.0
sightproof	saɪtpɹuːf	saɪtpɹuf	saɪtpɹuf	saɪtpɹuf	compound	sight|proof	0.0	0.0	0.0	saɪtpɹuf	saɪtpɹuf	0.0	0.0
sigillated	sɪdʒɪleɪtɪd	sɪdʒəlleɪtɪd	sɪɡɪleɪtɪd	sɪɡɪleɪtd	compound	sigil|lated	0.16666666666666666	0.2	0.3333333333333333	sɪdʒəleɪɾᵻd	sɪdʒɪleɪtɪd	0.2727272727272727	0.0
signate	sɪɡnət	sɪɡnəti	sɪɡneɪt	sɪɡneɪt	compound	signa|te	0.14285714285714285	0.2857142857142857	0.2857142857142857	sɪgneɪt	sɪɡneɪt	0.42857142857142855	0.2857142857142857
sigogglin	saɪɡɒɡlɪn	sɪɡɑɡlɪn	sɪɡəɡlɪn	sɪɡɑɡlɪn	compound	sig|ogg|lin	0.25	0.25	0.25	sɪɡɑɡ.lɪn	sɪɡɒɡlɪn	0.3333333333333333	0.125
sigs	sɪɡz	sɪɡz	sɪɡz	sɪɡz	compound	sig|s	0.0	0.0	0.0	sɪɡz	sɪɡz	0.0	0.0
sikhye	ʃiːkjeɪ	sikjɛ	sɪkhaɪ	sɪki	compound	sikh|ye	0.6	0.6666666666666666	1.25	sɪki	sɪkhaɪ	1.25	0.6666666666666666
silflay	sɪlfleɪ	sɪlfleɪ	sɪlfleɪ	sɪlfleɪ	compound	silf|lay	0.0	0.0	0.0	sɪfleɪ	sɪlfleɪ	0.16666666666666666	0.0
silkpunk	sɪlkpʌŋk	sɪlkpʌŋk	sɪlkpʌŋk	sɪlkpʌŋk	compound	silk|punk	0.0	0.0	0.0	sɪlkpʌŋk	sɪlkpʌŋk	0.0	0.0
sillonated	sɪləneɪtɪd	sɪləneɪtɪd	sɪləneɪtɪd	sɪləneɪtd	compound	sillon|ated	0.0	0.0	0.1111111111111111	sɪləneɪɾᵻd	sɪləneɪtɪd	0.2	0.0
sillycide	sɪlisaɪd	sɪlisaɪd	sɪlɪsaɪd	sɪlɪsaɪd	compound	silly|cide	0.0	0.125	0.125	sɪləsaɪd	sɪlɪsaɪd	0.125	0.125
silyl	saɪlɪl	sɪlɪl	sɪlɪl	sɪlil	compound	sil|yl	0.2	0.2	0.4	sɪlɪl	sɪlɪl	0.2	0.2
singleplayer	sɪŋɡəlpleɪɚ	sɪŋɡəlpleɪə	sɪŋɡəlpleɪə	sɪŋɡəlpleɪɚ	compound	single|player	0.09090909090909091	0.09090909090909091	0.0	sɪŋgəlpleɪɚ	sɪŋɡəlpleɪə	0.09090909090909091	0.09090909090909091
sinh	sɪntʃ	sɪnh	sɪn	sɪn	compound	sin|h	0.5	0.6666666666666666	0.6666666666666666	sɪn	sɪn	0.6666666666666666	0.6666666666666666
sinofied	saɪnoʊfaɪd	saɪnəʊfaɪd	sɪnəfaɪd	sɪnəfaɪd	compound	sino|fied	0.0	0.25	0.25	sɪnəfaɪd	sɪnəfaɪd	0.25	0.25
sinofy	saɪnoʊfaɪ	saɪnəʊfaɪ	sɪnəfaɪ	sɪnəfi	compound	sino|fy	0.0	0.2857142857142857	0.6666666666666666	sɪnəfi	sɪnəfaɪ	0.6666666666666666	0.2857142857142857
siscowet	sɪskəwɛt	siskəʊwɛt	sɪskəɪt	sɪskəʊɪt	compound	sisco|wet	0.2222222222222222	0.2857142857142857	0.25	sɪskəɪt	sɪskəʊɪt	0.2857142857142857	0.25
sixel	sɪksɛl	sɪksɛl	sɪksəl	sɪksəl	compound	six|el	0.0	0.16666666666666666	0.16666666666666666	sɪksəl	sɪksəl	0.16666666666666666	0.16666666666666666
sixt	sɪkst	sɪkst	sɪkst	sɪkst	compound	six|t	0.0	0.0	0.0	sɪkst	sɪkst	0.0	0.0
siyum	siːjuːm	sijʌm	sɪjəm	saɪʌm	compound	si|yum	0.2	0.4	0.6	saɪəm	saɪəm	0.6	0.6
skanoe	skənuː	skɑnəʊ	skanəʊ	skeɪnəʊ	compound	ska|noe	0.5	0.5	0.5714285714285714	skeɪnəʊ	skænəʊ	0.5714285714285714	0.5
skens	skɛnz	skɛnz	skɛnz	skɛnz	compound	sken|s	0.0	0.0	0.0	skɛnz	skɛnz	0.0	0.0
skiamorph	skiəmɔɹf	skiəmɔɹf	skaɪəmɔf	skiəmɔɹf	compound	ski|amorph	0.0	0.375	0.0	skaɪəmɔɹf	skiəmɔf	0.2222222222222222	0.14285714285714285
skimelton	skɪməltən	skɪmɛltən	skaɪmltən	skɪmɛltən	compound	skim|elton	0.1111111111111111	0.2222222222222222	0.1111111111111111	skɪmɪltən	skɪməltən	0.1111111111111111	0.0
skyclad	skaɪklæd	skaɪklæd	skaɪklad	skɪkləd	compound	sky|clad	0.0	0.125	0.2857142857142857	skaɪklæd	skaɪklæd	0.0	0.0
slabstone	slæbstəʊn	slæbztəʊn	slabstəʊn	slæbstəʊn	compound	slabs|tone	0.1111111111111111	0.1111111111111111	0.0	slæbstəʊn	slæbstəʊn	0.0	0.0
slatko	slætkəʊ	slætkəʊ	slatkəʊ	slætkəʊ	compound	slat|ko	0.0	0.14285714285714285	0.0	slɑtkəʊ	slætkəʊ	0.14285714285714285	0.0
slood	sluːd	slud	slud	slud	compound	sloo|d	0.0	0.0	0.0	slʌd	slʌd	0.25	0.25
slushee	slʌʃi	slʌʃi	slʌʃi	slʌʃi	compound	slush|ee	0.0	0.0	0.0	slʌʃi	slʌʃi	0.0	0.0
slushpile	slʌʃpaɪl	slʌʃpaɪl	slʌʃpaɪl	slʌʃpaɪl	compound	slush|pile	0.0	0.0	0.0	slʌʃpaɪl	slʌʃpaɪl	0.0	0.0
smaragd	smæɹæɡd	smɑɹæɡd	smaɹaɡd	smɑɹɑɡd	compound	sma|rag|d	0.14285714285714285	0.2857142857142857	0.2857142857142857	smɛɹəgd	smæɹæɡd	0.42857142857142855	0.0
smellfungus	smɛlfʌŋɡəs	smɛlfʌŋɡəs	smɛlfʌŋɡəs	smɛlfʌŋɡəs	compound	smell|fungus	0.0	0.0	0.0	smɛlfʌŋgəs	smɛlfʌŋɡəs	0.1	0.0
smellily	smɛlɪli	smɛlɪlj	smɛlili	smɛləli	compound	smell|il|y	0.14285714285714285	0.14285714285714285	0.14285714285714285	smɛləli	smɛlɪli	0.14285714285714285	0.0
smoothskin	smuːðskɪn	smuðskɪn	smuðskɪn	smuθskɪn	compound	smooths|kin	0.0	0.0	0.125	smuðskɪn	smuθskɪn	0.0	0.125
snaccident	snæksɪdənt	znæksɪdənt	snaksɪdənt	snæksɪdənt	compound	s|n|accident	0.1	0.1	0.0	snæksɪdənt	snæksɪdənt	0.0	0.0
snapin	snæpɪn	snæpɪn	snapɪn	snæpɪn	compound	snap|in	0.0	0.16666666666666666	0.0	snæpɪn	snæpɪn	0.0	0.0
snarktastic	snɑːktæstɪk	snɑɹktæstɪk	snɑkteɪstɪk	snɑɹktæstɪk	compound	snark|tastic	0.09090909090909091	0.18181818181818182	0.09090909090909091	snɑɹktæstɪk	snɑktæstɪk	0.09090909090909091	0.0
sneep	sniːp	snip	snip	snip	compound	snee|p	0.0	0.0	0.0	snip	snip	0.0	0.0
sochineniya	sətʃɪnɛnɪjə	səʊtʃinɛnijə	sɒtʃaɪnnɪjə	sɑkɪnnijə	compound	sochi|neni|ya	0.25	0.2727272727272727	0.5555555555555556	səʊtʃɪnəniə	sɒkɪninɪə	0.36363636363636365	0.5555555555555556
socioling	soʊʃioʊlɪŋ	səʊsiəʊlɪŋ	səʊsɪəʊlɪŋ	səʊʃəlɪŋ	compound	socio|ling	0.1	0.2	0.25	səʊʃəlɪŋ	səʊʃɪəʊlɪŋ	0.25	0.1
solah	səʊlə	səʊləh	sɒlə	səʊlə	compound	sola|h	0.16666666666666666	0.5	0.0	səʊlə	səʊlə	0.0	0.0
solecistical	sɒlɪsɪstɪkəl	sɒlɪsɪstɪkæl	səʊlsɪstɪkəl	səʊlsɪstɪkəl	compound	solecistic|al	0.08333333333333333	0.25	0.25	səlɛsɪktəkəl	sɒlɪsɪstɪkəl	0.3333333333333333	0.0
solicitate	səlɪsɪtət	səlɪsɪteɪt	səlɪsɪteɪt	sɑlɪsɪteɪt	compound	solicit|ate	0.2	0.2	0.3	səlɪsəteɪt	səlɪsɪteɪt	0.3	0.2
somatist	səʊmætɪst	səʊmətɪzt	sɒmətɪst	səmətɪst	compound	soma|tis|t	0.2222222222222222	0.375	0.25	səʊmətɪst	sɒmətɪst	0.1111111111111111	0.375
somatotonic	səʊmətətɒnɪk	səʊmətəʊtəʊnɪk	sɒmətətɒnɪk	səmətəʊtənɪk	compound	soma|toto|nic	0.21428571428571427	0.18181818181818182	0.25	səʊmətɑɾɪk	sɒmətətɒnɪk	0.4	0.18181818181818182
somewhile	sʌmwaɪl	sʌmwaɪl	sʌmwaɪl	səʊmwaɪl	compound	some|while	0.0	0.0	0.25	sʌmwaɪl	sʌmwaɪl	0.0	0.0
somewhy	sʌmwai	sʌmwaɪ	sʌmwi	səʊmwi	compound	some|why	0.16666666666666666	0.2	0.5	sʌmwaɪ	sʌmwi	0.16666666666666666	0.2
songbun	sɒŋbuːn	sɒŋbʌn	sɒŋbʌn	sɔŋbən	compound	song|bun	0.16666666666666666	0.16666666666666666	0.3333333333333333	sɔŋbən	sɒŋbʌn	0.3333333333333333	0.16666666666666666
songket	sɒŋkɛt	sɒŋkɛt	sɒŋkɪt	sɔŋkɪt	compound	song|ket	0.0	0.16666666666666666	0.3333333333333333	sɔŋkɪt	sɒŋkɪt	0.3333333333333333	0.16666666666666666
soondae	suːndeɪ	sundeɪ	sundi	sundeɪ	compound	soon|dae	0.0	0.4	0.0	sundeɪ	sundi	0.0	0.4
soopolallie	suːpəlæli	supɔlæli	supəlali	supələli	compound	soo|pol|allie	0.125	0.125	0.125	supəlɔli	supələli	0.125	0.125
sophoi	sofɔɪ	sɑfɔɪ	sɒfɔɪ	səfɔɪ	compound	soph|oi	0.2	0.2	0.2	sɑfɔɪ	sɒfɔɪ	0.2	0.2
sophrosyne	səfɹɒzɪniː	sɑfɹəʊzini	sɒfɹəsaɪn	səfɹəsaɪn	compound	soph|rosy|ne	0.4	0.5555555555555556	0.4444444444444444	sɑfɹəsaɪn	sɒfɹəsaɪn	0.5555555555555556	0.5555555555555556
sopite	səpaɪt	sɒpaɪt	sɒpaɪt	sɑpaɪt	compound	sop|ite	0.16666666666666666	0.16666666666666666	0.16666666666666666	səʊpaɪt	sɒpaɪt	0.14285714285714285	0.16666666666666666
soramimi	sɔːɹəmiːmi	sɔɹəmimi	sɔɹəmɪmi	sɔɹəmɪmi	compound	sora|mimi	0.0	0.125	0.125	sɔɹɑmimi	sɔɹəmimi	0.125	0.0
sord	sɔːɹd	sɔɹd	sɔd	sɔɹd	compound	sor|d	0.0	0.3333333333333333	0.0	sɔɹd	sɔd	0.0	0.3333333333333333
sorites	səɹaɪtiːz	səʊɹaɪts	sɔɹaɪts	sɔɹaɪts	compound	so|rites	0.375	0.42857142857142855	0.42857142857142855	sɔɹaɪts	səɹaɪts	0.42857142857142855	0.2857142857142857
sororate	səɹɔːɹət	sɔɹɔɹeɪt	sɔɹəɹeɪt	sɚɚeɪt	compound	sor|orate	0.375	0.5	0.8333333333333334	sɔɹəɹeɪt	sɒɹəɹeɪt	0.5	0.5
souq	suːk	sukw	sək	sək	compound	sou|q	0.25	0.3333333333333333	0.3333333333333333	suk	suk	0.0	0.0
spacelike	speɪslaɪk	speɪslaɪk	speɪslaɪk	speɪsɛlaɪk	compound	space|like	0.0	0.0	0.1	speɪslaɪk	speɪslaɪk	0.0	0.0
spald	spɔːld	spɑld	spald	spæld	compound	spa|l|d	0.2	0.2	0.2	spɔld	spɔld	0.0	0.0
spalt	spɔːlt	spɑlt	spɒlt	spælt	compound	spa|l|t	0.2	0.2	0.2	spɔlt	spɒlt	0.0	0.2
spankee	spæŋkiː	spæŋki	spaŋki	spæŋki	compound	spank|ee	0.0	0.16666666666666666	0.0	spæŋki	spæŋki	0.0	0.0
spanktastic	spæŋktæstɪk	spæŋktæstɪk	spaŋkteɪstɪk	spæŋktæstɪk	compound	spank|tastic	0.0	0.25	0.0	spæŋktæstɪk	spæŋktæstɪk	0.0	0.0
sparktastic	spɑɹktæstɪk	spɑktæstɪk	spɑkteɪstɪk	spɑɹktæstɪk	compound	spark|tastic	0.1	0.2727272727272727	0.0	spɑɹktæstɪk	spɑktæstɪk	0.0	0.1
speedruns	spiːdɹʌnz	spidɹʌnz	spidɹʌnz	spidɹʌnz	compound	speedrun|s	0.0	0.0	0.0	spidɹʌnz	spidɹʌnz	0.0	0.0
sperate	spɪəɹət	spɛɹəti	spɛɹeɪt	spɚeɪt	compound	spera|te	0.42857142857142855	0.5714285714285714	0.6666666666666666	spɛɹeɪt	spɛɹət	0.5714285714285714	0.3333333333333333
spermatogonial	spɜːɹmətəɡəʊniəl	spɜɹmæɾəgəʊniəl	spɜmətəɡəʊnɪəl	spɚmətəɡəʊniəl	compound	spermatogonia|l	0.2	0.14285714285714285	0.14285714285714285	spɜɹməɾəgəʊniəl	spɜmətəɡəʊnɪəl	0.13333333333333333	0.14285714285714285
spetchel	spetʃl	spɛtʃɛl	spɛtʃəl	spɛtʃəl	compound	spetch|el	0.2857142857142857	0.2857142857142857	0.2857142857142857	spɛtʃəl	spɛtʃəl	0.2857142857142857	0.2857142857142857
spicish	spɪkɪʃ	spɪkɪʃ	spɪkɪʃ	spɪsɪʃ	compound	spic|ish	0.0	0.0	0.16666666666666666	spaɪʃɪʃ	spɪsɪʃ	0.2857142857142857	0.16666666666666666
spintrian	spɪntɹɪən	spɪntɹaɪən	spɪntɹiən	spɪntɹiən	compound	spin|tri|an	0.1	0.1111111111111111	0.1111111111111111	spɪntɹiən	spɪntɹiən	0.1111111111111111	0.1111111111111111
spinward	spɪnwɜɹd	spɪnwɔd	spɪnwəd	spɪnwɚd	compound	spin|ward	0.2857142857142857	0.2857142857142857	0.2857142857142857	spɪnwəɹd	spɪnwəd	0.125	0.2857142857142857
spirochetostatic	spaɪɹoʊkitəstætɪk	spɪɹəʊtʃɛtəʊstætɪk	spɪɹətʃɛtəstatɪk	spɪɹəkɪtəʊstætɪk	compound	spiro|chet|o|static	0.2777777777777778	0.3125	0.25	spaɪɹəʊkɛɾəstæɾɪk	spɪɹəʊkɛtəʊstætɪk	0.17647058823529413	0.17647058823529413
spouge	spuːdʒ	zpudʒ	spədʒ	spədʒ	compound	s|pou|ge	0.2	0.2	0.2	spədʒ	spədʒ	0.2	0.2
spront	spɹɑnt	zpɹɑnt	spɹɒnt	spɹənt	compound	s|pron|t	0.16666666666666666	0.16666666666666666	0.16666666666666666	spɹɑnt	spɹʌnt	0.0	0.16666666666666666
spunion	spʌnjən	spʌnən	spjuniən	spjunjən	compound	spun|ion	0.16666666666666666	0.375	0.25	spʌnjən	spjuniən	0.0	0.375
squadrista	skwɒdɹɪstə	skwɒdɹɪstə	skwɒdɹɪstə	skwɑdɹɪstə	compound	squad|rist|a	0.0	0.0	0.1	skwɑdɹəstə	skwɒdɹɪstə	0.2	0.0
squalane	skwɑːleɪn	zkwɑleɪn	skwɒleɪn	skwələn	compound	s|qual|ane	0.125	0.125	0.42857142857142855	skweɪleɪn	skwɒleɪn	0.2222222222222222	0.125
squillitic	skwɪlɪtɪk	skwɪlɪtɪk	skwɪlɪtɪk	skwɪlɪtɪk	compound	squill|itic	0.0	0.0	0.0	skwɪlɪtɪk	skwɪlɪtɪk	0.0	0.0
statefunction	steɪtfʌŋkʃən	steɪtfʌŋkʃən	steɪtfʌŋkʃən	stætfʌŋkʃən	compound	state|function	0.0	0.0	0.18181818181818182	steɪtfʌŋkʃən	steɪtfʌŋkʃən	0.0	0.0
stealthie	stɛlθi	stɛlθi	stɛlθi	stilθi	compound	stealth|ie	0.0	0.0	0.16666666666666666	stɛlθi	stɛlθi	0.0	0.0
steprelative	stɛpɹɛlətɪv	stɛpɹɛlətɪv	stɛpɹɪlətɪv	stɛpɹələtɪv	compound	step|relative	0.0	0.09090909090909091	0.09090909090909091	stɪpɹɪlɪtɪv	stɛpɹɪlətɪv	0.2727272727272727	0.09090909090909091
stereoisomerism	stɛɹɪəʊaɪsɒməɹɪzəm	stɛɹiəʊaɪsəməɹɪzəm	stɛɹɪəʊɪsəməɹɪzəm	stɛɹiəʊsəmɚɪzəm	compound	stereoisomer|ism	0.1111111111111111	0.11764705882352941	0.4	stɛɹiəʊaɪsəmɛɹɪzəm	stɛɹɪəʊɪsəməɹɪzəm	0.16666666666666666	0.11764705882352941
sticktoitive	stɪktuːɪtɪv	stɪktuitɪv	stɪktɔɪtɪv	stɪktəʊɪtɪv	compound	stick|to|itive	0.1	0.1	0.18181818181818182	stɪktɔɪtɪv	stɪktɔɪtɪv	0.1	0.1
stoln	stoʊln	stəʊln	stɒln	stɑln	compound	stol|n	0.0	0.4	0.4	stəʊln	stəʊln	0.0	0.0
stormtrooper	stɔːmtɹuːpə	stɔmtɹupə	stɔmtɹupə	stɔɹmtɹupɚ	compound	storm|trooper	0.0	0.0	0.2	stɔɹmtɹupəɹ	stɔmtɹupə	0.18181818181818182	0.0
straightface	stɹeɪtfeɪs	stɹeɪtfeɪs	stɹeɪtfeɪs	stɹeɪtfeɪs	compound	straight|face	0.0	0.0	0.0	stɹeɪtfeɪs	stɹeɪtfeɪs	0.0	0.0
straightfag	stɹeɪtfæɡ	stɹeɪtfæɡ	stɹeɪtfaɡ	stɹeɪtfəɡ	compound	straight|fag	0.0	0.1111111111111111	0.1111111111111111	stɹeɪtfæg	stɹeɪtfæɡ	0.1111111111111111	0.0
straitjacketing	stɹeɪtdʒækɪtɪŋ	stɹeɪtdʒækɪtɪŋ	stɹeɪtdʒəkɪtɪŋ	stɹeɪtjækɪtɪŋ	compound	straitjacket|ing	0.0	0.07142857142857142	0.15384615384615385	stɹeɪtdʒækɪɾɪŋ	stɹeɪtdʒækɪtɪŋ	0.07142857142857142	0.0
strandflat	stɹændflæt	stɹændflæt	stɹandflat	stɹændflət	compound	strand|flat	0.0	0.2	0.1	stɹændflæt	stɹændflæt	0.0	0.0
strikesthrough	stɹæɪksθɹu	stɹaɪksθɹu	stɹaɪksθɹu	stɹaɪkɛsθɹɔ	compound	strikes|through	0.1	0.1	0.2727272727272727	stɹaɪksθɹu	stɹaɪkɪsθɹə	0.1	0.2727272727272727
strikethrough	stɹaɪkθɹu	stɹaɪkθɹu	stɹaɪkθɹu	stɹaɪkθɹɔ	compound	strike|through	0.0	0.0	0.1111111111111111	stɹaɪkθɹu	stɹaɪkθɹə	0.0	0.1111111111111111
strikethroughs	stɹæɪkθɹuz	stɹaɪkθɹuz	stɹaɪkθɹuz	stɹaɪkθɹɔs	compound	strike|throughs	0.1	0.1	0.3	stɹaɪkθɹuz	stɹaɪkθɹəfz	0.1	0.2727272727272727
stringbeany	stɹɪŋbiːni	stɹɪŋbini	stɹɪŋbini	stɹɪŋbəni	compound	string|beany	0.0	0.0	0.1111111111111111	stɹɪŋbini	stɹɪŋbini	0.0	0.0
struckthrough	stɹʌkθɹu	stɹʌkθɹu	stɹʌkθɹu	stɹʌkθɹɔ	compound	struck|through	0.0	0.0	0.125	stɹʌkθɹu	stɹʌkθɹə	0.0	0.125
struthonian	stɹuːθəʊnɪən	stɹuθəʊniən	stɹuθəʊniən	stɹuθəniən	compound	struth|oni|an	0.09090909090909091	0.09090909090909091	0.2	stɹutəʊ.ni.ən	stɹuθəʊniən	0.3076923076923077	0.09090909090909091
studentish	stjuːdntɪʃ	stjudəntɪʃ	stjudɛntɪʃ	studəntɪʃ	compound	student|ish	0.1	0.1	0.2222222222222222	studəntɪʃ	stjudəntɪʃ	0.2222222222222222	0.1
sturt	stɜːɹt	stuɹt	stɜt	stɚt	compound	stu|r|t	0.2	0.25	0.5	stɚt	stɜt	0.5	0.25
stylesheet	staɪlʃiːt	staɪlʃit	staɪlɪʃit	staɪlʃit	compound	style|sheet	0.0	0.1111111111111111	0.0	staɪlʃit	staɪlʃit	0.0	0.0
subalternate	səbɔːltəɹnət	sʌbɒltəneɪt	sʌbɒltəneɪt	subəltɚneɪt	compound	subaltern|ate	0.45454545454545453	0.45454545454545453	0.5454545454545454	sʌbɔltəɹneɪt	sʌbəltəneɪt	0.25	0.45454545454545453
subclavius	səbkleɪviəs	sʌbsleɪviʌs	sʌbklavɪəs	sʌbkləviəs	compound	sub|c|lavi|us	0.2727272727272727	0.4	0.3	sʌbkleɪ.vi.əs	sʌbkleɪvɪəs	0.23076923076923078	0.18181818181818182
subconjunctival	sʌbkɒndʒʌŋktaɪvəl	sʌbkɑndʒəŋktaɪvəl	sʌbkəndʒəŋktaɪvəl	sʌbkəndʒʌŋktɪvəl	compound	sub|conjunctival	0.11764705882352941	0.11764705882352941	0.125	sʌbkəndʒʌŋktəvəl	sʌbkəndʒʌŋktɪvəl	0.1875	0.125
subduce	səbdjuːs	sʌbdjus	sʌbdjus	sʌbdus	compound	sub|duce	0.14285714285714285	0.14285714285714285	0.3333333333333333	sʌbdus	səbdjus	0.3333333333333333	0.0
subglenoid	səbɡlinɔɪd	sʌbglɛnɔɪd	sʌbɡəlnɔɪd	sʌbɡəlnɔɪd	compound	sub|glenoid	0.3	0.3	0.3	sʌbglənɔɪd	sʌbɡəlnɔɪd	0.3	0.3
subheaded	sʌbhɛdɪd	sʌbhɛdɪd	sʌbhɛdɪd	sʌbhaɪdɪd	compound	sub|headed	0.0	0.0	0.2222222222222222	sʌbhɛdᵻd	səbhɛdɪd	0.125	0.125
subindication	sʌbɪndɪkeɪʃən	sʌbɪndɪkeɪʃən	sʌbaɪndɪkeɪʃən	subɪndɪkeɪʃən	compound	sub|indication	0.0	0.07142857142857142	0.07692307692307693	sʌbəndᵻkeɪʃən	sʌbɪndɪkeɪʃən	0.15384615384615385	0.0
subitize	sʌbɪtaɪz	sʌbɪtaɪz	sʌbɪtaɪz	subɪtaɪz	compound	sub|it|ize	0.0	0.0	0.125	sʌbətaɪz	subɪtaɪz	0.125	0.125
subjicible	sʌbdʒɪsɪbəl	sʌbdʒɪsɪbəl	sʌbdʒɪsɪbəl	sʌbdʒɪsɪbəl	compound	subj|ici|ble	0.0	0.0	0.0	sʌbd͡ʒɪsɪbəl	sʌbdʒɪsəbəl	0.08333333333333333	0.09090909090909091
subliterate	sʌblɪtəɹət	sʌblɪtəɹət	sʌblɪtəɹeɪt	sʌblɪtɚeɪt	compound	sub|literate	0.0	0.18181818181818182	0.3	sʌblɪɾəɹət	səblɪtəɹeɪt	0.1	0.2727272727272727
subnect	sʌbnɛkt	sʌbnɛkt	sʌbnɛkt	sʌbnɪkt	compound	sub|nec|t	0.0	0.0	0.14285714285714285	sʌbnɛkt	səbnɛkt	0.0	0.14285714285714285
subperiosteal	sʌbpɛɹiɒstɪəl	sʌbpɛɹiɑstiəl	sʌbpiəɹiɒstiəl	sʌbpɚiəstəl	compound	sub|periosteal	0.15384615384615385	0.21428571428571427	0.36363636363636365	sʌbpɛɹiɑstiəl	sʌbpiəɹɪɒstiəl	0.15384615384615385	0.2857142857142857
subpoenable	səpinəbəl	supinəbəl	sʌbpəʊnəbəl	sʌbpəʊnəbəl	compound	subpoena|ble	0.1111111111111111	0.36363636363636365	0.36363636363636365	səbpəʊ.ən.ə.bəl	səbpinəbəl	0.4666666666666667	0.1
subq	sʌbkjuː	sʌbkw	sʌbk	sʌbk	compound	sub|q	0.4	0.5	0.5	sʌbkw	sʌbk	0.4	0.5
subsampled	sʌbsæmpəld	sʌbsæmpəld	sʌbsampəld	sʌbsæmpəld	compound	subsample|d	0.0	0.1	0.0	sʌbsæmpəld	sʌbsæmpəld	0.0	0.0
subtile	sʌbtɪl	sʌbtaɪl	sʌbtaɪl	sʌbɪl	compound	sub|tile	0.14285714285714285	0.14285714285714285	0.2	sʌbtaɪl	sʌbtaɪl	0.14285714285714285	0.14285714285714285
subtilism	sʌbtɪlɪzəm	sʌbtɪlɪzəm	sʌbtɪlɪzəm	sʌbtɪlɪzəm	compound	sub|til|ism	0.0	0.0	0.0	sʌbtɪlɪzəm	sʌbtɪlɪzəm	0.0	0.0
subtrihedral	sʌbtɹaɪhiːdɹəl	sʌbtɹaɪhidɹəl	sʌbtɹɪhidɹəl	sʌbɹaɪhɛdɹəl	compound	sub|trihedral	0.0	0.08333333333333333	0.16666666666666666	sʌbtɹəhidɹəl	sʌbtɹaɪhidɹəl	0.16666666666666666	0.0
suburbian	səbɜːɹbiən	sʌbɜbiən	sʌbɜbiən	subɚbiən	compound	suburbia|n	0.25	0.25	0.375	səbɜɹbiən	səbɜbiən	0.0	0.125
succade	səkeɪd	səkeɪd	sʌkeɪd	sutʃeɪd	compound	suc|cade	0.0	0.16666666666666666	0.42857142857142855	sʌkeɪd	səkeɪd	0.16666666666666666	0.0
succame	səkeɪm	səkeɪm	sʌkeɪm	sʌkəm	compound	suc|came	0.0	0.16666666666666666	0.6	sʌkəmi	səkeɪm	0.6666666666666666	0.0
sucktastic	sʌktæstɪk	sʌktæstɪk	sʌkteɪstɪk	sʌktæstɪk	compound	suck|tastic	0.0	0.2	0.0	sʌktæstɪk	səktæstɪk	0.0	0.1111111111111111
sulliage	sʌliədʒ	sʌliədʒ	sʌlɪɪdʒ	sʌliədʒ	compound	sull|ia|ge	0.0	0.2857142857142857	0.0	sʌliɪdʒ	sʌlɪdʒ	0.14285714285714285	0.3333333333333333
sulphureity	sʌlfəɹiːɪti	sʌlfəiɪti	sʌlfjʊəɹeɪti	sʌlfʊɹiti	compound	sulphur|e|ity	0.1111111111111111	0.25	0.2222222222222222	sʌlfjʊəɹiɪti	sʌlfjʊɹeɪɪti	0.16666666666666666	0.3333333333333333
sunami	suːnɑːmi	sʌnɑmi	sʌnɑmi	sunəmi	compound	sun|ami	0.16666666666666666	0.16666666666666666	0.16666666666666666	sunɑmi	sʌnɑmi	0.0	0.16666666666666666
superalmighty	suːpəɹɔːlmaɪti	supəɹɒlmaɪti	supəɹɒlmaɪti	supɚəlmaɪti	compound	super|almighty	0.08333333333333333	0.08333333333333333	0.2727272727272727	supəɹəlmaɪɾi	supəɹælmaɪti	0.16666666666666666	0.08333333333333333
superassassin	suːpəɹəsæsɪn	supəɹəsæsɪn	supəɹəsasɪn	supɚəsəsɪn	compound	super|assassin	0.0	0.09090909090909091	0.3	supəɹəsæsən	supəɹəsæsɪn	0.09090909090909091	0.0
superblizzard	suːpəɹblɪzəd	supəɹblɪzəd	supəblɪzəd	supɚblɪzɚd	compound	super|blizzard	0.0	0.1	0.3	supəɹblɪzəɹd	supəblɪzəd	0.08333333333333333	0.1
superbolide	suːpəɹboʊlaɪd	supəɹbəʊlaɪd	supəbɒlaɪd	supɚbəʊlaɪd	compound	super|bolide	0.0	0.3	0.18181818181818182	supəɹbəʊlaɪd	supəbɒlaɪd	0.0	0.3
superbombardment	suːpəɹbɒmbɑːdmənt	supəɹbəmbɑdmənt	supəbəmbɑdmənt	supɚbɑmbɚdmənt	compound	super|bombardment	0.06666666666666667	0.14285714285714285	0.2857142857142857	supəɹbəmbɑɹdmənt	supəbəmbɑdmənt	0.125	0.14285714285714285
supercannon	suːpəɹkænən	supəɹkænən	supəkanən	supɚkənən	compound	super|cannon	0.0	0.2222222222222222	0.3333333333333333	supəɹkænən	supəkænən	0.0	0.1111111111111111
supercelestial	supəɹsəlɛstiəl	supəɹsəlɛstjəl	supəsəlɛstjəl	supɚsəlɛstiəl	compound	super|celestial	0.07142857142857142	0.15384615384615385	0.15384615384615385	supəɹsəlɛstjəl	supəsɪlɛstʃəl	0.07142857142857142	0.23076923076923078
superchron	suːpəɹkɹɒn	supəɹkɹɑn	supəkɹɒn	supɚkɹən	compound	super|chron	0.1111111111111111	0.125	0.375	supəɹkɹɑn	supəkɹɒn	0.1111111111111111	0.125
superconflagration	suːpəɹkɒnfləɡɹeɪʃən	supəɹkɒnfləɡɹeɪʃən	supəkɒnfləɡɹeɪʃən	supɚkənfləɡɹeɪʃən	compound	super|conflagration	0.0	0.058823529411764705	0.17647058823529413	supəɹkɑnfləgɹeɪʃən	supəkɒnfləɡɹeɪʃən	0.1111111111111111	0.058823529411764705
superconsequence	suːpəɹkɒnsɪkwəns	supəɹkɒnsɪkwəns	supəkɒnsɪkwəns	supɚkənsəkwəns	compound	super|consequence	0.0	0.07142857142857142	0.2857142857142857	supəɹkɑnsəkwəns	supəkənsɛkwəns	0.13333333333333333	0.21428571428571427
superelite	suːpəɹɪliːt	supəɹɪlit	supəɹɪlit	supɚɛlaɪt	compound	super|elite	0.0	0.0	0.5555555555555556	supəɹɛlɪt	supəɹɪlaɪt	0.2222222222222222	0.2
supereternally	suːpəɹɪtɜːɹnəli	supəɹɪtɜnəli	supəɹɪtɜnəli	supɚɪtɚnəli	compound	super|eternally	0.08333333333333333	0.08333333333333333	0.36363636363636365	supəɹɪtɜɹnəli	supəɹɪtɜnəli	0.0	0.08333333333333333
superexalted	suːpəɹɪɡzɔːltɪd	supəɹɛɡzɒltɪd	supəɹɛɡzɒltɪd	supɚɪɡzæltɪd	compound	super|exalted	0.15384615384615385	0.15384615384615385	0.25	supəɹɛgzɔltᵻd	supəɹɪɡzɒltɪd	0.23076923076923078	0.07692307692307693
supergrand	suːpəɹɡɹænd	supəɹɡɹænd	supəɡɹand	supɚɡɹænd	compound	super|grand	0.0	0.2222222222222222	0.2222222222222222	supəɹgɹænd	supəɡɹænd	0.1	0.1111111111111111
supergrandmaster	suːpəɹɡɹændmɑːstə	supəɹɡɹændmɑstə	supəɡɹandmastə	supɚɡɹændməstɚ	compound	super|grandmaster	0.0	0.21428571428571427	0.2857142857142857	supəɹgɹændmæstɚ	supəɡɹændmɑstə	0.2	0.07142857142857142
supergrowth	suːpəɹɡɹəʊθ	supəɹɡɹəʊθ	supəɡɹəʊθ	supɚɡɹəθ	compound	super|growth	0.0	0.1111111111111111	0.375	supəɹgɹəʊθ	supəɡɹəʊθ	0.1	0.1111111111111111
supermagnificent	suːpəɹmæɡnɪfəsənt	supəɹmæɡnɪfɪsənt	supəmaɡnɪfɪsənt	supɚmæɡnɪfɪsənt	compound	super|magnificent	0.0625	0.2	0.2	supəɹmægnɪfəsənt	supəməɡnɪfɪsənt	0.0625	0.2
superomnipotence	suːpəɹɒmnɪpətəns	supəɹɒmnɪpəʊtəns	supəɹɒmnɪpətəns	supɚɑmɪpəʊtəns	compound	super|omnipotence	0.0625	0.0	0.35714285714285715	supəɹɑmnəpəʊtəns	supəɹəmnɪpətəns	0.1875	0.06666666666666667
superomnipotent	suːpəɹɒmnɪpətənt	supəɹɒmnɪpəʊtənt	supəɹɒmnɪpətənt	supɚɑmɪpəʊtənt	compound	super|omnipotent	0.0625	0.0	0.35714285714285715	supəɹɑmnɪpəwənt	supəɹəmnɪpətənt	0.13333333333333333	0.06666666666666667
superoverlord	suːpəɹəʊvəɹlɔːɹd	supəɹəʊvəlɔd	supəɹəʊvəlɔd	supɚəʊvɚlɚd	compound	super|overlord	0.16666666666666666	0.16666666666666666	0.5454545454545454	supəɹəʊvəɹlɔɹd	supəɹəʊvəlɔd	0.0	0.16666666666666666
superoverwhelming	suːpəɹoʊvɚhwɛlmɪŋ	supəɹəʊvəwɛlmɪŋ	supəɹəʊvəwɛlmɪŋ	supɚəʊvɚwɛlmɪŋ	compound	super|overwhelming	0.13333333333333333	0.13333333333333333	0.21428571428571427	supəɹəʊvəɹwɛlmɪŋ	supəɹəʊvəwɛlmɪŋ	0.125	0.13333333333333333
superquintessence	suːpəɹkwɪntɛsəns	supəɹkwɪntɛsəns	supəkwɪntɛsəns	supɚkwɪntɛsəns	compound	super|quintessence	0.0	0.07142857142857142	0.14285714285714285	supəɹkwɪntəsɛsən	supəkwɪntɛsəns	0.1875	0.07142857142857142
supersessionist	suːpəɹsɛʃənɪst	supəɹsɛʃənɪst	supəsɛʃənɪst	supɚsɛʃənɪst	compound	supersession|ist	0.0	0.08333333333333333	0.16666666666666666	supəɹsɛʃənɪst	supəsɛʃənɪst	0.0	0.08333333333333333
supersymmetric	suːpəsɪmɛtɹɪk	supəɹsɪmɛtɹɪk	supəsɪmɛtɹɪk	supɚzɪmɛtɹɪk	compound	super|symmetric	0.07692307692307693	0.0	0.16666666666666666	supəɹsɪmɛtɹɪk	supəsɪmɛtɹɪk	0.07692307692307693	0.0
supertiny	suːpəɹtaɪni	supəɹtaɪni	supətaɪni	supɚtɪni	compound	super|tiny	0.0	0.1111111111111111	0.375	supəɹtaɪni	supətɪni	0.0	0.25
supertranscendence	sjuːpəɹtɹæntsɛndəns	supəɹtɹænsɛndəns	supətɹansɛndəns	supɚtɹænsɛndəns	compound	super|transcendence	0.125	0.26666666666666666	0.26666666666666666	supəɹtɹænsɛndəns	supətɹænsɛndəns	0.125	0.2
superunbelievable	suːpəɹʌnbəliːvəbl	supəɹʌnbɪlivəbəl	supəɹʌnbɪlivəbəl	supɚʌnbɛlivəbəl	compound	super|unbelievable	0.125	0.125	0.26666666666666666	supəɹʌnbəlivəbəl	supəɹʌnbɪlivəbəl	0.0625	0.125
superwave	suːpəɹweɪv	supəɹweɪv	supəweɪv	supɚweɪv	compound	super|wave	0.0	0.125	0.25	supəɹweɪv	supəweɪv	0.0	0.125
suppedaneum	sʌpɪdeɪnɪəm	sʌpteɪnʌm	səpɛdəniəm	sʌpdənum	compound	supped|ane|um	0.4444444444444444	0.5	0.625	sʌpədeɪniəm	sʌpɪdeɪniəm	0.18181818181818182	0.09090909090909091
surfari	sɜːɹfɑːɹi	sɜfɑɹi	sɜfɑɹi	sɚfɑɹi	compound	surf|ari	0.16666666666666666	0.16666666666666666	0.3333333333333333	sɜɹfəɹi	səfɑɹi	0.14285714285714285	0.3333333333333333
sursolid	sɜːɹsɒlɪd	sɝsɒlɪd	sɜsəlɪd	sɚsəlɪd	compound	sur|solid	0.2857142857142857	0.2857142857142857	0.42857142857142855	sɜɹsəlɪd	sɜsəlɪd	0.125	0.2857142857142857
surveyee	sɜːɹveɪiː	sɝveɪi	səveɪ	sɚvi	compound	survey|ee	0.3333333333333333	0.6	1.0	sɚveɪi	səveɪi	0.3333333333333333	0.3333333333333333
suspicable	səspɪkəbəl	səspikəbəl	səspɪkəbəl	sʌspɪkəbəl	compound	sus|pica|ble	0.1	0.0	0.1	səspɪkəbəl	sʌspɪkəbəl	0.0	0.1
sustainwash	səsteɪnwɒʃ	səsteɪnwɒʃ	səsteɪnwɒʃ	sʌsteɪnwɑʃ	compound	sustain|wash	0.0	0.0	0.2	səsteɪnwɑʃ	səsteɪnwɒʃ	0.1	0.0
svengalis	svɛnɡɑːliz	svɛngɑliz	svɛŋɡɑliz	svɛŋɡəlɪs	compound	svengali|s	0.1111111111111111	0.1111111111111111	0.4444444444444444	svɛnɡɑliz	svɛŋɡəliz	0.0	0.2222222222222222
swimrun	swɪmɹʌn	swɪmɹʌn	swɪmɹʌn	swɪmɹən	compound	swim|run	0.0	0.0	0.14285714285714285	swɪmɹʌn	swɪmɹʌn	0.0	0.0
swordsmith	sɔːɹdsmɪθ	sɔdsmɪθ	sɔdsmɪθ	swɔɹdzmɪθ	compound	sword|smith	0.14285714285714285	0.14285714285714285	0.2222222222222222	sɔɹdsmɪθ	sɔdsmɪθ	0.0	0.14285714285714285
sylvanshine	sɪlvənʃeɪn	sɪlvənʃaɪn	sɪlvənʃaɪn	sɪlvænʃɪn	compound	sylvan|shine	0.1	0.1	0.2222222222222222	sɪlvənʃaɪn	sɪlvənʃaɪn	0.1	0.1
symbolful	sɪmbəlfʊl	sɪmbəlfʊl	sɪmbəlfəl	sɪmbəlfəl	compound	symbol|ful	0.0	0.1111111111111111	0.1111111111111111	sɪmbəlfəl	sɪmbəlfəl	0.1111111111111111	0.1111111111111111
symboloid	sɪmbəlɔɪd	sɪmbəlɔɪd	sɪmbəlɔɪd	sɪmbəʊlɔɪd	compound	symbol|oid	0.0	0.0	0.1	sɪmbəlɔɪd	sɪmbəlɔɪd	0.0	0.0
symposiac	sɪmpəʊziæk	sɪmpəʊziəs	sɪmpəʊsiak	sɪmpəʊsiək	compound	symposia|c	0.2	0.2	0.2	sɪmpəʊziæk	sɪmpəʊzɪæk	0.0	0.1
synaptonemal	sɪnæptəʊniːml	sɪnəptəʊnmæl	sɪnəptəʊnməl	saɪnæptəʊnməl	compound	syna|p|tone|mal	0.25	0.25	0.23076923076923078	sɪnæptənɛməl	sɪnəptəʊnməl	0.25	0.25
synarthrodial	sɪnɑːɹθɹəʊdiəl	saɪnɑɹθɹəʊdiæl	sɪnɑθɹəʊdɪəl	saɪnɚθɹəʊdiəl	compound	synar|th|rodi|al	0.14285714285714285	0.16666666666666666	0.23076923076923078	sənɑɹθɹədaɪəl	sɪnɑθɹəʊdɪəl	0.3076923076923077	0.16666666666666666
synchysis	sɪnkəsɪs	sɪnkwaɪzɪz	sɪŋkəsɪs	sɪntʃaɪzɪz	compound	synch|ys|is	0.5	0.125	0.6	sɪŋkəsɪs	sɪnkɪsɪs	0.125	0.125
synclite	sɪŋklaɪt	sɪŋklaɪt	sɪŋklaɪt	sɪŋklaɪt	compound	sync|lite	0.0	0.0	0.0	sɪŋklaɪt	sɪnklaɪt	0.0	0.125
syndecan	sɪndəkæn	sɪndɛkən	sɪndɛkən	saɪndɪkən	compound	syn|decan	0.25	0.25	0.3333333333333333	sɪndɪkən	sɪndɪkən	0.25	0.25
syndyastic	sɪndaɪæstɪk	sɪndaɪəstɪk	sɪndɪastɪk	sɪndiæstɪk	compound	syn|dyas|tic	0.09090909090909091	0.2	0.2	sɪndɪəstɪk	sɪndɪæstɪk	0.2	0.1
synechism	sɪnəkɪzəm	saɪntʃɪzəm	saɪnɪtʃɪzəm	saɪntʃɪzəm	compound	syne|chism	0.3	0.36363636363636365	0.3	sənɛkɪzəm	sɪnɪkɪzəm	0.2222222222222222	0.1111111111111111
synonymizer	sɪnɒnɪmaɪzɚ	sɪnənɪmaɪzɹ	sɪnənɪmaɪzə	saɪnənimaɪzɚ	compound	synonymize|r	0.18181818181818182	0.18181818181818182	0.25	sɪnənɪmaɪzəɹ	sɪnənɪmaɪzə	0.25	0.18181818181818182
syntheton	sɪnθətɒn	sɪnθitən	sɪnθɛtən	sɪnθɪtən	compound	synth|eton	0.25	0.25	0.25	sɪnθətən	sɪnθɪtən	0.125	0.25
syrtis	səɹtəz	səɹtɪz	sɪətiz	sɪɹtɪs	compound	syrt|is	0.16666666666666666	0.5	0.5	sɚtɪs	sɜtɪs	0.8	0.8
systema	sɪsteɪmə	sɪstəmə	sɪstəmə	sɪstɛmə	compound	system|a	0.2857142857142857	0.2857142857142857	0.2857142857142857	sɪstəmə	sɪstimə	0.2857142857142857	0.2857142857142857
t'internet	tɪntənɛt	tɪntənɛt	tiɪntənɪt	tsɪntɚnɪt	compound	tinter|net	0.0	0.2222222222222222	0.3333333333333333	tɪntəɹnɛt	tɪntənɛt	0.1111111111111111	0.0
tabiya	təbiːə	tɑbijə	tabɪjə	teɪbijə	compound	tabi|ya	0.3333333333333333	0.5	0.42857142857142855	təbija	tæbiə	0.3333333333333333	0.2
tablebook	teɪbəlbʊk	teɪbəlbʊk	teɪbəlbʊk	tæbəlbʊk	compound	table|book	0.0	0.0	0.25	teɪbəlbʊk	teɪbəlbʊk	0.0	0.0
tablescape	teɪbəlskeɪp	teɪbəlzkeɪp	teɪbəlskeɪp	tæbəlskeɪp	compound	tables|cape	0.09090909090909091	0.0	0.2	teɪbəlskeɪp	teɪbəlskeɪp	0.0	0.0
tafsir	tɑːfsɪɚ	tɑfsiɹ	tafsiə	tæfsɚ	compound	ta|fsi|r	0.3333333333333333	0.5	0.4	tæfsɪɹ	tæfsɜ	0.3333333333333333	0.6
tailbud	teɪlbʌd	teɪlbʌd	teɪlbʌd	teɪlbəd	compound	tail|bud	0.0	0.0	0.14285714285714285	teɪlbʌd	teɪlbʌd	0.0	0.0
takahē	tɑkəheɪ	tɑkəheɪ	takɑh	teɪkəh	compound	[]	0.0	0.8	0.6666666666666666	tɑkəhe	tækəheɪ	0.16666666666666666	0.14285714285714285
takeback	teɪkbæk	teɪkbæk	teɪkbak	teɪkbæk	compound	take|back	0.0	0.14285714285714285	0.0	teɪkbæk	teɪkbæk	0.0	0.0
talayot	təlɑːjəʊt	tɑləjəʊt	taleɪɒt	təleɪət	compound	tala|yo|t	0.25	0.7142857142857143	0.42857142857142855	tæləjɑt	tæleɪɒt	0.5714285714285714	0.7142857142857143
talliate	tælieɪt	tælieɪt	talɪeɪt	tælieɪt	compound	talli|ate	0.0	0.2857142857142857	0.0	tælɪeɪt	tælɪeɪt	0.14285714285714285	0.14285714285714285
tanghulu	tɑŋhuːluː	tæŋhulu	taŋhulu	tæŋəlu	compound	tang|hulu	0.14285714285714285	0.14285714285714285	0.5	tæŋhulu	tæŋhjʊlu	0.14285714285714285	0.375
tanh	tæntʃ	tænh	tan	tæn	compound	tan|h	0.5	1.0	0.6666666666666666	tæn	tæn	0.6666666666666666	0.6666666666666666
tanru	tænɹuː	tænɹu	tanɹu	tænɹu	compound	tan|ru	0.0	0.2	0.0	tænɹu	tænɹu	0.0	0.0
tappish	tæpɪʃ	tæpɪʃ	tapɪʃ	tæpɪʃ	compound	tapp|ish	0.0	0.2	0.0	tæpɪʃ	tæpɪʃ	0.0	0.0
taqwa	tɑːkwɑː	tɑkwwɑ	takwə	tækwə	compound	ta|q|wa	0.16666666666666666	0.4	0.4	tɑkwə	tækwə	0.2	0.4
taramosalata	tɑɹəməsəlɑːtə	tɑɹəməʊsɑlɑtə	taɹəmɒzəlɑtə	tɑɹəməʊsələtə	compound	tara|mo|salata	0.15384615384615385	0.25	0.15384615384615385	tæɹəməʊsəlɑɾə	tæɹəməʊsəlɑtə	0.23076923076923078	0.15384615384615385
tardlet	tɑːɹdlət	tɑɹdlɛt	tɑdlɪt	tɚdəlt	compound	tard|let	0.14285714285714285	0.3333333333333333	0.6666666666666666	tɑɹdlɪt	tɑdlət	0.14285714285714285	0.16666666666666666
tarotist	tæɹətɪst	tæɹɒtɪst	taɹətɪst	tɑɹəʊtɪst	compound	tarot|ist	0.125	0.125	0.2222222222222222	tæɹətɪst	tæɹətɪst	0.0	0.0
tarre	tɑɹ	tɑɹi	tɑ	tɛɹ	compound	tarr|e	0.25	0.5	0.3333333333333333	tɑɹ	tɑ	0.0	0.5
tasswage	təsweɪdʒ	tæsweɪdʒ	taswɪdʒ	tæsweɪɡ	compound	tass|wage	0.125	0.2857142857142857	0.42857142857142855	tæswɪdʒ	tæswɪdʒ	0.2857142857142857	0.2857142857142857
tavla	teɪvlɑː	tavlæ	tavlə	tævlə	compound	tav|la	0.6	0.6	0.6	tɑvlə	tævlə	0.6	0.6
tazemetostat	tæzɪmɛtəstæt	tæzəmɛtəʊstæt	teɪzmɪtɒstat	teɪzmitəʊstət	compound	taz|em|et|ost|at	0.15384615384615385	0.5	0.46153846153846156	tæzɛmətɑstæt	teɪzmɪtɒstæt	0.25	0.4166666666666667
teaboo	tiːəbuː	tibu	tibu	tibəʊ	compound	tea|boo	0.25	0.25	0.6	tibu	tibu	0.25	0.25
tearsheet	tɛəʃiːt	tɛɹʃit	tiəʃit	tɛɹʃit	compound	tear|sheet	0.16666666666666666	0.16666666666666666	0.16666666666666666	tɪɹʃit	tiəʃit	0.3333333333333333	0.16666666666666666
technopeasant	tɛknəʊpɛzənt	tɛknəʊpɛzənt	tɛknəʊpasənt	tɛknəʊpisənt	compound	techno|peasant	0.0	0.16666666666666666	0.16666666666666666	tɛknəʊpɛzənt	tɛknəpizənt	0.0	0.18181818181818182
technopolis	tɛknɒpɒlɪs	tɛknəʊpəlɪs	tɛknɒpəliz	tɛknəpəʊlɪs	compound	techno|polis	0.2727272727272727	0.3	0.2727272727272727	tɛknəpəlɪs	tɛknɒpəlɪs	0.2	0.1
tect	tɛkt	tɛkt	tɛkt	tɛkt	compound	tec|t	0.0	0.0	0.0	tɛkt	tɛkt	0.0	0.0
teep	tiːp	tip	tip	tip	compound	tee|p	0.0	0.0	0.0	tip	tip	0.0	0.0
tefilla	təfɪlə	tifɪlə	tɛfɪlə	tɛfɪlə	compound	te|filla	0.16666666666666666	0.16666666666666666	0.16666666666666666	tɪfɪlə	tɪfɪlə	0.16666666666666666	0.16666666666666666
teh	tɛ	tih	teɪ	t	compound	te|h	0.6666666666666666	0.6666666666666666	1.0	tɛ	tɛ	0.0	0.0
tela	tiːlə	tɛlə	tɛlə	tɛlə	compound	tel|a	0.25	0.25	0.25	tɛlə	tɛlə	0.25	0.25
telecabin	tɛlɪkæbɪn	tɛləkæbɪn	tɛlɪkabɪn	tɛlɪkəbɪn	compound	tele|cabin	0.1111111111111111	0.1111111111111111	0.1111111111111111	tɛləkæbɪn	tɛlɪkæbɪn	0.1111111111111111	0.0
telekong	tələkoŋ	tɛləkɔŋ	tɛlɪkɒŋ	tɛlkɔŋ	compound	tele|kong	0.2857142857142857	0.42857142857142855	0.5	tɛləkɔŋ	tɛlɪkɒŋ	0.2857142857142857	0.42857142857142855
telekung	tələkuŋ	tɛləkəŋ	tɛlɪkʌŋ	tɛlkʌŋ	compound	tele|kung	0.2857142857142857	0.42857142857142855	0.5	tɛləkʊŋ	tɛlɪkʌŋ	0.2857142857142857	0.42857142857142855
telepathetic	tɛləpəθɛtɪk	tɛləpæθɛtɪk	tɛlɪpəθɛtɪk	tɛləpæθɛtɪk	compound	telepath|etic	0.09090909090909091	0.09090909090909091	0.09090909090909091	tɛləpəθɛɾɪk	tɛlɪpəθɛtɪk	0.09090909090909091	0.09090909090909091
telepathetically	tɛləpəθɛtɪkli	tɛləpəθɛtɪkli	tɛlɪpəθɛtɪkli	tɛləpæθɛtɪkəli	compound	tele|pathetically	0.0	0.07692307692307693	0.14285714285714285	tɛləpəθɛɾɪkli	tɛlɪpəθɛtɪkli	0.07692307692307693	0.07692307692307693
teleporter	tɛlɪpɔːɹtɚ	tɛləpɔɹtɜ	tɛlɪpɔtə	tɛləpɚtɚ	compound	teleport|er	0.2222222222222222	0.25	0.375	tɛlᵻpɔɹɾəɹ	tɛlɪpɔtə	0.4	0.25
teletsunami	tɛlətsunɑːmi	tɛlətsunɑmi	tɛlɪtsənɑmi	tɛlətsʌnəmi	compound	tele|tsunami	0.0	0.18181818181818182	0.18181818181818182	tɛlətsunɑmi	tɛlɪtsunɑmi	0.0	0.09090909090909091
telish	tɛlɪʃ	tɛlɪʃ	tɛlɪʃ	tɛlɪʃ	compound	tel|ish	0.0	0.0	0.0	tɛlɪʃ	tɛlɪʃ	0.0	0.0
telpherage	tɛlfəɹɪdʒ	tɛlfiəɹədʒ	təlfɜɹɪdʒ	tɛlfɚeɪdʒ	compound	tel|ph|era|ge	0.2	0.2222222222222222	0.2222222222222222	tɛlfəɹɪdʒ	tɛlfəɹɪdʒ	0.0	0.0
temporales	tɛmpəɹeɪliz	tɛmpəɹəliz	tɛmpɔɹeɪlz	tɛmpɚəlz	compound	temporal|es	0.2	0.2	0.625	tɛmpəɹɑlz	tɛmpəɹeɪlz	0.3333333333333333	0.1
temporostructural	tɛmpəɹoʊstɹʌktʃəɹəl	tɛmpəʊɹəʊstɹʌktʃəɹəl	tɛmpɔɹəstɹʌktʃəɹəl	tɛmpɚɔstɹʌktʃɚəl	compound	tempo|ro|structural	0.05	0.1111111111111111	0.375	tɛmpəɹəʊstɹʌktʃəɹəl	tɛmpəɹəstɹʌktʃəɹəl	0.0	0.05555555555555555
tenacle	tɛnəkəl	tɛnəkəl	tɛnəkəl	tɛnəkəl	compound	tena|cle	0.0	0.0	0.0	tɛnəkəl	tɛnəkəl	0.0	0.0
tenent	tɛnɛnt	tɛnɛnt	tɛnənt	tɛnənt	compound	ten|ent	0.0	0.16666666666666666	0.16666666666666666	tɛnənt	tɛnənt	0.16666666666666666	0.16666666666666666
tenible	tɛnɪbl	tɛnɪbəl	tɛnɪbəl	tɛnəbəl	compound	ten|ible	0.14285714285714285	0.14285714285714285	0.2857142857142857	tɛnɪbəl	tɛnəbəl	0.14285714285714285	0.2857142857142857
tenné	tɛni	tɛni	tɛneɪ	tɛn	compound	[]	0.0	0.4	0.3333333333333333	tɛni	tɛneɪ	0.0	0.4
tentatives	tɛntətɪvs	tɛntətɪvz	tɛntətɪvz	tɛntətɪvz	compound	tentative|s	0.1111111111111111	0.1111111111111111	0.1111111111111111	tɛntətɪvz	tɛntətɪvz	0.1111111111111111	0.1111111111111111
tenten	tɛntɛn	tɛntɛn	tɛntən	tɛntən	compound	tent|en	0.0	0.16666666666666666	0.16666666666666666	tɛntən	tɛntən	0.16666666666666666	0.16666666666666666
terfenadine	tɜːɹfɛnədɪn	tɜɹfɛnədaɪn	tɜfənadin	tɚfənədɪn	compound	terf|ena|dine	0.09090909090909091	0.4444444444444444	0.3333333333333333	tɜɹfənədin	tɜfɪnədin	0.2	0.3333333333333333
termless	tɝmlɪs	tɜmles	tɜmləs	tɚmlɛs	compound	term|less	0.3333333333333333	0.3333333333333333	0.3333333333333333	tɜɹmləs	tɜmləs	0.42857142857142855	0.3333333333333333
terr	tɜːɹ	tɝɹ	teə	tɛɹ	compound	ter|r	0.3333333333333333	0.6666666666666666	0.3333333333333333	tɛɹ	tɜ	0.3333333333333333	0.5
testaceotheology	tɛstəsioʊθiɒlədʒi	tɛstəsiiəʊθɪɒlədʒi	tɛsteɪsɒθɪɒlədʒi	tɛsteɪsəʊthəʊlədʒi	compound	testa|ceo|theology	0.1111111111111111	0.375	0.3888888888888889	tɛstəsiəθiəlɑdʒi	tɛsteɪsɪɒθɪɒlədʒi	0.1875	0.35294117647058826
testbank	tɛstbæŋk	tɛstbæŋk	tɛstbaŋk	tɛstbæŋk	compound	test|bank	0.0	0.125	0.0	tɛstbæŋk	tɛstbæŋk	0.0	0.0
testcross	tɛstkɹɒs	tɛstkɹɒs	tɛstkɹɒs	tɛstkɹəs	compound	test|cross	0.0	0.0	0.125	tɛstkɹɔs	tɛstkɹɒs	0.125	0.0
teste	tɛsti	tɛsti	tɛst	tɛst	compound	test|e	0.0	0.25	0.25	tɛsti	tɛst	0.0	0.25
testiere	tɛstiɛɹ	tɛstiəɹi	tɛstieə	tɛstɪɹ	compound	testier|e	0.25	0.2857142857142857	0.3333333333333333	tɛstjɛɹ	tɛstɪɛə	0.14285714285714285	0.2857142857142857
testification	tɛstɪfɪkeɪʃən	tɛstɪfɪkeɪʃən	tɛstɪfɪkeɪʃən	tɛstɪfɪkeɪʃən	compound	test|ification	0.0	0.0	0.0	tɛstɪfɪkeɪʃən	tɛstɪfɪkeɪʃən	0.0	0.0
testudine	tɛstjʊdaɪn	tɛstədaɪn	tɛstjudin	tɛstudɪn	compound	test|u|dine	0.2222222222222222	0.3333333333333333	0.375	tɛstudin	tɛstədin	0.5	0.5
tetracontagon	tɛtɹəkɑntæɡɑn	tɛtɹəkɒntæɡɒn	tɛtɹəkɒntaɡən	tɛtɹəkəntəɡən	compound	tetra|cont|agon	0.15384615384615385	0.23076923076923078	0.23076923076923078	tɛtɹəkɑntəgən	tɛtɹəkɒntəɡən	0.23076923076923078	0.23076923076923078
tetradifon	tɛtɹədaɪfɒn	tɛtɹadɪfɒn	tɛtɹədɪfən	tɛtɹædɪfən	compound	tetrad|if|on	0.2	0.2	0.3	tɛtɹədɪfən	tɛtɹədɪfən	0.2	0.2
tetraoxane	tɛtɹəɒkseɪn	tɛtɹəɒkseɪn	tɛtɹeɪɒkseɪn	tɛtɹəən	compound	tetra|ox|ane	0.0	0.16666666666666666	0.7142857142857143	tɛtɹəɑkseɪn	tɛtɹəɹəʊkseɪn	0.09090909090909091	0.23076923076923078
tetraoxanes	tɛtɹəɒkseɪnz	tɛtɹəɒkseɪnz	tɛtɹeɪɒkseɪnz	tɛtɹəənz	compound	tetra|ox|ane|s	0.0	0.15384615384615385	0.625	tɛtɹəɑkseɪnz	tɛtɹəɹəʊkseɪnz	0.08333333333333333	0.21428571428571427
tetraples	tɛtɹəpləs	tɛtɹəpleɪ	tɛtɹapəlz	tɛtɹəpəlz	compound	tetra|p|les	0.2222222222222222	0.4444444444444444	0.3333333333333333	tɛtɹəpəlz	tɛtɹəpəlz	0.3333333333333333	0.3333333333333333
tetratheism	tɛtɹəθiɪzəm	tɛtɹəθiɪzəm	tɛtɹeɪθɪɪzəm	tɛtɹəθaɪzm	compound	tetra|theism	0.0	0.25	0.2	tɛtɹəθiɪzəm	tɛtɹəθiɪzəm	0.0	0.0
tetratheist	tɛtɹəθiɪst	tɛtɹəθiɪst	tɛtɹeɪθɪɪst	tɛtɹəθaɪst	compound	tetra|theist	0.0	0.2727272727272727	0.1	tɛtɹəθiɪst	tɛtɹəθiɪst	0.0	0.0
tetravalency	tɛtɹəveɪlənsi	tɛtɹəveɪlnsi	tɛtɹəvələnsi	tɛtɹəvələnsi	compound	tetra|valency	0.08333333333333333	0.16666666666666666	0.16666666666666666	tɛtɹəveɪlənsi	tɛtɹəvələnsi	0.0	0.16666666666666666
textrine	tɛkstɹaɪn	tɛkstɹaɪn	tɛkstɹin	tɛkstɹaɪn	compound	text|rine	0.0	0.25	0.0	tɛkstɹɪn	tɛkstɹaɪn	0.125	0.0
th'are	ðɑːɹ	θɑi	tieɪtʃeə	θɚ	compound	thar|e	0.6666666666666666	1.0	1.5	ðɑɹ	θeə	0.0	1.0
tha	ðaː	θə	θɑ	θə	compound	th|a	1.0	1.0	1.0	θə	ðɑ	1.0	0.5
thack	θæk	θæk	θak	θæk	compound	th|ack	0.0	0.3333333333333333	0.0	θæk	θæk	0.0	0.0
thanadar	tɑːnədɑː	θɑnɑdɑɹ	θanədɑ	θənədɚ	compound	thana|dar	0.42857142857142855	0.3333333333333333	0.5	θænədɑɹ	θænədɑ	0.42857142857142855	0.3333333333333333
thanatocoenose	θənætəʊsiːnəʊs	θɑnɑtəʊkəʊinəsi	θanətɒkəʊnəʊz	θænətəkəʊnəʊz	compound	thana|toco|enos|e	0.4666666666666667	0.5384615384615384	0.46153846153846156	θənətəʊ.kənəʊz	θænətəʊkəʊnəʊz	0.35714285714285715	0.42857142857142855
thash	ðæʃ	θæʃ	θaʃ	θæʃ	compound	th|ash	0.3333333333333333	0.6666666666666666	0.3333333333333333	θæʃ	θæʃ	0.3333333333333333	0.3333333333333333
thass	ðæs	θæs	θas	θæs	compound	th|ass	0.3333333333333333	0.6666666666666666	0.3333333333333333	θæz	θæs	0.6666666666666666	0.3333333333333333
thatness	ðætnəs	ðætnes	ðatnəs	θætnəs	compound	that|ness	0.16666666666666666	0.16666666666666666	0.16666666666666666	ðætnəs	θætnəs	0.0	0.16666666666666666
theaism	θiːəɪzəm	θiəɪzəm	θiəɹɪzəm	θiaɪzm	compound	thea|ism	0.0	0.125	0.3333333333333333	θiəɪzəm	θiɪzəm	0.0	0.16666666666666666
theinism	θiːɪnɪzəm	θaɪnɪzəm	θeɪnɪzəm	θaɪnɪzəm	compound	thein|ism	0.125	0.125	0.125	θaɪnɪzəm	θaɪnɪzəm	0.125	0.125
thenceafter	ðɛnsɑːftə	ðɛnsɑftə	ðɛnsaftə	θɛnsəftɚ	compound	thence|after	0.0	0.125	0.375	ðɛnsfæftɚ	θɛnsɪftə	0.3333333333333333	0.25
therebehind	ðɛəbɪhaɪnd	ðeəbɪhaɪnd	ðeəbɛhaɪnd	θɚbhɪnd	compound	there|behind	0.1	0.2	0.7142857142857143	ðɛɹbəhɪnd	ðeəbɪhaɪnd	0.3333333333333333	0.1
therizinosaur	θɛɹɪzɪnəsɔːɹ	ðəɹɪzɪnəʊsɔɹ	ðəɹɪzɪnəsɔ	θɚaɪzɪnəʊsəɹ	compound	the|riz|in|o|saur	0.25	0.3	0.3333333333333333	θəɹɪzɪnəsɔɹ	θɛɹɪzɪnəsɔ	0.09090909090909091	0.1
thermantidote	θɜːmæntɪdəʊt	θɜmæntɪdəʊt	θɜmantɪdəʊt	θɚməntɪdəʊt	compound	therm|antidote	0.0	0.09090909090909091	0.18181818181818182	θɜɹmæntɪdəʊt	θɜmɑntɪdəʊt	0.08333333333333333	0.09090909090909091
thermoception	θɜːɹməʊsɛpʃən	θɝməʊsɛpʃən	θɜməsɛpʃən	θɚməʊsɛpʃən	compound	thermo|cep|tion	0.18181818181818182	0.2	0.18181818181818182	θɜɹməsɛpʃən	θɜməsɛpʃən	0.09090909090909091	0.2
thermophily	θɜːɹmɒflɪi	θɜɹməfɪlj	θɜməfili	θɚməfəli	compound	thermophil|y	0.4444444444444444	0.5	0.625	θɜɹməfəli	θɜməfɪli	0.3333333333333333	0.5
thermosonic	θɜːɹmoʊsɒnɪk	θɝməʊsɒnɪk	θɜməsɒnɪk	θɚməʊsənɪk	compound	thermo|sonic	0.2	0.2222222222222222	0.3	θɜɹməsɑnɪk	θɜməsɒnɪk	0.2	0.2222222222222222
thermosonically	θɜːɹmoʊsɒnɪkli	θɝməʊsɒnɪkli	θɜməsɒnɪkli	θɚməʊsənɪkəli	compound	thermo|sonically	0.16666666666666666	0.18181818181818182	0.3076923076923077	θɜɹməsɑnəkəli	θɜməsɒnɪkli	0.3076923076923077	0.18181818181818182
therophyte	thɪəɹəʊfaɪt	ðəɹəʊfaɪti	ðəɹɒfaɪt	θɛɹəfaɪt	compound	the|ro|phy|te	0.4	0.625	0.625	θɪəfaɪt	θɛɹəfaɪt	0.7142857142857143	0.625
thetan	θeɪtən	θitən	θɛtən	θɛtən	compound	theta|n	0.4	0.4	0.4	θitən	θɛtən	0.4	0.4
they'd've	ðeɪdəv	ðeɪdvi	θeɪdəv	θaɪɪdɪv	compound	theyd|ve	0.3333333333333333	0.16666666666666666	0.5714285714285714	ðeɪdəv	θeɪdv	0.0	0.4
this'd	ðɪsəd	ðɪsd	ðɪsd	θɪzd	compound	this|d	0.25	0.25	0.75	ðɪsd	θɪsd	0.25	0.5
this's	ðɪz	ðɪsz	ðɪsɪz	θɪzz	compound	this|s	0.25	0.4	0.5	ðɪsɪz	θɪsɪz	0.4	0.6
this've	ðɪsəv	ðɪsvi	ðɪsəv	θɪsɪv	compound	this|ve	0.4	0.0	0.4	ðɪsv	θɪsv	0.25	0.5
thlipsis	θlɪpsɪs	θlɪpsɪz	tieɪtʃlɪpsɪs	θlɪpsɪz	compound	th|lips|is	0.14285714285714285	0.5	0.14285714285714285	θlɪpsɪs	θlɪpsɪs	0.0	0.0
thneed	θniːd	θnid	tieɪtʃnid	θnid	compound	th|need	0.0	0.6666666666666666	0.0	θnid	θnid	0.0	0.0
thnetopsychism	θnɛtəsaɪkɪzəm	θnɛtəʊsaɪkɪzəm	tieɪtʃnɛtəsaɪkɪzəm	θnɪtəpsɪtʃɪzəm	compound	th|neto|psychism	0.07142857142857142	0.3333333333333333	0.35714285714285715	θənɛɾəsaɪkɪzəm	θnɛtəpsɪkɪzəm	0.14285714285714285	0.15384615384615385
thou'dst	ðaʊtst	ðədseɪnt	θədst	θədst	compound	thou|d|st	0.5	0.4	0.4	ðədst	θədst	0.2	0.4
thou'lt	ðaʊlt	ðəʊʌlt	θəlt	θəzlt	compound	tho|ult	0.3333333333333333	0.25	0.4	ðəlt	θult	0.0	0.5
thou'rt	ðaʊət	ðəɹt	θəət	θəɚt	compound	thou|r|t	0.25	0.25	0.5	ðəɚt	θɔt	0.25	1.0
thou'st	ðaʊst	ðəzt	θəst	θəzt	compound	thous|t	0.25	0.25	0.5	ðəst	θəst	0.0	0.25
thran	θɹæn	θɹæn	θɹan	θɹən	compound	th|ran	0.0	0.25	0.25	θɹæn	θɹæn	0.0	0.0
threapt	θɹiːpt	θɹipt	θɹipt	θɹəpt	compound	threap|t	0.0	0.0	0.2	θɹipt	θɹɛpt	0.0	0.2
threeawn	θɹiːɔːn	θɹiɔn	θɹiɔn	θɹiən	compound	three|awn	0.0	0.0	0.2	θɹiən	θɹiəʊn	0.2	0.3333333333333333
thrid	θɹɪd	θɹɪd	θɹɪd	θɹɪd	compound	th|rid	0.0	0.0	0.0	θɹɪd	θɹɪd	0.0	0.0
thukpa	tʊkpɑː	θəkpɑ	θʌkpə	θʌkpə	compound	th|u|k|pa	0.4	0.6	0.6	θʌkpə	θʌkpə	0.6	0.6
thunderstricken	θʌndəɹstɹɪkən	θʌndəstɹɪkən	θʌndəstɹɪkən	θʌndɚstɹɪkən	compound	thunder|stricken	0.08333333333333333	0.08333333333333333	0.16666666666666666	θʌndəɹstɹɪkən	θʌndəstɹɪkən	0.0	0.08333333333333333
thymidylyl	θaɪmɪdɪlɪl	θaɪmaɪdɪlɪl	θaɪmɪdɪlɪl	θaɪmɪdələl	compound	thymi|dy|ly|l	0.09090909090909091	0.0	0.2	θɪmɪdɪlɪl	θɪmɪdɪlɪl	0.1111111111111111	0.1111111111111111
thysen	ðɪsɛn	ðaɪsɛn	θaɪsən	θaɪzən	compound	thy|sen	0.16666666666666666	0.5	0.6666666666666666	θaɪsən	θaɪzən	0.5	0.6666666666666666
tiefling	tiːflɪŋ	tiflɪŋ	taɪflɪŋ	tiflɪŋ	compound	tief|ling	0.0	0.2857142857142857	0.0	tifəlɪŋ	tiflɪŋ	0.14285714285714285	0.0
tigrine	taɪɡɹaɪn	tɪɡɹaɪn	taɪɡɹin	tɪɡɹɪn	compound	tig|rine	0.14285714285714285	0.2857142857142857	0.3333333333333333	tɪgɹin	taɪɡɹin	0.6666666666666666	0.2857142857142857
tilework	taɪlwɜːk	taɪlwɜk	taɪlwɜk	tɪlwɚk	compound	tile|work	0.0	0.0	0.3333333333333333	taɪlwɜɹk	taɪlwɜk	0.125	0.0
timeslice	taɪmslaɪs	taɪmzlaɪs	taɪmslɪs	taɪmslɪs	compound	times|lice	0.1111111111111111	0.125	0.125	taɪmslaɪs	taɪmslaɪs	0.0	0.0
timidous	tɪmɪdəs	tɪmɪdəs	tɪmɪdəs	tɪmɪdɔs	compound	timid|ous	0.0	0.0	0.14285714285714285	tɪmədəs	tɪmɪdəs	0.14285714285714285	0.0
timist	taɪmɪst	tɪmɪst	tɪmɪst	tɪmɪst	compound	tim|ist	0.16666666666666666	0.16666666666666666	0.16666666666666666	taɪmɪst	taɪmɪst	0.0	0.0
tintamar	tɪntəmɑːɹ	tɪntəmɑ	tɪntamə	tɪntəmɚ	compound	tinta|mar	0.14285714285714285	0.42857142857142855	0.2857142857142857	tɪntəmɑɹ	tɪntəmɑ	0.0	0.14285714285714285
tittytainment	tɪtiteɪnmənt	tɪtiteɪnmɛnt	tɪtɪteɪnmənt	tɪtiteɪnmənt	compound	titty|tain|ment	0.08333333333333333	0.08333333333333333	0.0	tɪɾiteɪnmənt	tɪtɪteɪnmənt	0.08333333333333333	0.08333333333333333
to've	tuːəv	təʊvi	tʊəv	təʊv	compound	tov|e	0.6	0.25	0.5	təʊv	tuv	0.5	0.3333333333333333
tobeat	təbiːt	təʊbæt	təʊbat	təʊbət	compound	tobe|at	0.3333333333333333	0.3333333333333333	0.3333333333333333	təʊbiət	təʊbit	0.2857142857142857	0.16666666666666666
tolpropamine	tɒlpɹəʊpəmiːn	tɔlpɹɒpəmin	təlpɹɒpəmin	tɔlpɹəpəmɪn	compound	tol|prop|amine	0.2727272727272727	0.2727272727272727	0.2727272727272727	tɒlpɹəpeɪmin	tɒlpɹəpæmɪn	0.25	0.2727272727272727
tombmate	tuːmmeɪt	tummeɪt	tummeɪt	tɑmbmeɪt	compound	tomb|mate	0.0	0.0	0.25	tumeɪt	tɒmmeɪt	0.16666666666666666	0.14285714285714285
tongzhi	tɔŋdʒə	tɒŋdʒi	tɒŋʒaɪ	tɑndʒtsi	compound	tong|zhi	0.3333333333333333	0.6666666666666666	0.625	tɔŋdʒi	tɒŋʒi	0.16666666666666666	0.6
tonlet	tɔnlɛt	tʌnlɛt	tɒnlɪt	tɑnlɪt	compound	ton|let	0.16666666666666666	0.3333333333333333	0.3333333333333333	tɑnlɪt	tɒnlɪt	0.3333333333333333	0.3333333333333333
tonous	təʊnəs	tʌnəs	tɒnəs	tɑnəʊs	compound	ton|ous	0.4	0.4	0.5	təʊnəs	təʊnəs	0.0	0.0
toodles	tuːdəlz	tudəlz	tudəlz	tudəlz	compound	t|oodles	0.0	0.0	0.0	tudəlz	tudəlz	0.0	0.0
toolache	tuleɪtʃi	tulætʃi	tulaʃ	tulətʃ	compound	toolach|e	0.2857142857142857	0.8	0.5	tulətʃ	tuleɪk	0.5	0.5
topful	tɒpfʊl	tɒpfʊl	tɒpfəl	tɑpfəl	compound	top|ful	0.0	0.16666666666666666	0.3333333333333333	tɑpfəl	tɒpfəl	0.3333333333333333	0.16666666666666666
toqui	toki	tuki	tɒkwi	təʊkwi	compound	to|qui	0.25	0.4	0.5	təʊki	təʊkwi	0.4	0.5
torchecul	tɔːɹʃkuːl	tɔtʃɛkul	tɔtʃɪkʌl	tɔɹtʃɛkəl	compound	torch|ecu|l	0.25	0.375	0.3333333333333333	tɔɹtʃəkəl	tɔkɪkəl	0.3333333333333333	0.42857142857142855
tormentress	tɔɹmɛntɹəs	tɔɹmɛntɹɛs	tɔmɛntɹəs	tɔɹməntɹəs	compound	torment|ress	0.1	0.1111111111111111	0.1	tɔɹmɛntɹəs	tɔməntɹəs	0.0	0.2222222222222222
torpedinous	tɔːɹpɛdɪnəs	tɔɹpɛdɪnəs	tɔpɛdɪnəs	tɔɹpɛdɪnus	compound	torp|edin|ous	0.0	0.1111111111111111	0.1	tɔɹpɛdənəs	tɔpɛdɪnəs	0.1	0.1111111111111111
toruffle	təɹʌfəl	tuɹʌfəl	tɔɹʌfəl	tɔɹəfəl	compound	to|ruffle	0.14285714285714285	0.14285714285714285	0.2857142857142857	tɔɹʌfəl	tɔɹʌfəl	0.14285714285714285	0.14285714285714285
toubab	tubab	tuəbæb	təbab	təbəb	compound	to|u|bab	0.3333333333333333	0.2	0.4	tubəb	tʌbæb	0.2	0.4
toucha	tʌtʃə	tʌtʃə	tʌtʃə	tətʃə	compound	touch|a	0.0	0.0	0.2	tʌtʃə	tʌtʃə	0.0	0.0
toupe	tuːpeɪ	tuʌpi	tup	tup	compound	to|up|e	0.6	0.6666666666666666	0.6666666666666666	tup	tup	0.6666666666666666	0.6666666666666666
toxicosis	tɒksɪkəʊsɪs	tɒksɪkʊsɪs	tɒksɪkəʊsɪs	tɑksɪkəsɪz	compound	toxic|osis	0.1	0.0	0.3	tɑksɪkəʊsɪs	tɒksɪkəʊsɪs	0.09090909090909091	0.0
trackmo	tɹækməʊ	tɹækməʊ	tɹakməʊ	tɹækməʊ	compound	track|mo	0.0	0.14285714285714285	0.0	tɹækməʊ	tɹækməʊ	0.0	0.0
tradigital	tɹədɪdʒɪtl	tɹɑdɪdʒɪtəl	tɹadɪdʒɪtəl	tɹædɪdʒɪtəl	compound	tra|digital	0.18181818181818182	0.18181818181818182	0.18181818181818182	tɹədɪdʒəɾəl	tɹədɪdʒɪtəl	0.2727272727272727	0.09090909090909091
tradwife	tɹædwaɪf	tɹædwaɪf	tɹadwaɪf	tɹædwaɪf	compound	trad|wife	0.0	0.125	0.0	tɹædwaɪf	tɹædwaɪf	0.0	0.0
tralucent	tɹəlusənt	tɹɑlusənt	tɹalusənt	tɹælusənt	compound	tra|lucent	0.1111111111111111	0.1111111111111111	0.1111111111111111	tɹæləsənt	tɹælusənt	0.2222222222222222	0.1111111111111111
transectioned	tɹænsɛkʃənd	tɹænsɛkʃənɛd	tɹansɛkʃənd	tɹænsɛkʃənd	compound	transection|ed	0.08333333333333333	0.09090909090909091	0.0	tɹænsɛkʃənd	tɹænsɛkʃənd	0.0	0.0
transformistic	tɹænsfɔːɹmɪstɪk	tɹænsfɔɹmɪstɪk	tɹansfɔmɪstɪk	tɹænsfɔɹmɪstɪk	compound	transformist|ic	0.0	0.15384615384615385	0.0	tɹænsfəɹmɪstɪk	tɹænsfɔmɪstɪk	0.07142857142857142	0.07692307692307693
tranship	tɹænzʃɪp	tɹænzhɪp	tɹanʃɪp	tɹænʃɪp	compound	trans|hip	0.125	0.2857142857142857	0.14285714285714285	tɹænʃɪp	tɹænʃɪp	0.14285714285714285	0.14285714285714285
translingual	tɹænzlɪŋɡwəl	tɹænzlɪŋɡwəl	tɹanslɪŋɡwəl	tɹænslɪŋɡuəl	compound	trans|lingual	0.0	0.16666666666666666	0.16666666666666666	tɹænslɪŋgwəl	tɹænslɪŋɡwəl	0.16666666666666666	0.08333333333333333
transmiss	tɹænzmɪs	tɹænzmɪs	tɹansmɪs	tɹænzmɪs	compound	trans|miss	0.0	0.25	0.0	tɹænzmɪs	tɹænsmɪs	0.0	0.125
transnatal	tɹænzneɪtəl	tɹænzneɪtəl	tɹansneɪtəl	tɹænznətəl	compound	trans|natal	0.0	0.18181818181818182	0.2	tɹænsneɪɾəl	tɹænsneɪtəl	0.18181818181818182	0.09090909090909091
transpeciate	tɹænspiːʃieɪt	tɹænspiʃieɪt	tɹanspiʃɪeɪt	tɹænspɛkieɪt	compound	tran|speciate	0.0	0.16666666666666666	0.16666666666666666	tɹænspiʃieɪt	tɹænspɛʃɪeɪt	0.0	0.16666666666666666
transwell	tɹænzwɛl	tɹænzwil	tɹanswɛl	tɹænswɛl	compound	trans|well	0.125	0.25	0.125	tɹænswɛl	tɹænswɛl	0.125	0.125
tranx	tɹæŋks	tɹænks	tɹaŋks	tɹænz	compound	tran|x	0.16666666666666666	0.16666666666666666	0.6	tɹæŋks	tɹæŋks	0.0	0.0
trashion	tɹæʃən	tɹæʃən	tɹaʃən	tɹæʃiən	compound	trash|ion	0.0	0.16666666666666666	0.14285714285714285	tɹæʃən	tɹæʃən	0.0	0.0
treant	tɹeɪənt	tɹeɪænt	tɹint	tɹənt	compound	tre|ant	0.14285714285714285	0.6	0.4	tɹeɪənt	tɹiənt	0.0	0.3333333333333333
treebank	tɹiːbæŋk	tɹibæŋk	tɹibaŋk	tɹibæŋk	compound	tree|bank	0.0	0.14285714285714285	0.0	tɹibæŋk	tɹibæŋk	0.0	0.0
treemapping	tɹiːmæpɪŋ	tɹimæpɪŋ	tɹimapɪŋ	tɹiməpɪŋ	compound	tree|mapping	0.0	0.125	0.125	tɹimæpɪŋ	tɹimæpɪŋ	0.0	0.0
treeness	tɹiːnɪs	tɹinɛs	tɹinəs	tɹinəs	compound	treen|ess	0.16666666666666666	0.16666666666666666	0.16666666666666666	tɹinəs	tɹinəs	0.16666666666666666	0.16666666666666666
trema	tɹɛmə	tɹɛmə	tɹɛmə	tɹimə	compound	trem|a	0.0	0.0	0.2	tɹɛmə	tɹimə	0.0	0.2
tremie	tɹɛmi	tɹɛmi	tɹɛmi	tɹɛmi	compound	trem|ie	0.0	0.0	0.0	tɹɛmi	tɹɛmi	0.0	0.0
tremulant	tɹɛmjʊlənt	tɹɛmjulənt	tɹɛmjʊlənt	tɹɛmjələnt	compound	trem|ula|nt	0.1	0.0	0.1	tɹɛmjələnt	tɹɛmjʊlənt	0.1	0.0
trendite	tɹɛndaɪt	tɹɛndaɪt	tɹɛndaɪt	tɹɛndɪt	compound	trend|ite	0.0	0.0	0.14285714285714285	tɹɛndaɪt	tɹɛndaɪt	0.0	0.0
treyf	tɹeɪf	tɹeɪf	tɹeɪf	tɹeɪf	compound	trey|f	0.0	0.0	0.0	tɹeɪf	tɹeɪf	0.0	0.0
triacetyloleandomycin	tɹaɪəsiːtaɪləʊliːændəʊmaɪsɪn	tɹaɪæsɪtaɪləʊlindəʊmisɪn	tɹaɪəsɛtɪləʊləndəmaɪsɪn	tɹiəstiləʊləndəmisɪn	compound	tri|acetyl|olean|domy|cin	0.20833333333333334	0.21739130434782608	0.5	tɹaɪæsɛtɪlɔɪndəmɪsɪn	tɹaɪəsɛtɪləʊliəndɒmɪsɪn	0.5	0.2608695652173913
trian	tɹaɪən	tɹaɪən	tɹaɪən	tɹaɪən	compound	tri|an	0.0	0.0	0.0	tɹaɪən	tɹaɪən	0.0	0.0
tribromometacresol	tɹaɪbɹəʊməʊmɛtəkɹiːsɒl	tɹɪbɹəʊməʊmitəkɹisɔl	tɹɪbɹəməʊmtəkɹɛsɒl	tɹɪbɹəʊməmɛtəkɹɪsəl	compound	trib|romo|meta|cresol	0.15	0.2222222222222222	0.21052631578947367	tɹaɪbɹəʊməʊmətækɹəsɔl	tɹaɪbɹəʊmɒmɪtækɹɪsɒl	0.19047619047619047	0.25
trichobezoar	tɹɪkəbiːzɔɹ	tɹaɪtʃəʊbɛzɔ	tɹɪtʃəʊbzɔ	tɹɪʃəʊbɛzəʊɚ	compound	tri|cho|bezoar	0.5	0.5	0.5	tɹaɪkəbɛzɔɹ	tɹaɪkəʊbɛzɔ	0.18181818181818182	0.36363636363636365
tridented	tɹaɪdəntɪd	tɹaɪdəntɛd	tɹaɪdəntɪd	tɹaɪdəntɪd	compound	trident|ed	0.1	0.0	0.0	tɹaɪdəntᵻd	tɹaɪdɛntɪd	0.1	0.1
triflupromazine	tɹaɪfluːpɹəʊməziːn	tɹaɪflupɹɒmæzin	tɹaɪfləpɹɒməzin	tɹɪfləpɹəməzin	compound	tri|flu|prom|azine	0.2	0.2	0.21428571428571427	tɹaɪflu.pɹəmæzin	tɹaɪflupɹɒməzin	0.1875	0.13333333333333333
trimipramine	tɹaɪmɪpɹəmiːn	tɹɪmɪpɹəmin	tɹaɪmɪpɹəmin	tɹɪmɪpɹəmɪn	compound	t|r|imipramine	0.09090909090909091	0.0	0.18181818181818182	tɹɪmɪpɹəmin	tɹɪmɪpɹæmɪn	0.09090909090909091	0.2727272727272727
triones	tɹaɪəʊnz	tɹaɪəʊnz	tɹaɪənz	tɹaɪənz	compound	trione|s	0.0	0.14285714285714285	0.14285714285714285	tɹaɪəʊnz	tɹaɪənz	0.0	0.14285714285714285
triphenylcarbinol	tɹaɪfiːnɪlkɑːɹbɪnɒl	tɹaɪfinaɪlkɑɹbɪnəʊl	tɹɪfinaɪlkɑbɪnɒl	tɹaɪfənəlkɑɹbɪnəl	compound	tri|phenyl|carbin|ol	0.15789473684210525	0.1875	0.17647058823529413	tɹaɪfɛnɪlkɑɹbɪnɒl	tɹaɪfənɪlkɑbɪnəl	0.058823529411764705	0.1875
tripodes	tɹɪpədiːz	tɹaɪpɒdiz	tɹaɪpəʊdz	tɹaɪpəʊdɪz	compound	tripod|es	0.2222222222222222	0.3333333333333333	0.3	tɹaɪpəʊdz	tɹaɪpəʊdz	0.3333333333333333	0.3333333333333333
triskelia	tɹɑɪskɛliə	tɹɪskɛliə	tɹɪskiliə	tɹɪskɛliə	compound	tris|ke|lia	0.1111111111111111	0.2222222222222222	0.1111111111111111	tɹɪskiliə	tɹɪskiliə	0.2222222222222222	0.2222222222222222
tritoon	tɹaɪtuːn	tɹaɪtun	tɹaɪtun	tɹitun	compound	tri|toon	0.0	0.0	0.3333333333333333	tɹɪtun	tɹaɪtun	0.16666666666666666	0.0
tritoqualine	tɹaɪtɒkwəliːn	tɹɪtəʊkwælin	tɹaɪtəkwəlaɪn	tɹitəʊkwəlɪn	compound	trit|o|qua|line	0.3333333333333333	0.23076923076923078	0.4166666666666667	tɹaɪtəʊ.kwəlin	tɹaɪtəʊkwɒlaɪn	0.21428571428571427	0.35714285714285715
trochilus	tɹɒkɪləs	tɹɒkhaɪləs	tɹəʊkɪləs	tɹɑtʃɪləs	compound	t|roc|hilus	0.2	0.2222222222222222	0.3333333333333333	tɹəʊkələs	tɹɒkɪləs	0.3333333333333333	0.0
trochiter	tɹɒkɪtɚ	tɹɑkaɪtɹ	tɹəʊkɪtə	tɹɑtʃɪtɚ	compound	t|roch|ite|r	0.375	0.375	0.375	tɹəʊkətɚ	tɹɒkɪtə	0.375	0.14285714285714285
troglodyke	tɹɒɡləʊdaɪk	tɹɒgləʊdaɪk	tɹɒɡlədaɪk	tɹɑɡlədaɪk	compound	trog|lo|dyke	0.09090909090909091	0.1	0.2	tɹɑglədaɪk	tɹɒɡlədaɪk	0.3	0.1
troilite	tɹɔɪlaɪt	tɹɔɪlaɪt	tɹɔɪlaɪt	tɹɔɪlɪt	compound	t|roil|ite	0.0	0.0	0.14285714285714285	tɹɔɪlaɪt	tɹɔɪlaɪt	0.0	0.0
trollage	tɹəʊlɪdʒ	tɹəʊleɪdʒ	tɹɒlɪdʒ	tɹəʊlɪdʒ	compound	troll|age	0.1111111111111111	0.2857142857142857	0.0	tɹəʊlɪdʒ	tɹɒlɪdʒ	0.0	0.2857142857142857
troxipide	tɹɒksɪpaɪd	tɹɑksɪpaɪd	tɹɒksɪpaɪd	tɹɑksɪpaɪd	compound	t|rox|ip|ide	0.1	0.0	0.1	tɹɑksəpaɪd	tɹɒksɪpaɪd	0.2	0.0
truecel	tɹuːsɛl	tɹusɛl	tɹusəl	tɹusəl	compound	true|cel	0.0	0.16666666666666666	0.16666666666666666	tɹusəl	tɹusəl	0.16666666666666666	0.16666666666666666
tsuridashi	tsuːɹidɑːʃi	tsuidɑʃi	tsuɹɪdaʃi	tsɚidæʃi	compound	tsu|ri|dashi	0.125	0.2222222222222222	0.375	tsuɹidəʃi	tsʌɹɪdæʃi	0.1111111111111111	0.3333333333333333
tsuriotoshi	tsuːɹioʊtoʊʃi	tsuɹaɪətəʊʃi	tsuɹɪətəʊʃi	tsɚiətəʊʃi	compound	tsu|riot|oshi	0.25	0.18181818181818182	0.3	tsuɹiəʊtəʊʃi	tsɔɹɪəʊtəʊʃi	0.0	0.16666666666666666
tsutaezori	tsuːtɑːeɪzɔːɹi	tsutaɪzɔɹi	tsutizɔɹi	tsuteɪzɑɹi	compound	tsu|tae|zori	0.2	0.3333333333333333	0.2	tsutaɪzɔɹi	tsutɪzɔɹi	0.2	0.2222222222222222
tuchi	tʊkaɪ	tətʃaɪ	tʌtʃaɪ	tutʃi	compound	tuch|i	0.5	0.5	0.8	tʌtʃi	tʌtʃi	0.8	0.8
tucute	tuːkjuːt	tukjut	tjukjut	tukjut	compound	tu|cute	0.0	0.14285714285714285	0.0	tukjut	tjukjut	0.0	0.14285714285714285
tuille	twiːl	tjuillə	tjuɪl	tul	compound	tui|l|le	0.5714285714285714	0.6	0.6666666666666666	twil	tjuɪl	0.0	0.6
tulpa	tuːlpə	tʊlpə	tʌlpə	tʌlpə	compound	tulp|a	0.2	0.2	0.2	tʌlpə	tʌlpə	0.2	0.2
tupp'orth	tʌpəθ	tʌppɔɹθ	tʌpɔθ	tʌpɚθ	compound	tup|porth	0.42857142857142855	0.2	0.2	tʌpəɹθ	tʌpəθ	0.16666666666666666	0.0
turbant	tɜːɹbənt	tɜbənt	tɜbənt	tɚbənt	compound	turban|t	0.16666666666666666	0.16666666666666666	0.3333333333333333	tɜɹbənt	tɜbənt	0.0	0.16666666666666666
turdmuffin	tɜːɹdmʌfɪn	tɜdmʌfɪn	tɜdməfɪn	tɚdmʌfɪn	compound	turd|muffin	0.125	0.25	0.25	tɜɹdmʌfən	tɜdmʌfɪn	0.1111111111111111	0.125
turophile	tʊəɹəfaɪl	tʊɹəʊfaɪl	tjəɹɒfaɪl	tʊɹəʊfɪl	compound	turo|phile	0.2222222222222222	0.2222222222222222	0.375	tʊɹəfaɪl	tjʊɹəfaɪl	0.125	0.2222222222222222
tushie	tʊʃi	tʊʃi	tʌʃi	tʌʃi	compound	tush|ie	0.0	0.25	0.25	tʌʃɪ	tʌʃi	0.5	0.25
twicet	twaɪst	twaɪst	twɪsɪt	twaɪst	compound	twice|t	0.0	0.3333333333333333	0.0	twaɪst	twaɪsɪt	0.0	0.14285714285714285
twigloo	twɪɡluː	twɪɡlu	twɪɡlu	twɪɡlu	compound	twig|loo	0.0	0.0	0.0	twɪglu	twɪɡlu	0.16666666666666666	0.0
twinkhon	twɪŋkhʌn	twɪŋkhɒn	twɪŋkhɒn	twɪŋkən	compound	twink|hon	0.125	0.125	0.2857142857142857	twɪŋkhɑn	twɪŋkhɒn	0.125	0.125
twp	tʊp	twp	tidʌbəljupi	twp	compound	t|w|p	0.3333333333333333	0.8181818181818182	0.3333333333333333	twip	tiupi	0.5	0.6
txapela	tʃəpɛlə	tksɑpɛlə	tizeɪplə	tɡzæpilə	compound	t|x|apel|a	0.375	0.625	0.5	tʃəpɛlə	t͡ʃəpilə	0.0	0.25
tykhana	taɪkɑːnə	taɪkɑnə	tɪkhɑnə	taɪkənə	compound	ty|khana	0.0	0.2857142857142857	0.14285714285714285	tɪkɑnə	taɪkhɑnə	0.16666666666666666	0.125
typedef	taɪpdɛf	taɪpdɛf	taɪpdɛf	taɪpdəf	compound	typed|ef	0.0	0.0	0.14285714285714285	taɪpdɛf	taɪpdɛf	0.0	0.0
typescale	taɪpskeɪl	taɪpskeɪl	taɪpskeɪl	taɪpskəl	compound	types|cale	0.0	0.0	0.25	taɪpskeɪl	taɪpskeɪl	0.0	0.0
ugniberry	uniːbəɹi	unibɛɹi	ʌɡnɪbəɹi	ʌɡnɪbɛɹi	compound	ug|ni|berry	0.14285714285714285	0.375	0.5	ʌɡnɪbəɹi	ʌɡnɪbɛɹi	0.375	0.5
ule	uleɪ	əli	jul	ʌl	compound	ul|e	1.0	1.0	1.5	ul	jul	1.0	1.0
ultracosmic	ʌltɹəkɒzmɪk	ʌltɹəkɒzmɪk	ʊltɹəkɒzmɪk	ʌltɹəkəsmɪk	compound	ultra|cosmic	0.0	0.09090909090909091	0.18181818181818182	ʊltɹəkɑzmɪk	ʌltɹəkɒzmɪk	0.18181818181818182	0.0
ultraexcessive	ʌltɹəɪksɛsɪv	ʌltɹəɛksɛsɪv	ʊltɹəɛkssɪsɪv	ʌltɹəsɛsɪv	compound	ultra|excessive	0.08333333333333333	0.3076923076923077	0.2	ʊltɹəɪksɛsɪv	ʌltɹəksɛsɪv	0.08333333333333333	0.09090909090909091
ultralente	ʌltɹəlɛnteɪ	ʌltɹəlɛnti	ʊltɹəlɛnt	ʌltɹəlɛnt	compound	ultra|lent|e	0.2	0.3333333333333333	0.2222222222222222	ʌltɹəlɛnti	ʌltɹəlɛnt	0.2	0.2222222222222222
ultramassive	ʌltɹəmæsɪv	ʌltɹəmæsɪv	ʊltɹəmasɪv	ʌltɹəməsɪv	compound	ultra|massive	0.0	0.2	0.1	ʌltɹəmæsɪv	ʌltɹəmæsɪv	0.0	0.0
ultrarefined	ʌltɹəɹiːfaɪnd	ʌltɹəɹɪfaɪnd	ʊltɹəɹɛfaɪnd	ʌltɹɛɹfaɪnd	compound	ultra|refined	0.08333333333333333	0.16666666666666666	0.18181818181818182	ʊltɹəɹəfaɪnd	ʌltɹəɹɛfɪnd	0.16666666666666666	0.18181818181818182
ultrasilent	ʌltɹəsaɪlənt	ʌltɹəsaɪlənt	ʊltɹəsaɪlənt	ʌltɹəsɪlənt	compound	ultra|silent	0.0	0.08333333333333333	0.09090909090909091	ʌltɹəzələnt	ʌltɹeɪsələnt	0.2727272727272727	0.3333333333333333
ultraswift	ʌltɹəswɪft	ʌltɹəswɪft	ʊltɹəswɪft	ʌltɹæswɪft	compound	ultra|swift	0.0	0.1	0.1	ʌltɹəswɪft	ʌltɹəswɪft	0.0	0.0
umbecast	ʌmbəkæst	ʌmbɛkæst	ʌmbɪkast	ʌmbɪkəst	compound	um|bec|ast	0.125	0.25	0.25	ʌmbəkæst	ʌmbɪkɑst	0.0	0.25
ummah	ʊmə	ʊməh	ʌmə	ʌmə	compound	umma|h	0.25	0.3333333333333333	0.3333333333333333	ʊməh	ʌmɑ	0.25	0.6666666666666666
unapostolic	ʌnæpəstɒlɪk	ənəpəstɒlɪk	ʌnəpɒstɒlɪk	ʌnəpɑstɑlɪk	compound	un|apostolic	0.18181818181818182	0.18181818181818182	0.2727272727272727	ʌnəpəstɑlɪk	ʌnəpəstɒlɪk	0.18181818181818182	0.09090909090909091
unascendible	ʌnəsɛndɪbəl	ənəsɛndɪbəl	ʌnəsɛndɪbəl	ʌnæʃɛndɪbəl	compound	un|ascendible	0.09090909090909091	0.0	0.18181818181818182	ʌnəsɛndᵻbəl	ʌnəsɛndəbəl	0.09090909090909091	0.09090909090909091
unau	juːnɔː	unəə	ʌnəʊ	ʌnə	compound	una|u	0.75	1.0	1.0	ʌnəʊ	ʌnɔ	1.0	0.6666666666666666
unbepissed	ənbɪpɪst	ənbipɪst	ʌnbɪpɪst	ʌnbɛpɪst	compound	un|be|pissed	0.125	0.125	0.25	ʌnbɪpɪst	ʌnbɪpɪst	0.125	0.125
uncan	ʌnkæn	ʌŋkən	ʌŋkan	ʌŋkən	compound	unc|an	0.4	0.4	0.4	ʌŋkæn	ʌnkæn	0.2	0.0
unconstancy	ʌnkɒnstənsi	ənkɒnstənsi	ʌŋkɒnstənsi	ʌŋkənstənsi	compound	un|constancy	0.09090909090909091	0.09090909090909091	0.18181818181818182	ʌŋkɑnstənsi	ʌnkɒnstənsi	0.18181818181818182	0.0
underbear	ʌndəɹbɛɚ	ʌndəbeə	ʌndəbeə	ʌndɚbiɹ	compound	under|bear	0.42857142857142855	0.42857142857142855	0.5714285714285714	ʌndəɹbɛɹ	ʌndəbeə	0.125	0.42857142857142855
undercloak	ʌndəɹkləʊk	ʌndəkləʊk	ʌndəkləʊk	ʌndɚkləʊk	compound	under|cloak	0.1111111111111111	0.1111111111111111	0.2222222222222222	ʌndəɹkləʊk	ʌndəkləʊk	0.0	0.1111111111111111
underfurred	ʌndəɹfɜːɹd	ʌndəfɜɹɛd	ʌndəfɜd	ʌndɚfɚɪd	compound	underfur|red	0.2222222222222222	0.2857142857142857	0.5	ʌndəɹfɜɹd	ʌndəfɜd	0.0	0.2857142857142857
underhead	ʌndəɹhɛd	ʌndəhɛd	ʌndəhɛd	ʌndɚhəd	compound	under|head	0.14285714285714285	0.14285714285714285	0.42857142857142855	ʌndəɹhɛd	ʌndəhɛd	0.0	0.14285714285714285
undersay	ʌndəɹseɪ	ʌndəseɪ	ʌndəseɪ	ʌndɚseɪ	compound	under|say	0.14285714285714285	0.14285714285714285	0.2857142857142857	ʌndəɹseɪ	ʌndəseɪ	0.0	0.14285714285714285
undertime	ʌndətaɪm	ʌndətaɪm	ʌndətaɪm	ʌndɚtɪm	compound	under|time	0.0	0.0	0.2857142857142857	ʌndəɹtaɪm	ʌndətaɪm	0.1111111111111111	0.0
underverse	ʌndəɹvɜːɹs	ʌndəvɜs	ʌndəvɜs	ʌndɚvɚs	compound	under|verse	0.2857142857142857	0.2857142857142857	0.5714285714285714	ʌndəɹvɜɹs	ʌndəvɜs	0.0	0.2857142857142857
underwind	ʌndəɹwaɪnd	ʌndəwaɪnd	ʌndəwɪnd	ʌndɚwɪnd	compound	under|wind	0.1111111111111111	0.25	0.375	ʌndəɹwɪnd	ʌndəwaɪnd	0.1111111111111111	0.1111111111111111
unergatives	ʌnɜːɹɡətɪvz	ʌnɜɡətɪvz	ʌnɜɡətɪvz	ʌnɚɡətɪvz	compound	unergative|s	0.1111111111111111	0.1111111111111111	0.2222222222222222	ʌnɜɹgəɾɪvz	ʌnɜɡətɪvz	0.2	0.1111111111111111
unfathomability	ʌnfæðəməbɪləti	ənfæðəməbɪləti	ʌnfaðəməbɪlɪti	ʌnfæθəməbɪlɪti	compound	un|fathom|ability	0.07142857142857142	0.14285714285714285	0.14285714285714285	ʌnfæðəməbɪləɾi	ʌnfæθəməbɪlɪti	0.07142857142857142	0.14285714285714285
unguilty	ʌnɡɪlti	ənɡɪlti	ʌŋɡɪlti	ʌŋɡwɪlti	compound	un|guilty	0.14285714285714285	0.14285714285714285	0.25	ʌŋgɪlti	ʌnɡɪlti	0.2857142857142857	0.0
unked	ʌnkɛd	ənkɛd	ʌŋkt	ʌŋkt	compound	un|ked	0.2	0.75	0.75	ʌŋkɛd	ʌnkt	0.2	0.5
unkingship	ʌnkɪŋʃɪp	ʌnkɪŋʃɪp	ʌŋkɪŋʃɪp	ʌŋkɪŋʃɪp	compound	unking|ship	0.0	0.125	0.125	ʌŋkɪŋʃɪp	ʌnkɪŋʃɪp	0.125	0.0
unlachrymose	ənlækɹɪməʊs	ənlækɹiməʊz	ʌnlakɹɪməʊs	ʌnləkɹiməʊz	compound	un|lachrymose	0.18181818181818182	0.18181818181818182	0.36363636363636365	ʌnlækɹəməʊs	ʌnlækɹɪməʊz	0.18181818181818182	0.18181818181818182
unmeritingly	ʌnmɛɹɪtɪŋli	ʌnmɛɹɪtɪŋlɪ	ʌnmɛɹɪtɪŋli	ʌnmɚɪtɪŋli	compound	unmeriting|ly	0.09090909090909091	0.0	0.2	ʌnmɛɹɪtɪŋli	ʌnmɛɹɪtɪŋli	0.0	0.0
unmetabolized	ʌnmɪtæbəlaɪzd	ənmətæbəlaɪzd	ʌnmətabəlaɪzd	ʌnmɛtəbəʊlaɪzd	compound	un|metabolized	0.15384615384615385	0.15384615384615385	0.21428571428571427	ʌnmətæbəlaɪzd	ʌnmɪtæbəlaɪzd	0.07692307692307693	0.0
unmisleading	ənmɪsliːdɪŋ	ənmɪslidɪŋ	ʌnmɪslidɪŋ	ʌnmɪslidɪŋ	compound	un|misleading	0.0	0.1	0.1	ʌnmɪslidɪŋ	ʌnmɪslidɪŋ	0.1	0.1
unmisleadingly	ənmɪsliːdɪŋli	ənmɪslidɪŋli	ʌnmɪslidɪŋli	ʌnmɪslidɪŋli	compound	un|misleadingly	0.0	0.08333333333333333	0.08333333333333333	ʌnmɪslidɪŋli	ʌnmɪslidɪŋli	0.08333333333333333	0.08333333333333333
unnie	ʌni	ʌni	ʌnnaɪ	ʌni	compound	unni|e	0.0	0.6	0.0	ʌni	ʌnaɪ	0.0	0.5
unreluctant	ʌnɹɪlʌktənt	ənɹɪlʌktənt	ʌnɹɪlʌktənt	ʌnɹəlʌktænt	compound	un|reluctant	0.09090909090909091	0.0	0.18181818181818182	ʌnɹɪlʌktənt	ʌnɹɪlʌktənt	0.0	0.0
unseconded	ʌnsɛkəndɪd	ənsɛkəndɪd	ʌnsɪkɒndɪd	ʌnsɪkəndɪd	compound	un|seconded	0.1	0.2	0.1	ʌnsɛkəndᵻd	ʌnsɪkɒndɪd	0.1	0.2
unstrungness	ʌnstɹʌŋnəs	ʌnstɹʌŋnes	ʌnstɹʌŋnəs	ʌnstɹʌŋnɛs	compound	unstrung|ness	0.1	0.0	0.1	ʌnstɹʌŋnəs	ʌnstɹʌŋnəs	0.0	0.0
unsynagogued	ʌnsɪnəɡɒɡd	ənsɪnəɡɒɡd	ʌnsɪnəɡɒɡd	ʌnsɪnəɡəɡʊd	compound	un|synagogue|d	0.1	0.0	0.18181818181818182	ʌnsɪnægəgd	ʌnsɪnəɡɒɡd	0.4	0.0
unto't	ʌntuːt	ʌntʊt	ʌntɒt	ʌntəʊt	compound	unto|t	0.2	0.2	0.3333333333333333	ʌntɑt	ʌntəʊt	0.2	0.3333333333333333
unvisard	ʌnvɪzəɹd	ənvɪsɑɹd	ʌnvɪsɑd	ʌnvɪsɚd	compound	un|vis|ard	0.375	0.42857142857142855	0.42857142857142855	ʌnvɪsəɹd	ʌnvɪzəd	0.125	0.14285714285714285
upanayana	uːpənɑːjənə	ʌpɑnɑjənɑ	jupəneɪɑnə	ʌpəneɪənə	compound	up|anaya|na	0.3333333333333333	0.4	0.3333333333333333	upənəjɑnə	jupənaɪænə	0.2222222222222222	0.4
updive	ʌpdaɪv	ʌpdaɪv	ʌpdɪv	ʌpdɪv	compound	up|dive	0.0	0.2	0.2	ʌpdaɪv	ʌpdaɪv	0.0	0.0
uplay	ʌpleɪ	ʌpleɪ	ʌpleɪ	ʌpleɪ	compound	up|lay	0.0	0.0	0.0	ʌpleɪ	ʌpleɪ	0.0	0.0
uptill	ʌptɪl	ʌptɪl	ʌptɪl	ʌptɪl	compound	up|till	0.0	0.0	0.0	ʌptɪl	ʌptɪl	0.0	0.0
urbaner	ɜːɹbeɪnɚ	ɜbeɪnɹ	ɜbeɪnə	ɚbənɚ	compound	urbane|r	0.3333333333333333	0.3333333333333333	0.8	ɜɹbeɪnɚ	ɜbeɪnə	0.0	0.3333333333333333
urheimat	ʊəhaɪmɑːt	ɝhaɪmæt	ʌrheɪmat	ɚhaɪmət	compound	ur|heim|at	0.42857142857142855	0.5	0.42857142857142855	ɚhaɪmət	əheɪmæt	0.42857142857142855	0.42857142857142855
uselesser	juːsləsɚ	jusləsɜ	juzɪləsə	jusɛlɛsɚ	compound	useless|er	0.14285714285714285	0.375	0.25	jusləsɚ	jusləsə	0.0	0.14285714285714285
usie	ʌsi	ʌsi	juzi	jusi	compound	us|ie	0.0	0.75	0.5	ʌsi	juzi	0.0	0.75
uuencode	juːjuːɛnkəʊd	əəɛnkəʊd	uəŋkəʊd	uɛŋkəʊd	compound	u|u|encode	0.5	0.7142857142857143	0.5714285714285714	juɛnkəʊd	juənkəʊd	0.25	0.375
uzhe	juːʒ	əʒi	ʌʒ	ʌzi	compound	u|zhe	1.0	1.0	1.0	uzə	ʌʒ	1.0	1.0
vacher	væʃeɪ	vækhɜ	vaʃə	vætʃɚ	compound	vac|her	0.6	0.75	0.6	vækɚ	vætʃə	0.75	0.6
vacuolations	vækjʊəleɪʃənz	vakjʊəleɪʃənz	vakjuəleɪʃənz	vækuəleɪʃənz	compound	vacuolation|s	0.07692307692307693	0.15384615384615385	0.16666666666666666	vækjuəʊleɪʃənz	vækjuəleɪʃənz	0.14285714285714285	0.07692307692307693
vadai	vɑːdaɪ	vɑdəaɪ	vadaɪ	veɪdeɪ	compound	vada|i	0.16666666666666666	0.2	0.5	vɑdaɪ	vædaɪ	0.0	0.2
vade	veɪd	veɪd	veɪd	veɪd	compound	v|ade	0.0	0.0	0.0	veɪd	veɪd	0.0	0.0
vaginamoney	vədʒaɪnəmʌni	vədʒaɪnəmʌni	vadʒɪnəmɒni	vædʒɪnəməni	compound	vagina|money	0.0	0.2727272727272727	0.2727272727272727	vədʒɪnəmʌni	vædʒɪnəməʊni	0.09090909090909091	0.3333333333333333
vaginamony	vədʒaɪnəməni	vədʒaɪnəməʊni	vadʒɪnaməni	vædʒɪnəməni	compound	vagina|mony	0.07692307692307693	0.2727272727272727	0.18181818181818182	vədʒənæməni	vædʒɪnæməni	0.2727272727272727	0.2727272727272727
vaginoid	vədʒaɪnɔɪd	veɪdʒaɪnɔɪd	vadʒɪnɔɪd	vædʒɪnɔɪd	compound	vagi|noi|d	0.18181818181818182	0.2222222222222222	0.2222222222222222	vædʒənɔɪd	vædʒɪnɔɪd	0.3333333333333333	0.2222222222222222
vaguebook	veɪɡbʊk	veɪɡbʊk	veɪɡbʊk	væɡubʊk	compound	vague|book	0.0	0.0	0.42857142857142855	veɪgbʊk	veɪɡbʊk	0.14285714285714285	0.0
vajungle	vədʒʌŋɡəl	vədʒʌŋɡəl	vadʒʌŋɡəl	vədʒʌŋɡəl	compound	v|a|jungle	0.0	0.1111111111111111	0.0	vədʒʌŋgəl	veɪdʒʌŋɡəl	0.1111111111111111	0.2
vandalic	vændælɪk	vændəlɪk	vandalɪk	vændəlɪk	compound	vandal|ic	0.125	0.25	0.125	vændəlɪk	vændælɪk	0.125	0.0
vanillalike	vənɪləlaɪk	vənɪləlaɪk	vanɪləlaɪk	vænɪləlɪk	compound	vanilla|like	0.0	0.1	0.2222222222222222	vænɪlaɪlaɪk	vænɪləlaɪk	0.2727272727272727	0.1
vap	væp	væp	vap	væp	compound	v|ap	0.0	0.3333333333333333	0.0	væp	væp	0.0	0.0
vare	vɛɚ	vɑɹ	veə	vɑɹ	compound	v|are	0.6666666666666666	0.6666666666666666	0.6666666666666666	vɛɚ	veə	0.0	0.6666666666666666
varenyky	vəɹɛniːkiː	vɑɹənjki	vaɹənɪki	vɑɹnɪki	compound	v|aren|y|ky	0.375	0.375	0.42857142857142855	vəɹɛnɪki	væɹɪnɪki	0.125	0.375
vargueno	vɑːɹɡeɪnjəʊ	vɑɡjunəʊ	vɑɡinəʊ	vɑɹɡinəʊ	compound	v|argue|no	0.5	0.5714285714285714	0.375	vɑɹgunəʊ	vɑɡinəʊ	0.5	0.5714285714285714
variac	vɛəɹiæk	vɛəɹiəs	veəɹiak	vɑɹiək	compound	varia|c	0.2857142857142857	0.2857142857142857	0.5	vɛɹiæk	veəɹɪæk	0.16666666666666666	0.2857142857142857
vassaless	væsəlɛs	væsəlɛs	vasələs	væsəls	compound	vassal|ess	0.0	0.2857142857142857	0.16666666666666666	væsəlz	væsələs	0.3333333333333333	0.14285714285714285
vatnik	vætnɪk	vætnɪk	vatnɪk	vætnɪk	compound	vat|nik	0.0	0.16666666666666666	0.0	vætnɪk	vætnɪk	0.0	0.0
vaut	vɔːt	vəʊt	vət	vət	compound	v|au|t	0.5	0.3333333333333333	0.3333333333333333	vəʊ	vɔt	0.6666666666666666	0.0
vaxication	væksɪkeɪʃən	væksɪkeɪʃən	vaksɪkeɪʃən	væksɪkeɪʃən	compound	vax|ication	0.0	0.09090909090909091	0.0	væksɪkeɪʃən	væksɪkeɪʃən	0.0	0.0
vaxxie	væksi	vækszi	vaksi	væksksi	compound	vax|xie	0.16666666666666666	0.2	0.2857142857142857	væksi	væksi	0.0	0.0
vedge	vɛdʒ	vɛdʒ	vɛdʒ	vɛdʒ	compound	v|edge	0.0	0.0	0.0	vɛdʒ	vɛdʒ	0.0	0.0
vegeburger	vɛdʒiːbɜːɹɡɚ	vɛdʒibɜɡə	vɛdʒɪbbɜɡə	vɪdʒbɚɡɚ	compound	vege|burger	0.2222222222222222	0.4	0.5	vɛdʒɪbɜɹgɚ	vidʒbɜɡə	0.2	0.5
veggo	vɛdʒəʊ	vɛdʒɡəʊ	vɛɡəʊ	veɪɡəʊ	compound	veg|go	0.14285714285714285	0.4	0.5	vɛggəʊ	vɛɡəʊ	0.3333333333333333	0.4
venefic	vənɛfɪk	vinɛfɪk	vɛnɛfɪk	vɛnəfɪk	compound	ve|nef|ic	0.14285714285714285	0.14285714285714285	0.2857142857142857	vɛnəfɪk	vɛnɪfɪk	0.2857142857142857	0.2857142857142857
verdaccio	vəɹdɑːtʃiəʊ	vɛɹdəsisiaɪəʊ	vɜdaksɪəʊ	vɚdəksiəʊ	compound	verda|cc|io	0.5384615384615384	0.6666666666666666	0.5555555555555556	vɚdɑtʃiəʊ	vɜdæksɪəʊ	0.2222222222222222	0.6666666666666666
vergobrets	vɜːɡəbɹɛts	vɜɡəbɹɛtz	vɜɡɒbɹɪts	vɚɡəbɹɪts	compound	vergobret|s	0.1111111111111111	0.2222222222222222	0.2222222222222222	vɜɡəbɹɛts	vɜɡəbɹɛts	0.0	0.0
verlan	vɛəɹlɑːn	vɛɹlən	vɜlən	vɚlən	compound	verla|n	0.3333333333333333	0.8	0.8	vɜɹlən	vɜlən	0.5	0.8
versewright	vɜːɹsɹaɪt	vɜsɹaɪt	vɜsjuɹaɪt	vɚsɚaɪt	compound	verse|wright	0.14285714285714285	0.3333333333333333	0.42857142857142855	vɜɹsɹaɪt	vɜsɹaɪt	0.0	0.14285714285714285
verteporfin	vɜːɹtɪpɔːɹfɪn	vɜtɛpɔɹfɪn	vɜtɪpɔfɪn	vɚtɛpɚfɪn	compound	vertep|orf|in	0.2	0.2222222222222222	0.5555555555555556	vəɹtɛpəɹfɪn	vɜtɪpɔfɪn	0.2727272727272727	0.2222222222222222
vesica	viːsɪkə	visikə	vɛsɪkə	vɛsɪkə	compound	ve|sica	0.16666666666666666	0.16666666666666666	0.16666666666666666	vɛsəkə	vɛzɪkə	0.3333333333333333	0.3333333333333333
vesicobullous	vɛsɪkoʊbʊləs	visɪkəʊbʊləs	vɛsɪkɒbʊləs	vɛsɪkəbəlus	compound	ve|sic|o|bullous	0.08333333333333333	0.18181818181818182	0.2727272727272727	vəsɪkəbʊləs	vɛzɪkɒbʌləs	0.18181818181818182	0.36363636363636365
vesicocele	vɛsɪkoʊsil	visɪkəʊsil	vɛsɪkəʊsəl	vɛsɪkəsl	compound	ve|sic|o|cele	0.1	0.1	0.25	vɛsɪkəʊsil	vɛzɪkɒsəl	0.0	0.4444444444444444
viceregency	vaɪsɹiːdʒəntsi	vaɪsɹidʒənsi	vaɪsɹidʒənsi	vaɪsɚɪdʒənsi	compound	vice|regency	0.08333333333333333	0.08333333333333333	0.25	vaɪsɚidʒənsi	vaɪsəɹɪdʒənsi	0.16666666666666666	0.23076923076923078
viceregent	vaɪsɹiːdʒənt	vaɪsɹidʒənt	vaɪsɹidʒənt	vaɪsɚɪdʒənt	compound	vice|regent	0.0	0.0	0.18181818181818182	vaɪsɹədʒənt	vaɪsəɹɪdʒənt	0.09090909090909091	0.16666666666666666
vidchat	vɪdtʃæt	vɪdtʃæt	vɪdtʃat	vɪdtʃət	compound	vid|chat	0.0	0.14285714285714285	0.14285714285714285	vɪdtʃæt	vɪdtʃæt	0.0	0.0
videophonic	vɪdiəfɒnɪk	vɪdɪəʊfɒnɪk	vɪdɪəʊfɒnɪk	vaɪdəʊfənɪk	compound	video|phonic	0.18181818181818182	0.18181818181818182	0.36363636363636365	vɪdiəʊfɑnɪk	vɪdɪəfɒnɪk	0.18181818181818182	0.1
vides	vaɪdz	vaɪdz	vaɪdz	vaɪdɪz	compound	vide|s	0.0	0.0	0.16666666666666666	vaɪdz	vaɪdz	0.0	0.0
videte	vaɪdiːti	vaɪdti	vaɪdit	vaɪdɪt	compound	vide|te	0.16666666666666666	0.16666666666666666	0.3333333333333333	vaɪdɪt	vaɪdit	0.3333333333333333	0.16666666666666666
vidual	vɪdjuəl	vaɪdjuəl	vɪdʒuəl	vɪdʒuəl	compound	vi|dual	0.125	0.14285714285714285	0.14285714285714285	vɪdʒəwəl	vɪdjuəl	0.375	0.0
vidya	vɪdjə	vɪdjə	vɪdɪə	vaɪdiə	compound	vid|ya	0.0	0.2	0.3333333333333333	vɪdjə	vɪdjə	0.0	0.0
vidê	vaɪdɪ	vɪdə	vɪdeə	vɪd	compound	[]	0.5	0.6	0.6666666666666666	vaɪdeɪ	vɪdeɪ	0.16666666666666666	0.4
view't	vjuːt	vjut	vjut	viɪt	compound	view|t	0.0	0.0	0.5	vjut	vjut	0.0	0.0
viewquake	vjuːkweɪk	vjukweɪk	vjukweɪk	vikweɪk	compound	view|quake	0.0	0.0	0.2857142857142857	vjukweɪk	vjukweɪk	0.0	0.0
vigogne	viɡoʊnjə	viɡəʊgni	vɪɡɒɡnɪ	vɪɡəɡn	compound	vigo|g|ne	0.375	0.7142857142857143	0.6666666666666666	vɪgəʊn	vɪɡəʊn	0.6666666666666666	0.5
vild	vaɪld	vaɪld	vɪld	vɪld	compound	vi|l|d	0.0	0.25	0.25	vɪld	vaɪld	0.25	0.0
vility	vaɪlɪti	vaɪlɪtj	vɪlɪti	vɪlɪti	compound	vi|lit|y	0.14285714285714285	0.16666666666666666	0.16666666666666666	vɪləɾi	vɪlɪti	0.5	0.16666666666666666
viloxazine	vɪlɒksəziːn	vaɪlɒksæzin	vaɪləksazin	vaɪləksəzin	compound	vi|lox|azine	0.18181818181818182	0.2727272727272727	0.18181818181818182	vɪlɒksəzin	vɪlɒksəzin	0.0	0.0
vinho	viːnjəʊ	vɪnhəʊ	vɪnhəʊ	vɪnhəʊ	compound	vin|ho	0.3333333333333333	0.3333333333333333	0.3333333333333333	vɪnəʊ	vɪnhəʊ	0.4	0.3333333333333333
vinylon	vaɪnɪlɒn	vaɪnɪlɒn	vɪnɪlən	vɪnilən	compound	vinyl|on	0.0	0.2857142857142857	0.42857142857142855	vɪn.əlɑn	vɪnɪlən	0.5	0.2857142857142857
violenter	vaɪələntɚ	vaɪələntɜ	vaɪəlɛntə	vaɪəʊləntɚ	compound	violent|er	0.1111111111111111	0.2222222222222222	0.1	vaɪəʊləntəɹ	vaɪələntə	0.2727272727272727	0.1111111111111111
viri	vaɪɹaɪ	vaɪi	viəɹi	vɪɹi	compound	vi|ri	0.75	0.8	0.75	vɪɹi	vɪɹi	0.75	0.75
virii	vaɪɹaɪ	vaɪiaɪ	vɪɹɪaɪ	vɪɹi	compound	vi|ri|i	0.16666666666666666	0.3333333333333333	0.75	vɪɹi	vɪɹi	0.75	0.75
virophage	vaɪɹəfeɪdʒ	vaɪɹəʊfeɪdʒ	vɪɹɒfɪdʒ	vɪɹəʊfɪdʒ	compound	vi|ro|phage	0.09090909090909091	0.375	0.3333333333333333	vaɪɹəfeɪdʒ	vaɪɹəfɪdʒ	0.0	0.1111111111111111
visard	vɪzəɹd	vɪsɑɹd	vɪsɑd	vaɪzɚd	compound	vis|ard	0.3333333333333333	0.6	0.5	vɪsɚd	vɪzəd	0.6	0.2
visto	vɪstəʊ	vɪstəʊ	vɪstəʊ	vɪstəʊ	compound	vist|o	0.0	0.0	0.0	vɪstəʊ	vɪstəʊ	0.0	0.0
vitellointestinal	vɪtɛloʊɪntɛstɪnəl	vɪtɛləʊɪntɛstɪnəl	vaɪtəlɔɪntɪstɪnəl	vaɪtɛlɔɪntɛstɪnəl	compound	vitello|intestinal	0.0	0.29411764705882354	0.17647058823529413	vaɪɾələʊɪntɛstɪnəl	vaɪtəlɔɪntɛstɪnəl	0.16666666666666666	0.23529411764705882
viverrine	vaɪvɛɹaɪn	vaɪvɹɹaɪn	vaɪvɪɹin	vaɪvɚɹɪn	compound	vive|r|rine	0.1111111111111111	0.375	0.25	vɪvɛɹin	vɪvəɹin	0.42857142857142855	0.5714285714285714
vivificate	vɪvɪfɪkeɪt	vɪvɪfɪkeɪi	vɪvɪfɪkeɪt	vɪvɪfɪkeɪt	compound	viv|ificat|e	0.1	0.0	0.0	vɪvɪfɪkeɪt	vɪvɪfɪkeɪt	0.0	0.0
volubile	vɒljʊbaɪl	vɒləbaɪl	vɒlubaɪl	vəʊləbɪl	compound	vol|u|bile	0.25	0.25	0.625	vɑljəbaɪl	vɒljubaɪl	0.2222222222222222	0.1111111111111111
volumic	vɒljuːmɪk	vɒlʌmɪk	vəlumɪk	vəʊləmɪk	compound	vol|um|ic	0.2857142857142857	0.2857142857142857	0.5	vəlumɪk	vəlumɪk	0.2857142857142857	0.2857142857142857
votress	vəʊtɹɪs	vəʊtɹɛs	vɒtɹəs	vɑtɹəs	compound	vo|tress	0.14285714285714285	0.5	0.5	vəʊtɹəs	vəʊtɹəs	0.14285714285714285	0.14285714285714285
votresses	vəʊtɹɪsɪz	vəʊtɹɛsɪz	vɒtɹəsɪz	vɑtɹəsɪz	compound	vo|tresses	0.1111111111111111	0.375	0.375	vɑtɹəsᵻz	vəʊtɹɛsɪz	0.5	0.1111111111111111
vouge	vuʒ	vəʊui	vədʒ	vədʒ	compound	vo|ug|e	0.6	0.5	0.5	vuɪdʒ	vədʒ	0.4	0.5
vrbaite	vɜːɹbəaɪt	vɝbɑaɪt	viɑbeɪt	vɹbeɪt	compound	vrba|ite	0.42857142857142855	0.5714285714285714	0.5	vɚbaɪt	vɜbeɪt	0.5	0.5
vurp	vɜːɹp	vɜp	vɜp	vɚp	compound	v|urp	0.3333333333333333	0.3333333333333333	0.6666666666666666	vɜɹp	vɜp	0.0	0.3333333333333333
vyanjanabhakti	vjɑːndʒənəbɑːkti	vaɪɑndʒənɑbɑkti	vaɪəndʒanəbhakti	viændʒənəbækti	compound	vy|anja|na|bhakti	0.2	0.375	0.21428571428571427	vaɪənjəbɑkti	vaɪəndʒænəbhækti	0.5	0.375
vṛddhi	vɹɪdi	vɹɪdi	vilɛtəwɒnifaɪvbididieɪtʃaɪ	vdi	compound	[]	0.0	0.8461538461538461	0.6666666666666666	vəɹʌdi	vɛddi	0.3333333333333333	0.4
vṛddhied	vɹɪdiːd	vɹɪdid	vilɛtəwɒnifaɪvbididihaɪd	vdaɪd	compound	[]	0.0	0.7916666666666666	0.8	vəɹdidi	vɪdɪd	0.42857142857142855	0.4
wadn't	wʌdnt	wɒdnt	wɒdənt	wɑdnɪt	compound	wad|nt	0.2	0.3333333333333333	0.3333333333333333	wɑdənt	wɒdənt	0.3333333333333333	0.3333333333333333
waff	wæf	wæf	wɒf	wɔf	compound	w|aff	0.0	0.3333333333333333	0.3333333333333333	wɑf	wɒf	0.3333333333333333	0.3333333333333333
waggie	wæɡi	wæɡi	waɡi	wɑɡi	compound	wagg|ie	0.0	0.25	0.25	wægi	wæɡi	0.25	0.0
waistcoateer	wɛskətɪɚ	weɪstkəʊteə	weɪstkəʊtiə	wɔstkəʊtɚ	compound	waistcoat|eer	0.5454545454545454	0.5454545454545454	0.4444444444444444	weɪstkəʊətiɚ	weɪstkəʊtiə	0.5	0.5454545454545454
waly	weɪleɪ	wɔlj	wɑli	wɔli	compound	wal|y	1.0	1.0	1.0	weɪli	weɪli	0.4	0.4
wambulance	wæmbjələns	wæmbjʊləns	wambjʊləns	wɑmbjələns	compound	w|ambulance	0.1	0.2	0.1	wɑmbjələns	wɒmbjʊləns	0.1	0.2
wamus	wɑːmʊs	wɑməs	waməs	wɑməs	compound	wa|mus	0.2	0.4	0.2	wɑməs	wɔməs	0.2	0.4
wanghee	weɪŋhi	wæŋhi	waŋɡi	wɔŋi	compound	wang|hee	0.4	0.6	0.75	wæŋhi	wæŋhi	0.4	0.4
wankpuffin	wæŋkpʌfɪn	wænkpʌfɪn	waŋkpəfɪn	wɔŋkpʌfɪn	compound	wank|puffin	0.1111111111111111	0.2222222222222222	0.1111111111111111	wæŋkpʌfɪn	wæŋkpʌfɪn	0.0	0.0
wantokism	wɑntɒkɪzəm	wɒntɒkɪzəm	wɒntəʊkɪzəm	wɑntəʊkɪzəm	compound	wantok|ism	0.1	0.2727272727272727	0.18181818181818182	wɑntəkɪzəm	wɒntəkɪzəm	0.1	0.2
wantonize	wɒntənaɪz	wɒntənaɪz	wɒntənaɪz	wɑntənaɪz	compound	wanton|ize	0.0	0.0	0.1111111111111111	wɑntənaɪz	wɒntənaɪz	0.1111111111111111	0.0
warbow	wɔːɹbəʊ	wɔɹbəʊ	wɔbəʊ	wɔɹbəʊ	compound	warb|ow	0.0	0.2	0.0	wɔɹbəʊ	wɔbəʊ	0.0	0.2
warrah	wɑɹɑ	wɔɹɑ	wɒɹə	wɔɹə	compound	warr|ah	0.25	0.5	0.5	wɔɹə	wɒɹə	0.5	0.5
warrantise	wɒɹəntaɪz	wɒɹəntaɪz	wɒɹantaɪz	wɔɹæntɪs	compound	warrant|ise	0.0	0.1111111111111111	0.5	wɒɹəntaɪz	wɒɹəntaɪz	0.0	0.0
wassat	wɒsæt	wɑsæt	wɒsat	wɑsət	compound	wass|at	0.2	0.2	0.4	wɑsæt	wɒsæt	0.2	0.0
wavefunction	weɪvfʌŋkʃən	weɪvfʌŋkʃən	weɪvfʌŋkʃən	weɪvfəŋkʃən	compound	wave|function	0.0	0.0	0.09090909090909091	weɪvfʌŋkʃən	weɪvfʌŋkʃən	0.0	0.0
wayed	weɪd	weɪd	weɪd	weɪd	compound	waye|d	0.0	0.0	0.0	weɪd	weɪd	0.0	0.0
waywode	weɪwəʊd	weɪwəʊd	weɪwəʊd	weɪwəʊd	compound	way|wode	0.0	0.0	0.0	weɪwəʊd	weɪwəʊd	0.0	0.0
weaponization	wɛpənəzeɪʃɪn	wɛpənaɪzeɪʃən	wɛpənaɪzeɪʃən	wipənɪzeɪʃən	compound	weapon|ization	0.23076923076923078	0.23076923076923078	0.25	wɛpənəzeɪʃən	wɛpənaɪzeɪʃən	0.08333333333333333	0.23076923076923078
webhook	wɛbhʊk	wɛbhʊk	wɛbhʊk	wɛbhʊk	compound	web|hook	0.0	0.0	0.0	wɛbhʊk	wɛbhʊk	0.0	0.0
webhooks	wɛbhʊks	wɛbhʊks	wɛbhʊks	wɛbhʊks	compound	web|hooks	0.0	0.0	0.0	wɛbhʊks	wɛbhʊks	0.0	0.0
weeb	wiːb	wib	wib	wib	compound	wee|b	0.0	0.0	0.0	wib	wib	0.0	0.0
weiqi	weɪtʃiː	weɪkaɪ	waɪki	wiki	compound	wei|qi	0.5	0.6	1.0	weɪki	weɪki	0.4	0.4
weskit	wɛskət	wɛskɪt	wɛskɪt	wɛskɪt	compound	wes|kit	0.16666666666666666	0.16666666666666666	0.16666666666666666	wɛskɪt	wɛskɪt	0.16666666666666666	0.16666666666666666
wff	wɪf	wff	dʌbəljuɛfɛf	wf	compound	w|f|f	0.3333333333333333	0.9090909090909091	0.5	wff	djuf	0.3333333333333333	0.75
wheek	ʍiːk	wik	wik	wik	compound	whee|k	0.3333333333333333	0.3333333333333333	0.3333333333333333	wik	wik	0.3333333333333333	0.3333333333333333
when'd	wɛnd	wɛnd	wɛnd	wɛnzd	compound	when|d	0.0	0.0	0.2	wɛnd	wɛnd	0.0	0.0
whenceafter	ʍɛnsɑːftə	wɛnsɑftə	wɛnsiftə	wɛnsəftɚ	compound	whence|after	0.125	0.25	0.375	wɛnsfæftɚ	wɛnsɪftə	0.4444444444444444	0.25
wherenot	wɛəɹnɒt	weənɒt	weənɒt	wɛɹənət	compound	where|not	0.3333333333333333	0.3333333333333333	0.42857142857142855	wɪɹnɑt	weənɒt	0.5	0.3333333333333333
wherethan	ʍɛəðæn	weəðən	weəθən	wɛɹɪθən	compound	where|than	0.5	0.6666666666666666	0.7142857142857143	wɛɹðən	weəθən	0.5	0.6666666666666666
whewellite	hjuːəlaɪt	fjuɛlaɪt	wjuɪlaɪt	wuɛlɪt	compound	whew|ell|ite	0.25	0.25	0.6666666666666666	fjuəlaɪt	wiwɪlaɪt	0.125	0.5
whichsoe'er	wɪtʃsəʊɛə	hwɪtʃɪzəʊɜ	wɪtʃsəʊə	waɪksəʊzɚ	compound	whichs|oe|er	0.5	0.125	0.5555555555555556	wɪtʃsəʊɚ	wɪtʃsəʊə	0.25	0.125
whichth	wɪtʃθ	wɪtʃθ	wɪtʃθ	wɪkθ	compound	which|th	0.0	0.0	0.5	wɪtʃθ	wɪtʃθ	0.0	0.0
whimberry	ʍɪmbɛɹi	wɪmbɛɹi	wɪmbəɹi	wɪmbɛɹi	compound	whim|berry	0.14285714285714285	0.2857142857142857	0.14285714285714285	wɪnbəɹi	wɪmbəɹi	0.42857142857142855	0.2857142857142857
whipjack	wɪpdʒæk	wɪpdʒæk	wɪpdʒak	wɪpdʒæk	compound	whip|jack	0.0	0.14285714285714285	0.0	wɪpdʒæk	wɪpdʒæk	0.0	0.0
whitelash	hwaɪtlæʃ	waɪtlæʃ	waɪtlaʃ	waɪtləʃ	compound	white|lash	0.14285714285714285	0.2857142857142857	0.2857142857142857	waɪtlæʃ	waɪtlæʃ	0.14285714285714285	0.14285714285714285
who'da	huːdə	hudə	wɒdə	wəʊdə	compound	whod|a	0.0	0.5	0.6	hudə	hudə	0.0	0.0
whoe'er	huːɛɚ	hueə	wəʊə	wəʊzɚ	compound	who|eer	0.5	1.0	0.8	huɚ	wuə	0.3333333333333333	1.0
whoes	huːz	huiz	wəʊz	wəʊz	compound	who|es	0.25	0.75	0.75	huz	wəʊz	0.0	0.75
whom're	ʍuːmə	humɹeɪ	humə	wəmɚ	compound	whom|re	0.6666666666666666	0.25	0.75	humɚ	wəʊmə	0.5	0.6
whoobub	huːbʌb	wubʌb	wubʌb	wubəb	compound	whoo|bub	0.2	0.2	0.4	wubʌb	wubʌb	0.2	0.2
whyn't	waɪnt	waɪnt	waɪənt	wɪnɪt	compound	why|nt	0.0	0.16666666666666666	0.4	waɪnt	wɪnt	0.0	0.25
wiccaphobe	wɪkəfoʊb	wɪkəfəʊb	wɪkəfəʊb	wɪtʃəfəʊb	compound	wicca|phobe	0.0	0.0	0.2222222222222222	wɪkəfəʊb	wɪkəfəʊb	0.0	0.0
wid	wɪd	wɪd	wɪd	wɪd	compound	wi|d	0.0	0.0	0.0	wɪd	wɪd	0.0	0.0
wif	wɪf	wɪf	wɪf	wɪf	compound	wi|f	0.0	0.0	0.0	wɪf	wɪf	0.0	0.0
wiikite	viːkʌɪt	wikaɪt	wɪɪkaɪt	wɪɪkɪt	compound	wii|kite	0.3333333333333333	0.5714285714285714	0.6666666666666666	wikaɪt	wikaɪt	0.3333333333333333	0.3333333333333333
wikify	wɪkifaɪ	wɪkifaɪ	wɪkifaɪ	wɪkəfi	compound	wiki|fy	0.0	0.0	0.5	wɪkəfaɪ	wɪkɪfaɪ	0.14285714285714285	0.14285714285714285
windsome	waɪndsəm	waɪndsʌm	wɪndsʌm	wɪndsəm	compound	wind|some	0.125	0.2857142857142857	0.14285714285714285	wɪndsʌm	wɪndsʌm	0.2857142857142857	0.2857142857142857
wingnut	wɪŋnʌt	wɪŋnʌt	wɪŋnʌt	wɪŋnət	compound	wing|nut	0.0	0.0	0.16666666666666666	wɪŋnʌt	wɪŋnʌt	0.0	0.0
wingnuttery	wɪŋnʌtəɹi	wɪŋnʌtəɹi	wɪŋnətəɹi	wɪŋnʌtɚi	compound	wing|nuttery	0.0	0.1111111111111111	0.25	wɪŋnʌɾəɹi	wɪŋnʌtəɹi	0.1111111111111111	0.0
wirble	wɜːɹbəl	wɪɹbəl	wɜbəl	wɚbəl	compound	wi|r|ble	0.16666666666666666	0.2	0.4	wɚbəl	wɜbəl	0.4	0.2
wirebird	waɪəbɜːd	waɪəbɜd	waɪəbɜd	waɪɚbɚd	compound	wire|bird	0.0	0.0	0.2857142857142857	waɪəɹbɜɹd	waɪəbɜd	0.2222222222222222	0.0
wiseass	waɪzæs	waɪzæs	waɪsas	waɪzəs	compound	wise|ass	0.0	0.3333333333333333	0.16666666666666666	waɪsæs	waɪzəs	0.16666666666666666	0.16666666666666666
witcha	wɪtʃə	wɪtʃə	wɪtʃə	wɪtʃə	compound	witch|a	0.0	0.0	0.0	wɪtʃə	wɪtʃə	0.0	0.0
with't	wɪθt	wɪðt	wɪθt	wɪθɪt	compound	with|t	0.25	0.0	0.2	wɪðt	wɪθt	0.25	0.0
witherward	wɪðəɹwəɹd	wɪðəwɔd	wɪðɜwəd	wɪðɚwɚd	compound	wither|ward	0.42857142857142855	0.42857142857142855	0.5714285714285714	wɪðəɹwəɹd	wɪðəwəd	0.0	0.2857142857142857
witherweight	wɪðəɹweɪt	wɪðəweɪt	wɪðəweɪt	wɪðɚwaɪt	compound	wither|weight	0.125	0.125	0.375	wɪðəɹweɪt	wɪðəweɪt	0.0	0.125
witherwin	wɪðəɹwɪn	wɪðəwɪn	wɪðəwɪn	wɪðɚwɪn	compound	wither|win	0.14285714285714285	0.14285714285714285	0.2857142857142857	wɪðɚwɪn	wɪðɜwɪn	0.2857142857142857	0.2857142857142857
wiv	wɪv	wɪv	wɪv	wɪv	compound	wi|v	0.0	0.0	0.0	wɪv	wɪv	0.0	0.0
wodjil	wɑdʒɪl	wɑddʒɪl	wɒdʒɪl	wɔdʒəl	compound	wod|jil	0.14285714285714285	0.16666666666666666	0.3333333333333333	wɑdʒəl	wɒdʒəl	0.16666666666666666	0.3333333333333333
woesome	wəʊsəm	wəʊsʌm	wəʊsʌm	wəʊsəm	compound	woe|some	0.16666666666666666	0.16666666666666666	0.0	wəʊsʌm	wəʊsʌm	0.16666666666666666	0.16666666666666666
wolfpack	wʊlfpæk	wʊlfpæk	wʊlfpak	wɔlfpæk	compound	wolf|pack	0.0	0.14285714285714285	0.14285714285714285	wʊlfpæk	wʊlfpæk	0.0	0.0
womana	wʊmɑːnə	wʊmənə	wʊmənə	wəʊmənə	compound	woman|a	0.16666666666666666	0.16666666666666666	0.2857142857142857	wʊmənə	wʊmænə	0.16666666666666666	0.16666666666666666
womanface	wʊmənfeɪs	wʊmənfeɪs	wʊmənfeɪs	wəʊmənfeɪs	compound	woman|face	0.0	0.0	0.1	wʊmənfeɪs	wʊmənfeɪs	0.0	0.0
wombmate	wuːmmeɪt	wummeɪt	wɒmbmeɪt	wɑmbmeɪt	compound	womb|mate	0.0	0.25	0.25	wumeɪt	wʊmmeɪt	0.16666666666666666	0.14285714285714285
wonderfool	wʌndəɹfʊɫ	wʌndəful	wʌndəful	wɔndɚful	compound	wonder|fool	0.25	0.25	0.5	wʌndəɹful	wʌndəful	0.1111111111111111	0.25
woodnymph	wʊdnɪmf	wʊdnɪmf	wʊdnɪmf	wʊdnɪmf	compound	wood|nymph	0.0	0.0	0.0	wʊdnɪmf	wʊdnɪmf	0.0	0.0
woodwose	wʊdwəʊz	wʊdwəʊzi	wʊdwəʊs	wʊdwəʊz	compound	wood|wos|e	0.125	0.14285714285714285	0.0	wʊdwəʊz	wʊdwʊz	0.0	0.16666666666666666
woohoo	wuːhuː	wuhu	wuhu	wʊhʊ	compound	woo|hoo	0.0	0.0	0.5	wuhu	wʊhu	0.0	0.25
woolily	wʊlɪli	wulɪli	wʊlili	wuləli	compound	woo|lily	0.16666666666666666	0.16666666666666666	0.3333333333333333	wʊlili	wʊlɪli	0.16666666666666666	0.0
worcesterberry	wʊstəɹbɛɹi	wʊstɝbɛɹi	wʊstəbəɹi	wɔɹsɛstɚbɛɹi	compound	worcester|berry	0.2222222222222222	0.2222222222222222	0.5	wɚstəbɚɹi	wɜstəbəɹi	0.3333333333333333	0.3333333333333333
woz	wəz	wəʊz	wɒz	wəʊz	compound	wo|z	0.25	0.3333333333333333	0.25	wɑz	wɒz	0.3333333333333333	0.3333333333333333
wudn't	wədnt	wudnt	wʌdənt	wʌdnɪt	compound	wu|d|nt	0.2	0.3333333333333333	0.3333333333333333	wʌdənt	wʌdənt	0.3333333333333333	0.3333333333333333
xalam	kɑlɑm	ksəlæm	zalam	ksələm	compound	x|alam	0.5	0.6	0.5	ʃəlɑm	zælæm	0.4	0.6
xat	kɑt	ksæt	zat	ksət	compound	x|at	0.5	0.6666666666666666	0.5	ʃɑt	zæt	0.3333333333333333	0.6666666666666666
xe	ksiː	ksi	zi	ksi	compound	x|e	0.0	1.0	0.0	ksi	zɛ	0.0	1.5
xem	ksɛm	ksəm	zɛm	ksɪm	compound	x|em	0.25	0.6666666666666666	0.25	ɛksəm	zɛm	0.4	0.6666666666666666
xenarthral	zənɑɹθɹəl	zənɑɹθɹəl	zɛnɑθɹəl	ksɪnɑɹθɹəl	compound	xenarthra|l	0.0	0.25	0.3	zənɑɹθɹəl	zənɑθɹəl	0.0	0.125
xenoarchitecture	zɛnəɑɹkətɛktʃɚ	zɛnəɑkɪtɛktʃə	zɛnəʊɑkaɪtktʃə	ksinɔɹtʃɪtɪktʃɚ	compound	xeno|architecture	0.23076923076923078	0.42857142857142855	0.6	zɛnəʊɑɹkətɛktʃəɹ	zɛnɔkɪtɛktʃə	0.1875	0.4166666666666667
xenobacteriology	zɛnəbæktɪəɹɪɒlədʒi	zɛnəbæktiəɹɪɒlədʒi	zɛnəʊbəktiəɹiɒlədʒi	jɛnəbæktɛɹiələdʒi	compound	xeno|bacteriology	0.05555555555555555	0.21052631578947367	0.29411764705882354	zɛnəʊbæktɪɹiɑlədʒi	zɛnəʊbæktəɹɪɒlədʒi	0.2222222222222222	0.1111111111111111
xenocide	zɛnəsaɪd	zɛnəsaɪd	zɛnəʊsaɪd	jɛnəsaɪd	compound	xeno|cide	0.0	0.1111111111111111	0.125	zi.nəsaɪd	zɛnəsaɪd	0.2222222222222222	0.0
xenocytology	zɛnəsaɪtɑlədʒi	zɛnəsaɪtɒlədʒi	zɛnəʊsɪtɒlədʒi	jɛnəsɪtələdʒi	compound	xeno|cytology	0.07142857142857142	0.21428571428571427	0.23076923076923078	zɛnəsaɪtɑlədʒi	zɛnəʊsɪtɒlədʒi	0.0	0.21428571428571427
xenoencyclopedia	zɛnəɪnsaɪkləpiːdiə	zɛnəɛnsaɪkləʊpidiə	zɛnəʊɛnsaɪkləʊpidiə	ksinəʊnsɪkləpidiə	compound	xeno|encyclopedia	0.1111111111111111	0.15789473684210525	0.29411764705882354	zinəʊɛnsaɪkləpidiə	zɛnəʊɛnsɪkləpidiə	0.16666666666666666	0.17647058823529413
xenoethics	zɛnəɛθɪks	zɛnəɛθɪks	zɛnəʊɛθɪks	ksinəʊθɪks	compound	xeno|ethics	0.0	0.1	0.4	zinəʊɛθɪks	zɛnəʊɛθɪks	0.2	0.1
xenofiction	zɛnəfɪkʃən	zɛnəfɪkʃən	zɛnəʊfɪkʃən	jɛnəfɪkʃən	compound	xeno|fiction	0.0	0.09090909090909091	0.1	zɛnəʊfɪkʃən	zɛnəfɪkʃən	0.09090909090909091	0.0
xenogeology	zɛnədʒiːɑlədʒɪ	zɛnədʒɪɒlədʒi	zɛnəʊdʒɪɒlədʒi	jɛnəʊdʒəʊlədʒi	compound	xeno|geology	0.23076923076923078	0.2857142857142857	0.35714285714285715	zinəʊdʒiɑlədʒi	zɛnəʊdʒɪɒlədʒi	0.21428571428571427	0.2857142857142857
xenoglossia	zɛnəɡlɒsiə	zɛnəɡlɒsiə	zɛnəʊɡlɒsiə	jɛnəɡləsiə	compound	xeno|gloss|ia	0.0	0.09090909090909091	0.2	zənəɡlɒsiə	zɛnəɡlɒsiə	0.1	0.0
xenoglossy	zɛnəɡlɒsi	zɛnəɡlɒsi	zɛnəʊɡlɒsi	jɛnəɡləsi	compound	xeno|glossy	0.0	0.1	0.2222222222222222	zənəglɑsi	zɛnəɡlɒsi	0.3333333333333333	0.0
xenohistory	zɛnəhɪstəɹi	zɛnəhɪstəɹi	zɛnəʊhɪstəɹi	jɛnəhɪstɔɹi	compound	xeno|history	0.0	0.08333333333333333	0.18181818181818182	zinəʊhɪstəɹi	zɛnəʊhɪstəɹi	0.16666666666666666	0.08333333333333333
xenomedicine	zɛnəmɛdsɪn	zɛnəmɛdsən	zɛnəʊmɛdɪsin	jɛnəmɛdɪsaɪn	compound	xeno|medicine	0.1	0.25	0.25	zinəʊmɛdəsən	zɛnəʊmɛdɪsin	0.3333333333333333	0.25
xenomicrobiology	zɛnəmaɪkɹoʊbaɪɑlədʒi	zɛnəmaɪkɹəʊbaɪɒlədʒi	zɛnəʊmaɪkɹəʊbaɪɒlədʒi	jɛnəmɪkɹəʊbiɑlədʒi	compound	xeno|microbiology	0.05	0.09523809523809523	0.2222222222222222	zɛnəʊmaɪkɹəʊbaɪɑlədʒi	zɛnəʊmɪkɹəʊbaɪɒlədʒi	0.047619047619047616	0.15
xenomythology	zɛnəmɪθɒlədʒi	zɛnəmɪθɒlədʒi	zɛnəʊmɪθɒlədʒi	jɛnəmiθələdʒi	compound	xeno|mythology	0.0	0.07142857142857142	0.23076923076923078	zənəmɪθɒləd͡ʒi	zɛnəʊmɪθɒlədʒi	0.14285714285714285	0.07142857142857142
xenopathology	zɛnəpəθɒlədʒi	zɛnəpæθɒlədʒi	zɛnəʊpəθɒlədʒi	ksɪnəpəθələdʒi	compound	xeno|pathology	0.07692307692307693	0.07142857142857142	0.2857142857142857	zɛnəpəθɑlədʒi	zɛnəpəθɒlədʒi	0.07692307692307693	0.0
xenopsychiatry	zɛnəɛθsaɪkaɪətɹi	zɛnəsaɪkaɪətɹi	zɛnəʊsaɪkɪətɹi	ksɪnəpsɪtʃiətɹi	compound	xeno|psychiatry	0.14285714285714285	0.21428571428571427	0.6	zɛnəʊsaɪkaɪətɹi	zɛnəpsɪkɪətɹi	0.13333333333333333	0.3076923076923077
xenoscience	zɛnəsaɪəns	zɛnəsaɪəns	zɛnəʊsaɪəns	ksinəʊsiəns	compound	xeno|science	0.0	0.09090909090909091	0.5454545454545454	zinəʊsaɪ.əns	zɛnəʊsaɪəns	0.25	0.09090909090909091
xenosociology	zɛnəsəʊʃiːɒlədʒiː	zɛnəsəʊsɪɒlədʒi	zɛnəʊsəʊsɪɒlədʒi	ksinəsəʊʃələdʒi	compound	xeno|sociology	0.13333333333333333	0.1875	0.3333333333333333	zinəʊsəʊsiɑlədʒi	zɛnəsəʊsɪɒlədʒi	0.25	0.13333333333333333
xianbing	ʃjænbɪŋ	zjɑnbɪŋ	zaɪənbɪŋ	ksiænbɪŋ	compound	xian|bing	0.2857142857142857	0.5	0.375	ʃiɑnbɪŋ	ʒaɪənbɪŋ	0.2857142857142857	0.5
xiangqi	ʃɑːŋtʃi	ʃiɑŋkaɪ	zaɪəŋki	ksiæŋɡki	compound	xiang|qi	0.5714285714285714	0.8571428571428571	0.75	ʃiɑŋtʃi	ʒiæŋki	0.14285714285714285	0.8333333333333334
xiangsheng	ʃiɑŋʃʌŋ	ʃiɑŋʃɛŋ	zaɪəŋʃɛŋ	ksiæŋʃɪŋ	compound	xiang|sheng	0.14285714285714285	0.625	0.5	ʃiɑŋʃɛŋ	ʒaɪæŋʃɛŋ	0.14285714285714285	0.625
xingshu	ʃɪŋʃu	ʃɪŋʃu	zɪŋʃu	ksɪŋʃu	compound	xing|shu	0.0	0.2	0.3333333333333333	ʃɪŋʃu	zɪŋʃu	0.0	0.2
xnipec	ʃnipɛk	ksnɪpɛk	ɛksnaɪpək	ɪnaɪpɪk	compound	x|nip|ec	0.42857142857142855	0.6666666666666666	0.5714285714285714	ɛksnɪpɛk	znaɪpɛk	0.5	0.42857142857142855
xor	kszoɹ	ksɔ	zɔ	ksɚ	compound	x|or	1.0	2.0	1.0	ɛksoɹ	zɔ	0.4	2.0
xun	ʃuːn	zun	zʌn	kʌn	compound	xu|n	0.3333333333333333	0.6666666666666666	0.6666666666666666	zun	zʌn	0.3333333333333333	0.6666666666666666
y'all'd	jɔld	jɑld	jɔld	izælɪd	compound	yall|d	0.25	0.0	0.6666666666666666	jɑl.d	jɔld	0.4	0.0
y'all'd've	jɔldəv	jɑldvi	jaldəv	izælɪdɪv	compound	yall|d|ve	0.5	0.16666666666666666	0.625	jɑl.dəv	jɔldəv	0.2857142857142857	0.0
y'ave	jæv	jəvi	jeɪv	izeɪv	compound	ya|ve	0.5	0.5	0.8	jɑv	jeɪv	0.3333333333333333	0.5
y'knew	jənu	jnju	jənju	iznu	compound	y|knew	0.5	0.2	0.5	jənu	junju	0.0	0.4
y'know	jənəʊ	jnəʊ	jənəʊ	jənəʊ	compound	y|know	0.25	0.0	0.0	jənəʊ	jɛnəʊ	0.0	0.2
y'see	jəsiː	waɪzi	jəsi	izi	compound	ys|ee	0.8	0.0	1.0	jəsi	jisi	0.0	0.25
yabbie	jæbi	jæbi	jabi	jæbi	compound	yabbi|e	0.0	0.25	0.0	jæbɪ	jæbi	0.25	0.0
yakky	jæki	jæki	jaki	jæki	compound	yak|ky	0.0	0.25	0.0	jæki	jæki	0.0	0.0
yamboo	jæmbuː	jæmbu	jambu	jæmbu	compound	yam|boo	0.0	0.2	0.0	jæmbu	jæmbu	0.0	0.0
yandere	jɑːndɛɹeɪ	jændɪə	jandiə	jændɚ	compound	yan|dere	0.8333333333333334	0.8333333333333334	1.0	jɑndɛɹeɪ	jændə	0.0	1.0
yappuccino	jæpətʃiːnoʊ	jæputʃinəʊ	japutʃinəʊ	jæputʃɪnəʊ	compound	yapp|ucci|no	0.1	0.2	0.2	jæpət͡ʃinəʊ	jəputʃinəʊ	0.09090909090909091	0.2
yclad	ɪklæd	jklæd	ɪklad	ɪkləd	compound	y|clad	0.2	0.2	0.2	ɪklæd	aɪklæd	0.0	0.16666666666666666
yeen	jiːn	jin	jin	jin	compound	yee|n	0.0	0.0	0.0	jin	jin	0.0	0.0
yeep	jiːp	jip	jip	jip	compound	yee|p	0.0	0.0	0.0	jip	jip	0.0	0.0
yelt	jɛlt	jɛlt	jɛlt	jɛlt	compound	ye|l|t	0.0	0.0	0.0	jɛlt	jɛlt	0.0	0.0
yere	jiɚ	jəi	jɜ	jɛɹ	compound	yer|e	0.6666666666666666	1.0	0.6666666666666666	jɪɹ	jɪə	0.6666666666666666	0.6666666666666666
yes'm	jɛsəm	jɛsm	jɛsm	jɛsɪm	compound	yes|m	0.25	0.25	0.2	jɛsm	jɛzəm	0.25	0.2
yet's	jɛts	jɛtz	jɛts	jɛts	compound	yet|s	0.25	0.0	0.0	jɛts	jɛts	0.0	0.0
yinglet	jɪŋlət	jɪŋlɛt	jɪŋɡlɪt	jɪŋɡəlt	compound	ying|let	0.16666666666666666	0.2857142857142857	0.2857142857142857	jɪŋgəlɪt	jɪŋɡlət	0.375	0.14285714285714285
yo'll	jɔl	jəʊll	jəʊəl	jəʊl	compound	yo|l|l	0.6	0.6	0.5	jɔl	jəʊl	0.0	0.5
yosenabe	joʊsɛnɑːbeɪ	jəʊsɛnəbi	jəʊsneɪb	jəʊsənəb	compound	yo|sena|be	0.3333333333333333	0.5	0.5	jɒsəneɪb	jəʊsneɪb	0.75	0.5
you'dn't've	juːdəntəv	judntvi	judəntəv	judnɪtɪv	compound	youd|nt|ve	0.42857142857142855	0.0	0.375	ju.dn̩.təv	judəntiv	0.4	0.125
youngin	jʌŋɪn	jʌŋɪn	jʌŋɡɪn	jʌndʒɪn	compound	young|in	0.0	0.16666666666666666	0.42857142857142855	jʌŋgɪn	jʌŋɡɪn	0.16666666666666666	0.16666666666666666
youthenize	juːθənaɪz	juθənaɪz	juθənaɪz	juθənaɪz	compound	youthen|ize	0.0	0.0	0.0	juθənaɪz	juθənaɪz	0.0	0.0
yuge	juːdʒ	judʒ	judʒ	judʒ	compound	yu|ge	0.0	0.0	0.0	judʒ	judʒ	0.0	0.0
yumtastic	jʌmtæstɪk	jʌmtæstɪk	jumteɪstɪk	jʌmtæstɪk	compound	yum|tastic	0.0	0.3	0.0	jʌmtæstɪk	jʌmtæstɪk	0.0	0.0
zaikai	zaɪkaɪ	zɑaɪkaɪ	zeɪkaɪ	zeɪkeɪ	compound	za|i|kai	0.14285714285714285	0.16666666666666666	0.3333333333333333	zeɪkaɪ	zaɪkaɪ	0.16666666666666666	0.0
zanzhi	zændʒi	zændʒi	zanʒaɪ	zænzi	compound	zan|zhi	0.0	0.6666666666666666	0.4	zɑndʒi	zænzhi	0.16666666666666666	0.3333333333333333
zeppola	zɛpələ	zɛpəʊlə	zɛpəʊlə	zɛpəʊlə	compound	zepp|ola	0.14285714285714285	0.14285714285714285	0.14285714285714285	zɪpəʊlə	zɛpəʊlə	0.2857142857142857	0.14285714285714285
zequals	ziːkwəlz	zikwəlz	zikwəlz	zikwəlz	compound	z|equals	0.0	0.0	0.0	zikwəlz	zikwəlz	0.0	0.0
zerbert	zɜːɹbəɹt	zɜɹbɝt	zɜbət	zɚbɚt	compound	zer|bert	0.3333333333333333	0.4	0.8	zɚbɚt	zɜbət	0.8	0.4
zerg	zɜːɹɡ	zɜɹg	zɜɡ	zɚɡ	compound	zer|g	0.25	0.3333333333333333	0.6666666666666666	zɜɹg	zɜg	0.25	0.6666666666666666
zhiqing	dʒɪtʃɪŋ	dʒikɪŋ	ʒaɪkɪŋ	zikɪŋ	compound	zhi|qing	0.5	0.6666666666666666	1.0	dʒɪkɪŋ	ʒaɪkɪŋ	0.3333333333333333	0.6666666666666666
zhuangyuan	dʒwɑːŋjuæn	dʒwɑŋjuən	ʒjuəŋjuən	zhjuəndʒjuən	compound	zhuang|yuan	0.1111111111111111	0.5555555555555556	0.75	dʒwɑŋgjuɑn	ʒwɑndʒjuən	0.2	0.5
zilde	zɪldi	zɪldə	zɪldə	zɪld	compound	zil|de	0.2	0.2	0.25	zɪld	zaɪld	0.25	0.4
zincian	zɪŋkɪən	zɪŋkiən	zɪnʃiən	zɪnʃən	compound	zinc|ian	0.14285714285714285	0.42857142857142855	0.5	zɪŋkən	zɪnʃən	0.16666666666666666	0.5
zincy	zɪŋki	zɪŋkj	zɪnsi	zɪnsi	compound	zinc|y	0.2	0.4	0.4	zɪŋki	zɪnsi	0.0	0.4
zinefan	ziːnfæn	zinfæn	zaɪnfən	zɪnfən	compound	zine|fan	0.0	0.42857142857142855	0.3333333333333333	zɪnɪfæn	zaɪnfən	0.2857142857142857	0.42857142857142855
zoarchaeologist	zəʊɑːkiːɒlədʒɪst	zəʊɑkiɒlədʒɪst	zɔkiɒlədʒɪst	zɔɹtʃeɪəʊlədʒɪst	compound	z|o|archaeologist	0.0	0.25	0.5	zəʊɑɹkiɑlədʒɪst	zɔkiɒlədʒɪst	0.13333333333333333	0.25
zoeas	zoʊiəz	zəʊiəz	ziəz	zəʊz	compound	zoea|s	0.0	0.5	0.5	zəʊiəz	zəʊiəz	0.0	0.0
zoid	zoʊɪd	zɔɪd	zɔɪd	zɔɪd	compound	z|oid	0.5	0.5	0.5	zɔɪd	zɔɪd	0.5	0.5
zolazepam	zəlæzɪpæm	zəʊləzɛpəm	zɒleɪzpam	zəʊləzpəm	compound	zola|zepa|m	0.4	0.5555555555555556	0.4444444444444444	zəʊlæz.əpæm	zəʊleɪzɛpæm	0.2727272727272727	0.36363636363636365
zolimidine	zəlɪmɪdɪn	zɒlɪmɪdɪni	zɒlɪmɪdin	zəʊlɪmɪdɪn	compound	zol|imid|in|e	0.2	0.2222222222222222	0.1	zɑləmɪdin	zəlɪmɪdin	0.3333333333333333	0.1111111111111111
zomb	zɒmb	zɒmb	zɒm	zɑm	compound	z|om|b	0.0	0.3333333333333333	0.6666666666666666	zɑmb	zəʊm	0.25	0.75
zombiephile	zɒmbifaɪl	zɒmbifaɪl	zɒmbɪfaɪl	zɑmbiɛfɪl	compound	zombie|phile	0.0	0.1111111111111111	0.3333333333333333	zɑmbifaɪl	zɒmbɪfaɪl	0.1111111111111111	0.1111111111111111
zoodles	zuːdəlz	zudəlz	zudəlz	zudəlz	compound	z|oodles	0.0	0.0	0.0	zudəlz	zʊdəlz	0.0	0.16666666666666666
zooeae	zoʊii	zəʊiəi	zui	zui	compound	zooea|e	0.16666666666666666	1.0	1.0	zuii	zuii	0.5	0.5
zooey	zuːi	zui	zui	zui	compound	zoo|ey	0.0	0.0	0.0	zuɪ	zui	0.3333333333333333	0.0
zoomie	zuːmi	zumi	zumi	zumi	compound	zoom|ie	0.0	0.0	0.0	zumi	zumi	0.0	0.0
zoop	zuːp	zup	zup	zup	compound	zoo|p	0.0	0.0	0.0	zup	zup	0.0	0.0
zoopathology	zəʊəpəθɒlədʒi	zupæθɒlədʒi	zupəθɒlədʒi	zupəθələdʒi	compound	zoo|pathology	0.36363636363636365	0.2727272727272727	0.36363636363636365	zuəpəθɑlədʒi	zupəθɒlədʒi	0.25	0.2727272727272727
zooptic	zuːɒptɪk	zuptɪk	zuptɪk	zuptɪk	compound	zoo|p|tic	0.16666666666666666	0.16666666666666666	0.16666666666666666	zuptɪk	zəʊɒptɪk	0.16666666666666666	0.25
zoot	zuːt	zut	zut	zut	compound	zoo|t	0.0	0.0	0.0	zut	zut	0.0	0.0
zoëa	zoʊiə	zəʊiə	zɒɛə	zəʊə	compound	zoë|a	0.0	0.75	0.25	zəʊiə	zəʊə	0.0	0.25
zoëae	zoʊii	zəʊieɪ	zɒɪi	zəʊə	compound	zoë|ae	0.3333333333333333	0.75	0.5	zəʊiə	zəʊii	0.2	0.0
zubr	zuːbɚ	zəbɹ	zʌbə	zəbɹ	compound	z|u|b|r	0.5	0.5	0.5	zʌbəɹ	zʌbə	0.6	0.5
zun	zʊn	zən	zʌn	zʌn	compound	z|un	0.3333333333333333	0.3333333333333333	0.3333333333333333	zʌn	zʌn	0.3333333333333333	0.3333333333333333
zythum	zaɪθəm	zaθəm	zɪθəm	zɪθʌm	compound	zy|thum	0.2	0.2	0.4	zɪθəm	zaɪθəm	0.2	0.0
Ásatrú	ɑsɑtɹu	ɑsɑtɹu	əsatɹu	ɪsætɹ	compound	[]	0.0	0.3333333333333333	0.6	ɑsætɹu	asətɹu	0.16666666666666666	0.3333333333333333
Ålesund	ɔːləsʊnd	˨ɔləsʊnd	əlɛsʌnd	lsənd	compound	[]	0.125	0.42857142857142855	0.6	əʊlɪsʌnd	əʊlsʌnd	0.5	0.5714285714285714
Æthelred	æθəlɹɛd	æthɛlɹɛd	iθɛlɹɪd	ɪθɛlɹɪd	compound	[]	0.375	0.42857142857142855	0.42857142857142855	ɛθəlɹɛd	æθəlɹd	0.14285714285714285	0.16666666666666666
Ürümchi	uːɹuːmtʃi	uɹumtʃi	uɹumtʃɪ	ɚɑmtʃi	compound	[]	0.0	0.14285714285714285	0.5	ɹʏmki	yɹʌmtʃi	0.8	0.2857142857142857
éclat	eɪklɑː	eɪklɑ	ɪklat	məklæt	compound	[]	0.0	0.6	0.6666666666666666	eɪklɑ	eɪklæt	0.0	0.3333333333333333
élan	eɪlɑːn	eɪlɑn	eɪlan	əlæn	compound	[]	0.0	0.2	0.75	elən	eɪlæn	0.5	0.2
étrier	eɪtɹijeɪ	eɪtɹijeɪ	ɪtɹiə	ɪtɹaɪɚ	compound	[]	0.0	0.8	0.8333333333333334	ɛtɹiɚ	eɪtɹɪə	1.0	0.6666666666666666
öre	ɜːɹə	øʁə	ɜ	ɹi	compound	[]	0.6666666666666666	2.0	1.0	ɔɹi	ɔ	0.6666666666666666	3.0
überman	ubəɹmæn	ubəɹmæn	ubəmən	ʌbɚmən	compound	[]	0.0	0.3333333333333333	0.6666666666666666	y.bɚmæn	ybəmən	0.5714285714285714	0.5
Œneus	ɛnjuːs	ɛnjus	əʊnɪəs	ʌnuz	compound	[]	0.0	0.6666666666666666	0.75	njuəs	ɛnɪəs	0.4	0.4
œconomy	ɪːkɒnɒmi	ɪkɒnɒmi	əʊkɒnəmi	ɪkɑnəmi	compound	[]	0.0	0.375	0.2857142857142857	ikɑnəmi	ɪkɒnəmi	0.42857142857142855	0.14285714285714285
ǂKxʼauǁʼein	kaʊaɪn	kəaɪn	lɛtəwɒnsitukeɪɛksɪdʒɛktɪvəjulɛtəwɒnsiwɒnɪdʒɛktɪviaɪɛn	ɪkksəaɪn	compound	[]	0.0	0.9056603773584906	0.375	t͡ʃuxɔwəhaɪn	əʊksiəʊksɔɹaɪn	0.6666666666666666	0.6428571428571429
