grapheme	label	olaph	espeak	gruut	olaph_source	olaph_splits	olaph_per	espeak_per	gruut_per	olaph_llm	byt5	olaph_llm_per	byt5_per
'nem	nəm	nəm	nem	inəm	compound	ne|m	0.0	0.3333333333333333	0.25	nəm	nəm	0.0	0.0
'türlich	tyːɐlɪc	tyɐlɪc	tyɾlɪc	ʃtʏʁlɪc	compound	tür|lich	0.0	0.16666666666666666	0.42857142857142855	tyɐ̯lɪç	tyɾlɪç	0.2857142857142857	0.3333333333333333
Aalauge	aːlaʊɡə	alaʊɡə	ɑlaʊɡə	aalaogə	compound	aal|auge	0.0	0.16666666666666666	0.42857142857142855	alaʊ̯ɡə	alaogə	0.14285714285714285	0.3333333333333333
Aalfell	aːlfɛl	alfɛl	ɑlfɛl	aalfɛll	compound	aal|fell	0.0	0.2	0.2857142857142857	alfɛl	alfɛll	0.0	0.16666666666666666
Abbildungstechnologie	apbɪldʊŋstɛcnoloɡiː	apbɪldʊŋstɛcnoloɡi	apbɪldʊŋstɛcnoloɡi	apbɪldʊŋstɛcnologijə	compound	abbildung|s|technologie	0.0	0.0	0.15	apbɪldʊŋstɛçnoloɡi	apbɪldʊŋstɛçnologijə	0.05555555555555555	0.2
Abdankungsgrund	apdaŋkʊŋsɡʁʊnt	apdaŋkʊŋsɡʁʊnt	apdankʊŋsɡɾʊnt	apdaŋkʊŋzgʁʊnt	compound	abdankung|s|grund	0.0	0.14285714285714285	0.14285714285714285	apdaŋkʊŋsɡʁʊnt	apdaŋkʊŋzgɾʊnt	0.0	0.21428571428571427
Abdankungsgrundes	apdaŋkʊŋsɡʁʊndəs	apdaŋkʊŋsɡʁʊndəs	apdankʊŋsɡɾʊndəs	apdaŋkʊŋzgʁʊndəs	compound	abdankung|s|grundes	0.0	0.125	0.125	apdaŋkʊŋsɡʁʊndəs	apdaŋkʊŋzgɾʊndəs	0.0	0.1875
Abdankungsgründe	apdaŋkʊŋsɡʁʏndə	apdaŋkʊŋsɡʁʏndə	apdankʊŋsɡɾyndə	apdaŋkʊŋzgʁʏndə	compound	abdankung|s|gründe	0.0	0.2	0.13333333333333333	apdaŋkʊŋsɡʁʏndə	apdaŋkʊŋzgɾʏndə	0.0	0.2
Abendmahlsgottesdienst	aːbntmaːlsɡɔtəsdiːnst	abntmalsɡɔtəsdinst	ɑbəndmɑlsɡɔtɛsdinst	apɛntmalsgɔtɛsdinst	compound	abendmahls|gottesdienst	0.0	0.2631578947368421	0.21052631578947367	abm̩tmalsɡɔtəsdinst	apɛntmɑlsgɔtɛsdinst	0.10526315789473684	0.2631578947368421
Abenteuerromanes	aːbntɔɪɐʁomaːnɛs	abntɔɪɐʁomanəs	ɑbəntɔøɜromɑnəs	apɛntɔɔʏɐʁomanəs	compound	abenteuerromane|s	0.07142857142857142	0.4666666666666667	0.3125	abm̩tɔɪ̯ɐʁomanəs	apɛntɔøɛɾɾomanəs	0.25	0.4375
Abfalltonne	apfaltɔnə	apfaltɔnə	apfaltɔnə	apfalltɔnnə	compound	abfall|tonne	0.0	0.0	0.18181818181818182	apfaltɔnə	apfalltɔnnə	0.0	0.18181818181818182
Abfertigungsgebäude	apfɛʁtiɡʊŋsɡəbɔɪdə	apfɛʁtɪɡʊŋsɡəbɔɪdə	apfɛɾtɪɡʊŋsɡəbɔødə	apfɛʁtɪgʊŋsgebɔɔʏdə	compound	abfertigung|s|gebäude	0.05555555555555555	0.16666666666666666	0.3157894736842105	apfɛʁtɪɡʊŋsɡəbɔɪ̯də	apfɛɾtigʊŋsgebɔødə	0.10526315789473684	0.2777777777777778
Abfeuerung	apfɔʏəʁʊŋ	apfɔøərʊŋ	apfɔøərʊŋ	apfɔɔʏɐʊŋ	compound	ab|feuerung	0.2222222222222222	0.2222222222222222	0.3333333333333333	apfɔɪ̯ɐʊnɡ	apfɔøɐ̯ʊŋ	0.5	0.3333333333333333
Abgabeleistung	ʔapɡaːbəlaɪstʊŋ	apɡabəlaɪstʊŋ	apɡɑbəlaɪstʊŋ	apgabelaestʊŋ	compound	abgabe|leistung	0.0	0.07692307692307693	0.23076923076923078	apɡabəlaɪ̯stʊŋ	apgɑbeləɪstʊŋ	0.07142857142857142	0.3076923076923077
Abgassonderuntersuchung	apɡaːszɔndɐʊntɐzuːxʊŋ	apɡaszɔndɐʊntɐzuxʊŋ	apɡasɔnderʊntɜzuxʊŋ	apgaszɔndɐʊntɛʁzʊxʊŋ	compound	abgas|sonder|untersuchung	0.0	0.21052631578947367	0.2	apɡaszɔndɐʊntɐzuxʊŋ	apgaszɔndeɾʊntɛɾzʊxʊŋ	0.0	0.2857142857142857
Abgassonderuntersuchungen	apɡaːszɔndɐʔʊntɐzuːxʊŋən	apɡaszɔndɐʊntɐzuxʊŋən	apɡasɔnderʊntɜzuxʊŋən	apgaszɔndɐʊntɛʁzʊxʊŋən	compound	abgas|sonder|untersuchungen	0.0	0.19047619047619047	0.18181818181818182	apɡaszɔndɐʊntɐzuxʊŋən	apgaszɔndeɾʊntɛɾzʊxʊŋən	0.0	0.2608695652173913
Abgasstrom	apɡaːsʃtroːm	apɡasʃtʁom	apɡasʃtɾom	apgazstʁom	compound	abgas|strom	0.1	0.1	0.4	apɡasʃtʁom	apgasstɾom	0.1	0.3
Abgeher	apɡeːɐ	apɡeəʁ	apɡeɜ	apgəheɐ	compound	abgehe|r	0.3333333333333333	0.2	0.42857142857142855	apɡeɐ	apgəhɐ̯	0.0	0.5714285714285714
Abgelegenheit	ʔapɡəleːɡŋhaɪt	apɡəleɡnhaɪt	apɡəleɡənhaɪt	apgəlegənəit	compound	abgelegen|heit	0.08333333333333333	0.15384615384615385	0.5	apɡəleɡn̩haɪ̯t	apgəlegɛnəit	0.21428571428571427	0.5
Abgänger	apɡɛŋɐ	apɡɛŋəʁ	apɡɛŋɜ	apgɛŋɐ	compound	abgänge|r	0.2857142857142857	0.16666666666666666	0.16666666666666666	apɡɛŋəʁ	apgɛŋɐ̯	0.2857142857142857	0.2857142857142857
Ablenkungstaktik	aplɛŋkʊŋstaktɪk	aplɛŋkʊŋstaktɪk	aplɛnkʊŋstaktik	aplɛŋkʊŋstaktik	compound	ablenkung|s|taktik	0.0	0.13333333333333333	0.06666666666666667	aplɛŋkʊŋstaktɪk	aplɛŋkʊŋstaktik	0.0	0.06666666666666667
Abnager	apnaːɡɐ	apnaɡəʁ	apnɑɡɜ	apnagɐ	compound	abnage|r	0.2857142857142857	0.3333333333333333	0.16666666666666666	apnaɡɐ	apnɑgɐ̯	0.0	0.42857142857142855
Abnutzungskriegen	apnʊtsʊŋskʁiːɡn	apnʊtsʊŋɛskɑʁiɡn	apnʊtsʊŋskɾiɡən	apnʊtsʊŋskʁigən	compound	abnutzung|sk|riegen	0.125	0.13333333333333333	0.13333333333333333	apnʊt͡sʊŋskʁiɡn̩	apnʊtsʊŋskɾigən	0.125	0.2
Abreißer	apʁaɪsɐ	apʁaɪsəʁ	apɾaɪsɜ	apʁaeszɐ	compound	abreiße|r	0.25	0.2857142857142857	0.25	apʁaɪ̯sɐ	apɾaesɐ̯	0.125	0.375
Abreißers	apʁaɪsɐs	apʁaɪsəʁs	apɾaɪsɜs	apʁaeszɛʁs	compound	abreiße|r|s	0.2222222222222222	0.25	0.4	apʁaɪ̯sɐs	apɾaesɛɾs	0.1111111111111111	0.4444444444444444
Abschneidung	apʃnaɪdʊŋ	apʃnaɪdʊŋ	apʃnaɪdʊŋ	apʃnaedʊŋ	compound	ab|schnei|dung	0.0	0.0	0.1111111111111111	apʃnaɪ̯dʊŋ	apʃnaedʊŋ	0.1	0.1111111111111111
Abschnittsende	apʃnɪtsɛndə	apʃnɪtsɛndə	apʃnɪtzəndə	apʃnɪttzɛndə	compound	abschnitts|ende	0.0	0.18181818181818182	0.16666666666666666	apʃnɪt͡sɛndə	apʃnɪttzɛndə	0.08333333333333333	0.16666666666666666
Abschub	apʃuːp	apʃup	apʃup	apʃup	compound	ab|schub	0.0	0.0	0.0	apʃup	apʃup	0.0	0.0
Abstrahlung	apʃtʁaːlʊŋ	apʃtʁalʊŋ	apstɾɑlʊŋ	apʃtʁalʊŋ	compound	ab|strahlung	0.0	0.3333333333333333	0.0	apʃtʁalʊŋ	apʃtɾɑlʊŋ	0.0	0.2222222222222222
Abteikirche	aptaɪkɪʁcə	aptaɪkɪʁcə	aptaɪkɪɾcə	aptaekɪʁcə	compound	abtei|kirche	0.0	0.1	0.1	aptaɪ̯kɪʁçə	aptaekɪɾçə	0.18181818181818182	0.3
Abteikirchen	aptaɪkɪʁcən	aptaɪkɪʁcn	aptaɪkiɾcən	aptaekɪʁcən	compound	abtei|kirchen	0.1	0.18181818181818182	0.09090909090909091	aptaɪ̯kɪʁçn̩	aptaekɪɾçən	0.3333333333333333	0.2727272727272727
Abtreibungsbefürworter	aptʁaɪbʊŋsbəfyːɐvɔʁtɐ	aptʁaɪbʊŋsbəfyɐvɔʁtɐ	aptɾaɪbʊŋsbəfyɾvɔɾtɜ	aptʁaebʊŋsbefʏʁvɔʁtɐ	compound	abtreibung|s|befürworter	0.0	0.2	0.2	aptʁaɪ̯bʊŋsbəfyɐ̯vɔʁtɐ	aptɾaebʊŋsbefʏɾvɔɾtɐ̯	0.09090909090909091	0.3333333333333333
Abtreibungsbefürwortern	aptʀaɪbʊŋsbəfyːɐvɔʁtn	aptʁaɪbʊŋsbəfyɐvɔʁtɐn	aptɾaɪbʊŋsbəfyɾvɔɾtɜn	aptʁaebʊŋsbefʏʁvɔʁtɛʁn	compound	abtreibung|s|befürwortern	0.09523809523809523	0.19047619047619047	0.3181818181818182	aptʁaɪ̯bʊŋsbəfyɐ̯vɔʁtɐn	aptɾaebʊŋsbefʏɾvɔɾtɛɾn	0.17391304347826086	0.36363636363636365
Abtönung	aptøːnʊŋ	aptønʊŋ	aptønʊŋ	aptønʊŋ	compound	ab|tönung	0.0	0.0	0.0	aptønʊŋ	aptønʊŋ	0.0	0.0
Abwart	apvaʁt	apvaʁt	apvaɾt	apvaʁt	compound	ab|wart	0.0	0.16666666666666666	0.0	apvaʁt	apvaɾt	0.0	0.16666666666666666
Abwürger	apvʏrɡɐ	apvʏʁɡəʁ	apvyɾɡɜ	apvʏʁgɐ	compound	abwürge|r	0.375	0.42857142857142855	0.2857142857142857	apvʏʁɡɐ	apvʏɾgɐ̯	0.14285714285714285	0.375
Abziehung	aptsiːʊŋ	aptsiʊŋ	aptsiʊŋ	aptsiʊŋ	compound	ab|ziehung	0.0	0.0	0.0	apt͡siʊŋ	aptsiʊŋ	0.125	0.0
Acai	asaʔiː	akai	ɑkaɪ	ak	compound	ac|ai	0.25	0.75	1.5	akai	ɑkɑi	0.25	0.75
Achteckpyramide	axtɛkpyʁamiːdə	axtɛkpyʁamidə	axtɛkpyramidə	axtɛkpyʁamidə	compound	achteck|pyramide	0.0	0.07692307692307693	0.0	axtɛkpyʁamidə	axtɛkpyɾɑmidə	0.0	0.15384615384615385
Achteckpyramiden	axtɛkpyʁamiːdən	axtɛkpyʁamidən	axtɛkpyramidən	axtɛkpyʁamidən	compound	achteck|pyramiden	0.0	0.07142857142857142	0.0	axtɛkpyʁamidn̩	axtɛkpyɾɑmidən	0.14285714285714285	0.14285714285714285
Achterteil	axtəʁtaɪl	axtɐtaɪl	axtɜtaɪl	axtɛʁtəil	compound	achter|teil	0.25	0.25	0.3333333333333333	axtɐtaɪ̯l	axtɛɾtəil	0.3333333333333333	0.4444444444444444
Achtunddreißigstel	axtʊntdʁaɪsɪcstəl	axtʊntdʁaɪsɪkstəl	axtʊndɾaɪsɪcstəl	axtʊndʁaeszɪgstəl	compound	achtunddreißigste|l	0.058823529411764705	0.125	0.23529411764705882	axtʊntdʁaɪ̯sɪkstl̩	axtʊnddɾaezɪgstel	0.2222222222222222	0.35294117647058826
Achtunddreißigstels	axtʊntdʁaɪsɪcstəls	axtʊntdʁaɪsɪkstəls	axtʊndɾaɪsɪcstəls	axtʊndʁaeszɪgstɛls	compound	achtunddreißigste|l|s	0.05555555555555555	0.11764705882352941	0.2777777777777778	axtʊntdʁaɪ̯sɪkstəls	axtʊnddɾaezɪgstɛls	0.10526315789473684	0.3333333333333333
Achtundvierzigeck	axtʊntfɪʁtsɪcɛk	axtʊntfɪʁtsɪkɛk	axtʊndviɾtsɪɡɛk	axtʊntviʁtsɪgɛk	compound	achtundvierzig|eck	0.06666666666666667	0.3333333333333333	0.2	axtʊntfɪʁt͡sɪkɛk	axtʊntviɾtsigɛk	0.125	0.3333333333333333
Achtundvierzigecke	axtʊntfɪɐtsɪcɛkə	axtʊntfɪʁtsɪkɛkə	axtʊndviɾtsɪɡɛkə	axtʊntviʁtsɪgɛkə	compound	achtundvierzig|ecke	0.125	0.3125	0.25	axtʊntfɪʁt͡sɪkɛkə	axtʊntviɾtsigɛkə	0.17647058823529413	0.3125
Achtundvierzigeckes	axtʊntfɪɐtsɪcɛkəs	axtʊntfɪʁtsɪkɛkəs	axtʊndviɾtsɪɡɛkəs	axtʊntviʁtsɪgɛkəs	compound	achtundvierzig|eckes	0.11764705882352941	0.29411764705882354	0.23529411764705882	axtʊntfɪʁt͡sɪkɛkəs	axtʊntviɾtsigɛkəs	0.16666666666666666	0.29411764705882354
Achtundvierzigecks	axtʊntfɪɐtsɪcɛks	axtʊntfɪʁtsɪkɛks	axtʊndviɾtsɪɡɛks	axtʊntviʁtsɪgɛks	compound	achtundvierzig|ecks	0.125	0.3125	0.25	axtʊntfɪʁt͡sɪkɛks	axtʊntviɾtsigɛks	0.17647058823529413	0.3125
Achtundvierzigjährige	axtʊntfɪɐtsɪcjɛːʁɪɡə	axtʊntfɪʁtsɪkjɛʁɪɡə	axtʊndviɾtsɪɡjɛrɪɡə	axtʊntviʁtsɪkjɛʁɪgə	compound	achtundvierzig|jährige	0.10526315789473684	0.3157894736842105	0.2631578947368421	axtʊntfɪʁt͡sɪkjɛʁɪɡə	axtʊntviɾtsɪkjɛɾɪgə	0.15	0.3157894736842105
Achtundvierzigjähriger	axtʊntfɪɐtsɪcjɛːʁɪɡɐ	axtʊntfɪʁtsɪkjɛʁɪɡɐ	axtʊndviɾtsɪɡjɛrɪɡɜ	axtʊntviʁtsɪkjɛʁɪgɐ	compound	achtundvierzig|jähriger	0.10526315789473684	0.3684210526315789	0.2631578947368421	axtʊntfɪʁt͡sɪkjɛʁɪɡɐ	axtʊntviɾtsɪkjɛɾɪgɐ̯	0.15	0.35
Achtundvierzigstel	axtʊntfɪʁtsɪcstəl	axtʊntfɪʁtsɪkstəl	axtʊndviɾtsɪcstəl	axtʊntviʁtsɪgstəl	compound	achtundvierzig|ste|l	0.058823529411764705	0.23529411764705882	0.17647058823529413	axtʊntfɪʁt͡sɪkstl̩	axtʊntviɾtsɪgstel	0.2222222222222222	0.29411764705882354
Achtundvierzigstels	axtʊntfɪʁtsɪcstəls	axtʊntfɪʁtsɪkstls	axtʊndviɾtsɪcstəls	axtʊntviʁtsɪgstɛls	compound	acht|und|vierzigstels	0.11764705882352941	0.2222222222222222	0.2222222222222222	axtʊntfɪʁt͡sɪkstəls	axtʊntviɾtsɪgstɛls	0.10526315789473684	0.2777777777777778
Achtundzwanzigecke	axtʊnttsvantsɪcɛkə	axtʊnttsvantsɪcɛkə	axtʊnttsvantsɪɡɛkə	axtʊnttsvantsɪgɛkə	compound	achtundzwanzig|ecke	0.0	0.05555555555555555	0.05555555555555555	axtʊntt͡svant͡sɪkɛkə	axtʊnttsvantsigɛkə	0.15	0.1111111111111111
Achtundzwanzigeckes	axtʊnttsvantsɪcɛkəs	axtʊnttsvantsɪcɛkəs	axtʊnttsvantsɪɡɛkəs	axtʊnttsvantsɪgɛkəs	compound	achtundzwanzig|eckes	0.0	0.05263157894736842	0.05263157894736842	axtʊntt͡svant͡sɪkɛkəs	axtʊnttsvantsigɛkəs	0.14285714285714285	0.10526315789473684
Achtundzwanzigecks	axtʊnttsvantsɪcɛks	axtʊnttsvantsɪcɛks	axtʊnttsvantsɪɡɛks	axtʊnttsvantsɪgɛks	compound	achtundzwanzig|ecks	0.0	0.05555555555555555	0.05555555555555555	axtʊntt͡svant͡sɪkɛks	axtʊnttsvantsigɛks	0.15	0.1111111111111111
Achtundzwanzigstel	axtʊnttsvantsɪcstəl	axtʊnttsvantsɪkstəl	axtʊnttsvantsɪcstəl	axtʊnttsvantsɪgstəl	compound	achtundzwanzigste|l	0.05263157894736842	0.0	0.05263157894736842	axtʊntt͡svant͡sɪkstəl	axtʊnttsvantsɪgstel	0.14285714285714285	0.10526315789473684
Achtundzwanzigstels	axtʊnttsvantsɪcstəls	axtʊnttsvantsɪkstəls	axtʊnttsvantsɪcstəls	axtʊnttsvantsɪgstɛls	compound	achtundzwanzigste|l|s	0.05	0.0	0.1	axtʊntt͡svant͡sɪkstəls	axtʊnttsvantsɪgstɛls	0.13636363636363635	0.1
Achtzehntel	axtseːntəl	axtsentəl	axtsentəl	axtsentəl	compound	achtzehnte|l	0.0	0.0	0.0	axt͡sentl̩	axtsentel	0.3	0.1111111111111111
Achtzigeck	axtsɪcɛk	axtsɪkɛk	axtsɪɡɛk	axtsɪgɛk	compound	achtzig|eck	0.125	0.125	0.125	axtt͡sɪkɛk	axtsigɛk	0.3	0.25
Achtzigecke	axtsɪcɛkə	axtsɪkɛkə	axtsɪɡɛkə	axtsɪgɛkə	compound	achtzig|ecke	0.1111111111111111	0.1111111111111111	0.1111111111111111	axtt͡sɪkɛkə	axtsigɛkə	0.2727272727272727	0.2222222222222222
Achtzigeckes	axtsɪcɛkəs	axtsɪkɛkəs	axtsɪɡɛkəs	axtsɪgɛkəs	compound	achtzig|eckes	0.1	0.1	0.1	axtt͡sɪkɛkəs	axtsigɛkəs	0.25	0.2
Achtzigecks	axtsɪcɛks	axtsɪkɛks	axtsɪɡɛks	axtsɪgɛks	compound	achtzig|ecks	0.1111111111111111	0.1111111111111111	0.1111111111111111	axtt͡sɪkɛks	axtsigɛks	0.2727272727272727	0.2222222222222222
Adabei	aːdabaɪ	adabaɪ	ɑdabaɪ	adabae	compound	ada|bei	0.0	0.16666666666666666	0.16666666666666666	adabaɪ̯	ɑdɑbae	0.14285714285714285	0.5
Adametz	adamɛts	adamɛts	ɑdamɛts	adamɛts	compound	ada|metz	0.0	0.14285714285714285	0.0	adamɛt͡s	ɑdɑmɛts	0.125	0.2857142857142857
Aderhaut	aːdɐhaut	adɐhaʊt	ɑdɜhaʊt	adɛʁaot	compound	ader|haut	0.14285714285714285	0.42857142857142855	0.42857142857142855	adɐhaʊ̯t	ɑdɛɾaot	0.25	0.5714285714285714
Afterlehen	aftɐleːən	aftɐleən	aftɜleən	aftɛʁleən	compound	after|lehen	0.0	0.125	0.2222222222222222	aftɐleən	aftɛɾleən	0.0	0.2222222222222222
Afterwelt	aftɐvɛlt	aftɐvɛlt	aftɜvəlt	aftɛʁvɛlt	compound	after|welt	0.0	0.25	0.2222222222222222	aftɐvɛlt	aftɛɾvɛlt	0.0	0.2222222222222222
Afterwissenschaft	aftɐvɪsənʃaft	aftɐvɪsnʃaft	aftɜvɪsənʃaft	aftɛʁvɪszɛnstshaft	compound	after|wissenschaft	0.08333333333333333	0.07692307692307693	0.4444444444444444	aftɐvɪsn̩ʃaft	aftɛɾvɪszɛnstshaft	0.15384615384615385	0.4444444444444444
Agrest	aɡrɛst	akʁɛst	aɡɾəst	agʁɛst	compound	ag|rest	0.3333333333333333	0.3333333333333333	0.3333333333333333	aɡʁəst	agɾɛst	0.3333333333333333	0.3333333333333333
Aimbot	eːmbɔt	aimbɔt	aɪmbot	aɪmbot	compound	ai|m|bot	0.3333333333333333	0.5	0.5	ɛɪ̯mbɔt	aembot	0.42857142857142855	0.3333333333333333
Akzeptor	aktsɛptoːɐ	aktsɛptoʁ	aktsɛptoɾ	aktsɛptoʁ	compound	akzept|o|r	0.1111111111111111	0.1111111111111111	0.1111111111111111	akt͡sɛptoɐ̯	aktsɛptoɾ	0.18181818181818182	0.1111111111111111
Alantbeere	alantbeːʁə	alantbeʁə	ɑlantberə	alantbəɐə	compound	alant|beere	0.0	0.2222222222222222	0.2222222222222222	alantbeʁə	ɑlantbəɐ̯ə	0.0	0.4
Alarmglöckchen	alaʁmɡlœkcən	alaʁmɡlœkcən	ɑlaɾmɡlœkcən	alaʁmglœkcən	compound	alarm|glöckchen	0.0	0.16666666666666666	0.08333333333333333	alaʁmɡlœkçən	ɑlaɾmglœkçən	0.08333333333333333	0.3333333333333333
Albanologe	albaːnoloːɡə	albanoloʒə	albanoloɡə	albanologə	compound	alban|o|loge	0.1	0.0	0.1	albanoloɡə	albɑnologə	0.0	0.2
Alkeier	alkaɪɐ	alkaɪɐ	alkaɪɜ	alkəiɐ	compound	alk|eier	0.0	0.16666666666666666	0.3333333333333333	alkaɪ̯ɐ	alkəiɐ̯	0.14285714285714285	0.42857142857142855
Allgegenwärtigkeit	alɡeːɡnvɛʁtɪckaɪt	alɡeɡnvɛʁtɪkaɪt	alɡeɡənvɛɾtɪckaɪt	allgegənvɛʁtɪkkəit	compound	allgegenwärtig|keit	0.06666666666666667	0.11764705882352941	0.3888888888888889	alɡeɡn̩vɛʁtɪkkaɪ̯t	allgegɛnvɛɾtɪkkəit	0.16666666666666666	0.4444444444444444
Allsympathie	alzʏmpatiː	alzʏmpati	alzympati	allzʏmpatijə	compound	all|sympathie	0.0	0.1111111111111111	0.25	alzʏmpati	allzʏmpatijə	0.0	0.25
Altaraufsatz	altaːɐaʊfzats	altaɐaʊfzats	altaraʊfzats	altaʁaofzats	compound	altar|aufsatz	0.0	0.08333333333333333	0.16666666666666666	altaɐ̯aʊ̯fzat͡s	altɑɾaofzats	0.2	0.25
Altenburger	altnbʊʁɡɐ	altnbʊʁkeɐ	altənb??ɡɜ	altɛnbʊʁgɐ	compound	altenburg|er	0.2	0.4	0.2	altn̩bʊʁɡɐ	altɛnbʊɾgɐ̯	0.1	0.36363636363636365
Altersmilde	altɐsmɪldə	altɐsmɪldə	altɜsmɪldə	altɛʁsmɪldə	compound	alters|milde	0.0	0.1	0.18181818181818182	altɐsmɪldə	altɛɾsmɪldə	0.0	0.18181818181818182
Alterspyramide	altɐspyʁamiːdə	altɐspyʁamidə	altɜspyramidə	altɛʁspyʁamidə	compound	alters|pyramide	0.0	0.15384615384615385	0.14285714285714285	altɐspyʁamidə	altɛɾspyɾɑmidə	0.0	0.2857142857142857
Alterspyramiden	altɐspyʁamiːdən	altɐspyʁamidən	altɜspyramidən	altɛʁspyʁamidən	compound	alters|pyramiden	0.0	0.14285714285714285	0.13333333333333333	altɐspyʁamidn̩	altɛɾspyɾɑmidən	0.14285714285714285	0.26666666666666666
Alublech	alublɛc	alublɛc	ɑlʊblɛc	alʊblɛc	compound	alu|blech	0.0	0.2857142857142857	0.14285714285714285	alublɛç	ɑlʊblɛç	0.14285714285714285	0.42857142857142855
Amateurkünstler	amatøːɐkʏnstlɐ	amatøɐkʏnstlɐ	ɑmatɔøɾkynstlɜ	amatɔɔʏʁkʏnstlɐ	compound	amateur|künstler	0.0	0.35714285714285715	0.26666666666666666	amatøɐ̯kʏnstlɐ	ɑmɑtɔøɾkʏnstlɐ̯	0.07142857142857142	0.3333333333333333
Amateurkünstlerin	amatøːɐkʏnstləʁɪn	amatøɐkʏnstləʁɪn	ɑmatɔøɾkynstlərɪn	amatɔɔʏʁkʏnstlɐɪn	compound	amateur|künstlerin	0.0	0.29411764705882354	0.35294117647058826	amatøɐ̯kʏnstləʁɪn	ɑmɑtɔøɾkʏnstlɐ̯ɪn	0.058823529411764705	0.35294117647058826
Amateurkünstlerinnen	amatøːɐkʏnstləʁɪnən	amatøɐkʏnstləʁɪnən	ɑmatɔøɾkynstlerɪnən	amatɔɔʏʁkʏnstleʁɪnnən	compound	amateur|künstlerinnen	0.0	0.3157894736842105	0.2857142857142857	amatøɐ̯kʏnstləʁɪnən	ɑmɑtɔøɾkʏnstleɾɪnnən	0.05263157894736842	0.35
Amateurkünstlers	amatøːɐkʏnstlɐs	amatøɐkʏnstlɐs	ɑmatɔøɾkynstlɜs	amatɔɔʏʁkʏnstlɛʁs	compound	amateur|künstlers	0.0	0.3333333333333333	0.35294117647058826	amatøɐ̯kʏnstlɐs	ɑmɑtɔøɾkʏnstlɛɾs	0.06666666666666667	0.375
Amiland	amilant	amilant	ɑmilant	amilant	compound	ami|land	0.0	0.14285714285714285	0.0	amilant	ɑmilant	0.0	0.14285714285714285
Ammerland	amɐlant	amɐlant	amɜlant	ammɛʁlant	compound	ammer|land	0.0	0.14285714285714285	0.3333333333333333	amɐlant	ammɛɾlant	0.0	0.3333333333333333
Ampelograph	ampeloɡʁaːf	amploɡʁaf	ampəlɔɡɾɑf	ampelɔgʁaf	compound	ampel|o|graph	0.1111111111111111	0.4	0.2	ampeloɡʁaf	ampelɔgɾaf	0.0	0.3
Analoguhr	analoːkʔuːɐ	analokuɐ	anɑloɡuɾ	analoguʁ	compound	analog|uhr	0.0	0.375	0.25	analokuɐ̯	anɑloguɾ	0.1111111111111111	0.375
Anfängerglück	anfɛŋɐɡlʏk	anfɛŋɐɡlʏk	anfɛŋɜɡlyk	anfɛŋɛʁglʏk	compound	anfänger|glück	0.0	0.2	0.2727272727272727	anfɛŋɐɡlʏk	anfɛŋɛɾglʏk	0.0	0.2727272727272727
Anglerstiefel	aŋlɐʃtiːfl	aŋlɐʃtifl	anɡlɛɾstifəl	anglɛʁstifel	compound	angler|stiefel	0.0	0.5	0.5	aŋlɐʃtifl̩	anglɛɾstifel	0.1	0.5
Angriffsspielerin	anɡʁɪfsʃpiːləʁɪn	anɡʁɪfsʃpilɐɪn	anɡɾɪfspilərɪn	angʁɪffzspileʁɪn	compound	angriffsspieler|in	0.14285714285714285	0.21428571428571427	0.3125	anɡʁɪfsʃpiləʁɪn	angɾɪffzspilɐ̯ɪn	0.0	0.4375
Angriffsspielerinnen	anɡʁɪfsʃpiːləʁɪnən	anɡʁɪfsʃpilɐɪnən	anɡɾɪfspilerɪnən	angʁɪffzspileʁɪnnən	compound	angriffsspieler|innen	0.125	0.25	0.3157894736842105	anɡʁɪfsʃpiləʁɪnən	angɾɪffzspileɾɪnnən	0.0	0.42105263157894735
Angstfreiheit	aŋstfʁaɪhaɪt	aŋstfʁaɪhaɪt	ankstfraɪhaɪt	angstfʁaeəit	compound	angstfrei|heit	0.0	0.23076923076923078	0.5	aŋstfʁaɪ̯haɪ̯t	ankstfɾaeəit	0.14285714285714285	0.5833333333333334
Anheuser	anhɔɪzɐ	anhɔɪseɐ	anhɔøzɜ	anɔɔʏzɐ	compound	an|heus|er	0.25	0.2857142857142857	0.2857142857142857	anhɔɪ̯zɐ	anhɔøzɐ̯	0.125	0.25
Ankäufer	ankɔɪfɐ	ankɔɪfəʁ	ankɔøfɜ	ankɔɔʏfɐ	compound	ankäufe|r	0.25	0.2857142857142857	0.25	ankɔɪ̯fɐ	ankɔøfɐ̯	0.125	0.25
Anmerkungsapparat	anmɛʁkʊŋsapaʁaːt	anmɛʁkʊŋsapaʁat	anmɛɾkʊŋsaparɑt	anmɛʁkʊŋzappaʁat	compound	anmerkung|s|apparat	0.0	0.2	0.125	anmɛʁkʊŋsapaʁat	anmɛɾkʊŋzappɑɾɑt	0.0	0.375
Ansteckers	ʔanʃtɛkɐs	anʃtɛkɐs	anʃtɛkɜs	anʃtɛkɛʁs	compound	anstecker|s	0.0	0.125	0.2222222222222222	anʃtɛkɐs	anʃtɛkɛɾs	0.0	0.2222222222222222
Ansteckungsausbreitung	anʃtekʊŋsaʊsbʁaɪtʊŋ	anʃtɛkʊŋsaʊsbʁaɪtʊŋ	anʃtɛkʊŋsaʊsbɾaɪtʊŋ	anʃtɛkʊŋzaosbʁəitʊŋ	compound	ansteckung|s|ausbreitung	0.05263157894736842	0.10526315789473684	0.2631578947368421	anʃtɛkʊŋsaʊ̯sbʁaɪ̯tʊŋ	anʃtɛkʊŋzaozbrəitʊŋ	0.14285714285714285	0.3684210526315789
Antifant	antifant	antifant	antifant	antifant	compound	anti|fant	0.0	0.0	0.0	antifant	antifɑnt	0.0	0.125
Antiquitätenmesse	antikvitɛːtənmɛsə	antikvitɛtnmɛsə	antikvitɛtɛnmɛsə	antiʊitɛtɛnmɛszə	compound	antiquitäten|messe	0.06666666666666667	0.0625	0.25	antikvitɛtn̩mɛsə	antikvuitɛtɛnmɛszə	0.125	0.16666666666666666
Anwartschaftsrecht	anvaʁtʃaftsʁɛct	anvaʁtʃaftsʁɛct	anvaɾtʃaftsrɛct	anvaʁtʃaftsʁɛct	compound	anwartschaft|s|recht	0.0	0.13333333333333333	0.0	anvaʁtʃaft͡sʁɛçt	anvaɾtʃaftsɾɛçt	0.125	0.2
Anwartschaftsrechte	anvaʁtʃaftsʁɛctə	anvaʁtʃaftsʁɛctə	anvaɾtʃaftsrɛctə	anvaʁtʃaftsʁɛctə	compound	anwartschaft|s|rechte	0.0	0.125	0.0	anvaʁtʃaft͡sʁɛçtə	anvaɾtʃaftsɾɛçtə	0.11764705882352941	0.1875
Anwartschaftsrechten	anvaʁtʃaftsʁɛctn	anvaʁtʃaftsʁɛctn	anvaɾtʃaftsrɛctən	anvaʁtʃaftsʁɛctən	compound	anwartschaft|s|rechten	0.0	0.17647058823529413	0.058823529411764705	anvaʁtʃaft͡sʁɛçtn̩	anvaɾtʃaftsɾɛçtən	0.16666666666666666	0.23529411764705882
Anzeigensparte	antsaɪɡənʃpaʁtə	antsaɪɡnʃpaʁtə	antsaɪɡənspaɾtə	antsaegɛnspaʁtə	compound	anzeigen|sparte	0.07142857142857142	0.13333333333333333	0.26666666666666666	ant͡saɪ̯ɡn̩ʃpaʁtə	antsaegɛnspaɾtə	0.23529411764705882	0.3333333333333333
Anzugaufschlag	antsuːkaʊfʃlaːk	antsukaʊfʃlak	antsuɡaʊfʃlɑk	antsugaofʃlak	compound	anzug|aufschlag	0.0	0.15384615384615385	0.15384615384615385	ant͡sukaʊ̯fʃlak	antsugaofstslɑk	0.13333333333333333	0.4
Anzugaufschlages	antsuːkaʊfʃlaːɡəs	antsukaʊfʃlaɡəs	antsuɡaʊfʃlɑɡəs	antsugaofʃlagəs	compound	anzug|aufschlages	0.0	0.13333333333333333	0.2	ant͡sukaʊ̯fʃlaɡəs	antsugaofstslɑgəs	0.11764705882352941	0.4117647058823529
Anzugaufschlags	antsuːkaʊfʃlaːks	antsukaʊfʃlaks	antsuɡaʊfʃlɑks	antsugaofʃlaks	compound	anzug|aufschlags	0.0	0.14285714285714285	0.14285714285714285	ant͡sukaʊ̯fʃlaks	antsugaofstslaks	0.125	0.3125
Anzugaufschläge	antsuːkaʊfʃlɛːɡə	antsukaʊfʃlɛɡə	antsuɡaʊfʃlɛɡə	antsugaofʃlɛgə	compound	anzug|aufschläge	0.0	0.07142857142857142	0.21428571428571427	ant͡sukaʊ̯fʃlɛɡə	antsugaofstslɛgə	0.125	0.375
Apfelbäumlein	apflbɔɪmlaɪn	apflbɔɪmlaɪn	apfəlbɔømlaɪn	apfɛlbɔɔʏmləɪn	compound	apfel|bäumlein	0.0	0.15384615384615385	0.2857142857142857	ap͡fl̩bɔɪ̯mlaɪ̯n	apfɛlbɔømləɪn	0.25	0.23076923076923078
Apfelweinessig	apflvaɪnʔɛsɪc	apflvaɪnɛsɪk	apfəlvaɪnɛsɪc	apfɛlvaenɛszɪc	compound	apfelwein|essig	0.08333333333333333	0.07692307692307693	0.21428571428571427	ap͡fl̩vaɪ̯nɛsɪk	apfɛlvaenɛszɪç	0.26666666666666666	0.2857142857142857
Apfelweinessigen	apflvaɪnʔɛsɪɡn	apflvaɪnɛsɪɡn	apfəlvaɪnɛsɪɡən	apfɛlvaenɛszɪgən	compound	apfelwein|essigen	0.0	0.13333333333333333	0.3125	ap͡fl̩vaɪ̯nɛsɪɡn̩	apfɛlvaenɛszɪgən	0.23529411764705882	0.3125
Apfelweinessigs	apflvaɪnʔɛsɪcs	apflvaɪnɛsɪks	apfəlvaɪnɛsɪcs	apfɛlvaenɛszɪks	compound	apfelwein|essigs	0.07692307692307693	0.07142857142857142	0.26666666666666666	ap͡fl̩vaɪ̯nɛsɪçs	apfɛlvaenɛszɪks	0.25	0.26666666666666666
Ararauna	aːʁaʁauːna	aʁaʁaʊna	ɑraraʊnɑ	aʁaʁaona	compound	ara|raun|a	0.125	0.625	0.125	aʁaʁaʊ̯na	ɑɾɑɾaonɑ	0.2222222222222222	0.75
Arbeitsunfähigkeitsversicherung	aʁbaɪtsʔʊnfɛːɪckaɪtsfɛɐzɪcəʁʊŋ	aʁbaɪtsʊnfɛɪkaɪtsfɛɐzɪcəʁʊŋ	aɾbaɪtzʊnfɛɪckaɪtsfɛɾzɪcərʊŋ	aʁbaetzʊnfɛɪkkaetsvɛʁzɪcɐʊŋ	compound	arbeitsunfähigkeit|s|versicherung	0.037037037037037035	0.14285714285714285	0.2962962962962963	aʁbaɪ̯t͡sʊnfɛɪkaɪ̯t͡sfɛɐ̯zɪçəʁʊŋ	aɾbaetzʊnfɛɪkkaetsvɛɾzɪçɐ̯ʊŋ	0.21875	0.35714285714285715
Armspange	aʁmʃpaŋə	aʁmʃpaŋə	aɾmʃpaŋə	aʁmspaŋə	compound	arm|spange	0.0	0.125	0.125	aʁmʃpaŋə	aɾmspaŋə	0.0	0.25
Artikelzeile	aʁtiːkltsaɪlə	aʁtikltsaɪlə	aɾtikɛltsaɪlə	aʁtikɛltsəilə	compound	artikel|zeile	0.0	0.15384615384615385	0.23076923076923078	aʁtikl̩t͡saɪ̯lə	aɾtikɛltsəilə	0.2	0.3076923076923077
Arzneibuch	aːɐtsnaɪbuːx	aɐtsnaɪbux	aɾtsnaɪbʊx	aʁtsnaebʊx	compound	arznei|buch	0.0	0.2	0.3	aɐ̯t͡snaɪ̯bux	aɾtsnaebʊx	0.23076923076923078	0.3
Assistenzsysteme	asɪstɛntszʏsteːmə	asɪstɛntszɪstemə	asɪstɛntszystemə	aszɪstɛntszʏstəmə	compound	assistenz|systeme	0.0625	0.0625	0.11764705882352941	asɪstɛnt͡szʏstemə	aszɪstɛntszʏstəmə	0.058823529411764705	0.11764705882352941
Astwerk	astvɛɐk	astvɛʁk	astvɛɾk	astvɛʁk	compound	ast|werk	0.14285714285714285	0.14285714285714285	0.14285714285714285	astvɛʁk	astvɛɾk	0.14285714285714285	0.14285714285714285
Atemlähmung	aːtəmlɛːmʊŋ	atəmlɛmʊŋ	ɑtɛmlɛmʊŋ	atɛmlɛmʊŋ	compound	atem|lähmung	0.0	0.2222222222222222	0.1111111111111111	atəmlɛmʊŋ	ɑtɛmlɛmʊŋ	0.0	0.2222222222222222
Atomtheorie	atoːmteoʁiː	atomteoʁi	atomteori	atɔmtɛoʁiə	compound	atom|theorie	0.0	0.1111111111111111	0.3	atomteoʁi	ɑtɔmteoɾijə	0.0	0.45454545454545453
Atomunterseebooten	atoːmʊntɐzeːboːtn	atomʊntɐzebotn	atomʊntɜzebotən	atomʊntɛʁzəebɔotən	compound	atom|unterseebooten	0.0	0.13333333333333333	0.2777777777777778	atomʊntɐzebotn̩	ɑtomʊntɛɾzeebootən	0.06666666666666667	0.3333333333333333
Aufbauscher	aʊfbaʊʃɐ	aʊfbaʊʃəʁ	aʊfbaʊʃɜ	aofbaoʃɐ	compound	aufbausche|r	0.2222222222222222	0.125	0.25	aʊ̯fbaʊ̯ʃɐ	aofbaoʃɐ̯	0.2	0.3333333333333333
Aufblasbarkeit	aʊfblaːsbaːɐkaɪt	aʊfblasbaɐkaɪt	aʊfblasbaɾkaɪt	aofblasbaʁkəit	compound	aufblasbar|keit	0.0	0.07142857142857142	0.2857142857142857	aʊ̯fblasbaɐ̯kaɪ̯t	aofblasbaɾkəit	0.17647058823529413	0.2857142857142857
Aufblaser	aʊfblaːzɐ	aʊfblazəʁ	aʊfblɑzɜ	aofblasɐ	compound	aufblase|r	0.2222222222222222	0.25	0.25	aʊ̯fblazəʁ	aofblɑzɐ̯	0.3	0.3333333333333333
Aufblähung	aʊfblɛːʊŋ	aʊfblɛʊŋ	aʊfblɛʊŋ	aofblɛʊŋ	compound	auf|blähung	0.0	0.0	0.125	aʊ̯fblɛʊŋ	aofblɛʊŋ	0.1111111111111111	0.125
Auffangnetz	aʊffaŋnɛts	aʊffaŋnɛts	aʊffaŋnɛts	aoffaŋnɛts	compound	auf|fang|netz	0.0	0.0	0.1	aʊ̯ffaŋnɛt͡s	aoffaŋnɛts	0.16666666666666666	0.1
Auffangnetze	aʊffaŋnɛtsə	aʊffaŋnɛtsə	aʊffaŋnɛtsə	aoffaŋnɛtsə	compound	auf|fang|netze	0.0	0.0	0.09090909090909091	aʊ̯ffaŋnɛt͡sə	aoffaŋnɛtsə	0.15384615384615385	0.09090909090909091
Auffangnetzes	aʊffaŋnɛtsəs	aʊffaŋnɛtsəs	aʊffaŋnɛtsəs	aoffaŋnɛtsəs	compound	auf|fang|netzes	0.0	0.0	0.08333333333333333	aʊ̯ffaŋnɛt͡səs	aoffaŋnɛtsəs	0.14285714285714285	0.08333333333333333
Aufgabenbuch	ʔaʊfɡaːbnbuːx	aʊfɡabmbux	aʊfɡɑbənbʊx	aofgabɛnbʊx	compound	aufgaben|buch	0.1	0.2727272727272727	0.36363636363636365	aʊ̯fɡabn̩bux	aofgɑbɛnbʊx	0.16666666666666666	0.45454545454545453
Aufgeblähtheit	aʊfɡəblɛːthaɪt	aʊfɡəblɛthaɪt	aʊfɡəblɛtaɪt	aofgəblɛtəit	compound	aufgebläht|heit	0.0	0.08333333333333333	0.4166666666666667	aʊ̯fɡəblɛthaɪ̯t	aofgəblɛtəit	0.13333333333333333	0.4166666666666667
Aufgedunsenheit	aʊfɡədʊnzənhaɪt	aʊfɡədʊnznhaɪt	aʊfɡədʊnzənhaɪt	aofgədʊnzənəit	compound	aufgedunsen|heit	0.07142857142857142	0.0	0.35714285714285715	aʊ̯fɡədʊnzn̩haɪ̯t	aofgədʊnzɛnəit	0.23529411764705882	0.42857142857142855
Aufgeher	aʊfɡeːɐ	aʊfɡeəʁ	aʊfɡeɜ	aofgəheɐ	compound	aufgehe|r	0.2857142857142857	0.16666666666666666	0.5	aʊ̯fɡeɐ	aofgəhɐ̯	0.14285714285714285	0.625
Aufheber	aʊfheːbɐ	aʊfhebəʁ	aʊfhebɜ	aofhebɐ	compound	aufhebe|r	0.25	0.14285714285714285	0.14285714285714285	aʊ̯fhebɐ	aofhebɐ̯	0.125	0.25
Aufläger	aʊfleːɡɐ	aʊflɛɡɐ	aʊflɛɡɜ	aoflɛgɐ	compound	auf|läger	0.14285714285714285	0.2857142857142857	0.42857142857142855	aʊ̯flɛɡɐ	aoflɛgɐ̯	0.25	0.5
Aufrappelns	aʊfʁaplns	aʊfʁaplns	aʊfrapɛlns	aofʁappɛlns	compound	aufrappeln|s	0.0	0.2	0.2727272727272727	aʊ̯fʁapl̩ns	aofɾappɛlns	0.18181818181818182	0.36363636363636365
Aufreissen	aʊfʁaɪsən	aʊfnʁaɪsən	aʊfraɪsən	aofʁaeszən	compound	auf|reissen	0.1	0.1111111111111111	0.3	aʊ̯fʁaɪ̯sn̩	aofɾaeszən	0.36363636363636365	0.4
Aufreißer	aʊfʁaɪsɐ	aʊfʁaɪsəʁ	aʊfraɪsɜ	aofʁaeszɐ	compound	aufreiße|r	0.2222222222222222	0.25	0.3333333333333333	aʊ̯fʁaɪ̯sɐ	aofɾaesɐ̯	0.2	0.4444444444444444
Aufschießer	aʊfʃiːsɐ	aʊfʃisəʁ	aʊfʃisɜ	aofʃiszɐ	compound	aufschieße|r	0.25	0.14285714285714285	0.25	aʊ̯fʃisɐ	aofʃifɐ̯	0.125	0.375
Aufschließer	aʊfʃliːsɐ	aʊfʃlisəʁ	aʊfʃlisɜ	aofʃliszɐ	compound	aufschließe|r	0.2222222222222222	0.125	0.2222222222222222	aʊ̯fʃlisɐ	aofʃlijəsɐ̯	0.1111111111111111	0.36363636363636365
Aufschnittgabel	aʊfʃnɪtɡaːbl	aʊfʃnɪtɡabl	aʊfʃnɪtɡɑbəl	aofʃnɪtgabəl	compound	aufschnitt|gabel	0.0	0.16666666666666666	0.25	aʊ̯fʃnɪtɡabl̩	aofʃnɪttgɑbel	0.15384615384615385	0.38461538461538464
Aufschnittmesser	aʊfʃnɪtmɛsɐ	aʊfʃnɪtmɛsɐ	aʊfʃnɪtmɛsɜ	aofʃnɪttmɛszɐ	compound	aufschnitt|messer	0.0	0.09090909090909091	0.23076923076923078	aʊ̯fʃnɪtmɛsɐ	aofʃnɪttmɛszɐ̯	0.08333333333333333	0.2857142857142857
Aufspieler	aʊfʃpiːlɐ	aʊfʃpiləʁ	aʊfʃpilɜ	aofʃpilɐ	compound	aufspiele|r	0.2222222222222222	0.125	0.125	aʊ̯fʃpiləʁ	aofʃpilɐ̯	0.3	0.2222222222222222
Aufsässigkeit	aʊfzɛsɪckaɪt	aʊfzɛsɪkaɪt	aʊfzɛsɪckaɪt	aofzɛszɪkkəit	compound	aufsässig|keit	0.09090909090909091	0.0	0.38461538461538464	aʊ̯fz̥ɛsɪkkaɪ̯t	aofzɛszɪkkəit	0.26666666666666666	0.38461538461538464
Aufwärmer	aʊfvɛʁmɐ	aʊfvɛʁməʁ	aʊfvɛɾmɜ	aofvɛʁmɐ	compound	aufwärme|r	0.2222222222222222	0.25	0.125	aʊ̯fvɛʁmɐ	aofvɛɾmɐ̯	0.1111111111111111	0.3333333333333333
Aufwärmzeit	aʊfvɛʁmtsaɪt	aʊfvɛʁmtsaɪt	aʊfvɛɾmtsaɪt	aofvɛʁmtsəit	compound	aufwärm|zeit	0.0	0.08333333333333333	0.25	aʊ̯fvɛʁmt͡saɪ̯t	aofvɛɾmtsəit	0.2	0.3333333333333333
Augenbelastung	aʊɡənbəlastʊŋ	aʊɡnbəlastʊŋ	aʊɡənbəlastʊŋ	aogənbelastʊŋ	compound	augen|belastung	0.08333333333333333	0.0	0.23076923076923078	aʊ̯ɡn̩bəlastʊŋ	aogɛnbelastʊŋ	0.21428571428571427	0.3076923076923077
Augenfarbe	aʊɡnfaʁbə	aʊɡnfaɐbə	aʊɡənfaɾbə	aogənfaʁbə	compound	augen|farbe	0.1111111111111111	0.2	0.3	aʊ̯ɡn̩faʁbə	aogɛnfaɾbə	0.18181818181818182	0.4
Augenfarben	aʊɡnfaʁbn	aʊɡnfaʁbm	aʊɡənfaɾbən	aogənfaʁbən	compound	augen|farben	0.1111111111111111	0.2727272727272727	0.36363636363636365	aʊ̯ɡn̩faʁbn̩	aogɛnfaɾbən	0.25	0.45454545454545453
Augenkrebs	aʊɡnkʁeːps	aʊɡnkʁeps	aʊɡənkɾeps	aogɛŋkʁɛps	compound	augen|krebs	0.0	0.2	0.5	aʊ̯ɡn̩kʁeps	aogɛŋkɾɛps	0.18181818181818182	0.6
Ausbaudialekt	aʊsbaʊdialɛkt	aʊsbaʊdialɛkt	aʊsbaʊdiɑlɛkt	aosbaodialɛkt	compound	ausbau|dialekt	0.0	0.07692307692307693	0.15384615384615385	aʊ̯sbaʊ̯dialɛkt	aosbaodiɑlɛkt	0.13333333333333333	0.23076923076923078
Ausbildungsabbrecher	aʊsbɪldʊŋsapbʁɛcɐ	aʊsbɪldʊŋsapbʁɛcɐ	aʊsbɪldʊŋsabɾɛcɜ	aosbɪldʊŋzabʁɛcɐ	compound	ausbildung|s|abbrecher	0.0	0.1875	0.1875	aʊ̯sbɪldʊŋsapbʁɛçɐ	aosbɪldʊŋzabrɛçɐ̯	0.1111111111111111	0.35294117647058826
Ausbildungseinrichtung	ʔaʊsbɪldʊŋsʔaɪnʁɪctʊŋ	aʊsbɪldʊŋsaɪnʁɪctʊŋ	aʊsbɪldʊŋsaɪnrɪctʊŋ	aosbɪldʊŋzaenʁɪctʊŋ	compound	aus|bildungseinrichtung	0.0	0.05263157894736842	0.15789473684210525	aʊ̯sbɪldʊŋsaɪ̯nʁɪçtʊŋ	aosbɪldʊŋzaenɾɪçtʊŋ	0.14285714285714285	0.2631578947368421
Ausdrucksverhalten	aʊsdʁʊksfɛɐhaltn	aʊsdʁʊksfɛɐhaltn	aʊsdɾʊksfɜhaltən	aosdʁʊksvɛʁaltən	compound	ausdrucks|verhalten	0.0	0.25	0.3125	aʊ̯sdʁʊksfɛɐ̯haltn̩	aosdɾʊksvɛɾaltən	0.15789473684210525	0.375
Auseinanderstreben	aʊsaɪnandɐʃtʁeːbn	aʊsaɪnandɐʃtʁebn	aʊzaɪnandɜstɾebən	aozaenandɛʁstʁebən	compound	auseinander|streben	0.0	0.29411764705882354	0.3888888888888889	aʊ̯saɪ̯nandɐʃtʁebn̩	aosaenandɛɾstɾebən	0.15789473684210525	0.3888888888888889
Ausfallserscheinungen	aʊsfalsʔɛɐʃaɪnʊŋən	aʊsfalsɛɐʃaɪnʊŋən	aʊsfalzɜʃaɪnʊŋən	aosfallzɛʁʃaenʊŋən	compound	ausfalls|erscheinungen	0.0	0.1875	0.2777777777777778	aʊ̯sfalsɛɐ̯ʃaɪ̯nʊŋən	aosfallzɛɾʃəɪnʊŋən	0.15	0.2777777777777778
Ausfuhrbescheinigung	aʊsfuːɐbəʃaɪnɪɡʊŋ	aʊsfuɐbəʃaɪnɪɡʊŋ	aʊsfuɾbɛʃaɪnɪɡʊŋ	aosfuʁbɛʃaenɪgʊŋ	compound	ausfuhr|bescheinigung	0.0	0.125	0.3125	aʊ̯sfuɐ̯bəʃaɪ̯nɪɡʊŋ	aosfuɾbɛʃəɪnɪgʊŋ	0.15789473684210525	0.3125
Ausfuhrschein	aʊsfuːɐʃaɪn	aʊsfuɐʃaɪn	aʊsfuɾʃaɪn	aosfuʁʃəɪn	compound	ausfuhr|schein	0.0	0.1	0.3	aʊ̯sfuɐ̯ʃaɪ̯n	aosfuɾʃəɪn	0.23076923076923078	0.3
Ausfuhrscheine	aʊsfuːɐʃaɪnə	aʊsfuɐʃaɪnə	aʊsfuɾʃaɪnə	aosfuʁʃəɪnə	compound	ausfuhr|scheine	0.0	0.09090909090909091	0.2727272727272727	aʊ̯sfuɐ̯ʃaɪ̯nə	aosfuɾʃəɪnə	0.21428571428571427	0.2727272727272727
Ausfuhrscheines	aʊsfuːɐʃaɪnəs	aʊsfuɐʃaɪnəs	aʊsfuɾʃaɪnəs	aosfuʁʃaenəs	compound	ausfuhr|scheines	0.0	0.08333333333333333	0.25	aʊ̯sfuɐ̯ʃaɪ̯nəs	aosfuɾʃəɪnəs	0.2	0.25
Ausfuhrscheins	aʊsfuːɐʃaɪns	aʊsfuɐʃaɪns	aʊsfuɾʃaɪns	aosfuʁʃaens	compound	ausfuhr|scheins	0.0	0.09090909090909091	0.2727272727272727	aʊ̯sfuɐ̯ʃaɪ̯ns	aosfuɾʃaens	0.21428571428571427	0.2727272727272727
Ausfuhrzettel	aʊsfuːɐtsɛtəl	aʊsfuɐtsɛtl	aʊsfuɾtsɛtəl	aosfuʁtsɛtel	compound	ausfuhr|zettel	0.09090909090909091	0.08333333333333333	0.25	aʊ̯sfuɐ̯t͡sɛtl̩	aosfuɾtsɛtel	0.3333333333333333	0.25
Ausgeher	aʊsɡeːɐ	aʊsɡeəʁ	aʊsɡeɜ	aosgeɐ	compound	ausgehe|r	0.2857142857142857	0.16666666666666666	0.3333333333333333	aʊ̯sɡeɐ	aosgəhɐ̯	0.14285714285714285	0.625
Ausheber	aʊsheːbɐ	aʊshebəʁ	aʊshebɜ	aosebɐ	compound	aushebe|r	0.25	0.14285714285714285	0.3333333333333333	aʊ̯shebɐ	aoshebɐ̯	0.125	0.25
Ausnahmslosigkeit	aʊsnaːmsloːzɪckaɪt	aʊsnamslosɪckaɪt	aʊsnɑmslozɪckaɪt	aosnamslozɪkkəit	compound	ausnahmslos|igkeit	0.0625	0.0625	0.25	aʊ̯snamslozɪkkaɪ̯t	aosnɑmslozɪkkəit	0.16666666666666666	0.3125
Ausraster	aʊsʁastɐ	aʊsʁastəʁ	aʊsrastɜ	aosʁastɐ	compound	ausraste|r	0.2222222222222222	0.25	0.125	aʊ̯sʁastəʁ	aosɾastɐ̯	0.3	0.3333333333333333
Ausschlusskategorie	aʊsʃlʊskateɡoʁiː	aʊsʃlʊskateɡoʁi	aʊsʃlʊskateɡori	aosʃlʊsskategoʁiə	compound	ausschluss|kategorie	0.0	0.06666666666666667	0.23529411764705882	aʊ̯sʃlʊskateɡoʁi	aosʃlʊsskɑtegoɾijə	0.0625	0.3888888888888889
Ausstellungsobjekt	aʊsʃtɛlʊŋsɔpjɛkt	aʊsʃtɛlʊŋsɔpjɛkt	aʊsʃtɛlʊŋsɔbjɛkt	aosʃtɛllʊŋzɔpjɛkt	compound	ausstellung|s|objekt	0.0	0.0625	0.17647058823529413	aʊ̯sʃtɛlʊŋsɔpjɛkt	aosʃtɛllʊŋzɔpjɛkt	0.058823529411764705	0.17647058823529413
Ausstich	ʔaʊsʃtɪc	aʊsʃtɪc	aʊsʃtɪc	aosʃtɪc	compound	aus|stich	0.0	0.0	0.14285714285714285	aʊ̯sʃtɪç	aosʃtɪç	0.25	0.2857142857142857
Austeiler	aʊstaɪlɐ	aʊstaɪləʁ	aʊstaɪlɜ	aostəilɐ	compound	austeile|r	0.2222222222222222	0.125	0.375	aʊ̯staɪ̯lɐ	aostəilɐ̯	0.2	0.4444444444444444
Auswaschung	aʊsvaʃʊŋ	aʊsvaʃʊŋ	aʊsvaʃʊŋ	aosvaʃʊŋ	compound	aus|waschung	0.0	0.0	0.125	aʊ̯svaʃʊŋ	aosvaʃʊŋ	0.1111111111111111	0.125
Automatikuhr	aʊtomaːtɪkʔuːɐ	aʊtomatɪkuɐ	aʊtomɑtikuɾ	aotomatikuʁ	compound	automatik|uhr	0.0	0.2727272727272727	0.2727272727272727	aʊ̯tomatɪkuɐ̯	aotomɑtikuɾ	0.15384615384615385	0.36363636363636365
Außenohr	ʔaʊsnʔoːɐ	aʊsnoɐ	aʊsənoɾ	aoszənoʁ	compound	außen|ohr	0.0	0.2857142857142857	0.5	aʊ̯sn̩oɐ̯	aosenoɾ	0.3333333333333333	0.42857142857142855
Außergewöhnlichkeit	aʊsɐɡəvøːnlɪckaɪt	aʊsɐɡəvønlɪckaɪt	aʊsɜɡevønlɪckaɪt	aoszɛʁgevɔʏnlɪckəit	compound	außergewöhnlich|keit	0.0	0.125	0.5263157894736842	aʊ̯sɐɡəvønlɪçkaɪ̯t	aozɛɾgevønlɪçkəit	0.16666666666666666	0.5294117647058824
Açaíbeere	asaʔiːbeːʁə	asaibeʁə	ɑsaɪberə	aaobəɐə	compound	[]	0.0	0.375	0.5714285714285714	asaibeʁə	ɑtsɑibəɐ̯ə	0.0	0.6
Babybauch	beːbibaʊx	bɛɪbibaʊx	beɪbɪbɔtʃ	babybaox	compound	baby|bauch	0.2222222222222222	0.5555555555555556	0.375	bɛɪ̯bibaʊ̯x	bɑbybaox	0.36363636363636365	0.375
Babybauche	beːbibaʊxə	bɛɪbibaʊxə	beɪbɪbɔtʃ	babybaoxə	compound	baby|bauche	0.2	0.6666666666666666	0.3333333333333333	bɛɪ̯bibaʊ̯xə	bɑbybaoxə	0.3333333333333333	0.3333333333333333
Babybauches	beːbibaʊxəs	bɛɪbibaʊxəs	beɪbɪbɔtʃɪz	babybaoxəs	compound	baby|bauches	0.18181818181818182	0.6363636363636364	0.3	bɛɪ̯bibaʊ̯xəs	bɑbybaoxəs	0.3076923076923077	0.3
Babybauchs	beːbibaʊxs	bɛɪbibaʊxs	beɪbɪbɔtʃz	babybaoxs	compound	baby|bauchs	0.2	0.6	0.3333333333333333	bɛɪ̯bibaʊ̯xs	bɑbybaoks	0.3333333333333333	0.4444444444444444
Babybäuche	beːbibɔɪcə	bɛɪbibɔɪcə	beɪbɪbɛʌtʃ	babybɔɔʏcə	compound	baby|bäuche	0.2	0.6	0.4	bɛɪ̯bibɔɪ̯çə	bɑbybɔøçə	0.4166666666666667	0.4444444444444444
Babybäuchen	beːbibɔɪcn	bɛɪbibɔɪcn	beɪbɪbɛʌtʃən	babybɔɔʏcən	compound	baby|bäuchen	0.2	0.5833333333333334	0.45454545454545453	bɛɪ̯bibɔɪ̯çn̩	bɑbybɔøçən	0.46153846153846156	0.5
Babywannen	bɛɪbivanən	bɛɪbivanən	beɪbɪwanən	babyvannən	compound	baby|wannen	0.0	0.3	0.4	bɛɪ̯bivanən	bɑbyvannən	0.09090909090909091	0.4
Bachchor	baxkoːɐ	baxkoɐ	baxkoɾ	baxcoɐ	compound	bach|chor	0.0	0.16666666666666666	0.16666666666666666	baxkoɐ̯	baxçoɾ	0.14285714285714285	0.3333333333333333
Bachkantate	baxkantaːtə	baxkantatə	baxkantɑtə	baxkantatə	compound	bach|kantate	0.0	0.1	0.0	baxkantatə	baxkantɑtə	0.0	0.1
Backfischroman	bakfɪʃʁomaːn	bakfɪʃʁoman	bakfɪʃromɑn	bakfɪstsʁoman	compound	backfisch|roman	0.0	0.18181818181818182	0.23076923076923078	bakfɪʃʁoman	bakfɪʃɾoman	0.0	0.09090909090909091
Backfischromanen	bakfɪʃʁomaːnən	bakfɪʃʁomanən	bakfɪʃromɑnən	bakfɪstsʁomanən	compound	backfisch|romanen	0.0	0.15384615384615385	0.2	bakfɪʃʁomanən	bakfɪʃɾomanən	0.0	0.07692307692307693
Backhäuschen	bakhɔʏscən	bakhɔɪscən	bakhɔøscən	bakɔɔʏʃən	compound	back|häuschen	0.1	0.1	0.3333333333333333	bakhɔɪ̯sçən	bakɔøʃən	0.2727272727272727	0.5
Backoffice	bɛkɔfɪs	bakɔfike	bakɔfikə	bakɔffitsə	compound	back|off|i|c|e	0.5	0.5	0.5	bɛkɔfɪs	bakɔffitsə	0.0	0.5
Backoffices	bɛkɔfɪsɪz	bakɔfitsees	bakɔfikəs	bakɔffitsəs	compound	back|off|ices	0.5454545454545454	0.5555555555555556	0.5454545454545454	bɛkɔfɪsəs	bakɔffitsəs	0.2222222222222222	0.5454545454545454
Backtick	bɛktɪk	baktɪk	baktɪk	baktɪk	compound	backt|ick	0.16666666666666666	0.16666666666666666	0.16666666666666666	baktɪk	baktɪk	0.16666666666666666	0.16666666666666666
Badeente	baːdəʔɛntə	badəɛntə	bɑdentə	badəɛntə	compound	bade|ente	0.0	0.42857142857142855	0.0	badəɛntə	bɑdəɛntə	0.0	0.125
Badeenten	baːdəʔɛntn	badəɛntn	bɑdentən	badəɛntən	compound	bade|enten	0.0	0.5	0.1111111111111111	badəɛntn̩	bɑdəɛntən	0.1111111111111111	0.2222222222222222
Badeteich	baːdətaɪc	badətəɪc	bɑdetaɪc	badətaec	compound	badete|ich	0.125	0.25	0.125	badətaɪ̯ç	bɑdetaeç	0.2222222222222222	0.5
Badhaus	baːdhaʊs	bathaʊs	bathaʊs	bataos	compound	bad|haus	0.14285714285714285	0.14285714285714285	0.5	bathaʊ̯s	bataos	0.25	0.5
Badlands	bɛːtlɛnds	batlants	badlants	badlants	compound	bad|lands	0.375	0.5	0.5	batlant͡s	badlants	0.4444444444444444	0.5
Baguetteschliff	baɡɛtʃlɪf	baɡɛtʃlɪf	bɑɡuɛtɛʃlɪf	bagukɛtɛʃlɪff	compound	baguette|schliff	0.0	0.2727272727272727	0.38461538461538464	baɡɛtʃlɪf	bɑguɛtɛʃlɪff	0.0	0.4166666666666667
Baguetteschliffe	baɡɛtʃlɪfə	baɡɛtʃlɪfə	bɑɡuɛtɛʃlɪfə	bagukɛtɛʃlɪffə	compound	baguette|schliffe	0.0	0.25	0.35714285714285715	baɡɛtʃlɪfə	bɑguɛtɛʃlɪffə	0.0	0.38461538461538464
Baguetteschliffes	baɡɛtʃlɪfəs	baɡɛtʃlɪfəs	bɑɡuɛtɛʃlɪfəs	bagukɛtɛʃlɪffəs	compound	baguette|schliffes	0.0	0.23076923076923078	0.3333333333333333	baɡɛtʃlɪfəs	bɑguɛtɛʃlɪffəs	0.0	0.35714285714285715
Baguetteschliffs	baɡɛtʃlɪfs	baɡɛtʃlɪfs	bɑɡuɛtɛʃlɪfs	bagukɛtɛʃlɪffs	compound	baguette|schliffs	0.0	0.25	0.35714285714285715	baɡɛtʃlɪfs	bɑguɛtɛʃlɪffs	0.0	0.38461538461538464
Bahaitum	bahaɪtuːm	bahaitum	bɑaɪtum	bahaitum	compound	bahai|tu|m	0.125	0.2857142857142857	0.125	bahaɪ̯tum	bɑɑitum	0.1111111111111111	0.5714285714285714
Balkansprachbund	balkanʃpʁaːxbʊnt	balkanʃpʁaxbʊnt	balkanʃpɾɑxbʊnt	balkanspʁaxbʊnt	compound	balkan|sprachbund	0.0	0.13333333333333333	0.06666666666666667	balkanʃpʁaxbʊnt	balkanspɾaxbʊnt	0.0	0.13333333333333333
Balzarena	baltsʔaʁeːna	baltsaʁena	baltsarɛnɑ	baltsaʁena	compound	balz|arena	0.0	0.3	0.0	balt͡saʁena	baltsɑɾenɑ	0.09090909090909091	0.3
Barchend	barcənt	baɐcənd	bɑɾcənt	baʁxɛnt	compound	bar|chen|d	0.2857142857142857	0.2857142857142857	0.42857142857142855	baʁçn̩t	baɾxɛnt	0.5714285714285714	0.42857142857142855
Barchet	barcət	baɐcɛt	bɑɾcət	baʁxət	compound	bar|ch|et	0.3333333333333333	0.3333333333333333	0.3333333333333333	baʁçət	baɾxət	0.3333333333333333	0.3333333333333333
Barmixer	baːɐmɪksɐ	baɐmɪksɐ	baɾmɪksɜ	baʁmiksɐ	compound	bar|mixer	0.0	0.25	0.25	baɐ̯mɪksɐ	baɾmiksɐ̯	0.1111111111111111	0.3333333333333333
Barockbildhauer	barɔkbɪlthaʊɐ	baʁɔkbɪlthaʊɐ	bɑrɔkbɪlthaʊɜ	baʁɔkbɪltaoɐ	compound	barock|bildhauer	0.07692307692307693	0.15384615384615385	0.25	baʁɔkbɪlthaʊ̯ɐ	bɑɾɔkbɪltaoɐ̯	0.14285714285714285	0.38461538461538464
Barockbildhauers	barɔkbɪlthaʊɐs	baʁɔkbɪlthaʊɐs	bɑrɔkbɪlthaʊɜs	baʁɔkbɪltaoɐs	compound	barock|bildhauers	0.07142857142857142	0.14285714285714285	0.23076923076923078	baʁɔkbɪlthaʊ̯ɐs	bɑɾɔkbɪltaoɛɾs	0.13333333333333333	0.42857142857142855
Barockkünstler	barɔkkʏnstlɐ	baʁɔkkʏnstlɐ	bɑrɔkynstlɜ	baʁɔkkʏnstlɐ	compound	barock|künstler	0.08333333333333333	0.36363636363636365	0.08333333333333333	baʁɔkkʏnstlɐ	bɑɾɔkkʏnstlɐ̯	0.08333333333333333	0.23076923076923078
Barockkünstlers	barɔkkʏnstlɐs	baʁɔkkʏnstlɐs	bɑrɔkynstlɜs	baʁɔkkʏnstlɛʁs	compound	barock|künstlers	0.07692307692307693	0.3333333333333333	0.21428571428571427	baʁɔkkʏnstlɐs	bɑɾɔkkʏnstlɛɾs	0.07692307692307693	0.2857142857142857
Barockmaler	barɔkmaːlɐ	baʁɔkmalɐ	bɑrɔkmɑlɜ	baʁɔkmalɐ	compound	barock|maler	0.1111111111111111	0.3333333333333333	0.1111111111111111	baʁɔkmalɐ	bɑɾɔkmalɐ̯	0.1111111111111111	0.3
Barockmalerei	barɔkmaːləʁaɪ	baʁɔkmaləʁaɪ	bɑrɔkmɑleraɪ	baʁɔkmalɐae	compound	barock|malerei	0.08333333333333333	0.3333333333333333	0.36363636363636365	baʁɔkmaləʁaɪ̯	bɑɾɔkmalɐ̯ae	0.15384615384615385	0.4166666666666667
Barockschloss	barɔkʃlɔs	baʁɔkʃlɔs	bɑrɔkʃlɔs	baʁɔkʃlɔss	compound	barock|schloss	0.1111111111111111	0.1111111111111111	0.2	baʁɔkʃlɔs	bɑɾɔkʃlɔss	0.1111111111111111	0.3
Barockschlösschen	barɔkʃlœscən	baʁɔkʃlœscən	bɑrɔkʃlœscən	baʁɔkʃlœsʃən	compound	barock|schlösschen	0.08333333333333333	0.08333333333333333	0.16666666666666666	baʁɔkʃlœsçən	bɑɾɔkʃlœsʃən	0.16666666666666666	0.25
Barockschlösser	barɔkʃlœsɐ	baʁɔkʃlœsɐ	bɑrɔkʃlœsɜ	baʁɔkʃlœszɐ	compound	barock|schlösser	0.1	0.2	0.18181818181818182	baʁɔkʃlœsɐ	bɑɾɔkʃlœszɐ̯	0.1	0.3333333333333333
Barockstil	barɔkstiːl	baʁɔkstil	bɑrɔkstil	baʁɔkstil	compound	barock|stil	0.1111111111111111	0.1111111111111111	0.1111111111111111	baʁɔkstil	bɑɾɔkstil	0.1111111111111111	0.2222222222222222
Baseballer	bɛɪsbɔːlɐ	bɛɪsbɔleɐ	bɑzebalɜ	bazeballɐ	compound	baseball|er	0.1111111111111111	0.625	0.5555555555555556	bɛɪ̯sbɔleɐ̯	bɑzeballɐ̯	0.2727272727272727	0.6
Baseballerin	bɛɪsbɔːlərɪn	bɛɪsbɔleɐɪn	bɑzebalərɪn	bazeballɐɪn	compound	baseball|er|in	0.18181818181818182	0.36363636363636365	0.5454545454545454	bɛɪ̯sbɔleʁɪn	bɑzeballɐ̯ɪn	0.25	0.5833333333333334
Basecaps	bɛɪskɛps	bazəkɛps	bɑzekɑps	bazetsaps	compound	base|caps	0.375	0.5	0.6666666666666666	bɛɪ̯skɛps	bɑzekaps	0.1111111111111111	0.5
Bauchfell	baʊxfɛl	baʊxfɛl	baʊxfɛl	baoxfɛll	compound	bauch|fell	0.0	0.0	0.25	baʊ̯xfɛl	baoxfɛll	0.125	0.25
Bauchtasche	baʊxtaʃə	baʊxtaʃə	baʊxtaʃə	baoxtaʃə	compound	baucht|asche	0.0	0.0	0.125	baʊ̯xtaʃə	baoxtaʃə	0.1111111111111111	0.125
Bauernschaft	baʊɐnʃaft	baʊɐnʃaft	baʊɜnʃaft	baoɐnstshaft	compound	bauern|schaft	0.0	0.1111111111111111	0.4166666666666667	baʊ̯ɐnʃaft	baoɛɾnstshaft	0.1	0.5384615384615384
Bauerschaft	baʊɐʃaft	baʊɐʃaft	baʊɜʃaft	baoɐʃaft	compound	bauer|schaft	0.0	0.125	0.125	baʊ̯ɐʃaft	baoɐ̯ʃaft	0.1111111111111111	0.2222222222222222
Baufall	baʊfal	baʊfal	baʊfal	baofall	compound	bau|fall	0.0	0.0	0.2857142857142857	baʊ̯fal	baofall	0.14285714285714285	0.2857142857142857
Baumheide	baʊmhaɪdə	baʊmhaɪdə	baʊmhaɪdə	baomhaedə	compound	baum|heide	0.0	0.0	0.2222222222222222	baʊ̯mhaɪ̯də	baomaedə	0.18181818181818182	0.375
Baumwolllaken	baʊmvɔllaːkn	baʊmvɔllakn	baʊmvɔlɑkən	baomvɔlllakən	compound	baum|w|oll|laken	0.0	0.2727272727272727	0.23076923076923078	baʊ̯mvɔllakn̩	baomvɔlllɑkən	0.15384615384615385	0.3076923076923077
Baumwollmantel	baʊmvɔlmantəl	baʊmvɔlmantl	baʊmvɔlmantəl	baomvɔllmantəl	compound	baum|wollmantel	0.08333333333333333	0.0	0.14285714285714285	baʊ̯mvɔlmantl̩	baomvɔllmantel	0.21428571428571427	0.21428571428571427
Baumwollsocke	baʊmvɔlzɔkə	baʊmvɔlzɔkə	baʊmvɔlzɔkə	baomvɔllzɔkə	compound	baum|wollsocke	0.0	0.0	0.16666666666666666	baʊ̯mvɔlzɔkə	baomvɔllzɔkə	0.08333333333333333	0.16666666666666666
Bedeutungsentlehnung	bədɔʏtʊŋsʔɛntleːnʊŋ	bədɔɪtʊŋsɛntlenʊŋ	bədɔøtʊŋsɛntlenʊŋ	bədɔɔʏtʊŋzɛntlenʊŋ	compound	bedeutung|s|entlehnung	0.058823529411764705	0.058823529411764705	0.1111111111111111	bədɔɪ̯tʊŋsɛntlenʊŋ	bədɔøtʊŋzɛntlenʊŋ	0.1111111111111111	0.11764705882352941
Bedeutungsübersicht	bədɔʏtʊŋɡsyːbɐzɪct	bədɔɪtʊŋsybɐzɪct	bədɔøtʊŋsybɜzɪct	bədɔɔʏtʊŋzybɛʁzɪct	compound	bedeutung|s|übersicht	0.125	0.1875	0.2777777777777778	bədɔɪ̯tʊŋsybɐzɪçt	bədɔøtʊŋzybɛɾzɪçt	0.23529411764705882	0.35294117647058826
Bednarz	bɛtnaʁts	bɛtnaʁts	bədnaɾts	bədnaʁts	compound	b|edna|r|z	0.0	0.375	0.25	bɛtnaʁt͡s	bədnaɾts	0.1111111111111111	0.375
Befehlsketten	bəfeːlskɛtn	bəfelskɛtn	bəfelskɛtən	bəfelskkɛtən	compound	befehls|ketten	0.0	0.09090909090909091	0.16666666666666666	bəfelskɛtn̩	bəfelskkɛtən	0.09090909090909091	0.16666666666666666
Befestigens	bəfɛstɪɡns	bəfɛstɪɡns	bəfɛstiɡəns	bəfɛstɪgɛns	compound	befestigen|s	0.0	0.18181818181818182	0.18181818181818182	bəfɛstɪɡn̩s	bəfɛstigɛns	0.09090909090909091	0.2727272727272727
Beförderungsfahrt	bəfœrdərʊŋsfaːɐt	bəfœʁdəʁʊŋsfaɐt	bəfœɾderʊŋsfɑɾt	bəfœʁdɐʊŋsfaʁt	compound	beförderung|s|fahrt	0.13333333333333333	0.26666666666666666	0.2857142857142857	bəfœʁdəʁʊŋsfaɐ̯t	bəfœɾdeɾʊŋsfɑɾt	0.1875	0.3333333333333333
Befüllung	bəfʏlʊŋ	bəfʏlʊŋ	bəfylʊŋ	bəfʏllʊŋ	compound	be|füllung	0.0	0.14285714285714285	0.125	bəfʏlʊŋ	bəfʏllʊŋ	0.0	0.125
Begegnungsstätte	bəɡeːɡnʊŋsʃtɛtə	bəɡeɡnʊŋsʃtɛtə	bəɡeɡnʊŋsʃtɛtə	bəgɛgnʊŋzstɛtə	compound	begegnung|s|stätte	0.0	0.0	0.35714285714285715	bəɡeɡnʊŋsʃtɛtə	bəgəgnʊŋzstɛtə	0.0	0.35714285714285715
Begriffsklärung	bəɡʁɪfsklɛːʁʊŋ	bəɡʁɪfsklɛʁʊŋ	bəɡɾɪfsklɛrʊŋ	bəgʁɪffsklɛʁʊŋ	compound	begriffs|klärung	0.0	0.15384615384615385	0.14285714285714285	bəɡʁɪfsklɛʁʊŋ	bəgɾɪffsklɛɾʊŋ	0.0	0.2857142857142857
Begriffsklärungen	bəɡʁɪfsklɛːʁʊŋən	bəɡʁɪfsklɛʁʊŋən	bəɡɾɪfsklɛrʊŋən	bəgʁɪffsklɛʁʊŋən	compound	begriffs|klärungen	0.0	0.13333333333333333	0.125	bəɡʁɪfsɡʁɪfs	bəgɾɪffsklɛɾʊŋən	0.5833333333333334	0.25
Begrüßer	bəɡʁyːsɐ	bəɡʁysəʁ	bəɡɾysɜ	bəgʁʏszɐ	compound	begrüße|r	0.25	0.2857142857142857	0.375	bəɡʁysɐ	bəgɾyzɐ̯	0.0	0.5
Beikraut	baɪkʁaʊt	baɪkʁaʊt	baɪkɾaʊt	baekʁaot	compound	bei|kraut	0.0	0.125	0.25	baɪ̯kʁaʊ̯t	bəɪkɾaot	0.2	0.375
Beilagscheibe	baɪlaɡʃaɪbə	baɪlakʃaɪbə	baɪlɑkʃaɪbə	bəilakʃaebə	compound	beilag|scheibe	0.09090909090909091	0.18181818181818182	0.36363636363636365	baɪ̯laksʃaɪ̯bə	bəilakʃaebə	0.2857142857142857	0.36363636363636365
Belastungsstörung	bəlastʊŋsʃtøːʁʊŋ	bəlastʊŋsʃtøʁʊŋ	bəlastʊŋsʃtørʊŋ	belastʊŋzstøʁʊŋ	compound	belastung|s|störung	0.0	0.06666666666666667	0.2	bəlastʊŋsʃtøʁʊŋ	bəlastʊŋzstøɾʊŋ	0.0	0.2
Belegexemplar	bəleːkɛksɛmplaːɐ	bəlekɛksɛmplaɐ	bəleɡɛksɛmplɑɾ	bəlegeksɛmplaʁ	compound	beleg|exemplar	0.0	0.21428571428571427	0.21428571428571427	bəlekɛksɛmplaɐ̯	bəlegeksɛmplaɽ	0.06666666666666667	0.21428571428571427
Belorussland	beloʁʊslant	bəloʁʊslant	bəlorʊslant	beloʁʊsslant	compound	be|lo|russland	0.09090909090909091	0.18181818181818182	0.08333333333333333	bɛloʁʊslant	bəloɾʊsslant	0.09090909090909091	0.25
Belzec	bɛltsɛk	bɛltsek	bɛltsek	bɛltsəc	compound	b|elz|e|c	0.14285714285714285	0.14285714285714285	0.2857142857142857	bɛlt͡sɛk	bəltsek	0.125	0.2857142857142857
Beneke	beːnəkə	benəke	bənekə	bənəkə	compound	bene|k|e	0.16666666666666666	0.3333333333333333	0.16666666666666666	benəke	bənekə	0.16666666666666666	0.3333333333333333
Benzinkutsche	bɛntsiːnkʊtʃə	bɛntsinkʊtʃə	bɛntsɪnkʊtʃə	bəntsɪŋkʊtʃə	compound	benzin|kutsche	0.0	0.08333333333333333	0.25	bɛnt͡sɪnkʊt͡ʃə	bəntsɪŋkʊʧə	0.21428571428571427	0.45454545454545453
Bergbarte	bɛʁkbartə	bɛʁkbaɐtə	bɛɾɡbaɾtə	bɛʁkbaʁtə	compound	berg|barte	0.1111111111111111	0.3333333333333333	0.1111111111111111	bɛʁkbaɐ̯tə	bəɾkbaɾtə	0.2	0.3333333333333333
Bergsträßchen	bɛʁkʃtʁɛːscən	bɛʁkʃtʁɛscən	bɛɾkstɾɛscən	bɛʁkstʁɛsʃən	compound	berg|sträßchen	0.0	0.25	0.16666666666666666	bɛʁkʃtʁɛsçən	bəɾkstɾɛʃən	0.08333333333333333	0.5454545454545454
Bergtal	bɛʁktaːl	bɛʁktal	bɛɾktɑl	bɛʁktal	compound	bergt|al	0.0	0.2857142857142857	0.0	bɛʁktal	bəɾktal	0.0	0.2857142857142857
Bergtals	bɛʁktaːls	bɛʁktals	bɛɾktɑls	bɛʁktals	compound	bergt|als	0.0	0.25	0.0	bɛʁktals	bəɾktals	0.0	0.25
Beschliesser	bəʃliːsɐ	bəʃliɛsɐ	bəʃlisɜ	bəʃliszɐ	compound	besch|li|esser	0.125	0.14285714285714285	0.125	bəʃlisɐ	bəʃliszɐ̯	0.0	0.2222222222222222
Beschmierer	bəʃmiːʁɐ	bəʃmiʁəʁ	bəʃmirɜ	bəʃmiɐɐ	compound	beschmiere|r	0.25	0.2857142857142857	0.14285714285714285	bəʃmiʁɐ	bəʃmiɐ̯ɐ̯	0.0	0.3333333333333333
Beschmutzers	bəʃmʊtsɐs	bəʃmʊtsɐs	bəʃmʊtsɜs	bəʃmʊtsɛʁs	compound	beschmutzer|s	0.0	0.1111111111111111	0.2	bəʃmʊt͡sɐs	bəʃmʊtsɛɾs	0.1	0.2
Beschöniger	bəʃøːnɪɡɛɐ	bəʃønɪɡəʁ	bəʃønɪɡɜ	bəʃɔʏnɪgɐ	compound	beschönige|r	0.2222222222222222	0.25	0.4444444444444444	bəʃønɪɡɐ	bəʃønɪgɐ̯	0.125	0.3333333333333333
Bestandserhaltung	bəʃtantsɛɐhaltʊŋ	bəʃtantsɛɐhaltʊŋ	bəʃtandzɜhaltʊŋ	bəʃtantzɛʁaltʊŋ	compound	bestands|erhaltung	0.0	0.26666666666666666	0.2	bəʃtant͡sɛɐ̯haltʊŋ	bəʃtantzɛɾaltʊŋ	0.1111111111111111	0.2
Bestenliste	bɛstənlɪstə	bɛstnlɪstə	bɛstənlɪstə	bəʃtɛnlɪstə	compound	besten|liste	0.1	0.0	0.2727272727272727	bɛstn̩lɪstə	bəʃtɛnlɪstə	0.18181818181818182	0.2727272727272727
Betonsperre	betɔŋʃpɛʁə	betonʃpɛʁə	bətɔnʃpɛrə	bətɔnspɛʁʁə	compound	beton|sperre	0.2	0.3	0.36363636363636365	betonʃpɛʁə	bətɔnspɛɾɾə	0.2	0.45454545454545453
Betonsträßchen	betɔŋʃtrɛːscən	betonʃtʁɛscən	bətɔnstɾɛscən	bətɔnstʁɛsʃən	compound	beton|sträßchen	0.23076923076923078	0.3076923076923077	0.38461538461538464	betonʃtʁɛsçən	bətɔnstɾɛʃən	0.3076923076923077	0.5
Bettenburgen	bɛtnbʊʁɡn	bɛtnbʊʁɡn	bɛtənb??ɡən	bətɛnbʊʁgən	compound	betten|burgen	0.0	0.36363636363636365	0.36363636363636365	bɛtn̩bʊʁɡn̩	bətɛnbʊɾgən	0.18181818181818182	0.45454545454545453
Bettgeflüster	bɛtɡəflʏstɐ	bɛtɡəflʏstɐ	bɛtɡɛflystɜ	bɛttgəflʏstɐ	compound	bett|geflüster	0.0	0.2727272727272727	0.16666666666666666	bɛtɡəflʏstɐ	bəttgɛflʏstɐ̯	0.0	0.38461538461538464
Bettüberwurf	bɛtyːbɐvʊʁf	bɛtybɐvʊʁf	bɛtybɜv??f	bəttybɛʁvʊʁf	compound	bett|überwurf	0.0	0.3	0.3333333333333333	bɛtybɐvʊʁf	bətybɛɾvʊɾf	0.0	0.36363636363636365
Beugewinkel	bɔʏɡəvɪŋkəl	bɔɪɡəvɪŋkəl	bɔøɡevɪnkəl	bəugevɪŋkel	compound	beuge|winkel	0.09090909090909091	0.2727272727272727	0.45454545454545453	bɔɪ̯ɡəvɪŋkl̩	bəugevɪŋkel	0.3333333333333333	0.45454545454545453
Beugungswinkel	bɔʏɡʊŋsvɪŋkəl	bɔɪɡʊŋsvɪŋkəl	bɔøɡʊŋsvɪnkəl	bəugʊŋsvɪŋkel	compound	beugung|s|winkel	0.07692307692307693	0.15384615384615385	0.3076923076923077	bɔɪ̯ɡʊŋsvɪŋkl̩	bəugʊŋsvɪŋkel	0.2857142857142857	0.3076923076923077
Beutelmarder	bɔʏtəlmaʁdɐ	bɔɪtlmaʁdɐ	bɔøtəlmaɾdɜ	bəutɛlmaʁdɐ	compound	beutel|marder	0.2	0.2727272727272727	0.2727272727272727	bɔɪ̯tl̩maʁdɐ	bəutɛlmaɾdɐ̯	0.3333333333333333	0.4166666666666667
Bewegungsgeschwindigkeit	bəveːɡʊŋsɡəʃvɪndɪckaɪt	bəveɡʊŋsɡəʃvɪndɪkaɪt	bəveɡʊŋsɡəʃvɪndɪckaɪt	bəvegʊŋsgəʃvɪndɪkkəit	compound	bewegung|s|geschwindigkeit	0.05	0.0	0.23809523809523808	bəveɡʊŋsɡəʃvɪndɪkkaɪ̯t	bəvɛkʊnksgəʃvɪndɪkkəit	0.09090909090909091	0.36363636363636365
Bewegungsgeschwindigkeiten	bəveːɡʊŋsɡəʃvɪndɪckaɪtn	bəveɡʊŋsɡəʃvɪndɪkaɪtn	bəveɡʊŋsɡəʃvɪndɪckaɪtən	bəvegʊŋsgəʃvɪndɪkkəitən	compound	bewegung|s|geschwindigkeiten	0.047619047619047616	0.043478260869565216	0.2608695652173913	bəveɡʊŋsɡəʃvɪndɪkkaɪ̯tn̩	bəvɛkʊnksgəʃvɪndɪkkəitən	0.125	0.375
Beweispflicht	bəvaɪspflɪct	bəvaɪspflɪct	bəvaɪspflɪct	bəvaespflɪct	compound	beweis|pflicht	0.0	0.0	0.08333333333333333	bəvaɪ̯sp͡flɪçt	bəvaespflɪçt	0.21428571428571427	0.16666666666666666
Beweispflichten	bəvaɪspflɪctn	bəvaɪspflɪctn	bəvaɪspflɪctən	bəvaespflɪctən	compound	beweis|pflichten	0.0	0.07142857142857142	0.14285714285714285	bəvaɪ̯sp͡flɪçtn̩	bəvaespflɪçtən	0.25	0.21428571428571427
Beweisung	bəvaɪzʊŋ	bəvaɪzʊŋ	bəvaɪzʊŋ	bəvaezʊŋ	compound	be|weisung	0.0	0.0	0.125	bəvaɪ̯zʊŋ	bəvaezʊŋ	0.1111111111111111	0.125
Beweisvereitelung	bəvaɪsfɛɐʔaɪtəlʊŋ	bəvaɪsfɛɾaɪtəlʊŋ	bəvaɪsferaɪtəlʊŋ	bəvaesvɐəitelʊŋ	compound	beweis|vereitelung	0.0625	0.125	0.4	bəvaɪ̯sfɛɐ̯aɪ̯təlʊŋ	bəvaesveɾaetelʊŋ	0.15789473684210525	0.375
Beweiswürdigung	bəvaɪsvʏʁdɪɡʊŋ	bəvaɪsvʏʁdɪɡʊŋ	bəvaɪsvyɾdɪɡʊŋ	bəvaesvʏʁdɪgʊŋ	compound	beweis|würdigung	0.0	0.14285714285714285	0.14285714285714285	bəvaɪ̯svʏʁdɪɡʊŋ	bəvaesvʏɾdɪgʊŋ	0.06666666666666667	0.21428571428571427
Bibelforschung	biːblfɔʁʃʊŋ	biblfɔʁʃʊŋ	bibəlfɔɾʃʊŋ	bibɛlfɔʁʃʊŋ	compound	bibel|forschung	0.0	0.18181818181818182	0.09090909090909091	bibl̩fɔʁʃʊŋ	bibɛlfɔɾʃʊŋ	0.09090909090909091	0.18181818181818182
Bibelkommentar	biːbəlkɔmɛntaːɐ	biblkɔmɛntaɐ	bibəlkɔməntɑɾ	bibɛlkɔmmɛntaʁ	compound	bibel|kommentar	0.08333333333333333	0.23076923076923078	0.21428571428571427	bibl̩kɔmmɛntaʁ	bibɛlkommɛntaɽ	0.2857142857142857	0.2857142857142857
Bibelkommentare	biːbəlkɔmɛntaːʁə	biblkɔmɛntaʁə	bibəlkɔməntɑrə	bibɛlkɔmmɛntaʁə	compound	bibel|kommentare	0.07692307692307693	0.21428571428571427	0.13333333333333333	bibl̩kɔmɛntaʁə	bibɛlkommɛntaɽə	0.14285714285714285	0.26666666666666666
Bibelkommentares	biːbəlkɔmɛntaːʁəs	biblkɔmɛntaʁəs	bibəlkɔməntɑrəs	bibɛlkɔmmɛntaʁəs	compound	bibel|kommentare|s	0.07142857142857142	0.2	0.125	bibl̩kɔmɛntaʁəs	bibɛlkommɛntaɽəs	0.13333333333333333	0.25
Bibelkommentars	biːbəlkɔmɛntaːɐs	biblkɔmɛntaɐs	bibəlkɔməntɑɾs	bibɛlkɔmmɛntaʁs	compound	bibel|kommentars	0.07692307692307693	0.21428571428571427	0.2	bibl̩kɔmɛntaɐ̯s	bibɛlkɔmmɛntaɾs	0.2	0.2
Biegungswinkel	biːɡʊŋsvɪŋkəl	biɡʊŋsvɪŋkəl	biɡʊŋsvɪnkəl	bigʊŋsvɪŋkel	compound	biegung|s|winkel	0.0	0.08333333333333333	0.16666666666666666	biɡʊŋsvɪŋkl̩	bigʊŋsvɪŋkel	0.16666666666666666	0.16666666666666666
Bienenbrot	biːnənbʁoːt	binənbʁot	binənbɾot	binɛnbʁot	compound	bienen|brot	0.0	0.1111111111111111	0.1111111111111111	binənbʁot	binɛnbrot	0.0	0.2222222222222222
Bienenhäuschen	biːnənhɔʏscən	binənhɔɪscən	binənhɔøscən	binɛnɔɔʏʃən	compound	bienen|häuschen	0.08333333333333333	0.08333333333333333	0.36363636363636365	binənhɔɪ̯sçən	binɛnɔøʃən	0.23076923076923078	0.5
Bienenstachel	biːnənʃtaxl	binənʃtaxl	binənstaxəl	binɛnstaxəl	compound	bienen|stachel	0.0	0.18181818181818182	0.2727272727272727	binənʃtaxl̩	binɛnstaxel	0.09090909090909091	0.2727272727272727
Biestmilch	biːstmɪlc	bistmɪlc	bistmɪlc	bistmɪlc	compound	biest|milch	0.0	0.0	0.0	bistmɪlç	bistmɪlç	0.125	0.125
Bildgrösse	bɪltɡʁøːsə	bɪltɡʁøszɛ	bɪldɡɾœsə	bɪltgʁœszə	compound	bild|g|r|ös|se	0.2	0.3333333333333333	0.3	bɪltɡʁœsə	bɪldgɾœszə	0.1111111111111111	0.5
Bildgröße	bɪltɡʁøːsə	bɪltɡʁøsə	bɪldɡɾøsə	bɪltgʁœszə	compound	bild|größe	0.0	0.2222222222222222	0.3	bɪltɡʁøsə	bɪldgɾøzə	0.0	0.4444444444444444
Bildreporterin	bɪltʁepɔʁtəʁɪn	bɪltʁepɔʁtəʁɪn	bɪldɾepɔɾtərɪn	bɪldʁepɔʁtɐɪn	compound	bild|reporterin	0.0	0.2857142857142857	0.23076923076923078	bɪltʁepɔʁtəʁɪn	bɪldɾepɔɾtɐ̯ɪn	0.0	0.35714285714285715
Bildschirmformat	bɪltʃɪʁmfɔʁmaːt	bɪltʃɪʁmfɔʁmat	bɪltʃɪɾmfɔɾmɑt	bɪltʃɪʁmfɔʁmat	compound	bildschirm|format	0.0	0.21428571428571427	0.0	bɪltʃɪʁmfɔʁmat	bɪltʃɪɾmfɔɾmɑt	0.0	0.21428571428571427
Bildsäule	bɪltzɔɪlə	bɪltzɔɪlə	bɪldzɔølə	bɪltzɔɔʏlə	compound	bild|säule	0.0	0.2222222222222222	0.2	bɪltzɔɪ̯lə	bɪltzɔølə	0.1	0.1111111111111111
Billiard	bɪljaɐt	bɪliaɾt	bɪliaɾt	bɪlliaʁt	compound	bill|i|ard	0.2857142857142857	0.2857142857142857	0.375	bɪliaɾt	bɪlliaɾt	0.2857142857142857	0.375
Bindebogen	bɪndəboːɡn	bɪndəboɡn	bɪndəboɡən	bɪndebogən	compound	binde|bogen	0.0	0.1	0.3	bɪndəboɡn̩	bɪndebogən	0.1	0.3
Bindungsdomäne	bɪndʊŋsdomɛːnə	bɪndʊŋsdomɛnə	bɪndʊŋsdomɛnə	bɪndʊŋsdomɛnə	compound	bindung|s|domäne	0.0	0.0	0.0	bɪndʊŋsdomɛnə	bɪndʊŋsdomɛnə	0.0	0.0
Binärkompatibilität	binɛːɐkɔmpatibilitɛːt	binɛɐkɔmpatibilitɛt	binɛɾkɔmpatibilitɛt	binɛʁkɔmpatibilitɛt	compound	binär|kompatibilität	0.0	0.05263157894736842	0.05263157894736842	binɛɐ̯kɔmpatibilitɛt	binɛɾkɔmpɑtibilitɛt	0.05	0.10526315789473684
Biodeutscher	biːodɔɪtʃɐ	biodɔɪtʃɐ	bɪodɔøtʃɜ	bɪodɔɔʏtʃɐ	compound	bio|deutscher	0.0	0.3333333333333333	0.3	biodɔɪ̯t͡ʃɐ	biodɔøʧɐ̯	0.18181818181818182	0.4444444444444444
Biokartoffel	biːokaʁtɔfəl	biokaʁtɔfl	bɪokaɾtɔfəl	bɪokaʁtɔffəl	compound	bio|kartoffel	0.1	0.18181818181818182	0.16666666666666666	biokaʁtɔfl̩	biokaɾtɔffel	0.18181818181818182	0.25
Birkenfeld	bɪʁknfɛlt	bɪʁknfɛlt	bɪɾkənfɛlt	bɪʁkɛnfɛlt	compound	birken|feld	0.0	0.2	0.1	bɪʁkn̩fɛlt	bɪɾkɛnfɛlt	0.1	0.2
Birkenstock	bɪʁknʃtɔk	bɪʁknʃtɔk	bɪɾkənstɔk	bɪʁkɛnstɔk	compound	birken|stock	0.0	0.3	0.2	bɪʁkn̩ʃtɔk	bɪɾkɛnstɔk	0.1	0.3
Birkenstocks	bɪʁknʃtɔks	bɪʁknʃtɔks	bɪɾkənstɔks	bɪʁkɛnstɔks	compound	birken|stocks	0.0	0.2727272727272727	0.18181818181818182	bɪʁkn̩ʃtɔks	bɪɾkɛnstɔks	0.09090909090909091	0.2727272727272727
Birkenstocksandale	bɪʁkənʃtɔkzandaːlə	bɪʁknʃtɔkzandalə	bɪɾkənstɔkzandɑlə	bɪʁkɛnstɔkzandalə	compound	birken|stock|sandale	0.0625	0.17647058823529413	0.11764705882352941	bɪʁkn̩ʃtɔkzandalə	bɪɾkɛnstɔkzandalə	0.11764705882352941	0.17647058823529413
Birnenmus	bɪrnənmuːs	bɪʁnənmus	bɪɾnənmʊs	bɪʁnɛnmʊs	compound	birnen|mus	0.1111111111111111	0.2222222222222222	0.3333333333333333	bɪʁnənmus	bɪɾnɛnmus	0.1111111111111111	0.2222222222222222
Blasinstrumentenbauer	blaːsʔɪnstʁumɛntnbaʊɐ	blasɪnstʁumɛntnbaʊɐ	blɑzɪnstɾuməntɛnbaʊɜ	blazɪnstʁumɛntɛnbaoɐ	compound	blasinstrumenten|bauer	0.0	0.3	0.15	blazɪnstʁumɛntn̩baʊ̯ɐ	blɑzɪnstɾumɛntɛnbaoɐ̯	0.14285714285714285	0.2857142857142857
Blasinstrumentenhersteller	blaːsʔɪnstʁumɛntnheːɐʃtɛlɐ	blasɪnstʁumɛntnheɐʃtɛlɐ	blɑzɪnstɾuməntɛnhɜʃtɛlɜ	blazɪnstʁumɛntɛnɛʁstɛllɐ	compound	blasinstrumenten|hersteller	0.0	0.34782608695652173	0.2916666666666667	blasɪnstʁumɛntn̩heɐ̯ʃtɛlɐ	blɑzɪnstɾumɛntɛnɛɾstɛllɐ̯	0.08	0.4
Blasslila	blasliːla	blaslila	blaslilɑ	blasslila	compound	blass|lila	0.0	0.125	0.1111111111111111	blaslila	blasslilɑ	0.0	0.2222222222222222
Blaufichte	blaʊfictə	blaʊfɪctə	blaʊfɪctə	blaofɪctə	compound	blau|fichte	0.1111111111111111	0.1111111111111111	0.2222222222222222	blaʊ̯fɪçtə	blaofɪçtə	0.3	0.3333333333333333
Blaukohl	blaʊkoːl	blaʊkol	blaʊkol	blaokol	compound	blau|kohl	0.0	0.0	0.14285714285714285	blaʊ̯kol	blaokol	0.125	0.14285714285714285
Blaumerle	blaʊmɛʁlə	blaʊmɛʁlə	blaʊmɜlə	blaomɐlə	compound	blau|m|erle	0.0	0.25	0.375	blaʊ̯mɛʁlə	blaomɛɾlə	0.1	0.2222222222222222
Blauschimmel	blaʊʃɪml	blaʊʃɪml	blaʊʃɪməl	blaoʃɪmmel	compound	blau|schimmel	0.0	0.1111111111111111	0.3	blaʊ̯ʃɪml̩	blaoʃɪmmel	0.2	0.3
Blausäurekapsel	blaʊzɔʏʁəkapsəl	blaʊzɔɪʁəkapsl	blaʊzɔørekapzəl	blaozɔɔʏʁekapsəl	compound	blausäure|kapsel	0.14285714285714285	0.26666666666666666	0.1875	blaʊ̯zɔɪ̯ʁəkapsl̩	blaozɔøɾekapsel	0.29411764705882354	0.3333333333333333
Bleistiftkasten	blaɪʃtɪftkastn	blaɪʃtɪftkastn	blaɪstɪftkastən	blaestɪftkastən	compound	bleistift|kasten	0.0	0.13333333333333333	0.2	blaɪ̯ʃtɪftkastn̩	blaestɪftkastən	0.125	0.2
Blockpartei	blɔkpaʁtaɪ	blɔkpaʁtaɪ	blɔkpaɾtaɪ	blɔkpaʁtae	compound	block|partei	0.0	0.1	0.1	blɔkpaʁtaɪ̯	blɔkpaɾtae	0.09090909090909091	0.2
Bloßleger	bloːsleːɡɐ	blosleɡəʁ	blɔsleɡɜ	blɔsslegɐ	compound	bloßlege|r	0.2222222222222222	0.25	0.3333333333333333	blosleɡɐ	blɔslegɐ̯	0.0	0.3333333333333333
Bloßsteller	bloːsʃtɛlɐ	blosʃtɛləʁ	blɔsʃtɛlɜ	blɔszstɛllɐ	compound	bloßstelle|r	0.2	0.2222222222222222	0.36363636363636365	blosʃtɛlɐ	blostɛllɐ̯	0.0	0.3
Blumenlädchen	bluːmənlɛːtcən	blumənlɛtcən	blumənlɛdcən	blumɛnlɛdcən	compound	blumen|lädchen	0.0	0.08333333333333333	0.16666666666666666	blumənlɛtçən	blumɛnlɛdçən	0.08333333333333333	0.25
Blumenlädlein	bluːmənlɛːtlaɪn	blumənlɛdlaɪn	blumənlɛdlaɪn	blumɛnlɛdləɪn	compound	blumen|l|ä|d|lein	0.07692307692307693	0.07692307692307693	0.23076923076923078	blumənlɛtlaɪ̯n	blumɛnlɛdləɪn	0.07142857142857142	0.23076923076923078
Blutsverwandte	bluːtsfɛɐvantə	blutsfɛɐvantə	blʊtsfɜvantə	blʊtsvɛʁvantə	compound	bluts|verwandte	0.0	0.25	0.23076923076923078	blut͡sfɛɐ̯vantə	blʊtsvɛɾvantə	0.13333333333333333	0.23076923076923078
Blutsverwandtem	bluːtsfɛɐvantəm	blutsfɛɐvantəm	blʊtsfɜvantəm	blʊtsvɛʁvantəm	compound	bluts|verwandtem	0.0	0.23076923076923078	0.21428571428571427	blut͡sfɛɐ̯vantəm	blʊtsvɛɾvantəm	0.125	0.21428571428571427
Blutsverwandter	bluːtsfɛɐvantɐ	blutsfɛɐvantɐ	blʊtsfɜvantɜ	blʊtsvɛʁvantɐ	compound	bluts|verwandter	0.0	0.3333333333333333	0.23076923076923078	blut͡sfɛɐ̯vantɐ	blʊtsvɛɾvantɐ̯	0.13333333333333333	0.2857142857142857
Blötsch	bløtʃ	bløtʃ	blœtʃ	blœtʃ	compound	b|löt|sch	0.0	0.2	0.2	bløt͡ʃ	blœʧ	0.16666666666666666	0.75
Blütenblättchen	blyːtnblɛtcn	blytnblɛtcən	blytənblɛtcən	blytɛnblɛtʃcən	compound	blüten|blättchen	0.08333333333333333	0.15384615384615385	0.21428571428571427	blytn̩blɛtçən	blytɛnblɛtçən	0.23076923076923078	0.23076923076923078
Blütenkörbchen	blyːtənkœʁpcən	blytnkœʁpcən	blytənkœɾbcən	blytɛŋkœʁbcən	compound	blüten|körbchen	0.08333333333333333	0.15384615384615385	0.23076923076923078	blytn̩kœʁpçən	blytɛŋkœɾbçən	0.23076923076923078	0.38461538461538464
Blütenstängel	blyːtənʃtɛŋl	blytnʃtɛŋl	blytənʃtɛŋəl	blytɛnstɛŋəl	compound	blüten|stängel	0.1	0.08333333333333333	0.25	blytn̩ʃtɛŋl̩	blytɛnstɛŋel	0.25	0.25
Bockkäfer	bɔkkɛːfɐ	bɔkkɛfɐ	bɔkɛfɜ	bɔtskɔɛfɐ	compound	bock|käfer	0.0	0.3333333333333333	0.3333333333333333	bɔkkɛfɐ	bɔkkɛfɐ̯	0.0	0.125
Bockmiste	bɔkmɪstə	bɔkmɪstə	bɔkmɪstə	bɔkmɪstə	compound	bock|miste	0.0	0.0	0.0	bɔkmɪstə	bɔkmɪstə	0.0	0.0
Bockmistes	bɔkmɪstəs	bɔkmɪstəs	bɔkmɪstəs	bɔkmɪstəs	compound	bock|mistes	0.0	0.0	0.0	bɔkmɪstəs	bɔkmɪstəs	0.0	0.0
Bockmists	bɔkmɪsts	bɔkmɪsts	bɔkmɪsts	bɔkmɪsts	compound	bock|mists	0.0	0.0	0.0	bɔkmɪst͡s	bɔkmɪsts	0.1111111111111111	0.0
Bodennullpunkt	boːdnnʊlpʊŋkt	bodnnʊlpʊŋkt	bodənʊlpʊŋkt	bodɛnnʊllpʊŋkt	compound	boden|nullpunkt	0.0	0.08333333333333333	0.14285714285714285	bodn̩nʊlpʊŋkt	bodɛnnʊllpʊŋkt	0.07692307692307693	0.14285714285714285
Bodenseekreis	boːdnzeːkʁaɪs	bodnzekʁaɪs	bodənzekɾaɪs	bodɛnzəekʁaes	compound	bodensee|kreis	0.0	0.16666666666666666	0.23076923076923078	bodn̩zekʁaɪ̯s	bodɛnzeɛkɾaes	0.15384615384615385	0.3076923076923077
Bodenständigkeit	boːdnʃtɛndɪckaɪt	bodnʃtɛndɪkaɪt	bodənʃtɛndɪckaɪt	bodɛnstɛndɪkkəit	compound	bodenständig|keit	0.07142857142857142	0.0625	0.3125	bodn̩ʃtɛndɪkkaɪ̯t	bodɛnstɛndɪkkəit	0.17647058823529413	0.3125
Bodenübung	boːdnyːbʊŋ	bodnybʊŋ	bodənybʊŋ	bodenybʊŋ	compound	boden|übung	0.0	0.1111111111111111	0.1111111111111111	bodn̩ybʊŋ	bodenybʊŋ	0.1111111111111111	0.1111111111111111
Bodybag	bɔdibɛk	bɔdibaɡ	bodybɑk	bodybak	compound	body|ba|g	0.2857142857142857	0.42857142857142855	0.42857142857142855	bɔdibak	bodybɑk	0.14285714285714285	0.42857142857142855
Bodybags	bɔdibɛks	bɔdibaɡes	bodybɑks	bodybaks	compound	body|b|ags	0.3333333333333333	0.375	0.375	bɔdibɛks	bodybaks	0.0	0.375
Boehm	bøːm	boem	bœhm	boem	compound	b|o|eh|m	0.5	0.5	0.5	boem	bom	0.5	0.3333333333333333
Bokeh	bɔkeː	bɔke	boke	boke	compound	b|ok|eh	0.0	0.25	0.25	bɔke	boke	0.0	0.25
Bollchen	bɔlcən	bɔlcən	bɔlcən	bɔllxən	compound	b|oll|chen	0.0	0.0	0.2857142857142857	bɔlçən	bɔllçən	0.16666666666666666	0.2857142857142857
Bolzenschneidern	bɔltsnʃnaɪdɐn	bɔltsnʃnaɪdɐn	bɔltsənʃnaɪdɜn	bɔltsɛnstsnaedɛʁn	compound	bolzen|schneidern	0.0	0.14285714285714285	0.4117647058823529	bɔlt͡sn̩ʃnaɪ̯dɐn	bɔltsɛnstsnaedɛɾn	0.1875	0.4117647058823529
Bolzenschneiders	bɔltsnʃnaɪdɐs	bɔltsnʃnaɪdɐs	bɔltsənʃnaɪdɜs	bɔltsɛnstsnaedɛʁs	compound	bolzen|schneiders	0.0	0.14285714285714285	0.4117647058823529	bɔlt͡sn̩ʃnaɪ̯dɐs	bɔltsɛnstsnaedɛɾs	0.1875	0.4117647058823529
Bombenabwürfe	bɔmbnapvʏʁfə	bɔmbmapvʏʁfə	bɔmbənabvyɾfə	bɔmbənapvʏʁfə	compound	bomben|abwürfe	0.08333333333333333	0.3076923076923077	0.07692307692307693	bɔmbn̩apvʏʁfə	bɔmbenapvʏɾfə	0.07692307692307693	0.15384615384615385
Bombenabwürfen	bɔmbnʔapvʏʁfn	bɔmbmapvʏʁfn	bɔmbənabvyɾfən	bɔmbənapvʏʁfən	compound	bomben|abwürfen	0.08333333333333333	0.35714285714285715	0.14285714285714285	bɔmbn̩apvʏʁfn̩	bɔmbenapvʏɾfən	0.14285714285714285	0.21428571428571427
Bonanzarade	bonantsaːʁaːdə	bonantsaʁadə	bonantsɑrɑdə	bonantsaʁadə	compound	bonanza|rade	0.0	0.25	0.0	bonant͡saʁadə	bonantsɑɾɑdə	0.07692307692307693	0.25
Bonanzarädern	bonantsaːʁɛːdɐn	bonantsaʁɛdɐn	bonantsɑrɛdɜn	bonantsaʁɛdɛʁn	compound	bonanza|rädern	0.0	0.23076923076923078	0.14285714285714285	bonant͡saʁɛdɐn	bonantsɑɾɛdɛɾn	0.07142857142857142	0.2857142857142857
Boole'sch	buːlʃ	boolesc	boleʃ	boolɛtʃ	compound	b|o|o|les|ch	0.7142857142857143	0.4	0.5714285714285714	buləʃ	boʊləʃ	0.2	0.5
Botenlohn	boːtənloːn	botənlon	botənlon	botənlon	compound	boten|lohn	0.0	0.0	0.0	botn̩lon	botɛnlon	0.25	0.125
Botenlohne	boːtənloːnə	botənlonə	botənlonə	botənlonə	compound	boten|lohne	0.0	0.0	0.0	botn̩lonə	botɛnlonə	0.2222222222222222	0.1111111111111111
Botenlohnes	boːtənloːnəs	botənlonəs	botənlonəs	botənlonəs	compound	boten|lohnes	0.0	0.0	0.0	botn̩lonəs	botɛnlonəs	0.2	0.1
Botenlohns	boːtənloːns	botənlons	botənlons	botənlons	compound	boten|lohns	0.0	0.0	0.0	botn̩lons	botɛnlons	0.2222222222222222	0.1111111111111111
Botenlöhne	boːtənløːnə	botənlønə	botənlønə	botɛnlɔʏnə	compound	boten|löhne	0.0	0.0	0.3	botn̩lønə	botɛnlønə	0.2222222222222222	0.1111111111111111
Botenlöhnen	boːtənløːnən	botənlønən	botənlønən	botɛnlɔʏnən	compound	boten|löhnen	0.0	0.0	0.2727272727272727	botn̩lønən	botɛnlønən	0.2	0.1
Bowl	boːl	bovl	bɔvl	bɔvl	compound	b|o|w|l	0.25	0.5	0.5	bovl	bɔvl	0.25	0.5
Bowlingkugel	boːlɪŋkuːɡl	bolɪŋkuɡl	bɔvlɪŋkuɡəl	bɔvlɪŋkugəl	compound	bowling|kugel	0.0	0.2727272727272727	0.36363636363636365	bolɪŋkuɡl̩	bɔvlɪŋkugel	0.1	0.36363636363636365
Bowlingkugeln	boːlɪŋkuːɡln	bolɪŋkuɡln	bɔvlɪŋkuɡəln	bɔvlɪŋkugɛln	compound	bowling|kugeln	0.0	0.25	0.3333333333333333	bolɪŋkuɡl̩n	bɔvlɪŋkugɛln	0.09090909090909091	0.3333333333333333
Brandholz	bʁanthɔlts	bʁanthɔlts	bɾanthɔlts	bʁantɔlts	compound	brand|holz	0.0	0.1	0.1111111111111111	bʁanthɔlt͡s	brantɔlts	0.09090909090909091	0.2222222222222222
Brandteig	bʀanttaɪk	bʁanttaɪk	bɾantaɪk	bʁantəɪc	compound	brand|teig	0.1111111111111111	0.25	0.5	bʁanttaɪ̯k	brantəɪç	0.2	0.5
Bratengabel	bʁaːtnɡaːbəl	bʁatnɡabl	bɾɑtənɡɑbəl	bʁatɛŋabəl	compound	braten|gabel	0.1111111111111111	0.36363636363636365	0.2	bʁatn̩ɡabl̩	brɑtɛŋɑbel	0.2727272727272727	0.6
Bratling	bʁaːtlɪŋ	bʁatlɪŋ	bɾatlɪŋ	bʁatlɪŋ	compound	brat|l|ing	0.0	0.14285714285714285	0.0	bʁatlɪŋ	brɑtlɪŋ	0.0	0.2857142857142857
Bratlinge	bʁaːtlɪŋə	bʁatlɪŋə	bɾatlɪŋə	bʁatlɪŋə	compound	brat|l|inge	0.0	0.125	0.0	bʁatlɪŋə	brɑtlɪŋə	0.0	0.25
Bratlings	bʁaːtlɪŋs	bʁatlɪŋs	bɾatlɪŋs	bʁatlɪŋs	compound	brat|l|ing|s	0.0	0.125	0.0	bʁatlɪŋs	bratlɪŋs	0.0	0.125
Braunbleierz	bʁaʊnblaɪeːɐts	bʁaʊnblaɪeɐts	bɾaʊnblaɪɜts	bʁaonbləiʁts	compound	braun|blei|erz	0.0	0.25	0.4166666666666667	bʁaʊ̯nblaɪ̯ɐt͡s	braonblaeɾts	0.2	0.3333333333333333
Brauneisenstein	bʁaʊnaɪznʃtaɪn	bʁaʊnaɪzənʃtaɪn	bɾaʊnaɪzɛnʃtaɪn	bʁaonaezɛnstəɪn	compound	braun|eisenstein	0.06666666666666667	0.13333333333333333	0.3333333333333333	bʁaʊ̯naɪ̯zn̩ʃtaɪ̯n	braonaezɛnstəɪn	0.2222222222222222	0.4
Braunerz	bʁaʊneːɐts	bʁaʊnɐts	bɾaʊnɜts	bʁaonɛɐts	compound	brauner|z	0.125	0.375	0.2222222222222222	bʁaʊ̯nɐt͡s	braonɛɾts	0.3	0.4444444444444444
Braunkalk	bʁaʊnkalk	bʁaʊnkalk	bɾaʊnkalk	bʁaonkalk	compound	braun|kalk	0.0	0.1111111111111111	0.1111111111111111	bʁaʊ̯nkalk	braoŋkalk	0.1	0.3333333333333333
Braunkohl	bʁaʊnkoːl	bʁaʊnkol	bɾaʊnkol	bʁaonkol	compound	braun|kohl	0.0	0.125	0.125	bʁaʊ̯nkol	braoŋkol	0.1111111111111111	0.375
Brautlauf	bʁaʊtlaʊf	bʁaʊtlaʊf	bɾaʊtlaʊf	bʁaotlaof	compound	braut|lauf	0.0	0.1111111111111111	0.2222222222222222	bʁaʊ̯tlaʊ̯f	braotlaof	0.18181818181818182	0.3333333333333333
Brautschatz	bʁaʊtʃats	bʁaʊtʃats	bɾaʊtʃats	bʁaotʃats	compound	braut|schatz	0.0	0.1111111111111111	0.1111111111111111	bʁaʊ̯tʃat͡s	braoʧats	0.18181818181818182	0.5
Bregenwurst	bʁeːɡənvʊʁst	bʁeɡnvʊʁst	bɾeɡənvuɾst	bʁegɛnvʊʁst	compound	bregen|wurst	0.1	0.2727272727272727	0.18181818181818182	bʁeɡn̩vʊʁst	bregɛnvʊɾst	0.18181818181818182	0.36363636363636365
Breitbildschirm	bʁaɪtbɪltʃɪʁm	bʁaɪtbɪltʃɪʁm	bɾaɪtbɪltʃɪɾm	bʁaetbɪltʃɪʁm	compound	breit|bildschirm	0.0	0.15384615384615385	0.07692307692307693	bʁaɪ̯tbɪltʃɪʁm	braetbɪltʃɪɾm	0.07142857142857142	0.23076923076923078
Breitlauch	bʁaɪtlaʊx	bʁaɪtlaʊx	bɾaɪtlaʊx	bʁaetlaox	compound	breit|lauch	0.0	0.1111111111111111	0.2222222222222222	bʁaɪ̯tlaʊ̯x	braetlaox	0.18181818181818182	0.3333333333333333
Breitlauchen	bʁaɪtlaʊxn	bʁaɪtlaʊxn	bɾaɪtlaʊxən	bʁaetlaoxən	compound	breit|lauchen	0.0	0.18181818181818182	0.2727272727272727	bʁaɪ̯tlaʊ̯xn̩	braetlaoxən	0.23076923076923078	0.36363636363636365
Brennofen	bʁɛnoːfn	bʁɛnofn	bɾɛnofən	bʁɛnnofən	compound	brenn|ofen	0.0	0.25	0.2222222222222222	bʁɛnofn̩	brɛnnofən	0.125	0.3333333333333333
Brennschluss	bʁɛnʃlʊs	bʁɛnʃlʊs	bɾɛnʃlʊs	bʁɛnnstslʊss	compound	brenn|schluss	0.0	0.125	0.4166666666666667	bʁɛnʃlʊs	brɛnnstslʊss	0.0	0.5
Briefklammer	bʁiːfklamɐ	bʁifklamɐ	bɾifklamɜ	bʁifklammɐ	compound	brief|klammer	0.0	0.2222222222222222	0.1	bʁifklamɐ	brifklammɐ̯	0.0	0.2727272727272727
Briefroman	briːfromaːn	bʁifʁoman	bɾifromɑn	bʁifʁoman	compound	brief|roman	0.2222222222222222	0.2222222222222222	0.2222222222222222	bʁifʁoman	brifɾoman	0.2222222222222222	0.1111111111111111
Brillantschliff	bʁɪljantʃlɪf	bʁɪljantʃlɪf	bɾɪlantʃlɪf	bʁɪllantʃlɪff	compound	brillant|schliff	0.0	0.18181818181818182	0.15384615384615385	bʁɪljantʃlɪf	brɪllantstslɪff	0.0	0.4
Brillantschliffe	bʁɪljantʃlɪfə	bʁɪljantʃlɪfə	bɾɪlantʃlɪfə	bʁɪllantʃlɪffə	compound	brillant|schliffe	0.0	0.16666666666666666	0.14285714285714285	bʁɪljantʃlɪfə	brɪllantstslɪffə	0.0	0.375
Brillantschliffes	bʁɪljantʃlɪfəs	bʁɪljantʃlɪfəs	bɾɪlantʃlɪfəs	bʁɪllantʃlɪffəs	compound	brillant|schliffes	0.0	0.15384615384615385	0.13333333333333333	bʁɪljantʃlɪfəs	brɪllantstslɪffəs	0.0	0.35294117647058826
Brillantschliffs	bʁɪljantʃlɪfs	bʁɪljantʃlɪfs	bɾɪlantʃlɪfs	bʁɪllantʃlɪffs	compound	brillant|schliffs	0.0	0.16666666666666666	0.14285714285714285	bʁɪljantʃlɪfs	brɪllantstslɪffs	0.0	0.375
Brockenhaus	bʁɔknhaʊs	bʁɔknhaʊs	bɾɔkənhaʊs	bʁɔkɛnaos	compound	brocken|haus	0.0	0.2	0.3333333333333333	bʁɔkn̩haʊ̯s	brɔkɛnaos	0.18181818181818182	0.4444444444444444
Brocki	bʁɔki	bʁɔki	bɾɔki	bʁɔki	compound	brock|i	0.0	0.2	0.0	bʁɔki	brɔki	0.0	0.2
Brotbrechen	bʁoːtbʁɛcn	bʁotbʁɛcn	bɾɔtbɾɛcən	bʁɔtbʁɛcən	compound	brot|brechen	0.0	0.4	0.2	bʁotbʁɛçn̩	brɔtbrɛçən	0.2	0.5
Brotkörbchen	bʁoːtkœʁpcən	bʁotkœʁpcən	bɾɔtkœɾbcən	bʁɔtkœʁbcən	compound	brot|körbchen	0.0	0.36363636363636365	0.18181818181818182	bʁotkœʁpçən	brɔtkœɾbçən	0.09090909090909091	0.45454545454545453
Brotsuppe	bʁoːtzʊpə	bʁotzʊpə	bɾɔtzʊpə	bʁɔtzʊppə	compound	brot|suppe	0.0	0.25	0.2222222222222222	bʁotzʊpə	brɔtzʊppə	0.0	0.3333333333333333
Bruchen	bʁuːxən	bʁuxən	bɾʊxən	bʁʊxən	compound	bruche|n	0.0	0.3333333333333333	0.16666666666666666	bʁʊxn̩	brʊxən	0.5	0.3333333333333333
Bruderliebe	bruːdɐliːbə	bʁudɐlibə	bɾudɜlibə	bʁudɐlibə	compound	bruder|liebe	0.1111111111111111	0.2222222222222222	0.1111111111111111	bʁudɐlibə	brudɛɾlibə	0.1111111111111111	0.2
Brunnkreß	bʁʊnkʁɛs	bʁʊnkʁes	bɾʊnŋkɾes	bʁʊnŋkʁɛss	compound	brunn|k|re|ß	0.125	0.4444444444444444	0.2	bʁʊŋkʁəs	brʊnnkɾea	0.25	0.5555555555555556
Brutareal	bʁuːtʔareaːl	bʁutaʁeal	bɾutareɑl	bʁutaʁəal	compound	brut|areal	0.1111111111111111	0.2222222222222222	0.2222222222222222	bʁutaʁeal	brutaɽəal	0.1111111111111111	0.3333333333333333
Brägen	bʁɛːɡən	bʁɛɡen	bɾɛɡən	bʁɛgən	compound	b|r|ä|gen	0.16666666666666666	0.16666666666666666	0.16666666666666666	bʁɛɡn̩	brɛgən	0.3333333333333333	0.3333333333333333
Bräu	brɔɪ	bʁɔɪ	bɾɔø	bʁɔɔʏ	compound	b|r|äu	0.25	0.5	0.6	bʁɔɪ̯	brɔø	0.4	0.25
Brötli	bʁøːtli	bʁøtli	bɾœtli	bʁœtli	compound	b|röt|li	0.0	0.3333333333333333	0.16666666666666666	bʁøtli	brœtli	0.0	0.3333333333333333
Buchenlaub	buːxnlaʊp	buxnlaʊp	bʊxənlaʊp	bʊxənlaop	compound	buchen|laub	0.0	0.2222222222222222	0.3333333333333333	buxn̩laʊ̯p	bʊxɛnlaop	0.2	0.3333333333333333
Buchmagen	buːχmaːɡən	buxmaɡn	bʊxmɑɡən	bʊxmagən	compound	buch|magen	0.2857142857142857	0.375	0.375	buxmaɡn̩	bʊxmɑgən	0.375	0.5
Buchstabierer	buːxʃtabiːʁɐ	buxʃtabiʁəʁ	buxʃtɑbirɜ	bʊxstabiʁɐ	compound	buchstabiere|r	0.18181818181818182	0.3	0.2	buxʃtabiʁɐ	bʊxstɑbiɐ̯ɐ̯	0.0	0.5
Budweiser	bʊtvaɪzɐ	bʊtvaɪseɐ	bʊdvaɪzɜ	butvaezɐ	compound	budweis|er	0.2222222222222222	0.25	0.25	bʊtvaɪ̯zɐ	bʊtvaezɐ̯	0.1111111111111111	0.2222222222222222
Bugsierer	buksiːʁɐ	bʊksiʁəʁ	bʊɡzirɜ	bʊkziɐɐ	compound	bugsiere|r	0.375	0.7142857142857143	0.42857142857142855	bʊksiʁɐ	bʊkziɐ̯ɐ̯	0.14285714285714285	0.5555555555555556
Bummlern	bʊmlɐn	bʊmlɜn	bʊmlɜn	bʊmmlɛʁn	compound	bummler|n	0.16666666666666666	0.16666666666666666	0.375	bʊmlɐn	bʊmmlɛɾn	0.0	0.375
Bummlers	bʊmlɐs	bʊmlɜs	bʊmlɜs	bʊmmlɛʁs	compound	bummler|s	0.16666666666666666	0.16666666666666666	0.375	bʊmlɐs	bʊmmlɛɾs	0.0	0.375
Bundesdurchschnitt	bʊndəsdʊɐcʃnɪt	bʊndəsdʊʁcʃnɪt	bʊndəsd??kscnɪt	bʊndɛsdʊʁtsstsnɪt	compound	bundes|durchschnitt	0.07142857142857142	0.3333333333333333	0.4117647058823529	bʊndəsdʊʁçʃnɪt	bʊndɛsdʊɾtsstsnɪt	0.14285714285714285	0.4117647058823529
Bundeshymne	bʊndəshʏmnə	bʊndəshʏmnə	bʊndəshymnə	bʊndɛsʏmnə	compound	bundes|hymne	0.0	0.09090909090909091	0.2	bʊndəshʏmnə	bʊndɛsʏmnə	0.0	0.2
Bundeshymnen	bʊndəshʏmnən	bʊndəshʏmnən	bʊndəshymnən	bʊndɛsʏmnən	compound	bundes|hymnen	0.0	0.08333333333333333	0.18181818181818182	bʊndəshʏmnən	bʊndɛsʏmnən	0.0	0.18181818181818182
Bundesleistungszentrum	bʊndəslaɪstʊŋstsɛntʁʊm	bʊndəslaɪstʊŋstsɛntɾʊm	bʊndəslaɪstʊŋstsɛntɾʊm	bʊndəsləɪstʊŋstsɛntʁum	compound	bundes|leistungszentrum	0.045454545454545456	0.045454545454545456	0.09090909090909091	bʊndəslaɪstʊŋstsɛntɾʊm	bʊndɛslaestʊŋstsɛntɾum	0.045454545454545456	0.18181818181818182
Buntgrad	bʊntɡʁaːt	bʊntɡʁat	bʊntɡɾɑt	bʊntgʁat	compound	bunt|grad	0.0	0.25	0.125	bʊntɡʁat	bʊntgɾɑt	0.0	0.375
Buntheit	bʊnthaɪt	bʊnthaɪt	bʊntaɪt	bʊntəit	compound	bunt|heit	0.0	0.14285714285714285	0.42857142857142855	bʊnthaɪ̯t	bʊntəit	0.1111111111111111	0.42857142857142855
Buntheitsgrad	bʊnthaɪtsɡʁaːt	bʊnthaɪtsɡʁat	bʊntaɪtsɡɾɑt	bʊntaetsgʁat	compound	bunt|heit|s|grad	0.0	0.25	0.25	bʊnthaɪ̯t͡sɡʁat	bʊntaetzgɾɑt	0.13333333333333333	0.5
Buntstiftkasten	bʊntʃtɪftkastn	bʊntʃtɪftkastn	bʊntstɪftkastən	bʊntstɪftkastən	compound	buntstift|kasten	0.0	0.13333333333333333	0.13333333333333333	bʊntʃtɪftkastn̩	bʊntstɪftkastən	0.06666666666666667	0.13333333333333333
Burenwurst	buːʁənvʊʁst	buʁənvʊʁst	burənvuɾst	buʁɛnvʊʁst	compound	buren|wurst	0.0	0.3	0.1	buʁənvʊʁst	buɾɛnvʊɾst	0.0	0.3
Burgenlandkreis	bʊʁɡŋlantkʁaɪs	bʊʁɡnlantkʁaɪs	b??ɡənlantkɾaɪs	bʊʁgənlantkʁaes	compound	burgenland|kreis	0.07142857142857142	0.3333333333333333	0.26666666666666666	bʊʁɡn̩lantkʁaɪ̯s	bʊɾgɛnlantkɾaes	0.1875	0.4
Burgunderrot	bʊʁɡʊndɐʁoːt	bʊʁɡʊndɐʁot	b??ɡʊndɜrot	bʊʁgʊndɛʁʁot	compound	burgunder|rot	0.0	0.36363636363636365	0.25	bʊʁɡʊndɐʁot	bʊɾgʊndɛɾɾot	0.0	0.4166666666666667
Burkane	bʊrkaːnə	bʊʁkanə	b??kɑnə	bʊʁkanə	compound	burka|ne	0.14285714285714285	0.42857142857142855	0.14285714285714285	bʊʁkanə	bʊɾkanə	0.14285714285714285	0.14285714285714285
Busenhalter	buːsnhaltɐ	buznhaltɐ	buzənhaltɜ	buzɛnaltɐ	compound	busen|halter	0.1111111111111111	0.3	0.3333333333333333	buzn̩haltɐ	buzɛnaltɐ̯	0.2	0.4
Buserer	busɐrɐ	buseɐeɐ	bʊsərɜ	buzɐɐ	compound	bus|er|er	0.2857142857142857	0.5	0.4	buzəʁɐ	buzɐ̯ɐ̯	0.5	0.42857142857142855
Butternacht	bʊtɐnaxt	bʊtɐnaxt	bʊtɜnaxt	bʊtɛʁnaxt	compound	buttern|acht	0.0	0.125	0.2222222222222222	bʊtɐnaxt	bʊtɛɾnaxt	0.0	0.2222222222222222
Butterschnitte	bʊtɐʃnɪtə	bʊtɐʃnɪtə	bʊtɜʃnɪtə	bʊtɛʁstsnɪtə	compound	butter|schnitte	0.0	0.1111111111111111	0.4166666666666667	bʊtɐʃnɪtə	bʊtɛɾstsnɪtə	0.0	0.4166666666666667
Butterschnitten	bʊtɐʃnɪtn	bʊtɐʃnɪtn	bʊtɜʃnɪtən	bʊtɛʁstsnɪtən	compound	butter|schnitten	0.0	0.2	0.46153846153846156	bʊtɐʃnɪtn̩	bʊtɛɾstsnɪtən	0.1	0.46153846153846156
Buttersemmel	bʊtɐzɛml	bʊtɐzɛml	bʊtɜzɛməl	bʊtɛʁzɛmmel	compound	butter|semmel	0.0	0.2222222222222222	0.36363636363636365	bʊtɐzɛml̩	bʊtɛɾzɛmmel	0.1111111111111111	0.36363636363636365
Bydlinski	bɪtlɪnskɪ	bydlɪnski	bydlɪnski	bydlɪnski	compound	by|d|lins|ki	0.3333333333333333	0.3333333333333333	0.3333333333333333	bɪdlɪnski	bʏdlɪnski	0.2222222222222222	0.3333333333333333
Bändlein	bɛndlaɪn	bɛndlaɪn	bɛndlaɪn	bɛndləɪn	compound	bä|n|d|lein	0.0	0.0	0.125	bɛntlaɪ̯n	bɛndləɪn	0.2222222222222222	0.125
Bärchen	bɛːrcən	bɛɐcən	bɛɾcən	bɛʁcən	compound	bär|chen	0.16666666666666666	0.16666666666666666	0.16666666666666666	bɛɐ̯çən	bɛɾçən	0.42857142857142855	0.3333333333333333
Bärenführer	bɛːʀənfyːʀɐ	bɛʁənfyʁɐ	bɛrənfyrɜ	bɛʁɛnfyʁɐ	compound	bären|führer	0.2222222222222222	0.3333333333333333	0.3333333333333333	bɛʁənfyʁɐ	bɛɾɛnfyɾɐ̯	0.2222222222222222	0.4
Bärenhaut	bɛːʁənhaʊt	bɛʁənhaʊt	bɛrənhaʊt	bɛʁɛnaot	compound	bären|haut	0.0	0.1111111111111111	0.375	bɛʁənhaʊ̯t	bɛɾɛnaot	0.1	0.5
Bärenwärter	bɛːrənvɛʁtɐ	bɛʁənvɛʁtɐ	bɛrənvɛɾtɜ	bɛʁɛnvɛʁtɐ	compound	bären|wärter	0.1	0.2	0.2	bɛʁənvɛʁtɐ	bɛɾɛnvɛɾtɐ̯	0.1	0.36363636363636365
Bärenwärters	bɛːrənvɛʁtɐs	bɛʁənvɛʁtɐs	bɛrənvɛɾtɜs	bɛʁɛnvɛʁtɛʁs	compound	bären|wärters	0.09090909090909091	0.18181818181818182	0.3333333333333333	bɛʁənvɛʁtɐs	bɛɾɛnvɛɾtɛɾs	0.09090909090909091	0.4166666666666667
Bärwinkels	bɛːɐvɪŋkls	bɛɐvɪŋkls	bɛɾvɪnkəls	bɛʁvɪŋkɛls	compound	bär|winkels	0.0	0.3	0.2	bɛɐ̯vɪŋkl̩s	bɛɾvɪŋkɛls	0.18181818181818182	0.2
Böhnchen	bøːncən	bøncən	bøncən	bɔʏncən	compound	böhn|chen	0.0	0.0	0.2857142857142857	bønçən	bønçən	0.16666666666666666	0.16666666666666666
Bücherverschlinger	byːcɐfɛɐʃlɪŋɐ	bycɐfɛɐʃlɪŋɐ	bycɜfɜʃlɪŋɜ	bʏcɛʁvɛʁstslɪŋɐ	compound	bücher|verschlinger	0.0	0.36363636363636365	0.5333333333333333	byçɐfɛɐ̯ʃlɪŋɐ	bʏçɛɾvɛɾstslɪŋɐ̯	0.15384615384615385	0.625
Bücherverschlingers	byːcɐfɛɐʃlɪŋɐs	bycɐfɛɐʃlɪŋɐs	bycɜfɜʃlɪŋɜs	bʏcɛʁvɛʁstslɪŋɛʁs	compound	bücher|verschlinger|s	0.0	0.3333333333333333	0.5882352941176471	byçɐfɛɐ̯ʃlɪŋɐs	bʏçɛɾvɛɾstslɪŋɛɾs	0.14285714285714285	0.6470588235294118
Büchsenfagottes	bʏksnfaɡɔtəs	bʏksnfaɡɔtəs	byksənfɑɡɔtəs	bʏksɛnfagɔtəs	compound	büchsen|fagottes	0.0	0.23076923076923078	0.15384615384615385	bʏksn̩faɡɔtəs	bʏksɛnfɑgɔtəs	0.07692307692307693	0.23076923076923078
Büchsenkugel	bʏksnkuːɡl	bʏksnkuɡl	byksənkuɡəl	bʏksɛŋkugəl	compound	büchsen|kugel	0.0	0.2727272727272727	0.36363636363636365	bʏksn̩kuɡl̩	bʏksɛŋkugel	0.18181818181818182	0.36363636363636365
Büffelfell	bʏflfɛl	bʏflfɛl	byfəlfɛl	bʏffɛlfɛll	compound	büffel|fell	0.0	0.25	0.3	bʏfl̩fɛl	bʏffɛlfɛll	0.125	0.3
Bühnenreißer	byːnənʁaɪsɐ	bynənʁaɪsəʁ	bynənraɪsɜ	bynɛnʁaeszɐ	compound	bühnen|reiße|r	0.18181818181818182	0.2	0.2727272727272727	bynənʁaɪ̯sɐ	bynɛnɾaesɐ̯	0.09090909090909091	0.36363636363636365
Bühnenvorhang	byːnənfoːɐhaŋ	bynənfoɐhaŋ	bynənfoɾhaŋ	bynɛnvɔʁaŋ	compound	bühnen|vorhang	0.0	0.09090909090909091	0.5	bynənfoɐ̯haŋ	bynɛnvɔɾaŋ	0.08333333333333333	0.5
Bühnenwerken	byːnənvɛʁkn	bynənvɛɾkən	bynənvɛɾkən	bynɛnvɛʁkən	compound	bühnenwerke|n	0.18181818181818182	0.18181818181818182	0.18181818181818182	bynənvɛʁkn̩	bynɛnvɛɾkən	0.09090909090909091	0.2727272727272727
Bühnenwerkes	byːnənvɛʁkəs	bynənvɛɾkəs	bynənvɛɾkəs	bynɛnvɛʁkəs	compound	bühnenwerke|s	0.09090909090909091	0.09090909090909091	0.09090909090909091	bynənvɛʁkəs	bynɛnvɛɾkəs	0.0	0.18181818181818182
Bühnenwerks	byːnənvɛʁks	bynənvɛɾks	bynənvɛɾks	bynɛnvɛʁks	compound	bühnenwerk|s	0.1	0.1	0.1	bynənvɛʁks	bynɛnvɛɾks	0.0	0.2
Bülow	byːlo	bylov	bylof	bylov	compound	b|ü|lo|w	0.2	0.2	0.2	bylov	bylov	0.2	0.2
Büßerhemd	byːsɐhɛmt	bysɐhɛmt	bysɜhɛmt	bʏszɛʁɛmt	compound	büßer|hemd	0.0	0.125	0.4444444444444444	bysɐhɛmt	byzɛɾɛmt	0.0	0.375
Cachets	kaʃeːs	kɛʃəts	kaxəts	kaxɛts	compound	cachet|s	0.5	0.5	0.5	kaʃɛ	kaxɛts	0.5	0.5
Candystorm	kɛndistoːɐm	kɑndʏstoɐm	kandystɔɾm	kandʏstɔʁm	compound	can|dys|tor|m	0.2	0.4	0.4	kɛndistoɐ̯m	kandʏstɔɾm	0.09090909090909091	0.4
Carbon	kaʁboːn	karbon	kaɾbon	tsaʁbon	compound	carbo|n	0.16666666666666666	0.16666666666666666	0.2857142857142857	karbon	kaɾbon	0.16666666666666666	0.16666666666666666
Chabo	tʃaːbo	cabo	ʃɑbo	cabo	compound	ch|abo	0.5	0.5	0.5	t͡ʃabo	çɑbo	0.16666666666666666	0.75
Chaim	xaːiːm	caim	ʃaɪm	caɪm	compound	ch|ai|m	0.25	0.5	0.5	çaim	çaɪ̯m	0.25	0.6
Chamenei	xaːmənɛɪ	ʃamɛnaɪ	ʃɑmənaɪ	camenae	compound	cham|en|ei	0.42857142857142855	0.42857142857142855	0.5714285714285714	ʃamɛnaɪ̯	çɑmənae	0.5	0.5714285714285714
Chaoskampf	kaːɔskampf	kaɔskampf	ʃɑɔskampf	caoskampf	compound	chaos|kampf	0.0	0.2222222222222222	0.2222222222222222	kaɔskamp͡f	çaoskampf	0.1	0.2222222222222222
Chauvispruch	ʃoːviʃpʁʊx	ʃoviʃpʁʊx	ʃaʊvɪʃpɾʊx	caovɪspʁʊx	compound	chauvi|spruch	0.0	0.4	0.4	ʃofɪʃpʁʊx	çaovɪspɾʊx	0.2222222222222222	0.5
Chaya	tʃaːja	caʏa	ʃaɪɑ	caea	compound	ch|a|y|a	0.75	0.75	0.75	xaɪ̯a	çaeɑ	0.8	1.0
Checkbox	tʃɛkbɔks	tʃɛkbɔks	cɛkbɔks	cɛkboks	compound	check|box	0.0	0.2857142857142857	0.42857142857142855	t͡ʃɛkbɔks	çɛkboks	0.1111111111111111	0.42857142857142855
Chicken	tʃɪkən	tʃɪkɛn	tʃɪkɪn	cɪkən	compound	chick|en	0.16666666666666666	0.16666666666666666	0.4	t͡ʃɪkɛn	çɪkən	0.2857142857142857	0.4
Chirograph	ciʁoɡraːf	ciʁoɡʁaf	cirɔɡɾɑf	ciʁɔgʁaf	compound	chiro|graph	0.125	0.5	0.375	çiʁoɡʁaf	çiɾɔgɾaf	0.25	0.625
Chlapf	xlapf	clapf	klapf	clapf	compound	ch|la|p|f	0.2	0.2	0.2	çlap͡f	çlapf	0.3333333333333333	0.2
Chomeini	xomɛɪni	comaɪni	komaɪni	coməini	compound	ch|o|mein|i	0.2857142857142857	0.2857142857142857	0.42857142857142855	çomaɪ̯ni	çomaeni	0.375	0.42857142857142855
Chormeister	koːɐmaɪstɐ	koɐmaɪstɐ	kɔɾmaɪstɜ	cɔʁmaestɐ	compound	chor|meister	0.0	0.3333333333333333	0.4444444444444444	koɐ̯maɪ̯stɐ	çɔɾməɪstɐ̯	0.18181818181818182	0.5
Christbaumkerze	kʁɪstbaʊmkɛʁtsə	kʁɪstbaʊmkɛʁtsə	kɾɪstbaʊmkɜtsə	cʁɪstbaomkɛʁtsə	compound	christbaum|kerze	0.0	0.21428571428571427	0.13333333333333333	kʁɪstbaʊ̯mkɛʁt͡sə	çɾɪstbaomkɛɾtsə	0.11764705882352941	0.26666666666666666
Christbaumkerzen	kʁɪstbaʊmkɛʁtsn	kʁɪstbaʊmkɛʁtsn	kɾɪstbaʊmkɜtsən	cʁɪstbaomkɛʁtsən	compound	christbaum|kerzen	0.0	0.26666666666666666	0.1875	kʁɪstbaʊ̯mkɛʁt͡sn̩	çɾɪstbaomkɛɾtsən	0.16666666666666666	0.3125
Chromatizität	kʁomaːtitsitɛːt	kʁomatitsɪtɛt	kɾomatitsitɛt	cʁomatitsitɛt	compound	chrom|at|i|z|it|ä|t	0.07692307692307693	0.07692307692307693	0.07692307692307693	kʁomatit͡sitɛt	çɾomɑtitsitɛt	0.07142857142857142	0.23076923076923078
Chromatografie	kʁomatoɡʁafiː	kʁomatoɡʁafi	kɾomatɔɡɾafi	cʁomatɔgʁafiə	compound	chromato|grafie	0.0	0.25	0.3076923076923077	kʁomatoɡʁafi	çɾomɑtɔgɾɑfijə	0.0	0.6428571428571429
Chönix	cøːnɪks	cønɪks	cønɪks	cɔʏniks	compound	ch|ö|nix	0.0	0.0	0.42857142857142855	çønɪks	çøniks	0.16666666666666666	0.3333333333333333
Citroën	tsɪtʁoʔɛn	tsɪtʁoɛn	kɪtɾoən	tsɪtʁɔɔʏ	compound	[]	0.0	0.5714285714285714	0.375	tsɪtʁoɛn	tsɪtɾoən	0.0	0.25
Coachingzone	koːtʃɪŋtsoːnə	kɔʊtʃɪŋtsonə	koaxɪŋtsonə	koaxɪŋtsonə	compound	coaching|zone	0.16666666666666666	0.18181818181818182	0.18181818181818182	kɔʊ̯t͡ʃɪŋt͡sonə	koaxɪŋtsonə	0.3333333333333333	0.18181818181818182
Colonel	kɔlonɛl	kolonəl	kolonəl	tsolonel	compound	co|lo|ne|l	0.2857142857142857	0.2857142857142857	0.5	kolonəl	kolonel	0.2857142857142857	0.2857142857142857
Comer	koːmər	komeɐ	komɜ	komɐ	compound	co|m|er	0.4	0.5	0.5	komeɐ̯	komɐ̯	0.5	0.4
Computerisierer	kɔmpjuːtəʁiziːʁɐ	kɔmpjutəʁiziʁəʁ	kɔmpjutɜizirɜ	kɔmputeʁiziɐɐ	compound	computerisiere|r	0.13333333333333333	0.3076923076923077	0.23076923076923078	kɔmpjutɜizirɜ	kɔmputeɾiziɐ̯ɐ̯	0.3076923076923077	0.4
Cornet	kɔːʁnɛ	kɔɾnɛt	kɔɾnət	kɔʁnət	compound	cor|net	0.3333333333333333	0.5	0.3333333333333333	kɔʁnət	kɔɾnət	0.3333333333333333	0.5
Coronaleugner	koroːnalɔɪɡnɐ	koʁonalɔɪɡnɐ	koronɑlɔøɡnɜ	tsoʁonalɔɔʏgnɐ	compound	corona|leugner	0.08333333333333333	0.25	0.42857142857142855	koʁonalɔɪ̯ɡnɐ	koɾonɑlɔøgnɐ̯	0.15384615384615385	0.38461538461538464
Couchsurfing	kautʃsœːɐfɪŋ	kaʊtʃsuɐfɪŋ	kuxz??fɪŋ	kɔʊxzʊʁfɪŋ	compound	couchs|ur|fing	0.18181818181818182	0.6666666666666666	0.7	kaʊ̯t͡ʃsœɐ̯fɪŋ	kaʊ̯ksʊʁfɪŋ	0.2857142857142857	0.45454545454545453
Coufal	tsofal	koʊfal	kufɑl	kɔufal	compound	co|ufa|l	0.5	0.8	0.5	kufal	kəʊfal	0.6	0.5
Curryketchup	kœʁikɛtʃap	kœʁikɛtʃap	kʊrykɛtʃup	tsuɐʁykɛtcup	compound	curry|ketchup	0.0	0.4	0.5833333333333334	kœʁikɛt͡ʃap	kʊɾɾykɛtçup	0.09090909090909091	0.5454545454545454
Cyberkrieg	saɪbɐkriːk	saɪbɐkʁik	saɪbɜkɾik	tsybɛʁkʁik	compound	cyber|krieg	0.1111111111111111	0.2222222222222222	0.6	saɪ̯bɐkʁik	tsybɛɾkɾik	0.2	0.6
Dachsprache	daxʃpʁaːxə	daxʃpʁaxə	daxʃpɾɑxə	dakspʁaxə	compound	dach|sprache	0.0	0.2222222222222222	0.2222222222222222	daxʃpʁaxə	daçspɾaxə	0.0	0.3333333333333333
Dachüberstand	daxʔyːbɐʃtant	daxybɐʃtant	daxybɜstant	daxybɛʁstant	compound	dach|überstand	0.0	0.18181818181818182	0.25	daxybɐʃtant	daçybɛɾstant	0.0	0.3333333333333333
Damaskuserlebnis	damaskʊsɛɐleːpnɪs	damaskʊsɛɐlepnɪs	dɑmaskuzɜlɛbnɪs	damaskuzɛʁlɛbnɪs	compound	damaskus|erlebnis	0.0	0.4666666666666667	0.3125	damaskʊsɛɐ̯lepnɪs	damaskuzɛɾlepnɪs	0.058823529411764705	0.1875
Damenuhr	daːmənʔuːɐ	damənuɐ	dɑmənuɾ	damenuʁ	compound	damen|uhr	0.0	0.2857142857142857	0.2857142857142857	damənuɐ̯	damenuɾ	0.125	0.2857142857142857
Dampfdrücken	dampfdʁʏkn	dampfdʁʏkn	dampfdɾykən	dampfdʁʏkən	compound	dampf|drücken	0.0	0.2727272727272727	0.09090909090909091	damp͡fdʁʏkn̩	dampfdɾʏkən	0.16666666666666666	0.18181818181818182
Dankbarkeitsbeweis	daŋkbaːɐkaɪtsbəvaɪs	daŋkbaɐkaɪtsbəvaɪs	daŋkbaɾkaɪtsbevaɪs	daŋkbaʁkaetsbevaes	compound	dankbarkeit|s|beweis	0.0	0.1111111111111111	0.2222222222222222	daŋkbaɐ̯kaɪ̯t͡sbəvaɪ̯s	daŋkbaɾkaetsbevaes	0.18181818181818182	0.2222222222222222
Dankbarkeitsbeweise	daŋkbaːɐkaɪtsbəvaɪzə	daŋkbaɐkaɪtsbəvaɪzə	daŋkbaɾkaɪtsbevaɪzə	daŋkbaʁkaetsbevaezə	compound	dankbarkeit|s|beweise	0.0	0.10526315789473684	0.21052631578947367	daŋkbaɐ̯kaɪ̯t͡sbəvaɪ̯zə	daŋkbaɾkaetsbevaezə	0.17391304347826086	0.21052631578947367
Dankbarkeitsbeweises	daŋkbaːɐkaɪtsbəvaɪzəs	daŋkbaɐkaɪtsbəvaɪzəs	daŋkbaɾkaɪtsbevaɪzəs	daŋkbaʁkaetsbevaezəs	compound	dankbarkeit|s|beweises	0.0	0.1	0.2	daŋkbaɐ̯kaɪ̯t͡sbəvaɪ̯zəs	daŋkbaɾkaetsbevaezəs	0.16666666666666666	0.2
Darlehensgeber	daʁleːənsɡeːbɐ	daʁleənsɡebɐ	daɾleɛnsɡebɜ	daʁleɛnsgebɐ	compound	darlehens|geber	0.0	0.25	0.16666666666666666	daʁleənsɡebɐ	daɾleɛnsgebɐ̯	0.0	0.3076923076923077
Dars	r	daɐs	dɑɾs	daʁs	compound	dar|s	1.0	1.0	1.0	daɐ̯s	daɾs	1.0	1.0
Dateiverknüpfung	dataɪfɛʁknʏpfʊŋ	dataɪfɛɐknʏpfʊŋ	dɑtaɪvɜknypfʊŋ	dataevɛʁknʏpfʊŋ	compound	datei|verknüpfung	0.06666666666666667	0.35714285714285715	0.13333333333333333	dataɪ̯fɛɐ̯knʏp͡fʊŋ	dataevɛɾknʏpfʊŋ	0.2222222222222222	0.2
Daueraufenthalt	daʊɐaʊfɛnthalt	daʊɐaʊfɛnthalt	daʊɜaʊfəntalt	daoɐaofɛntalt	compound	dauer|aufenthalt	0.0	0.23076923076923078	0.23076923076923078	daʊ̯ɐaʊ̯fɛnthalt	dauɐaofɛntalt	0.125	0.23076923076923078
Dauerform	daʊɐfɔʁm	daʊɐfɔʁm	daʊɜfɔɾm	daoɐfɔʁm	compound	dauer|form	0.0	0.25	0.125	daʊ̯ɐfɔʁm	dauɐ̯fɔɾm	0.1111111111111111	0.3333333333333333
Dauerfrost	daʊɐfrɔst	daʊɐfʁɔst	daʊɜfrɔst	daoɐfʁɔst	compound	dauer|frost	0.1111111111111111	0.1111111111111111	0.2222222222222222	daʊ̯ɐfʁɔst	dauɐ̯fɾɔst	0.2	0.3
Dauphin	dofɛŋ	daʊfin	daʊfɪn	daopɪn	compound	dau|phi|n	0.6666666666666666	0.6666666666666666	0.6666666666666666	daʊ̯fin	daʊfɪn	0.7142857142857143	0.6666666666666666
Deckelung	dɛkəlʊŋ	dɛkəlʊŋ	dɛkəlʊŋ	dɛkelʊŋ	compound	decke|lung	0.0	0.0	0.14285714285714285	dɛkəlʊŋ	dɛkelʊŋ	0.0	0.14285714285714285
Decksteinen	dɛkʃtaɪnən	dɛkstaɪnən	dɛkʃtaɪnən	dɛkstaenən	compound	deckst|einen	0.1	0.0	0.2	dɛkʃtaɪ̯nən	dɛkstəɪnən	0.09090909090909091	0.2
Dehnungsübung	deːnʊŋsyːbʊŋ	denʊŋsybʊŋ	denʊŋsybʊŋ	denʊŋzybʊŋ	compound	dehnung|s|übung	0.0	0.0	0.1	denʊŋsybʊŋ	denʊŋzybʊŋ	0.0	0.1
Deibel	daɪbəl	daɪbəl	daɪbəl	daebəl	compound	d|eibe|l	0.0	0.0	0.16666666666666666	daɪ̯bl̩	daebel	0.42857142857142855	0.3333333333333333
Deklarierer	deklaʁiːʁɐ	deklaʁiʁəʁ	dɛklarirɜ	dɛklaʁiɐɐ	compound	deklariere|r	0.2	0.4444444444444444	0.2222222222222222	deklaʁiʁɐ	dɛklaɽiɐ̯ɐ̯	0.0	0.45454545454545453
Dementierer	demɛntiːʁɐ	demɛntiʁəʁ	demɛntirɜ	dəmɛntiɐɐ	compound	dementiere|r	0.2	0.2222222222222222	0.2222222222222222	demɛntiʁɐ	dəmɛntiɐ̯ɐ̯	0.0	0.36363636363636365
Demilitarisierer	demilitaʁiziːʁɐ	demilitaʁiziʁəʁ	demilitarizirɜ	dəmilitaʁiziɐɐ	compound	demilitarisiere|r	0.13333333333333333	0.21428571428571427	0.14285714285714285	demilitaʁiziʁɐ	demilitɑɾiziɐ̯ɐ̯	0.0	0.3125
Demobilisation	demobilizatsɪoːn	demobilizatsɪon	demobilizatsjon	dəmobilizatsɪon	compound	de|mobilisation	0.0	0.06666666666666667	0.06666666666666667	demobiliziʁʊŋ	demobilizɑtsĭon	0.46153846153846156	0.13333333333333333
Denim	dɛnɪm	denɪm	denim	dənɪm	compound	den|im	0.2	0.4	0.2	denɪm	denim	0.2	0.4
Denkkollektiv	dɛnkkɔlɛktiːf	dɛŋkɔlɛktif	dɛŋkɔlɛktif	dɛŋkkɔllɛktif	compound	denk|kollektiv	0.18181818181818182	0.18181818181818182	0.15384615384615385	dɛŋkɔlɛktif	dɛŋkkɔllɛktif	0.18181818181818182	0.15384615384615385
Denunzierer	denʊntsiːʁɐ	denʊntsiʁəʁ	denʊntsirɜ	dənʊntsiɐɐ	compound	denunziere|r	0.18181818181818182	0.2	0.2	denʊnt͡siʁɐ	denʊntsiɐ̯ɐ̯	0.09090909090909091	0.25
Desensibilisierer	dezɛnzibiliziːʁɐ	dezɛnzibiliziʁəʁ	dezɛnzibilizirɜ	dezɛnzibiliziɐɐ	compound	desensibilisiere|r	0.125	0.13333333333333333	0.06666666666666667	dezɛnzibiliziʁɐ	dezɛnzibiliziɐ̯ɐ̯	0.0	0.17647058823529413
Destillierer	dɛstɪliːʁɐ	dɛstɪliʁəʁ	dɛstɪlirɜ	dɛstɪlliɐɐ	compound	destilliere|r	0.2	0.2222222222222222	0.2	dɛstɪliʁɐ	dɛstɪlliɐ̯ɐ̯	0.0	0.3333333333333333
Deutschamerikaner	dɔʏtʃameʁikaːnɐ	dɔɪtʃameʁikanɐ	dɔøtʃamerikɑnɜ	dɔɔʏtʃameʁikanɐ	compound	deutsch|amerikaner	0.07142857142857142	0.2857142857142857	0.06666666666666667	dɔɪ̯t͡ʃameʁikanɐ	dɔøʧɑmeɾikanɐ̯	0.1875	0.42857142857142855
Dezimalstelle	detsimaːlʃtɛlə	detsimalʃtɛlə	detsimalʃtɛlə	detsimalstɛllə	compound	dezimal|stelle	0.0	0.0	0.14285714285714285	det͡simalʃtɛlə	detsimalstɛllə	0.07142857142857142	0.14285714285714285
Dezimalstellen	detsimaːlʃtɛlən	detsimalʃtɛlən	detsimalʃtɛlən	detsimalstɛllən	compound	dezimal|stellen	0.0	0.0	0.13333333333333333	det͡simalʃtɛlən	detsimalstɛllən	0.06666666666666667	0.13333333333333333
Diamantschliff	diamantʃlɪf	diamantʃlɪf	diamantʃlɪf	diamantʃlɪff	compound	diamant|schliff	0.0	0.0	0.08333333333333333	diamantʃlɪf	diɑmantstslɪff	0.0	0.35714285714285715
Diamantschliffe	diamantʃlɪfə	diamantʃlɪfə	diamantʃlɪfə	diamantʃlɪffə	compound	diamant|schliffe	0.0	0.0	0.07692307692307693	diamantʃlɪfə	diɑmantstslɪffə	0.0	0.3333333333333333
Diamantschliffen	diamantʃlɪfn	diamantʃlɪfn	diamantʃlɪfən	diamantʃlɪffən	compound	diamant|schliffen	0.0	0.07692307692307693	0.14285714285714285	diamantʃlɪfn̩	diɑmantstslɪffən	0.07692307692307693	0.375
Diamantschliffes	diamantʃlɪfəs	diamantʃlɪfəs	diamantʃlɪfəs	diamantʃlɪffəs	compound	diamant|schliffes	0.0	0.0	0.07142857142857142	diamantʃlɪfəs	diɑmantstslɪffəs	0.0	0.3125
Diamantschliffs	diamantʃlɪfs	diamantʃlɪfs	diamantʃlɪfs	diamantʃlɪffs	compound	diamant|schliffs	0.0	0.0	0.07692307692307693	diamantʃlɪfs	diɑmantstslɪffs	0.0	0.3333333333333333
Dickenrücklage	dɪkənʁʏklaːɡə	dɪknʁʏklaɡə	dɪkənryklɑɡə	dɪkɛnʁʏklagə	compound	dicken|rücklage	0.09090909090909091	0.25	0.16666666666666666	dɪkn̩ʁʏklaɡə	dɪkɛnɾʏklɑgə	0.16666666666666666	0.3333333333333333
Dickhornschaf	dɪkhɔʁnʃaːf	dɪkhɔʁnʃaf	dɪkhɔɾnʃɑf	dɪkɔʁnʃaf	compound	dick|horn|schaf	0.0	0.2	0.1111111111111111	dɪkhɔʁnʃaf	dɪkɔɾnstsɑf	0.0	0.5454545454545454
Dickhornschafes	dɪkhɔʁnʃaːfəs	dɪkhɔʁnʃafəs	dɪkhɔɾnʃɑfəs	dɪkɔʁnstshafəs	compound	dick|horn|schafes	0.0	0.16666666666666666	0.35714285714285715	dɪkhɔʁnʃafəs	dɪkɔɾnʃɑfəs	0.0	0.2727272727272727
Diech	diːc	dic	dic	dic	compound	die|ch	0.0	0.0	0.0	diç	diç	0.3333333333333333	0.3333333333333333
Diffamierer	dɪfamiːʁɐ	dɪfamiʁəʁ	dɪfamirɜ	dɪffamiɐɐ	compound	diffamiere|r	0.2222222222222222	0.25	0.2222222222222222	dɪfamiʁəʁ	dɪffɑmiɐ̯ɐ̯	0.2222222222222222	0.45454545454545453
Dignitar	dɪɡnɪtaːɐ	diɡnɪtaɐ	dɪɡnitɑɾ	dɪcnitaʁ	compound	di|g|n|it|ar	0.125	0.375	0.375	dɪɡnitaɐ̯	dɪgnitaɽ	0.2222222222222222	0.375
Dillo	dɪlo	dɪlo	dɪlo	dɪllo	compound	dill|o	0.0	0.0	0.2	dɪlo	dɪllo	0.0	0.2
Diplomurkunde	diploːmuːɐkʊndə	diplomuɐkʊndə	dɪplom??kʊndə	dɪplomʊʁkʊndə	compound	diplom|urkunde	0.0	0.23076923076923078	0.23076923076923078	diplomuɐ̯kʊndə	dɪplomʊɾkʊndə	0.07142857142857142	0.23076923076923078
Diptychon	dɪptʏcɔn	dɪptʏcon	dɪptycon	dɪptʏcon	compound	dip|t|y|ch|on	0.125	0.25	0.125	dɪptɪçɔn	dɪptʏçon	0.25	0.25
Diskobolie	dɪskoboliː	dɪskobolie	dɪskoboli	dɪskoboliə	compound	disko|b|o|li|e	0.1	0.0	0.1	dɪskoboli̯ə	dɪskobolijə	0.18181818181818182	0.18181818181818182
Diskontrechnung	dɪskɔntʁɛcnʊŋ	dɪskɔntʁɛcnʊŋ	dɪskɔntɾɛcnʊŋ	dɪskɔntʁɛcnʊŋ	compound	diskont|rechnung	0.0	0.07692307692307693	0.0	dɪskɔntʁɛçnʊŋ	dɪskɔntɾɛçnʊŋ	0.07692307692307693	0.15384615384615385
Diskriminierer	dɪskʁiminiːʁɐ	dɪskʁiminiʁəʁ	dɪskɾiminirɜ	dɪskʁimɪniɐɐ	compound	diskriminiere|r	0.15384615384615385	0.25	0.16666666666666666	dɪskʁiminiʁəʁ	dɪskɾimɪniɐ̯ɐ̯	0.15384615384615385	0.35714285714285715
Diskursanalyse	dɪskʊʁsanalyːzə	dɪskʊʁsanalyzə	dɪsk??zanɑlyzə	dɪskʊʁzanalyzə	compound	diskurs|analyse	0.0	0.2857142857142857	0.07142857142857142	dɪskʊʁsanalyzə	dɪskʊɾzɑnɑlyzə	0.0	0.2857142857142857
Diskursmarker	dɪskʊʁsmaʁkɐ	dɪskʊʁsmaʁkɐ	dɪsk??smaɾkɜ	dɪskʊʁsmaʁkɐ	compound	diskurs|marker	0.0	0.3333333333333333	0.0	dɪskʊʁsmaʁkɐ	dɪskʊɾsmaɾkɐ̯	0.0	0.23076923076923078
Diskursmarkers	dɪskʊʁsmaʁkɐs	dɪskʊʁsmaʁkɐs	dɪsk??smaɾkɜs	dɪskʊʁsmaʁkɛʁs	compound	diskurs|markers	0.0	0.3076923076923077	0.14285714285714285	dɪskʊʁsmaʁkɐs	dɪskʊɾsmaɾkɛɾs	0.0	0.2857142857142857
Diskurspartikel	dɪskʊʁspaʁtikl	dɪskʊʁspaʁtikl	dɪsk??spaɾtikəl	dɪskʊʁspaʁtikel	compound	diskurs|partikel	0.0	0.26666666666666666	0.06666666666666667	dɪskʊʁspaʁtikl̩	dɪskʊɾspaɾtikel	0.06666666666666667	0.2
Diskurspartikels	dɪskʊʁspaʁtikls	dɪskʊʁspaʁtikls	dɪsk??spaɾtikəls	dɪskʊʁspaʁtikɛls	compound	diskurs|partikels	0.0	0.25	0.0625	dɪskʊʁspaʁtikl̩s	dɪskʊɾspaɾtikɛls	0.0625	0.1875
Diterpen	diːtɛʁpeːn	ditɛʁpen	ditɜpən	ditɛʁpən	compound	di|terpen	0.0	0.42857142857142855	0.125	ditɛʁpn̩	ditɛɾpən	0.25	0.25
Diterpene	diːtɛʁpeːnə	ditɛʁpenə	ditɜpənə	ditɛʁpənə	compound	di|terpene	0.0	0.375	0.1111111111111111	ditɛʁpenə	ditɛɾpənə	0.0	0.2222222222222222
Diterpens	diːtɛʁpeːns	ditɛʁpens	ditɜpəns	ditɛʁpɛns	compound	di|terpens	0.0	0.375	0.1111111111111111	ditɛʁpn̩s	ditɛɾpɛns	0.2222222222222222	0.2222222222222222
Dohnal	doːnal	donal	donɑl	donal	compound	dohna|l	0.0	0.2	0.0	donal	donal	0.0	0.0
Dollarisieren	dɔlaʁiziːʁən	dɔlaʁiziʁən	dɔlarizirən	dɔllaʁiziʁən	compound	dollar|isieren	0.0	0.18181818181818182	0.08333333333333333	dɔlaʁiziʁən	dɔllɑɾiziɾen	0.0	0.4166666666666667
Domkapitel	doːmkapɪtl	domkapɪtl	dɔmkapitəl	dɔmkapitel	compound	dom|kapitel	0.0	0.3	0.3	domkapɪtl̩	dɔmkɑpitel	0.1	0.4
Domkirche	doːmkɪʁcə	domkɪʁcə	dɔmkɪɾcə	dɔmkɪʁcə	compound	dom|kirche	0.0	0.25	0.125	domkɪʁçə	dɔmkɪɾçə	0.125	0.375
Domstift	doːmʃtɪft	domʃtɪft	dɔmstɪft	dɔmstɪft	compound	dom|stift	0.0	0.25	0.25	domʃtɪft	dɔmstɪft	0.0	0.25
Domstifte	doːmʃtɪftə	domʃtɪftə	dɔmstɪftə	dɔmstɪftə	compound	dom|stifte	0.0	0.2222222222222222	0.2222222222222222	domʃtɪftə	dɔmstɪftə	0.0	0.2222222222222222
Domstifter	doːmʃtɪftɐ	domʃtɪftɐ	dɔmstɪftɜ	dɔmstɪftɐ	compound	dom|stifter	0.0	0.3333333333333333	0.2222222222222222	domʃtɪftɐ	dɔmstɪftɐ̯	0.0	0.3
Domstiftes	doːmʃtɪftəs	domʃtɪftəs	dɔmstɪftəs	dɔmstɪftəs	compound	dom|stiftes	0.0	0.2	0.2	domʃtɪftəs	dɔmstɪftəs	0.0	0.2
Domstifts	doːmʃtɪfts	domʃtɪfts	dɔmstɪfts	dɔmstɪfts	compound	dom|stifts	0.0	0.2222222222222222	0.2222222222222222	domʃtɪft͡s	dɔmstɪfts	0.1	0.2222222222222222
Donaulachs	doːnaʊlaks	donaʊlaks	donaʊlaxs	donaolaks	compound	donau|lachs	0.0	0.1111111111111111	0.1111111111111111	donaʊ̯laxs	donaolaks	0.2	0.1111111111111111
Donnerhalle	dɔnɐhalə	dɔnrhalə	dɔnɜhalə	dɔnnɛʁallə	compound	donner|halle	0.125	0.125	0.4	dɔnɐhalə	dɔnnɛɾallə	0.0	0.4
Donnerhallen	dɔnɐhalən	dɔnrhalən	dɔnɜhalən	dɔnnɛʁallən	compound	donner|hallen	0.1111111111111111	0.1111111111111111	0.36363636363636365	dɔnɐhalən	dɔnnɛɾallən	0.0	0.36363636363636365
Donnerhalles	dɔnɐhaləs	dɔnrhaləs	dɔnɜhaləs	dɔnnɛʁalləs	compound	donner|halles	0.1111111111111111	0.1111111111111111	0.36363636363636365	d̥ɔnr̩haləs	dɔnnɛɾalləs	0.2727272727272727	0.36363636363636365
Doppelidentität	dɔpəlidɛntitɛːt	dɔplidɛntitɛt	dɔpəlidɛntitɛt	dɔppelidɛntitɛt	compound	doppel|identität	0.07692307692307693	0.0	0.13333333333333333	dɔpl̩idɛntitɛt	dɔppelidɛntitɛt	0.14285714285714285	0.13333333333333333
Doppelköpfchen	dɔplkœpfcən	dɔplkœpfcən	dɔpəlkœpfcən	dɔppɛlkœpfcən	compound	doppel|köpfchen	0.0	0.08333333333333333	0.15384615384615385	dɔpl̩kœp͡fçən	dɔppɛlkœpfçən	0.23076923076923078	0.23076923076923078
Doppelpyramide	dɔpəlpyʁamiːdə	dɔplpyʁamidə	dɔpəlpyramidə	dɔppɛlpyʁamidə	compound	doppel|pyramide	0.08333333333333333	0.07692307692307693	0.14285714285714285	dɔpl̩pyʁamidə	dɔppɛlpyɾɑmidə	0.15384615384615385	0.2857142857142857
Doppelpyramiden	dɔpəlpyʁamiːdən	dɔplpyʁamidən	dɔpəlpyramidən	dɔppɛlpyʁamidən	compound	doppel|pyramiden	0.07692307692307693	0.07142857142857142	0.13333333333333333	dɔpl̩pyʁamidn̩	dɔppɛlpyɾɑmidən	0.2857142857142857	0.26666666666666666
Doppelschleifbock	dɔplʃlaɪfbɔk	dɔplʃlaɪfbɔk	dɔpəlʃlaɪfbɔk	dɔppɛlstslaefbɔk	compound	doppel|schleifbock	0.0	0.07692307692307693	0.375	dɔpl̩ʃlaɪ̯fbɔk	dɔppɛlstslaefbɔk	0.14285714285714285	0.375
Dorfsträßchen	dɔrfʃtʁɛːscən	dɔʁfʃtʁɛscən	dɔɾfstɾɛscən	dɔʁfstʁɛsʃən	compound	dorf|sträßchen	0.08333333333333333	0.25	0.25	dɔʁfʃtʁɛsçən	dɔɾfstɾɛaçən	0.16666666666666666	0.4166666666666667
Dornginster	dɔrnɡɪnstər	dɔʁnɡɪnstɐ	dɔɾŋɪnstɜ	dɔʁŋɪnstɐ	compound	dorn|ginster	0.3	0.5555555555555556	0.5555555555555556	dɔʁnɡɪnstɐ	dɔɾŋɪnstɐ̯	0.3	0.5
Dosenverschluss	doːznfɛɐʃlʊs	doznfɛɐʃlʊs	dozənfɜʃlʊs	dozɛnvɛʁstslʊss	compound	dosen|verschluss	0.0	0.2727272727272727	0.4666666666666667	dozn̩fɛɐ̯ʃlʊs	dozɛnvɛɾstslʊss	0.15384615384615385	0.4666666666666667
Dosenverschlusses	doːznfɛɐʃlʊsəs	doznfɛɐʃlʊsəs	dozənfɜʃlʊsəs	dozɛnvɛʁstslʊszəs	compound	dosen|verschlusses	0.0	0.23076923076923078	0.4117647058823529	dozn̩fɛɐ̯ʃlʊsəs	dozɛnvɛɾstslʊszəs	0.13333333333333333	0.4117647058823529
Dosenverschlüsse	doːznfɛɐʃlʏsə	doznfɛɐʃlʏsə	dozənfɜʃlysə	dozɛnvɛʁstslʏszə	compound	dosen|verschlüsse	0.0	0.3333333333333333	0.4375	dozn̩fɛɐ̯ʃlʏsə	dozɛnvɛɾstslʏszə	0.14285714285714285	0.4375
Drachenfahne	dʁaxnfaːnə	dʁaxnfanə	dɾaxənfɑnə	dʁaxɛnfanə	compound	drachen|fahne	0.0	0.3	0.1	dʁaxn̩fanə	dɾaxɛnfɑnə	0.1	0.3
Drachenstatue	dʁaxnstaːtuə	dʁaxnstatuə	dɾaxənstɑtuə	dʁaxɛnstatuə	compound	drachen|statue	0.0	0.25	0.08333333333333333	dʁaxn̩ʃtatuə	dɾaxɛnstɑtuə	0.16666666666666666	0.25
Dramatisierer	dʁamatiziːʁɐ	dʁamatiziʁəʁ	dɾɑmatizirɜ	dʁamatiziɐɐ	compound	dramatisiere|r	0.16666666666666666	0.36363636363636365	0.09090909090909091	dʁamatiziʁɐ	dɾɑmɑtiziɐ̯ɐ̯	0.0	0.46153846153846156
Dreckkerl	dʁɛkkɛɐl	dʁɛkɛʁl	dɾɛkɜl	dʁɛtskɛʁl	compound	dreck|kerl	0.2857142857142857	0.6666666666666666	0.3333333333333333	dʁɛkl̩	dɾɛkkɛɾl	0.6666666666666666	0.25
Dreckloch	dʁɛklɔx	dʁɛklɔx	dɾɛklɔx	dʁɛklɔx	compound	dreck|loch	0.0	0.14285714285714285	0.0	dʁɛklɔx	dɾɛklɔx	0.0	0.14285714285714285
Drehpendeluhr	dʁeːpɛndlʔuːɐ	dʁepɛndluɐ	dɾepəndɛluɾ	dʁepɛndeluʁ	compound	dreh|pendeluhr	0.0	0.36363636363636365	0.18181818181818182	dʁepn̩dəluɐ̯	dɾepɛndeluɾ	0.3333333333333333	0.2727272727272727
Dreieckpyramide	dʁaɪɛkpyʁamiːdə	dʁaɪɛkpyʁamidə	dɾaɪɛkpyramidə	dʁəikpyʁamidə	compound	dreieck|pyramide	0.0	0.14285714285714285	0.23076923076923078	dʁaɪ̯ɛkpyʁamidə	dɾaekpyɾɑmidə	0.06666666666666667	0.38461538461538464
Dreieckpyramiden	dʁaɪɛkpyʁamiːdən	dʁaɪɛkpyʁamidən	dɾaɪɛkpyramidən	dʁəikpyʁamidən	compound	dreieck|pyramiden	0.0	0.13333333333333333	0.21428571428571427	dʁaɪ̯ɛkpyʁamidn̩	dɾaekpyɾɑmidən	0.1875	0.35714285714285715
Dreieckshandel	dʁaɪɛkshandəl	dʁaɪɛkshandl	dɾaɪɛkshandəl	dʁəiksandəl	compound	dreiecks|handel	0.08333333333333333	0.07692307692307693	0.36363636363636365	dʁaɪ̯ɛkshandl̩	dɾaeksandel	0.21428571428571427	0.45454545454545453
Dreierbeziehungen	dʁaɪɐbətsiːʊŋən	dʁaɪɐbətsiʊŋən	dɾaɪɜbetsiʊŋən	dʁəiʁbetsiʊŋən	compound	dreier|beziehungen	0.0	0.21428571428571427	0.2857142857142857	dʁaɪ̯ɐbət͡siʊŋən	dɾaeɾbetsiʊŋən	0.125	0.2857142857142857
Dreimorengesetz	dʁaɪmoːʁənɡəzɛts	dʁaɪmoʁənɡəzɛts	dɾaɪmorɛnɡezɛts	dʁaemoʁɛŋezɛts	compound	drei|moren|gesetz	0.0	0.26666666666666666	0.35714285714285715	dʁaɪ̯moʁənɡəzɛt͡s	dɾaemoɾɛŋezɛts	0.11764705882352941	0.5
Dreissigtausendstel	dʁaɪsɪctaʊznttstl	dʁaɪsɪɡtaʊzntstl	dɾaɪsɪctaʊzɛntstəl	dʁaeszɪktaozɛndstəl	compound	dreissi|g|tausendstel	0.125	0.2222222222222222	0.42105263157894735	dʁaɪ̯sɪçtaʊ̯zn̩t͡stl̩	dɾaeszɪktaozɛndstel	0.2857142857142857	0.47368421052631576
Dreiunddreißigstel	dʁaɪʊntdʁaɪsɪcstəl	dʁaɪʊntdʁaɪsɪkstəl	dɾaɪʊndɾaɪsɪcstəl	dʁaeʊndʁaeszɪgstəl	compound	dreiunddreißigste|l	0.05555555555555555	0.17647058823529413	0.2777777777777778	dʁaɪ̯ʊntdʁaɪ̯sɪkstl̩	dɾaeʊnddɾaejɪgstel	0.25	0.4444444444444444
Dreiunddreißigstels	dʁaɪʊntdʁaɪsɪcstəls	dʁaɪʊntdʁaɪsɪkstəls	dɾaɪʊndɾaɪsɪcstəls	dʁaeʊndʁaeszɪgstɛls	compound	dreiunddreißigste|l|s	0.05263157894736842	0.16666666666666666	0.3157894736842105	dʁaɪ̯ʊntdʁaɪ̯sɪkstəls	dɾaeʊnddɾaejɪgstɛls	0.14285714285714285	0.42105263157894735
Dreiundfünfzigjährige	dʁaɪʊntfʏnftsɪcjɛːʁɪɡə	dʁaɪʊntfʏnftsɪkjɛʁɪɡə	dɾaɪʊntfynftsɪɡjɛrɪɡə	dʁaeʊntfʏnftsɪkjɛʁɪgə	compound	dreiundfünfzig|jährige	0.047619047619047616	0.19047619047619047	0.14285714285714285	dʁaɪ̯ʊntfʏnft͡sɪkjɛʁɪɡə	dɾaeʊntfʏnftsɪkjɛɾɪgə	0.13043478260869565	0.23809523809523808
Dreiundfünfzigjähriger	dʁaɪʊntfʏnftsɪcjɛːʁɪɡɐ	dʁaɪʊntfʏnftsɪkjɛʁɪɡɐ	dɾaɪʊntfynftsɪɡjɛrɪɡɜ	dʁaeʊntfʏnftsɪkjɛʁɪgɐ	compound	dreiundfünfzig|jähriger	0.047619047619047616	0.23809523809523808	0.14285714285714285	dʁaɪ̯ʊntfʏnft͡sɪkjɛʁɪɡɐ	dɾaeʊntfʏnftsɪkjɛɾɪgɐ̯	0.13043478260869565	0.2727272727272727
Dreiundfünfzigstel	dʁaɪʊntfʏnftsɪcstəl	dʁaɪʊntfʏnftsɪkstəl	dɾaɪʊntfynftsɪcstəl	dʁaeʊntfʏnftsɪgstəl	compound	dreiundfünfzig|ste|l	0.05263157894736842	0.10526315789473684	0.10526315789473684	dʁaɪ̯ʊntfynft͡sɪçstəl	dɾaeʊntfʏnftsɪgstel	0.19047619047619047	0.21052631578947367
Dreiundvierzigstel	dʁaɪʊntfɪʁtsɪcstəl	dʁaɪʊntfɪʁtsɪkstəl	dɾaɪʊndviɾtsɪcstəl	dʁaeʊntviʁtsɪgstəl	compound	dreiundvierzigste|l	0.05555555555555555	0.2777777777777778	0.2222222222222222	dʁaɪ̯ʊntfɪʁt͡sɪkstəl	dɾaeʊntviɾtsɪgstel	0.15	0.3888888888888889
Dreiundvierzigstels	dʁaɪʊntfɪʁtsɪcstəls	dʁaɪʊntfɪʁtsɪkstəls	dɾaɪʊndviɾtsɪcstəls	dʁaeʊntviʁtsɪgstɛls	compound	dreiundvierzigste|l|s	0.05263157894736842	0.2631578947368421	0.2631578947368421	dʁaɪ̯ʊntfɪʁt͡sɪkstəls	dɾaeʊntviɾtsɪgstɛls	0.14285714285714285	0.3684210526315789
Dreiundzwanzigstel	dʁaɪʊnttsvantsɪcstəl	dʁaɪʊnttsvantsɪkstəl	dɾaɪʊnttsvantsɪcstəl	dʁaeʊnttsvantsɪgstəl	compound	dreiundzwanzigste|l	0.05	0.05	0.1	dʁaɪ̯ʊntt͡svant͡sɪkstəl	dɾaeʊnttsvantsɪgstel	0.17391304347826086	0.2
Dreiundzwanzigstels	dʁaɪʊnttsvantsɪcstəls	dʁaɪʊnttsvantsɪkstəls	dɾaɪʊnttsvantsɪcstəls	dʁaeʊnttsvantsɪgstɛls	compound	dreiundzwanzigste|l|s	0.047619047619047616	0.047619047619047616	0.14285714285714285	dʁaɪ̯ʊntt͡svant͡sɪkstəls	dɾaeʊnttsvantsɪgstɛls	0.16666666666666666	0.19047619047619047
Dreizehnflächner	dʁaɪtseːnflɛcnɐ	dʁaɪtsenflɛcnɐ	dɾaɪtsenflɛcnɜ	dʁaetsenflɛcnɐ	compound	dreizehn|fl|ä|ch|ner	0.0	0.14285714285714285	0.07142857142857142	dʁaɪ̯t͡senflɛçnɐ	dɾaetsenflɛçnɐ̯	0.1875	0.26666666666666666
Dreizehntel	dʁaɪtseːntəl	dʁaɪtsentəl	dɾaɪtsentəl	dʁaetsentəl	compound	dreizehnte|l	0.0	0.09090909090909091	0.09090909090909091	dʁaɪ̯t͡sentl̩	dɾaetsentel	0.3076923076923077	0.2727272727272727
Dreizehntels	dʁaɪtseːntəls	dʁaɪtsentls	dɾaɪtsentəls	dʁaetsentɛls	compound	drei|zehntels	0.09090909090909091	0.08333333333333333	0.16666666666666666	dʁaɪ̯t͡sentl̩s	dɾaetsentɛls	0.2857142857142857	0.25
Drillich	dʁɪlɪc	dʁɪlɪc	dɾillɪc	dʁɪllɪc	compound	drill|ich	0.0	0.42857142857142855	0.14285714285714285	dʁɪlɪç	dɾillɪç	0.16666666666666666	0.5714285714285714
Drittstaat	drɪtʃtaːt	dʁɪtʃtat	dɾɪtstɑt	dʁɪtstat	compound	dritt|staat	0.125	0.375	0.25	dʁɪtʃtat	dɾɪtstat	0.125	0.25
Drohgebärde	dʁoːɡəbɛːɐdə	dʁoɡəbɛɐdə	dɾoɡebɛɾdə	dʁogebɛʁdə	compound	droh|gebärde	0.0	0.3	0.3	dʁoɡəbɛɐ̯də	dɾogebɛɾdə	0.09090909090909091	0.4
Druckwandler	dʁʊkvandlɐ	dʁʊkvandlɐ	dɾʊkvandlɜ	dʁʊkvandlɐ	compound	druck|wandler	0.0	0.2	0.0	dʁʊkvandlɐ	dɾʊkvandlɐ̯	0.0	0.18181818181818182
Drundheim	drʊnthaɪm	drʊnthaɪm	dɾʊnthaɪm	dʁʊntaem	compound	dr|und|heim	0.0	0.1111111111111111	0.375	dʁʊnthaɪ̯m	dɾʊntaem	0.2	0.375
Duckface	dakfɛɪs	dʊkfake	dʊkfɑkə	dʊkfaə	compound	duck|fa|c|e	0.5714285714285714	0.5714285714285714	0.6666666666666666	dʊkfɛɪ̯s	dʊkfɑtsə	0.25	0.5
Duftrauchbrenner	dʊftraʊxbrɛnɐ	dʊftʁaʊxbʁɛnɐ	dʊftɾaʊxbɾɛnɜ	dʊftʁaoxbʁɛnnɐ	compound	duft|rauch|brenner	0.15384615384615385	0.23076923076923078	0.2857142857142857	dʊftʁaʊ̯xbʁɛnɐ	dʊftɾaoxbrɛnnɐ̯	0.21428571428571427	0.26666666666666666
Dummbatz	dʊmbats	dʊmbats	dʊmbats	dʊmmbats	compound	dumm|batz	0.0	0.0	0.125	dʊmbat͡s	dʊmmbats	0.125	0.125
Dunkelelb	dʊŋklɛlp	dʊŋklɛlp	dʊnkəlɛlp	dʊŋkelɛlp	compound	dunkel|elb	0.0	0.2222222222222222	0.1111111111111111	dʊŋkl̩ɛlp	dʊŋkelɛlp	0.1111111111111111	0.1111111111111111
Dunkelwasserläufer	dʊŋkəlvasɐlɔɪfɐ	dʊŋklvasɐlɔɪfɐ	dʊnkəlvasɜlɔøfɜ	dʊŋkɛlvaszɛʁlɔɔʏfɐ	compound	dunkel|wasserläufer	0.07142857142857142	0.26666666666666666	0.3333333333333333	dʊŋkl̩vasɐlɔɪ̯fɐ	dʊŋkɛlvaszɛɾlɔøfɐ̯	0.1875	0.3333333333333333
Durchspieler	dʊʁcʃpiːlɐ	dʊʁcʃpiləʁ	d??cʃpilɜ	dʊʁtsspilɐ	compound	durchspiele|r	0.2	0.3333333333333333	0.3	dʊʁçʃpilɐ	dʊɾxspilɐ̯	0.1111111111111111	0.4
Durtonleiter	duːɐtoːnlaɪtɐ	duɐtonlaɪtɐ	d??tɔnlaɪtɜ	dʊʁtɔnləitɐ	compound	dur|tonleiter	0.0	0.36363636363636365	0.45454545454545453	dʊʁtonlaɪ̯tɐ	dʊɾtɔnləitɐ̯	0.25	0.5
Duschkopf	duːʃkɔpf	duʃkɔpf	duʃkɔpf	dʊʃkɔpf	compound	dusch|kopf	0.0	0.0	0.14285714285714285	duʃkɔp͡f	dʊʃkɔpf	0.125	0.14285714285714285
Duschraum	duːʃʁaʊm	duʃʁaʊm	duʃraʊm	dʊʃʁaom	compound	dusch|raum	0.0	0.14285714285714285	0.2857142857142857	duʃʁaʊ̯m	dʊʃɾaom	0.125	0.42857142857142855
Duschraume	duːʃʁaʊmə	duʃʁaʊmə	duʃraʊmə	dʊʃʁaomə	compound	dusch|raume	0.0	0.125	0.25	duʃʁaʊ̯mə	dʊʃɾaomə	0.1111111111111111	0.375
Dvorak	dvoːʁak	dfoɐak	defoɾɑk	tfoɐʁak	compound	d|vor|ak	0.3333333333333333	0.5714285714285714	0.42857142857142855	dfoɐ̯ak	tvoɾɑk	0.42857142857142855	0.5
Dworak	dvoːʁak	dvoʁak	devorɑk	tvoʁak	compound	d|wo|ra|k	0.0	0.42857142857142855	0.16666666666666666	dvɔɹæk	tvoɾɑk	0.5	0.5
Dworschak	dvɔʁʃak	dvoʁʃak	devɔɾʃɑk	tvɔʁʃak	compound	d|wo|r|sch|ak	0.14285714285714285	0.375	0.14285714285714285	dvɔʁʃak	tvɔɾʃɑk	0.0	0.42857142857142855
Döneken	døːnəkən	dønəkɛn	dønekən	dønekən	compound	d|ö|ne|ken	0.14285714285714285	0.14285714285714285	0.14285714285714285	dønəkn̩	dønekən	0.2857142857142857	0.14285714285714285
Döschen	døːscən	døscən	dœscən	dœʃən	compound	dös|chen	0.0	0.16666666666666666	0.6	døsçən	dœʃən	0.16666666666666666	0.6
Dünnhäutigkeit	dʏnhɔɪtɪckaɪt	dʏnhɔɪtɪkaɪt	dynhɔøtɪckaɪt	dʏnnɔɔʏtɪkkəit	compound	dünnhäutig|keit	0.08333333333333333	0.15384615384615385	0.42857142857142855	dʏnhɔɪ̯tɪkkaɪ̯t	dʏnnɔøtɪkkəit	0.2	0.38461538461538464
Ecklädchen	ɛklɛːtcən	ɛklɛtcən	ɛklɛdcən	ɛklɛdcən	compound	eck|lädchen	0.0	0.125	0.125	ɛklɛtçən	ɛklɛdçən	0.125	0.25
Ecklädlein	ɛklɛːtlaɪn	ɛklɛdlaɪn	ɛklɛdlaɪn	ɛklɛdləɪn	compound	eck|l|ä|d|lein	0.1111111111111111	0.1111111111111111	0.2222222222222222	ɛklɛtlaɪ̯n	ɛklɛdləɪn	0.1	0.2222222222222222
Eckpunktepapier	ɛkpʊŋktəpapiːɐ	ɛkpʊŋktəpapiɐ	ɛkpʊŋktepapiɾ	ɛkpʊŋktepapiɐ	compound	eckpunkte|papier	0.0	0.15384615384615385	0.07692307692307693	ɛkpʊŋktəpapiɐ̯	ɛkpʊŋktepɑpiɐ̯	0.07142857142857142	0.21428571428571427
Eckpunktepapiere	ɛkpʊŋktəpapiːʁə	ɛkpʊŋktəpapiʁə	ɛkpʊŋktepapirə	ɛkpʊŋktepapiʁe	compound	eckpunkte|papiere	0.0	0.14285714285714285	0.14285714285714285	ɛkpʊŋktəpapiʁə	ɛkpʊŋktepɑpiɾe	0.0	0.2857142857142857
Eckpunktepapieren	ɛkpʊŋktəpapiːʁən	ɛkpʊŋktəpapiʁən	ɛkpʊŋktepapirən	ɛkpʊŋktepapiʁən	compound	eckpunkte|papieren	0.0	0.13333333333333333	0.06666666666666667	ɛkpʊŋktəpapiʁən	ɛkpʊŋktepɑpiɾen	0.0	0.26666666666666666
Eckpunktepapieres	ɛkpʊŋktəpapiːʁəs	ɛkpʊŋktəpapiʁəs	ɛkpʊŋktepapirəs	ɛkpʊŋktepapiʁəs	compound	eckpunkte|papieres	0.0	0.13333333333333333	0.06666666666666667	ɛkpʊŋktəpapiʁəs	ɛkpʊŋktepɑpiɐ̯əs	0.0	0.25
Eckpunktepapiers	ɛkpʊŋktəpapiːɐs	ɛkpʊŋktəpapiɐs	ɛkpʊŋktepapiɾs	ɛkpʊŋktepapiʁs	compound	eckpunkte|papiers	0.0	0.14285714285714285	0.14285714285714285	ɛkpʊŋktəpapiɐ̯s	ɛkpʊŋktepɑpiɾs	0.06666666666666667	0.21428571428571427
Eckstoß	ɛkʃtoːs	ɛkʃtos	ɛkstos	ɛkstɔss	compound	eck|stoß	0.0	0.16666666666666666	0.42857142857142855	ɛkʃtos	ɛkstoa	0.0	0.3333333333333333
Edelsteinschleifer	eːdəlʃtaɪnʃlaɪfɐ	edlʃtaɪnʃlaɪfɐ	edəlstaɪnʃlaɪfɜ	edɛlstaenʃlaefɐ	compound	edelstein|schleifer	0.07142857142857142	0.13333333333333333	0.26666666666666666	edl̩ʃtaɪ̯nʃlaɪ̯fɐ	edɛlstaenstslaefɐ̯	0.23529411764705882	0.4444444444444444
Edelsteinschleifers	eːdəlʃtaɪnʃlaɪfɐs	edlʃtaɪnʃlaɪfɐs	edəlstaɪnʃlaɪfɜs	edɛlstaenʃlaefɛʁs	compound	edelstein|schleifers	0.06666666666666667	0.125	0.35294117647058826	edl̩ʃtaɪ̯nʃlaɪ̯fɐs	edɛlstaenstslaefɛɾs	0.2222222222222222	0.47368421052631576
Edelsteinschliff	eːdəlʃtaɪnʃlɪf	edlʃtaɪnʃlɪf	edəlstaɪnʃlɪf	edɛlstaenʃlɪff	compound	edelstein|schliff	0.08333333333333333	0.07692307692307693	0.2857142857142857	edl̩ʃtaɪ̯nʃlɪf	edɛlstaenstslɪff	0.21428571428571427	0.4375
Edelsteinschliffe	eːdəlʃtaɪnʃlɪfə	edlʃtaɪnʃlɪfə	edəlstaɪnʃlɪfə	edɛlstaenʃlɪffə	compound	edelstein|schliffe	0.07692307692307693	0.07142857142857142	0.26666666666666666	edl̩ʃtaɪ̯nʃlɪfə	edɛlstaenstslɪffə	0.2	0.4117647058823529
Edelsteinschliffen	eːdlʃtaɪnʃlɪfn	edlʃtaɪnʃlɪfn	edəlstaɪnʃlɪfən	edɛlstaenʃlɪffən	compound	edelstein|schliffen	0.0	0.2	0.3125	edl̩ʃtaɪ̯nʃlɪfn̩	edɛlstaenstslɪffən	0.1875	0.4444444444444444
Edelsteinschliffes	eːdəlʃtaɪnʃlɪfəs	edlʃtaɪnʃlɪfəs	edəlstaɪnʃlɪfəs	edɛlstaenʃlɪffəs	compound	edelstein|schliffes	0.07142857142857142	0.06666666666666667	0.25	edl̩ʃtaɪ̯nʃlɪfəs	edɛlstaenstslɪffəs	0.1875	0.3888888888888889
Edelsteinschliffs	eːdəlʃtaɪnʃlɪfs	edlʃtaɪnʃlɪfs	edəlstaɪnʃlɪfs	edɛlstaenʃlɪffs	compound	edelstein|schliffs	0.07692307692307693	0.07142857142857142	0.26666666666666666	edl̩ʃtaɪ̯nʃlɪfs	edɛlstaenstslɪffs	0.2	0.4117647058823529
Eheauflösung	eːəaʊfløːzʊŋ	eəaʊfløzʊŋ	eeaʊfløzʊŋ	eəaoflɔʏzʊŋ	compound	ehe|auflösung	0.0	0.1	0.2727272727272727	eəaʊ̯fløzʊŋ	eeaofløzʊŋ	0.09090909090909091	0.2
Ehefrauchen	eːəfʁaʊcən	eəfʁaʊcən	eɛfraʊxən	eɛfʁaoxən	compound	ehefrau|chen	0.0	0.3333333333333333	0.3333333333333333	eəfʁaʊ̯xn̩	eɛfɾaoxən	0.3	0.4444444444444444
Ehemännchen	eːəmɛncən	eəmɛncən	eemɛncən	eemɛnncən	compound	ehe|männchen	0.0	0.125	0.2222222222222222	eəmɛnçən	eemɛnnçən	0.125	0.3333333333333333
Ehemännlein	eːəmɛnlaɪn	eəmɛnlaɪn	eemɛnlaɪn	eemɛnnləɪn	compound	ehe|männlein	0.0	0.1111111111111111	0.3	eəmɛnlaɪ̯n	eemɛnnləɪn	0.1	0.3
Ehrenarier	eːʁənaːʁiɐ	eʁənaʁiɐ	erənɑriɜ	eʁenaʁiɐ	compound	ehren|arier	0.0	0.5	0.125	eʁənaʁiɐ	eɾənaɽiɐ̯	0.0	0.3333333333333333
Ehrenmitgliedschaft	ʔeːʁənmɪtɡliːtʃaft	erənmɪtglitʃaft	erənmɪtɡlidʃaft	eʁɛnmɪtglitstshaft	compound	ehrenmitglied|schaft	0.13333333333333333	0.13333333333333333	0.3333333333333333	erənmɪtglitʃaft	eɾɛnmɪtglitstshaft	0.13333333333333333	0.3888888888888889
Ehrwürdigkeit	eːɐvʏʁdɪckaɪt	eɐvʏʁdɪkaɪt	eɾvyɾdɪckaɪt	eʁvʏʁdɪkkəit	compound	ehrwürdig|keit	0.09090909090909091	0.25	0.3333333333333333	eɐ̯vʏʁdɪkkaɪ̯t	eɾvʏɾdɪkkəit	0.21428571428571427	0.4166666666666667
Eibenast	aɪbnast	aɪbnast	aɪbənast	aebənast	compound	eiben|ast	0.0	0.125	0.25	aɪ̯bn̩ast	aebənast	0.2222222222222222	0.25
Eichenlaub	aɪcnlaʊb	aɪcnlaʊp	aɪcənlaʊp	aecɛnlaop	compound	eichen|laub	0.125	0.2222222222222222	0.4444444444444444	aɪ̯çn̩laʊ̯p	aeçɛnlaop	0.45454545454545453	0.5555555555555556
Eierklar	aɪɐklaːɐ	aɪɐklaɐ	aɪɜklɑɾ	əiʁklaʁ	compound	eier|klar	0.0	0.42857142857142855	0.5714285714285714	aɪ̯ɐklaɐ̯	aeɾklaɽ	0.2222222222222222	0.42857142857142855
Eierkühlhaus	aɪɐkyːlhaʊs	aɪɐkylhaʊs	aɪɜkylhaʊs	əiʁkylaos	compound	eier|kühlhaus	0.0	0.1	0.5555555555555556	aɪ̯ɐkylhaʊ̯s	aeɾkylaos	0.16666666666666666	0.4444444444444444
Eierloch	aɪəʁlɔx	aɪɐlɔx	aɪɜlɔx	əiʁlɔx	compound	eier|loch	0.3333333333333333	0.3333333333333333	0.5	aɪ̯ɐlɔx	aeɐ̯lɔx	0.2857142857142857	0.42857142857142855
Eierpflaume	aɪɐpflaʊmə	aɪɐpflaʊmə	aɪɜpflaʊmə	əiʁpflaomə	compound	eier|pflaume	0.0	0.1	0.4	aɪ̯ɐp͡flaʊ̯mə	aeɾpflaomə	0.23076923076923078	0.3
Eifler	aɪfləʁ	aɪfleɐ	aɪflɜ	aeflɐ	compound	ei|fl|er	0.3333333333333333	0.4	0.6	aɪ̯flɐ	aeflɐ̯	0.5	0.5
Eigenartigkeit	aɪɡnʔaːɐtɪckaɪt	aɪɡnaɐtɪkaɪt	aɪɡənaɾtɪckaɪt	aegənaʁtɪkkəit	compound	eigenartig|keit	0.08333333333333333	0.14285714285714285	0.5	aɪ̯ɡn̩aɐ̯tɪkkaɪ̯t	aegenaɾtɪkkəit	0.29411764705882354	0.5
Eigenartigkeiten	aɪɡnʔaːɐtɪckaɪtn	aɪɡnaɐtɪkaɪtn	aɪɡənaɾtɪckaɪtən	aegənaʁtɪkkəitən	compound	eigen|artigkeiten	0.07692307692307693	0.1875	0.5	aɪ̯ɡn̩aɐ̯tɪkkaɪ̯tn̩	aegenaɾtɪkkəitən	0.3157894736842105	0.5
Eigenbeschuss	aɪɡnbəʃʊs	aɪɡnbəʃʊs	aɪɡənbəʃʊs	aegɛnbəʃʊss	compound	eigen|beschuss	0.0	0.1	0.36363636363636365	aɪ̯ɡn̩bəʃʊs	aegɛnbɛʃʊss	0.18181818181818182	0.45454545454545453
Einbruchdiebstahl	aɪnbrʊxdiːpʃtaːl	aɪnbʁʊxdipʃtal	aɪnbɾʊxdipʃtɑl	aenbʁʊxdibstal	compound	einbruch|diebstahl	0.07142857142857142	0.14285714285714285	0.2857142857142857	aɪ̯nbʁʊxdipʃtal	aenbrʊxdibstɑl	0.13333333333333333	0.2857142857142857
Eindämmungsprozess	aɪndɛmʊŋspʁotsɛs	aɪndɛmʊŋspʁotsɛs	aɪndɛmʊŋʃpɾotsɛs	aendɛmmʊŋspʁotsɛss	compound	eindämmung|s|prozess	0.0	0.125	0.16666666666666666	aɪ̯ndɛmʊŋspʁot͡sɛs	aendɛmmʊŋspɾotsɛss	0.1111111111111111	0.2222222222222222
Einfasser	aɪnfasɐ	aɪnfasəʁ	aɪnfasɜ	aenfaszɐ	compound	einfasse|r	0.25	0.14285714285714285	0.25	aɪ̯nfasɐ	aenfaszɐ̯	0.125	0.3333333333333333
Einfuhrumsatzsteuer	aɪnfuːɐʊmzatsʃtɔʏɐ	aɪnfuɐʊmzatsʃtɔɪɐ	aɪnfurʊmzatsstɔøɜ	aenfuʁʊmzatɛstɔɔʏɐ	compound	einfuhr|umsatzsteuer	0.058823529411764705	0.23529411764705882	0.2777777777777778	aɪ̯nfuɐ̯ʊmzat͡sʃtɔɪ̯ɐ	aenfuɾʊmzatsstɔøɐ̯	0.23809523809523808	0.2777777777777778
Einfüßigkeit	aɪnfyːsɪckaɪt	aɪnfysɪckaɪt	aɪnfysɪckaɪt	aenfʏszɪkkəit	compound	ein|f|ü|ßig|keit	0.0	0.0	0.46153846153846156	aɪ̯nfysɪkkaɪ̯t	aenfyzɪkkəit	0.21428571428571427	0.4166666666666667
Eingreiftruppe	aɪnɡʁaɪftʁʊpə	aɪnɡʁaɪftʁʊpə	aɪnɡɾaɪftɾʊpə	aengʁaeftʁʊppə	compound	ein|greif|truppe	0.0	0.15384615384615385	0.2857142857142857	aɪ̯nɡʁaɪ̯ftʁʊpə	aengɾaeftɾʊppə	0.13333333333333333	0.42857142857142855
Eingreiftruppen	aɪnɡʁaɪftʀʊpn	aɪnɡʁaɪftʁʊpm	aɪnɡɾaɪftɾʊpən	aengʁaeftʁʊppən	compound	ein|greif|truppen	0.15384615384615385	0.21428571428571427	0.4	aɪ̯nɡʁaɪ̯ftʁʊpn̩	aengɾaeftɾʊppən	0.25	0.4666666666666667
Einguss	aɪnɡʊs	aɪnɡʊs	aɪnɡʊs	aengʊss	compound	ein|guss	0.0	0.0	0.42857142857142855	aɪ̯nɡʊs	aengʊss	0.14285714285714285	0.42857142857142855
Einheber	aɪnheːbɐ	aɪnhebəʁ	aɪnhebɜ	aenebɐ	compound	einhebe|r	0.25	0.14285714285714285	0.3333333333333333	aɪ̯nhebɐ	aenhebɐ̯	0.125	0.25
Einheitensystem	ʔaɪnhaɪtnzʏsteːm	aɪnhaɪtnzɪstem	aɪnhaɪtənzystem	aenəitɛnzʏstəm	compound	einheiten|system	0.07142857142857142	0.13333333333333333	0.42857142857142855	aɪ̯nhaɪ̯tn̩zʏstem	aenhaetɛnzʏstəm	0.17647058823529413	0.26666666666666666
Einholer	aɪnhoːlɐ	aɪnholəʁ	aɪnholɜ	aenolɐ	compound	einhole|r	0.25	0.14285714285714285	0.3333333333333333	aɪ̯nholɐ	aenholɐ̯	0.125	0.25
Einkaufsbeutel	aɪnkaʊfsbɔɪtl	aɪnkaʊfsbɔɪtl	aɪnkaʊfsbɔøtəl	aenkaofsbɔɔʏtel	compound	einkaufs|beutel	0.0	0.14285714285714285	0.3333333333333333	aɪ̯nkaʊ̯fsbɔɪ̯tl̩	aenkaofsbɔøtel	0.23529411764705882	0.2857142857142857
Einkaufskörbchen	aɪnkaʊfskœʁpcən	aɪnkaʊfskœʁpcən	aɪnkaʊfskœɾbcən	aenkaofskœʁbcən	compound	einkaufs|körbchen	0.0	0.13333333333333333	0.2	aɪ̯nkaʊ̯fskœʁpçən	aenkaofskœɾbçən	0.17647058823529413	0.3333333333333333
Einkocher	aɪnkɔxɐ	aɪnkɔxəʁ	aɪnkɔxɜ	aenkɔxɐ	compound	einkoche|r	0.25	0.14285714285714285	0.14285714285714285	aɪ̯nkɔxɐ	aenkɔxɐ̯	0.125	0.25
Einkochers	aɪnkɔxɐs	aɪnkɔxɐs	aɪnkɔxɜs	aenkɔxɛʁs	compound	ein|kochers	0.0	0.125	0.3333333333333333	aɪ̯nkɔxɐs	aenkɔxɛɾs	0.1111111111111111	0.3333333333333333
Einküchenhaus	aɪnkʏcnhaʊs	aɪnkʏcnhaʊs	aɪnkycənhaʊs	aenkʏcɛnaos	compound	ein|küchen|haus	0.0	0.16666666666666666	0.36363636363636365	aɪ̯nkʏçn̩haʊ̯s	aenkʏçɛnaos	0.2857142857142857	0.45454545454545453
Einlaufkind	ʔaɪnlaʊfkɪnt	aɪnlaʊfkɪnt	aɪnlaʊfkɪnt	aenlaofkɪnt	compound	einlauf|kind	0.0	0.0	0.18181818181818182	aɪ̯nlaʊ̯fkɪnt	aenlaofkɪnt	0.15384615384615385	0.18181818181818182
Einmacher	aɪnmaxɐ	aɪnmaxəʁ	aɪnmaxɜ	aenmaxɐ	compound	einmache|r	0.25	0.14285714285714285	0.14285714285714285	aɪ̯nmaxɐ	aenmaxɐ̯	0.125	0.25
Einmachers	aɪnmaxɐs	aɪnmaxeɐs	aɪnmaxɜs	aenmaxɛʁs	compound	einmach|ers	0.1111111111111111	0.125	0.3333333333333333	aɪ̯nmaxɐs	aenmaxɛɾs	0.1111111111111111	0.3333333333333333
Einreissen	aɪnʁaɪsən	aɪnnʁaɪsən	aɪnraɪsən	aenʁaeszən	compound	ein|reissen	0.1	0.1111111111111111	0.3	aɪ̯nnʁaɪsən	aenɾaeszən	0.18181818181818182	0.4
Einreißer	aɪnʁaɪsɐ	aɪnʁaɪsəʁ	aɪnraɪsɜ	aenʁaeszɐ	compound	einreiße|r	0.2222222222222222	0.25	0.3333333333333333	aɪ̯nʁaɪ̯sɐ	aenɾaesɐ̯	0.2	0.4444444444444444
Einsatztruppe	aɪnzatstʁʊpə	aɪnzatstʁʊpə	aɪnzatstɾʊpə	aenzatstʁʊppə	compound	einsatz|truppe	0.0	0.08333333333333333	0.15384615384615385	aɪ̯nzat͡stʁʊpə	aenzatstɾʊppə	0.14285714285714285	0.23076923076923078
Einsatzverband	aɪnzatsfɛɐbant	aɪnzatsfɛɐbant	aɪnzatsfɜbant	aenzatsvɛʁbant	compound	einsatz|verband	0.0	0.15384615384615385	0.21428571428571427	aɪ̯nzat͡sfɛɐ̯bant	aenzatsvɛɾbant	0.17647058823529413	0.21428571428571427
Einunddreißigeck	aɪnʊntdʁaɪsɪcɛk	aɪnʊndʁaɪsɪkɛk	aɪnʊndɾaɪsɪɡɛk	aenʊndʁaeszɪgɛk	compound	einunddreißig|eck	0.14285714285714285	0.21428571428571427	0.3333333333333333	aɪ̯nʊntdʁaɪ̯sɪɡək	aenʊndɾaejaegɛk	0.23529411764705882	0.5333333333333333
Einunddreißigecke	aɪnʊntdʁaɪsɪcɛkə	aɪnʊndʁaɪsɪkɛkə	aɪnʊndɾaɪsɪɡɛkə	aenʊndʁaeszɪgɛkə	compound	einunddreißig|ecke	0.13333333333333333	0.2	0.3125	aɪ̯nʊntdʁaɪ̯sɪɡəd͡ʒɛkə	aenʊndɾaejigɛkə	0.3181818181818182	0.4666666666666667
Einunddreißigeckes	aɪnʊntdʁaɪsɪcɛkəs	aɪnʊndʁaɪsɪkɛkəs	aɪnʊndɾaɪsɪɡɛkəs	aenʊndʁaeszɪgɛkəs	compound	einunddreißig|eckes	0.125	0.1875	0.29411764705882354	aɪ̯nʊntdʁaɪ̯sɪɡəɛkəs	aenʊndɾaejigɛkəs	0.2	0.4375
Einunddreißigecks	aɪnʊntdʁaɪsɪcɛks	aɪnʊndʁaɪsɪkɛks	aɪnʊndɾaɪsɪɡɛks	aenʊndʁaeszɪgɛks	compound	einunddreißig|ecks	0.13333333333333333	0.2	0.3125	aɪ̯nʊntdʁaɪ̯sɪɡəɛks	aenʊndɾaejigɛks	0.21052631578947367	0.4666666666666667
Einunddreißigstel	aɪnʊntdʁaɪsɪcstəl	aɪnʊntdʁaɪsɪkstəl	aɪnʊndɾaɪsɪcstəl	aenʊndʁaeszɪgstəl	compound	einunddreißigste|l	0.058823529411764705	0.125	0.29411764705882354	aɪ̯nʊntdʁaɪ̯sɪkstl̩	aenʊnddɾaeʃɪgstel	0.2631578947368421	0.4117647058823529
Einunddreißigstels	aɪnʊntdʁaɪsɪcstəls	aɪnʊntdʁaɪsɪkstəls	aɪnʊndɾaɪsɪcstəls	aenʊndʁaeszɪgstɛls	compound	einunddreißigste|l|s	0.05555555555555555	0.11764705882352941	0.3333333333333333	aɪ̯nʊntdʁaɪ̯sɪkstl̩s	aenʊnddɾaeʃɪgstɛls	0.25	0.3888888888888889
Einundfünfzigeck	aɪnʊntfʏnftsɪcɛk	aɪnʊntfʏnftsɪkɛk	aɪnʊntfynftsɪɡɛk	aenʊntfʏnftsɪgɛk	compound	einundfünfzig|eck	0.0625	0.125	0.125	aɪ̯nʊntfʏnft͡sɪkɛk	aenʊntfʏnftsigɛk	0.16666666666666666	0.1875
Einundfünfzigecke	aɪnʊntfʏnftsɪcɛkə	aɪnʊntfʏnftsɪkɛkə	aɪnʊntfynftsɪɡɛkə	aenʊntfʏnftsɪgɛkə	compound	einundfünfzig|ecke	0.058823529411764705	0.11764705882352941	0.11764705882352941	aɪ̯nʊntfʏnft͡sɪkɛkə	aenʊntfʏnftsigɛkə	0.15789473684210525	0.17647058823529413
Einundfünfzigeckes	aɪnʊntfʏnftsɪcɛkəs	aɪnʊntfʏnftsɪkɛkəs	aɪnʊntfynftsɪɡɛkəs	aenʊntfʏnftsɪgɛkəs	compound	einundfünfzig|eckes	0.05555555555555555	0.1111111111111111	0.1111111111111111	aɪ̯nʊntfʏnft͡sɪkɛkəs	aenʊntfʏnftsigɛkəs	0.15	0.16666666666666666
Einundfünfzigecks	aɪnʊntfʏnftsɪcɛks	aɪnʊntfʏnftsɪkɛks	aɪnʊntfynftsɪɡɛks	aenʊntfʏnftsɪgɛks	compound	einundfünfzig|ecks	0.058823529411764705	0.11764705882352941	0.11764705882352941	aɪ̯nʊntfʏnft͡sɪkɛks	aenʊntfʏnftsigɛks	0.15789473684210525	0.17647058823529413
Einundfünfzigjährige	aɪnʊntfʏnftsɪcjɛːʁɪɡə	aɪnʊntfʏnftsɪkjɛʁɪɡə	aɪnʊntfynftsɪɡjɛrɪɡə	aenʊntfʏnftsɪkjɛʁɪgə	compound	einundfünfzig|jährige	0.05	0.15	0.15	aɪ̯nʊntfʏnft͡sɪkjɛʁɪɡə	aenʊntfʏnftsɪkjɛɾɪgə	0.13636363636363635	0.2
Einundfünfzigjähriger	aɪnʊntfʏnftsɪcjɛːʁɪɡɐ	aɪnʊntfʏnftsɪkjɛʁɪɡɐ	aɪnʊntfynftsɪɡjɛrɪɡɜ	aenʊntfʏnftsɪkjɛʁɪgɐ	compound	einundfünfzig|jähriger	0.05	0.2	0.15	aɪ̯nʊntfʏnft͡sɪkjɛʁɪɡɐ	aenʊntfʏnftsɪkjɛɾɪgɐ̯	0.13636363636363635	0.23809523809523808
Einundfünfzigstel	aɪnʊntfʏnftsɪcstəl	aɪnʊntfʏnftsɪkstəl	aɪnʊntfynftsɪcstəl	aenʊntfʏnftsɪgstəl	compound	einundfünfzig|ste|l	0.05555555555555555	0.05555555555555555	0.1111111111111111	aɪ̯nʊntfynft͡sɪçstəl	aenʊntfʏnftsɪgstel	0.2	0.16666666666666666
Einundvierzigstel	aɪnʊntfɪʁtsɪcstəl	aɪnʊntfɪʁtsɪkstəl	aɪnʊndviɾtsɪcstəl	aenʊntviʁtsɪgstəl	compound	einundvierzigste|l	0.058823529411764705	0.23529411764705882	0.23529411764705882	aɪ̯nʊntfɪʁt͡sɪkstl̩	aenʊntviɾtsɪgstel	0.2631578947368421	0.35294117647058826
Einundvierzigstels	aɪnʊntfɪʁtsɪcstəls	aɪnʊntfɪʁtsɪkstəls	aɪnʊndviɾtsɪcstəls	aenʊntviʁtsɪgstɛls	compound	einundvierzigste|l|s	0.05555555555555555	0.2222222222222222	0.2777777777777778	aɪ̯nʊntfɪʁt͡sɪkstl̩s	aenʊntviɾtsɪgstɛls	0.25	0.3333333333333333
Einundzwanzigstel	aɪnʊnttsvantsɪcstəl	aɪnʊnttsvantsɪkstəl	aɪnʊnttsvantsɪcstəl	aenʊnttsvantsɪgstəl	compound	einundzwanzigste|l	0.05263157894736842	0.0	0.10526315789473684	aɪ̯nʊntt͡svant͡sɪkstəl	aenʊnttsvantsɪgstel	0.18181818181818182	0.15789473684210525
Einundzwanzigstels	aɪnʊnttsvantsɪcstəls	aɪnʊnttsvantsɪkstəls	aɪnʊnttsvantsɪcstəls	aenʊnttsvantsɪgstɛls	compound	einundzwanzigste|l|s	0.05	0.0	0.15	aɪ̯nʊntt͡svant͡sɪkstəls	aenʊnttsvantsɪgstɛls	0.17391304347826086	0.15
Einwecker	aɪnvɛkɐ	aɪnvɛkəʁ	aɪnvɛkɜ	aenvɛkɐ	compound	einwecke|r	0.25	0.14285714285714285	0.14285714285714285	aɪ̯nvɛkɐ	aenvɛkɐ̯	0.125	0.25
Einweckers	aɪnvɛkɐs	aɪnvɛkɐs	aɪnvɛkɜs	aenvɛkɛʁs	compound	ein|weckers	0.0	0.125	0.3333333333333333	aɪ̯nvɛkɐs	aenvɛkɛɾs	0.1111111111111111	0.3333333333333333
Einwegbesteck	aɪnveːkbəʃtɛk	aɪnvekbəʃtɛk	aɪnvɛɡbɛstɛk	aenvɛkbəʃtɛk	compound	ein|weg|besteck	0.0	0.3333333333333333	0.16666666666666666	aɪ̯nvekbəʃtɛk	aenvɛkbəʃtɛk	0.07692307692307693	0.16666666666666666
Einwegbestecke	aɪnveːkbəʃtɛkə	aɪnvekbəʃtɛkə	aɪnvɛɡbɛstɛkə	aenvɛkbəʃtɛkə	compound	ein|weg|bestecke	0.0	0.3076923076923077	0.15384615384615385	aɪ̯nvekbəʃtɛkə	aenvɛkbəʃtɛkə	0.07142857142857142	0.15384615384615385
Einwegbesteckes	aɪnveːkbəʃtɛkəs	aɪnvekbəʃtɛkəs	aɪnvɛɡbɛstɛkəs	aenvɛkbəʃtɛkəs	compound	ein|weg|besteckes	0.0	0.2857142857142857	0.14285714285714285	aɪ̯nvekbəʃtɛkəs	aenvɛkbəʃtɛkəs	0.06666666666666667	0.14285714285714285
Einwegbestecks	aɪnveːkbəʃtɛks	aɪnvekbəʃtɛks	aɪnvɛɡbɛstɛks	aenvɛkbəʃtɛks	compound	ein|weg|bestecks	0.0	0.3076923076923077	0.15384615384615385	aɪ̯nvekbəʃtɛks	aenvɛkbəʃtɛks	0.07142857142857142	0.15384615384615385
Einwegmesser	aɪnveːkmɛsɐ	aɪnvekmɛsɜ	aɪnvɛɡmɛsɜ	aenvɛkmɛszɐ	compound	ein|wegmesser	0.1	0.3	0.2727272727272727	aɪ̯nvekmɛsɐ	aenvɛkmɛszɐ̯	0.09090909090909091	0.3333333333333333
Einwohnergemeinde	aɪnvoːnɐɡəmaɪndə	aɪnvonɐɡəmaɪndə	aɪnvonɜɡemaɪndə	aenvonɛʁgəmaendə	compound	einwohner|gemeinde	0.0	0.13333333333333333	0.3125	aɪ̯nvonɐɡəmaɪ̯ndə	aenvonɛɾgemaendə	0.11764705882352941	0.375
Eisbearbeitungsmaschine	aɪsbəʔaʁbaɪtʊŋsmaʃiːnə	eɪsbəaʁbaɪtʊŋsmaʃinə	aɪsbeaɾbaɪtʊŋsmaʃinə	aesbəaʁbəitʊŋsmaʃɪnə	compound	eis|bearbeitung|s|maschine	0.05	0.1	0.2	aɪ̯sbəaʁbaɪ̯tʊŋsmaʃinə	aesbeaɾbaetʊŋsmaʃɪnə	0.09090909090909091	0.25
Eisenschraube	aɪzənʃʁaʊbə	aɪznʃʁaʊbə	aɪzənʃraʊbə	aezɛnstsʁaobə	compound	eisen|schraube	0.1	0.09090909090909091	0.46153846153846156	aɪ̯zn̩ʃʁaʊ̯bə	aezɛnstsɾaobə	0.3076923076923077	0.5384615384615384
Eislaufmutti	aɪslaʊfmʊti	aɪslaʊfmʊti	aɪslaʊfmʊti	aeslaofmʊti	compound	eislauf|mutti	0.0	0.0	0.18181818181818182	aɪ̯slaʊ̯fmʊti	aeslaofmʊti	0.15384615384615385	0.18181818181818182
Eiterfluss	aɪtɐflʊs	aɪtɐflʊs	aɪtɜflʊs	aetɛʁflʊss	compound	eiter|fluss	0.0	0.125	0.4	aɪ̯tɐflʊs	aetɛɾflʊss	0.1111111111111111	0.4
Eiweißfällung	aɪvaɪsfɛlʊŋ	aɪvaɪsfɛlʊŋ	aɪvaɪsfɛlʊŋ	aevaessfɛllʊŋ	compound	eiweiß|fällung	0.0	0.0	0.3076923076923077	aɪ̯vaɪ̯sfɛlʊŋ	aevaesfɛllʊŋ	0.15384615384615385	0.25
Eiweißfällungen	aɪvaɪsfɛlʊŋən	aɪvaɪsfɛlʊŋən	aɪvaɪsfɛlʊŋən	aevaessfɛllʊŋən	compound	eiweiß|fällungen	0.0	0.0	0.26666666666666666	aɪ̯vaɪ̯sfɛlʊŋən	aevaeCfɛllʊŋən	0.13333333333333333	0.2857142857142857
Eiweißsynthese	aɪvaɪszʏnteːzə	aɪvaɪszʏntezə	aɪvaɪszyntəsə	aevaesszʏntəsə	compound	eiweiß|synthese	0.0	0.23076923076923078	0.35714285714285715	aɪ̯vaɪ̯szʏntezə	aevaeszʏntəsə	0.13333333333333333	0.3076923076923077
Ekuador	ekuadoːɐ	ekuadoʁ	ekuɑdoɾ	ekuadoʁ	compound	ek|u|ado|r	0.14285714285714285	0.2857142857142857	0.14285714285714285	eku̯adoɐ̯	ekuɑdoɾ	0.2222222222222222	0.2857142857142857
Elbenjungfrau	ɛlbənjʊŋfʁaʊ	ɛlbənjʊŋfʁaʊ	ɛlbənjʊŋfraʊ	ɛlbɛnjʊŋfʁao	compound	elben|jungfrau	0.0	0.08333333333333333	0.16666666666666666	ɛlbn̩jʊŋfʁaʊ̯	ɛlbɛnjʊŋfɾao	0.23076923076923078	0.25
Elbenjungfrauen	ɛlbənjʊŋfʁaʊən	ɛlbənjʊŋfʁaʊən	ɛlbənjʊŋfraʊən	ɛlbɛnjʊŋfʁaoən	compound	elben|jungfrauen	0.0	0.07142857142857142	0.14285714285714285	ɛlbn̩jʊŋfʁaʊ̯ən	ɛlbɛnjʊŋfɾaoən	0.2	0.21428571428571427
Elbenkönig	ɛlbənkøːnɪc	ɛlbənkønɪk	ɛlbənkønɪc	ɛlbɛŋkɔʏnɪc	compound	elben|könig	0.1	0.0	0.36363636363636365	ɛlbn̩kønɪk	ɛlbɛŋkønɪç	0.3	0.3
Elbenkönigin	ɛlbənkøːnɪɡɪn	ɛlbənkønɪɡɪn	ɛlbənkønɪɡɪn	ɛlbɛŋkɔʏnigɪn	compound	elben|königin	0.0	0.0	0.46153846153846156	ɛlbn̩kønɪɡɪn	ɛlbɛŋkønɪgɪn	0.16666666666666666	0.25
Elbenland	ɛlbənlant	ɛlbənlant	ɛlbənlant	ɛlbənlant	compound	elben|land	0.0	0.0	0.0	ɛlbn̩lant	ɛlbɛnlant	0.2222222222222222	0.1111111111111111
Elektroladen	eːlɛktʁolaːdən	elɛktʁoladn	elɛktɾolɑdən	elɛktʁoladən	compound	elektro|laden	0.09090909090909091	0.16666666666666666	0.0	elɛktʁoladn̩	elɛktɾolɑdən	0.16666666666666666	0.16666666666666666
Elektronenaffinität	elɛktʁoːnənafinitɛːt	elɛktʁonənafinitɛt	elɛktɾonenafɪnitɛt	elɛktʁonenaffinitɛt	compound	elektronen|affinität	0.0	0.16666666666666666	0.10526315789473684	elɛktʁonənafinitɛt	elɛktɾonenaffinitɛt	0.0	0.15789473684210525
Elfeckpyramide	ɛlfɛkpyʁamiːdə	ɛlfɛkpyʁamidə	ɛlfɛkpyramidə	ɛlfɛkpyʁamidə	compound	elfeck|pyramide	0.0	0.07692307692307693	0.0	ɛlfɛkpyʁamidə	ɛlfɛkpyɾɑmidə	0.0	0.15384615384615385
Elfeckpyramiden	ɛlfɛkpyʁamiːdən	ɛlfɛkpyʁamidən	ɛlfɛkpyramidən	ɛlfɛkpyʁamidən	compound	elfeck|pyramiden	0.0	0.07142857142857142	0.0	ɛlfɛkpyʁamidn̩	ɛlfɛkpyɾɑmidən	0.14285714285714285	0.14285714285714285
Elfflächner	ɛlfflɛcnɐ	ɛlfflɛcnɐ	ɛlflɛcnɜ	ɛlfflɛcnɐ	compound	elf|fl|ä|ch|ner	0.0	0.25	0.0	ɛlfflɛçnɐ	ɛlfflɛçnɐ̯	0.1111111111111111	0.2
Emaillefarbe	emaljəfaʁbə	emaljəfaɐbə	emaɪlefaɾbə	emaɪllefaʁbə	compound	emaille|farbe	0.09090909090909091	0.36363636363636365	0.25	emaljəfaʁbə	emaellefaɾbə	0.0	0.3333333333333333
Emigrantenliteratur	emiɡʁantnlɪtəʁatuːɐ	emiɡʁantnlɪtəʁatuɐ	emɪɡɾantənliteratuɾ	emɪgʁantɛnliteʁatuɐ	compound	emigranten|literatur	0.0	0.3684210526315789	0.2631578947368421	emiɡʁantn̩lɪtəʁatuɐ̯	emɪgɾantɛnliteɾɑtuɐ	0.1	0.42105263157894735
Empfangsgebäude	ʔɛmpfaŋsɡəbɔʏdə	ɛmpfaŋsɡəbɔɪdə	ɛmpfaŋsɡebɔødə	ɛmpfaŋsgebɔɔʏdə	compound	empfangs|gebäude	0.07142857142857142	0.14285714285714285	0.2	ɛmp͡faŋsɡəbɔɪ̯də	ɛmpfaŋsgebɔødə	0.1875	0.21428571428571427
Emporheber	ɛmpoːɐheːbɐ	ɛmpoɐhebəʁ	ɛmpɔɾhebɜ	ɛmpɔʁebɐ	compound	emporhebe|r	0.2	0.3333333333333333	0.375	ɛmpoɐ̯hebɐ	ɛmpɔɾebɐ̯	0.1	0.4444444444444444
Endgeschwindigkeit	ɛntɡəʃvɪndɪckaɪt	ɛntɡəʃvɪndɪkaɪt	ɛntɡəʃvɪndɪckaɪt	ɛntgɛʃvɪndɪkkəit	compound	end|geschwindigkeit	0.06666666666666667	0.0	0.3125	ɛntɡəʃvɪndɪkkaɪ̯t	ɛntgɛʃvɪndɪkkəit	0.11764705882352941	0.3125
Endokrinologe	ɛndokʁinoloːɡə	ɛndokʁinoloʒə	ɛndokɾinoloɡə	ɛndɔkʁinologə	compound	endokrin|o|loge	0.07692307692307693	0.07692307692307693	0.15384615384615385	ɛndokʁinoloɡə	ɛndɔkɾinologə	0.0	0.23076923076923078
Engegefühl	ɛŋəɡəfyːl	ɛŋəɡəfyl	ɛŋeɡefyl	ɛŋegefyl	compound	enge|gefühl	0.0	0.25	0.375	ɛŋəɡəfyl	ɛŋegefyl	0.0	0.375
Engelbrecht	ɛŋlbʁɛct	ɛŋlbʁɛct	ɛŋəlbɾɛct	ɛŋɛlbʁɛct	compound	engel|brecht	0.0	0.2222222222222222	0.1111111111111111	ɛŋl̩bʁɛçt	ɛŋɛlbrɛçt	0.2222222222222222	0.3333333333333333
Entenbrust	ɛntnbʁʊst	ɛntnbʁʊst	ɛntənbɾʊst	ɛntɛnbʁʊst	compound	enten|brust	0.0	0.2	0.1	ɛntn̩bʁʊst	ɛntɛnbrʊst	0.1	0.2
Entenhausen	ɛntnhaʊzn	ɛntnhaʊzn	ɛntənhaʊzən	ɛntɛnaozən	compound	enten|hausen	0.0	0.18181818181818182	0.4	ɛntn̩haʊ̯zn̩	ɛntɛnhaozən	0.25	0.2727272727272727
Ententanz	ɛntntants	ɛntntants	ɛntəntants	ɛntɛntants	compound	enten|tanz	0.0	0.1	0.1	ɛntn̩tant͡s	ɛntɛntants	0.18181818181818182	0.1
Entheber	ɛntheːbɐ	ɛnthebəʁ	ɛnthebɜ	ɛntebɐ	compound	enthebe|r	0.25	0.14285714285714285	0.16666666666666666	ɛnthebɐ	ɛnthebɐ̯	0.0	0.125
Enthärtung	ɛnthɛʁtʊŋ	ɛnthɛʁtʊŋ	ɛnthɛɾtʊŋ	ɛntɛʁtʊŋ	compound	ent|härtung	0.0	0.1111111111111111	0.125	ɛnthɛʁtʊŋ	ɛnthɛɾtʊŋ	0.0	0.1111111111111111
Entlastungsprogramm	ʔɛntlastʊŋspʁoɡʁam	ɛntlastʊŋspʁoɡʁam	ɛntlastʊŋʃpɾɔɡɾam	ɛntlastʊŋspʁɔgʁamm	compound	entlastung|s|programm	0.0	0.23529411764705882	0.16666666666666666	ɛntlastʊŋspʁoɡʁam	ɛntlastʊŋspɾɔgɾamm	0.0	0.2777777777777778
Entlastungsprogramme	ɛntlastʊŋspʁoɡʁamə	ɛntlastʊŋspʁoɡʁamə	ɛntlastʊŋʃpɾɔɡɾamə	ɛntlastʊŋspʁɔgʁammə	compound	entlastung|s|programme	0.0	0.2222222222222222	0.15789473684210525	ɛntlastʊŋspʁoɡʁamə	ɛntlastʊŋspɾɔgɾammə	0.0	0.2631578947368421
Entlastungsprogrammen	ɛntlastʊŋspʁoɡʁamən	ɛntlastʊŋspʁoɡʁamən	ɛntlastʊŋʃpɾɔɡɾamən	ɛntlastʊŋspʁɔgʁammən	compound	entlastung|s|programmen	0.0	0.21052631578947367	0.15	ɛntlastʊŋspʁoɡʁamən	ɛntlastʊŋspɾɔgɾammən	0.0	0.25
Entlastungsprogrammes	ɛntlastʊŋspʁoɡʁaməs	ɛntlastʊŋspʁoɡʁaməs	ɛntlastʊŋʃpɾɔɡɾaməs	ɛntlastʊŋspʁɔgʁamməs	compound	entlastung|s|programmes	0.0	0.21052631578947367	0.15	ɛntlastʊŋspʁoɡʁaməs	ɛntlastʊŋspɾɔgɾamməs	0.0	0.25
Entlastungsprogramms	ɛntlastʊŋspʁoɡʁams	ɛntlastʊŋspʁoɡʁams	ɛntlastʊŋʃpɾɔɡɾams	ɛntlastʊŋspʁɔgʁamms	compound	entlastung|s|programms	0.0	0.2222222222222222	0.15789473684210525	ɛntlastʊŋspʁoɡʁams	ɛntlastʊŋspɾɔgɾamms	0.0	0.2631578947368421
Entlaubungen	ʔɛntlaʊbʊŋən	ɛntlaʊpʊŋən	ɛntlaʊbʊŋən	ɛntlaobʊŋən	compound	entlaub|ungen	0.09090909090909091	0.0	0.09090909090909091	ɛntlaʊ̯bʊŋən	ɛntlaobʊŋən	0.08333333333333333	0.09090909090909091
Entmilitarisierer	ɛntmilitaʁiziːʁɐ	ɛntmilitaʁiziʁəʁ	ɛntmilitɑrizirɜ	ɛntmilitaʁiziɐɐ	compound	entmilitarisiere|r	0.125	0.26666666666666666	0.06666666666666667	ɛntmilitaʁiziʁɐ	ɛntmilitɑɾiziɐ̯ɐ̯	0.0	0.29411764705882354
Entreissen	ɛntʁaɪsən	ɛntnʁaɪsən	ɛntɾaɪsən	ɛntʁaeszən	compound	ent|reissen	0.1	0.1111111111111111	0.2	ɛntʁəɪsn̩	ɛntɾaeszən	0.3333333333333333	0.3
Entscheidungsgewalt	ɛntʃaɪdʊŋsɡəvalt	ɛntʃaɪdʊŋsɡəvalt	ɛntʃaɪdʊŋsɡəvalt	ɛntʃaedʊŋsgevalt	compound	entscheidungs|gewalt	0.0	0.0	0.1875	ɛntʃaɪdʊŋsɡəvalt	ɛntʃaedʊŋsgevalt	0.0	0.1875
Entscheidungsproblem	ɛntʃaɪdʊŋspʁobleːm	ɛntʃaɪdʊŋspʁoblem	ɛntʃaɪdʊŋʃpɾɔbləm	ɛntʃaedʊŋspʁɔbləm	compound	entscheidungs|problem	0.0	0.23529411764705882	0.17647058823529413	ɛntʃaɪ̯dʊŋspʁoblem	ɛntʃaedʊŋspɾɔbləm	0.05555555555555555	0.23529411764705882
Entscheidungsprobleme	ɛntʃaɪdʊŋspʁobleːmə	ɛntʃaɪdʊŋspʁoblemə	ɛntʃaɪdʊŋʃpɾɔblemə	ɛntʃaedʊŋspʁɔbləmə	compound	entscheidungs|probleme	0.0	0.16666666666666666	0.16666666666666666	ɛntʃaɪ̯dʊŋspʁoblemə	ɛntʃaedʊŋspɾɔbləmə	0.05263157894736842	0.2222222222222222
Entscheidungsproblemen	ɛntʃaɪdʊŋspʁobleːmən	ɛntʃaɪdʊŋspʁoblemən	ɛntʃaɪdʊŋʃpɾɔblemən	ɛntʃaedʊŋspʁɔbləmən	compound	entscheidungs|problemen	0.0	0.15789473684210525	0.15789473684210525	ɛntʃaɪ̯dʊŋspʁoblemən	ɛntʃaedʊŋspɾɔbləmən	0.05	0.21052631578947367
Entscheidungsproblems	ɛntʃaidʊŋspʁobleːms	ɛntʃaɪdʊŋspʁoblems	ɛntʃaɪdʊŋʃpɾɔblems	ɛntʃaedʊŋspʁɔblɛms	compound	entscheidungs|problems	0.05555555555555555	0.2222222222222222	0.16666666666666666	ɛntʃaɪ̯dʊŋspʁoblems	ɛntʃaedʊŋspɾɔblɛms	0.10526315789473684	0.2222222222222222
Entschleuniger	ɛntʃlɔɪnɪɡɐ	ɛntʃlɔɪnɪɡəʁ	ɛntʃlɔønɪɡɜ	ɛntʃlɔɔʏnɪgɐ	compound	entschleunige|r	0.16666666666666666	0.18181818181818182	0.25	ɛntʃlɔɪ̯nɪɡɐ	ɛntʃlɔønɪgɐ̯	0.08333333333333333	0.25
Entspannungsübung	ɛntʃpanʊŋsyːbʊŋ	ɛntʃpanʊŋsybʊŋ	ɛntʃpanʊŋsybʊŋ	ɛntspannʊŋzybʊŋ	compound	entspannung|s|übung	0.0	0.0	0.2	ɛntʃpanʊŋsybʊŋ	ɛntʃpannʊŋzybʊŋ	0.0	0.13333333333333333
Entspiegelung	ɛntʃpiːɡəlʊŋ	ɛntʃpiɡəlʊŋ	ɛntʃpiɡəlʊŋ	ɛntʃpigelʊŋ	compound	ent|spiegelung	0.0	0.0	0.18181818181818182	ɛntʃpiɡəlʊŋ	ɛntʃpigelʊŋ	0.0	0.18181818181818182
Entspiegelungsbeschichtung	ɛntʃpiːɡəlʊŋsbəʃɪctʊŋ	ɛntʃpiɡəlʊŋsbəʃɪctʊŋ	ɛntʃpiɡəlʊŋsbəʃɪctʊŋ	ɛntʃpigelʊŋsbəʃɪctʊŋ	compound	ent|spiegelung|s|beschichtung	0.0	0.0	0.1	ɛntʃpiɡəlʊŋsbəʃɪçtʊŋ	ɛntʃpigelʊŋsbɛʃɪçtʊŋ	0.05	0.2
Entzündungsaktivität	ɛnttsʏndʊŋsaktivitɛːt	ɛnttsʏndʊŋsaktivitɛt	ɛnttsyndʊŋsaktivitɛt	ɛnttsʏndʊŋzaktivitɛt	compound	entzündung|s|aktivität	0.0	0.05	0.05	ɛntt͡sʏndʊŋsaktivitɛt	ɛnttsʏndʊŋzaktivitɛt	0.047619047619047616	0.05
Ephraim	eːfʁaɪm	ɛfʁaɪm	efraɪm	ɛfʁaɪm	compound	eph|ra|im	0.16666666666666666	0.16666666666666666	0.16666666666666666	ɛfʁaɪm	ɛfɾaem	0.16666666666666666	0.5
Epochenjahrs	epɔχənjaːɐs	epɔχənjars	epɔxɛnjɑɾs	epɔxɛnjaʁs	compound	epochenjahr|s	0.1	0.4	0.3	epɔxn̩jaɐ̯s	epɔxɛnjɑɾs	0.36363636363636365	0.4
Erbland	ɛʁblant	ɛʁplant	ɛɾblant	ɛɐblant	compound	erb|land	0.14285714285714285	0.14285714285714285	0.14285714285714285	ɛʁplant	ɛɐblant	0.14285714285714285	0.14285714285714285
Erbpachten	ɛʁppaxtn	ɛʁppaxtn	ɛɾppaxtən	ɛɐppaxtən	compound	erb|pachten	0.0	0.2222222222222222	0.2222222222222222	ɛʁppaxtn̩	ɛɐppaxtən	0.1111111111111111	0.2222222222222222
Erdeicheln	eːɐtʔaɪcln	eɐtaɪcln	ɛɾdaɪcəln	ɛɐdaecɛln	compound	erd|eicheln	0.0	0.4444444444444444	0.4444444444444444	eɐ̯taɪ̯çl̩n	ɛɐdaeçɛln	0.36363636363636365	0.5555555555555556
Erdenrunde	eːɐdnʁʊndə	eɐdnʁʊndə	ɛɾdɛnrʊndə	ɛɐdɛnʁʊndə	compound	erden|runde	0.0	0.4	0.2	eɐ̯dn̩ʁʊndə	ɛɐdɛnɾʊndə	0.18181818181818182	0.3
Erdenrundes	eːɐdnʁʊndəs	eɐdnʁʊndəs	ɛɾdɛnrʊndəs	ɛɐdɛnʁʊndəs	compound	erden|rundes	0.0	0.36363636363636365	0.18181818181818182	eɐ̯dn̩ʁʊndəs	ɛɐdɛnɾʊndəs	0.16666666666666666	0.2727272727272727
Erdenrunds	eːɐdnʁʊnts	eɐdnʁʊnts	ɛɾdɛnrʊnts	ɛɐdɛnʁʊnts	compound	erden|runds	0.0	0.4	0.2	eɐ̯dn̩ʁʊnt͡s	ɛɐdɛnɾʊnts	0.25	0.3
Erdhörnchen	ɛʁthœʁncən	eɐthœʁncən	ɛɾthœɾncən	ɛɐtɔʏʁncən	compound	erd|hörnchen	0.2	0.2	0.3	eɐ̯thœʁnçən	ɛɐtœɾnçən	0.36363636363636365	0.4444444444444444
Erfolgsfaktor	ɛʁfɔlksfaktoːɐ	ɛɐfɔlksfaktoɐ	ɛɾfɔlksfaktoɾ	ɛɐfɔlksfaktoʁ	compound	erfolgs|faktor	0.07692307692307693	0.15384615384615385	0.15384615384615385	ɛɐ̯fɔlksfaktoɐ̯	ɛɐfɔlksfaktoɾ	0.2	0.15384615384615385
Erkraftungen	ʔɛɐkʁaftʊŋən	ɛɐkʁaftʊŋɛn	ɛɾkɾaftʊŋən	ɛɐkʁaftʊŋən	compound	erkraftung|en	0.09090909090909091	0.18181818181818182	0.0	ɛɐ̯kʁaftʊŋən	ɛɐkɾaftʊŋən	0.08333333333333333	0.09090909090909091
Ersatzfahrplan	ʔɛɐzatsfaːɐplaːn	ɛɐzatsfaɐplan	ɛɾzatsfɑɾplɑn	ɛɐzatsfaʁplan	compound	ersatz|fahrplan	0.0	0.3076923076923077	0.07692307692307693	ɛɐ̯zat͡sfaɐ̯plan	ɛɐzatsfɑɾplan	0.1875	0.15384615384615385
Erstgeburt	eːɐstɡəbuːɐt	eɐstɡəbuɐt	ɛɾstɡəb??t	ɛɐʃtgebʊʁt	compound	erst|geburt	0.0	0.4	0.6	eɐ̯stɡəbuɐ̯t	ɛɐʃtgebʊɾt	0.16666666666666666	0.6
Erstrangigkeit	eːɐstʁaŋɪckaɪt	eɐstʁaŋɪkaɪt	ɛɾʃtɾaŋɪckaɪt	ɛɐʃtʁaŋɪkkəit	compound	erstrangig|keit	0.08333333333333333	0.3076923076923077	0.38461538461538464	eɐ̯stʁaŋɪkkaɪ̯t	ɛɐʃtɾaŋɪkkəit	0.2	0.46153846153846156
Erstversorger	ɛʁstfɛɐzɔʁɡɐ	eɐstfɛɐzɔʁɡəʁ	ɛɾstfɛɾzɔɾɡɜ	ɛɐʃtvɛʁzɔʁgɐ	compound	erstversorge|r	0.3076923076923077	0.3333333333333333	0.4166666666666667	eɐ̯stfɛʁzɔʁɡɐ	ɛɐʃtvɛɾzɔɾgɐ̯	0.3076923076923077	0.5384615384615384
Erteiler	ɛɐtaɪlɐ	ɛɐtaɪləʁ	ɛɾtaɪlɜ	ɛɐtaelɐ	compound	erteile|r	0.25	0.2857142857142857	0.14285714285714285	ɛɐ̯taɪ̯lɐ	ɛɐtəilɐ̯	0.2222222222222222	0.375
Erwägungsgrund	ɛɐvɛːɡʊŋsɡrʊnt	ɛɐvɛɡʊŋsɡʁʊnt	ɛɾvɛɡʊŋsɡɾʊnt	ɛɐvɛgʊŋzgʁʊnt	compound	erwägung|s|grund	0.07692307692307693	0.15384615384615385	0.3076923076923077	ɛɐ̯vɛɡʊŋsɡʁʊnt	ɛɐvɛgʊŋzgɾʊnt	0.14285714285714285	0.3076923076923077
Erwägungsgrunde	ɛɐvɛːɡʊŋsɡʁʊndə	ɛɐvɛɡʊŋsɡʁʊndə	ɛɾvɛɡʊŋsɡɾʊndə	ɛɐvɛgʊŋzgʁʊndə	compound	erwägung|s|grunde	0.0	0.14285714285714285	0.21428571428571427	ɛɐ̯vɛɡʊŋsɡʁʊndə	ɛɐvɛgʊŋzgɾʊndə	0.06666666666666667	0.2857142857142857
Erwägungsgründen	ɛɐvɛːɡʊŋsɡʁʏndɐn	ɛɐvɛɡʊŋsɡʁʏndn	ɛɾvɛɡʊŋsɡɾyndən	ɛɐvɛgʊŋzgʁʏndən	compound	erwägung|s|gründen	0.07142857142857142	0.26666666666666666	0.26666666666666666	ɛɐ̯vɛɡʊŋsɡʁʏndn̩	ɛɐvɛgʊŋzgɾʏndən	0.1875	0.3333333333333333
Erythräa	eʁytʁɛːa	eʁytʁɛa	ɛɾytɾɛɑ	ɛɐytʁɛa	compound	erythr|ä|a	0.0	0.5714285714285714	0.2857142857142857	eʁytʁɛa	ɛɐʏtɾɛɑ	0.0	0.7142857142857143
Erzherzogshut	eːɐtshɛʁtsoːkshuːt	eɐtshɛʁtsokshut	ɛɾtshɛɾtsɔkshut	ɛɐtseɐtsɔksut	compound	erzherzogs|hut	0.0	0.26666666666666666	0.46153846153846156	eɐ̯t͡shɛʁt͡soksʃut	ɛɐtshɛɾtsɔksut	0.2222222222222222	0.2857142857142857
Erzherzogshütchen	eːɐtshɛʁtsoːkshyːtcn	eɐtshɛʁtsokshytcən	ɛɾtshɛɾtsɔkshytcən	ɛɐtseɐtsɔksʏtcən	compound	erzherzogs|hütchen	0.05555555555555555	0.2777777777777778	0.5	eɐ̯t͡shɛʁt͡sokshytçən	ɛɐtshɛɾtsɔksʏtçən	0.23809523809523808	0.4117647058823529
Erzherzogtum	eːɐtshɛʁtsoːktuːm	eɐtshɛʁtsoktum	ɛɾtshɛɾtsɔktum	ɛɐtseɐtsɔktum	compound	erz|herzogtum	0.0	0.2857142857142857	0.38461538461538464	eɐ̯t͡shɛʁt͡soktum	ɛɐtshɛɾtsɔktum	0.17647058823529413	0.21428571428571427
Erzwingungshaft	ɛɐtsvɪŋʊŋshaft	ɛɐtsvɪŋʊŋshaft	ɛɾtsvɪŋʊŋshaft	ɛɐtsvɪŋʊŋshaft	compound	erzwingung|s|haft	0.0	0.07142857142857142	0.0	ɛɐ̯t͡svɪŋʊŋshaft	ɛɐtsvɪŋʊŋshaft	0.125	0.0
Essigsäurechlorid	ɛsɪczɔɪʁəkloʁiːt	ɛsɪczɔɪʁəkloʁit	ɛsɪɡzɔørɛclorit	ɛszɪkzɔɔʏʁɛcloʁit	compound	essigsäure|chlorid	0.0	0.4	0.35294117647058826	ɛsɪçzɔɪ̯ʁəkloʁit	ɛszɪkzɔøɾɛçloɾit	0.125	0.4375
Essmesser	ɛsmɛsɐ	ɛsmɛsɐ	ɛsmɛsɜ	ɛssmɛszɐ	compound	ess|messer	0.0	0.16666666666666666	0.25	ɛsmɛsɐ	ɛssmɛszɐ̯	0.0	0.3333333333333333
Esszeug	ɛstsɔʏk	ɛstsɔɪk	ɛstsɔøk	ɛsstsɔɔʏk	compound	ess|zeug	0.14285714285714285	0.14285714285714285	0.2222222222222222	ɛst͡sɔɪ̯k	ɛsstsɔøk	0.3333333333333333	0.25
Eukalyptusbonbon	ɔɪkalʏptʊsbɔŋbɔŋ	ɔɪkalʏptʊsbɔmbɔ	ɔøkalyptʊsbɔnbon	ɔɔʏkalʏptʊsbɔnbon	compound	eukalyptus|bonbon	0.13333333333333333	0.3125	0.29411764705882354	ɔɪ̯kalʏptʊsbɔ̃bɔ̃	ɔøkɑlʏptʊsbɔnbon	0.17647058823529413	0.3125
Evolutionistin	evolutsɪonɪstɪn	evolutsionɪstɪn	evolutsjonɪstɪn	evolutsɪonɪstɪn	compound	evolutionist|in	0.06666666666666667	0.06666666666666667	0.0	evolut͡si̯onɪstɪn	evolutsĭonɪstɪn	0.17647058823529413	0.06666666666666667
Exi	ɛksi	ɛksi	ɛksi	eksi	compound	ex|i	0.0	0.0	0.25	ɛksi	eksi	0.0	0.25
Exosphäre	ɛksosfɛːʁə	ɛksosfɛʁə	ɛksɔsfɛrə	eksɔspɛʁə	compound	exo|sphäre	0.0	0.2222222222222222	0.3333333333333333	ɛksosfɛʁə	eksɔspɛɾə	0.0	0.4444444444444444
Exporthafen	ɛkspɔʁthaːfən	ɛkspɔʁthafn	ɛkspɔɾtɑfən	ɛkspɔʁtafən	compound	export|hafen	0.09090909090909091	0.2727272727272727	0.09090909090909091	ɛkspɔʁthafn̩	ɛkspɔɾtɑfən	0.16666666666666666	0.2727272727272727
Externalität	ɛkstɛʁnalitɛːt	ɛkstɛʁnalitɛt	ɛkstɜnɑlitɛt	ɛkstɛʁnalitɛt	compound	extern|ali|t|ä|t	0.0	0.25	0.0	ɛkstɛʁnalitɛt	ɛkstɛɾnɑlitɛt	0.0	0.15384615384615385
Fabriksirene	fabʁiːkziʁeːnə	fabʁikziʁenə	fabɾɪksirənə	fabʁɪkziʁenə	compound	fabrik|sirene	0.0	0.4166666666666667	0.08333333333333333	fabʁikziʁenə	fabrɪkziɾənə	0.0	0.3333333333333333
Facettenschliff	fasɛtənʃlɪf	fasɛtnʃlɪf	fɑtsɛtɛnʃlɪf	faxkɛtɛnstslɪff	compound	facetten|schliff	0.1	0.25	0.4666666666666667	fasɛtn̩ʃlɪf	fɑtsɛtɛnstslɪff	0.18181818181818182	0.4666666666666667
Facettenschliffe	fasɛtənʃlɪfə	fasɛtnʃlɪfə	fɑtsɛtɛnʃlɪfə	faxkɛtɛnstslɪffə	compound	facetten|schliffe	0.09090909090909091	0.23076923076923078	0.4375	fasɛtn̩ʃlɪfə	fɑtsɛtɛnstslɪffə	0.16666666666666666	0.4375
Facettenschliffen	fasɛtnʃlɪfn	fasɛtnʃlɪfn	fɑtsɛtɛnʃlɪfən	faxkɛtɛnstslɪffən	compound	facetten|schliffen	0.0	0.2857142857142857	0.47058823529411764	fasɛtn̩ʃlɪfn̩	fɑtsɛtɛnstslɪffən	0.15384615384615385	0.47058823529411764
Facettenschliffes	fasɛtənʃlɪfəs	fasɛtnʃlɪfəs	fɑtsɛtɛnʃlɪfəs	faxkɛtɛnstslɪffəs	compound	facetten|schliffes	0.08333333333333333	0.21428571428571427	0.4117647058823529	fasɛtn̩ʃlɪfəs	fɑtsɛtɛnstslɪffəs	0.15384615384615385	0.4117647058823529
Facettenschliffs	fasɛtənʃlɪfs	fasɛtnʃlɪfs	fɑtsɛtɛnʃlɪfs	faxkɛtɛnstslɪffs	compound	facetten|schliffs	0.09090909090909091	0.23076923076923078	0.4375	fasɛtn̩ʃlɪfs	fɑtsɛtɛnstslɪffs	0.16666666666666666	0.4375
Fachtrottel	faχtʁɔtl	faxtʁɔtl	faxtɾɔtəl	faxtʁɔtəl	compound	fach|trottel	0.125	0.3333333333333333	0.2222222222222222	faxtʁɔtl̩	faxtɾɔtel	0.2222222222222222	0.3333333333333333
Fahnenfluchten	faːnənflʊxtən	fanənflʊxtɛn	fɑnənflʊxtən	fanɛnflʊxtən	compound	fahnenflucht|en	0.08333333333333333	0.08333333333333333	0.08333333333333333	fanənflʊxtn̩	fɑnɛnflʊxtən	0.16666666666666666	0.16666666666666666
Fahrausweis	faːɐʔaʊsvaɪs	faɐaʊsvaɪs	fɑraʊsvaɪs	faʁaosvəɪs	compound	fahr|ausweis	0.0	0.2	0.3	faɐ̯aʊ̯svaɪ̯s	fɑɾaosvaes	0.23076923076923078	0.4
Fahrausweise	faːɐaʊsvaɪzə	faɐaʊsvaɪzə	fɑraʊsvaɪzə	faʁaosvaezə	compound	fahr|ausweise	0.0	0.18181818181818182	0.2727272727272727	faɐ̯aʊ̯svaɪ̯zə	fɑɾaosvaezə	0.21428571428571427	0.36363636363636365
Fahrausweisen	faːɐaʊsvaɪzn	faɐaʊsvaɪzn	fɑraʊsvaɪzən	faʁaosvaezən	compound	fahr|ausweisen	0.0	0.25	0.3333333333333333	faɐ̯aʊ̯svaɪ̯zn̩	fɑɾaosvaezən	0.26666666666666666	0.4166666666666667
Fahrausweises	faːɐaʊsvaɪzəs	faɐaʊsvaɪzəs	fɑraʊsvaɪzəs	faʁaosvaezəs	compound	fahr|ausweises	0.0	0.16666666666666666	0.25	faɐ̯aʊ̯svaɪ̯zəs	fɑɾaosvaezəs	0.2	0.3333333333333333
Fahrradgepäckträger	faːɐʁaːtɡəpɛktʁɛːɡɐ	faɐʁatɡəpɛktʁɛɡɐ	fɑradɡepɛktɾɛɡɜ	faʁʁatgepɛktʁɛgɐ	compound	fahrrad|gepäckträger	0.0	0.4666666666666667	0.25	faɐ̯ʁatɡəpɛktʁɛɡɐ	fɑɾɾatgepɛktɾɛgɐ̯	0.058823529411764705	0.47058823529411764
Fahrradparkplatz	faːɐʁatpaɐkplats	faɐʁatpaʁkplats	fɑratpaɾkplats	faʁʁatpaʁkplats	compound	fahrrad|parkplatz	0.06666666666666667	0.2857142857142857	0.13333333333333333	faɐ̯ʁatpaʁkplat͡s	fɑɾɾatpaɾkplats	0.17647058823529413	0.26666666666666666
Fahrradtour	faːɐraːttuːɐ	faɐʁattuɐ	fɑratuɾ	faʁʁatouɐ	compound	fahrrad|tour	0.1111111111111111	0.5714285714285714	0.3333333333333333	faɐ̯ʁattuɐ̯	fɑɾɾatouɐ	0.2727272727272727	0.4444444444444444
Fahrzeuglenker	faːɐtsɔʏklɛŋkɐ	faɐtsɔɪklɛŋkɐ	fɑɾtsɔøɡlɛŋkɜ	faʁtsɔɔʏglɛŋkɐ	compound	fahrzeug|lenker	0.07692307692307693	0.38461538461538464	0.21428571428571427	faɐ̯t͡sɔɪ̯klɛŋkɐ	fɑɾtsɔøglɛŋkɐ̯	0.25	0.35714285714285715
Fakenews	fɛɪknjuːs	fɛɪknjus	fɑkənefs	fakenɛvs	compound	fake|news	0.0	0.625	0.625	fɛɪ̯kənjus	fɑkenɛvs	0.2	0.625
Falbel	falbl	falbəl	falbəl	falbəl	compound	falbe|l	0.16666666666666666	0.16666666666666666	0.16666666666666666	falbəl	falbel	0.16666666666666666	0.16666666666666666
Fallgruben	falɡʀuːbn	falɡʁubn	falɡɾubən	fallgʁubən	compound	fall|gruben	0.125	0.2222222222222222	0.4	falɡʁubn̩	fallgɾubən	0.2222222222222222	0.4
Faltstuhl	faltʃtuːl	faltʃtul	faltʃtul	faltstul	compound	falt|stuhl	0.0	0.0	0.125	faltʃtul	faltstul	0.0	0.125
Fankurve	fɛnkʊʁvə	fænkʊʁfə	fank??və	faŋkʊʁvə	compound	fan|kurve	0.25	0.375	0.25	fɛnkʊʁfə	faŋkʊɾvə	0.125	0.375
Fantastik	fantastiːk	fantastik	fantastik	fantastik	compound	fantast|i|k	0.0	0.0	0.0	fantastik	fantastik	0.0	0.0
Farbintensität	faʁpʔɪntɛnzitɛːt	faʁbɪntɛnzitɛt	faɾbɪntɛnzitɛt	faʁbɪntɛnzitɛt	compound	fa|r|b|intensität	0.07142857142857142	0.14285714285714285	0.07142857142857142	faɾbɪntɛnzitɛt	faɾbɪntɛnzitɛt	0.14285714285714285	0.14285714285714285
Farbraum	faʁpʁaʊm	faʁbʁaʊm	faɾpɾaʊm	faʁbʁaom	compound	fa|r|brau|m	0.125	0.25	0.25	faʁpʁaʊ̯m	faɾbraom	0.1111111111111111	0.5
Farbschlüssel	faʁpʃlʏsl	faʁbʃlʏsl	faɾpʃlysəl	faʁpstslʏszel	compound	fa|r|b|schlüssel	0.1111111111111111	0.3	0.38461538461538464	faʁpʃlʏsl̩	faɾpstslʏszel	0.1	0.46153846153846156
Farbspektrum	farpʃpɛktʁʊm	faʁbʃpɛktʁʊm	faɾpʃpɛktɾʊm	faʁpspɛktʁum	compound	fa|r|b|spektrum	0.16666666666666666	0.16666666666666666	0.25	farpʃpɛktʁʊm	faɾbspɛktɾum	0.0	0.4166666666666667
Farbspektrums	farpʃpɛktʁʊms	faʁbʃpɛktʁʊms	faɾpʃpɛktɾʊms	faʁpspɛktʁʊms	compound	fa|r|b|spektrums	0.15384615384615385	0.15384615384615385	0.15384615384615385	farpʃpɛktʁʊms	faɾbspɛktɾʊms	0.0	0.3076923076923077
Farbstiftkasten	faʁbʃtɪftkastn	faʁpʃtɪftkastn	faɾpʃtɪftkastən	faʁpʃtɪftkastən	compound	farbstift|kasten	0.07142857142857142	0.2	0.13333333333333333	faʁpʃtɪftkastn̩	faɾbstɪftkastən	0.13333333333333333	0.2
Farbstärke	faʁpʃtɛrkə	faʁbʃtɛʁkə	faɾpʃtɛɾkə	faʁbstɛʁkə	compound	fa|r|b|stärke	0.2	0.2	0.3	faʁpʃtɛʁkə	faɾbstɛɾkə	0.1	0.4
Farbsättigung	faʁpzɛtɪɡʊŋ	faʁbzɛtɪɡʊŋ	faɾpzɛtɪɡʊŋ	faʁpzɛtɪgʊŋ	compound	fa|r|b|sättigung	0.09090909090909091	0.09090909090909091	0.09090909090909091	faʁpzɛtɪɡʊŋ	faɾpzɛtɪgʊŋ	0.0	0.18181818181818182
Fasanengarten	fazaːnənɡaʁtən	fazanənɡaʁtn	fɑzanɛnɡaɾtən	fazanɛŋaʁtən	compound	fasanen|garten	0.08333333333333333	0.23076923076923078	0.25	fazanənɡaʁtn̩	fɑzɑnɛŋaɾtən	0.15384615384615385	0.5
Fasanengartens	fazaːnənɡaʁtəns	fazanənɡaʁtns	fɑzanɛnɡaɾtəns	fazanɛŋaʁtɛns	compound	fasanen|gartens	0.07692307692307693	0.21428571428571427	0.3076923076923077	fazanənɡaʁtn̩s	fɑzɑnɛŋaɾtɛns	0.14285714285714285	0.5384615384615384
Fasanengärten	fazaːnənɡɛʁtən	fazanənɡɛʁtn	fɑzanɛnɡɛɾtən	fazanɛŋɛʁtən	compound	fasanen|gärten	0.08333333333333333	0.23076923076923078	0.25	fazanənɡɛʁtn̩	fɑzɑnɛŋɛɾtən	0.15384615384615385	0.5
Fascho	faʃo	faʃo	faʃo	faʃo	compound	fasch|o	0.0	0.0	0.0	faʃo	faʃo	0.0	0.0
Faserlaser	faːzərlɛɪzər	fazɐlɛɪzɐ	fɑzɜlɑzɜ	fazɛʁlasɐ	compound	faser|laser	0.4444444444444444	0.875	0.7777777777777778	fazɐlɛɪ̯zɐ	fɑzɛɾlɑzɐ̯	0.5	0.7
Fastprimzahl	fastpʁiːmtsaːl	fastpʁimtsal	fastpɾɪmtsɑl	fastpʁɪmtsal	compound	fast|primzahl	0.0	0.25	0.08333333333333333	fastpʁimt͡sal	fastpɾɪmtsɑl	0.07692307692307693	0.25
Federchen	feːdɐcən	fedɐcən	fedɜcən	fedɛʁcən	compound	feder|chen	0.0	0.14285714285714285	0.25	fedɐçən	fedɛɾçən	0.14285714285714285	0.375
Federchens	feːdɐcəns	fedɐcəns	fedɜcəns	fedɛʁcɛns	compound	feder|chen|s	0.0	0.125	0.3333333333333333	fedɐçəns	fedɛɾçɛns	0.125	0.4444444444444444
Federhaus	feːdəʁhaʊs	fedɐhaʊs	fedɜhaʊs	fedɛʁaos	compound	feder|haus	0.25	0.25	0.375	fedɐhaʊ̯s	fedɛɾaos	0.3333333333333333	0.5
Federweiß	feːdəʁvaɪs	fedɐvaɪs	fedɜvaɪs	fedɛʁvaess	compound	feder|weiß	0.25	0.25	0.3	fedɐvaɪ̯s	fedɛɾvaes	0.3333333333333333	0.3333333333333333
Fehrbellin	feːrbɛliːn	feʁbɛlɪn	feɾbəlin	feʁbɛllɪn	compound	feh|r|bell|in	0.25	0.25	0.3333333333333333	feɐ̯bɛlɪn	feɾbɛllɪn	0.3333333333333333	0.3333333333333333
Feigenblättchen	faɪɡənblɛtcən	faɪɡnblɛtcən	faɪɡənblɛtcən	faegɛnblɛtʃcən	compound	feigen|blättchen	0.08333333333333333	0.0	0.2857142857142857	faɪ̯ɡn̩blɛtçən	faegɛnblɛtçən	0.2857142857142857	0.3076923076923077
Feigenblättchens	faɪɡənblɛtcəns	faɪɡnblɛtcəns	faɪɡənblɛttcəns	faegɛnblɛtʃcɛns	compound	feigen|blättchens	0.07692307692307693	0.06666666666666667	0.3333333333333333	faɪ̯ɡn̩blɛtçəns	faegɛnblɛtçɛns	0.26666666666666666	0.35714285714285715
Feinguss	faɪnɡʊs	faɪnɡʊs	faɪnɡʊs	faengʊss	compound	fein|guss	0.0	0.0	0.375	faɪ̯nɡʊs	faeŋʊss	0.125	0.5714285714285714
Feinspitz	faɪnʃpɪts	faɪnʃpɪts	faɪnʃpɪts	faenspɪts	compound	fein|spitz	0.0	0.0	0.2222222222222222	faɪ̯nʃpɪt͡s	faenspɪts	0.18181818181818182	0.2222222222222222
Feitel	faɪtəl	faɪtəl	faɪtəl	faetel	compound	feite|l	0.0	0.0	0.3333333333333333	faɪ̯təl	faetel	0.14285714285714285	0.3333333333333333
Feldschwirl	fɛltʃvɪʁl	fɛltʃvɪʁl	fɛltʃvɪɾl	fɛltstsvɪʁl	compound	feld|schwirl	0.0	0.1111111111111111	0.2727272727272727	fɛltʃvɪʁl	fɛltstsvɪɾl	0.0	0.36363636363636365
Feldschwirlen	fɛltʃvɪʁlən	fɛltʃvɪʁlən	fɛltʃvɪɾlən	fɛltstsvɪʁlən	compound	feld|schwirlen	0.0	0.09090909090909091	0.23076923076923078	fɛltʃvɪʁlən	fɛltstsvɪɾlən	0.0	0.3076923076923077
Fellhandschuh	fɛlhantʃuː	fɛlhantʃu	fɛlhantʃu	fɛllantʃu	compound	fell|handschuh	0.0	0.0	0.1111111111111111	fɛlhantʃu	fɛllantʃu	0.0	0.1111111111111111
Felsboden	fɛlsboːdn	fɛlsbodn	fɛlsbodən	fɛlsbodən	compound	fels|boden	0.0	0.1111111111111111	0.1111111111111111	fɛlsbodn̩	fɛlsbodən	0.1111111111111111	0.1111111111111111
Felssporn	fɛlsʃpɔʁn	fɛlsʃpɔʁn	fɛlspɔɾn	fɛlzspɔʁn	compound	fels|sporn	0.0	0.25	0.2222222222222222	fɛlsʃpɔʁn	fɛlzspɔɾn	0.0	0.3333333333333333
Fennich	fɛnɪc	fɛnɪc	fɛnɪc	fɛnnɪc	compound	fenn|ich	0.0	0.0	0.16666666666666666	fɛnɪç	fɛnnɪç	0.2	0.3333333333333333
Fensterkitt	fɛnstɐkɪt	fɛnstɐkɪt	fɛnstɜkɪt	fɛnstɛʁkɪt	compound	fenster|kitt	0.0	0.1111111111111111	0.2	fɛnstɐkɪt	fɛnstɛɾkɪt	0.0	0.2
Fensterraute	fɛnstɐʁaʊtə	fɛnstɐʁaʊtə	fɛnstɜraʊtə	fɛnstɛʁʁaotə	compound	fenster|raute	0.0	0.18181818181818182	0.25	fɛnstɐʁaʊ̯tə	fɛnstɛɾɾaotə	0.08333333333333333	0.3333333333333333
Ferkelkraute	fɛʁklkʁaʊtə	fɛɐkəlkraʊte	fɛɾkəlkɾaʊtə	fɛʁkɛlkʁaotə	compound	ferkelkraut|e	0.3333333333333333	0.25	0.16666666666666666	fɛʁkl̩kʁaʊ̯tə	fɛɾkɛlkɾaotə	0.15384615384615385	0.3333333333333333
Ferkelkrautes	fɛʁklkʁaʊtəs	fɛɐkəlkraʊtɛs	fɛɾkəlkɾaʊtəs	fɛʁkɛlkʁaotəs	compound	ferkelkraut|es	0.3076923076923077	0.23076923076923078	0.15384615384615385	fɛʁkl̩kʁaʊ̯təs	fɛɾkɛlkɾaotəs	0.14285714285714285	0.3076923076923077
Ferkelkrauts	fɛʁklʁaʊts	fɛɐkəlkraʊts	fɛɾkəlkɾaʊts	fɛʁkɛlkʁaots	compound	ferkelkraut|s	0.3333333333333333	0.3333333333333333	0.25	fɛʁkl̩kʁaʊ̯t͡s	fɛɾkɛlkɾaots	0.2857142857142857	0.4166666666666667
Ferkelkräuter	fɛʁklkʁɔɪtɐ	fɛʁklkʁɔɪtɐ	fɛɾkəlkɾɔøtɜ	fɛʁkɛlkʁɔɔʏtɐ	compound	ferkel|kräuter	0.0	0.4166666666666667	0.23076923076923078	fɛʁkl̩kʁɔɪ̯tɐ	fɛɾkɛlkɾɔøtɐ̯	0.15384615384615385	0.38461538461538464
Ferkelkräutern	fɛʁklkʁɔɪtɐn	fɛʁklkʁɔɪtɐn	fɛɾkəlkɾɔøtɜn	fɛʁkɛlkʁɔɔʏtɛʁn	compound	ferkel|kräutern	0.0	0.38461538461538464	0.3333333333333333	fɛʁkl̩kʁɔɪ̯tɐn	fɛɾkɛlkɾɔøtɛɾn	0.14285714285714285	0.42857142857142855
Festnetztelefonen	fɛstnɛtsteːləfoːnən	fɛstnɛtsteləfonən	fɛstnɛtstəlefonən	fɛstnɛtstelefonən	compound	festnetz|telefonen	0.0	0.11764705882352941	0.058823529411764705	fɛstnɛt͡steləfonən	fɛstnɛtstelefonən	0.05555555555555555	0.058823529411764705
Festplattenlaufwerk	fɛstplatnlaʊfvɛrk	fɛstplatnlaʊfvɛʁk	fɛstplatənlaʊfvɛɾk	fɛstplatɛnlaofvɛʁk	compound	festplatten|laufwerk	0.058823529411764705	0.1111111111111111	0.16666666666666666	fɛstplatn̩laʊ̯fvɛʁk	fɛstplatɛnlaofvɛɾk	0.15789473684210525	0.16666666666666666
Feti	feːti	feti	feti	fəti	compound	fet|i	0.0	0.0	0.25	feti	feti	0.0	0.0
Fettdonnerstag	fɛtdɔnɐstaːk	fɛtdɔnɐstak	fɛtdɔnɜstɑk	fɛtdɔnnɛʁstak	compound	fett|donnerstag	0.0	0.18181818181818182	0.23076923076923078	fɛtdɔnɐstak	fɛttdɔnnɛɾstɑk	0.0	0.35714285714285715
Fettdonnerstage	fɛtdɔnɐstaːɡə	fɛtdɔnɐstaɡə	fɛtdɔnɜstɑɡə	fɛtdɔnnɛʁstagə	compound	fett|donnerstage	0.0	0.16666666666666666	0.2857142857142857	fɛtdɔnɐstaɡə	fɛttdɔnnɛɾstɑgə	0.0	0.4
Fettdonnerstages	fɛtdɔnɐstaːɡəs	fɛtdɔnɐstaɡəs	fɛtdɔnɜstɑɡəs	fɛtdɔnnɛʁstagəs	compound	fett|donnerstages	0.0	0.15384615384615385	0.26666666666666666	fɛtdɔnɐstaɡəs	fɛttdɔnnɛɾstɑgəs	0.0	0.375
Fettdonnerstags	fɛtdɔnɐstaːks	fɛtdɔnɐstaks	fɛtdɔnɜstɑks	fɛtdɔnnɛʁstaks	compound	fett|donnerstags	0.0	0.16666666666666666	0.21428571428571427	fɛtdɔnɐstaks	fɛttdɔnnɛɾstaks	0.0	0.26666666666666666
Feuerbohne	fɔɪɐboːnə	fɔɪɐbonə	fɔøɜbonə	fɔɔʏɐbonə	compound	feuer|bohne	0.0	0.25	0.2222222222222222	fɔɪ̯ɐbonə	fɔøɐ̯bonə	0.1111111111111111	0.2222222222222222
Feuerbohnen	fɔɪɐboːnən	fɔɪɐbonən	fɔøɜbonən	fɔɔʏɐbonən	compound	feuer|bohnen	0.0	0.2222222222222222	0.2	fɔɪ̯ɐbonən	fɔøɐ̯bonən	0.1	0.2
Feuerfisch	fɔɪɐfɪʃ	fɔɪɐfɪʃ	fɔøɜfɪʃ	fɔɔʏɐfɪʃ	compound	feuer|fisch	0.0	0.2857142857142857	0.25	fɔɪ̯ɐfɪʃ	fɔøɐ̯fɪʃ	0.125	0.25
Feuerfische	fɔɪɐfɪʃə	fɔɪɐfɪʃə	fɔøɜfɪʃə	fɔɔʏɐfɪʃə	compound	feuer|fische	0.0	0.25	0.2222222222222222	fɔɪ̯ɐfɪʃə	fɔøɐ̯fɪʃə	0.1111111111111111	0.2222222222222222
Feuerfisches	fɔɪɐfɪʃəs	fɔɪɐfɪʃəs	fɔøɜfɪʃəs	fɔɔʏɐfɪʃəs	compound	feuer|fisches	0.0	0.2222222222222222	0.2	fɔɪ̯ɐfɪʃəs	fɔøɐ̯fɪʃəs	0.1	0.2
Feuerkäfer	fɔɪɐkɛːfɐ	fɔɪɐkɛfɐ	fɔøɜkɛfɜ	fɔɔʏɐkɛfɐ	compound	feuer|käfer	0.0	0.375	0.2222222222222222	fɔɪ̯ɐkɛfɐ	fɔøɐ̯kɛfɐ̯	0.1111111111111111	0.3
Feuerwehrhaus	fɔɪɐveːɐhaʊs	fɔɪɐveɐhaʊs	fɔøɜveɾhaʊs	fɔɔʏɐveʁaos	compound	feuerwehr|haus	0.0	0.2727272727272727	0.45454545454545453	fɔɪ̯ɐveɐ̯haʊ̯s	fɔøɐ̯veɐ̯haʊ̯s	0.21428571428571427	0.2857142857142857
Feuerwehrschlauch	fɔʏɐveːɐʃlaʊx	fɔɪɐveɐʃlaʊx	fɔøɜveɾʃlaʊx	fɔɔʏɐveʁstslaox	compound	feuerwehr|schlauch	0.08333333333333333	0.25	0.4	fɔɪ̯ɐveɐ̯ʃlaʊ̯x	fɔøɐ̯veɐ̯ʃlaʊ̯x	0.26666666666666666	0.26666666666666666
Feuerwehrwagen	fɔɪɐveːɐvaːɡən	fɔɪɐveɐvaɡn	fɔøɜveɾvɑɡən	fɔɔʏɐveʁvagən	compound	feuerwehr|wagen	0.09090909090909091	0.3333333333333333	0.3076923076923077	fɔɪ̯ɐveɐ̯vaɡn̩	fɔøɐ̯veɐ̯vaɡən	0.2857142857142857	0.21428571428571427
Feuerzange	fɔɪɐtsaŋə	fɔɪɐtsaŋə	fɔøɜtsaŋə	fɔɔʏɛɐtsaŋə	compound	feuer|zange	0.0	0.2222222222222222	0.2727272727272727	fɔɪ̯ɐt͡saŋə	fɔøɐ̯tsaŋə	0.18181818181818182	0.2
Fichtenast	fictnast	fɪctnast	fɪctənast	fɪctenast	compound	fichten|ast	0.125	0.2222222222222222	0.2222222222222222	fɪçtn̩ast	fɪçtənast	0.3333333333333333	0.3333333333333333
Fichtenrüsselkäfer	fɪctnʁʏslkɛːfɐ	fɪctnʁʏslkɛfɐ	fɪctənrysəlkɛfɜ	fɪctɛnʁʏszɛlkɛfɐ	compound	fichten|rüssel|käfer	0.0	0.3333333333333333	0.1875	fɪçtn̩ʁʏsl̩kɛfɐ	fɪçtɛnɾʏszɛlkɛfɐ̯	0.2	0.35294117647058826
Fichtenspargel	fɪctnʃpaʁɡl	fɪctnʃpaʁɡl	fɪctənspaɾɡəl	fɪctɛnspaʁgəl	compound	fichten|spargel	0.0	0.3076923076923077	0.3076923076923077	fɪçtn̩ʃpaʁɡl̩	fɪçtɛnspaɾgel	0.23076923076923078	0.46153846153846156
Fichtenspinner	fɪctnʃpɪnɐ	fɪctnʃpɪnɐ	fɪctənspɪnɜ	fɪctɛnspɪnnɐ	compound	fichten|spinner	0.0	0.2727272727272727	0.25	fɪçtn̩ʃpɪnɐ	fɪçtɛnspɪnnɐ̯	0.18181818181818182	0.38461538461538464
Fichtenästen	fictnɛstn	fɪctnɛstn	fɪctənɛstən	fɪctenɛstən	compound	fichten|ästen	0.1111111111111111	0.2727272727272727	0.2727272727272727	fɪçtn̩ɛstn̩	fɪçtenɛstən	0.36363636363636365	0.36363636363636365
Fickschlampe	fɪkʃlampə	fɪkʃlampə	fɪkʃlampə	fɪkʃlampə	compound	fick|schlampe	0.0	0.0	0.0	fɪkʃlampə	fɪkʃlampə	0.0	0.0
Fiederblatt	fiːdɐblat	fidɐblat	fidɜblat	fidɛʁblat	compound	fieder|blatt	0.0	0.125	0.2222222222222222	fidɐblat	fidɛɾblat	0.0	0.2222222222222222
Fiederblättchen	fiːdɐblɛtcən	fidɐblɛtcən	fidɜblɛtcən	fidɛʁblɛtʃcən	compound	fieder|blättchen	0.0	0.09090909090909091	0.23076923076923078	fidɐblɛtçən	fidɛɾblɛtçən	0.09090909090909091	0.25
Fingerhakeln	fɪŋɐhaːkəln	fɪŋɐhakln	fɪŋɜhɑkəln	fɪŋɛʁakɛln	compound	finger|hakeln	0.1111111111111111	0.2	0.3	fɪŋɐhakl̩n	fɪŋɛɾɑkɛln	0.2	0.4
Fingerkraut	fɪŋɐkʁaʊt	fɪŋɐkʁaʊt	fɪŋɜkɾaʊt	fɪŋɛʁkʁaot	compound	finger|kraut	0.0	0.2222222222222222	0.3	fɪŋɐkʁaʊ̯t	fɪŋɛɾkɾaot	0.1	0.4
Fingerkrautes	fɪŋɐkʁaʊtəs	fɪŋɐkʁaʊtəs	fɪŋɜkɾaʊtəs	fɪŋɛʁkʁaotəs	compound	finger|krautes	0.0	0.18181818181818182	0.25	fɪŋɐkʁaʊ̯təs	fɪŋɛɾkɾaotəs	0.08333333333333333	0.3333333333333333
Fingerkrauts	fɪŋɐkʁaʊts	fɪŋɐkʁaʊts	fɪŋɜkɾaʊts	fɪŋɛʁkʁaots	compound	finger|krauts	0.0	0.2	0.2727272727272727	fɪŋɐkʁaʊ̯t͡s	fɪŋɛɾkɾaots	0.16666666666666666	0.36363636363636365
Fingerkräuter	fɪŋɐkʁɔɪtɐ	fɪŋɐkʁɔɪtɐ	fɪŋɜkɾɔøtɜ	fɪŋɛʁkʁɔɔʏtɐ	compound	finger|kräuter	0.0	0.4	0.3333333333333333	fɪŋɐkʁɔɪ̯tɐ	fɪŋɛɾkɾɔøtɐ̯	0.09090909090909091	0.4166666666666667
Fingersatz	fɪŋɐzats	fɪŋɐsats	fɪŋɜzats	fɪŋɛʁzats	compound	fingers|atz	0.125	0.125	0.2222222222222222	fɪŋɐzat͡s	fɪŋɛɾzats	0.1111111111111111	0.2222222222222222
Fingerwischen	fɪŋɐvɪʃn	fɪŋɐvɪʃn	fɪŋɜvɪʃən	fɪŋɛʁvɪʃən	compound	finger|wischen	0.0	0.2222222222222222	0.3	fɪŋɐvɪʃn̩	fɪŋɛɾvɪʃən	0.1111111111111111	0.3
Fischfrikadellenbrötchen	fɪʃfʁɪkadɛlənbʁøːtcən	fɪʃfʁikadɛlənbʁøtcən	fɪʃfrikɑdəlɛnbɾøtcən	fɪʃfʁikadɛllɛnbʁœtcən	compound	fisch|frikadellen|brötchen	0.05	0.3	0.19047619047619047	fɪʃfʁikadɛlənbʁøtçən	fɪʃfɾikɑdɛllɛnbrœtçən	0.1	0.38095238095238093
Fischkopf	fɪʃkɔpf	fɪʃkɔpf	fɪʃkɔpf	fɪʃkɔpf	compound	fisch|kopf	0.0	0.0	0.0	fɪʃkɔp͡f	fɪʃkɔpf	0.125	0.0
Fischkorb	fɪʃkɔʁp	fɪʃkɔʁp	fɪʃkɔɾp	fɪʃkɔʁp	compound	fisch|korb	0.0	0.14285714285714285	0.0	fɪʃkɔʁp	fɪʃkɔɾp	0.0	0.14285714285714285
Fischnetz	fɪʃnɛts	fɪʃnɛts	fɪʃnɛts	fɪʃnɛts	compound	fisch|netz	0.0	0.0	0.0	fɪʃnɛt͡s	fɪʃnɛts	0.125	0.0
Flachmacher	flaxmaxəʁ	flaxmaxɐ	flaxmaxɜ	flaxmaxɐ	compound	flach|macher	0.25	0.25	0.25	flaxmaxɐ	flaxmaxɐ̯	0.25	0.2222222222222222
Flachsfaser	flaksfaːzɐ	flaksfazɐ	flaxsfɑzɜ	flaxsfazɐ	compound	flachs|faser	0.0	0.3333333333333333	0.1111111111111111	flaksfazɐ	flaxsfɑzɐ̯	0.0	0.3
Flaggenstange	flaɡənʃtaŋə	flaɡnʃtaŋə	flaɡənstaŋə	flagɛnstaŋə	compound	flaggen|stange	0.1	0.09090909090909091	0.2727272727272727	flaɡn̩ʃtaŋə	flagɛnstaŋə	0.18181818181818182	0.2727272727272727
Flaggenträger	flaɡəntʁɛːɡɐ	flaɡntʁɛɡɐ	flaɡəntɾɛɡɜ	flagɛntʁɛgɐ	compound	flaggen|träger	0.1	0.18181818181818182	0.2727272727272727	flaɡn̩tʁɛɡɐ	flagɛntɾɛgɐ̯	0.18181818181818182	0.4166666666666667
Flammlachs	flamlaks	flamlaks	flamlaxs	flammlaxs	compound	flamm|lachs	0.0	0.125	0.2222222222222222	flamlaks	flammlaks	0.0	0.1111111111111111
Flaschengeist	flaʃnɡaɪst	flaʃnɡaɪst	flaʃənɡaɪst	flaʃɛŋəɪst	compound	flaschen|geist	0.0	0.09090909090909091	0.3	flaʃn̩ɡaɪ̯st	flaʃɛŋəɪst	0.16666666666666666	0.3
Flaschenverschluss	flaʃnfɛɐʃlʊs	flaʃnfɛɐʃlʊs	flaʃənfɜʃlʊs	flaʃɛnvɛʁstslʊss	compound	flaschen|verschluss	0.0	0.25	0.4375	flaʃn̩fɛɐ̯ʃlʊs	flaʃɛnvɛɾstslʊss	0.14285714285714285	0.4375
Flaschenverschlusses	flaʃnfɛɐʃlʊsəs	flaʃnfɛɐʃlʊsəs	flaʃənfɜʃlʊsəs	flaʃɛnvɛʁstslʊszəs	compound	flaschen|verschlusses	0.0	0.21428571428571427	0.3888888888888889	flaʃn̩fɛɐ̯ʃlʊsəs	flaʃɛnvɛɾstslʊszəs	0.125	0.3888888888888889
Flaschenverschlüsse	flaʃnfɛɐʃlʏsə	flaʃnfɛɐʃlʏsə	flaʃənfɜʃlysə	flaʃɛnvɛʁstslʏszə	compound	flaschen|verschlüsse	0.0	0.3076923076923077	0.4117647058823529	flaʃn̩fɛɐ̯ʃlʏsə	flaʃɛnvɛɾstslʏszə	0.13333333333333333	0.4117647058823529
Flatterulme	flatɐʊlmə	flatɐʊlmə	flaterʊlmə	flatɐʊlmə	compound	flatter|ulme	0.0	0.2	0.0	flatɐʊlmə	flateɾʊlmə	0.0	0.2
Flausch	flaʊʃ	flaʊʃ	flaʊʃ	flaoʃ	compound	flau|sch	0.0	0.0	0.2	flaʊ̯ʃ	flaoʃ	0.16666666666666666	0.2
Flitterblättchen	flɪtɐblɛtcən	flɪtɐblɛtcən	flɪtɜblɛtcən	flɪtɛʁblɛtʃcən	compound	flitter|blättchen	0.0	0.08333333333333333	0.21428571428571427	flɪtɐblɛtçən	flɪtɛɾblɛtçən	0.08333333333333333	0.23076923076923078
Flitzes	flɪtsəs	flɪtsəs	flɪtsəs	flɪtsəs	compound	flitze|s	0.0	0.0	0.0	flɪt͡səs	flɪtsəs	0.125	0.0
Flugfläche	fluːkflɛcə	flukflɛcə	fluɡflɛcə	flʊkflɛcə	compound	flug|fläche	0.0	0.1111111111111111	0.1111111111111111	flukflɛçə	flʊkflɛçə	0.1111111111111111	0.2222222222222222
Fluggastbrücke	fluːkɡastbʁʏkə	flukɡastbʁʏkə	fluɡɡastbɾykə	flʊgastbʁʏkə	compound	fluggast|brücke	0.0	0.23076923076923078	0.25	flukɡastbʁʏkə	flʊgastbrʏkə	0.0	0.3333333333333333
Fluggastbrücken	fluːkɡastbʁʏkən	flukɡastbʁʏkn	fluɡɡastbɾykən	flʊgastbʁʏkən	compound	fluggast|brücken	0.07692307692307693	0.21428571428571427	0.23076923076923078	flukɡastbʁʏkn̩	flʊgastbrʏkən	0.14285714285714285	0.3076923076923077
Flughafenparkplatz	fluːkhaːfənpaɐkplats	flukhafnpaʁkplats	fluɡhafɛnpaɾkplats	flʊkhafɛnpaʁkplats	compound	flughafen|parkplatz	0.11764705882352941	0.16666666666666666	0.16666666666666666	flukhafn̩paʁkplat͡s	flʊkɑfɛnpaɾkplats	0.21052631578947367	0.29411764705882354
Flughörnchen	flʊɡhœʁncən	flukhœʁncən	fluɡhœɾncən	flʊkɔʏʁncən	compound	flug|hörnchen	0.18181818181818182	0.18181818181818182	0.2727272727272727	flukhœʁnçən	flʊkœɾnçən	0.2727272727272727	0.4
Flunke	flʊŋkə	flʊŋkə	flʊŋkə	flʊŋkə	compound	fl|unke	0.0	0.0	0.0	flʊŋkə	flʊŋkə	0.0	0.0
Fluorid	fluːoːʁiːt	fluoɐit	fluorit	flʊoʁit	compound	fluor|id	0.14285714285714285	0.14285714285714285	0.14285714285714285	fluoɐ̯it	fluoɾit	0.25	0.14285714285714285
Fluorids	fluːoːʁiːts	fluoɐɪts	fluorɪts	flʊoʁɪts	compound	fluor|ids	0.25	0.25	0.25	fluoʁit͡s	fluoɾɪts	0.1111111111111111	0.25
Fluorkunststoff	fluːoːɐkʊnstʃtɔf	fluoɐkʊnstʃtɔf	fluɔɾkʊnststɔf	fluɔʁkʊnststɔff	compound	fluor|kunststoff	0.0	0.21428571428571427	0.26666666666666666	fluoɐ̯kʊnstʃtɔf	fluɾkʊnststɔff	0.06666666666666667	0.2857142857142857
Flurbeleuchtung	fluːɐbəlɔɪctʊŋ	fluɐbəlɔɪctʊŋ	fl??bəlɔøctʊŋ	flʊʁbəlɔɔʏctʊŋ	compound	flur|beleuchtung	0.0	0.23076923076923078	0.2857142857142857	fluɐ̯bəlɔɪ̯çtʊŋ	flʊɾbelɔøçtʊŋ	0.2	0.38461538461538464
Flussbiegung	flʊsbiːɡʊŋ	flʊsbiɡʊŋ	flʊsbiɡʊŋ	flʊssbigʊŋ	compound	fluss|biegung	0.0	0.0	0.2	flʊsbiɡʊŋ	flʊssbigʊŋ	0.0	0.2
Flussbiegungen	flʊsbiːɡʊŋən	flʊsbiɡʊŋən	flʊsbiɡʊŋən	flʊssbigʊŋən	compound	fluss|biegungen	0.0	0.0	0.16666666666666666	flʊsbiɡʊŋən	flʊssbigʊŋən	0.0	0.16666666666666666
Flusskontrolle	flʊskɔntʁɔlə	flʊskɔntʁɔlə	flʊskɔntɾɔlə	flʊsskɔntʁɔllə	compound	fluss|kontrolle	0.0	0.08333333333333333	0.14285714285714285	flʊskɔntʁɔlə	flʊsskɔntɾɔllə	0.0	0.21428571428571427
Flussperle	flʊspɛʁlə	flʊspɛʁlə	flʊspɜlə	flʊsspɛʁlə	compound	fluss|perle	0.0	0.25	0.1	flʊspɛʁlə	flʊzspɛɾlə	0.0	0.2
Flusssediment	flʊszedimɛnt	flʊszedimɛnt	flʊszedimɛnt	flʊsszedimɛnt	compound	fluss|sediment	0.0	0.0	0.07692307692307693	flʊsedimɛnt	flʊsszedimɛnt	0.09090909090909091	0.07692307692307693
Flusssedimentes	flʊszedimɛntəs	flʊszedimɛntəs	flʊszedimɛntəs	flʊsszedimɛntəs	compound	fluss|sedimentes	0.0	0.0	0.06666666666666667	flʊsedimɛntəs	flʊsszedimɛntəs	0.07692307692307693	0.06666666666666667
Flußkontrolle	flʊskɔntʁɔlə	fluskɔntʁɔlə	flʊskɔntɾɔlə	flʊsskɔntʁɔllə	compound	fl|u|ß|kontrolle	0.08333333333333333	0.08333333333333333	0.14285714285714285	flʊskɔntʁɔlə	fluskɔntɾɔllə	0.0	0.23076923076923078
Flußsediment	flʊszedimɛnt	fluszedimɛnt	flʊszedimɛnt	flʊsszedimɛnt	compound	fl|u|ß|sediment	0.08333333333333333	0.0	0.07692307692307693	flʊsedimɛnt	fluzedimɛnt	0.09090909090909091	0.18181818181818182
Flüssigchromatografie	flʏsɪckʁomatoɡʁafiː	flʏsɪkʁomatoɡʁafi	flysɪckɾomatɔɡɾafi	flʏszɪgcʁomatɔgʁafiə	compound	flüssig|chromato|grafie	0.058823529411764705	0.2222222222222222	0.3	flʏsɪçkʁomatoɡʁafi	flʏszɪçɾomɑtɔgɾɑfijə	0.05555555555555555	0.55
Flüssigchromatographie	flʏsɪckʁomatoɡʁafiː	flʏsɪkʁomatoɡʁafi	flysɪckɾomatɔɡɾafi	flʏszɪgcʁomatɔgʁafiə	compound	flüssig|chromatographie	0.058823529411764705	0.2222222222222222	0.3	flʏsɪçkʁomatoɡʁafi	flʏszɪçɾomɑtɔgɾafijə	0.05555555555555555	0.5
Flüssigkeitshaushalt	flʏsɪckaɪtshaʊshalt	flʏsɪkaɪtshaʊshalt	flysɪckaɪtshaʊshalt	flʏszɪkkaetsaoshalt	compound	flüssigkeit|s|haushalt	0.05555555555555555	0.05263157894736842	0.2631578947368421	flʏsɪkkaɪ̯t͡shaʊ̯shalt	flʏszɪkkaetsaosalt	0.18181818181818182	0.3333333333333333
Flüssigkeitshaushaltes	flʏsɪckaɪtshaʊshaltəs	flʏsɪkaɪtshaʊshaltəs	flysɪckaɪtshaʊshaltəs	flʏszɪkkaetsaoshaltəs	compound	flüssigkeit|s|haushaltes	0.05	0.047619047619047616	0.23809523809523808	flʏsɪkkaɪ̯t͡shaʊ̯shaltəs	flʏszɪkkaetsaosaltəs	0.16666666666666666	0.3
Flüssigkeitshaushalts	flʏsɪckaɪtshaʊshalts	flʏsɪkaɪtshaʊshalts	flysɪckaɪtshaʊshalts	flʏszɪkkaetsaoshalts	compound	flüssigkeit|s|haushalts	0.05263157894736842	0.05	0.25	flʏsɪkkaɪ̯t͡shaʊ̯shalt͡s	flʏszɪkkaetsaosalts	0.20833333333333334	0.3157894736842105
Folgeerkrankung	fɔlɡəɛrkraŋkʊŋ	fɔlɡəɛɐkʁaŋkʊŋ	fɔlɡeɾkɾankʊŋ	fɔlgəɛɐkʁaŋkʊŋ	compound	folge|erkrankung	0.14285714285714285	0.38461538461538464	0.21428571428571427	fɔlɡəɛɐ̯kʁaŋkʊŋ	fɔlgeɛɾkɾaŋkʊŋ	0.2	0.2857142857142857
Formalisierer	fɔʁmaliziːʁɐ	fɔʁmaliziʁəʁ	fɔɾmalizirɜ	fɔʁmaliziɐɐ	compound	formalisiere|r	0.16666666666666666	0.2727272727272727	0.09090909090909091	fɔʁmaliziʁəʁ	fɔɾmɑliziɐ̯ɐ̯	0.16666666666666666	0.38461538461538464
Formatgrösse	fɔʁmaːtɡʁøːsə	fɔʁmatɡʁøszɛ	fɔɾmatɡɾœsə	fɔʁmatgʁœszə	compound	format|g|r|ös|se	0.16666666666666666	0.2727272727272727	0.25	fɔʁmatɡʁœsə	fɔɾmatgɾœszə	0.09090909090909091	0.4166666666666667
Formatgröße	fɔʁmaːtɡʁøːsə	fɔʁmatɡʁøsə	fɔɾmatɡɾøsə	fɔʁmatgʁœszə	compound	format|größe	0.0	0.18181818181818182	0.25	fɔʁmatɡʁøsə	fɔɾmatgɾøzə	0.0	0.36363636363636365
Forsthäuschen	fɔʁsthɔɪscən	fɔʁsthɔɪscən	fɔɾstɔøscən	fɔʁstɔɔʏʃən	compound	forst|häuschen	0.0	0.2727272727272727	0.36363636363636365	fɔʁsthɔɪ̯sçən	fɔɾztɔøʃən	0.15384615384615385	0.6
Fortbestandes	fɔɐtbəʃtandəs	fɔʁtbəʃtantɛs	fɔɾtbɛstandəs	fɔʁtbɛstandəs	compound	fortbestand|es	0.23076923076923078	0.23076923076923078	0.23076923076923078	fɔʁtbəʃtandəs	fɔɾtbəʃtandəs	0.07692307692307693	0.07692307692307693
Fortbestands	fɔɐtbəʃtants	fɔʁtbəʃtants	fɔɾtbɛstants	fɔʁtbɛstants	compound	fortbestand|s	0.08333333333333333	0.25	0.25	fɔʁtbəʃtant͡s	fɔɾtbəʃtants	0.15384615384615385	0.08333333333333333
Fortgeher	fɔʁtɡeːɐ	fɔʁtɡeəʁ	fɔɾtɡeɜ	fɔʁtgeɐ	compound	fortgehe|r	0.25	0.2857142857142857	0.14285714285714285	fɔʁtɡeɐ	fɔɾtgəhɐ̯	0.0	0.5555555555555556
Fossillagerstätte	fɔsiːllaːɡɐʃtɛtə	fɔsillaɡɐʃtɛtə	fɔsɪlɑɡɜʃtɛtə	fɔszɪllagɛʁstɛtə	compound	fossil|lagerstätte	0.0	0.3076923076923077	0.375	fɔsɪllaɡɐʃtɛtə	fɔszɪllɑgɛɾstɛtə	0.07142857142857142	0.4375
Frauenfuß	fʁaʊənfuːs	fʁaʊənfus	fraʊənfus	fʁaʊɛnfʊss	compound	frauen|fuß	0.0	0.1111111111111111	0.3	fʁaʊ̯ənfus	fɾaoənfus	0.1	0.2222222222222222
Frauenrecht	fraʊənʁɛct	fʁaʊənʁɛct	fraʊənrɛct	fʁaoənʁɛct	compound	frauen|recht	0.1	0.1	0.2	fʁaʊ̯ənʁɛçt	fɾaoɛnɾɛçt	0.2727272727272727	0.5
Frauenstift	fraʊənʃtɪft	fʁaʊənʃtɪft	fraʊənstɪft	fʁaoɛnstɪft	compound	frauen|stift	0.09090909090909091	0.09090909090909091	0.36363636363636365	fʁaʊ̯ənʃtɪft	fɾaoɛnstɪft	0.16666666666666666	0.36363636363636365
Frauenstifte	fraʊənʃtɪftə	fʁaʊənʃtɪftə	fraʊənstɪftə	fʁaoɛnstɪftə	compound	frauen|stifte	0.08333333333333333	0.08333333333333333	0.3333333333333333	fʁaʊ̯ənʃtɪftə	fɾaoɛnstɪftə	0.15384615384615385	0.3333333333333333
Frauenstiften	fʁaʊənʃtɪftn	fʁaʊənʃtɪftn	fraʊənstɪftən	fʁaoɛnstɪftən	compound	frauen|stiften	0.0	0.23076923076923078	0.3076923076923077	fʁaʊ̯ənʃtɪftn̩	fɾaoɛnstɪftən	0.14285714285714285	0.38461538461538464
Frauenstiftes	fraʊənʃtɪftəs	fʁaʊənʃtɪftəs	fraʊənstɪftəs	fʁaoɛnstɪftəs	compound	frauen|stiftes	0.07692307692307693	0.07692307692307693	0.3076923076923077	fʁaʊ̯ənʃtɪftəs	fɾaoɛnstɪftəs	0.14285714285714285	0.3076923076923077
Frauenstifts	fraʊənʃtɪfts	fʁaʊənʃtɪfts	fraʊənstɪfts	fʁaoɛnstɪfts	compound	frauen|stifts	0.08333333333333333	0.08333333333333333	0.3333333333333333	fʁaʊ̯ənʃtɪft͡s	fɾaoɛnstɪfts	0.21428571428571427	0.3333333333333333
Freigeber	fʁaɪɡeːbɐ	fʁaɪɡebəʁ	fraɪɡebɜ	fʁaegebɐ	compound	freigebe|r	0.2222222222222222	0.25	0.25	fʁaɪ̯ɡebɐ	fɾaegebɐ̯	0.1111111111111111	0.4444444444444444
Freio	fʁaɪo	fʁaɪo	fraɪo	fʁaeo	compound	frei|o	0.0	0.2	0.2	fʁaɪ̯o	fɾaeo	0.16666666666666666	0.4
Freischaltcode	fʁaɪʃaltkoːt	fʁaɪʃaltkɔʊt	fraɪʃaltkodə	fʁaeʃaltkodə	compound	frei|schalt|code	0.16666666666666666	0.25	0.25	fʁaɪ̯ʃaltkot	fɾaeʃaltkodə	0.08333333333333333	0.3333333333333333
Freizeitgebrauch	fʁaɪtsaɪtɡəbʁaʊx	fʁaɪtsaɪtɡəbʁaʊx	fraɪtsaɪtɡɛbɾaʊx	fʁaetsaetgəbʁaox	compound	freizeit|gebrauch	0.0	0.1875	0.25	fʁaɪ̯t͡saɪ̯tɡəbʁaʊ̯x	fɾaetsaetgɛbraox	0.2	0.4375
Freizeitgebrauches	fʁaɪtsaɪtɡəbʁaʊxəs	fʁaɪtsaɪtɡəbʁaʊxəs	fraɪtsaɪtɡɛbɾaʊxəs	fʁaetsaetgəbʁaoxəs	compound	freizeit|gebrauches	0.0	0.16666666666666666	0.2222222222222222	fʁaɪ̯t͡saɪ̯tɡəbʁaʊ̯xəs	fɾaetsaetgɛbraoxəs	0.18181818181818182	0.3888888888888889
Freizeitgebrauchs	fʁaɪtsaɪtɡəbʁaʊxs	fʁaɪtsaɪtɡəbʁaʊxs	fraɪtsaɪtɡɛbɾaʊxs	fʁaetsaetgəbʁaoxs	compound	freizeit|gebrauchs	0.0	0.17647058823529413	0.23529411764705882	fʁaɪ̯t͡saɪ̯tɡəbʁaʊ̯xs	fɾaetsaetgɛbraoks	0.19047619047619047	0.47058823529411764
Freizeitgebräuche	fʁaɪtsaɪtɡəbʁɔɪcə	fʁaɪtsaɪtɡəbʁɔɪcə	fraɪtsaɪtɡɛbɾɔøcə	fʁaetsaetgɛbʁɔɔʏcə	compound	freizeit|gebräuche	0.0	0.23529411764705882	0.3333333333333333	fʁaɪ̯t͡saɪ̯tɡəbʁɔɪ̯çə	fɾaetsaetgɛbrɔøçə	0.23809523809523808	0.47058823529411764
Friederich	fʁiːdəʁɪc	fʁidərɪc	friderɪc	fʁideʁɪc	compound	friede|rich	0.125	0.375	0.125	fʁidəʁɪç	fɾideɾɪç	0.125	0.5
Frontläufer	fʁɔntlɔɪfɐ	fʁɔntlɔɪfɐ	frɔntlɔøfɜ	fʁɔntlɔɔʏfɐ	compound	front|läufer	0.0	0.3	0.18181818181818182	fʁɔntlɔɪ̯fɐ	fɾɔntlɔøfɐ̯	0.09090909090909091	0.2727272727272727
Frontsänger	fʁɔntzɛŋɐ	fʁɔntzɛŋɐ	frɔntzɛŋɜ	fʁɔntzɛŋɐ	compound	front|sänger	0.0	0.2222222222222222	0.0	fʁɔntzɛŋɐ	fɾɔntzɛŋɐ̯	0.0	0.2
Frontsängern	fʁɔntzɛŋɐn	fʁɔntzɛŋɐn	frɔntzɛŋɜn	fʁɔntzɛŋɛʁn	compound	front|sängern	0.0	0.2	0.18181818181818182	fʁɔntzɛŋɐn	fɾɔntzɛŋɛɾn	0.0	0.2727272727272727
Frontsängers	fʁɔntzɛŋɐs	fʁɔntzɛŋɐs	frɔntzɛŋɜs	fʁɔntzɛŋɛʁs	compound	front|sängers	0.0	0.2	0.18181818181818182	fʁɔntzɛŋɐs	fɾɔntzɛŋɛɾs	0.0	0.2727272727272727
Frostwinter	fʁɔstvɪntɐ	fʁɔstvɪntɐ	frɔstvɪntɜ	fʁɔstvɪntɐ	compound	frost|winter	0.0	0.2	0.0	fʁɔstvɪntɐ	fɾɔstvɪntɐ̯	0.0	0.18181818181818182
Fruchtgenuss	fʁʊxtɡənʊs	fʁʊxtɡənʊs	frʊxtɡənʊs	fʁʊxtgənʊss	compound	frucht|genuss	0.0	0.1	0.18181818181818182	fʁʊxtɡənʊs	fɾʊxtgenʊss	0.0	0.36363636363636365
Fruchtstand	frʊxtʃtant	fʁʊxtʃtant	frʊxtstant	fʁʊxtstant	compound	frucht|stand	0.1	0.1	0.2	fʁʊxtʃtant	fɾʊxtstant	0.1	0.2
Fruchtstandes	frʊxtʃtandəs	fʁʊxtʃtandəs	frʊxtstandəs	fʁʊxtstandəs	compound	frucht|standes	0.08333333333333333	0.08333333333333333	0.16666666666666666	fʁʊxtʃtandəs	fɾʊxtstandəs	0.08333333333333333	0.16666666666666666
Fruchtstands	frʊxtʃtants	fʁʊxtʃtants	frʊxtstants	fʁʊxtstants	compound	frucht|stands	0.09090909090909091	0.09090909090909091	0.18181818181818182	fʁʊxtʃtant͡s	fɾʊxtstants	0.16666666666666666	0.18181818181818182
Fruchtstände	frʊxtʃtɛndə	fʁʊxtʃtɛndə	frʊxtʃtɛndə	fʁʊxtstɛndə	compound	frucht|stände	0.09090909090909091	0.0	0.18181818181818182	fʁʊxtʃtɛndə	fɾʊxtstɛndə	0.09090909090909091	0.18181818181818182
Fruchtverband	frʊxtfɛɐbant	fʁʊxtfɛɐbant	frʊxtfɜbant	fʁʊxtvɛʁbant	compound	frucht|verband	0.08333333333333333	0.18181818181818182	0.25	fʁʊxtfɛɐ̯bant	fɾʊxtvɛɾbant	0.15384615384615385	0.25
Fruchtverbandes	frʊxtfɛɐbandəs	fʁʊxtfɛɐbandəs	frʊxtfɜbandəs	fʁʊxtvɛʁbandəs	compound	frucht|verbandes	0.07142857142857142	0.15384615384615385	0.21428571428571427	fʁʊxtfɛɐ̯bandəs	fɾʊxtvɛɾbandəs	0.13333333333333333	0.21428571428571427
Fruchtverbands	frʊxtfɛɐbants	fʁʊxtfɛɐbants	frʊxtfɜbants	fʁʊxtvɛʁbants	compound	frucht|verbands	0.07692307692307693	0.16666666666666666	0.23076923076923078	fʁʊxtfɛɐ̯bant͡s	fɾʊxtvɛɾbants	0.2	0.23076923076923078
Fruchtverbände	frʊxtfɛɐbɛndə	fʁʊxtfɛɐbɛndə	frʊxtfɜbɛndə	fʁʊxtvɛʁbɛndə	compound	frucht|verbände	0.07692307692307693	0.16666666666666666	0.23076923076923078	fʁʊxtfɛɐ̯bɛndə	fɾʊxtvɛɾbɛndə	0.14285714285714285	0.23076923076923078
Frühlingsende	fʁyːlɪŋsɛndə	fʁylɪŋsɛndə	frylɪŋzəndə	fʁylɪŋzɛndə	compound	frühlings|ende	0.0	0.2727272727272727	0.09090909090909091	fʁylɪŋsɛndə	fɾylɪŋzɛndə	0.0	0.18181818181818182
Frühlingsenden	fʁyːlɪŋsɛndn	fʁylɪŋsɛndn	frylɪŋzəndən	fʁylɪŋzɛndən	compound	frühlings|enden	0.0	0.3333333333333333	0.16666666666666666	fʁylɪŋsɛndn̩	fɾylɪŋzɛndən	0.08333333333333333	0.25
Frühlingsendes	fʁyːlɪŋsɛndəs	fʁylɪŋsɛndəs	frylɪŋzəndəs	fʁylɪŋzɛndəs	compound	frühlings|endes	0.0	0.25	0.08333333333333333	fʁylɪŋsɛndəs	fɾylɪŋzɛndəs	0.0	0.16666666666666666
Frühstücksbrötchen	fʁyːʃtʏksbʁøːtcən	fʁyʃtʏksbʁøtcən	fryʃtyksbɾøtcən	fʁystʏksbʁœtcən	compound	frühstücks|brötchen	0.0	0.2	0.13333333333333333	fʁyʃtʏksbʁøtçən	fɾystʏkzbrœtçən	0.06666666666666667	0.4
Fuchsschwalbe	fʊksʃvalbə	fʊksʃvalbə	fʊkscvalbə	fʊxsstsvalbə	compound	fuchs|schwalbe	0.0	0.1	0.3333333333333333	fʊksʃvalbə	fʊxsstsvalbə	0.0	0.3333333333333333
Fuchsschwalben	fʊksʃvalbm	fʊksʃvalbm	fʊkscvalbən	fʊxsstsvalbən	compound	fuchs|schwalben	0.0	0.2727272727272727	0.46153846153846156	fʊksʃvalbm̩	fʊxsstsvalbən	0.09090909090909091	0.46153846153846156
Fundamentalsatz	fʊndamɛntaːlzats	fʊndamɛntalzats	fʊndamɛntalzats	fʊndamɛntalzats	compound	fundamental|satz	0.0	0.0	0.0	fʊndamɛntalzat͡s	fʊndɑmɛntalzats	0.0625	0.06666666666666667
Fundamentalsatze	fʊndamɛntaːlzɛtsə	fʊndamɛntalzatsə	fʊndamɛntalzatsə	fʊndamɛntalzatsə	compound	fundamental|satze	0.0625	0.0625	0.0625	fʊndamɛntalzat͡sə	fʊndɑmɛntalzatsə	0.11764705882352941	0.125
Fundamentalsatzes	fʊndamɛntaːlzɛtsəs	fʊndamɛntalzatsəs	fʊndamɛntalzatsəs	fʊndamɛntalzatsəs	compound	fundamental|satzes	0.058823529411764705	0.058823529411764705	0.058823529411764705	fʊndamɛntalzat͡səs	fʊndɑmɛntalzatsəs	0.1111111111111111	0.11764705882352941
Fundamentalsätze	fʊndamɛntaːlzɛtsə	fʊndamɛntalzɛtsə	fʊndamɛntalzɛtsə	fʊndamɛntalzɛtsə	compound	fundamental|sätze	0.0	0.0	0.0	fʊndamɛntalzɛt͡sə	fʊndɑmɛntalzɛtsə	0.058823529411764705	0.0625
Fundamentalsätzen	fʊndamɛntaːlzɛtsn	fʊndamɛntalzɛtsn	fʊndamɛntalzɛtsən	fʊndamɛntalzɛtsən	compound	fundamental|sätzen	0.0	0.058823529411764705	0.058823529411764705	fʊndamɛntalzɛt͡sn̩	fʊndɑmɛntalzɛtsən	0.1111111111111111	0.11764705882352941
Funkantenne	fʊŋkantɛnə	faŋkantɛnə	fʊŋkantɛnə	fʊŋkantɛnnə	compound	funk|antenne	0.1	0.0	0.09090909090909091	fʊŋkantɛnə	fʊŋkantɛnnə	0.0	0.09090909090909091
Funkemariechen	fʊŋkəmaʁiːcən	fʊŋkəmaʁicən	fʊŋkemɑricən	fʊŋkəmaʁicən	compound	funke|mariechen	0.0	0.25	0.0	fʊŋkəmaʁiçn̩	fʊŋkemɑɾiçən	0.25	0.3333333333333333
Futterluke	fʊtɐluːkə	fʊtɐlukə	fʊtɜlukə	fʊtɛʁlukə	compound	futter|luke	0.0	0.125	0.2222222222222222	fʊtɐlukə	fʊtɛɾlukə	0.0	0.2222222222222222
Futterreißer	fʊtɐʁaɪsɐ	fʊtɐʁaɪsəʁ	fʊtɜraɪsɜ	fʊtɛʁʁaeszɐ	compound	futter|reiße|r	0.2	0.3333333333333333	0.36363636363636365	fʊtɐʁaɪ̯sɐ	fʊtɛɾɾaeʃɐ̯	0.1	0.5454545454545454
Futterzerreißer	fʊtɐtsɛɐʁaɪsɐ	fʊtɐtsɛɐʁaɪsəʁ	fʊtɜtsɜraɪsɜ	fʊtɛʁtsɛʁʁaeszɐ	compound	futter|zerreiße|r	0.14285714285714285	0.4166666666666667	0.3333333333333333	fʊtɐt͡sɛɐ̯ʁaɪ̯sɐ	fʊtɛɾtsɛɾɾaeʃɐ̯	0.1875	0.4666666666666667
Fußballen	fuːsbalən	fusbalən	fʊsbalən	fʊssballən	compound	fußballe|n	0.0	0.125	0.3	fusbalən	fuabalən	0.0	0.125
Fußballwettkämpfer	fuːsbalvɛtkɛmpfɐ	fusbalvɛtkɛmpfəʁ	fʊsbalvɛtkɛmpfɜ	fʊssballvɛttkɛmpfɐ	compound	fußballwettkämpfe|r	0.125	0.13333333333333333	0.2222222222222222	fusbalvɛtkɛmp͡fɐ	fuaballvɛttkɛmpfɐ̯	0.0625	0.2222222222222222
Fußbodenleiste	fuːsboːdnlaɪstə	fusbodnlaɪstə	fʊsbodɛnlaɪstə	fʊssbodɛnləɪstə	compound	fußboden|leiste	0.0	0.14285714285714285	0.26666666666666666	fusbodn̩laɪ̯stə	fu:abodɛnləɪstə	0.13333333333333333	0.26666666666666666
Fußgrösse	fuːsɡʁøːsə	fusɡʁøszɛ	fʊsɡɾœsə	fʊszgʁœszə	compound	fuß|g|r|ös|se	0.2222222222222222	0.375	0.5	fusɡʁœsə	fugɾœszə	0.125	0.625
Fußgröße	fuːsɡʁøːsə	fusɡʁøsə	fʊsɡɾøsə	fʊszgʁœszə	compound	fuß|größe	0.0	0.25	0.5	fusɡʁøsə	fuagɾøzə	0.0	0.5
Fußnotenapparat	fuːsnoːtənapaʁaːt	fusnotnapaʁat	fʊsnotɛnaparɑt	fʊssnotenappaʁat	compound	fußnoten|apparat	0.07692307692307693	0.2857142857142857	0.25	fusnotn̩apaʁat	fuanotenappɑɾɑt	0.14285714285714285	0.4
Fußschweißes	fuːsʃvaɪsəs	fusʃvaɪsəs	fʊsʃvaɪsəs	fʊssstsvaeszəs	compound	fuß|schweißes	0.0	0.1	0.5	fusʃvaɪ̯səs	fuʃvaepəs	0.09090909090909091	0.3333333333333333
Fährturm	fɛːɐtʊʁm	fɛɾtʊʁm	fɛɾt??m	fɛʁtʊʁm	compound	fähr|turm	0.14285714285714285	0.42857142857142855	0.14285714285714285	fɛɐ̯tʊʁm	fɛɾtʊɾm	0.125	0.2857142857142857
Förtchen	fœʁtcən	fœʁtcən	fœɾtcən	fœʁtcən	compound	f|örtchen	0.0	0.14285714285714285	0.0	fœʁtçən	fœɾtçən	0.14285714285714285	0.2857142857142857
Führergruß	fyːʁɐɡʁuːs	fyʁɐɡʁus	fyrɜɡɾus	fyʁɛʁgʁʊss	compound	führer|gruß	0.0	0.375	0.5	fyʁɐɡʁus	fyɾɛɾgɾus	0.0	0.5555555555555556
Fünfeckpyramide	fynfɛkpyʁamiːdə	fʏnfɛkpyʁamidə	fynfɛkpyramidə	fʏnfɛkpyʁamidə	compound	fünfeck|pyramide	0.07142857142857142	0.07142857142857142	0.07142857142857142	fʏnfɛkpyʁamidə	fʏnfɛkpyɾɑmidə	0.07142857142857142	0.21428571428571427
Fünfeckpyramiden	fynfɛkpyʁamiːdən	fʏnfɛkpyʁamidən	fynfɛkpyramidən	fʏnfɛkpyʁamidən	compound	fünfeck|pyramiden	0.06666666666666667	0.06666666666666667	0.06666666666666667	fʏnfɛkpyʁamidn̩	fʏnfɛkpyɾɑmidən	0.2	0.2
Fünfflächner	fynfflɛcnɐ	fʏnfflɛcnɐ	fynflɛcnɜ	fʏnfflɛcnɐ	compound	fünf|fl|ä|ch|ner	0.1	0.2222222222222222	0.1	fʏnfflɛçnɐ	fʏnfflɛçnɐ̯	0.2	0.2727272727272727
Fünfflächners	fynfflɛcnɐs	fʏnfflɛcnɐs	fynflɛcnɜs	fʏnfflɛcnɛʁs	compound	fünf|fl|ä|ch|ner|s	0.09090909090909091	0.2	0.25	fʏnfflɛçnɐs	fʏnfflɛçnɛɾs	0.18181818181818182	0.3333333333333333
Fünfhundertjahrfeier	fʏnfhʊndɐtjaːɐfaɪɐ	fʏnfhʊndɐtjaɐfaɪɐ	fynfhʊndɜtjɑɾfaɪɜ	fʏnfʊndɛʁtjaʁfəiɐ	compound	fünfhundert|jahr|feier	0.0	0.29411764705882354	0.35294117647058826	fʏnfhʊndɐtjaɐ̯faɪ̯ɐ	fʏnfʊndɛɾtjɑɾfəiɐ̯	0.10526315789473684	0.4444444444444444
Fünfklang	fʏnfklaŋ	fʏnfklaŋ	fynfklaŋ	fʏnfklaŋ	compound	fünf|klang	0.0	0.125	0.0	fʏnfklaŋ	fʏnfklaŋ	0.0	0.0
Fünfunddreißigstel	fʏnfʊntdʁaɪsɪcstəl	fʏnfʊntdʁaɪsɪkstəl	fynfʊndɾaɪsɪcstəl	fʏnfʊndʁaeszɪgstəl	compound	fünfunddreißigste|l	0.05555555555555555	0.17647058823529413	0.2222222222222222	fʏnfʊntdʁaɪ̯sɪkstl̩	fʏnfʊnddɾaezɪgstel	0.21052631578947367	0.3333333333333333
Fünfunddreißigstels	fʏnfʊntdʁaɪsɪcstəls	fʏnfʊntdʁaɪsɪkstəls	fynfʊndɾaɪsɪcstəls	fʏnfʊndʁaeszɪgstɛls	compound	fünfunddreißigste|l|s	0.05263157894736842	0.16666666666666666	0.2631578947368421	fʏnfʊntdʁaɪ̯sɪkstəls	fʏnfʊnddɾaejɪgstɛls	0.1	0.3157894736842105
Fünfundfünfzigjährige	fʏnfʊntfʏnftsɪcjɛːʁɪɡə	fʏnfʊntfʏnftsɪkjɛʁɪɡə	fynfʊntfynftsɪɡjɛrɪɡə	fʏnfʊntfʏnftsɪkjɛʁɪgə	compound	fünfundfünfzig|jährige	0.047619047619047616	0.19047619047619047	0.09523809523809523	fʏnfʊntfʏnft͡sɪkjɛʁɪɡə	fʏnfʊntfʏnftsɪkjɛɾɪgə	0.09090909090909091	0.14285714285714285
Fünfundfünfzigjähriger	fʏnfʊntfʏnftsɪcjɛːʁɪɡɐ	fʏnfʊntfʏnftsɪkjɛʁɪɡɐ	fynfʊntfynftsɪɡjɛrɪɡɜ	fʏnfʊntfʏnftsɪkjɛʁɪgɐ	compound	fünfundfünfzig|jähriger	0.047619047619047616	0.23809523809523808	0.09523809523809523	fʏnfʊntfʏnft͡sɪkjɛʁɪɡɐ	fʏnfʊntfʏnftsɪkjɛɾɪgɐ̯	0.09090909090909091	0.18181818181818182
Fünfundvierzigjährige	fʏnfʊntfɪɐtsɪcjɛːʁɪɡə	fʏnfʊntfɪʁtsɪkjɛʁɪɡə	fynfʊndviɾtsɪɡjɛrɪɡə	fʏnfʊntviʁtsɪkjɛʁɪgə	compound	fünfundvierzig|jährige	0.1	0.35	0.25	fʏnfʊntfiʁt͡sɪkjɛʁɪɡə	fʏnfʊntviɾtsɪkjɛɾɪgə	0.19047619047619047	0.3
Fünfundvierzigjähriger	fʏnfʊntfɪɐtsɪcjɛːʁɪɡɐ	fʏnfʊntfɪʁtsɪkjɛʁɪɡɐ	fynfʊndviɾtsɪɡjɛrɪɡɜ	fʏnfʊntviʁtsɪkjɛʁɪgɐ	compound	fünfundvierzig|jähriger	0.1	0.4	0.25	fʏnfʊntfiʁt͡sɪkjɛʁɪɡɐ	fʏnfʊntviɾtsɪkjɛɾɪgɐ̯	0.19047619047619047	0.3333333333333333
Fünfundvierzigstel	fʏnfʊntfɪʁtsɪcstəl	fʏnfʊntfɪʁtsɪkstəl	fynfʊndviɾtsɪcstəl	fʏnfʊntviʁtsɪgstəl	compound	fünfundvierzig|ste|l	0.05555555555555555	0.2777777777777778	0.16666666666666666	fʏnfʊntfɪʁt͡sɪkstl̩	fʏnfʊntviɾtsɪgstel	0.21052631578947367	0.2777777777777778
Fünfundvierzigstels	fʏnfʊntfɪʁtsɪcstəls	fʏnfʊntfɪʁtsɪkstls	fynfʊndviɾtsɪcstəls	fʏnfʊntviʁtsɪgstɛls	compound	fünf|und|vierzigstels	0.1111111111111111	0.2631578947368421	0.21052631578947367	fʏnfʊntfɪʁt͡sɪkstəls	fʏnfʊntviɾtsɪgstɛls	0.1	0.2631578947368421
Fünfundzwanzigstel	fʏnfʊnttsvantsɪcstəl	fʏnfʊnttsvantsɪkstəl	fynfʊnttsvantsɪcstəl	fʏnfʊnttsvantsɪgstəl	compound	fünfundzwanzigste|l	0.05	0.05	0.05	fʏnfʊntt͡svant͡sɪkstəl	fʏnfʊnttsvantsɪgstel	0.13636363636363635	0.1
Fünfundzwanzigstels	fʏnfʊnttsvantsɪcstəls	fʏnfʊnttsvantsɪkstəls	fynfʊnttsvantsɪcstəls	fʏnfʊnttsvantsɪgstɛls	compound	fünfundzwanzigste|l|s	0.047619047619047616	0.047619047619047616	0.09523809523809523	fʏnfʊntt͡svant͡sɪkstəls	fʏnfʊnttsvantsɪgstɛls	0.13043478260869565	0.09523809523809523
Fünfzehntel	fʏnftseːntəl	fʏnftsentəl	fynftsentəl	fʏnftsentəl	compound	fünfzehnte|l	0.0	0.09090909090909091	0.0	fʏnft͡sentl̩	fʏnftsentel	0.25	0.09090909090909091
Fünfzehntels	fʏnftseːntəls	fʏnftsentls	fynftsentəls	fʏnftsentɛls	compound	fünf|zehntels	0.09090909090909091	0.08333333333333333	0.08333333333333333	fʏnft͡sentl̩s	fʏnftsentɛls	0.23076923076923078	0.08333333333333333
Fürsichtigkeit	fyːɐzɪctɪckaɪt	fyɐzɪctɪckaɪt	fyɾzɪctɪckaɪt	fʏʁzɪctɪkkəit	compound	für|sicht|igkeit	0.0	0.07692307692307693	0.38461538461538464	fyɐ̯zɪçtɪkkaɪ̯t	fʏɾzɪçtɪkkəit	0.26666666666666666	0.46153846153846156
Fürstabt	fʏʁstapt	fʏʁstapt	fyɾstɑpt	fʏʁstapt	compound	fürst|abt	0.0	0.375	0.0	fyɐ̯ʃtapt	fʏɾstapt	0.4444444444444444	0.125
Fürstprimas	fʏʁstpʁiːmas	fʏʁstpʁimas	fyɾstpɾimɑs	fʏʁstpʁimas	compound	fürst|primas	0.0	0.36363636363636365	0.0	fʏʁstpʁimas	fʏɾstpɾimɑs	0.0	0.2727272727272727
Gabenbereitung	ɡaːbnbəʀaɪtʊŋ	ɡabnbəraɪtʊŋ	ɡɑbənbəraɪtʊŋ	gabənbɐəitʊŋ	compound	gaben|bereitung	0.08333333333333333	0.23076923076923078	0.5	ɡabn̩bəʁaɪ̯tʊŋ	gɑbɛnbɐ̯əitʊŋ	0.21428571428571427	0.5384615384615384
Galgenmännchen	ɡalɡənmɛncən	ɡalɡnmɛncən	ɡalɡənmɛncən	galgɛnmɛnncən	compound	galgen|männchen	0.09090909090909091	0.0	0.3076923076923077	ɡalɡn̩mɛnçən	galgɛnmɛnnçən	0.25	0.38461538461538464
Galmei	ɡalmaɪ	ɡalmaɪ	ɡalmaɪ	galmae	compound	ga|l|mei	0.0	0.0	0.3333333333333333	ɡalməi	galmae	0.3333333333333333	0.3333333333333333
Gamanders	ɡamandɐs	ɡamandɐs	ɡɑmandɜs	gamandɛʁs	compound	gamander|s	0.0	0.25	0.3333333333333333	ɡamandɐs	gɑmandɛɾs	0.0	0.4444444444444444
Gammelbrüdern	ɡamlbʁyːdɐn	ɡaməlbʁydɐn	ɡaməlbɾydɜn	gammɛlbʁydɛʁn	compound	gammel|brüdern	0.09090909090909091	0.2727272727272727	0.38461538461538464	ɡaml̩bʁydɐn	gammɛlbrydɛɾn	0.09090909090909091	0.46153846153846156
Gaschromatografie	ɡaːskʁomatoɡʁafiː	ɡaskʁomatoɡʁafi	ɡaʃromɑtɔɡɾafi	gaʃʁomatɔgʁafiə	compound	gas|chromato|grafie	0.0	0.42857142857142855	0.4	ɡaskʁomatoɡʁafi	gaʃɾomɑtɔgɾɑfijə	0.0	0.6875
Gaschromatographie	ɡaːskʁomatoɡʁafiː	ɡaskʁomatoɡʁafi	ɡaʃromɑtɔɡɾafi	gaʃʁomatɔgʁafiə	compound	gas|chromatographie	0.0	0.42857142857142855	0.4	ɡaskʁomatoɡʁafi	gaʃɾomɑtɔgɾafijə	0.0	0.625
Gasentladungsröhren	ɡaːsʔɛntlaːdʊŋsʁøːʁən	ɡasɛntladʊŋsʁøʁən	ɡɑzəntlɑdʊŋsrørən	gazɛntladʊŋsʁɔʏʁən	compound	gas|entladungsröhren	0.0	0.35294117647058826	0.2222222222222222	ɡasɛntladʊŋsʁøʁən	gɑzɛntlɑdʊŋsɾøɾən	0.0	0.35294117647058826
Gastkommentar	ɡastkɔmɛntaːɐ	ɡastkɔmɛntaɐ	ɡastkɔməntɑɾ	gastkɔmmɛntaʁ	compound	gast|kommentar	0.0	0.25	0.23076923076923078	ɡastkɔmmɛntaʁ	gastkommɛntaɽ	0.15384615384615385	0.3076923076923077
Gastkommentare	ɡastkɔmɛntaːʁə	ɡastkɔmɛntaʁə	ɡastkɔməntɑrə	gastkɔmmɛntaʁə	compound	gast|kommentare	0.0	0.23076923076923078	0.14285714285714285	ɡastkɔmɛntaʁə	gastkommɛntaɽə	0.0	0.2857142857142857
Gastkommentares	ɡastkɔmɛntaːʁəs	ɡastkɔmɛntaʁəs	ɡastkɔməntɑrəs	gastkɔmmɛntaʁəs	compound	gast|kommentare|s	0.0	0.21428571428571427	0.13333333333333333	ɡastkɔməntaʁəs	gastkommɛntaɽəs	0.07142857142857142	0.26666666666666666
Gastkommentars	ɡastkɔmɛntaːɐs	ɡastkɔmɛntaɐs	ɡastkɔməntɑɾs	gastkɔmmɛntaʁs	compound	gast|kommentars	0.0	0.23076923076923078	0.21428571428571427	ɡastkɔmmɛntaɐ̯s	gastkɔmmɛntaɾs	0.13333333333333333	0.21428571428571427
Gasuhr	ɡaːsʔuːɐ	ɡasuɐ	ɡɑzuɾ	gazuʁ	compound	gas|uhr	0.0	0.6	0.6	ɡasuɐ̯	gɑzuɾ	0.16666666666666666	0.8
Gaszentrifuge	ɡaːstsɛntʁifuːɡə	ɡastsɛntʁifuɡə	ɡastsəntɾifuɡə	gastsɛntʁifugə	compound	gas|zentrifuge	0.0	0.14285714285714285	0.14285714285714285	ɡast͡sɛntʁifuɡə	gastsɛntɾifugə	0.06666666666666667	0.21428571428571427
Gattungszahlwort	ɡatʊŋstsaːlvɔrt	ɡatʊŋstsalvɔʁt	ɡatʊŋstsɑlvɔɾt	gatʊŋstsalvɔʁt	compound	gattung|s|zahlwort	0.07142857142857142	0.14285714285714285	0.14285714285714285	ɡatʊŋst͡salvɔʁt	gatʊŋstsɑlvɔɾt	0.13333333333333333	0.21428571428571427
Gaugraf	ɡaʊɡʁaːf	ɡaʊɡʁaf	ɡaʊɡɾɑf	gaogʁaf	compound	gau|graf	0.0	0.2857142857142857	0.42857142857142855	ɡaʊ̯ɡʁaf	gaogɾɑf	0.125	0.7142857142857143
Gaugräfin	ɡaʊɡʁɛːfɪn	ɡaʊɡʁɛfɪn	ɡaʊɡɾɛfɪn	gaogʁɛfɪn	compound	gau|gräfin	0.0	0.1111111111111111	0.3333333333333333	ɡaʊ̯ɡʁɛfɪn	gaogɾɛfɪn	0.1	0.4444444444444444
Gebietshoheit	ɡəbiːtshoːhaɪt	ɡəbitshohaɪt	ɡəbitshoaɪt	gəbitsoəit	compound	gebiets|hoheit	0.0	0.09090909090909091	0.5	ɡəbit͡shohaɪ̯t	gəbitsoəit	0.14285714285714285	0.5
Gebärfreudigkeit	ɡəbɛːɐfʁɔɪdɪckaɪt	ɡəbɛɐfrɔødɪckaɪt	ɡəbɛɾfrɔødɪckaɪt	gəbɛʁfʁɔɔʏdɪkkəit	compound	gebär|freudigkeit	0.125	0.1875	0.4117647058823529	ɡəbɛɐ̯fʁɔɪ̯dɪkkaɪ̯t	gəbɛɾfɾɔødɪkkəit	0.21052631578947367	0.4375
Gebäudeverkleidung	ɡəbɔʏdəfɛʁklaɪdʊŋ	ɡəbɔɪdəfɛɐklaɪdʊŋ	ɡəbɔødefɜklaɪdʊŋ	gəbɔɔʏdevɛʁklaedʊŋ	compound	gebäude|verkleidung	0.11764705882352941	0.25	0.2777777777777778	ɡəbɔɪ̯dəfɛɐ̯klaɪ̯dʊŋ	gəbɔødevɛɾklaedʊŋ	0.25	0.35294117647058826
Gebäudeverkleidungen	ɡəbɔʏdəfɛʁklaɪdʊŋən	ɡəbɔɪdəfɐklaɪdʊŋən	ɡəbɔødefɜklaɪdʊŋən	gəbɔɔʏdevɛʁklaedʊŋən	compound	gebäude|verkleidungen	0.16666666666666666	0.2222222222222222	0.25	ɡəbɔɪ̯dəfɐklaɪ̯dʊŋən	gəbɔødevɛɾklaedʊŋən	0.25	0.3157894736842105
Gedankenblase	ɡədaŋkənblaːzə	ɡədaŋknblazə	ɡədankənblɑzə	gədaŋkɛnblazə	compound	gedanken|blase	0.08333333333333333	0.15384615384615385	0.15384615384615385	ɡədaŋkn̩blazə	gədaŋkɛnblɑzə	0.15384615384615385	0.23076923076923078
Gedankenbläschen	ɡədaŋkənblɛːscən	ɡədaŋknblɛscən	ɡədankənblɛscən	gədaŋkɛnblɛʃən	compound	gedanken|bläschen	0.07142857142857142	0.06666666666666667	0.2857142857142857	ɡədaŋkn̩blɛsçən	gədaŋkɛnblɛʃən	0.2	0.2857142857142857
Gedankenursprung	ɡədaŋkənuːɐʃpʁʊŋ	ɡədaŋknuɐʃpʁʊŋ	ɡədankən??ʃpɾʊŋ	gədaŋkənʊʁspʁʊŋ	compound	gedanken|ursprung	0.07142857142857142	0.26666666666666666	0.26666666666666666	ɡədaŋkn̩uɐ̯ʃpʁʊŋ	gədaŋkenʊɾspɾʊŋ	0.1875	0.4
Gedankenursprunges	ɡədaŋkənuːɐʃpʁʊŋəs	ɡədaŋknuɐʃpʁʊŋəs	ɡədankən??ʃpɾʊŋəs	gədaŋkənʊʁspʁʊŋəs	compound	gedanken|ursprunges	0.0625	0.23529411764705882	0.23529411764705882	ɡədaŋkn̩uɐ̯ʃpʁʊŋəs	gədaŋkenʊɾspɾʊŋəs	0.16666666666666666	0.35294117647058826
Gedankenursprungs	ɡədaŋkənuːɐʃpʁʊŋs	ɡədaŋknuɐʃpʁʊŋs	ɡədankən??ʃpɾʊŋs	gədaŋkənʊʁspʁʊŋs	compound	gedanken|ursprungs	0.06666666666666667	0.25	0.25	ɡədaŋkn̩uɐ̯ʃpʁʊŋs	gədaŋkenʊɾspɾʊŋs	0.17647058823529413	0.375
Gedankenursprünge	ɡədaŋkənuːɐʃpʁʏŋə	ɡədaŋknuɐʃpʁʏŋə	ɡədankən??ʃpɾyŋə	gədaŋkənʊʁspʁʏŋə	compound	gedanken|ursprünge	0.06666666666666667	0.3125	0.25	ɡədaŋkn̩uɐ̯ʃpʁʏŋə	gədaŋkenʊɾspɾʏŋə	0.17647058823529413	0.375
Geflecktheit	ɡəflɛkthaɪt	ɡəflɛkthaɪt	ɡəflɛktaɪt	gəflɛktəit	compound	gefleckt|heit	0.0	0.1	0.4	ɡəflɛkthaɪ̯t	gəflɛktəit	0.08333333333333333	0.4
Gefriertrocknungsvorgang	ɡəfʁiːɐtʁɔknʊŋsfoːɐɡaŋ	ɡəfʁiɐtʁɔknʊŋsfoɐɡaŋ	ɡəfriɾtɾɔknʊŋsfoɾɡaŋ	gəfʁiʁtʁɔknʊŋsvɔʁgaŋ	compound	gefriertrocknung|s|vorgang	0.0	0.2	0.3	ɡəfʁiɐ̯tʁɔknʊŋsfoɐ̯ɡaŋ	gəfɾiɾtɾɔknʊŋsvɔɾgaŋ	0.09090909090909091	0.4
Gefriertrocknungsvorganges	ɡəfʁiːɐtʁɔknʊŋsfoːɐɡaŋəs	ɡəfʁiɐtʁɔknʊŋsfoɐɡaŋəs	ɡəfriɾtɾɔknʊŋsfoɾɡaŋəs	gəfʁiʁtʁɔknʊŋsvɔʁgaŋəs	compound	gefriertrocknung|s|vorganges	0.0	0.18181818181818182	0.2727272727272727	ɡəfʁiɐ̯tʁɔknʊŋsfoɐ̯ɡaŋəs	gəfɾiɾtɾɔknʊŋsvɔɾgaŋəs	0.08333333333333333	0.36363636363636365
Gefriertrocknungsvorgangs	ɡəfʁiːɐtʁɔknʊŋsfoːɐɡaŋs	ɡəfʁiɐtʁɔknʊŋsfoɐɡaŋs	ɡəfriɾtɾɔknʊŋsfoɾɡaŋs	gəfʁiʁtʁɔknʊŋsvɔʁgaŋs	compound	gefriertrocknung|s|vorgangs	0.0	0.19047619047619047	0.2857142857142857	ɡəfʁiɐ̯tʁɔknʊŋsfoɐ̯ɡaŋs	gəfɾiɾtɾɔknʊŋsvɔɾgaŋs	0.08695652173913043	0.38095238095238093
Gefriertrocknungsvorgänge	ɡəfʁiːɐtʁɔknʊŋsfoːɐɡɛŋə	ɡəfʁiɐtʁɔknʊŋsfoɐɡɛŋə	ɡəfriɾtɾɔknʊŋsfoɾɡɛŋə	gəfʁiʁtʁɔknʊŋsvɔʁgɛŋə	compound	gefriertrocknung|s|vorgänge	0.0	0.19047619047619047	0.2857142857142857	ɡəfʁiɐ̯tʁɔknʊŋsfoɐ̯ɡɛŋə	gəfɾiɾtɾɔknʊŋsvɔɾgɛŋə	0.08695652173913043	0.38095238095238093
Gefäßwand	ɡəfɛːsvant	ɡəfɛsvant	ɡəfɛsvant	gəfɛssvant	compound	gefäß|wand	0.0	0.0	0.2	ɡəfɛsvant	gəfɛtvant	0.0	0.2222222222222222
Gegenwartsbezogenheit	ɡeːɡnvaʁtsbətsoːɡŋhaɪt	ɡeɡnvaʁtsbətsoɡnhaɪt	ɡeɡənvaɾtsbetsoɡənhaɪt	gəgənvaʁtsbetsogənəit	compound	gegenwart|s|bezogen|heit	0.05	0.22727272727272727	0.47619047619047616	ɡeɡn̩vaʁt͡sbət͡soɡn̩haɪ̯t	gəgənvaɾtsbetsogɛnəit	0.24	0.5238095238095238
Gegenzeichner	ɡeːɡntsaɪcnɐ	ɡeɡntsaɪcnəʁ	ɡeɡəntsaɪcnɜ	gəgɛntsaecnɐ	compound	gegenzeichne|r	0.16666666666666666	0.16666666666666666	0.4166666666666667	ɡeɡn̩t͡saɪ̯çnɐ	gəgəntsaeçnɐ̯	0.2857142857142857	0.5384615384615384
Gegenzeichnung	ɡeːɡntsaɪcnʊŋ	ɡeɡntsaɪcnʊŋ	ɡeɡəntsaɪcnʊŋ	gəgɛntsaecnʊŋ	compound	gegen|zeichnung	0.0	0.07692307692307693	0.38461538461538464	ɡeɡn̩t͡saɪ̯çnʊŋ	gəgəntsaeçnʊŋ	0.26666666666666666	0.46153846153846156
Geheimfavorit	ɡəhaɪmfavoʁiːt	ɡəhaɪmfavoʁit	ɡəhaɪmfavorɪt	gəhaemfafoʁit	compound	geheim|favorit	0.0	0.15384615384615385	0.23076923076923078	ɡəhaɪ̯mfavoʁit	gəhaemfɑvoɾit	0.07142857142857142	0.3076923076923077
Gehirnstrom	ɡəhɪʁnʃtʁoːm	ɡəhɪʁnʃtʁom	ɡəhɪɾnstɾom	gəhɪʁnstʁom	compound	gehirn|strom	0.0	0.2727272727272727	0.18181818181818182	ɡəhɪʁnʃtʁom	gəhɪɾnstɾom	0.0	0.36363636363636365
Geißblatt	ɡaɪsblat	ɡaɪsblat	ɡaɪsblat	gaessblat	compound	geiß|blatt	0.0	0.0	0.3333333333333333	ɡaɪ̯sblat	gəisblat	0.1111111111111111	0.375
Geißblattes	ɡaɪsblatəs	ɡaɪsblatəs	ɡaɪsblatəs	gaessblatəs	compound	geiß|blattes	0.0	0.0	0.2727272727272727	ɡaɪ̯sblatəs	gəizblatəs	0.09090909090909091	0.4
Geißblatts	ɡaɪsblats	ɡaɪsblats	ɡaɪsblats	gaessblatts	compound	geiß|blatts	0.0	0.0	0.36363636363636365	ɡaɪ̯sblat͡s	gəizblatts	0.18181818181818182	0.5
Geißblätter	ɡaɪsblɛtɐ	ɡaɪsblɛtɐ	ɡaɪsblɛtɜ	gaeszblɛtɐ	compound	geiß|blätter	0.0	0.1111111111111111	0.3	ɡaɪ̯sblɛtɐ	gəiblɛtɐ̯	0.1	0.5555555555555556
Gelbgold	ɡɛlpɡɔlt	ɡɛlpɡɔlt	ɡɛlbɡɔlt	gɛlpgɔlt	compound	gelb|gold	0.0	0.125	0.25	ɡɛlpɡɔlt	gəlpgɔlt	0.0	0.375
Gelbgoldes	ɡɛlpɡɔldəs	ɡɛlpɡɔldəs	ɡɛlbɡɔldəs	gɛlpgɔldəs	compound	gelb|goldes	0.0	0.1	0.2	ɡɛlpɡɔldəs	gəlpgɔldəs	0.0	0.3
Gelbgolds	ɡɛlpɡɔlts	ɡɛlpɡɔlts	ɡɛlbɡɔlts	gɛlpgɔlts	compound	gelb|golds	0.0	0.1111111111111111	0.2222222222222222	ɡɛlpɡɔlt͡s	gəlpgɔlts	0.1	0.3333333333333333
Gelbstoff	ɡɛlpʃtɔf	ɡɛlpstɔf	ɡɛlpstɔf	gɛlbstɔff	compound	gelbs|toff	0.125	0.125	0.4444444444444444	ɡɛlpʃtɔf	gəlbʃtɔff	0.0	0.4444444444444444
Gelbstoffe	ɡɛlpʃtɔfə	ɡɛlpstɔfə	ɡɛlpstɔfə	gɛlbstɔffə	compound	gelbs|toffe	0.1111111111111111	0.1111111111111111	0.4	ɡɛlpʃtɔfə	gəlbʃtɔffə	0.0	0.4
Gelbstoffen	ɡɛlpʃtɔfn	ɡɛlpstɔfn	ɡɛlpstɔfən	gɛlbstɔffən	compound	gelbs|toffen	0.1111111111111111	0.2	0.45454545454545453	ɡɛlpʃtɔfn̩	gəlbʃtɔffən	0.1	0.45454545454545453
Gelbstoffes	ɡɛlpʃtɔfəs	ɡɛlpstɔfəs	ɡɛlpstɔfəs	gɛlbstɔffəs	compound	gelbs|toffes	0.1	0.1	0.36363636363636365	ɡɛlpʃtɔfəs	gəlbʃtɔffəs	0.0	0.36363636363636365
Gelbstoffs	ɡɛlpʃtɔfs	ɡɛlpʃtɔfs	ɡɛlpstɔfs	gɛlbstɔffs	compound	gelb|stoffs	0.0	0.1111111111111111	0.4	ɡɛlpʃtɔfs	gəlbʃtɔffs	0.0	0.4
Geldmacherei	ɡɛltmaxəʁaɪ	ɡɛltmaxɐaɪ	ɡɛldmaxeraɪ	gɛltmaxɐae	compound	geld|macher|ei	0.2	0.2727272727272727	0.4	ɡɛltmaxɐaɪ̯	gəltmaxɐ̯ae	0.2727272727272727	0.45454545454545453
Geldscheinbündel	ɡɛltʃaɪnbʏndəl	ɡɛltʃaɪnbʏndl	ɡɛltʃaɪnbyndəl	gɛltʃaenbʏndel	compound	geldschein|bündel	0.07692307692307693	0.07142857142857142	0.21428571428571427	ɡɛltʃaɪ̯nbʏndl̩	gəltʃaenbʏndel	0.2	0.2857142857142857
Gelindigkeit	ɡəlɪndɪckaɪt	ɡəlɪntɪckaɪt	ɡəlɪndɪckaɪt	gəlɪndɪkkəit	compound	gelind|igkeit	0.08333333333333333	0.0	0.3333333333333333	ɡəlɪndɪkkaɪ̯t	gəlɪndɪkkəit	0.15384615384615385	0.3333333333333333
Geländestufe	ɡəlɛndəʃtuːfə	ɡəlɛndəʃtufə	ɡəlɛndɛʃtufə	gəlɛndɛstufə	compound	gelände|stufe	0.0	0.08333333333333333	0.25	ɡəlɛndəʃtufə	gəlɛndɛstufə	0.0	0.25
Gemballa	ɡɛmbala	ɡembala	ɡɛmbalɑ	gəmballa	compound	ge|m|ball|a	0.14285714285714285	0.14285714285714285	0.375	ɡəbala	gəmballɑ	0.3333333333333333	0.5
Gemeindebackhaus	ɡəmaɪndəbakhaʊs	ɡəmaɪndəbakhaʊs	ɡəmaɪndebakhaʊs	gəmaendebakaos	compound	gemeinde|backhaus	0.0	0.06666666666666667	0.35714285714285715	ɡəmaɪ̯ndəbakhaʊ̯s	gəmaendebakaos	0.11764705882352941	0.35714285714285715
Gemischtware	ɡəmɪʃtvaːʁə	ɡəmɪʃtvaʁə	dʒɛmɪʃtweə	gəmɪʃtvaʁə	compound	gemischt|ware	0.0	0.6	0.1	ɡəmɪʃtvaʁə	gəmɪʃtvaɽə	0.0	0.2
Gemischtwaren	ɡəmɪʃtvaːʁən	ɡəmɪʃtvaʁən	ɡəmɪʃtvɑrən	gəmɪʃtvaʁən	compound	gemischt|waren	0.0	0.18181818181818182	0.09090909090909091	ɡəmɪʃtvaʁən	gəmɪʃtvaɽən	0.0	0.18181818181818182
Gemischtwarenhandel	ɡəmɪʃtvaːʁənhandl	ɡəmɪʃtvaʁənhandl	ɡəmɪʃtvarɛnhandəl	gəmɪʃtvaʁɛnandəl	compound	gemischt|warenhandel	0.0	0.17647058823529413	0.25	ɡəmɪʃtvaʁənhandl̩	gəmɪʃtvɑɾɛnandel	0.058823529411764705	0.375
Gemüsegabel	ɡəmyːzəɡaːbl	ɡəmyzəɡabl	ɡəmyzeɡɑbəl	gəmyzegabəl	compound	gemüse|gabel	0.0	0.2727272727272727	0.36363636363636365	ɡəmyzəɡabl̩	gəmyzegɑbel	0.09090909090909091	0.45454545454545453
Gemüselädchen	ɡəmyːzəlɛːtcən	ɡəmyzəlɛtcən	ɡəmyzəlɛdcən	gəmyzelɛdcən	compound	gemüse|lädchen	0.0	0.08333333333333333	0.25	ɡəmyzəlɛdçən	gəmyzelɛdçən	0.16666666666666666	0.3333333333333333
Gemüselädlein	ɡəmyːzəlɛːtlaɪn	ɡəmyzəlɛdlaɪn	ɡəmyzəlɛdlaɪn	gəmyzelɛdləɪn	compound	gemüse|l|ä|d|lein	0.07692307692307693	0.07692307692307693	0.3076923076923077	ɡəmyzəlɛtlaɪ̯n	gəmyzelɛdləɪn	0.07142857142857142	0.3076923076923077
Gemüselöffel	ɡəmyːzəlœfl	ɡəmyzəlœfl	ɡəmyzəlœfəl	gəmyzelœffel	compound	gemüse|löffel	0.0	0.09090909090909091	0.3333333333333333	ɡəmyzəlœfl̩	gəmyzelœffel	0.09090909090909091	0.3333333333333333
Gemüsemesser	vʊʁstmɛsɐ	ɡəmyzəmɛsɐ	ɡəmyzemɛsɜ	gəmyzemɛszɐ	compound	gemüse|messer	0.6	0.7	0.6363636363636364	ɡəmyzəmɛsɐ	gəmyzemɛszɐ̯	0.6	0.6666666666666666
Gemütsregung	ɡəmyːtsʁeːɡʊŋ	ɡəmytsʁeɡʊŋ	ɡəmytsreɡʊŋ	gəmytsʁegʊŋ	compound	gemüts|regung	0.0	0.09090909090909091	0.18181818181818182	ɡəmyt͡sʁeɡʊŋ	gəmʏtsɾegʊŋ	0.08333333333333333	0.36363636363636365
Geobiologie	ɡeobioloɡiː	ɡeobioloɡi	ɡeobɪoloɡi	gəɔbɪologijə	compound	geo|biologie	0.0	0.1	0.5833333333333334	ɡeobioloɡi	gəobiologijə	0.0	0.4166666666666667
Gereon	ɡeːʁeɔn	ɡeʁəon	ɡəreon	gəʁeon	compound	gere|on	0.3333333333333333	0.5	0.5	ɡeʁeɔn	gəɾəon	0.0	0.8333333333333334
Gergen	ɡɛɐɡn	ɡeɐɡen	ɡɛɾɡən	gəʁgən	compound	ger|gen	0.3333333333333333	0.3333333333333333	0.8333333333333334	ɡɛʁɡn̩	gəɾgən	0.3333333333333333	0.8333333333333334
Germanisieren	ɡɛʁmaːniziːʁən	ɡɛʁmaniziʁən	ɡɛɾmanizirən	gɛʁmaniziʁən	compound	german|isieren	0.0	0.16666666666666666	0.08333333333333333	ɡɛʁmaniziʁən	gəɾmɑnɪsiɾen	0.0	0.6666666666666666
Gesamtsieg	ɡəzamtziːk	ɡəzamtzik	ɡəzamtsik	gəzamtzik	compound	gesamt|sieg	0.0	0.1111111111111111	0.1111111111111111	ɡəzamtzik	gəzamtzik	0.0	0.1111111111111111
Geschwollenheit	ɡəʃvɔlənhaɪt	ɡəʃvɔlənhaɪt	ɡəʃvɔlənhaɪt	gəʃvɔllɛnəit	compound	geschwollen|heit	0.0	0.0	0.5	ɡəʃvɔlənhaɪ̯t	gəʃvɔllɛnəit	0.07692307692307693	0.5
Geschäftsträger	ɡəʃɛftstʁɛːɡɐ	ɡəʃɛftstʁɛɡɐ	ɡəʃɛftstɾɛɡɜ	gəʃɛftstʁɛgɐ	compound	geschäfts|träger	0.0	0.16666666666666666	0.16666666666666666	ɡəʃɛft͡stʁɛɡɐ	gəʃɛftstɾɛgɐ̯	0.07692307692307693	0.3076923076923077
Geschäftstüchtigkeit	ɡəʃɛftstʏctɪckaɪt	ɡəʃɛftstʏctɪkaɪt	ɡəʃɛftʃtyctɪckaɪt	gəʃɛftstʏctɪkkəit	compound	geschäftstüchtig|keit	0.0625	0.11764705882352941	0.23529411764705882	ɡəʃɛft͡stʏçtɪkkaɪ̯t	gəʃɛftstʏçtɪkkəit	0.21052631578947367	0.29411764705882354
Geschäftsvorfall	ɡəʃɛftsfoːɐfal	ɡəʃɛftsfoɐfal	ɡəʃɛftsfoɾfal	gəʃɛftsvɔʁfall	compound	geschäfts|vorfall	0.0	0.07692307692307693	0.35714285714285715	ɡəʃɛft͡sfoɐ̯fal	gəʃɛftsvɔɾfall	0.13333333333333333	0.35714285714285715
Gesetzeskommentar	ɡəzɛtsəskɔmɛntaːɐ	ɡəzɛtsəskɔmɛntaɐ	ɡəzɛtsɛskɔməntɑɾ	gəzɛtsɛskɔmmɛntaʁ	compound	gesetzes|kommentar	0.0	0.25	0.23529411764705882	ɡəzɛt͡səskɔmɛntaʁ	gəzɛtsɛskommɛntaɽ	0.11764705882352941	0.29411764705882354
Gesetzeskommentare	ɡəzɛtsəskɔmɛntaːʁə	ɡəzɛtsəskɔmɛntaʁə	ɡəzɛtsɛskɔməntɑrə	gəzɛtsɛskɔmmɛntaʁə	compound	gesetzes|kommentare	0.0	0.23529411764705882	0.16666666666666666	ɡəzɛt͡səskɔmɛntaʁə	gəzɛtsɛskommɛntaɽə	0.05555555555555555	0.2777777777777778
Gesetzeskommentares	ɡəzɛtsəskɔmɛntaːʁəs	ɡəzɛtsəskɔmɛntaʁəs	ɡəzɛtsɛskɔməntɑrəs	gəzɛtsɛskɔmmɛntaʁəs	compound	gesetzes|kommentare|s	0.0	0.2222222222222222	0.15789473684210525	ɡəzɛt͡səskɔmɛntaʁəs	gəzɛtsɛskommɛntaɽəs	0.05263157894736842	0.2631578947368421
Gesetzeskommentars	ɡəzɛtsəskɔmɛntaːɐs	ɡəzɛtsəskɔmɛntaɐs	ɡəzɛtsɛskɔməntɑɾs	gəzɛtsɛskɔmmɛntaʁs	compound	gesetzes|kommentars	0.0	0.23529411764705882	0.2222222222222222	ɡəzɛt͡səskɔmɛntaɐ̯s	gəzɛtsɛskɔmmɛntaɾs	0.10526315789473684	0.2222222222222222
Gesetzeswidrigkeit	ɡəzɛtsəsviːdʁɪckaɪt	ɡəzɛtsəsvidʁɪkaɪt	ɡəzɛtsɛsvɪdɾɪckaɪt	gəzɛtsɛsvɪdʁɪkkəit	compound	gesetzeswidrig|keit	0.058823529411764705	0.16666666666666666	0.3333333333333333	ɡəzɛt͡səsvidʁɪkkaɪ̯t	gəzɛtsɛsvɪdɾɪkkəit	0.15	0.3888888888888889
Gesetzesübertretung	ɡəzɛtsəsyːbɐtʁeːtʊŋ	ɡəzɛtsəsybɜtɾetʊŋ	ɡəzɛtsezybɜtɾetʊŋ	gəzɛtsezybɛʁtʁetʊŋ	compound	gesetzes|übertretung	0.11764705882352941	0.23529411764705882	0.2777777777777778	ɡəzɛt͡səsybɜtɾetʊŋ	gəzɛtsezybɛɾtɾətʊŋ	0.16666666666666666	0.3888888888888889
Gesetzsammlung	ɡəzɛtszamlʊŋ	ɡəzɛtszamlʊŋ	ɡəzɛtszamlʊŋ	gəzɛtszammlʊŋ	compound	gesetz|sammlung	0.0	0.0	0.15384615384615385	ɡəzɛt͡szamlʊŋ	gəzɛtszammlʊŋ	0.07692307692307693	0.15384615384615385
Gesichtslähmung	ɡəzɪctslɛːmʊŋ	ɡəzɪctslɛmʊŋ	ɡəzɪctslɛmʊŋ	gəzɪctslɛmʊŋ	compound	gesichts|lähmung	0.0	0.0	0.08333333333333333	ɡəzɪçt͡slɛmʊŋ	gəzɪçtslɛmʊŋ	0.15384615384615385	0.16666666666666666
Gesprächspunkt	ɡəʃpʁɛːcspʊŋkt	ɡəʃpʁɛcspʊŋkt	ɡəʃpɾɛkspʊŋkt	gəʃpʁɛcspʊŋkt	compound	gesprächs|punkt	0.0	0.15384615384615385	0.07692307692307693	ɡəʃpʁɛçspʊŋkt	gəʃpɾɛçspʊŋkt	0.07692307692307693	0.23076923076923078
Gesprächspunkte	ɡəʃpʁɛːcspʊŋktə	ɡəʃpʁɛcspʊŋktə	ɡəʃpɾɛkspʊŋktə	gəʃpʁɛcspʊŋktə	compound	gesprächs|punkte	0.0	0.14285714285714285	0.07142857142857142	ɡəʃpʁɛçspʊŋktə	gəʃpɾɛçspʊŋktə	0.07142857142857142	0.21428571428571427
Gesprächspunktes	ɡəʃpʁɛːcspʊŋktəs	ɡəʃpʁɛcspʊŋktəs	ɡəʃpɾɛkspʊŋktəs	gəʃpʁɛcspʊŋktəs	compound	gesprächs|punktes	0.0	0.13333333333333333	0.06666666666666667	ɡəʃpʁɛçspʊŋktəs	gəʃpɾɛçspʊŋktəs	0.06666666666666667	0.2
Gesprächspunkts	ɡəʃpʁɛːcspʊŋkts	ɡəʃpʁɛcspʊŋkts	ɡəʃpɾɛkspʊŋkts	gəʃpʁɛcspʊŋkts	compound	gesprächs|punkts	0.0	0.14285714285714285	0.07142857142857142	ɡəʃpʁɛçspʊŋkt͡s	gəʃpɾɛçspʊŋkts	0.13333333333333333	0.21428571428571427
Gestalter	ɡəʃtaltɐ	ɡəʃtaltəʁ	ɡəʃtaltɜ	gəʃtaltɐ	compound	gestalte|r	0.2222222222222222	0.125	0.125	ɡəʃtaltəʁ	gəʃtaltɐ̯	0.2222222222222222	0.2222222222222222
Gestatter	ɡəʃtatɐ	ɡəʃtatəʁ	ɡəʃtatɜ	gəʃtatɐ	compound	gestatte|r	0.25	0.14285714285714285	0.14285714285714285	ɡəʃtatɐ	gəʃtatɐ̯	0.0	0.25
Gesäusel	ɡəzɔʏzəl	ɡəzɔɪzəl	ɡəzɔøzəl	gəʃɔɔʏzel	compound	gesäuse|l	0.125	0.125	0.4444444444444444	ɡəzɔɪ̯zəl	gəzɔøzel	0.2222222222222222	0.375
Getreideexporthafen	ɡətʁaɪdəɛkspɔʁthaːfən	ɡətʁaɪdəɛkspɔʁthafn	ɡətɾaɪdekspɔɾtɑfən	gətʁaedəɛkspɔʁtafən	compound	getreideexport|hafen	0.05263157894736842	0.3333333333333333	0.15789473684210525	ɡətʁaɪ̯dəɛkspɔʁthafn̩	gətɾaedeɛkspɔɾtɑfən	0.14285714285714285	0.3684210526315789
Getreidetrocknung	ɡətʁaɪdətʁɔknʊŋ	ɡətʁaɪdətʁɔknʊŋ	ɡətɾaɪdɛtɾɔknʊŋ	gətʁaedɛtʁɔknʊŋ	compound	getreide|trocknung	0.0	0.2	0.2	ɡətʁaɪ̯dətʁɔknʊŋ	gətɾaedɛtɾɔknʊŋ	0.0625	0.3333333333333333
Getrete	ɡətʁeːtə	ɡetʁetə	ɡətɾetə	gətʁətə	compound	ge|trete	0.14285714285714285	0.14285714285714285	0.2857142857142857	ɡətʁetə	gətɾətə	0.0	0.42857142857142855
Getrinke	ɡətʁɪŋkə	ɡetʁɪŋkə	ɡətɾɪŋkə	gətʁɪŋkə	compound	ge|trinke	0.125	0.125	0.125	ɡətʁɪŋkə	gətɾɪŋkə	0.0	0.25
Getränkeeinzelhändler	ɡətʁɛŋkəaɪntsəlhɛntlɐ	ɡətʁɛŋkəaɪntslhɛntlɐ	ɡətɾɛnkeɪntsəlhɛndlɜ	gətʁɛŋkəaentsɛlɛndlɐ	compound	getränke|einzelhändler	0.05	0.3	0.25	ɡətʁɛŋkəaɪ̯nt͡sl̩hɛntlɐ	gətɾɛŋkeaentsɛlɛndlɐ̯	0.17391304347826086	0.38095238095238093
Getränkehandel	ɡətʁɛŋkəhandəl	ɡətʁɛŋkəhandl	ɡətɾɛnkeandəl	gətʁɛŋkeandəl	compound	getränke|handel	0.07692307692307693	0.3076923076923077	0.23076923076923078	ɡətʁɛŋkəhandl̩	gətɾɛŋkeandel	0.14285714285714285	0.38461538461538464
Getränkehändler	ɡətʁɛŋkəhɛntlɐ	ɡətʁɛŋkəhɛndlɐ	ɡətɾɛnkeɛndlɜ	gətʁɛŋkeɛndlɐ	compound	getränke|händler	0.07142857142857142	0.46153846153846156	0.3076923076923077	ɡətʁɛŋkəhɛndlɐ	gətɾɛŋkeɛndlɐ̯	0.07142857142857142	0.42857142857142855
Getränkeladen	ɡətʁɛŋkəlaːdən	ɡətʁɛŋkəladn	ɡətɾɛnkəlɑdən	gətʁɛŋkeladən	compound	getränke|laden	0.08333333333333333	0.23076923076923078	0.15384615384615385	ɡətʁɛŋkl̩adn̩	gətɾɛŋkelɑdən	0.3076923076923077	0.3076923076923077
Gevögel	ɡəføːɡl	ɡeføɡl	ɡəvøɡəl	gəvøgəl	compound	ge|vögel	0.16666666666666666	0.2857142857142857	0.5714285714285714	ɡəføɡl̩	gəvøgel	0.14285714285714285	0.5714285714285714
Gewaltfreiheit	ɡəvaltfʁaɪhaɪt	ɡəvaltfʁaɪhaɪt	ɡəvaltfraɪhaɪt	gəvaltfʁaeəit	compound	gewaltfrei|heit	0.0	0.07142857142857142	0.38461538461538464	ɡəvaltfʁaɪ̯haɪ̯t	gəvaltfɾaeəit	0.125	0.46153846153846156
Gewehrschütze	ɡəveːɐʃʏtsə	ɡəveɐʃʏtsə	ɡəveɾʃytsə	gəveʁʃʏtsə	compound	gewehr|schütze	0.0	0.2	0.2	ɡəveɐ̯ʃʏt͡sə	gəveɾʃʏtsə	0.16666666666666666	0.2
Gewehrschützen	ɡəveːɐʃʏtsən	ɡəveɐʃʏtsn	ɡəveɾʃytsən	gəveʁʃʏtsən	compound	gewehr|schützen	0.1	0.18181818181818182	0.18181818181818182	ɡəveɐ̯ʃʏt͡sn̩	gəveɾʃʏtsən	0.3076923076923077	0.18181818181818182
Gewieher	ɡəviːɐ	ɡeviɐ	ɡəviɜ	gəviɐ	compound	ge|wieher	0.2	0.2	0.2	ɡəviɐ	gəviɐ̯	0.0	0.3333333333333333
Gewirk	ɡəvɪʁk	ɡevɪʁk	ɡəvɪɾk	gəvɪʁk	compound	ge|wirk	0.16666666666666666	0.16666666666666666	0.16666666666666666	ɡəvɪʁk	gəvɪɾk	0.0	0.3333333333333333
Gewissensprüfung	ɡəvɪsənspʁyːfʊŋ	ɡəvɪsnspʁyfʊŋ	ɡəvɪsənʃpɾyfʊŋ	gəvɪszɛnspʁyfʊŋ	compound	gewissens|prüfung	0.07692307692307693	0.14285714285714285	0.2	ɡəvɪsn̩spʁyfʊŋ	gəvɪszɛnspɾyfʊŋ	0.14285714285714285	0.26666666666666666
Geworfenheit	ɡəvɔʁfnhaɪt	ɡəvɔʁfnhaɪt	ɡəvɔɾfənhaɪt	gəvɔʁfɛnəit	compound	geworfen|heit	0.0	0.16666666666666666	0.45454545454545453	ɡəvɔʁfn̩haɪ̯t	gəvɔɾfɛnəit	0.15384615384615385	0.5454545454545454
Geäder	ɡəʔɛːdɐ	ɡeɛdɐ	ɡəɛdɜ	gəɛdɐ	compound	ge|äder	0.2	0.2	0.2	ɡɛdɐ	gəɛdɐ̯	0.25	0.3333333333333333
Ghusl	ɡuːzəl	ɡhuɛsɛl	ɡʊsl	cʊsl	compound	g|hu|sl	0.5714285714285714	0.75	1.0	ɡʊsl̩	khʊsl	0.8	0.8
Giftschrank	ɡɪftʃʁaŋk	ɡɪftʃʁaŋk	ɡɪftʃraŋk	gɪftstsʁaŋk	compound	gift|schrank	0.0	0.1111111111111111	0.36363636363636365	ɡɪftʃʁaŋk	gɪftstsɾaŋk	0.0	0.45454545454545453
Gilbert	ɡɪlbɐt	ɡɪlbəʁt	ɡɪlbɜt	gɪlbɛʁt	compound	gilbe|r|t	0.2857142857142857	0.16666666666666666	0.42857142857142855	ɡɪlbəʁt	gɪlbɛɾt	0.2857142857142857	0.42857142857142855
Ginsterblüte	ɡɪnstɐblyːtə	ɡɪnstɐblytə	ɡɪnstɜblytə	gɪnstɛʁblytə	compound	ginster|blüte	0.0	0.09090909090909091	0.25	ɡɪnstɐblytə	gɪnstɛɾblytə	0.0	0.25
Ginsterstrauch	ɡɪnstɐʃtʁaʊx	ɡɪnstɐʃtʁaʊx	ɡɪnstɜstɾaʊx	gɪnstɛʁstʁaox	compound	ginster|strauch	0.0	0.25	0.38461538461538464	ɡɪnstɐʃtʁaʊ̯x	gɪnstɛɾstɾaox	0.07692307692307693	0.46153846153846156
Ginsterstrauches	ɡɪnstɐʃtʁaʊxəs	ɡɪnstɐʃtʁaʊxəs	ɡɪnstɜstɾaʊxəs	gɪnstɛʁstʁaoxəs	compound	ginster|strauches	0.0	0.21428571428571427	0.3333333333333333	ɡɪnstɐʃtʁaʊ̯xəs	gɪnstɛɾstɾaoxəs	0.06666666666666667	0.4
Ginsterstrauchs	ɡɪnstɐʃtʁaʊxs	ɡɪnstɐʃtʁaʊxs	ɡɪnstɜstɾaʊxs	gɪnstɛʁstʁaoxs	compound	ginster|strauchs	0.0	0.23076923076923078	0.35714285714285715	ɡɪnstɐʃtʁaʊ̯xs	gɪnstɛɾstɾaoks	0.07142857142857142	0.5
Ginstersträucher	ɡɪnstɐʃtʁɔɪcɐ	ɡɪnstɐʃtʁɔɪcɐ	ɡɪnstɜstɾɔøcɜ	gɪnstɛʁstʁɔɔʏcɐ	compound	ginster|sträucher	0.0	0.38461538461538464	0.4	ɡɪnstɐʃtʁɔɪ̯çɐ	gɪnstɛɾstɾɔøçɐ̯	0.14285714285714285	0.5333333333333333
Girl	ɡœʁl	ɡɪʁl	ɡɪɾl	gɪʁl	compound	g|ir|l	0.25	0.5	0.5	ɡɪʁl	gɪɾl	0.25	0.75
Gitarrenakkord	ɡitaʁənakɔʁt	ɡitaʁənakɔʁt	ɡitarɛnakɔɾt	gitaʁʁenakkɔʁt	compound	gitarren|akkord	0.0	0.25	0.2857142857142857	ɡitaʁənakɔʁt	gitaɾɾenakɔɾt	0.0	0.38461538461538464
Gitarrenklang	ɡitaʁənklaŋ	ɡitaʁənklaŋ	ɡitarɛnklaŋ	gitaʁʁɛŋklaŋ	compound	gitarren|klang	0.0	0.18181818181818182	0.3333333333333333	ɡitaʁənklaŋ	gitaɾɾɛŋklaŋ	0.0	0.4166666666666667
Gitarrennoten	ɡitaʁənnoːtn	ɡitaʁənnotn	ɡitarɛnotən	gitaʁʁɛnnotən	compound	gitarren|noten	0.0	0.36363636363636365	0.3076923076923077	ɡitaʁənnotn̩	gitaɾɾɛnnotən	0.08333333333333333	0.38461538461538464
Gitarrespielen	ɡitaʁəʃpiːlən	ɡitaʁəʃpilən	ɡitarɛʃpilən	gitaʁʁɛspilən	compound	gitarre|spielen	0.0	0.16666666666666666	0.3076923076923077	ɡitaʁəʃpilən	gitaɾɾɛspilən	0.0	0.38461538461538464
Gladbach	ɡlatbax	ɡlatbax	ɡladbax	glatbax	compound	g|lad|bach	0.0	0.14285714285714285	0.14285714285714285	ɡlatbax	glatbax	0.0	0.14285714285714285
Glanzleder	ɡlantsleːdɐ	ɡlantsledɐ	ɡlantsledɜ	glantsledɐ	compound	glanz|leder	0.0	0.1	0.1	ɡlant͡sledɐ	glantsledɐ̯	0.09090909090909091	0.18181818181818182
Glasblasen	ɡlaːsblaːzn	ɡlasblazn	ɡlasblɑzən	glasblazən	compound	glas|blasen	0.0	0.2	0.2	ɡlasblazn̩	glazblɑzən	0.1	0.4
Glasblasens	ɡlaːsblaːzns	ɡlasblazns	ɡlasblazəns	glasblazɛns	compound	glas|blasens	0.0	0.09090909090909091	0.18181818181818182	ɡlasblazn̩s	glazblɑzɛns	0.09090909090909091	0.36363636363636365
Glasgebäude	ɡlaːsɡəbɔʏdə	ɡlasɡəbɔɪdə	ɡlasɡebɔødə	glasgebɔɔʏdə	compound	glas|gebäude	0.09090909090909091	0.18181818181818182	0.3333333333333333	ɡlasɡəbɔɪ̯də	glasgebɔødə	0.16666666666666666	0.36363636363636365
Glaubensartikel	ɡlaʊbnsʔaʁtiːkl	ɡlaʊbmsaʁtikl	ɡlaʊbənzaɾtikəl	glaobɛnzaʁtikel	compound	glaubens|artikel	0.07692307692307693	0.26666666666666666	0.3333333333333333	ɡlaʊ̯bm̩saʁtikl̩	glaobɛnzaɾtikel	0.25	0.4
Gleitzeit	ɡlaɪttsaɪt	ɡlaɪttsaɪt	ɡlaɪtsaɪt	glaetsəit	compound	gleit|zeit	0.0	0.1111111111111111	0.5555555555555556	ɡlaɪ̯tt͡saɪ̯t	glaetsəit	0.23076923076923078	0.5555555555555556
Glencheck	ɡlɛntʃɛk	ɡlɛntʃɛk	ɡlɛncɛk	glɛncɛk	compound	g|len|check	0.0	0.2857142857142857	0.42857142857142855	ɡlɛnt͡ʃɛk	glɛnçɛk	0.1111111111111111	0.42857142857142855
Glockenguß	ɡlɔkŋɡʊs	ɡlɔknɡus	ɡlɔkənɡus	glɔkɛŋʊss	compound	glocken|g|u|ß	0.25	0.3333333333333333	0.4444444444444444	ɡlɔkn̩ɡʊs	glɔkɛŋus	0.2222222222222222	0.5
Glottisschlag	ɡlɔtɪsʃlaːk	ɡlɔtɪsʃlak	ɡlɔtɪsclɑk	glɔtɪsstslak	compound	glottis|schlag	0.0	0.2	0.3333333333333333	ɡlɔtɪsʃlak	glɔtɪsstslɑk	0.0	0.4166666666666667
Gläserklirren	ɡlɛːzɐklɪʁən	ɡlɛzɐklɪʁən	ɡlɛzɜklɪrən	glɛzɛʁklɪʁʁən	compound	gläser|klirren	0.0	0.18181818181818182	0.3076923076923077	ɡlɛzɐklɪʁən	glɛzɛɾklɪɾɾən	0.0	0.38461538461538464
Glöcklein	ɡlœklaɪn	ɡlœklaɪn	ɡlœklaɪn	glœklaen	compound	g|löck|lein	0.0	0.0	0.25	ɡlœklaɪ̯n	glœkləɪn	0.1111111111111111	0.25
Glückshaube	ɡlʏkshaʊbə	ɡlʏkshaʊbə	ɡlykshaʊbə	glʏksaobə	compound	glücks|haube	0.0	0.1	0.3333333333333333	ɡlʏkshaʊ̯bə	glʏksaobə	0.09090909090909091	0.3333333333333333
Glücksrad	ɡlʏksʁaːt	ɡlʏksʁat	ɡlyksrɑt	glʏksʁat	compound	glücks|rad	0.0	0.375	0.125	ɡlʏksʁat	glʏksɾɑt	0.0	0.375
Glühfaden	ɡlyːfaːdn	ɡlyfadn	ɡlyfɑdən	glyfadən	compound	glüh|faden	0.0	0.25	0.25	ɡlyfadn̩	glyfɑdən	0.125	0.375
Glühfäden	ɡlyːfɛːdn	ɡlyfɛdn	ɡlyfɛdən	glyfɛdən	compound	glüh|fäden	0.0	0.125	0.25	ɡlyfɛdn̩	glyfɛdən	0.125	0.25
Glühwurm	ɡlyːvʊʁm	ɡlyvʊʁm	ɡlyv??m	glyvʊʁm	compound	glüh|wurm	0.0	0.2857142857142857	0.14285714285714285	ɡlyvʊʁm	glyvʊɾm	0.0	0.2857142857142857
Gmund	ɡmʊnt	ɡmʊnt	ɡemʊnt	kmʊnt	compound	g|mund	0.0	0.16666666666666666	0.2	ɡmʊnt	kmʊnt	0.0	0.2
Gnadentod	ɡnaːdntoːt	ɡnadntot	ɡənɑdəntot	gnadɛntot	compound	gnaden|tod	0.0	0.3	0.2222222222222222	ɡnadn̩tot	gnɑdɛntot	0.1111111111111111	0.3333333333333333
Goldblättchen	ɡɔltblɛtcn	ɡɔltblɛtcən	ɡɔldblɛtcən	gɔltblɛtʃcən	compound	gold|blättchen	0.09090909090909091	0.18181818181818182	0.25	ɡɔltblɛtçən	gɔldblɛtçən	0.18181818181818182	0.36363636363636365
Goldbulle	ɡɔltbʊlə	ɡɔltbʊlə	ɡɔldbʊlə	gɔltbʊllə	compound	gold|bulle	0.0	0.125	0.2222222222222222	ɡɔltbʊlə	gɔltbʊllə	0.0	0.2222222222222222
Goldhalsband	ɡɔlthalsbant	ɡɔlthalsbant	ɡɔlthalsbant	gɔltalsbant	compound	gold|halsband	0.0	0.0	0.18181818181818182	ɡɔlthalsbant	gɔltalsbant	0.0	0.18181818181818182
Goldhalsbandes	ɡɔlthalsbandəs	ɡɔlthalsbandəs	ɡɔlthalsbandəs	gɔltalsbandəs	compound	gold|halsbandes	0.0	0.0	0.15384615384615385	ɡɔlthalsbandəs	gɔltalsbandəs	0.0	0.15384615384615385
Goldhalsbands	ɡɔlthalsbants	ɡɔlthalsbants	ɡɔlthalsbants	gɔltalsbants	compound	gold|halsbands	0.0	0.0	0.16666666666666666	ɡɔlthalsbant͡s	gɔltalsbants	0.07142857142857142	0.16666666666666666
Goldhalsbänder	ɡɔlthalsbɛndɐ	ɡɔlthalsbɛndɐ	ɡɔlthalsbɛndɜ	gɔltalsbɛndɐ	compound	gold|halsbänder	0.0	0.07692307692307693	0.16666666666666666	ɡɔlthalsbɛndɐ	gɔltalsbɛndɐ̯	0.0	0.23076923076923078
Goldkopflöwenäffchen	ɡɔltkɔpfløːvnɛfcɛn	ɡɔltkɔpfløvnɛfcən	ɡɔltkɔpfløvənɛfcən	gɔltkɔpflɔʏvenɛffcən	compound	gold|kopf|löwen|äffchen	0.058823529411764705	0.1111111111111111	0.3	ɡɔltkɔp͡fløvn̩ɛfçən	gɔltkɔpfløvenɛffçən	0.21052631578947367	0.2631578947368421
Goldlöffelchen	ɡɔltlœflcən	ɡɔltlœflcən	ɡɔldlœfəlcən	gɔldlœffɛlcən	compound	gold|löffelchen	0.0	0.16666666666666666	0.3076923076923077	ɡɔltlœfl̩çən	gɔldlœffɛlçən	0.16666666666666666	0.38461538461538464
Goldschraube	ɡɔltʃʁaʊbə	ɡɔltʃʁaʊbə	ɡɔltʃraʊbə	gɔltstsʁaobə	compound	gold|schraube	0.0	0.1	0.4166666666666667	ɡɔltʃʁaʊ̯bə	gɔltstsɾaobə	0.09090909090909091	0.5
Gondellied	ɡɔndlliːt	ɡɔndllit	ɡɔndəlit	gɔndɛllit	compound	gondel|lied	0.0	0.125	0.2222222222222222	ɡɔndl̩lit	gɔndɛllit	0.1111111111111111	0.2222222222222222
Gondelliede	ɡɔndlliːdə	ɡɔndllidə	ɡɔndəlidə	gɔndɛllidə	compound	gondel|liede	0.0	0.1111111111111111	0.2	ɡɔndl̩lidə	gɔndɛllidə	0.1	0.2
Gondelliedern	ɡɔndlliːdɐn	ɡɔndllidɐn	ɡɔndəlidɜn	gɔndɛllidɛʁn	compound	gondel|liedern	0.0	0.2	0.3333333333333333	ɡɔndl̩lidɐn	gɔndɛllidɛɾn	0.09090909090909091	0.3333333333333333
Gothenburg	ɡoːtənbʊrk	ɡoðənbʊʁk	ɡɔtənb??k	gɔtɛnbʊʁk	compound	go|the|n|burg	0.2222222222222222	0.3333333333333333	0.4444444444444444	ɡotn̩bʊʁk	gɔtɛnbʊɾk	0.3333333333333333	0.4444444444444444
Gottklasse	ɡɔtklasə	ɡɔtklasə	ɡɔtklasə	gɔttklaszə	compound	gott|klasse	0.0	0.0	0.3	ɡɔtklasə	gɔttklaszə	0.0	0.3
Gottseligkeit	ɡɔtzeːlɪckaɪt	ɡɔtzelɪkaɪt	ɡɔtzelɪckaɪt	gɔttzelɪkkəit	compound	gottselig|keit	0.09090909090909091	0.0	0.38461538461538464	ɡɔtzelɪkkaɪ̯t	gɔttzelɪkkəit	0.15384615384615385	0.38461538461538464
Gouda	ɡoːda	ɡouta	ɡudɑ	gɔuda	compound	go|ud|a	0.4	0.5	0.6	ɡouta	gɔʊ̯da	0.4	0.6666666666666666
Grabbeltisch	ɡʁabəltɪʃ	ɡʁabltɪʃ	ɡɾabɛltɪʃ	gʁabɛltɪʃ	compound	grabbelt|isch	0.125	0.2222222222222222	0.2222222222222222	ɡʁabl̩tɪʃ	gɾabɛltɪʃ	0.2222222222222222	0.3333333333333333
Grapefruitlöffel	ɡʁɛɪpfʁuːtlœfl	ɡʁɛɪpfʁutlœfl	ɡɾɑpɛfruɪtlœfəl	gʁapɛfʁʊɪtlœffel	compound	grapefruit|löffel	0.0	0.4666666666666667	0.5	ɡʁɛɪ̯pfʁutlœfl̩	gɾɑpɛfɾuitlœffel	0.13333333333333333	0.5625
Graubruststrandläufer	ɡʁaʊbʁʊstʃtrantlɔɪfɐ	ɡʁaʊbʁʊstʃtʁantlɔɪfɐ	ɡɾaʊbɾʊststɾandlɔøfɜ	gʁaobʁʊststʁandlɔɔʏfɐ	compound	grau|brust|strand|läufer	0.05	0.35	0.3333333333333333	ɡʁaʊ̯bʁʊstʃtʁantlɔɪ̯fɐ	gɾaobrʊststɾandlɔøfɐ̯	0.13636363636363635	0.42857142857142855
Grauelb	ɡʁaʊɛlp	ɡʁaʊɛlp	ɡɾaʊɛlp	gʁaoɛlp	compound	grau|elb	0.0	0.14285714285714285	0.2857142857142857	ɡʁaʊ̯əlb	gɾaoɛlp	0.375	0.42857142857142855
Grauelben	ɡʁaʊɛlbən	ɡʁaʊɛlbən	ɡɾaʊɛlbən	gʁaoɛlbən	compound	grau|elben	0.0	0.1111111111111111	0.2222222222222222	ɡʁaʊ̯ɛlbn̩	gɾaoɛlbən	0.3	0.3333333333333333
Graufuchs	ɡʁaʊfʊks	ɡʁaʊfʊks	ɡɾaʊfʊxs	gʁaofʊks	compound	grau|fuchs	0.0	0.25	0.25	ɡʁaʊ̯fʊks	gɾaofʊks	0.1111111111111111	0.375
Grenzpendlern	ɡʁɛntspɛndlɐn	ɡʁɛntspɛndlɐn	ɡɾɛntspɛndlɜn	gʁɛntspɛndlɛʁn	compound	grenz|pendlern	0.0	0.15384615384615385	0.21428571428571427	ɡʁɛnt͡spɛndlɐn	gɾɛntspɛndlɛɾn	0.07142857142857142	0.2857142857142857
Grenzpendlers	ɡʁɛntspɛndlɐs	ɡʁɛntspɛndlɐs	ɡɾɛntspɛndlɜs	gʁɛntspɛndlɛʁs	compound	grenz|pendlers	0.0	0.15384615384615385	0.21428571428571427	ɡʁɛnt͡spɛndlɐs	gɾɛntspɛndlɛɾs	0.07142857142857142	0.2857142857142857
Griessbrei	ɡʁiːsbʁaɪ	ɡʁisbʁaɪ	ɡɾisbɾaɪ	gʁissbʁae	compound	gries|s|brei	0.0	0.25	0.3333333333333333	ɡʁisbʁaɪ̯	gɾiszbrae	0.1111111111111111	0.5555555555555556
Grießkloß	ɡʁiːskloːs	ɡʁisklos	ɡɾisklos	gʁissklɔss	compound	grieß|kloß	0.0	0.125	0.4	ɡʁisklos	gɾiskloa	0.0	0.375
Grießklößchen	ɡʁiːskløːscən	ɡʁiskløscən	ɡɾiskløscən	gʁissklœsʃən	compound	grieß|k|löß|chen	0.0	0.09090909090909091	0.3333333333333333	ɡʁisklœsçən	gɾisklœʃən	0.18181818181818182	0.5
Grießklößchensuppe	ɡʁiːskløːscənzʊpə	ɡʁiskløscənzʊpə	ɡɾisklœscɛnzʊpə	gʁissklœsʃɛnzʊppə	compound	grieß|k|löß|chen|suppe	0.0	0.2	0.35294117647058826	ɡʁiskløsçənzʊpə	gɾisklœʃɛnzʊppə	0.06666666666666667	0.4666666666666667
Grießklößchensuppen	ɡʁiːskløːscənzʊpən	ɡʁiskløscənzʊpm	ɡɾisklœscɛnzʊpən	gʁissklœsʃɛnzʊppən	compound	grieß|k|löß|chen|suppen	0.13333333333333333	0.1875	0.3333333333333333	ɡʁiskløsçənzʊpn̩	gɾisklœʃɛnzʊppən	0.1875	0.4375
Grießnockerlsuppe	ɡʁiːsnɔkɐlzʊpə	ɡʁisnɔkɐlzʊpə	ɡɾisnɔkɜlzʊpə	gʁissnɔkɛʁlzʊppə	compound	grießnockerl|suppe	0.0	0.15384615384615385	0.3125	ɡʁisnɔkɐlzʊpə	gɾijnɔkɛɾlzʊppə	0.0	0.4
Gross	ɡroːs	ɡʁos	ɡɾɔs	gʁɔss	compound	gros|s	0.25	0.5	0.8	ɡʁos	gɾɔss	0.25	0.8
Großhirnrinde	ɡʁoːshɪʁnʁɪndə	ɡʁoshɪʁnʁɪndə	ɡɾoshɪɾnrɪndə	gʁɔssɪʁnʁɪndə	compound	großhirn|rinde	0.0	0.23076923076923078	0.23076923076923078	ɡʁoshɪʁnʁɪndə	gɾosɪɾnɾɪndə	0.0	0.4166666666666667
Großpudel	ɡʁoːspuːdl	ɡʁospudl	ɡɾospudəl	gʁɔzspudel	compound	groß|pudel	0.0	0.2222222222222222	0.4	ɡʁospudl̩	gɾɔspudel	0.1111111111111111	0.4444444444444444
Großpudels	ɡʁoːspuːdls	ɡʁospudls	ɡɾospudəls	gʁɔzspudɛls	compound	groß|pudels	0.0	0.2	0.36363636363636365	ɡʁospudl̩s	gɾospudɛls	0.1	0.3
Grubenhaus	ɡʁuːbnhaʊs	ɡʁubnhaʊs	ɡɾubənhaʊs	gʁubənaos	compound	gruben|haus	0.0	0.2	0.4444444444444444	ɡʁubn̩haʊ̯s	gɾubɛnaos	0.18181818181818182	0.5555555555555556
Grumbeere	ɡʁʊmbeːʁə	ɡʁumbeʁə	ɡɾʊmberə	gʁʊmbəɛɐə	compound	g|rum|beere	0.125	0.25	0.4444444444444444	ɡʁʊmbəʁeə	gɾʊmbəɐ̯ə	0.2222222222222222	0.5555555555555556
Grumbeeren	ɡʁʊmbeːʁən	ɡʁumbeʁən	ɡɾʊmberən	gʁʊmbəɛɐən	compound	g|rum|beeren	0.1111111111111111	0.2222222222222222	0.4	ɡʁʊmbeʁən	gɾʊmbəɐ̯ən	0.0	0.5
Grundabsicht	ɡʁʊntapzɪct	ɡʁʊntapzɪct	ɡɾʊndabzɪct	gʁʊndapzɪct	compound	grund|absicht	0.0	0.2727272727272727	0.18181818181818182	ɡʁʊntapzɪçt	gɾʊndapzɪçt	0.09090909090909091	0.36363636363636365
Grundgebirge	ɡʁʊntɡəbɪʁɡə	ɡʁʊntɡəbɪʁɡə	ɡɾʊndɡəbɪɾɡə	gʁʊntgebɪʁgə	compound	grund|gebirge	0.0	0.25	0.3333333333333333	ɡʁʊntɡəbɪʁɡə	gɾʊntgebɪɾgə	0.0	0.5
Grundlast	ɡʁʊntlast	ɡʁʊntlast	ɡɾʊndlast	gʁʊndlast	compound	grund|last	0.0	0.2222222222222222	0.2222222222222222	ɡʁʊntlast	gɾʊndlast	0.0	0.3333333333333333
Grundlasten	ɡʁʊntlastn	ɡʁʊntlastn	ɡɾʊndlastən	gʁʊndlastən	compound	grund|lasten	0.0	0.2727272727272727	0.2727272727272727	ɡʁʊntlastn̩	gɾʊndlastən	0.09090909090909091	0.36363636363636365
Grut	ɡʁuːt	ɡʁut	ɡɾut	gʁut	compound	g|r|u|t	0.0	0.25	0.25	ɡʁut	gɾut	0.0	0.5
Gröler	ɡʁøːlɐ	ɡʁøləʁ	ɡɾølɜ	gʁølɐ	compound	gröle|r	0.3333333333333333	0.4	0.2	ɡʁølɐ	gɾølɐ̯	0.0	0.5
Grösse	ɡʁøːsə	ɡʁøszɛ	ɡɾœsə	gʁœszə	compound	g|r|ös|se	0.3333333333333333	0.4	0.5	ɡʁøszɛ	gɾœszə	0.3333333333333333	0.6666666666666666
Grössen	ɡʁøːsən	ɡʁøszɛn	ɡɾœsən	gʁœszən	compound	g|r|ös|sen	0.2857142857142857	0.3333333333333333	0.42857142857142855	ɡʁøszɛn	gɾœszən	0.2857142857142857	0.5714285714285714
Grössenwahn	ɡʁøːsnvaːn	ɡʁøszɛnvan	ɡɾœsənvɑn	gʁœszɛnvan	compound	g|r|ös|sen|wahn	0.2	0.4444444444444444	0.4	ɡʁœsn̩van	gɾœszɛnvɑn	0.2222222222222222	0.6
Grünbücher	ɡʁyːnbyːcɐ	ɡʁynbycɐ	ɡɾynbycɜ	gʁʏnbʏcɐ	compound	grün|bücher	0.0	0.25	0.375	ɡʁynbyçɐ	gɾʏnbʏçɐ̯	0.125	0.6666666666666666
Grünbüchern	ɡʁyːnbyːcɐn	ɡʁynbycɐn	ɡɾynbycɜn	gʁʏnbʏcɛʁn	compound	grün|büchern	0.0	0.2222222222222222	0.5	ɡʁynbyçɐn	gɾʏnbʏçɛɾn	0.1111111111111111	0.7
Gründelente	ɡʁʏndlʔɛntə	ɡʁʏndlɛntə	ɡɾyndəlɛntə	gʁʏndelɛntə	compound	gründel|ente	0.0	0.2727272727272727	0.18181818181818182	ɡʁʏndl̩tə	gɾʏndelɛntə	0.2222222222222222	0.2727272727272727
Gründungsstatut	ɡryndʊŋsʃtatuːt	ɡʁʏndʊŋsʃtatut	ɡɾyndʊŋsʃtɑtut	gʁʏndʊŋzstatut	compound	gründung|s|statut	0.14285714285714285	0.14285714285714285	0.35714285714285715	ɡʁʏndʊŋsʃtatut	gɾʏndʊŋzstɑtut	0.14285714285714285	0.42857142857142855
Grünelb	ɡʁyːnɛlp	ɡʁynɛlp	ɡɾynɛlp	gʁynɛlp	compound	grün|elb	0.0	0.14285714285714285	0.14285714285714285	ɡʁynl̩p	gɾynɛlp	0.2857142857142857	0.2857142857142857
Grünelben	ɡʁyːnɛlbən	ɡʁynɛlbən	ɡɾynɛlbən	gʁynɛlbən	compound	grün|elben	0.0	0.1111111111111111	0.1111111111111111	ɡʁynl̩bn̩	gɾynɛlbən	0.4444444444444444	0.2222222222222222
Grünfutterversorgung	ɡʁyːnfʊtɐfɛɐzɔʁɡʊŋ	ɡʁynfʊtɐfɛɐzɔʁɡʊŋ	ɡɾynfʊtɛɾfɜzɔɾɡʊŋ	gʁʏnfʊtɛʁvɛʁzɔʁgʊŋ	compound	grünfutter|versorgung	0.0	0.35294117647058826	0.3888888888888889	ɡʁynfʊtɐfɛɐ̯zɔʁɡʊŋ	gɾʏnfʊtɛɾvɛɾzɔɾgʊŋ	0.05555555555555555	0.5
Grünin	ɡʁyːnɪn	ɡʁynɪn	ɡɾynɪn	gʁynɪn	compound	grün|in	0.0	0.16666666666666666	0.16666666666666666	ɡʁynɪn	gɾynɪn	0.0	0.3333333333333333
Grünkern	ɡʁyːnkɛʁn	ɡʁynkɛʁn	ɡɾynkɜn	gʁʏŋkɛʁn	compound	grün|kern	0.0	0.42857142857142855	0.375	ɡʁynkɛʁn	gɾʏŋkɛɾn	0.0	0.625
Grünkrauts	ɡʁyːnkʁaʊts	ɡʁynkʁaʊts	ɡɾyŋkɾaʊts	gʁʏŋkʁaots	compound	grün|krauts	0.0	0.3	0.4	ɡʁynkʁaʊ̯t͡s	gɾʏŋkɾaots	0.16666666666666666	0.6
Grünschenkel	ɡʁyːnʃɛŋkl	ɡʁynʃɛŋkl	ɡɾynʃɛŋkəl	gʁʏnʃɛŋkel	compound	grün|schenkel	0.0	0.2	0.3	ɡʁynʃɛŋkl̩	gɾʏnʃɛŋkel	0.1	0.4
Gwirks	ɡvɪɐks	ɡvɪʁks	ɡevɪɾks	kvɪʁks	compound	g|wirk|s	0.16666666666666666	0.2857142857142857	0.3333333333333333	ɡvɪʁks	kvɪɾks	0.16666666666666666	0.3333333333333333
Gänger	ɡɛŋɐ	ɡɛŋəʁ	ɡɛŋɜ	gɛŋɐ	compound	gänge|r	0.4	0.25	0.25	ɡɛŋəʁ	gɛŋɐ̯	0.4	0.4
Gänsebrust	ɡɛnzəbʁʊst	ɡɛnzəbʁʊst	ɡɛnzɛbɾʊst	gɛnzɛbʁʊst	compound	gänse|brust	0.0	0.2	0.2	ɡɛnzəbʁʊst	gɛnzɛbrʊst	0.0	0.3
Gänseleberwurst	ɡɛnzəleːbɐvʊʁst	ɡɛnzəlebɐvʊʁst	ɡɛnzəlebɜvuɾst	gɛnzelebɛʁvʊʁst	compound	gänseleber|wurst	0.0	0.21428571428571427	0.26666666666666666	ɡɛnzəlebɐvʊʁst	gɛnzelebɛɾvʊɾst	0.0	0.3333333333333333
Gänsemasten	ɡɛnzəmastən	ɡɛnzəmastn	ɡɛnzemastən	gɛnzemastən	compound	gänse|masten	0.1	0.09090909090909091	0.18181818181818182	ɡɛnzəmastn̩	gɛnzemastən	0.18181818181818182	0.18181818181818182
Gästerei	ɡɛstəraɪ	ɡɛstəraɪ	ɡɛsteraɪ	gɛstɐae	compound	gäste|rei	0.0	0.125	0.5714285714285714	ɡɛstəʁaɪ̯	gɛstɐ̯ae	0.2222222222222222	0.5
Gürkchen	ɡʏʁkcən	ɡyʁkcən	ɡyɾkcən	gʏʁkcən	compound	g|ü|r|k|chen	0.14285714285714285	0.2857142857142857	0.14285714285714285	ɡʏʁkçən	gʏɾkçən	0.14285714285714285	0.42857142857142855
Gürtelschlaufe	ɡʏʁtəlʃlaʊfə	ɡʏʁtlʃlaʊfə	ɡyɾtəlʃlaʊfə	gʏʁtɛlstslaofə	compound	gürtel|schlaufe	0.09090909090909091	0.16666666666666666	0.42857142857142855	ɡʏʁtl̩ʃlaʊ̯fə	gʏɾtɛlstslaofə	0.23076923076923078	0.5
Habesch	habəʃ	habəʃ	hɑbɛʃ	habɛʃ	compound	habe|sch	0.0	0.4	0.2	habəʃ	hɑbɛʃ	0.0	0.4
Hackbeil	hakbaɪl	hakbaɪl	hakbaɪl	hakbəil	compound	hack|beil	0.0	0.0	0.2857142857142857	hakbaɪ̯l	hakbəil	0.125	0.2857142857142857
Hackfleischverordnung	hakflaɪʃfɛʁɔʁtnʊŋ	hakflaɪʃfɛɐɔʁdnʊŋ	hakflaɪʃferɔɾdnʊŋ	hakflaeʃveʁɔʁdnʊŋ	compound	hackfleisch|verordnung	0.11764705882352941	0.23529411764705882	0.23529411764705882	hakflaɪ̯ʃfɛɐ̯ɔʁdnʊŋ	hakflaeʃveɾɔɾdnʊŋ	0.21052631578947367	0.35294117647058826
Haferpflaume	haːfərpflaʊmə	hafɐpflaʊmə	hɑfɜpflaʊmə	hafɛʁpflaomə	compound	hafer|pflaume	0.18181818181818182	0.2727272727272727	0.25	hafɐp͡flaʊ̯mə	hɑfɛɾpflaomə	0.3076923076923077	0.3333333333333333
Haftungsausschlüssen	haftʊŋsʔaʊsʃlʏsn	haftʊŋzaʊsʃlʏsn	haftʊŋsaʊsclysən	haftʊŋzaosʃlʏszən	compound	haftung|saus|schlüssen	0.06666666666666667	0.1875	0.23529411764705882	haftʊŋsaʊ̯sʃlʏsn̩	haftʊŋzaosstslʏszən	0.11764705882352941	0.3684210526315789
Haftungsnehmer	haftʊŋsneːmɐ	haftʊŋsnemɐ	haftʊŋsnemɜ	haftʊŋsnemɐ	compound	haftung|s|nehmer	0.0	0.09090909090909091	0.0	haftʊŋsnemɐ	haftʊŋsnemɐ̯	0.0	0.08333333333333333
Hagelwetter	haːɡlvɛtɐ	haɡlvɛtɐ	hɑɡəlvɛtɜ	hagɛlvɛtɐ	compound	hagel|wetter	0.0	0.3333333333333333	0.2222222222222222	haɡl̩vɛtɐ	hɑgɛlvkɛtɐ̯	0.1111111111111111	0.45454545454545453
Halbdoppellaut	halpdɔpllaʊt	halpdɔpllaʊt	halbdɔpɛlaʊt	halpdɔppɛllaot	compound	halb|doppellaut	0.0	0.16666666666666666	0.21428571428571427	halpdɔpl̩laʊ̯t	halpdɔppɛllaot	0.14285714285714285	0.21428571428571427
Halbelb	halpɛlp	halpɛlp	halbɛlp	halbɛlp	compound	halb|elb	0.0	0.14285714285714285	0.14285714285714285	halpɛlp	halbɛlp	0.0	0.14285714285714285
Halbelben	halpɛlbən	halpɛlbən	halbɛlbən	halbɛlbən	compound	halb|elben	0.0	0.1111111111111111	0.1111111111111111	halpɛlbn̩	halbɛlbən	0.2222222222222222	0.1111111111111111
Halbfingerhandschuh	halpfɪŋɐhantʃuː	halpfɪŋɐhantʃu	halpfɪŋɜhantʃu	halpfɪŋɛʁantʃu	compound	halb|fingerhandschuh	0.0	0.07142857142857142	0.14285714285714285	halpfɪŋɐhantʃu	halpfɪŋɛɾantʃu	0.0	0.14285714285714285
Halbhochpunkt	halphoːxpʊŋkt	halphoxpʊŋkt	halphoxpʊŋkt	halpɔxpʊŋkt	compound	halb|hoch|punkt	0.0	0.0	0.18181818181818182	halphoxpʊŋkt	halpɔxpʊŋkt	0.0	0.18181818181818182
Halbhochpunkte	halphoːxpʊŋktə	halphoxpʊŋktə	halphoxpʊŋktə	halpɔxpʊŋktə	compound	halb|hoch|punkte	0.0	0.0	0.16666666666666666	halphoxpʊŋktə	halpɔxpʊŋktə	0.0	0.16666666666666666
Halbhochpunktes	halphoːxpʊŋktəs	halphoxpʊŋktəs	halphoxpʊŋktəs	halpɔxpʊŋktəs	compound	halb|hoch|punktes	0.0	0.0	0.15384615384615385	halphoxpʊŋktəs	halpɔxpʊŋktəs	0.0	0.15384615384615385
Halbhochpunkts	halphoːxpʊŋkts	halphoxpʊŋkts	halphoxpʊŋkts	halpɔxpʊŋkts	compound	halb|hoch|punkts	0.0	0.0	0.16666666666666666	halphoxpʊŋkt͡s	halpɔxpʊŋkts	0.07142857142857142	0.16666666666666666
Halbierer	halbiːʁɐ	halbiʁəʁ	halbirɜ	halbiɐɐ	compound	halbiere|r	0.25	0.2857142857142857	0.14285714285714285	halbiʁɐ	halbiɐ̯ɐ̯	0.0	0.3333333333333333
Halbzwetsche	halbtsvɛtʃə	halptsvɛtʃə	halptsvɛtʃə	halptsvɛtʃə	compound	halb|zwetsche	0.09090909090909091	0.09090909090909091	0.09090909090909091	halpt͡svɛt͡ʃə	halptsvɛʧə	0.23076923076923078	0.3
Hallenhaus	halənhaʊs	halənhaʊs	halənhaʊs	hallɛnaos	compound	hallen|haus	0.0	0.0	0.4444444444444444	halənhaʊ̯s	hallɛnaos	0.1	0.4444444444444444
Halogenkohlenwasserstoff	haloɡeːnkoːlənvasɐʃtɔf	haloɡenkolənvasɐʃtɔf	hɑloɡɛnkolɛnvasɜstɔf	halogɛŋkolɛnvaszɛʁstɔff	compound	halogen|kohlenwasserstoff	0.0	0.25	0.391304347826087	haloɡenkolənvasɐʃtɔf	hɑlogɛŋkolɛnvaszɛɾstɔff	0.0	0.43478260869565216
Halsberge	halsbɛʁɡə	halsbɛʁɡə	halsbɛɾɡə	halsbɛʁgə	compound	hals|berge	0.0	0.1111111111111111	0.1111111111111111	halsbɛʁɡə	halsbɛɾgə	0.0	0.2222222222222222
Handlichkeit	hantlɪckaɪt	hantlɪckaɪt	hantlɪckaɪt	hantlɪckəit	compound	handlich|keit	0.0	0.0	0.18181818181818182	hantlɪçkaɪ̯t	handlɪçkəit	0.16666666666666666	0.36363636363636365
Handrührern	hantʁyːʁɐn	hantʁyɐeɐn	hantɾyrɜn	handʁyʁɛʁn	compound	hand|rühr|ern	0.2	0.3333333333333333	0.3	hantʁyʁɐn	handɾyɾɛɾn	0.0	0.5
Handschlagqualität	hantʃlaːkkvalitɛːt	hantʃlakkvalitɛt	hantʃlakkvɑlitɛt	hantstslagkvualitɛt	compound	handschlag|qualität	0.0	0.0625	0.2631578947368421	hantʃlakkvalitɛt	hantstslakkvualitɛt	0.0	0.21052631578947367
Handyspiel	hɛndiʃpiːl	hɛndispil	handyʃpil	handʏspil	compound	handys|piel	0.1111111111111111	0.2222222222222222	0.3333333333333333	hɛndiʃpil	handʏspil	0.0	0.3333333333333333
Hanfpalme	hanfpalmə	hanfpalmə	hanfpalmə	hanfpalmə	compound	hanf|palme	0.0	0.0	0.0	hanfpalmə	hanfpalmə	0.0	0.0
Hanfpalmen	hanfpalməm	hanfpalmən	hanfpalmən	hanfpalmən	compound	hanf|palmen	0.1	0.1	0.1	hanfpalmən	hanfpalmən	0.1	0.1
Hansgeorg	hɑːnzɡeːɔɐk	hansɡeɔʁk	hansɡeɔɾk	hansgəɔʁk	compound	hans|georg	0.3333333333333333	0.3333333333333333	0.5555555555555556	hansɡeɔʁk	hansgeɔɾk	0.3333333333333333	0.4444444444444444
Harsefeld	haʁzəfɛlt	haʁzɛfɛlt	haɾzefɛlt	haʁzefɛlt	compound	ha|r|se|feld	0.1111111111111111	0.2222222222222222	0.1111111111111111	haʁzəfɛlt	haɾzefɛlt	0.0	0.2222222222222222
Haruspices	haʁʊspitseːs	haʁʊspitsɛs	hɑrʊspikəs	haʁʊspɪkəs	compound	ha|rus|pi|ces	0.09090909090909091	0.5	0.4	haʁʊspit͡ses	hɑɾʊspitsəs	0.08333333333333333	0.2727272727272727
Hasskriminalität	haskriminalitɛːt	haskʁiminalitɛt	haskɾiminɑlitɛt	hasskʁiminalitɛt	compound	hass|kriminalität	0.06666666666666667	0.13333333333333333	0.125	haskʁiminalitɛt	hasskɾiminɑlitɛt	0.06666666666666667	0.1875
Hauptburg	haʊptbʊʁk	haʊptbʊʁk	haʊptb??k	haoptbʊʁk	compound	haupt|burg	0.0	0.2222222222222222	0.1111111111111111	haʊ̯ptbʊʁk	haoptbʊɾk	0.1	0.2222222222222222
Hauptmelodie	haʊptmelodiː	haʊptmelodi	haʊptmelodi	haoptmelodiə	compound	haupt|melodie	0.0	0.0	0.16666666666666666	haʊ̯ptmelodi	haoptmelodijə	0.08333333333333333	0.23076923076923078
Hauptrede	haʊptʁeːdə	haʊptʁedə	haʊptɾedə	haoptʁedə	compound	haupt|rede	0.0	0.1111111111111111	0.1111111111111111	haʊ̯ptʁedə	haoptɾedə	0.1	0.2222222222222222
Hauptstücken	haʊptʃtʏkn	haʊptʃtʏkɛn	haʊptʃtykən	haoptstʏkən	compound	hauptstück|en	0.09090909090909091	0.18181818181818182	0.2727272727272727	haʊ̯ptʃtʏkn̩	haoptstʏkən	0.16666666666666666	0.2727272727272727
Hausagentur	haʊsʔaɡɛntuːɐ	haʊsaɡɛntuɐ	haʊsɑɡəntuɾ	haozagɛntuɐ	compound	haus|agentur	0.0	0.2727272727272727	0.2727272727272727	haʊ̯saɡɛntuɐ̯	haozɑgɛntuɐ	0.15384615384615385	0.36363636363636365
Hausammer	haʊsʔamɐ	haʊsamɐ	haʊsamɜ	haosammɐ	compound	haus|ammer	0.0	0.14285714285714285	0.25	haʊ̯samɐ	haozammɐ̯	0.125	0.4444444444444444
Hausandacht	haʊsʔandaxt	haʊsandaxt	haʊsandaxt	haozandaxt	compound	haus|andacht	0.0	0.0	0.2	haʊ̯sandaxt	haozandaxt	0.09090909090909091	0.2
Hausandachten	haʊsʔandaxtn	haʊsandaxtn	haʊsandaxtən	haozandaxtən	compound	haus|andachten	0.0	0.08333333333333333	0.25	haʊ̯sandaxtn̩	haozandaxtən	0.15384615384615385	0.25
Hausanteil	haʊsʔantaɪl	haʊsantaɪl	haʊsantaɪl	haosantəil	compound	haus|anteil	0.0	0.0	0.3	haʊ̯santaɪ̯l	haozɑntəil	0.16666666666666666	0.5
Hausanteile	haʊsʔantaɪlə	haʊsantaɪlə	haʊsantaɪlə	haosantəilə	compound	haus|anteile	0.0	0.0	0.2727272727272727	haʊ̯santaɪ̯lə	haozɑntəilə	0.15384615384615385	0.45454545454545453
Hausanteiles	haʊsʔantaɪləs	haʊsantaɪləs	haʊsantaɪləs	haosantəiləs	compound	haus|anteiles	0.0	0.0	0.25	haʊ̯santaɪ̯ləs	haozɑntəiləs	0.14285714285714285	0.4166666666666667
Hausanteils	haʊsʔantaɪls	haʊsantaɪls	haʊsantaɪls	haosantaels	compound	haus|anteils	0.0	0.0	0.18181818181818182	haʊ̯santaɪ̯ls	haozantaels	0.15384615384615385	0.2727272727272727
Hausanzug	haʊsʔantsuːk	haʊsantsuk	haʊsantsuk	haosantsuk	compound	haus|anzug	0.0	0.0	0.1	haʊ̯sant͡suk	haozantsuk	0.16666666666666666	0.2
Hausanzuge	haʊsʔantsuːɡə	haʊsantsuɡə	haʊsantsuɡə	haosantsugə	compound	haus|anzuge	0.0	0.0	0.18181818181818182	haʊ̯sant͡suɡə	haozantsugə	0.15384615384615385	0.2727272727272727
Hausanzuges	haʊsʔantsuːɡəs	haʊsantsuɡəs	haʊsantsuɡəs	haosantsugəs	compound	haus|anzuges	0.0	0.0	0.16666666666666666	haʊ̯sant͡suɡəs	haozantsugəs	0.14285714285714285	0.25
Hausanzugs	haʊsantsuːks	haʊsantsuks	haʊsantsuks	haosantsuks	compound	haus|anzugs	0.0	0.0	0.09090909090909091	haʊ̯sant͡suks	haozantsʊks	0.15384615384615385	0.2727272727272727
Hausanzüge	haʊsʔantsyːɡə	haʊsantsyɡə	haʊsantsyɡə	haosantsygə	compound	haus|anzüge	0.0	0.0	0.18181818181818182	haʊ̯sant͡syɡə	haozantsygə	0.15384615384615385	0.2727272727272727
Hausanzügen	haʊsʔantsyːɡn	haʊsantsyɡn	haʊsantsyɡən	haosantsygən	compound	haus|anzügen	0.0	0.08333333333333333	0.25	haʊ̯sant͡syɡn̩	haozantsygən	0.21428571428571427	0.3333333333333333
Hausarme	haʊsʔaʁmə	haʊsaʁmə	haʊsaɾmə	haosaʁmə	compound	haus|arme	0.0	0.125	0.125	haʊ̯saʁmə	haozaɾmə	0.1111111111111111	0.375
Hausarmer	haʊsʔaʁmɐ	haʊsaʁmɐ	haʊsaɾmɜ	haosaʁmɐ	compound	haus|armer	0.0	0.25	0.125	haʊ̯saʁmɐ	haozaɾmɐ̯	0.1111111111111111	0.4444444444444444
Hausarznei	haʊsʔaːɐtsnaɪ	haʊsaɐtsnaɪ	haʊsaɾtsnaɪ	haosaʁtsnae	compound	haus|arznei	0.0	0.09090909090909091	0.2727272727272727	haʊ̯saɐ̯t͡snaɪ̯	haozaɾtsnae	0.26666666666666666	0.36363636363636365
Hausarzneien	haʊsaːɐtsnaɪən	haʊsaɐtsnaɪən	haʊsaɾtsnaɪən	haosaʁtsnəiən	compound	haus|arzneien	0.0	0.07692307692307693	0.3076923076923077	haʊ̯saɐ̯t͡snaɪ̯ən	haozaɾtsnəiən	0.23529411764705882	0.38461538461538464
Hausball	haʊsbal	haʊsbal	haʊsbal	haosball	compound	haus|ball	0.0	0.0	0.25	haʊ̯sbal	haosball	0.125	0.25
Hausbanken	haʊsbaŋkn	haʊsbaŋkɛn	haʊsbaŋkən	haosbaŋkən	compound	hausbank|en	0.1	0.1	0.2	haʊ̯sbaŋkn̩	haosbaŋkən	0.18181818181818182	0.2
Hausbedarf	haʊsbədaʁf	haʊsbədaʁf	haʊsbədaɾf	haosbedaʁf	compound	haus|bedarf	0.0	0.1	0.2	haʊ̯sbədaʁf	haosbedaɾf	0.09090909090909091	0.3
Hausbedienstete	haʊsbədiːnstətə	haʊsbədinstətə	haʊsbədinstətə	haosbədinstətə	compound	haus|bedienstete	0.0	0.0	0.07142857142857142	haʊ̯sbədinstətə	haosbedinstətə	0.06666666666666667	0.14285714285714285
Hausbediensteten	haʊsbədiːnstətn	haʊsbədinstətn	haʊsbədinstətən	haosbədinstətən	compound	haus|bediensteten	0.0	0.06666666666666667	0.13333333333333333	haʊ̯sbədinstətn̩	haosbedinstətən	0.125	0.2
Hausbediensteter	haʊsbədiːnstətɐ	haʊsbədinstətɐ	haʊsbədinstətɜ	haosbədinstətɐ	compound	haus|bediensteter	0.0	0.07142857142857142	0.07142857142857142	haʊ̯sbədinstətɐ	haosbedinstətɐ̯	0.06666666666666667	0.2
Hausbeleuchtung	haʊsbəlɔɪctʊŋ	haʊsbəlɔɪctʊŋ	haʊsbəlɔøctʊŋ	haosbəlɔɔʏctʊŋ	compound	haus|beleuchtung	0.0	0.07692307692307693	0.21428571428571427	haʊ̯sbəlɔɪ̯çtʊŋ	haosbelɔøçtʊŋ	0.2	0.3076923076923077
Hausgotte	haʊsɡɔtə	haʊsɡɔtə	haʊsɡɔtə	haosgɔtə	compound	haus|gotte	0.0	0.0	0.25	haʊ̯sɡɔtə	haosgɔtə	0.1111111111111111	0.25
Hausgrille	haʊsɡʁɪlə	haʊsɡʁɪlə	haʊsɡɾɪlə	haosgʁɪllə	compound	haus|grille	0.0	0.1111111111111111	0.3	haʊ̯sɡʁɪlə	haozgɾɪllə	0.1	0.5
Hausgrillen	haʊsɡʁɪlən	haʊsɡʁɪlən	haʊsɡɾɪlən	haosgʁɪllən	compound	haus|grillen	0.0	0.1	0.2727272727272727	haʊ̯sɡʁɪlən	haozgɾɪllən	0.09090909090909091	0.45454545454545453
Haushaltswarengeschäft	haʊshaltsvaːʁənɡəʃɛft	haʊshaltsvaʁənɡəʃɛft	haʊshaltsvarɛnɡɛʃɛft	haoshaltsvaʁɛŋɛʃɛft	compound	haushaltswaren|geschäft	0.0	0.15	0.2631578947368421	haʊ̯shalt͡svaʁənɡəʃɛft	haosaltsvɑɾɛŋɛʃɛft	0.09090909090909091	0.4444444444444444
Haushaltswarengeschäfte	haʊshaltsvaːʁənɡəʃɛftə	haʊshaltsvaʁənɡəʃɛftə	haʊshaltsvarɛnɡɛʃɛftə	haoshaltsvaʁɛŋɛʃɛftə	compound	haushaltswaren|geschäfte	0.0	0.14285714285714285	0.25	haʊ̯shalt͡svaʁənɡəʃɛftə	haosaltsvɑɾɛŋɛʃɛftə	0.08695652173913043	0.42105263157894735
Haushaltswarengeschäften	haʊshaltsvaːʁənɡəʃɛftn	haʊshaltsvaʁənɡəʃɛftn	haʊshaltsvarɛnɡɛʃɛftən	haoshaltsvaʁɛŋɛʃɛftən	compound	haushaltswaren|geschäften	0.0	0.18181818181818182	0.2857142857142857	haʊ̯shalt͡svaʁənɡəʃɛftn̩	haosaltsvɑɾɛŋɛʃɛftən	0.125	0.45
Haushaltswarengeschäftes	haʊshaltsvaːʁənɡəʃɛftəs	haʊshaltsvaʁənɡəʃɛftəs	haʊshaltsvarɛnɡɛʃɛftəs	haoshaltsvaʁɛŋɛʃɛftəs	compound	haushaltswaren|geschäftes	0.0	0.13636363636363635	0.23809523809523808	haʊ̯shalt͡svaʁənɡəʃɛftəs	haosaltsvɑɾɛŋɛʃɛftəs	0.08333333333333333	0.4
Haushaltswarengeschäfts	haʊshaltsvaːʁənɡəʃɛfts	haʊshaltsvaʁənɡəʃɛfts	haʊshaltsvarɛnɡɛʃɛfts	haoshaltsvaʁɛŋɛʃɛfts	compound	haushaltswaren|geschäfts	0.0	0.14285714285714285	0.25	haʊ̯shalt͡svaʁənɡəʃɛft͡s	haosaltsvɑɾɛŋɛʃɛfts	0.125	0.42105263157894735
Haushaltswarenhändler	haʊshaltsvaːʁənhɛndlɐ	haʊshaltsvaʁənhɛndlɐ	haʊshaltsvarɛnhɛndlɜ	haoshaltsvaʁɛnɛndlɐ	compound	haushaltswaren|händler	0.0	0.15	0.15789473684210525	haʊ̯shalt͡svaʁənhɛndlɐ	haosaltsvɑɾɛnɛndlɐ̯	0.09090909090909091	0.3684210526315789
Haushaltswarenhändlerin	haʊshaltsvaːʁənhɛndləʁɪn	haʊshaltsvaʁənhɛndləʁɪn	haʊshaltsvarɛnhɛndlərɪn	haoshaltsvaʁɛnɛndleʁɪn	compound	haushaltswaren|händlerin	0.0	0.13043478260869565	0.18181818181818182	haʊ̯shalt͡svaʁənhɛndləʁɪn	haosaltsvɑɾɛnɛndlɐ̯ɪn	0.08	0.38095238095238093
Haushaltswarenhändlerinnen	haʊshaltsvaːʁənhɛndləʁɪnən	haʊshaltsvaʁənhɛndləʁɪnən	haʊshaltsvarɛnhɛndlerɪnən	haoshaltsvaʁɛnɛndleʁɪnnən	compound	haushaltswaren|händlerinnen	0.0	0.16	0.2	haʊ̯shalt͡svaʁənhɛndləʁɪnən	haosaltsvɑɾɛnɛndleɾɪnnən	0.07407407407407407	0.375
Hausparty	haʊspaːɐti	haʊspaɐti	hɔspɑti	haospaʁty	compound	haus|party	0.0	0.5714285714285714	0.3333333333333333	haʊ̯spaɐ̯ti	haospaɾty	0.18181818181818182	0.3333333333333333
Hausschaf	haʊsʃaːf	haʊsʃaf	haʊsʃɑf	haosʃaf	compound	haus|schaf	0.0	0.14285714285714285	0.14285714285714285	haʊ̯sʃaf	haosʃɑf	0.125	0.2857142857142857
Hausschafe	haʊsʃaːfə	haʊsʃafə	haʊsʃɑfə	haosʃafə	compound	haus|schafe	0.0	0.125	0.125	haʊ̯sʃafə	haosʃɑfə	0.1111111111111111	0.25
Hausschafen	haʊsʃaːfn	haʊsʃafn	haʊsʃɑfən	haosʃafən	compound	haus|schafen	0.0	0.2222222222222222	0.2222222222222222	haʊ̯sʃafn̩	haosʃɑfən	0.2	0.3333333333333333
Hausschafes	haʊsʃaːfəs	haʊsʃafəs	haʊsʃɑfəs	haosʃafəs	compound	haus|schafes	0.0	0.1111111111111111	0.1111111111111111	haʊ̯sʃafəs	haosʃɑfəs	0.1	0.2222222222222222
Hausschafs	haʊsʃaːfs	haʊsʃafs	haʊsʃɑfs	haosʃafs	compound	haus|schafs	0.0	0.125	0.125	haʊ̯sʃafs	haosʃafs	0.1111111111111111	0.125
Hausspinne	haʊsʃpɪnə	haʊsʃpɪnə	haʊsʃpɪnə	haosʃpɪnnə	compound	haus|spinne	0.0	0.0	0.2	haʊ̯sʃpɪnə	haozspɪnnə	0.1	0.4
Haustafel	haʊstaːfl	haʊstafl	haʊstɑfəl	haostafel	compound	haus|tafel	0.0	0.2222222222222222	0.2222222222222222	haʊ̯stafl̩	haostɑfel	0.2	0.3333333333333333
Hausunterrichte	haʊsʔʊntɐʁɪctə	haʊsʊntɐʁɪctə	haʊsʊntɜrɪctə	haozʊntɛʁʁɪctə	compound	haus|unterrichte	0.0	0.15384615384615385	0.2857142857142857	haʊ̯sʊntɐʁɪçtə	haozʊntɛɾɾɪçtə	0.14285714285714285	0.42857142857142855
Hautständer	haʊtʃtɛndɐ	haʊtʃtɛndɐ	haʊtʃtɛndɜ	haotstɛndɐ	compound	haut|ständer	0.0	0.1	0.2	haʊ̯tʃtɛndɐ	haotstɛndɐ̯	0.09090909090909091	0.2727272727272727
Hautwunde	haʊtvʊndə	haʊtvʊndə	haʊtvʊndə	haotvʊndə	compound	haut|wunde	0.0	0.0	0.1111111111111111	haʊ̯tvʊndə	haotvʊndə	0.1	0.1111111111111111
Havlicek	havlɪtʃɛk	havlikek	havlikek	haflɪck	compound	ha|v|li|c|ek	0.5	0.5	0.5714285714285714	haflɪt͡ʃɛk	havlitsek	0.2	0.3333333333333333
Havliczek	havlɪtʃɛk	havlitʃek	havlɪktsek	haflɪktsək	compound	ha|v|li|cz|ek	0.2222222222222222	0.3	0.4	haflɪt͡ʃɛk	havlɪtsek	0.2	0.2222222222222222
Hawliczek	havlɪtʃɛk	havlitʃek	havlɪktsek	havlɪctsək	compound	ha|w|li|cz|ek	0.2222222222222222	0.3	0.3	hɔlɪt͡ʃɛk	havlɪtsek	0.3333333333333333	0.2222222222222222
Heap	hiːp	heap	heɑp	həap	compound	he|ap	0.5	0.5	0.5	heap	heap	0.5	0.5
Heckpfennig	hɛkpfɛnɪk	hɛkpfɛnɪk	hɛkpfənɪc	hɛkpfɛnnɪc	compound	heck|pfennig	0.0	0.2222222222222222	0.2	hɛkp͡fɛnɪk	hɛkpfɛnnɪç	0.1	0.2
Heckpfennigen	hɛkpfɛnɪɡn	hɛkpfɛnɪɡn	hɛkpfənɪɡən	hɛkpfɛnnɪgən	compound	heck|pfennigen	0.0	0.18181818181818182	0.25	hɛkp͡fɛnɪɡn̩	hɛkpfɛnnɪgən	0.16666666666666666	0.25
Heckpfennigs	hɛkpfɛnɪks	hɛkpfɛnɪks	hɛkpfənɪcs	hɛkpfɛnnɪks	compound	heck|pfennigs	0.0	0.2	0.09090909090909091	hɛkp͡fɛnɪks	hɛkpfɛnnɪks	0.09090909090909091	0.09090909090909091
Heckschraube	hɛkʃʁaʊbə	hɛkʃʁaʊbə	hɛkʃraʊbə	hɛkʃʁaobə	compound	heck|schraube	0.0	0.1111111111111111	0.1111111111111111	hɛkʃʁaʊ̯bə	hɛkʃɾaobə	0.1	0.2222222222222222
Heimmannschaft	haɪmmanʃaft	haɪmmanʃaft	haɪmanʃaft	haemmannʃaft	compound	heim|mannschaft	0.0	0.1	0.16666666666666666	haɪ̯mmanʃaft	haemmannstshaft	0.08333333333333333	0.4
Heimunterrichte	haɪmʔʊntɐʁɪctə	haɪmʊntɐʁɪctə	haɪmʊntɜrɪctə	haemʊntɛʁʁɪctə	compound	heim|unterrichte	0.0	0.15384615384615385	0.21428571428571427	haɪ̯mʊntɐʁɪçtə	haemʊntɛɾɾɪçtə	0.14285714285714285	0.35714285714285715
Heimwerkergerät	haɪmvɛʁkɐɡəʁɛːt	haɪmvɛʁkɐɡəʁɛt	haɪmvɜkɜɡərɛt	haemvɛʁkɛʁgeʁɛt	compound	heimwerker|gerät	0.0	0.3076923076923077	0.3333333333333333	haɪ̯mvɛʁkɐɡəʁɛt	haemvɛɾkɛɾgeɾɛt	0.06666666666666667	0.4666666666666667
Heimzahler	haɪmtsaːlɐ	haɪmtsaləʁ	haɪmtsɑlɜ	haemtsalɐ	compound	heimzahle|r	0.2	0.2222222222222222	0.1111111111111111	haɪ̯mt͡salɐ	haemtsɑlɐ̯	0.18181818181818182	0.3
Heimzahlers	haɪmtsaːlɐs	haɪmtsalɐs	haɪmtsɑlɜs	haemtsalɛʁs	compound	heim|zahlers	0.0	0.2	0.2727272727272727	haɪ̯mt͡salɐs	haemtsɑlɛɾs	0.16666666666666666	0.36363636363636365
Heimzahlung	haɪmtsaːlʊŋ	haɪmtsalʊŋ	haɪmtsɑlʊŋ	haemtsalʊŋ	compound	heim|zahlung	0.0	0.1	0.1	haɪ̯mt͡salʊŋ	haemtsɑlʊŋ	0.16666666666666666	0.2
Heimzahlungen	haɪmtsaːlʊŋən	haɪmtsalʊŋən	haɪmtsɑlʊŋən	haemtsalʊŋən	compound	heim|zahlungen	0.0	0.08333333333333333	0.08333333333333333	haɪ̯mt͡salʊŋən	haemtsɑlʊŋən	0.14285714285714285	0.16666666666666666
Heizelement	haɪtselemɛnt	haɪtseləmɛnt	haɪtsəlemɛnt	haetseləmɛnt	compound	heiz|element	0.08333333333333333	0.08333333333333333	0.16666666666666666	haɪ̯t͡selemɛnt	haetseləmɛnt	0.14285714285714285	0.16666666666666666
Heizgewölbe	haɪtsɡəvœlbə	haɪtsɡəvœlbə	haɪtsɡevœlbə	haetsgevœlbə	compound	heiz|gewölbe	0.0	0.08333333333333333	0.25	haɪ̯t͡sɡəvœlbə	haetsgevœlbə	0.14285714285714285	0.25
Heizhaube	haɪtshaʊbə	haɪtshaʊbə	haɪtshaʊbə	haetshaobə	compound	heiz|haube	0.0	0.0	0.2	haɪ̯t͡shaʊ̯bə	haetsaobə	0.23076923076923078	0.3333333333333333
Heißklebepistole	haɪskleːbəpɪstoːlə	haɪsklebəpɪstolə	haɪsklebepɪstolə	haessklebepɪstolə	compound	heiß|klebe|pistole	0.0	0.0625	0.17647058823529413	haɪ̯sklebəpɪstolə	haesklebepɪstolə	0.058823529411764705	0.125
Hellsehen	hɛlzeːən	hɛlzeən	hɛlzeən	hɛllzeən	compound	hells|ehen	0.0	0.0	0.125	hɛlzeən	hɛllzeən	0.0	0.125
Hemimorphit	hemimɔʁfɪt	hemimɔʁfɪt	hemimɔɾfɪt	həmimɔʁfit	compound	hemi|morph|it	0.0	0.1	0.2	hemimɔʁfɪt	hemimɔɾfit	0.0	0.2
Hemiterpen	hemitɛʁpeːn	hemitɛʁpen	hemitɜpən	hemitɛʁpən	compound	hemi|terpen	0.0	0.3333333333333333	0.1	hemitɛʁpn̩	hemitɛɾpən	0.2	0.2
Hemiterpene	hemitɛʁpeːnə	hemitɛʁpenə	hemitɜpənə	hemitɛʁpənə	compound	hemi|terpene	0.0	0.3	0.09090909090909091	hemitɛʁpn̩e	hemitɛɾpənə	0.2727272727272727	0.18181818181818182
Hemiterpens	hemitɛʁpeːns	hemitɛʁpens	hemitɜpəns	hemitɛʁpɛns	compound	hemi|terpens	0.0	0.3	0.09090909090909091	hemitɐpɛns	hemitɛɾpɛns	0.3	0.18181818181818182
Henkersmahl	hɛŋkɐsmaːl	hɛŋkɐsmal	hɛnkɜsmɑl	hɛŋkɛʁsmal	compound	henkers|mahl	0.0	0.3333333333333333	0.2	hɛŋkɐsmal	hɛŋkɛɾsmɑl	0.0	0.3
Herausheber	hɛʁaʊsheːbɐ	hɛʁaʊshebəʁ	hɛraʊshebɜ	hɛʁaosebɐ	compound	heraushebe|r	0.18181818181818182	0.2	0.2222222222222222	hɛʁaʊ̯shebɐ	hɛɾaoshebɐ̯	0.09090909090909091	0.2727272727272727
Herausreißer	hɛʁaʊsʁaɪsɐ	hɛʁaʊsʁaɪsəʁ	hɛraʊsraɪsɜ	hɛʁaosʁaeszɐ	compound	herausreiße|r	0.16666666666666666	0.2727272727272727	0.25	hɛʁaʊ̯sʁaɪ̯sɐ	hɛɾaosɾaefɐ̯	0.15384615384615385	0.5
Herbergsmüttern	hɛʁbɛʁksmʏtɐn	hɛʁbɛʁksmʏtɐn	hɛɾbɜksmytɜn	heɐbɛʁksmʏtɛʁn	compound	herberg|s|müttern	0.0	0.4166666666666667	0.2857142857142857	hɛʁbɛʁksmʏtɐn	heɐ̯bəɾksmʏtɛɾn	0.0	0.4666666666666667
Herbstwald	hɛʁpstvalt	hɛʁpstvalt	hɛɾpstvalt	hɛʁpstvalt	compound	herbst|wald	0.0	0.1	0.0	hɛʁpstvalt	heɐ̯pstvalt	0.0	0.2727272727272727
Herkunftsbezeichnung	heːɐkʊnftsbətsaɪcnʊŋ	heɐkʊnftsbətsaɪcnʊŋ	hɛɾkʊnftsbetsaɪcnʊŋ	hɛʁkʊnftsbetsaecnʊŋ	compound	herkunft|s|bezeichnung	0.0	0.15789473684210525	0.21052631578947367	heɐ̯kʊnft͡sbət͡saɪ̯çnʊŋ	heɐ̯kʊnftsbetsaeçnʊŋ	0.21739130434782608	0.2
Herrenrasse	hɛʁənʁasə	hɛʁənʁasə	hɛrənrasə	hɛʁʁɛnʁaszə	compound	herren|rasse	0.0	0.2222222222222222	0.2727272727272727	hɛʁənʁasə	heɐ̯ɾɛnɾaszə	0.0	0.5833333333333334
Herrscherpersönlichkeit	hɛʁʃɐpɛʁzøːnlɪckaɪt	hɛʁʃɐpɛʁzønlɪckaɪt	hɛɾʃɜpɛɾzønlɪckaɪt	hɛʁʁʃɛʁpɛʁzɔʏnlɪckəit	compound	herrscher|persönlichkeit	0.0	0.16666666666666666	0.3333333333333333	hɛʁʃɐpɛʁzønlɪçkaɪ̯t	heɐ̯ɾʃɛɾpɛɾzœnlɪçkəit	0.10526315789473684	0.5238095238095238
Herrscherpersönlichkeiten	hɛʁʃɐpɛʁzøːnlɪckaɪt	hɛʁʃɐpɛʁzønlɪckaɪtn	hɛɾʃɜpɛɾzønlɪckaɪtən	hɛʁʁʃɛʁpɛʁzɔʏnlɪckəitən	compound	herrscher|persönlichkeiten	0.05263157894736842	0.25	0.391304347826087	hɛʁʃɐpɛʁzønlɪçkaɪ̯tn̩	heɐ̯ɾʃɛɾpɛɾzœnlɪçkəitən	0.19047619047619047	0.5652173913043478
Herunterstufung	hɛʁʊntɐʃtuːfʊŋ	hɛʁʊntɐʃtufʊnɡ	hɛrʊntɜʃtufʊŋ	hɛʁʊntɛʁstufʊŋ	compound	herunter|stuf|un|g	0.14285714285714285	0.15384615384615385	0.21428571428571427	hɛʁʊntɐʃtufʊŋ	hɛɾʊntɛɾstufʊŋ	0.0	0.2857142857142857
Herzkammern	hɛʁtskamɐn	hɛʁtskamɐn	hɛɾtskamɜn	heɐtskammɛʁn	compound	herz|kammern	0.0	0.2	0.4166666666666667	hɛʁt͡skamɐn	heɐ̯tskammɛɾn	0.09090909090909091	0.46153846153846156
Herzweh	hɛʁtsveː	hɛʁtsve	hɛɾtsve	hɛʁtsve	compound	herz|weh	0.0	0.14285714285714285	0.0	hɛʁt͡sve	heɐ̯tsve	0.125	0.375
Hetzkampagne	hɛtskampanjə	hɛtskampanjə	hɛtskampaɡnə	hɛtskampagnə	compound	hetz|kampagne	0.0	0.16666666666666666	0.16666666666666666	hɛt͡skampanjə	hɛtskampagnə	0.07692307692307693	0.16666666666666666
Heuaufguss	hɔɪʔaʊfɡʊs	hɔɪaʊfɡʊs	hɔøaʊfɡʊs	hɔɔʏaofgʊss	compound	heu|aufguss	0.0	0.1111111111111111	0.45454545454545453	hɔɪ̯aʊ̯fɡʊs	hɔøaofgʊss	0.18181818181818182	0.4
Heuerling	hɔɪɐlɪŋ	hɔɪɐlɪŋ	hɔøɜlɪŋ	hɔɔʏɐlɪŋ	compound	heuer|l|ing	0.0	0.2857142857142857	0.25	hɔɪ̯ɐlɪŋ	hɔøɐ̯lɪŋ	0.125	0.25
Heumonat	hɔɪmoːnat	hɔɪmonat	hɔømonɑt	hɔɔʏmonat	compound	heu|monat	0.0	0.25	0.2222222222222222	hɔɪ̯monat	hɔømonɑt	0.1111111111111111	0.25
Himmelsgegend	hɪmlsɡeːɡnt	hɪmlsɡeɡnt	hɪməlsɡeɡənt	hɪmmɛlsgegɛnt	compound	himmels|gegend	0.0	0.16666666666666666	0.38461538461538464	hɪml̩sɡeɡn̩t	hɪmmɛlsgegɛnt	0.16666666666666666	0.38461538461538464
Himmelsreich	hɪmlʁaɪc	hɪmlsʁaɪc	hɪməlsraɪc	hɪmmɛlsʁaec	compound	himmels|reich	0.1111111111111111	0.3	0.36363636363636365	hɪml̩sʁaɪ̯ç	hɪmmɛlsɾaeç	0.36363636363636365	0.5454545454545454
Hineinspielen	hɪnaɪnʃpiːlən	hɪnaɪnʃpilən	hɪnaɪnʃpilən	hɪnaenʃpilən	compound	hinein|spielen	0.0	0.0	0.08333333333333333	hɪnaɪ̯nʃpilən	hɪnaenʃpilən	0.07692307692307693	0.08333333333333333
Hintanstellung	hɪntʔanʃtɛlʊŋ	hɪntanʃtɛlʊŋ	hɪntanʃtɛlʊŋ	hɪntanstɛllʊŋ	compound	hint|anstellung	0.0	0.0	0.15384615384615385	hɪntanʃtɛlʊŋ	hɪntanstɛllʊŋ	0.0	0.15384615384615385
Hintergaumen	hɪntərɡaʊmən	hɪntɐɡaʊmən	hɪntɜɡaʊmən	hɪntɛʁgaomən	compound	hinter|gaumen	0.18181818181818182	0.18181818181818182	0.3333333333333333	hɪntɐɡaʊ̯mən	hɪntɛɾgaomən	0.25	0.3333333333333333
Hinterkante	hɪntɐkantə	hɪntɐkantə	hɪntɜkantə	hɪntɛʁkantə	compound	hinter|kante	0.0	0.1	0.18181818181818182	hɪntɐkantə	hɪntɛɾkɑntə	0.0	0.2727272727272727
Hinterleger	hɪntɐleːɡɐ	hɪntɐleɡəʁ	hɪntɜleɡɜ	hɪntɛʁlegɐ	compound	hinterlege|r	0.2	0.2222222222222222	0.3	hɪntɐleɡɐ	hɪntɛɾlegɐ̯	0.0	0.36363636363636365
Hinterlegungsbescheinigung	hɪntɐleːɡʊŋsbəʃaɪnɪɡʊŋ	hɪntɐleɡʊŋsbəʃaɪnɪɡʊŋ	hɪntɜleɡʊŋsbəʃaɪnɪɡʊŋ	hɪntɛʁlegʊŋsbəʃaenɪgʊŋ	compound	hinterlegung|s|bescheinigung	0.0	0.047619047619047616	0.22727272727272727	hɪntɐleɡʊŋsbəʃaɪ̯nɪɡʊŋ	hɪntɛɾlegʊŋsbɛʃəɪnɪgʊŋ	0.045454545454545456	0.2727272727272727
Hinterlegungsbescheinigungen	hɪntɐleːɡʊŋsbəʃaɪnɪɡʊŋən	hɪntɐleɡʊŋsbəʃaɪnɪɡʊŋən	hɪntɜleɡʊŋsbəʃaɪnɪɡʊŋən	hɪntɛʁlegʊŋsbəʃaenɪgʊŋən	compound	hinterlegung|s|bescheinigungen	0.0	0.043478260869565216	0.20833333333333334	hɪntɐleɡʊŋsbəʃaɪ̯nɪɡʊŋən	hɪntɛɾlegʊŋsbɛʃəɪnɪgʊŋən	0.041666666666666664	0.25
Hintersass	hɪntɐzas	hɪntɐsas	hɪntɜzas	hɪntɛʁzass	compound	hinters|ass	0.125	0.125	0.3	hɪntɐzas	hɪntɛɾzass	0.0	0.3
Hintertreffen	hɪntɐtʁɛfn	hɪntɐtʁɛfn	hɪntɜtɾɛfən	hɪntɛʁtʁɛffən	compound	hinter|treffen	0.0	0.2727272727272727	0.3076923076923077	hɪntɐtʁɛfn̩	hɪntɛɾtɾɛffən	0.09090909090909091	0.38461538461538464
Hintertupfing	hɪntɐtʊpfɪŋ	hɪntɐtʊpfɪŋ	hɪntɜtʊpfɪŋ	hɪntɛʁtʊpfɪŋ	compound	hinter|tupf|ing	0.0	0.09090909090909091	0.16666666666666666	hɪntɐtʊp͡fɪŋ	hɪntɛɾtʊpfɪŋ	0.08333333333333333	0.16666666666666666
Hinterzimmerabsprache	hɪntɐtsɪmɐapʃpʁaːxə	hɪntɐtsɪmɐapʃpʁaxə	hɪntɜtsɪmerapʃpɾɑxə	hɪntɛʁtsɪmmeʁapspʁaxə	compound	hinterzimmer|absprache	0.0	0.2631578947368421	0.2857142857142857	hɪntɐt͡sɪmɐapʃpʁaxə	hɪntɛɾtsɪmmeɾapspɾaxə	0.05263157894736842	0.3333333333333333
Hinzufügung	hɪntsuːfyːɡʊŋ	hɪntsufyɡʊŋ	hɪntsufyɡʊŋ	hɪntsufygʊŋ	compound	hinzu|fügung	0.0	0.0	0.09090909090909091	hɪnt͡sufyɡʊŋ	hɪntsufygʊŋ	0.08333333333333333	0.09090909090909091
Hiob	hiːɔp	haɪɔp	hɪop	hɪop	compound	hi|ob	0.4	0.5	0.5	hiop	hiop	0.25	0.25
Hirnaktivität	hɪʁnaktivitɛːt	hɪʁnaktivitɛt	hɪɾnaktivitɛt	hɪʁnaktivitɛt	compound	hirn|aktivität	0.0	0.07692307692307693	0.0	hɪʁnaktivitɛt	hɪɾnaktivitɛt	0.0	0.07692307692307693
Hirnanhangdrüse	hɪʁnanhaŋdʁyːzə	hɪʁnanhaŋdʁyzə	hɪɾnanhaŋdɾyzə	hɪʁnanhaŋdʁyzə	compound	hirn|anhang|drüse	0.0	0.14285714285714285	0.0	hɪʁnanhaŋdʁyzə	hɪɾnanaŋdɾyzə	0.0	0.23076923076923078
Hirnwurm	hɪʁnvʊʁm	hɪʁnvʊʁm	hɪɾnv??m	hɪʁnvʊʁm	compound	hirn|wurm	0.0	0.375	0.0	hɪʁnvʊʁm	hɪɾnvʊɾm	0.0	0.25
Hitzeindex	hɪtsəɪndɛks	hɪtsəɪndɛks	hɪtsaɪndɛks	hɪtsaendeks	compound	hitze|index	0.0	0.09090909090909091	0.2727272727272727	hɪt͡səɪndɛks	hɪtsaendeks	0.08333333333333333	0.2727272727272727
Hitzköpfigkeit	hɪtskœpfɪckaɪt	hɪtskœpfɪɡkaɪt	hɪtskœpfɪckaɪt	hɪtskœpfɪkkəit	compound	hitz|köpfig|keit	0.07142857142857142	0.0	0.21428571428571427	hɪt͡skœp͡fɪkkaɪ̯t	hɪtskœpfɪkkəit	0.23529411764705882	0.21428571428571427
Hobbykünstler	hɔbikʏnstlɐ	hɔbikʏnstlɐ	hɔbykynstlɜ	hɔbaekʏnstlɐ	compound	hobby|künstler	0.0	0.2727272727272727	0.16666666666666666	hɔbikʏnstlɐ	hɔbykʏnstlɐ̯	0.0	0.16666666666666666
Hobbykünstlerin	hɔbikʏnstləʁɪn	hɔbikʏnstləʁɪn	hɔbykynstlərɪn	hɔbaekʏnstlɐɪn	compound	hobby|künstlerin	0.0	0.21428571428571427	0.2857142857142857	hɔbikʏnstləʁɪn	hɔbykʏnstlɐ̯ɪn	0.0	0.21428571428571427
Hobbykünstlerinnen	hɔbikʏnstləʁɪnən	hɔbikʏnstləʁɪnən	hɔbykynstlerɪnən	hɔbaekʏnstleʁɪnnən	compound	hobby|künstlerinnen	0.0	0.25	0.2222222222222222	hɔbikʏnstləʁɪnən	hɔbykʏnstleɾɪnnən	0.0	0.23529411764705882
Hobbykünstlers	hɔbikʏnstlɐs	hɔbikʏnstlɐs	hɔbykynstlɜs	hɔbaekʏnstlɛʁs	compound	hobby|künstlers	0.0	0.25	0.2857142857142857	hɔbikʏnstlɐs	hɔbykʏnstlɛɾs	0.0	0.23076923076923078
Hochfläche	hoːxflɛcə	hoxflɛcə	hoxflɛcə	hɔxflɛcə	compound	hoch|fläche	0.0	0.0	0.125	hoxflɛçə	hɔxflɛçə	0.125	0.25
Hochglanzbroschüre	hoːxɡlantsbʁɔʃyːʁə	hoxglantsbʁoʃyʁə	hoxɡlantsbɾɔʃyrə	hɔxglantsbʁɔʃyʁe	compound	hochglanz|broschüre	0.125	0.125	0.1875	hoxɡlant͡sbʁoʃyʁə	hɔxglantsbrɔʃyɾə	0.11764705882352941	0.25
Hochglanzmagazines	hoːxɡlantsmaɡatsiːnəs	hoxɡlantsmaɡatsinəs	hoxɡlantsmaɡatsinəs	hɔxglantsmagatsɪnəs	compound	hochglanzmagazine|s	0.0	0.0	0.21052631578947367	hoxɡlant͡smaɡat͡sinəs	hɔxglantsmɑgɑtsɪnəs	0.09523809523809523	0.3157894736842105
Hochglanzprospekt	hoːxɡlantspʁospɛkt	hoxglantspʁospɛkt	hoxɡlantspɾɔspɛkt	hɔxglantspʁɔspɛkt	compound	hochglanz|prospekt	0.058823529411764705	0.11764705882352941	0.17647058823529413	hoxɡlant͡spʁospɛkt	hɔxglantspɾɔspɛkt	0.05555555555555555	0.23529411764705882
Hochglanzprospekte	hoːxɡlantspʁospɛktə	hoxglantspʁospɛktə	hoxɡlantspɾɔspɛktə	hɔxglantspʁɔspɛktə	compound	hochglanz|prospekte	0.05555555555555555	0.1111111111111111	0.16666666666666666	hoxɡlant͡spʁospɛktə	hɔxglantspɾɔspɛktə	0.05263157894736842	0.2222222222222222
Hochglanzprospektes	hoːxɡlantspʁospɛktəs	hoxglantspʁospɛktəs	hoxɡlantspɾɔspɛktəs	hɔxglantspʁɔspɛktəs	compound	hochglanz|prospektes	0.05263157894736842	0.10526315789473684	0.15789473684210525	hoxɡlant͡spʁospɛktəs	hɔxglantspɾɔspɛktəs	0.05	0.21052631578947367
Hochglanzprospekts	hoːxɡlantspʁospɛkts	hoxglantspʁospɛkts	hoxɡlantspɾɔspɛkts	hɔxglantspʁɔspɛkts	compound	hochglanz|prospekts	0.05555555555555555	0.1111111111111111	0.16666666666666666	hoxɡlant͡spʁospɛkt͡s	hɔxglantspɾɔspɛkts	0.1	0.2222222222222222
Hochkirchs	hoːxkɪʁcs	hoxkɪʁcs	hoxkɪɾks	hɔxkɪʁks	compound	hochkirch|s	0.0	0.25	0.25	hoxkɪʁçs	hɔxkɪɾtss	0.125	0.4444444444444444
Hochleistungskunststoff	hoːxlaɪstʊŋskʊnstʃtɔf	hoxlaɪstʊŋskʊnstʃtɔf	hoxlaɪstʊŋskʊnststɔf	hɔxlaestʊŋskʊnststɔff	compound	hoch|leistung|s|kunststoff	0.0	0.05	0.19047619047619047	hoxlaɪ̯stʊŋskʊnstʃtɔf	hɔxlaestʊŋskʊnststɔff	0.047619047619047616	0.19047619047619047
Hochmeister	hoːxmaɪstɐ	hoxmaɪstɐ	hoxmaɪstɜ	hɔxmaestɐ	compound	hoch|meister	0.0	0.1111111111111111	0.2222222222222222	hoxmaɪ̯stɐ	hɔxməɪstɐ̯	0.1	0.3
Hochparkett	hoːxpaʁkɛt	hoxpaʁkɛt	hoxpaɾkɛt	hɔxpaʁkkɛt	compound	hoch|parkett	0.0	0.1111111111111111	0.2	hoxpaʁkɛt	hɔxpaɾkkɛt	0.0	0.3
Hochreck	hoːχʁɛk	hoxʁɛk	hoxrɛk	hɔxʁɛk	compound	hoch|reck	0.16666666666666666	0.3333333333333333	0.3333333333333333	hoxʁɛk	hɔxɾɛk	0.16666666666666666	0.5
Hochschwarzwald	hoːxʃvaʁtsvalt	hoxʃvaʁtsvalt	hoxʃvaɾtsvalt	hɔxʃvaʁtsvalt	compound	hoch|schwarzwald	0.0	0.07692307692307693	0.07692307692307693	hoxʃvaʁt͡svalt	hɔxʃvaɾtsvalt	0.07142857142857142	0.15384615384615385
Hochspieler	hoːχʃpiːlɐ	hoxʃpiləʁ	hoxʃpilɜ	hɔxspilɐ	compound	hochspiele|r	0.3333333333333333	0.25	0.375	hoxʃpilɐ	hɔxspilɐ̯	0.125	0.4444444444444444
Hochstifter	hoːxʃtɪftɐ	hoxʃtɪftəʁ	hoxʃtɪftɜ	hɔxstɪftɐ	compound	hochstifte|r	0.2	0.1111111111111111	0.2222222222222222	hoxʃtɪftɐ	hɔxstɪftɐ̯	0.0	0.3
Hochstuhl	hoːχʃtuːl	hoxʃtul	hoxʃtul	hɔxstul	compound	hoch|stuhl	0.14285714285714285	0.14285714285714285	0.42857142857142855	hoxʃtul	hɔxstul	0.14285714285714285	0.42857142857142855
Hochtemperaturkunststoff	hoːxtɛmpəʁatuːɐkʊnstʃtɔf	hoxtɛmpəʁatuɐkʊnstʃtɔf	hoxtɛmperɑt??kʊnststɔf	hɔxtɛmpeʁatʊʁkʊnststɔff	compound	hoch|temperatur|kunststoff	0.0	0.2727272727272727	0.2608695652173913	hoxtɛmpəʁatuɐ̯kʊnstʃtɔf	hɔxtɛmpeɾɑtʊɾkʊnststɔff	0.043478260869565216	0.34782608695652173
Hochweg	hoːxveːk	hoxvek	hoxvek	hɔxvek	compound	hoch|weg	0.0	0.0	0.16666666666666666	hoxvek	hɔxvek	0.0	0.16666666666666666
Hochwild	hoːxvɪlt	hoxvɪlt	hoxvɪlt	hɔxvɪlt	compound	hoch|wild	0.0	0.0	0.14285714285714285	hoxvɪlt	hɔxvɪlt	0.0	0.14285714285714285
Hochära	hoːxɛːra	hoxɛʁa	hoxɛrɑ	hɔxɛʁa	compound	hoch|ära	0.16666666666666666	0.16666666666666666	0.3333333333333333	hoxɛʁa	hɔxɛɾɑ	0.16666666666666666	0.5
Hofkirche	hoːfkɪʁcə	hofkɪʁcə	hɔfkɪɾcə	hɔfkɪʁcə	compound	hof|kirche	0.0	0.25	0.125	hofkɪʁçə	hɔfkɪɾçə	0.125	0.375
Hofkirchlein	hoːfkɪʁclaɪn	hofkɪʁclaɪn	hɔfkɪɾclaɪn	hɔfkɪʁtsləɪn	compound	hof|kirchlein	0.0	0.18181818181818182	0.3333333333333333	hofkɪʁçlaɪ̯n	hɔfkɪɾtsləɪn	0.16666666666666666	0.4166666666666667
Hohlzylinder	hoːltsilɪndɐ	holtsilɪndɐ	holtsilɪndɜ	holtsylɪndɐ	compound	hohl|zylinder	0.0	0.09090909090909091	0.09090909090909091	holt͡silɪndɐ	holtsylɪndɐ̯	0.08333333333333333	0.16666666666666666
Hohlzylindern	hoːltsylɪndɐn	holtsilɪndɐn	holtsilɪndɜn	holtsylɪndɛʁn	compound	hohl|zylindern	0.08333333333333333	0.16666666666666666	0.15384615384615385	holt͡silɪndɐn	holtsylɪndɛɾn	0.15384615384615385	0.15384615384615385
Holsteiner	hɔlʃtaɪnɐ	hɔlʃtaɪneɐ	hɔlʃtaɪnɜ	hɔlstaenɐ	compound	holstein|er	0.1	0.1111111111111111	0.2222222222222222	hɔlʃtaɪ̯nɐ	hɔlstəɪnɐ̯	0.1	0.3
Holsteinerin	hɔlʃtaɪnəʁɪn	hɔlʃtaɪneɐɪn	hɔlstaɪnərɪn	hɔlstaenɐɪn	compound	holstein|er|in	0.16666666666666666	0.16666666666666666	0.36363636363636365	hɔlʃtaɪ̯nəʁɪn	hɔlstəɪnɐ̯ɪn	0.07692307692307693	0.3333333333333333
Holsteinerinnen	hɔlʃtaɪnəʁɪnən	hɔlʃtaɪneɐɪnən	hɔlstaɪnerɪnən	hɔlstaeneʁɪnnən	compound	holstein|er|innen	0.14285714285714285	0.21428571428571427	0.26666666666666666	hɔlʃtaɪ̯nəʁɪnən	hɔlstaeneɾɪnnən	0.06666666666666667	0.3333333333333333
Holsteinern	hɔlʃtaɪnɐn	hɔlʃtaɪneɐn	hɔlstaɪnɜn	hɔlstaenɛʁn	compound	holstein|ern	0.09090909090909091	0.2	0.36363636363636365	hɔlʃtaɪ̯nɐn	hɔlstaenɛɾn	0.09090909090909091	0.36363636363636365
Holsteiners	hɔlʃtaɪnɐs	hɔlʃtaɪneɐs	hɔlstaɪnɜs	hɔlstaenɛʁs	compound	holstein|ers	0.09090909090909091	0.2	0.36363636363636365	hɔlʃtaɪ̯nɐs	hɔlstaenɛɾs	0.09090909090909091	0.36363636363636365
Holubek	holʊbɛk	holupek	holubek	holubək	compound	holub|ek	0.42857142857142855	0.2857142857142857	0.2857142857142857	holubek	holubek	0.2857142857142857	0.2857142857142857
Holzbesteck	hɔltsbəʃtɛk	hɔltsbəʃtɛk	hɔltsbɛstɛk	hɔltsbɛstɛk	compound	holz|besteck	0.0	0.18181818181818182	0.18181818181818182	hɔlt͡sbəʃtɛk	hɔltsbɛstɛk	0.08333333333333333	0.18181818181818182
Holzdeckel	hɔltsdɛkl	hɔltsdɛkəl	hɔltsdɛkəl	hɔltsdɛkel	compound	holzdecke|l	0.1	0.1	0.1	hɔlt͡sdɛkl̩	hɔltsdɛkel	0.18181818181818182	0.1
Holzfässchen	hɔltsfɛscən	hɔltsfɛscən	hɔltsfɛscən	hɔltsfɛsʃən	compound	holz|fässchen	0.0	0.0	0.09090909090909091	hɔlt͡sfɛsçən	hɔltsfɛsʃən	0.16666666666666666	0.09090909090909091
Holzgebäude	hɔltsɡəbɔʏdə	hɔltsɡəbɔɪdə	hɔltsɡebɔødə	hɔltsgebɔɔʏdə	compound	holz|gebäude	0.08333333333333333	0.16666666666666666	0.23076923076923078	hɔlt͡sɡəbɔɪ̯də	hɔltsgebɔødə	0.21428571428571427	0.25
Holzkirchlein	hɔltskɪʁclaɪn	hɔltskɪʁclaɪn	hɔltskɪɾclaɪn	hɔltskɪʁtsləɪn	compound	holz|kirchlein	0.0	0.07692307692307693	0.21428571428571427	hɔlt͡skɪʁçlaɪ̯n	hɔltskɪɾtsləɪn	0.2	0.2857142857142857
Holzkitt	hɔltskɪt	hɔltskɪt	hɔltskɪt	hɔltskɪt	compound	holz|kitt	0.0	0.0	0.0	hɔlt͡skɪt	hɔltskɪt	0.1111111111111111	0.0
Holzmesser	hɔltsmɛsɐ	hɔltsmɛsɐ	hɔltsmɛsɜ	hɔltsmɛszɐ	compound	holz|messer	0.0	0.1111111111111111	0.1	hɔlt͡smɛsɐ	hɔltsmɛszɐ̯	0.1	0.18181818181818182
Homoglyphe	homoɡlyːfə	homoɡlyfe	homɔɡlyfə	homɔglʏfə	compound	homoglyph|e	0.1111111111111111	0.1111111111111111	0.3333333333333333	homoɡlyfə	homɔglʏfə	0.0	0.3333333333333333
Homöopathin	homøopaːtɪn	homøopatɪn	homøopɑtɪn	homœopatɪn	compound	homöopath|in	0.0	0.1	0.1	homøopatɪn	homøopatɪn	0.0	0.0
Honigbär	hoːnɪkbɛːɐ	honɪkbɛɐ	honɪɡbɛɾ	honɪkbɛʁ	compound	honig|bär	0.0	0.25	0.125	honɪçbɛɐ̯	honɪkbɛɾ	0.2222222222222222	0.125
Honigbären	hoːnɪkbɛːʁən	honɪkbɛʁən	honɪɡbɛrən	honɪkbɛʁən	compound	honig|bären	0.0	0.2	0.0	honɪçbɛʁən	honɪkbɛɾən	0.1	0.1
Honigdachs	hoːnɪkdaks	honɪkdaks	honɪɡdaxs	honɪkdaks	compound	honig|dachs	0.0	0.2222222222222222	0.0	honɪçdaxs	honɪkdaks	0.2222222222222222	0.0
Honigdachse	hoːnɪkdaksə	honɪkdaksə	honɪɡdaxzə	honɪkdaksə	compound	honig|dachse	0.0	0.3	0.0	honɪçdaksə	honɪkdaksə	0.1	0.0
Honigdachsen	hoːnɪkdaksn	honɪkdaksn	honɪɡdaxzən	honɪkdaksən	compound	honig|dachsen	0.0	0.36363636363636365	0.09090909090909091	honɪçdaksn̩	honɪkdaksən	0.18181818181818182	0.09090909090909091
Honigdachses	hoːnɪkdaksəs	honɪkdaksəs	honɪɡdaxzəs	honɪkdaksəs	compound	honig|dachses	0.0	0.2727272727272727	0.0	honɪçdaksəs	honɪkdaksəs	0.09090909090909091	0.0
Honigjäger	hoːnɪkjɛːɡɐ	honɪkjɛɡɐ	honɪɡjɛɡɜ	honɪgjɛgɐ	compound	honig|jäger	0.0	0.2222222222222222	0.2222222222222222	honɪçjɛɡɐ	honɪkjɛgɐ̯	0.1111111111111111	0.2
Honigtopfameise	hoːnɪctɔpfaːmaɪzə	honɪctɔpfamaɪzə	honɪctɔpfamaɪzə	honɪktɔpfamaezə	compound	honigtopf|ameise	0.0	0.0	0.13333333333333333	honɪçtɔp͡famaɪ̯zə	honɪktɔpfɑmaezə	0.17647058823529413	0.2
Hormonhaushalt	hɔʁmoːnhaʊshalt	hɔʁmonhaʊshalt	hɔɾmɔnhaʊshalt	hɔʁmɔnaoshalt	compound	hormon|haushalt	0.0	0.14285714285714285	0.23076923076923078	hɔʁmonhaʊ̯shalt	hɔɾmɔnaosalt	0.06666666666666667	0.4166666666666667
Hormonhaushaltes	hɔʁmoːnhaʊshaltəs	hɔʁmonhaʊshaltəs	hɔɾmɔnhaʊshaltəs	hɔʁmɔnaoshaltəs	compound	hormon|haushaltes	0.0	0.125	0.2	hɔʁmonhaʊ̯shaltəs	hɔɾmɔnaosaltəs	0.058823529411764705	0.35714285714285715
Hormonhaushalts	hɔʁmoːnhaʊshalts	hɔʁmonhaʊshalts	hɔɾmɔnhaʊshalts	hɔʁmɔnaoshalts	compound	hormon|haushalts	0.0	0.13333333333333333	0.21428571428571427	hɔʁmonhaʊ̯shalt͡s	hɔɾmɔnaosalts	0.11764705882352941	0.38461538461538464
Hoth	hoːt	hoth	hɔt	hɔt	compound	ho|t|h	0.25	0.3333333333333333	0.3333333333333333	hoth	hɔt	0.25	0.3333333333333333
Hundeführer	hʊndəfyːʁɐ	hʊndəfyʁɐ	hʊndefyrɜ	hʊndefyʁɐ	compound	hunde|führer	0.0	0.3333333333333333	0.1111111111111111	hʊndəfyʁɐ	hʊndefyɾɐ̯	0.0	0.3
Hundekälte	hʊndəkɛltə	hʊndəkɛltə	hʊndekɛltə	hʊndekɛltə	compound	hunde|kälte	0.0	0.1	0.1	hʊndəkɛltə	hʊndekɛltə	0.0	0.1
Hundepflaume	hʊndəpflaʊmə	hʊndəpflaʊmə	hʊndɛpflaʊmə	hʊndɛpflaomə	compound	hunde|pflaume	0.0	0.08333333333333333	0.16666666666666666	hʊndəp͡flaʊ̯mə	hʊndɛpflaomə	0.14285714285714285	0.16666666666666666
Hundertjahrfeier	hʊndɐtjaːɐfaɪɐ	hʊndɐtjaɐfaɪɐ	hʊndɜtjɑɾfaɪɜ	hʊndɛʁtjaʁfəiɐ	compound	hundert|jahr|feier	0.0	0.3076923076923077	0.35714285714285715	hʊndɐtjaɐ̯faɪ̯ɐ	hʊndɛɾtjɑɾfəiɐ̯	0.13333333333333333	0.4666666666666667
Hundesohn	hʊndəzoːn	hʊndəzon	hʊndezon	hʊndezon	compound	hunde|sohn	0.0	0.125	0.125	hʊndəzon	hʊndezon	0.0	0.125
Hundspflaume	hʊndspflaʊmə	hʊntspflaʊmə	hʊntspflaʊmə	hʊndspflaomə	compound	hunds|pflaume	0.08333333333333333	0.08333333333333333	0.08333333333333333	hʊnt͡sp͡flaʊ̯mə	hʊntspflaomə	0.26666666666666666	0.16666666666666666
Hurenhaus	huːʁənhaʊs	huʁənhaʊs	hurənhaʊs	huɐənaos	compound	huren|haus	0.0	0.1111111111111111	0.375	huʁənhaʊ̯s	huɾɛnaos	0.1	0.5
Huster	huːstɐ	hustəʁ	hʊstɜ	hʊstɐ	compound	huste|r	0.3333333333333333	0.4	0.2	hustɐ	hʊstɐ̯	0.0	0.3333333333333333
Härtigkeit	hɛɐtɪckaɪt	hɛɐtɪckaɪt	hɛɾtɪckaɪt	hɛʁtɪkkəit	compound	härt|igkeit	0.0	0.1	0.4	hɛʁtɪkkaɪ̯t	hɛɾtɪkkəit	0.2727272727272727	0.4
Häutchens	hɔʏtcəns	hɔʏtcəns	hɔøtcəns	hɔɔʏtcɛns	compound	häutchen|s	0.0	0.125	0.2222222222222222	hɔɪ̯tçəns	hɔøtçɛns	0.3333333333333333	0.375
Höfchen	høːfcən	høfcən	høfcən	hœfcən	compound	h|öfchen	0.0	0.0	0.16666666666666666	høfçən	hœfçən	0.16666666666666666	0.3333333333333333
Höhlenlöwe	høːlənløːvə	hølənløvə	hølənløvə	hɔʏlɛnlɔʏvə	compound	höhlen|löwe	0.0	0.0	0.45454545454545453	hølənløvə	hølɛnløvə	0.0	0.1111111111111111
Höhner	høːnɐ	hønəʁ	hønɜ	hɔʏnɐ	compound	höhne|r	0.4	0.25	0.4	hønɐ	hønɐ̯	0.0	0.2
Höllenhund	hœlənhʊnt	hœlənhʊnt	hœlənhʊnt	hœllɛnʊnt	compound	höllen|hund	0.0	0.0	0.3333333333333333	hœlənhʊnt	hœllɛnʊnt	0.0	0.3333333333333333
Hörverstehen	høːɐfɛɐʃteːən	høɐfɛɐʃteən	hœɾfɜʃteən	hœʁvɛʁsteən	compound	hör|verstehen	0.0	0.4	0.45454545454545453	høɐ̯fɛɐ̯ʃteən	hœɾvɛɾsteən	0.15384615384615385	0.45454545454545453
Hüfthalter	hʏfthaltɐ	hyfthaltɐ	hyftaltɜ	hʏftaltɐ	compound	hü|f|t|halter	0.1111111111111111	0.375	0.125	hʏfthaltɐ	hʏftaltɐ̯	0.0	0.2222222222222222
Hülsdorn	hʏlsdɔʁn	hʏlsdɔʁn	hylsdɔɾn	hʏlsdɔʁn	compound	hüls|dorn	0.0	0.25	0.0	hʏlsdɔʁn	hʏlsdɔɾn	0.0	0.125
Hütehund	hyːtəhʊnt	hytəhʊnt	hyteʊnt	hyteʊnt	compound	hüte|hund	0.0	0.2857142857142857	0.2857142857142857	hytəhʊnt	hyteʊnt	0.0	0.2857142857142857
Hütehunde	hyːtəhʊndə	hytəhʊndə	hyteʊndə	hyteʊndə	compound	hüte|hunde	0.0	0.25	0.25	hytəhʊndə	hyteʊndə	0.0	0.25
Hütehundes	hyːtəhʊndəs	hytəhʊndəs	hyteʊndəs	hyteʊndəs	compound	hüte|hundes	0.0	0.2222222222222222	0.2222222222222222	hytəhʊndəs	hyteʊndəs	0.0	0.2222222222222222
Hütehunds	hyːtəhʊnts	hytəhʊnts	hyteʊnts	hyteʊnts	compound	hüte|hunds	0.0	0.25	0.25	hytəhʊnt͡s	hyteʊnts	0.1	0.25
Ibuprofen	iːbuprofeːn	ibupʁofn	ibʊpɾofən	ibʊpʁofən	compound	i|b|up|r|ofen	0.25	0.3333333333333333	0.3333333333333333	ibupʁofn̩	ibʊpɾofən	0.3333333333333333	0.3333333333333333
Identitätsdiebstahl	idɛntitɛːtsdiːpstaːl	idɛntitɛtsdipʃtal	idəntitɛtsdipʃtɑl	idɛntitɛtsdibstal	compound	identität|s|diebstahl	0.058823529411764705	0.17647058823529413	0.058823529411764705	idɛntitɛtsdipʃtal	idɛntitɛtsdibstɑl	0.058823529411764705	0.11764705882352941
Idolisieren	idoːliziːʁən	idoliziʁən	idolizirən	idoliziʁən	compound	idol|isieren	0.0	0.1	0.0	idoliziʁən	idoliziɾen	0.0	0.2
Ihmchen	iːmcən	imcən	imcən	imcən	compound	ihm|chen	0.0	0.0	0.0	imçən	imçən	0.2	0.2
Imitierer	imitiːʁɐ	imitiʁəʁ	imitirɜ	imitiɐɐ	compound	imitiere|r	0.25	0.2857142857142857	0.14285714285714285	imitiʁɐ	imitiɐ̯ɐ̯	0.0	0.3333333333333333
Impfers	ɪmpfɐs	ɪmpfɐs	ɪmpfɜs	ɪmpfɛʁs	compound	impfer|s	0.0	0.16666666666666666	0.2857142857142857	ɪmp͡fɐs	ɪmpfɛɾs	0.14285714285714285	0.2857142857142857
Indoeuropäer	ɪndoʔɔɪʁopɛːɐ	ɪndoɔɪʁopɛɐ	ɪndøuropɛɜ	ɪndoəuɐɔpɛɐ	compound	in|do|europäer	0.0	0.5	0.36363636363636365	ɪndoɔɪ̯ʁopɛɐ	ɪndoɔøɾopɛɐ̯	0.08333333333333333	0.25
Indol	ɪndoːl	ɪndol	ɪndol	ɪndol	compound	in|do|l	0.0	0.0	0.0	ɪndol	ɪndol	0.0	0.0
Indols	ɪndoːls	ɪndols	ɪndols	ɪndɔls	compound	in|do|l|s	0.0	0.0	0.16666666666666666	ɪndols	ɪndɔls	0.0	0.16666666666666666
Induzierbarkeit	ɪndʊtsiːɐbaːɐkaɪt	ɪndʊtsiɐbaɐkaɪt	ɪndutsiɾbaɾkaɪt	ɪndutsiʁbaʁkəit	compound	induzierbar|keit	0.0	0.2	0.3333333333333333	ɪndut͡siɐ̯baɐ̯kaɪ̯t	ɪndutsiɾbaɾkəit	0.2631578947368421	0.3333333333333333
Infoscreen	ɪnfoskʁiːn	ɪnfoskʁin	ɪnfɒskɹin	ɪnfɔstsʁəən	compound	info|screen	0.0	0.2222222222222222	0.45454545454545453	ɪnfoskʁin	ɪnfɔstsɾəən	0.0	0.5454545454545454
Innensechskantschlüssel	ɪnənzɛkskantʃlʏsl	ɪnənzɛkskantʃlʏsl	ɪnənzɛkskantʃlysəl	ɪnnɛnzɛcskantʃlʏszel	compound	innensechskant|schlüssel	0.0	0.1111111111111111	0.25	ɪnənzɛkskant͡sçlʏsl̩	ɪnnɛnzɛçskantstslʏszel	0.2	0.36363636363636365
Inokulieren	ɪnokuliːʁən	ɪnokuliʁən	inokulirən	inokuliʁən	compound	in|okulieren	0.0	0.2	0.1	ɪnokuliʁən	inokuliɾen	0.0	0.3
Insiderhandel	ɪnsaɪdərhandəl	ɪnsaɪdɐhandl	ɪnzidɜhandəl	ɪnzidɛʁandəl	compound	insider|handel	0.25	0.4166666666666667	0.5	ɪnsaɪ̯dɐhandl̩	ɪnzidɛɾandel	0.35714285714285715	0.5833333333333334
Insolvenzdatei	ɪnzɔlvɛntsdataɪ	ɪnzɔlvɛntsdataɪ	ɪnzɔlvɛntsdataɪ	ɪnzɔlvɛntsdatae	compound	insolvenz|datei	0.0	0.0	0.06666666666666667	ɪnzɔlvɛnt͡sdataɪ̯	ɪnzɔlvɛntsdɑtae	0.11764705882352941	0.13333333333333333
Insta	ɪnsta	ɪnsta	ɪnstɑ	ɪnsta	compound	inst|a	0.0	0.2	0.0	ɪnsta	ɪnstɑ	0.0	0.2
Integritätsbereich	ɪnteɡʁitɛːtsbəʁaɪc	ɪnteɡʁitɛtsbəʁaɪc	ɪntɛɡɾitɛtsbəraɪc	ɪntɛgʁitɛtsbeʁaec	compound	integrität|s|bereich	0.0	0.17647058823529413	0.23529411764705882	ɪnteɡʁitɛt͡sbəʁaɪ̯ç	ɪntɛgɾitɛtsbeɾaeç	0.15789473684210525	0.4117647058823529
Internetadresse	ɪntɐnɛtʔadrɛsə	ɪntɐnɛtadʁɛsə	ɪntɜnetadɾɛsə	ɪntɛʁnetadʁɛszə	compound	internet|adresse	0.07692307692307693	0.23076923076923078	0.3333333333333333	ɪntɐnɛtadʁɛsə	ɪntɛɾnetadɾɛszə	0.07692307692307693	0.3333333333333333
Internetblog	ɪntɐnɛtblɔk	ɪntɐnɛtblɔk	ɪntɜnɛtblok	ɪntɛʁnɛtblok	compound	internet|blog	0.0	0.18181818181818182	0.25	ɪntɐnɛtblɔk	ɪntɛɾnɛtblok	0.0	0.25
Irokesenschnitt	ʔiʁokeːznʃnɪt	iʁokeznʃnɪt	irokezənʃnɪt	iʁokezɛnstsnɪt	compound	irokesen|schnitt	0.0	0.16666666666666666	0.2857142857142857	iʁokezn̩ʃnɪt	iɾokezɛnstsnɪt	0.08333333333333333	0.35714285714285715
Irokesenschnitte	ʔiʁokeːznʃnɪtə	iʁokeznʃnɪtə	irokezənʃnɪtə	iʁokezɛnstsnɪtə	compound	irokesen|schnitte	0.0	0.15384615384615385	0.26666666666666666	iʁokezn̩ʃnɪtə	iɾokezɛnstsnɪtə	0.07692307692307693	0.3333333333333333
Irrsinnigkeit	ɪʁzɪnɪckaɪt	ɪʁzɪnɪkaɪt	ɪɾzɪnɪckaɪt	ɪʁʁzɪnnɪkkəit	compound	irrsinnig|keit	0.1	0.09090909090909091	0.38461538461538464	ɪʁzɪnɪkkaɪ̯t	ɪɾɾzɪnnɪkkəit	0.16666666666666666	0.46153846153846156
Islamologen	ɪslaːmoloːɡn	ɪslamoloʒn	ɪslamoloɡən	ɪslamologən	compound	islam|o|logen	0.1	0.09090909090909091	0.18181818181818182	ɪslamoloɡn̩	ɪslɑmologən	0.09090909090909091	0.2727272727272727
Isobar	ʔiːzobaːɐ	izobaɐ	izobɑɾ	izobaʁ	compound	iso|bar	0.0	0.3333333333333333	0.16666666666666666	izobaɐ̯	izobaɽ	0.14285714285714285	0.16666666666666666
Jagdschlösschen	jaːktʃlœscən	jaktʃlœscən	jɑktʃlœscən	jaktʃlœsʃən	compound	jagd|schlösschen	0.0	0.09090909090909091	0.09090909090909091	jaktʃlœsçən	jaktstslœsʃən	0.09090909090909091	0.3076923076923077
Jahrende	jaːʁəndə	jaʁənde	jɑrəndə	jaʁɛndə	compound	jahren|de	0.14285714285714285	0.2857142857142857	0.14285714285714285	jaʁəndə	jɑɾɛndə	0.0	0.42857142857142855
Jahresendflügelfigur	jaːʁəsʔɛntflyːɡəlfiɡuːɐ	jaʁəsɛntflyɡlfiɡuɐ	jɑrezɛntflyɡɛlfɪɡuɾ	jaʁezɛntflygɛlfɪguɐ	compound	jahres|end|flügel|figur	0.05555555555555555	0.3684210526315789	0.3157894736842105	jaʁəsɛntflyɡl̩fiɡuɐ̯	jɑɾezɛntflygɛlfɪguɐ	0.15	0.42105263157894735
Jahrespacht	jaːʁəspaxt	jaʁəspaxt	jɑrɛspaxt	jaʁɛspaxt	compound	jahres|pacht	0.0	0.3333333333333333	0.1111111111111111	jaʁəspaxt	jɑɾɛspaxt	0.0	0.3333333333333333
Jahrespachten	jaːʁəspaxtn	jaʁəspaxtn	jɑrɛspaxtən	jaʁɛspaxtən	compound	jahres|pachten	0.0	0.36363636363636365	0.18181818181818182	jaʁəspaxtn̩	jɑɾɛspaxtən	0.09090909090909091	0.36363636363636365
Jahresversammlung	jaːʁəsfɛɐzamlʊŋ	jaʁəsfɛɐzamlʊŋ	jɑrɛsfɜzamlʊŋ	jaʁɛsvɛʁzammlʊŋ	compound	jahres|versammlung	0.0	0.38461538461538464	0.26666666666666666	jaʁəsfɛɐ̯zamlʊŋ	jɑɾɛsvɛɾzammlʊŋ	0.06666666666666667	0.4
Jahrhundertende	jaːɐhʊndɐtɛndə	jaɐhʊndɐtnde	jɑɾhʊndɜtəndə	jaʁʊndɛʁtɛndə	compound	jahrhunderten|de	0.16666666666666666	0.3076923076923077	0.3076923076923077	jaɐ̯hʊndɐtɛndə	jɑɾʊndɛɾtɛndə	0.07142857142857142	0.38461538461538464
Jelena	jeleːna	jelena	jelənɑ	jelena	compound	je|lena	0.0	0.3333333333333333	0.0	jeləna	jelenɑ	0.16666666666666666	0.16666666666666666
Jetztmensch	jɛtstmɛnʃ	jɛtstmɛnʃ	jɛtstmɛnʃ	jɛtstmɛnʃ	compound	jetzt|mensch	0.0	0.0	0.0	jɛt͡stmɛnʃ	jɛtstmɛnʃ	0.1	0.0
Josefskraut	joːzəfskraʊt	jozɛfskʁaʊt	jozɛfskɾaʊt	jozɛfskʁaot	compound	josefs|kraut	0.18181818181818182	0.18181818181818182	0.2727272727272727	jozɛfskʁaʊ̯t	jozɛfskɾaot	0.25	0.2727272727272727
Jot	jɔt	jot	jot	jot	compound	j|ot	0.3333333333333333	0.3333333333333333	0.3333333333333333	jot	jot	0.3333333333333333	0.3333333333333333
Judengenosse	juːdnɡənɔsə	judnɡənɔsə	judənɡɛnɔsə	judɛŋenɔszə	compound	juden|genosse	0.0	0.18181818181818182	0.36363636363636365	judn̩ɡənɔsə	judɛŋenɔszə	0.09090909090909091	0.36363636363636365
Judenhaus	juːdnhaʊs	judnhaʊs	judənhaʊs	judɛnaos	compound	juden|haus	0.0	0.1111111111111111	0.375	judn̩haʊ̯s	judɛnaos	0.2	0.375
Judenleim	juːdnlaɪm	judnlaɪm	judənlaɪm	judɛnlaem	compound	juden|leim	0.0	0.1111111111111111	0.2222222222222222	judn̩laɪ̯m	judɛnlaem	0.2	0.2222222222222222
Jugendgästehaus	juːɡntɡɛstəhaʊs	juɡntɡɛstəhaʊs	juɡəndɡɛʃteaʊs	jugɛntgɛsteaos	compound	jugend|gästehaus	0.0	0.35714285714285715	0.42857142857142855	juɡn̩tɡɛstəhaʊ̯s	jugɛntgɛsteaos	0.125	0.42857142857142855
Jungfrauengeburt	jʊŋfʁaʊənɡəbʊʁt	jʊŋfʁaʊənɡəbuɐt	jʊŋfraʊɛnɡeb??t	jʊŋfʁaoɛŋebʊʁt	compound	jungfrauen|geburt	0.13333333333333333	0.3333333333333333	0.35714285714285715	jʊŋfʁaʊ̯ənɡəbuɐ̯t	jʊŋfɾaoɛŋebʊɾt	0.23529411764705882	0.5
Jungfrauschaft	jʊŋfʁaʊʃaft	jʊŋfʁaʊʃaft	jʊŋfraʊʃaft	jʊŋfʁaoʃaft	compound	jungfrau|schaft	0.0	0.09090909090909091	0.09090909090909091	jʊŋfʁaʊ̯ʃaft	jʊŋfɾaostshaft	0.08333333333333333	0.42857142857142855
Jungmann	jʊŋman	jʊŋman	jʊŋman	jʊŋmann	compound	jung|mann	0.0	0.0	0.14285714285714285	jʊŋman	jʊŋmann	0.0	0.14285714285714285
Junta	jʊnta	jʊnta	jʊntɑ	jʊnta	compound	j|un|t|a	0.0	0.2	0.0	jʊnta	jʊntɑ	0.0	0.2
Justizausschuss	jʊstiːtsʔaʊsʃʊs	jʊstitsaʊsʃʊs	jʊstitsaʊscʊs	jʊstitsaosʃʊss	compound	justiz|ausschuss	0.0	0.07692307692307693	0.14285714285714285	jʊstit͡saʊ̯sʃʊs	jʊstitsaosʃʊss	0.13333333333333333	0.14285714285714285
Justizausschuß	jʊstiːtsʔaʊsʃʊs	jʊstitsaʊsʃus	jʊstitsaʊscus	jʊstitsaosʃʊss	compound	justiz|ausschuß	0.07692307692307693	0.15384615384615385	0.14285714285714285	jʊstit͡saʊ̯sʃʊs	jʊstitsaosʃus	0.13333333333333333	0.15384615384615385
Justizposse	jʊstiːtspɔsə	jʊstitspɔsə	jʊstɪtspɔsə	jʊstɪtspɔszə	compound	justiz|posse	0.0	0.09090909090909091	0.16666666666666666	jʊstit͡spɔsə	jʊstɪtspɔszə	0.08333333333333333	0.16666666666666666
Jutetasche	juːtətaʃə	jutətaʃə	jutetaʃə	jutetaʃə	compound	jute|tasche	0.0	0.125	0.125	jutətaʃə	jutetaʃə	0.0	0.125
Jutetaschen	juːtətaʃn	jutətaʃn	jutetaʃən	jutetaʃən	compound	jute|taschen	0.0	0.2222222222222222	0.2222222222222222	jutətaʃn̩	jutetaʃən	0.1111111111111111	0.2222222222222222
Jütin	jyːtɪn	jytɪn	jytɪn	jytɪn	compound	j|ü|t|in	0.0	0.0	0.0	jytɪn	jytɪn	0.0	0.0
Kaderschabek	kaːdɐʃaːbɛk	kadɐʃabək	kɑdɜʃɑbek	kadɛʁʃabək	compound	kader|schabe|k	0.1111111111111111	0.4444444444444444	0.3	kadɐʃabək	kɑdɛɾʃɑbek	0.1111111111111111	0.5
Kaffeepad	kafepɛt	kafepat	kafepɑt	kaffəepat	compound	kaffee|pad	0.14285714285714285	0.14285714285714285	0.3333333333333333	kafepat	kaffeepɑt	0.14285714285714285	0.3333333333333333
Kairiner	kaɪʁiːnɐ	kaɪʁɪneɐ	kaɪrɪnɜ	kaiʁɪnɐ	compound	kai|rin|er	0.25	0.42857142857142855	0.2857142857142857	kaɪ̯ʁinɐ	kɑiɾɪnɐ̯	0.125	0.625
Kaiserschote	kaɪzɐʃoːtə	kaɪzɐʃotə	kaɪzɜʃotə	kaizɛʁʃotə	compound	kaiser|schote	0.0	0.1111111111111111	0.3	kaɪ̯zɐʃotə	kaezɛɾʃotə	0.1	0.3
Kaiserthum	kaɪzɐtuːm	kaɪzɐtum	kaɪzɜtʊm	kaizɛʁtum	compound	kaiser|thum	0.0	0.25	0.3333333333333333	kaɪ̯zɐtum	kaɪ̯zɐtum	0.1111111111111111	0.1111111111111111
Kajetans	kaːjetaːns	kajetans	kɑjetɑns	kajetans	compound	kajetan|s	0.0	0.25	0.0	kajetans	kɑjetans	0.0	0.125
Kalbskeule	kalpskɔɪlə	kalpskɔɪlə	kalpskɔølə	kalpskɔɔʏlə	compound	kalbs|keule	0.0	0.1	0.18181818181818182	kalpskɔɪ̯lə	kalpskɔølə	0.09090909090909091	0.1
Kalbsleberwurst	kalpsleːbɐvʊʁst	kalpslebɐvʊʁst	kalpslebɜvuɾst	kalpslebɛʁvʊʁst	compound	kalbsleber|wurst	0.0	0.21428571428571427	0.13333333333333333	kalpslebɐvʊʁst	kalpslebɛɾvʊɾst	0.0	0.2
Kalette	kalɛtə	kalɛtə	kɑlɛtə	kalɛtə	compound	k|a|lette	0.0	0.16666666666666666	0.0	kalɛtə	kalkɛtə	0.0	0.14285714285714285
Kalle	kalə	kalə	kalə	kallə	compound	k|alle	0.0	0.0	0.2	kalə	kallə	0.0	0.2
Kameradschaftlichkeit	kaməʁaːtʃaftlɪckaɪt	kaməʁatʃaftlɪckaɪt	kɑmeratʃaftlɪckaɪt	kameʁatstshaftlɪckəit	compound	kameradschaftlich|keit	0.0	0.16666666666666666	0.3333333333333333	kaməʁatʃaftlɪçkaɪ̯t	kɑmeɾatʃaftlɪçkəit	0.10526315789473684	0.3333333333333333
Kamillenblüte	kamɪlənblyːtə	kamɪlənblytə	kɑmɪlɛnblytə	kamɪllɛnblytə	compound	kamillen|blüte	0.0	0.16666666666666666	0.15384615384615385	kamɪlənblytə	kɑmɪllɛnblytə	0.0	0.23076923076923078
Kaminholz	kamiːnhɔlts	kaminhɔlts	kɑmɪnhɔlts	kamɪnɔlts	compound	kamin|holz	0.0	0.2	0.2222222222222222	kaminhɔlt͡s	kɑmɪnɔlts	0.09090909090909091	0.3333333333333333
Kaminholze	kamiːnhɔltsə	kaminhɔltsə	kɑmɪnhɔltsə	kamɪnɔltsə	compound	kamin|holze	0.0	0.18181818181818182	0.2	kaminhɔlt͡sə	kɑmɪnɔltsə	0.08333333333333333	0.3
Kaminholzes	kamiːnhɔltsəs	kaminhɔltsəs	kɑmɪnhɔltsəs	kamɪnɔltsəs	compound	kamin|holzes	0.0	0.16666666666666666	0.18181818181818182	kaminhɔlt͡səs	kɑmɪnɔltsəs	0.07692307692307693	0.2727272727272727
Kaminhölzer	kamiːnhœltsɐ	kaminhœltsɐ	kɑmɪnhœltsɜ	kamɪnœltsɐ	compound	kamin|hölzer	0.0	0.2727272727272727	0.2	kaminhœlt͡sɐ	kɑmɪnœltsɐ̯	0.08333333333333333	0.36363636363636365
Kaminhölzern	kamiːnhœltsɐn	kaminhœltsɐn	kɑmɪnhœltsɜn	kamɪnœltsɛʁn	compound	kamin|hölzern	0.0	0.25	0.3333333333333333	kaminhœlt͡sɐn	kɑmɪnœltsɛɾn	0.07692307692307693	0.4166666666666667
Kammermädchen	kamərmɛːtcən	kamɐmetcən	kamɜmɛdcən	kammɛʁmɛdcən	compound	kammer|mädchen	0.3	0.3	0.3333333333333333	kamɐmɛtçən	kammɛɾmɛdçən	0.3	0.4166666666666667
Kammerspiel	kamɐʃpiːl	kamɐspil	kamɜʃpil	kammɛʁspil	compound	kammers|piel	0.125	0.125	0.4	kamɐʃpil	kammɛɾspil	0.0	0.4
Kanak	kanak	kanak	kɑnɑk	kanak	compound	k|ana|k	0.0	0.4	0.0	kanak	kɑnɑk	0.0	0.4
Kanalreinigung	kanaːlʁaɪnɪɡʊŋ	kanalʁaɪnɪɡʊŋ	kanɑlraɪnɪɡʊŋ	kanalʁaenɪgʊŋ	compound	kanal|reinigung	0.0	0.15384615384615385	0.15384615384615385	kanalʁaɪ̯nɪɡʊŋ	kɑnalɾəɪnɪgʊŋ	0.07142857142857142	0.3076923076923077
Kaneel	kaneːl	kaneel	kɑnel	kanəəl	compound	k|an|e|el	0.16666666666666666	0.2	0.3333333333333333	kanel	kɑneel	0.0	0.3333333333333333
Kaninchendraht	kaniːncəndʁaːt	kanincəndʁat	kɑnɪncɛndɾɑt	kanɪncɛndʁat	compound	kaninchen|draht	0.0	0.4166666666666667	0.16666666666666666	kaninçəndʁat	kɑnɪnçɛndɾɑt	0.08333333333333333	0.5
Kaninchendrahtzaun	kaniːncəndʁaːttsaʊn	kanincəndʁattsaʊn	kɑnɪncɛndɾɑtsaʊn	kanɪncɛndʁatsaon	compound	kaninchen|drahtzaun	0.0	0.375	0.25	kaninçəndʁatt͡saʊ̯n	kɑnɪnçɛndɾɑtsaon	0.15789473684210525	0.5
Kaninchenjagd	kaniːncənjaːkt	kanincənjakt	kɑnɪncɛnjɑkt	kanɪncɛnjakt	compound	kaninchen|jagd	0.0	0.3333333333333333	0.16666666666666666	kaninçənjakt	kɑnɪnçɛnjakt	0.08333333333333333	0.3333333333333333
Kanzerogenität	kantsəʁoɡeːnitɛːt	kantseʁoɡenitɛt	kantseroɡənitɛt	kantseʁogənitɛt	compound	k|anz|erogenität	0.06666666666666667	0.2	0.2	kant͡səʁoɡenitɛt	kantseɾogenitɛt	0.0625	0.2
Kanzlist	kantslɪst	kantslɪst	kantslɪst	kantslɪst	compound	k|anz|list	0.0	0.0	0.0	kant͡slɪst	kantslɪst	0.1	0.0
Kapitalversicherung	kapitaːlfɛɐzɪcəʁʊŋ	kapitalfɛɐzɪcəʁʊŋ	kɑpitalfɛɾzɪcərʊŋ	kapitalvɛʁzɪcɐʊŋ	compound	kapital|versicherung	0.0	0.17647058823529413	0.25	kapitalfɛɐ̯zɪçəʁʊŋ	kɑpitalvɛɾzɪçɐ̯ʊŋ	0.1111111111111111	0.35294117647058826
Kapitelhaus	kapɪtlhaʊs	kapɪtlhaʊs	kɑpitɛlhaʊs	kapitɛlaos	compound	kapitel|haus	0.0	0.2727272727272727	0.4	kapɪtl̩haʊ̯s	kɑpitɛlaos	0.16666666666666666	0.5
Kaprizierer	kapʁitsiːʁɐ	kapʁitsiʁəʁ	kapɾitsirɜ	kapʁitsiɐɐ	compound	kapriziere|r	0.18181818181818182	0.3	0.1	kapʁit͡siʁɐ	kapɾitsiɐ̯ɐ̯	0.09090909090909091	0.3333333333333333
Kapuzinerklöster	kaputsiːnɐkløːstɐ	kaputsinɐkløstɐ	kɑputsinɜkløstɜ	kaputsɪnɛʁklœstɐ	compound	kapuziner|klöster	0.0	0.2	0.25	kaput͡sinɐkløstɐ	kɑputsinɛɾklœstɐ̯	0.0625	0.29411764705882354
Kapuzinerkressengewächs	kaputsiːnɐkʁɛsənɡəvɛks	kaputsinɐkʁɛsnɡəvɛks	kɑputsinɜkɾɛsənɡevɛks	kaputsɪnɛʁkʁɛszɛŋevɛks	compound	kapuzinerkressen|gewächs	0.05	0.19047619047619047	0.3181818181818182	kaput͡sinɐkʁɛsn̩ɡəvɛks	kɑputsinɛɾkɾɛszɛŋevɛks	0.13636363636363635	0.36363636363636365
Kapuzinermönch	kaputsiːnɐmœnc	kaputsinɐmœnc	kɑputsinɜmœnc	kaputsɪnɛʁmœnc	compound	kapuziner|mönch	0.0	0.15384615384615385	0.21428571428571427	kaput͡sinɐmœnç	kɑputsinɛɾmœnç	0.14285714285714285	0.2857142857142857
Kapuzinermönche	kaputsiːnɐmœncə	kaputsinɐmœncə	kɑputsinɜmœncə	kaputsɪnɛʁmœncə	compound	kapuziner|mönche	0.0	0.14285714285714285	0.2	kaput͡sinɐmœnçə	kɑputsinɛɾmœnçə	0.13333333333333333	0.26666666666666666
Kapuzinermönchen	kaputsiːnɐmœncn	kaputsinɐmœncn	kɑputsinɜmøncən	kaputsɪnɛʁmœncən	compound	kapuziner|mönchen	0.0	0.26666666666666666	0.25	kaput͡sinɐmœnçn̩	kɑputsinɛɾmœnçən	0.1875	0.3125
Kapuzinermönches	kaputsiːnɐmœncəs	kaputsinɐmœncəs	kɑputsinɜmœncəs	kaputsɪnɛʁmœncəs	compound	kapuziner|mönches	0.0	0.13333333333333333	0.1875	kaput͡sinɐmœnçəs	kɑputsinɛɾmœnçəs	0.125	0.25
Kapuzinermönchs	kaputsiːnɐmœncs	kaputsinɐmœncs	kɑputsinɜmœnks	kaputsɪnɛʁmœntss	compound	kapuziner|mönchs	0.0	0.21428571428571427	0.3125	kaput͡sinɐmœnçs	kɑputsinɛɾmœntss	0.13333333333333333	0.3125
Karabinerverschluss	kaʁabiːnɐfɛɐʃlʊs	kaʁabinɐfɛɐʃlʊs	kɑrabinɛɾfɜʃlʊs	kaʁabɪnɛʁvɛʁstslʊss	compound	karabiner|verschluss	0.0	0.4	0.47368421052631576	kaʁabinɐfɛɐ̯ʃlʊs	kɑɾɑbinɛɾvɛɾstslʊss	0.0625	0.5789473684210527
Karabinerverschluß	kaʁabiːnɐfɛɐʃlʊs	kaʁabinɐfɛʁsclus	kɑrabinɛɾfɜʃlus	kaʁabɪnɛʁvɛʁstslʊss	compound	karabiner|vers|ch|l|u|ß	0.25	0.4666666666666667	0.47368421052631576	kaʁabinɐfɛɐ̯ʃlʊs	kɑɾɑbinɛɾvɛɾstslus	0.0625	0.6111111111111112
Karer	kaːʁəʁ	kaʁəʁ	kɑrɜ	kaʁɐ	compound	kare|r	0.0	1.0	0.5	kaʁɐ	kaɽɐ̯	0.5	0.6
Katalysatoraktivität	katalyzaːtoːɐʔaktivitɛːt	katalyzatoɐaktivitɛt	kɑtalyzatoraktivitɛt	katalyzatoʁaktivitɛt	compound	katalysator|aktivität	0.0	0.1	0.05	katalyzatoɐ̯aktivitɛt	kɑtɑlyzɑtoɾaktivitɛt	0.047619047619047616	0.2
Kaule	kaʊlə	kaʊlə	kaʊlə	kaolə	compound	kau|le	0.0	0.0	0.2	kaʊ̯lə	kaolə	0.16666666666666666	0.2
Kechtel	kɛctl	kɛctəl	kɛctəl	kɛctəl	compound	k|echte|l	0.16666666666666666	0.16666666666666666	0.16666666666666666	kɛçtl̩	kɛçtel	0.3333333333333333	0.3333333333333333
Kehrer	keːʁəʁ	keʁəʁ	kerɜ	keʁɐ	compound	kehre|r	0.0	0.75	0.5	keʁɐ	keɾɐ̯	0.5	0.6
Kehrleiste	keːɐlaɪstə	keɐlaɪstə	keɾlaɪstə	keʁlaestə	compound	kehr|leiste	0.0	0.1111111111111111	0.2222222222222222	keɐ̯laɪ̯stə	keɾləɪstə	0.18181818181818182	0.2222222222222222
Keilinschrift	kaɪlʔɪnʃʁɪft	kaɪlɪnʃʁɪft	kaɪlɪnʃrɪft	kəilɪnstsʁɪft	compound	keil|inschrift	0.0	0.09090909090909091	0.38461538461538464	kaɪ̯lɪnʃʁɪft	kaelɪnstsɾɪft	0.08333333333333333	0.38461538461538464
Keimzeit	kaɪmtsaɪt	kaɪmtsaɪt	kaɪmtsaɪt	kaemtsəit	compound	keim|zeit	0.0	0.0	0.3333333333333333	kaɪ̯mt͡saɪ̯t	kaemtsəit	0.25	0.3333333333333333
Kek	kɛk	kek	kek	kək	compound	k|ek	0.3333333333333333	0.3333333333333333	0.3333333333333333	kek	kek	0.3333333333333333	0.3333333333333333
Kennleuchte	kɛnlɔʏctə	kɛnlɔɪctə	kɛnlɔøctə	kɛnnlɔɔʏctə	compound	kenn|leuchte	0.1111111111111111	0.1111111111111111	0.18181818181818182	kɛnlɔɪ̯çtə	kɛnnlɔøçtə	0.3	0.3
Kennmal	kɛnmaːl	kɛnmal	kɛnmɑl	kɛnnmal	compound	kenn|mal	0.0	0.16666666666666666	0.14285714285714285	kɛnmal	kɛnnmal	0.0	0.14285714285714285
Kennzeichner	kɛntsaɪcnɐ	kɛntsaɪcnəʁ	kɛntsaɪcnɜ	kɛnntsaecnɐ	compound	kennzeichne|r	0.18181818181818182	0.1	0.18181818181818182	kɛnt͡saɪ̯çnɐ	kɛnntsaeçnɐ̯	0.25	0.3333333333333333
Ker	kɛr	keɐ	keɾ	kɐ	compound	k|er	0.6666666666666666	0.6666666666666666	1.0	keɐ̯	kɐ̯	0.75	0.6666666666666666
Keramikabteilung	keʁaːmɪkʔaptaɪlʊŋ	keʁamɪkaptaɪlʊŋ	kerɑmikaptaɪlʊŋ	keʁamikaptəilʊŋ	compound	keramik|abteilung	0.0	0.2	0.2	keʁamɪkaptaɪ̯lʊŋ	keɾɑmikaptəilʊŋ	0.0625	0.3333333333333333
Kernbotschaft	kɛʁnboːtʃaft	kɛʁnbotʃaft	kɛɾnbotʃaft	kɛʁnbɔtstshaft	compound	kern|botschaft	0.0	0.09090909090909091	0.35714285714285715	kɛʁnbotʃaft	kɛɾnbɔtstshaft	0.0	0.42857142857142855
Kesselring	kɛslʁɪŋ	kɛslʁɪŋ	kɛsəlrɪŋ	kɛszɛlʁɪŋ	compound	kessel|ring	0.0	0.25	0.2222222222222222	kɛsl̩ʁɪŋ	kɛszɛlɾɪŋ	0.125	0.3333333333333333
Kiberei	kiːbəʁaɪ	kibəraɪ	kiberaɪ	kibeʁae	compound	ki|be|rei	0.14285714285714285	0.2857142857142857	0.2857142857142857	kibəraɪ	kibɐ̯ae	0.14285714285714285	0.42857142857142855
Kilian	kiːlian	kilian	kiliɑn	kilian	compound	ki|li|an	0.0	0.16666666666666666	0.0	kili̯an	kilian	0.14285714285714285	0.0
Kimchi	kɪmtʃi	kɪmci	kɪmci	kɪmci	compound	kim|chi	0.4	0.4	0.4	kɪmçi	kɪmçi	0.4	0.4
Kinderglaube	kɪndɐɡlaʊbə	kɪndɐɡlaʊbə	kɪndɜɡlaʊbə	kɪndɛʁglaobə	compound	kinder|glaube	0.0	0.09090909090909091	0.3333333333333333	kɪndɐɡlaʊ̯bə	kɪndɛɾglaobə	0.08333333333333333	0.3333333333333333
Kindermesser	kɪndɐmɛsɐ	kɪndɐmɛsɐ	kɪndɜmɛsɜ	kɪndɛʁmɛszɐ	compound	kinder|messer	0.0	0.2222222222222222	0.2727272727272727	kɪndɐmɛsɐ	kɪndɛɾmɛszɐ̯	0.0	0.3333333333333333
Kindlein	kɪntlaɪn	kɪntlaɪn	kɪndlaɪn	kɪndləɪn	compound	kind|lein	0.0	0.125	0.25	kɪntlaɪ̯n	kɪndləɪn	0.1111111111111111	0.25
Kinofassung	kiːnoːfasʊŋ	kinofasʊŋ	kinofasʊŋ	kinofaszʊŋ	compound	kino|fassung	0.0	0.0	0.1	kinofasʊŋ	kinofaszʊŋ	0.0	0.1
Kipphebelschalter	kɪpheːbəlʃaltɐ	kɪpfebəlʃaltɐ	kɪpfebɛlʃaltɜ	kɪppebɛlʃaltɐ	compound	kipphebel|schalter	0.07692307692307693	0.23076923076923078	0.15384615384615385	kɪphebl̩ʃaltɐ	kɪpfebɛlʃaltɐ̯	0.15384615384615385	0.21428571428571427
Kirchengestühl	kɪʁcənɡəʃtyːl	kɪʁcnɡəʃtyl	kɪɾcənɡɛʃtyl	kɪʁcɛŋɛstyl	compound	kirchen|gestühl	0.09090909090909091	0.16666666666666666	0.45454545454545453	kɪʁçn̩ɡəʃtyl	kɪɾçɛŋɛstyl	0.25	0.6363636363636364
Kirchenglöckchen	kɪʁcənɡlœkcən	kɪʁcnɡlœkcən	kɪɾcənɡlœkcən	kɪʁcɛŋlœkcən	compound	kirchen|glöckchen	0.08333333333333333	0.07692307692307693	0.25	kɪʁçn̩ɡlœkçən	kɪɾçɛŋlœkçən	0.3076923076923077	0.5
Kirchenglöcklein	kɪʁcənɡlœklaɪn	kɪʁcnɡlœklaɪn	kɪɾcənɡlœklaɪn	kɪʁcɛŋlœklaen	compound	kirchen|g|löck|lein	0.07692307692307693	0.07142857142857142	0.3076923076923077	kɪʁçn̩ɡlœklaɪ̯n	kɪɾçɛŋlœkləɪn	0.26666666666666666	0.46153846153846156
Kirmestechno	kɪrməstɛkno	kiɐməstɛkno	kɪɾmɛstɛcno	kɪʁmɛstɛcno	compound	kirmes|techno	0.18181818181818182	0.2727272727272727	0.2727272727272727	kɪʁməstɛçno	kɪɾmɛstɛçno	0.18181818181818182	0.2727272727272727
Kirschauflauf	kɪrʃaʊflaʊf	kɪʁʃaʊflaʊf	kɪɾʃaʊflaʊf	kɪʁʃaoflaof	compound	kirsch|auflauf	0.09090909090909091	0.09090909090909091	0.2727272727272727	kɪʁʃaʊ̯flaʊ̯f	kɪɾʃaoflaof	0.23076923076923078	0.2727272727272727
Kirschauflaufe	kɪʁʃʔaʊflaʊfə	kɪʁʃaʊflaʊfə	kɪɾʃaʊflaʊfə	kɪʁʃaoflaofə	compound	kirsch|auflaufe	0.0	0.08333333333333333	0.16666666666666666	kɪʁʃaʊ̯flaʊ̯fə	kɪɾʃaoflaofə	0.14285714285714285	0.25
Kirschaufläufen	kɪʁʃʔaʊflɔɪfn	kɪʁʃaʊflɔɪfən	kɪɾʃaʊflɔøfən	kɪʁʃaoflɔɔʏfən	compound	kirsch|aufläufen	0.07692307692307693	0.23076923076923078	0.2857142857142857	kɪʁʃaʊ̯flɔɪ̯fn̩	kɪɾʃaoflɔøfən	0.2	0.3076923076923077
Kirschpflaume	kɪrʃpflaʊmə	kɪʁʃpflaʊmə	kɪɾʃpflaʊmə	kɪʁstshpflaomə	compound	kirsch|pflaume	0.09090909090909091	0.09090909090909091	0.42857142857142855	kɪʁʃp͡flaʊ̯mə	kɪɾstspflaomə	0.23076923076923078	0.38461538461538464
Klangtiefe	klaŋtiːfə	klaŋtifə	klaŋtifə	klaŋtifə	compound	klang|tiefe	0.0	0.0	0.0	klaŋtifə	klaŋtifə	0.0	0.0
Klapperkiste	klapɐkɪstə	klapɐkɪstə	klapɜkɪstə	klappɛʁkɪstə	compound	klapper|kiste	0.0	0.1	0.25	klapɐkɪstə	klappɛɾkɪstə	0.0	0.25
Klarinettenkonzerten	klaʁinɛtnkɔntsɛʁtn	klaʁinɛtnkɔntsɛʁtn	klɑrinɛtənkɔntsɛɾtən	klaʁɪnkɛtɛŋkɔntsɛʁtən	compound	klarinetten|konzerten	0.0	0.25	0.23809523809523808	klaʁinɛtn̩kɔnt͡sɛʁtn̩	klɑɾinɛtɛŋkɔntsɛɾtən	0.14285714285714285	0.3
Klassenpfad	klasnpfaːt	klasnpfat	klasənpfɑt	klaszɛnpfat	compound	klassen|pfad	0.0	0.2	0.18181818181818182	klasn̩p͡fat	klaszɛnpfɑt	0.18181818181818182	0.2727272727272727
Klavierschüler	klaviːɐʃyːlɐ	klaviɐʃylɐ	klaviɾʃylɜ	klaviʁʃylɐ	compound	klavier|schüler	0.0	0.2	0.1	klaviɐ̯ʃylɐ	klɑviɾʃylɐ̯	0.09090909090909091	0.2727272727272727
Klebereiweiß	kleːbɐaɪvaɪs	klebɐaɪvaɪs	kleberaɪvaɪs	klebeʁaevaess	compound	kleber|eiweiß	0.0	0.16666666666666666	0.38461538461538464	klebɐaɪ̯vaɪ̯s	klebeɾaevaes	0.15384615384615385	0.3333333333333333
Kleeblättchen	kleːblɛtcən	kleblɛtcən	kleblɛtcən	kləɛblɛtʃcən	compound	klee|blättchen	0.0	0.0	0.25	kleblɛtçən	kleblɛtçən	0.1	0.1
Kleeblättchens	kleːblɛtcəns	kleblɛtcəns	kleblɛttcəns	kləɛblɛtʃcɛns	compound	klee|blättchens	0.0	0.08333333333333333	0.3076923076923077	kleblɛtçn̩s	kleblɛtçɛns	0.2727272727272727	0.18181818181818182
Kleidermotte	klaɪdɐmɔtə	klaɪdɐmɔtə	klaɪdɜmɔtə	klaedɛʁmɔtə	compound	kleider|motte	0.0	0.1	0.2727272727272727	klaɪ̯dɐmɔtə	klaedɛɾmɔtə	0.09090909090909091	0.2727272727272727
Kleinbautzen	klaɪnbaʊtsn	klaɪnbaʊtsn	klaɪnbaʊtsən	klaenbaotsən	compound	klein|bautzen	0.0	0.08333333333333333	0.25	klaɪ̯nbaʊ̯t͡sn̩	klaenbaotsən	0.26666666666666666	0.25
Kleinbautzens	klaɪnbaʊtsns	klaɪnbaʊtsns	klaɪnbaʊtsəns	klaenbaotsɛns	compound	klein|bautzens	0.0	0.07692307692307693	0.23076923076923078	klaɪ̯nbaʊ̯t͡sn̩s	klaenbaotsɛns	0.25	0.23076923076923078
Kleinlibellen	klaɪnlibɛlən	klaɪnlibɛlən	klaɪnlibɛlən	kləɪnlibɛllən	compound	klein|libellen	0.0	0.0	0.15384615384615385	klaɪ̯nlibɛlən	klaenlibɛllən	0.07692307692307693	0.15384615384615385
Kleinpudel	klaɪnpuːdl	klaɪnpudl	klaɪnpudəl	klaenpudel	compound	klein|pudel	0.0	0.1	0.2	klaɪ̯npudl̩	klaenpudel	0.18181818181818182	0.2
Kleinpudels	klaɪnpuːdls	klaɪnpudls	klaɪnpudəls	klaenpudɛls	compound	klein|pudels	0.0	0.09090909090909091	0.18181818181818182	klaɪ̯npudl̩s	klaenpudɛls	0.16666666666666666	0.18181818181818182
Klettergarten	klɛtɐɡaʁtn	klɛtɐɡaʁtn	klɛtɜɡaɾtən	klɛtɛʁgaʁtən	compound	kletter|garten	0.0	0.2727272727272727	0.3333333333333333	klɛtɐɡaʁtn̩	klɛtɛɾgaɾtən	0.09090909090909091	0.4166666666666667
Kletterschuh	klɛtɐʃuː	klɛtɐʃu	klɛtɜʃu	klɛtɛʁʃu	compound	kletter|schuh	0.0	0.14285714285714285	0.25	klɛtɐʃu	klɛtɛɾʃu	0.0	0.25
Klickzahl	klɪktsaːl	klɪktsal	klɪktsɑl	klɪktsal	compound	klick|zahl	0.0	0.125	0.0	klɪkt͡sal	klɪktsɑl	0.1111111111111111	0.125
Klimastreik	kliːmaʃtʀaɪk	klimaʃtʁaɪk	klimastɾaɪk	klimastʁaek	compound	klima|streik	0.09090909090909091	0.18181818181818182	0.2727272727272727	klimaʃtʁaɪ̯k	klimastɾaek	0.16666666666666666	0.2727272727272727
Klimasünde	kliːmazʏndə	klimazʏndə	klimazyndə	klimazʏndə	compound	klima|sünde	0.0	0.1	0.0	klimazʏndə	klimɑzʏndə	0.0	0.1
Klimasünder	kliːmazʏndɐ	klimazʏndɐ	klimazyndɜ	klimazʏndɐ	compound	klima|sünder	0.0	0.2	0.0	klimazʏndɐ	klimɑzʏndɐ̯	0.0	0.18181818181818182
Klobesen	kloːbeːzn	klobezn	klobezən	klobezən	compound	klo|besen	0.0	0.125	0.125	klobəzn̩	klobəsən	0.25	0.375
Klopa	kloːpaː	klopa	klopɑ	klopa	compound	klo|pa	0.0	0.2	0.0	klopa	klopɑ	0.0	0.2
Klosterbrauerei	kloːstɐbʁaʊəʁaɪ	klostɐbʁaʊəʁaɪ	klɔstɜbɾaʊɜaɪ	klɔstɛʁbʁaoɐae	compound	kloster|brauerei	0.0	0.38461538461538464	0.5	klostɐbʁaʊ̯əʁaɪ̯	klɔstɛɾbraoɐ̯ae	0.125	0.5333333333333333
Klößchen	kløːscən	kløscən	kløscən	klœsʃən	compound	k|löß|chen	0.0	0.0	0.2857142857142857	klœsçən	klœʃən	0.2857142857142857	0.5
Knabenschändung	knaːbənʃɛndʊŋ	knabnʃɛndʊŋ	knɑbənʃɛndʊŋ	knabɛnʃɛndʊŋ	compound	knaben|schändung	0.09090909090909091	0.08333333333333333	0.08333333333333333	knabn̩ʃɛndʊŋ	knɑbɛnʃɛndʊŋ	0.16666666666666666	0.16666666666666666
Knappschaft	knapʃaft	knapʃaft	knapʃaft	knappstshaft	compound	knapp|schaft	0.0	0.0	0.4166666666666667	knapʃaft	knappstshaft	0.0	0.4166666666666667
Knappschaften	knapʃaftən	knapʃaftən	knapʃaftən	knappstshaftən	compound	knapp|schafte|n	0.0	0.0	0.35714285714285715	knapskhaftn̩	knappstshaftən	0.4166666666666667	0.35714285714285715
Knappschaftskrankenhaus	knapʃaftskʁaŋknhaʊs	knapʃaftskʁaŋknhaʊs	knapʃaftskɾankənhaʊs	knappstshaftskʁaŋkɛnaos	compound	knapp|schafts|krankenhaus	0.0	0.15	0.34782608695652173	knapʃaft͡skʁaŋkn̩haʊ̯s	knappʃaftskɾaŋkɛnaos	0.13636363636363635	0.25
Kneipensterben	knaɪpənʃtɛʁbən	knaɪpnʃtɛʁbn	knaɪpənstɜbən	knaepɛnstɛʁbən	compound	kneipen|sterben	0.16666666666666666	0.23076923076923078	0.21428571428571427	knaɪ̯pn̩ʃtɛʁbn̩	knaepɛnstɛɾbən	0.3333333333333333	0.2857142857142857
Knoblauchbrot	knoːplaʊxbʁoːt	knoplaʊxbʁot	knɔblaʊxbɾot	knɔblaoxbʁot	compound	knoblauch|brot	0.0	0.25	0.25	knoplaʊ̯xbʁot	knɔblaoxbrot	0.07692307692307693	0.3333333333333333
Knochenbildung	knɔxnbɪldʊŋ	knɔxnbɪldʊŋ	knɔxənbɪldʊŋ	knɔxɛnbɪldʊŋ	compound	knochen|bildung	0.0	0.08333333333333333	0.08333333333333333	knɔxn̩bɪldʊŋ	knɔxɛnbɪldʊŋ	0.08333333333333333	0.08333333333333333
Knochenhand	knɔχnhant	knɔxnhant	knɔxənhant	knɔxɛnant	compound	knochen|hand	0.1111111111111111	0.2	0.3333333333333333	knɔxn̩hant	knɔxɛnant	0.2	0.3333333333333333
Knofi	knoːfi	knofi	knofi	knofi	compound	k|no|fi	0.0	0.0	0.0	knɔfi	knofi	0.2	0.0
Knotenschrift	knoːtnʃʁɪft	knotnʃʁɪft	knotənʃrɪft	knotɛnstsʁɪft	compound	knoten|schrift	0.0	0.18181818181818182	0.3076923076923077	knotn̩ʃʁɪft	knotɛnstsɾɪft	0.09090909090909091	0.38461538461538464
Kochmesser	kɔχmɛsɐ	kɔxmɛsɐ	kɔxmɛsɜ	kɔxmɛszɐ	compound	koch|messer	0.14285714285714285	0.2857142857142857	0.25	kɔxmɛsɐ	kɔxmɛszɐ̯	0.14285714285714285	0.3333333333333333
Kochschokolade	kɔxʃokolaːdə	kɔxʃokoladə	kɔxʃokolɑdə	kɔxʃokoladə	compound	koch|schokolade	0.0	0.09090909090909091	0.0	kɔxʃokoladə	kɔxʃokolɑdə	0.0	0.09090909090909091
Kohlsuppe	koːlzʊpə	kolzʊpə	kolzʊpə	kolzʊppə	compound	kohl|suppe	0.0	0.0	0.125	kolzʊpə	kolzʊppə	0.0	0.125
Kolk	kɔlk	kɔlk	kɔlk	kɔlk	compound	kol|k	0.0	0.0	0.0	kɔlk	kɔlk	0.0	0.0
Kolportierer	kɔlpɔʁtiːʁɐ	kɔlpɔʁtiʁəʁ	kɔlpɔɾtirɜ	kɔlpɔʁtiɐɐ	compound	kolportiere|r	0.18181818181818182	0.3	0.1	kɔlpɔʁtiʁɐ	kɔlpɔɾtiɐ̯ɐ̯	0.0	0.3333333333333333
Kommunistenfresser	kɔmunɪstənfʁɛsɐ	kɔmunɪstnfʁɛsɐ	kɔmunɪstənfrɛsɜ	kɔmmunɪstɛnfʁɛszɐ	compound	kommunisten|fresser	0.07142857142857142	0.13333333333333333	0.17647058823529413	kɔmunɪstn̩fʁɛsɐ	kɔmmunɪstɛnfɾɛszɐ̯	0.13333333333333333	0.2777777777777778
Kommunistenfressern	kɔmunɪstnfʁɛsɐn	kɔmunɪstnfʁɛsɐn	kɔmunɪstənfrɛsɜn	kɔmmunɪstɛnfʁɛszɛʁn	compound	kommunisten|fressern	0.0	0.1875	0.2631578947368421	kɔmunɪstn̩fʁɛsɐn	kɔmmunɪstɛnfɾɛszɛɾn	0.0625	0.3157894736842105
Kommunistenfressers	kɔmunɪstnfʁɛsɐs	kɔmunɪstnfʁɛsɐs	kɔmunɪstənfrɛsɜs	kɔmmunɪstɛnfʁɛszɛʁs	compound	kommunisten|fressers	0.0	0.1875	0.2631578947368421	kɔmunɪstn̩fʁɛsɐs	kɔmmunɪstɛnfɾɛszɛɾs	0.0625	0.3157894736842105
Konsonantenstamm	kɔnzonantnʃtam	kɔnzonantnʃtam	kɔnzonantɛnstam	kɔnzonantɛnstamm	compound	konsonanten|stamm	0.0	0.13333333333333333	0.1875	kɔnzonantn̩ʃtam	kɔnzonantɛnstamm	0.06666666666666667	0.1875
Konspirationstheorien	kɔnspiʁatsioːnsteoʁiːən	kɔnspiʁatsjonsteoʁin	kɔnspiratsjonsteoriən	kɔnspiʁatsɪonstɛoʁiən	compound	konspirationstheorie|n	0.1	0.14285714285714285	0.09523809523809523	kɔnʃpiʁat͡si̯onsteoʁiən	kɔnspiɾɑtsĭonzteoɾiən	0.13043478260869565	0.23809523809523808
Konsumentenschutz	kɔnzumɛntnʃʊts	kɔnzumɛntnʃʊts	kɔnzuməntɛnʃʊts	kɔnzumɛntɛnʃʊts	compound	konsumenten|schutz	0.0	0.13333333333333333	0.06666666666666667	kɔnzumɛntn̩ʃʊt͡s	kɔnzumɛntɛnʃʊts	0.125	0.06666666666666667
Kontinentalwestgermanisch	kɔntinɛntaːlvɛstɡɛʁmaːnɪʃ	kɔntinɛntalvɛstɡɛʁmanɪʃ	kɔntinəntalvɛstɡɛɾmɑnɪʃ	kɔntinɛntalvɛstgɛʁmanɪʃ	compound	kontinental|westgermanisch	0.0	0.13043478260869565	0.043478260869565216	kɔntinɛntalvɛstɡɛʁmanɪʃ	kɔntinɛntalvɛstgɛɾmɑnɪʃ	0.0	0.13043478260869565
Kontrolluhr	kɔntʁɔlʔuːɐ	kɔntʁɔluɐ	kɔntɾɔluɾ	kɔntʁɔlluʁ	compound	kon|troll|uhr	0.0	0.2222222222222222	0.2	kɔntʁɔluɐ̯	kɔntɾɔlluɾ	0.1	0.3
Kontrollzwang	kɔntrɔltsvaŋ	kɔntʁɔltsvaŋ	kɔntɾɔltsvaŋ	kɔntʁɔlltsvaŋ	compound	kon|troll|zwang	0.08333333333333333	0.08333333333333333	0.15384615384615385	kɔntʁɔlt͡svaŋ	kɔntɾɔlltsvaŋ	0.15384615384615385	0.15384615384615385
Konverb	kɔnvɛʁp	kɔnvɛʁp	kɔnvɛɾp	kɔnvɛʁp	compound	kon|verb	0.0	0.14285714285714285	0.0	kɔnvɛʁp	kɔnvɛɾp	0.0	0.14285714285714285
Konzi	kɔntsi	kɔntsi	kɔntsi	kɔntsi	compound	konz|i	0.0	0.0	0.0	kɔnt͡si	kɔntsi	0.14285714285714285	0.0
Konzipierer	kɔntsipiːʁɐ	kɔntsipiʁəʁ	kɔntsipirɜ	kɔntsipiʁɐ	compound	konzipiere|r	0.18181818181818182	0.2	0.0	kɔnt͡sipiʁɐ	kɔntsipiɐ̯ɐ̯	0.09090909090909091	0.25
Kopffüßler	kɔpffyːslɐ	kɔpffysləʁ	kɔpfyslɜ	kɔpffʏsslɐ	compound	kopf|füßle|r	0.2	0.25	0.2	kɔp͡ffyslɐ	kɔpffyalɐ̯	0.1	0.2
Kopfsteinstraßen	kɔpfʃtaɪnʃtraːsən	kɔpfʃtaɪnʃtʁasn	kɔpfstaɪnstɾɑsən	kɔpfstaenstʁaszən	compound	kopfstein|straßen	0.13333333333333333	0.25	0.29411764705882354	kɔp͡fʃtaɪ̯nʃtʁasn̩	kɔpfstaenstɾɑbən	0.2777777777777778	0.375
Korbblüte	kɔɐpblyːtə	kɔʁpblytə	kɔɾblytə	kɔʁblytə	compound	korb|blüte	0.1111111111111111	0.25	0.25	kɔʁpblytə	kɔɾbblytə	0.1111111111111111	0.2222222222222222
Korbblüten	kɔɐpblyːtən	kɔʁpblytn	kɔɾblytən	kɔʁblytən	compound	korb|blüten	0.2222222222222222	0.2222222222222222	0.2222222222222222	kɔʁpblytn̩	kɔɾbblytən	0.3	0.2
Korbware	kɔɐpvaːʁə	kɔʁpvaʁə	kɔbweə	kɔʁpvaʁə	compound	korb|ware	0.125	0.8333333333333334	0.125	kɔʁpvaʁə	kɔɾpvaɽə	0.125	0.25
Korbwaren	kɔɐpvaːʁən	kɔʁpvaʁən	kɔɾbvɑrən	kɔʁpvaʁən	compound	korb|waren	0.1111111111111111	0.4444444444444444	0.1111111111111111	kɔʁpvaʁən	kɔɾpvaɽən	0.1111111111111111	0.2222222222222222
Koreanistik	koʁeanɪstɪk	koʁeanɪstik	koreanɪstik	koʁeanɪstik	compound	korea|nist|i|k	0.09090909090909091	0.18181818181818182	0.09090909090909091	koʁeanɪstɪk	koɾeɑnɪstik	0.0	0.2727272727272727
Kotstecher	koːtʃtɛcɐ	kotʃtɛcɐ	kɔtstɛcɜ	kɔtstɛcɐ	compound	kot|stecher	0.0	0.375	0.25	kotʃtɛçɐ	kɔtstɛçɐ̯	0.125	0.4444444444444444
Kozi	koːtsi	kotsi	kotsi	kotsi	compound	ko|z|i	0.0	0.0	0.0	kot͡si	kotsi	0.16666666666666666	0.0
Kracke	krakə	kʁakə	kɾakə	kʁakə	compound	k|racke	0.2	0.2	0.2	kʁakə	kɾakə	0.2	0.2
Kraftraum	kʁaftʁaʊm	kʁaftʁaʊm	kɾaftɾaʊm	kʁaftʁaom	compound	kraft|raum	0.0	0.2222222222222222	0.1111111111111111	kʁaftʁaʊ̯m	kɾaftɾaom	0.1	0.3333333333333333
Krakauer	kraːkaʊər	kʁakaʊeɐ	kɾɑkaʊɜ	kʁakaoɐ	compound	krakau|er	0.375	0.5714285714285714	0.5714285714285714	kʁakaʊ̯ɐ	kɾɑkaoɐ̯	0.375	0.625
Krambambuli	kʁambambuliː	kʁambambuli	kɾambambuli	kʁambambuli	compound	kram|bam|b|ul|i	0.0	0.09090909090909091	0.0	kʁambambuli	kɾambambuli	0.0	0.09090909090909091
Kraneberger	kʁaːnəbɛɐɡɐ	kʁanəbɛʁɡɐ	kɾɑnebɛɾɡɜ	kʁanebɛʁgɐ	compound	krane|berger	0.1	0.5	0.3	kʁanəbɛʁɡɐ	kɾɑnebɛɾgɐ̯	0.1	0.5454545454545454
Krankenhausapotheke	kʁaŋkənhaʊsapoteːkə	kʁaŋknhaʊsapotekə	kɾankənhaʊzapotekə	kʁaŋkɛnaozapɔtekə	compound	krankenhaus|apotheke	0.058823529411764705	0.16666666666666666	0.29411764705882354	kʁaŋkn̩haʊ̯sapotekə	kɾaŋkɛnaozɑpɔtekə	0.15789473684210525	0.4117647058823529
Krankenhausapotheken	kʁaŋkənhaʊsapoteːkən	kʁaŋknhaʊsapotekn	kɾankənhaʊzapotekən	kʁaŋkɛnaozapɔtekən	compound	krankenhaus|apotheken	0.11764705882352941	0.15789473684210525	0.2777777777777778	kʁaŋkn̩haʊ̯sapotekn̩	kɾaŋkɛnaozɑpɔtekən	0.25	0.3888888888888889
Krankenhausapotheker	kʁaŋkənhaʊsapoteːkɐ	kʁaŋknhaʊsapotekɐ	kɾankənhaʊzapotekɜ	kʁaŋkɛnaozapɔtekɐ	compound	krankenhaus|apotheker	0.058823529411764705	0.2222222222222222	0.29411764705882354	kʁaŋkn̩haʊ̯sapotekɐ	kɾaŋkɛnaozɑpɔtekɐ̯	0.15789473684210525	0.4444444444444444
Krankenhausapothekerin	kʁaŋkənhaʊsapoteːkəʁɪn	kʁaŋknhaʊsapotekəʁɪn	kɾankənhaʊzapotekərɪn	kʁaŋkɛnaozapɔtekeʁɪn	compound	krankenhaus|apothekerin	0.05	0.19047619047619047	0.3	kʁaŋkn̩haʊ̯sapotekəʁɪn	kɾaŋkɛnaozɑpɔtekɐ̯ɪn	0.13636363636363635	0.45
Krankenhausapothekerinnen	kʁaŋkənhaʊsapoteːkəʁɪnən	kʁaŋknhaʊsapotekəʁɪnən	kɾankənhaʊzapotekərɪnən	kʁaŋkɛnaozapɔtekeʁɪnnən	compound	krankenhaus|apothekerinnen	0.045454545454545456	0.17391304347826086	0.30434782608695654	kʁaŋkn̩haʊ̯sapotekəʁɪnən	kɾaŋkɛnaozɑpɔtekeɾɪnnən	0.125	0.43478260869565216
Krankenhausapothekers	kʁaŋkənhaʊsapoteːkɐs	kʁaŋknhaʊsapotekɐs	kɾankənhaʊzapotekɜs	kʁaŋkɛnaozapɔtekɛʁs	compound	krankenhaus|apothekers	0.05555555555555555	0.21052631578947367	0.3684210526315789	kʁaŋkn̩haʊ̯sapotekɐs	kɾaŋkɛnaozɑpɔtekɛɾs	0.15	0.47368421052631576
Kratzwunde	kʁatsvʊndə	kʁatsvʊndə	kɾatsvʊndə	kʁatsvʊndə	compound	kratz|wunde	0.0	0.1	0.0	kʁat͡svʊndə	kɾatsvʊndə	0.09090909090909091	0.1
Kratzwunden	kʁatsvʊndən	kʁatsvʊndn	kɾatsvʊndən	kʁatsvʊndən	compound	kratz|wunden	0.1	0.09090909090909091	0.0	kʁat͡svʊndn̩	kɾatsvʊndən	0.25	0.09090909090909091
Kreiselegge	kʁaɪzlɛɡə	kʁaɪzlɛɡə	kɾaɪzəlɛɡə	kʁaezelɛkgə	compound	kreisel|egge	0.0	0.2	0.36363636363636365	kʁaɪ̯zl̩ɛɡə	kɾaezelɛgə	0.18181818181818182	0.4
Kreiselpumpe	kʁaɪzlpʊmpə	kʁaɪzlpʊmpə	kɾaɪzəlpʊmpə	kʁaezɛlpʊmpə	compound	kreisel|pumpe	0.0	0.16666666666666666	0.16666666666666666	kʁaɪ̯zl̩pʊmpə	kɾaezɛlpʊmpə	0.15384615384615385	0.25
Kreiskonstante	kraɪskɔnstantə	kʁaɪskɔnstantə	kɾaɪskɔnstantə	kʁaeskɔnstantə	compound	kreis|konstante	0.07142857142857142	0.07142857142857142	0.14285714285714285	kʁaɪ̯skɔnstantə	kɾaeskɔnstɑntə	0.13333333333333333	0.21428571428571427
Kreissehne	kraɪszeːnə	kʁaɪszenə	kɾaɪsenə	kʁaeszenə	compound	kreis|sehne	0.1111111111111111	0.25	0.2222222222222222	kʁaɪ̯szenə	kɾaeszenə	0.2	0.2222222222222222
Kreiswinkel	kraɪsvɪŋkəl	kʁaɪsvɪŋkəl	kɾaɪsvɪnkəl	kʁaesvɪŋkel	compound	kreis|winkel	0.09090909090909091	0.18181818181818182	0.2727272727272727	kʁaɪ̯svɪŋkl̩	kɾaesvɪŋkel	0.3333333333333333	0.2727272727272727
Kreuzkölln	kʁɔɪtskœln	kʁɔɪtskœlln	kɾɔøtskœln	kʁɔɔʏtskɔʏlln	compound	kreuz|köl|l|n	0.09090909090909091	0.2	0.38461538461538464	kʁɔɪ̯t͡skœln	kɾɔøtskœlln	0.16666666666666666	0.2727272727272727
Kreuzzeichen	kʁɔʏtstsaɪcən	kʁɔɪtstsaɪcn	kɾɔøtsaɪcən	kʁɔɔʏtsaecən	compound	kreuz|zeichen	0.16666666666666666	0.36363636363636365	0.3333333333333333	kʁɔɪ̯t͡st͡saɪ̯çn̩	kɾɔøtsaeçən	0.4117647058823529	0.5454545454545454
Krickente	krɪkɛntə	krɪkɛntə	kɾɪkɛntə	kʁɪkɛntə	compound	k|rick|ente	0.0	0.125	0.125	kʁɪkn̩tə	kɾɪkɛntə	0.375	0.125
Kriegsdienstgegnerin	kʁiːksdiːnstɡeːɡnɐʁɪn	kʁiksdinstɡeɡnɐɪn	kɾiksdinstɡeɡnərɪn	kʁiksdinstgɛgnɐɪn	compound	kriegsdienstgegner|in	0.058823529411764705	0.16666666666666666	0.23529411764705882	kʁiksdinstɡeɡnəʁɪn	kɾiksdinstgɛgnɐ̯ɪn	0.05555555555555555	0.2777777777777778
Kriegsfuß	kʁiːksfuːs	kʁiksfus	kɾiksfus	kʁiksfʊss	compound	kriegs|fuß	0.0	0.125	0.2222222222222222	kʁiksfus	kɾiksfu	0.0	0.2857142857142857
Kriegskorrespondent	kʁiːkskɔʁɛspɔndɛnt	kʁikskɔʁɛspɔndɛnt	kɾikskɔrɛspɔndɛnt	kʁikskɔʁʁɛspɔndɛnt	compound	kriegs|korrespondent	0.0	0.11764705882352941	0.05555555555555555	kʁikskɔʁɛspɔndɛnt	kɾikskɔɾɾɛspɔndɛnt	0.0	0.16666666666666666
Kriegskorrespondenten	kʁiːkskɔʁɛspɔndɛntən	kʁikskɔʁɛspɔndɛntn	kɾikskɔrɛspɔndɛntən	kʁikskɔʁʁɛspɔndɛntən	compound	kriegs|korrespondenten	0.05555555555555555	0.10526315789473684	0.05	kʁikskɔʁɛspɔndɛntn̩	kɾikskɔɾɾɛspɔndɛntən	0.10526315789473684	0.15
Kriegskorrespondentin	kʁiːkskɔʁɛspɔndɛntɪn	kʁikskɔʁɛspɔndɛntɪn	kɾikskɔrɛspɔndɛntɪn	kʁikskɔʁʁɛspɔndɛntɪn	compound	kriegs|korrespondentin	0.0	0.10526315789473684	0.05	kʁikskɔʁɛspɔndɛntɪn	kɾikskɔɾɾɛspɔndɛntɪn	0.0	0.15
Kriegskorrespondentinnen	kʁiːkskɔʁɛspɔndɛntɪnən	kʁikskɔʁɛspɔndɛntɪnən	kɾikskɔrɛspɔndɛntɪnən	kʁikskɔʁʁɛspɔndɛntɪnnən	compound	kriegs|korrespondentinnen	0.0	0.09523809523809523	0.08695652173913043	kʁikskɔʁɛspɔndɛntɪnən	kɾikskɔɾɾɛspɔndɛntɪnnən	0.0	0.17391304347826086
Kriminalgeschichte	krɪminaːlɡəʃɪctə	kʁiminalɡəʃɪctə	kɾiminɑlɡɛʃɪctə	kʁiminalgəʃɪctə	compound	kriminal|geschichte	0.13333333333333333	0.26666666666666666	0.2	kʁiminalɡəʃɪçtə	kɾiminalgɛʃɪçtə	0.2	0.3333333333333333
Kriminalreißer	kʁiminaːlʁaɪsɐ	kʁiminalʁaɪsəʁ	kɾiminɑlraɪsɜ	kʁiminalʁaeszɐ	compound	kriminal|reiße|r	0.14285714285714285	0.3076923076923077	0.14285714285714285	kʁiminalʁaɪ̯sɐ	kɾiminalɾaeʃɐ̯	0.07142857142857142	0.35714285714285715
Kristallbecher	kʁɪstalbɛcɐ	kʁɪstalbɛcɐ	kɾɪstalbɛcɜ	kʁɪstallbɛcɐ	compound	kristall|becher	0.0	0.18181818181818182	0.08333333333333333	kʁɪstalbɛçɐ	kɾɪstallbɛçɐ̯	0.09090909090909091	0.3076923076923077
Kristallfläche	kʁɪstalflɛcə	kʁɪstalflɛcə	kɾɪstalflɛcə	kʁɪstallflɛcə	compound	kristall|fläche	0.0	0.08333333333333333	0.07692307692307693	kʁɪstalflɛçə	kɾɪstallflɛçə	0.08333333333333333	0.23076923076923078
Kronenwucherblume	kʁoːnənvuːxɐbluːmə	kʁonənvuxɐblumə	kɾonənvʊxɜblʊmə	kʁonɛnvʊxɛʁblumə	compound	kronen|wucher|blume	0.0	0.26666666666666666	0.25	kʁonənvuxɐblumə	kɾonɛnvʊxɛɾblumə	0.0	0.3125
Kronenwucherblumen	kʁoːnənvuːxɐbluːmən	kʁonənvuxɐblumən	kɾonənvʊxɜblʊmən	kʁonɛnvʊxɛʁblumən	compound	kronen|wucher|blumen	0.0	0.25	0.23529411764705882	kʁonənvuxɐblumən	kɾonɛnvʊxɛɾblumən	0.0	0.29411764705882354
Kryptoanlegerinnen	kʁʏptoanleːɡəʁɪnən	kʁʏptoanleɡəʁɪnən	kɾyptoanleɡerɪnən	kʁʏptoanlegeʁɪnnən	compound	krypto|anlegerinnen	0.0	0.23529411764705882	0.16666666666666666	kʁʏptoanleɡəʁɪnən	kɾʏptoanlegeɾɪnnən	0.0	0.2777777777777778
Krähwinkel	krɛːvɪŋkl	kʁɛvɪŋkəl	kɾɛvɪnkəl	kʁɛvɪŋkel	compound	kräh|winkel	0.2222222222222222	0.3333333333333333	0.2222222222222222	kʁɛvɪŋkl̩	kɾɛvɪŋkel	0.2222222222222222	0.2222222222222222
Kubek	kubɛk	kubek	kubek	kubək	compound	k|ube|k	0.2	0.2	0.2	kubək	kubek	0.2	0.2
Kucera	kʊtʃɛra	kutseɐa	kukerɑ	kutsʁa	compound	k|u|cer|a	0.5714285714285714	0.8333333333333334	0.6666666666666666	kut͡seʁa	kutseɾɑ	0.625	0.7142857142857143
Kuchenbesteck	kuːxnbəʃtɛk	kuxnbəʃtɛk	kʊxənbəstɛk	kʊxɛnbəʃtɛk	compound	kuchen|besteck	0.0	0.2727272727272727	0.18181818181818182	kuxn̩bəʃtɛk	kʊxɛnbɛstɛk	0.09090909090909091	0.36363636363636365
Kuchenlöffel	kuːxnlœfl	kuxnlœfl	kʊxənlœfəl	kʊxɛnlœffel	compound	kuchen|löffel	0.0	0.3	0.36363636363636365	kuxn̩lœfl̩	kʊxɛnlœffel	0.2	0.36363636363636365
Kudernatsch	kuːdɐnatʃ	kudɐnatʃ	kudɜnatʃ	kudɛʁnatʃ	compound	kudern|at|sch	0.0	0.125	0.2222222222222222	kudɐnat͡ʃ	kudɛɾnaʧ	0.1111111111111111	0.5
Kudrnac	kuːdɐnats	kutʁnak	kʊdɾnɑk	kʊdʁnak	compound	k|ud|r|na|c	0.5714285714285714	0.7142857142857143	0.5714285714285714	kudʁnat͡s	kʊdɾnɑk	0.2222222222222222	0.7142857142857143
Kuguar	kuːɡuaːr	kuɡuaɐ	kuɡuɑɾ	kuguaʁ	compound	k|u|g|u|ar	0.16666666666666666	0.3333333333333333	0.3333333333333333	kuɡu̯aɐ̯	kuguaɽ	0.375	0.3333333333333333
Kumanisch	kumaːnɪʃ	kumanɪʃ	kumɑnɪʃ	kumanɪʃ	compound	k|u|manisch	0.0	0.14285714285714285	0.0	kumanɪʃ	kumɑnɪʃ	0.0	0.14285714285714285
Kummerkasten	kʊmɐkastn	kʊmɐkastn	kʊmɜkastən	kʊmmɛʁkastən	compound	kummer|kasten	0.0	0.2	0.3333333333333333	kʊmɐkastn̩	kʊmmɛɾkastən	0.1	0.3333333333333333
Kumys	kuːmɪs	kumys	kumys	kumys	compound	k|u|mys	0.2	0.2	0.2	kʊmis	kumys	0.4	0.2
Kundgebungsteilnehmer	kʊntɡeːbʊŋstaɪlneːmɐ	kʊntɡebʊŋʃtaɪlnemɐ	kʊndɡebʊŋstaɪlnemɜ	kʊntgebʊŋstaelnemɐ	compound	kundgebung|steil|nehmer	0.05555555555555555	0.1111111111111111	0.1111111111111111	kʊntɡebʊŋstaɪ̯lnemɐ	kʊntgebʊŋstaelnemɐ̯	0.05263157894736842	0.15789473684210525
Kunstausstellung	kʊnstaʊsʃtɛlʊŋ	kʊnstaʊsʃtɛlʊŋ	kʊnstaʊstɛlʊŋ	kʊnʃtaosʃtɛllʊŋ	compound	kunst|ausstellung	0.0	0.07692307692307693	0.2	kʊnstaʊ̯sʃtɛlʊŋ	kʊnstaozstɛllʊŋ	0.06666666666666667	0.26666666666666666
Kunstfehler	kʊnstfeːlɐ	kʊnstfelɐ	kʊnstfelɜ	kʊnstfelɐ	compound	kunst|fehler	0.0	0.1111111111111111	0.0	kʊnstfelɐ	kʊnstfelɐ̯	0.0	0.1
Kunstfreiheit	kʊnstfʁaɪhaɪt	kʊnstfʁaɪhaɪt	kʊnstfraɪhaɪt	kʊnstfʁaeəit	compound	kunst|freiheit	0.0	0.07692307692307693	0.3333333333333333	kʊnstfʁaɪ̯haɪ̯t	kʊnstfɾaeəit	0.13333333333333333	0.4166666666666667
Kunsthandwerkerin	kʊnsthantvɛʁkəʁɪn	kʊnsthantvɛʁkəʁɪn	kʊnstandvɜkərɪn	kʊnʃtantvɛʁkeʁɪn	compound	kunsthandwerke|rin	0.0	0.3333333333333333	0.1875	kʊnsthantvɛʁkəʁɪn	kʊnztantvɛɾkɐ̯ɪn	0.0	0.3125
Kunsthandwerkerinnen	kʊnsthantvɛʁkəʁɪnən	kʊnsthantvɛʁkəʁɪnən	kʊnstandvɜkerɪnən	kʊnʃtantvɛʁkeʁɪnnən	compound	kunsthandwerke|rinnen	0.0	0.35294117647058826	0.21052631578947367	kʊnsthantvɛʁkəʁɪnən	kʊnztantvɛɾkeɾɪnnən	0.0	0.3157894736842105
Kunstmalerin	kʊnstmaːlɐʁɪn	kʊnstmalɐɪn	kʊnstmalərɪn	kʊnstmalɐɪn	compound	kunstmaler|in	0.09090909090909091	0.16666666666666666	0.09090909090909091	kʊnstmaləʁɪn	kʊnstmalɐ̯ɪn	0.08333333333333333	0.08333333333333333
Kunststoffabdeckung	apdɛkʊŋ	kʊnstʃtɔfapdɛkʊŋ	kʊnststɔfabdɛkʊŋ	kʊnststɔffapdɛkʊŋ	compound	kunststoff|abdeckung	0.5625	0.625	0.5882352941176471	kʊnstʃtɔfapdɛkʊŋ	kʊnststɔffapdɛkʊŋ	0.5625	0.5882352941176471
Kunststoffabdichtung	kʊnstʃtɔfapdɪctʊŋ	kʊnstʃtɔfapdɪctʊŋ	kʊnststɔfabdɪctʊŋ	kʊnststɔffapdɪctʊŋ	compound	kunststoff|abdichtung	0.0	0.11764705882352941	0.1111111111111111	kʊnstʃtɔfapdɪçtʊŋ	kʊnststɔffapdɪçtʊŋ	0.058823529411764705	0.16666666666666666
Kunststoffanteil	kʊnstʃtɔfantaɪl	kʊnstʃtɔfantaɪl	kʊnststɔfantaɪl	kʊnststɔffantəil	compound	kunststoff|anteil	0.0	0.06666666666666667	0.25	kʊnstʃtɔfantaɪ̯l	kʊnststɔffɑntəil	0.0625	0.3125
Kunststoffartikel	kʊnstʃtɔfʔaʁtiːkl	kʊnstʃtɔfaʁtikl	kʊnststɔfaɾtikəl	kʊnststɔffaʁtikel	compound	kunststoff|artikel	0.0	0.1875	0.17647058823529413	kʊnstʃtɔfaʁtikl̩	kʊnststɔffaɾtikel	0.0625	0.23529411764705882
Kunststoffaufbereitung	kʊnstʃtɔfaʊfbəʁaɪtʊŋ	kʊnstʃtɔfaʊfbəʁaɪtʊŋ	kʊnststɔfaʊfberaɪtʊŋ	kʊnststɔffaofbɐəitʊŋ	compound	kunststoff|aufbereitung	0.0	0.15	0.35	kʊnstʃtɔfaʊ̯fbəʁaɪ̯tʊŋ	kʊnststɔffaofbɐ̯əitʊŋ	0.09090909090909091	0.3333333333333333
Kunststoffausführung	kʊnstʃtɔfaʊsfyːʁʊŋ	kʊnstʃtɔfaʊsfyʁʊŋ	kʊnststɔfaʊsfyrʊŋ	kʊnststɔffaosfyʁʊŋ	compound	kunststoff|ausführung	0.0	0.11764705882352941	0.16666666666666666	kʊnstʃtɔfaʊ̯sfyʁʊŋ	kʊnststɔffaosfyɾʊŋ	0.05555555555555555	0.2222222222222222
Kunststoffdecke	kʊnstʃtɔfdɛkə	kʊnstʃtɔfdɛkə	kʊnststɔfdɛkə	kʊnststɔffdɛkə	compound	kunststoff|decke	0.0	0.07692307692307693	0.14285714285714285	kʊnstʃtɔfdɛkə	kʊnststɔffdɛkə	0.0	0.14285714285714285
Kunststoffhaken	kʊnstʃtɔfhaːkn	kʊnstʃtɔfhakn	kʊnststɔfhɑkən	kʊnststɔffakən	compound	kunststoff|haken	0.0	0.21428571428571427	0.21428571428571427	kʊnstʃtɔfhakn̩	kʊnststɔffɑkən	0.07142857142857142	0.2857142857142857
Kunststoffmappe	kʊnstʃtɔfmapə	kʊnstʃtɔfmapə	kʊnststɔfmapə	kʊnststɔffmappə	compound	kunststoff|mappe	0.0	0.07692307692307693	0.2	kʊnstʃtɔfmapə	kʊnststɔffmappə	0.0	0.2
Kunststoffmesser	kʊnstʃtɔfmɛsɐ	kʊnstʃtɔfmɛsəʁ	kʊnststɔfmɛsɜ	kʊnststɔffmɛszɐ	compound	kunststoffmesse|r	0.14285714285714285	0.15384615384615385	0.2	kʊnstʃtɔfmɛsɐ	kʊnststɔffmɛszɐ̯	0.0	0.25
Kunststoffschraube	kʊnstʃtɔfʃʁaʊbə	kʊnstʃtɔfʃʁaʊbə	kʊnststɔfʃraʊbə	kʊnststɔffstsʁaobə	compound	kunststoff|schraube	0.0	0.13333333333333333	0.3333333333333333	kʊnstʃtɔfʃʁaʊ̯bə	kʊnststɔffstsɾaobə	0.0625	0.3888888888888889
Kunststoffspritzguss	kʊnstʃtɔfʃpʁɪtsɡʊs	kʊnstʃtɔfʃpɾɪtsgʊs	kʊnststɔfʃpɾɪtsɡʊs	kʊnststɔffspʁɪtsgʊss	compound	kunststoff|spritzguss	0.1111111111111111	0.1111111111111111	0.25	kʊnstʃtɔfʃpʁɪt͡sɡʊs	kʊnststɔffspɾɪtsgʊss	0.05263157894736842	0.3
Kunststofftasche	kʊnstʃtɔftaʃə	kʊnstʃtɔftaʃə	kʊnststɔftaʃə	kʊnststɔfftaʃə	compound	kunststoff|tasche	0.0	0.07692307692307693	0.14285714285714285	kʊnstʃtɔftaʃə	kʊnststɔfftaʃə	0.0	0.14285714285714285
Kunststoffvase	kʊnstʃtɔfvaːzə	kʊnstʃtɔfvazə	kʊnststɔfvɑzə	kʊnststɔffvazə	compound	kunststoff|vase	0.0	0.15384615384615385	0.14285714285714285	kʊnstʃtɔfvazə	kʊnststɔffvɑzə	0.0	0.21428571428571427
Kunststoffüberzug	kʊnstʃtɔfyːbɐtsuːk	kʊnstʃtɔfybɐtsuk	kʊnststɔfybɜtsuk	kʊnststɔffybɛʁtsuk	compound	kunststoff|überzug	0.0	0.125	0.2222222222222222	kʊnstʃtɔfybɐt͡suk	kʊnststɔffybɛɾtsuk	0.058823529411764705	0.2222222222222222
Kupferschraube	kʊpfɐʃʁaʊbə	kʊpfɐʃʁaʊbə	kʊpfɜʃraʊbə	kʊpfɛʁstsʁaobə	compound	kupfer|schraube	0.0	0.18181818181818182	0.42857142857142855	kʊp͡fɐʃʁaʊ̯bə	kʊpfɛɾstsɾaobə	0.15384615384615385	0.5
Kupferstich	kʊpfɐʃtɪc	kʊpfɐʃtɪc	kʊpfɜstɪc	kʊpfɛʁstɪc	compound	kupfer|stich	0.0	0.2222222222222222	0.3	kʊp͡fɐʃtɪç	kʊpfɛɾstɪç	0.2	0.4
Kuriositätenkabinett	kuʁiozitɛːtnkabinɛt	kuʁiozitɛtnkabinɛt	kurɪozitɛtənkɑbinɛt	kuʁɪozitɛtɛŋkabɪnkɛt	compound	kuriositäten|kabinett	0.0	0.21052631578947367	0.25	kuʁiozitɛtn̩kabinɛt	kuɾiozitɛtɛŋkɑbɪnkɛt	0.05263157894736842	0.3
Kursivbuchstabe	kʊʁziːfbuːxʃtaːbə	kʊʁzifbuxʃtabə	k??zɪvbuxʃtɑbə	kʊʁzɪfbʊxstabə	compound	kursiv|buchstabe	0.0	0.35714285714285715	0.21428571428571427	kʊʁzifbuxʃtabə	kʊɾzɪfbʊxstɑbə	0.0	0.35714285714285715
Kurzaufenthalt	khʊɐtsaʊfɛnthalt	kʊʁtsaʊfɛnthalt	k??tsaʊfɛntalt	kʊʁtsaofɛntalt	compound	kurz|aufenthalt	0.13333333333333333	0.2857142857142857	0.2857142857142857	kʊʁt͡saʊ̯fɛnthalt	kʊɾtsaofɛntalt	0.23529411764705882	0.2857142857142857
Kurzhantel	kʊʁtshantəl	kʊʁtshantl	k??tshantəl	kʊʁtsantəl	compound	kurz|hantel	0.1	0.18181818181818182	0.1	kʊʁt͡shantl̩	kʊɾtsantel	0.25	0.3
Kurzschliesser	kʊʁtsʃliːsɐ	kʊʁtsʃliɛsɐ	k??tsʃlisɜ	kʊʁtsstsliszɐ	compound	kurz|sch|li|esser	0.09090909090909091	0.3	0.3076923076923077	kʊʁt͡sʃlisɐ	kʊɾtsstsliszɐ̯	0.09090909090909091	0.42857142857142855
Kurzschließer	kʊʁtsʃliːsɐ	kʊʁtsʃlisəʁ	k??tsʃlisɜ	kʊʁtsstsliszɐ	compound	kurzschließe|r	0.18181818181818182	0.3	0.3076923076923077	kʊʁt͡sʃlisɐ	kʊɾtsstslisɐ̯	0.09090909090909091	0.38461538461538464
Kurzstreckenlauf	kʊʁtsʃtʁɛkənlaʊf	kʊʁtsʃtʁɛknlaʊf	k??tsstɾɛkɛnlaʊf	kʊʁtsstʁɛkɛnlaof	compound	kurz|strecken|lauf	0.06666666666666667	0.3125	0.1875	kʊʁt͡sʃtʁɛkn̩laʊ̯f	kʊɾtsstɾɛkɛnlaof	0.2222222222222222	0.3125
Kurzwarengeschäft	kʊʁtsvaːʁənɡəʃɛft	kʊʁtsvaʁənɡəʃɛft	k??tsvarɛnɡɛʃɛft	kʊʁtsvaʁɛŋɛʃɛft	compound	kurzwaren|geschäft	0.0	0.3125	0.26666666666666666	kʊʁt͡svaʁənɡəʃɛft	kʊɾtsvɑɾɛŋɛʃɛft	0.058823529411764705	0.4666666666666667
Kurzwarengeschäfte	kʊʁtsvaːʁənɡəʃɛftə	kʊʁtsvaʁənɡəʃɛftə	k??tsvarɛnɡɛʃɛftə	kʊʁtsvaʁɛŋɛʃɛftə	compound	kurzwaren|geschäfte	0.0	0.29411764705882354	0.25	kʊʁt͡svaʁənɡəʃɛftə	kʊɾtsvɑɾɛŋɛʃɛftə	0.05555555555555555	0.4375
Kurzwarengeschäftes	kʊʁtsvaːʁənɡəʃɛftəs	kʊʁtsvaʁənɡəʃɛftəs	k??tsvarɛnɡɛʃɛftəs	kʊʁtsvaʁɛŋɛʃɛftəs	compound	kurzwaren|geschäftes	0.0	0.2777777777777778	0.23529411764705882	kʊʁt͡svaʁənɡəʃɛftəs	kʊɾtsvɑɾɛŋɛʃɛftəs	0.05263157894736842	0.4117647058823529
Kurzwarengeschäfts	kʊʁtsvaːʁənɡəʃɛfts	kʊʁtsvaʁənɡəʃɛfts	k??tsvarɛnɡɛʃɛfts	kʊʁtsvaʁɛŋɛʃɛfts	compound	kurzwaren|geschäfts	0.0	0.29411764705882354	0.25	kʊʁt͡svaʁənɡəʃɛft͡s	kʊɾtsvɑɾɛŋɛʃɛfts	0.10526315789473684	0.4375
Kurzwarenhändler	kʊʁtsvaːʁənhɛndlɐ	kʊʁtsvaʁənhɛndlɐ	k??tsvarɛnhɛndlɜ	kʊʁtsvaʁɛnɛndlɐ	compound	kurzwaren|händler	0.0	0.3125	0.13333333333333333	kʊʁt͡svaʁənhɛndlɐ	kʊɾtsvɑɾɛnɛndlɐ̯	0.058823529411764705	0.375
Kurzwarenhändlers	kʊʁtsvaːʁənhɛndlɐs	kʊʁtsvaʁənhɛndlɐs	k??tsvarɛnhɛndlɜs	kʊʁtsvaʁɛnɛndlɛʁs	compound	kurzwaren|händlers	0.0	0.29411764705882354	0.23529411764705882	kʊʁt͡svaʁənhɛndlɐs	kʊɾtsvɑɾɛnɛndlɛɾs	0.05555555555555555	0.4117647058823529
Kurzwarenladen	kʊʁtsvaːʁənlaːdən	kʊʁtsvaʁənladn	k??tsvarɛnlɑdən	kʊʁtsvaʁɛnladən	compound	kurzwaren|laden	0.07142857142857142	0.3333333333333333	0.06666666666666667	kʊʁt͡svaʁənladn̩	kʊɾtsvɑɾɛnlɑdən	0.1875	0.3333333333333333
Kurzwarenladens	kʊʁtsvaːʁənlaːdəns	kʊʁtsvaʁənladns	k??tsvarɛnladəns	kʊʁtsvaʁɛnladɛns	compound	kurzwaren|ladens	0.06666666666666667	0.25	0.125	kʊʁt͡svaʁənladn̩s	kʊɾtsvɑɾɛnlɑdɛns	0.17647058823529413	0.375
Kurzwarenläden	kʊʁtsvaːʁənlɛːdən	kʊʁtsvaʁənlɛdn	k??tsvarɛnlɛdən	kʊʁtsvaʁɛnlɛdən	compound	kurzwaren|läden	0.07142857142857142	0.26666666666666666	0.06666666666666667	kʊʁt͡svaʁənlɛdn̩	kʊɾtsvɑɾɛnlɛdən	0.1875	0.26666666666666666
Kuscheljustiz	kʊʃəljʊstiːts	kʊʃljʊstits	kʊʃəljʊstits	kʊʃɛljʊstits	compound	kuschel|justiz	0.09090909090909091	0.0	0.08333333333333333	kʊʃl̩jʊstit͡s	kʊʃɛljʊstits	0.23076923076923078	0.08333333333333333
Kuseng	kuzɛŋ	kuzɛŋ	kuzɛŋ	kuzɛŋ	compound	k|us|eng	0.0	0.0	0.0	kuzn̩ɡ	kuzɛŋ	0.5	0.0
Käferchen	kɛːfɐcən	kɛfɐcən	kɛfɜcən	kɛfɛʁcən	compound	käfer|chen	0.0	0.14285714285714285	0.25	kɛfɐçən	kɛfɛɾçən	0.14285714285714285	0.375
Käfigläufer	kɛːfɪclɔɪfɐ	kɛfɪklɔɪfɐ	kɛfɪɡlɔøfɜ	kɛfɪglɔɔʏfɐ	compound	käfig|läufer	0.1	0.3	0.2727272727272727	kɛfɪklɔɪ̯fɐ	kɛfɪglɔøfɐ̯	0.18181818181818182	0.2727272727272727
Kälbermasten	kɛlbɐmastən	kɛlbɐmastn	kɛlbɜmastən	kɛlbɛʁmastən	compound	kälber|masten	0.1	0.09090909090909091	0.16666666666666666	kɛlbɐmastn̩	kɛlbɛɾmastən	0.18181818181818182	0.16666666666666666
Kälbermastskandal	kɛlbɐmastskandaːl	kɛlbɐmastskandal	kɛlbɜmastskandɑl	kɛlbɛʁmastskandal	compound	kälber|mast|skandal	0.0	0.125	0.11764705882352941	kɛlbɐmastzandal	kɛlbɛɾmastskandal	0.13333333333333333	0.11764705882352941
Kälbermastskandale	kɛlbɐmastskandaːle	kɛlbɐmastskandalə	kɛlbɜmastskandɑlə	kɛlbɛʁmastskandalə	compound	kälber|mast|skandale	0.058823529411764705	0.17647058823529413	0.16666666666666666	kɛlbɐmastskandalə	kɛlbɛɾmastskandalə	0.058823529411764705	0.16666666666666666
Kälbermastskandals	kɛlbɐmastskandaːls	kɛlbɐmastskandals	kɛlbɜmastskandɑls	kɛlbɛʁmastskandals	compound	kälber|mast|skandals	0.0	0.11764705882352941	0.1111111111111111	kɛlbɐmastskandals	kɛlbɛɾmastskandals	0.0	0.1111111111111111
Käseaufschnitt	keːzəaʊfʃnɪt	kezəaʊfʃnɪt	kɛzeaʊfʃnɪt	kɛzəaofʃnɪt	compound	käse|aufschnitt	0.0	0.18181818181818182	0.18181818181818182	kezəaʊ̯fʃnɪt	kɛzeaofstsnɪt	0.08333333333333333	0.46153846153846156
Käseaufschnitte	kɛːzəʔaʊfʃnɪtə	kezəaʊfʃnɪtə	kɛzeaʊfʃnɪtə	kɛzəaofʃnɪtə	compound	käse|aufschnitte	0.08333333333333333	0.08333333333333333	0.08333333333333333	kezəaʊ̯fʃnɪtə	kɛzeaofstsnɪtə	0.15384615384615385	0.35714285714285715
Käseblättchen	kɛːzəblɛtcən	kezəblɛtcən	kɛzɛblɛtcən	kɛzɛblɛtʃcən	compound	käse|blättchen	0.09090909090909091	0.09090909090909091	0.16666666666666666	kezəblɛtçən	kɛzɛblɛtçən	0.18181818181818182	0.18181818181818182
Käsegabel	keːzəɡaːbl	kezəɡabl	kɛzeɡɑbəl	kɛzegabəl	compound	käse|gabel	0.0	0.4444444444444444	0.4444444444444444	kezəɡabl̩	kɛzegɑbel	0.1111111111111111	0.5555555555555556
Käsegeschmack	kɛːzəɡəʃmak	kezəɡəʃmak	kɛzeɡɛʃmak	kɛzegɛʃmak	compound	käse|geschmack	0.1	0.2	0.3	kezəɡəʃmak	kɛzegɛʃmak	0.1	0.3
Käsegeschmackes	kɛːzəɡəʃmakəs	kezəɡəʃmakəs	kɛzeɡɛʃmakəs	kɛzegɛʃmakəs	compound	käse|geschmackes	0.08333333333333333	0.16666666666666666	0.25	kezəɡəʃmakəs	kɛzegɛʃmakəs	0.08333333333333333	0.25
Käsegeschmacks	kɛːzəɡəʃmaks	kezəɡəʃmaks	kɛzeɡɛʃmaks	kɛzegɛʃmaks	compound	käse|geschmacks	0.09090909090909091	0.18181818181818182	0.2727272727272727	kezəɡəʃmaks	kɛzegɛʃmaks	0.09090909090909091	0.2727272727272727
Käseladen	kɛːzəlaːdn	kezəladn	kɛzəlɑdən	kɛzeladən	compound	käse|laden	0.125	0.2222222222222222	0.2222222222222222	kezəladn̩	kɛzelɑdən	0.2222222222222222	0.3333333333333333
Käseladens	kɛːzəlaːdns	kezəladns	kɛzəlɑdəns	kɛzeladɛns	compound	käse|ladens	0.1111111111111111	0.2	0.2	kezəladn̩s	kɛzelɑdɛns	0.2	0.3
Käselädchen	kɛːzəlɛːtcən	kezəlɛtcən	kɛzəlɛdcən	kɛzelɛdcən	compound	käse|lädchen	0.1	0.1	0.2	kezəlɛdçən	kɛzelɛdçən	0.3	0.3
Käsemacher	keːzəmaχɐ	kezəmaxɐ	kɛzemaxɜ	kɛzemaxɐ	compound	käse|macher	0.125	0.5	0.375	kezəmaxɐ	kɛzemaxɐ̯	0.125	0.4444444444444444
Käsemacherin	keːzəmaχəʁɪn	kezəmaxəʁɪn	kɛzemaxərɪn	kɛzemaxɐɪn	compound	käse|macherin	0.09090909090909091	0.36363636363636365	0.5	kezəmaxəʁɪn	kɛzemaxɐ̯ɪn	0.09090909090909091	0.45454545454545453
Käsemesser	keːzəmɛsɐ	kezəmɛsɐ	kɛzemɛsɜ	kɛzemɛszɐ	compound	käse|messer	0.0	0.375	0.3333333333333333	kezəmɛsɐ	kɛzemɛszɐ̯	0.0	0.4
Köm	køːm	køm	køm	kœm	compound	kö|m	0.0	0.0	0.3333333333333333	køm	køm	0.0	0.0
Königinwitwe	køːnɪɡɪnvɪtvə	kønɪɡɪnvɪtvə	kønɪɡɪnvɪtvə	kønigɪnvɪtvə	compound	königin|witwe	0.0	0.0	0.16666666666666666	kønɪɡɪnvɪtvə	kønigɪnvɪtvə	0.0	0.16666666666666666
Königinwitwen	køːnɪɡɪnvɪtvən	kønɪɡɪnvɪtvn	kønɪɡɪnvɪtvən	kønigɪnvɪtvən	compound	königin|witwen	0.08333333333333333	0.0	0.15384615384615385	kønɪɡɪnvɪtvn̩	kønigɪnvɪtvən	0.15384615384615385	0.15384615384615385
Königsgeier	køːnɪcsɡaɪɐ	kønɪksɡaɪɐ	kønɪcsɡaɪɜ	kønɪksgəiɐ	compound	königs|geier	0.1	0.1	0.4	kønɪçsɡaɪ̯ɐ	kønɪksgəiɐ̯	0.18181818181818182	0.45454545454545453
Königsschlösschen	køːnɪcsʃlœscən	kønɪksʃlœscən	kønɪcsclœscən	kønɪksstslœsʃən	compound	königs|schlösschen	0.07692307692307693	0.07692307692307693	0.3333333333333333	kønɪçsʃlœsçən	kønɪksstslœsʃən	0.15384615384615385	0.3333333333333333
Königswappen	køːnɪcsvapən	kønɪksvapən	kønɪcsvapən	kønɪgsvappən	compound	königs|wappen	0.09090909090909091	0.0	0.16666666666666666	kønɪçsvapn̩	kønɪksvappən	0.2727272727272727	0.16666666666666666
Königswinter	køːnɪcsvɪntɐ	kønɪksvɪntɐ	kønɪcsvɪntɜ	kønɪksvɪntɐ	compound	königs|winter	0.09090909090909091	0.09090909090909091	0.09090909090909091	kønɪçsvɪntɐ	kønɪksvɪntɐ̯	0.09090909090909091	0.16666666666666666
Königthum	køːnɪctuːm	kønɪktum	kønɪctʊm	kønɪktum	compound	könig|thum	0.125	0.125	0.125	kønɪktum	kønɪktum	0.125	0.125
Körperbauer	kœɐpɐbaʊɐ	kœʁpɐbaʊeɐ	kœɾpɜbaʊɜ	kœʁpɛʁbaoɐ	compound	körperbau|er	0.2	0.3333333333333333	0.4	kœʁpɐbaʊ̯ɐ	kœɾpɛɾbaoɐ̯	0.2	0.45454545454545453
Körperübung	kœʁpɐyːbʊŋ	kœʁpɐybʊŋ	kœɾperybʊŋ	kœʁpeʁybʊŋ	compound	körper|übung	0.0	0.3	0.2	kœʁpɐybʊŋ	kœɾpeɾybʊŋ	0.0	0.3
Küchenlöffel	kʏcnlœfl	kʏcnlœfl	kycənlœfəl	kʏcɛnlœffel	compound	küchen|löffel	0.0	0.3	0.2727272727272727	kʏçn̩lœfl̩	kʏçɛnlœffel	0.3	0.36363636363636365
Küchensiebe	kʏcnziːbə	kʏcnzibə	kycɛnzibə	kʏcɛnzibə	compound	küchen|siebe	0.0	0.2222222222222222	0.1111111111111111	kʏçn̩zibə	kʏçɛnzibə	0.2222222222222222	0.2222222222222222
Küchensiebes	kʏcnziːbəs	kʏcnzibəs	kycɛnzibəs	kʏcɛnzibəs	compound	küchen|siebes	0.0	0.2	0.1	kʏçn̩zibəs	kʏçɛnzibəs	0.2	0.2
Küchensiebs	kʏcnziːps	kʏcnzips	kycɛnzips	kʏcɛnzips	compound	küchen|siebs	0.0	0.2222222222222222	0.1111111111111111	kʏçn̩zips	kʏçɛnzips	0.2222222222222222	0.2222222222222222
Küglein	kyːklaɪn	kyɡlaɪn	kyɡlaɪn	kʏglaen	compound	k|ü|g|lein	0.14285714285714285	0.14285714285714285	0.42857142857142855	kyɡlaɪ̯n	kʏgləɪn	0.25	0.42857142857142855
Künstlichkeit	khʏnstlɪckhaɪth	kʏnstlɪckaɪt	kynstlɪckaɪt	kʏnstlɪckəit	compound	künstlich|keit	0.25	0.3333333333333333	0.4166666666666667	kʏnstlɪçkaɪ̯t	kʏnstlɪçkəit	0.38461538461538464	0.5
Küstennebel	kʏstnneːbl	kʏstnnebl	kystənebəl	kʏstɛnnebəl	compound	küsten|nebel	0.0	0.3	0.18181818181818182	kʏstn̩nebl̩	kʏstɛnnebel	0.18181818181818182	0.18181818181818182
Laborinstrumente	laboːɐʔɪnstʁumɛntə	laboɐɪnstʁumɛntə	lɑborɪnstɾumɛntə	laboʁɪnstʁumɛntə	compound	labor|instrumente	0.0	0.1875	0.0625	laboɐ̯ɪnstʁumɛntə	lɑboɾɪnstɾumɛntə	0.058823529411764705	0.1875
Laborinstrumentes	laboːɐʔɪnstʁumɛntəs	laboɐɪnstʁumɛntəs	lɑborɪnstɾumɛntəs	laboʁɪnstʁumɛntəs	compound	labor|instrumentes	0.0	0.17647058823529413	0.058823529411764705	laboɐ̯ɪnstʁumɛntəs	lɑboɾɪnstɾumɛntəs	0.05555555555555555	0.17647058823529413
Laborinstruments	laboːɐʔɪnstʁumɛnts	laboɐɪnstʁumɛnts	lɑborɪnstɾumɛnts	laboʁɪnstʁumɛnts	compound	labor|instruments	0.0	0.1875	0.0625	laboɐ̯ɪnstʁumɛnt͡s	lɑboɾɪnstɾumɛnts	0.1111111111111111	0.1875
Lachflash	laχflɛʃ	laxflɛʃ	laxflaʃ	laxflas	compound	lach|flash	0.14285714285714285	0.2857142857142857	0.42857142857142855	laxflɛʃ	laxflas	0.14285714285714285	0.42857142857142855
Lachstreppe	lakstʁɛpə	lakstʁɛpə	laxstɾɛpə	laxstʁɛppə	compound	lachs|treppe	0.0	0.2222222222222222	0.2	lakstʁɛpə	laxstɾɛppə	0.0	0.3
Ladyschaft	lɛɪdiʃaft	lɛɪdiʃaft	leɪdɪʃaft	ladʏstshaft	compound	lady|schaft	0.0	0.2222222222222222	0.6363636363636364	lɛɪ̯diʃaft	lɑdʏʃaft	0.1	0.375
Lageenergie	laːɡəenɛʁɡiː	laɡəenɛʁɡi	lɑɡenɜɡi	lagəənɛʁgiə	compound	lage|energie	0.0	0.5	0.36363636363636365	laɡəenɛʁɡi	lɑgeenɛɾgijə	0.0	0.5833333333333334
Lagergefäß	laːɡɐɡəfɛːs	laɡɐɡəfɛs	lɑɡɜɡefɛs	lagɛʁgefɛss	compound	lager|gefäß	0.0	0.3333333333333333	0.5454545454545454	laɡɐɡəfɛs	lɑgɛɾgefɛs	0.0	0.6
Lagerhalde	laːɡɐhaldə	laɡɐhaldə	lɑɡɜhaldə	lagɛʁaldə	compound	lager|halde	0.0	0.2222222222222222	0.3333333333333333	laɡɐhaldə	lɑgɛɾaldə	0.0	0.4444444444444444
Lagermöglichkeit	laːɡɐmøːklɪckaɪt	laɡɐmøklɪckaɪt	lɑɡɜmøklɪckaɪt	lagɛʁmœglɪckəit	compound	lager|möglichkeit	0.0	0.14285714285714285	0.4666666666666667	laɡɐmøklɪçkaɪ̯t	lɑgɛɾmœglɪçkəit	0.13333333333333333	0.6
Laiendarsteller	laɪəndaːɐʃtɛlɐ	laɪəndaɐʃtɛlɐ	laɪəndaɾʃtɛlɜ	laindaʁstɛllɐ	compound	laien|darsteller	0.0	0.15384615384615385	0.38461538461538464	laɪ̯əndaɐ̯ʃtɛlɐ	lɑindaɾstɛllɐ̯	0.13333333333333333	0.5
Laienschauspieler	laɪənʃaʊʃpiːlɐ	laɪənʃaʊʃpilɐ	laɪənʃaʊʃpilɜ	lainʃaospilɐ	compound	laien|schauspieler	0.0	0.07692307692307693	0.3333333333333333	laɪ̯ənʃaʊ̯ʃpilɐ	laenʃaospilɐ̯	0.13333333333333333	0.38461538461538464
Laminatfußbodens	laminaːtfuːsboːdəns	laminatfusbodns	lɑminatfʊsbodəns	laminatfʊssbodɛns	compound	laminat|fußbodens	0.06666666666666667	0.125	0.17647058823529413	laminatfusbodn̩s	lɑminatfupodɛns	0.125	0.26666666666666666
Laminatfußböden	laminaːtfuːsbøːdən	laminatfusbødn	lɑminatfʊsbødən	laminatfʊszbødən	compound	laminat|fußböden	0.07142857142857142	0.13333333333333333	0.125	laminatfusbødn̩	lɑminatfupødən	0.13333333333333333	0.21428571428571427
Lammfellhandschuh	lamfɛlhantʃuː	lamfɛlhantʃu	lamfəlhantʃu	lammfɛllantʃu	compound	lammfell|handschuh	0.0	0.08333333333333333	0.15384615384615385	lamfɛlhantʃu	lammfɛllantʃu	0.0	0.15384615384615385
Lammfilet	lamfileː	lamfile	lamfilət	lammfilət	compound	lamm|filet	0.0	0.25	0.3333333333333333	lamfile	lammfilət	0.0	0.3333333333333333
Landesflagge	landəsflaɡə	landəsflaɡə	landəsflaɡə	landɛsflagə	compound	landes|flagge	0.0	0.0	0.18181818181818182	landəsflaɡə	landɛsflagə	0.0	0.18181818181818182
Landesliste	landəslɪstə	landəslɪstə	landəslɪstə	landɛslɪstə	compound	landes|liste	0.0	0.0	0.09090909090909091	landəslɪstə	landɛslɪstə	0.0	0.09090909090909091
Landungsfahrzeuge	landʊŋsfaːɐtsɔɪɡə	landʊŋsfaɐtsɔɪɡə	landʊŋsfɑɾtsɔøɡə	landʊŋsfaʁtsɔɔʏgə	compound	landung|s|fahrzeuge	0.0	0.1875	0.23529411764705882	landʊŋsfaɐ̯t͡sɔɪ̯ɡə	landʊŋsfɑɾtsɔøgə	0.15789473684210525	0.25
Landungsfahrzeuges	landʊŋsfaːɐtsɔɪɡəs	landʊŋsfaɐtsɔɪɡəs	landʊŋsfɑɾtsɔøɡəs	landʊŋsfaʁtsɔɔʏgəs	compound	landung|s|fahrzeuges	0.0	0.17647058823529413	0.2222222222222222	landʊŋsfaɐ̯t͡sɔɪ̯ɡəs	landʊŋsfɑɾtsɔøgəs	0.15	0.23529411764705882
Landungsfahrzeugs	landʊŋsfaːɐtsɔɪks	landʊŋsfaɐtsɔɪks	landʊŋsfɑɾtsɔøks	landʊŋsfaʁtsɔɔʏks	compound	landung|s|fahrzeugs	0.0	0.1875	0.17647058823529413	landʊŋsfaɐ̯t͡sɔɪ̯ks	landʊŋsfɑɾtsɔøks	0.15789473684210525	0.1875
Langatmigkeit	laŋaːtmɪckaɪt	laŋatmɪkaɪt	laŋatmɪckaɪt	laŋatmɪkkəit	compound	langatmig|keit	0.09090909090909091	0.0	0.25	laŋatmɪkkaɪ̯t	laŋatmɪkkəit	0.15384615384615385	0.25
Langenbergs	laŋənbɛʁks	laŋənbɛʁks	laŋənbɛɾks	laŋɛnbɛʁks	compound	langen|bergs	0.0	0.1	0.1	laŋənbɛʁks	laŋɛnbɛɾks	0.0	0.2
Langlieger	laŋliːɡɐ	laŋliɡəʁ	laŋliɡɜ	laŋligɐ	compound	lang|liege|r	0.25	0.14285714285714285	0.14285714285714285	laŋliɡɐ	laŋligɐ̯	0.0	0.25
Langzeitarbeitslosigkeit	laŋtsaɪtaʁbaɪtsloːzɪckaɪt	laŋtsaɪtaʁbaɪtslozɪkaɪt	laŋtsaɪtaɾbaɪtslozɪckaɪt	laŋtsaetaʁbaetslozɪkkəit	compound	langzeit|arbeitslosigkeit	0.043478260869565216	0.041666666666666664	0.20833333333333334	laŋt͡saɪ̯taʁbaɪ̯t͡slozɪkkaɪ̯t	laŋtsaetaɾbaetslozɪkkəit	0.20689655172413793	0.25
Lanke	laŋkə	laŋkə	laŋkə	laŋkə	compound	l|anke	0.0	0.0	0.0	laŋkə	laŋkə	0.0	0.0
Laserschwert	lɛɪzɐʃveːɐt	lɛɪzɐʃveɐt	lɑzɜʃveɾt	lazɛʁstsvɛʁt	compound	laser|schwert	0.0	0.4444444444444444	0.6666666666666666	lɛɪ̯zɐʃveɐ̯t	lɑzɛɾstsvɛɾt	0.16666666666666666	0.6666666666666666
Latwerg	latvɛʁk	latvɛʁk	latvɛɾk	latvɛʁk	compound	la|t|werg	0.0	0.14285714285714285	0.0	latvɛʁk	latvɛɾk	0.0	0.14285714285714285
Laubblättchen	laʊpblɛtcən	laʊpblɛtcən	laʊblɛtcən	laoblɛtʃcən	compound	laub|blättchen	0.0	0.1	0.2727272727272727	laʊ̯pblɛtçən	laoblɛtçən	0.16666666666666666	0.3
Laubgehölz	laʊpɡəhœlts	laʊpɡəhœlts	laʊbɡeœlts	laopgəhœlts	compound	laub|gehölz	0.0	0.3	0.18181818181818182	laʊ̯pɡəhœlt͡s	laopgeœlts	0.15384615384615385	0.4
Laubheuschrecke	laʊphɔɪʃʁɛkə	laʊphɔɪʃʁɛkə	laʊphɔøʃrɛkə	laobɔɔʏʃʁɛkə	compound	laub|heuschrecke	0.0	0.16666666666666666	0.3333333333333333	laʊ̯phɔɪ̯ʃʁɛkə	laopɔøʃɾɛkə	0.14285714285714285	0.36363636363636365
Laubsturm	laʊpʃtʊʁm	laʊpstʊʁm	laʊpst??m	laopʃtʊʁm	compound	laubs|turm	0.1111111111111111	0.3333333333333333	0.1111111111111111	laʊ̯pʃtʊʁm	laobstʊɾm	0.1	0.4444444444444444
Lauchmotte	laʊxmɔtə	laʊxmɔtə	laʊxmɔtə	laoxmɔtə	compound	lauch|motte	0.0	0.0	0.125	laʊ̯xmɔtə	laoxmɔtə	0.1111111111111111	0.125
Lauenburg	laʊənbʊʁk	laʊənbʊʁk	laʊənb??k	laʊɛnbʊʁk	compound	lauen|burg	0.0	0.2222222222222222	0.1111111111111111	laʊ̯ənbʊʁk	laoɛnbʊɾk	0.1	0.3333333333333333
Laufer	laʊfɐ	laʊfəʁ	laʊfɜ	laofɐ	compound	laufe|r	0.3333333333333333	0.2	0.2	laʊ̯fəʁ	laofɐ̯	0.42857142857142855	0.3333333333333333
Laufuhr	laʊfʔuːɐ	laʊfuɐ	laʊfuɾ	laofuʁ	compound	lauf|uhr	0.0	0.16666666666666666	0.3333333333333333	laʊ̯fuɐ̯	laofuɾ	0.25	0.3333333333333333
Laurentiustränen	laʊʁɛntsiʊstʁɛːnən	laʊʁɛntsiʊstʁɛnən	laʊrəntiʊstɾɛnən	laoʁɛntɪʊstʁɛnən	compound	laurentius|tränen	0.0	0.25	0.1875	laʊ̯ʁəntiʊstʁɛnən	laoɾɛntsĭʊstɾɛnən	0.17647058823529413	0.23529411764705882
Lausbub	laʊsbuːp	laʊsbup	laʊsbup	laosbup	compound	laus|bub	0.0	0.0	0.14285714285714285	laʊ̯sbup	laosbup	0.125	0.14285714285714285
Lautlehre	laʊtleːʁə	laʊtleʁə	laʊtlerə	laotleʁə	compound	laut|lehre	0.0	0.125	0.125	laʊ̯tleʁə	laotleɾə	0.1111111111111111	0.25
Lautstand	laʊtʃtant	laʊtstant	laʊtstant	laotʃtant	compound	lauts|tand	0.1111111111111111	0.1111111111111111	0.1111111111111111	laʊ̯tʃtant	laotstant	0.1	0.2222222222222222
Lautstärkeanzeige	laʊtʃtɛʁkəantsaɪɡə	laʊtʃtɛʁkəantsaɪɡə	laʊtʃtɛɾkeantsaɪɡə	laotstɛʁkəantsəɪgə	compound	lautstärke|anzeige	0.0	0.1111111111111111	0.2222222222222222	laʊ̯tʃtɛʁkəant͡saɪ̯ɡə	laotstɛɾkəantsəɪgə	0.14285714285714285	0.2777777777777778
Lawra	laːvʁa	lavʁa	lavrɑ	lavʁa	compound	la|w|ra	0.0	0.4	0.0	lavʁa	lavɾɑ	0.0	0.4
Lebenskunst	leːbnskʊnst	lebnskʊnst	lebənskʊnst	lebɛnskʊnst	compound	lebens|kunst	0.0	0.09090909090909091	0.09090909090909091	lebn̩skʊnst	lebɛnskʊnst	0.09090909090909091	0.09090909090909091
Lebensmensch	leːbnsmɛnʃ	lebnsmɛnʃ	lebənsmɛnʃ	lebɛnsmɛnʃ	compound	lebens|mensch	0.0	0.1	0.1	lebn̩smɛnʃ	lebɛnsmɛnʃ	0.1	0.1
Lederschlaufe	leːdɐʃlaʊfə	ledɐʃlaʊfə	ledɜʃlaʊfə	ledɛʁstslaofə	compound	leder|schlaufe	0.0	0.1	0.46153846153846156	ledɐʃlaʊ̯fə	ledɛɾstslaofə	0.09090909090909091	0.46153846153846156
Leerraum	leːɐʁaʊm	leɐʁaʊm	leraʊm	ləɛɐʁaom	compound	leer|raum	0.0	0.3333333333333333	0.375	leɐ̯ʁaʊ̯m	leɾɾaom	0.2222222222222222	0.42857142857142855
Leerraumes	leːɐʁaʊməs	leɐʁaʊməs	leraʊməs	ləɛɐʁaoməs	compound	leer|raumes	0.0	0.25	0.3	leɐ̯ʁaʊ̯məs	leɾɾaoməs	0.18181818181818182	0.3333333333333333
Leerraums	leːɐʁaʊms	leɐʁaʊms	leraʊms	ləɛɐʁaoms	compound	leer|raums	0.0	0.2857142857142857	0.3333333333333333	leɐ̯ʁaʊ̯ms	leɾɾaoms	0.2	0.375
Leibhaftigkeit	laɪphaftɪckaɪt	laɪphaftɪkaɪt	laɪphaftɪckaɪt	laephaftɪkkəit	compound	leibhaftig|keit	0.07692307692307693	0.0	0.2857142857142857	laɪ̯phaftɪkkaɪ̯t	laepaftɪkkəit	0.1875	0.38461538461538464
Leichenbeschau	laɪcnbəʃaʊ	laɪcnbəʃaʊ	laɪcənbəʃaʊ	laecɛnbəʃao	compound	leichen|beschau	0.0	0.09090909090909091	0.2727272727272727	laɪ̯çn̩bəʃaʊ̯	laeçɛnbɛʃao	0.3076923076923077	0.45454545454545453
Leichenhaus	laɪcnhaʊs	laɪcnhaʊs	laɪcənhaʊs	laecɛnaos	compound	leichen|haus	0.0	0.1	0.4444444444444444	laɪ̯çn̩haʊ̯s	laeçɛnaos	0.3333333333333333	0.5555555555555556
Leichenöffnung	laɪcənœfnʊŋ	laɪcnœfnʊŋ	laɪcənœfnʊŋ	laecənœffnʊŋ	compound	leichen|öffnung	0.1	0.0	0.16666666666666666	laɪ̯çn̩œfnʊŋ	laeçenœffnʊŋ	0.25	0.3333333333333333
Leimzeichen	laɪmtsaɪcən	laɪmtsaɪcn	laɪmtsaɪcən	laemtsaecən	compound	leim|zeichen	0.1	0.0	0.18181818181818182	laɪ̯mt͡saɪ̯çn̩	laemtsaeçən	0.35714285714285715	0.2727272727272727
Leinenhemd	laɪnənhɛmt	laɪnənhɛmt	laɪnənhɛmt	laenɛnɛmt	compound	leinen|hemd	0.0	0.0	0.3333333333333333	laɪ̯nənhɛmt	laenɛnɛmt	0.09090909090909091	0.3333333333333333
Leistungsschutzrecht	laɪstʊŋɡsʃʊtsʁɛct	laɪstʊŋsʃʊtsrɛct	laɪstʊŋscʊtsrɛct	laestʊŋsʃʊtsʁɛct	compound	leistung|s|schutzrecht	0.125	0.1875	0.125	laɪ̯stʊŋsʃʊt͡sʁɛçt	laestʊŋsʃʊtsɾɛçt	0.2222222222222222	0.25
Leitpfosten	laɪtpfɔstən	laɪtpfɔstn	laɪtpfɔstən	laetpfɔstən	compound	leit|pfosten	0.1	0.0	0.09090909090909091	laɪ̯tp͡fɔstn̩	laetpfɔstən	0.3076923076923077	0.09090909090909091
Lektin	lɛktiːn	lɛktɪn	lɛktɪn	lɛktɪn	compound	lekt|in	0.16666666666666666	0.16666666666666666	0.16666666666666666	lɛktɪn	lɛktɪn	0.16666666666666666	0.16666666666666666
Lemmagruppe	lɛmaɡʁupə	lɛmaɡʁʊpə	lɛmaɡɾʊpə	lɛmmagʁʊppə	compound	lemma|gruppe	0.1111111111111111	0.2222222222222222	0.36363636363636365	lɛmaɡʁʊpə	lɛmmagɾʊppə	0.1111111111111111	0.45454545454545453
Lemmaliste	lɛmalɪstə	lɛmalɪstə	lɛmalɪstə	lɛmmalɪstə	compound	lemma|liste	0.0	0.0	0.1	lɛmalɪstə	lɛmmalɪstə	0.0	0.1
Lenkwaffe	lɛŋkvafə	lɛŋkvafə	lɛŋkvafə	lɛŋkvaffə	compound	lenk|waffe	0.0	0.0	0.1111111111111111	lɛŋkvafə	lɛŋkvaffə	0.0	0.1111111111111111
Lenkwaffenzerstörern	lɛŋkvafntsɛɐʃtøːʁɐn	lɛŋkvafəntsɛɐʃtøʁɐn	lɛŋkvafɛntsɜʃtørɜn	lɛŋkvaffɛntsɛʁstøʁɛʁn	compound	lenkwaffen|zerstörern	0.05263157894736842	0.2777777777777778	0.2857142857142857	lɛŋkvafn̩t͡sɛɐ̯ʃtøʁɐn	lɛŋkvaffɛntsɛɾstøɾɛɾn	0.14285714285714285	0.3333333333333333
Leprakolonie	leːpʁakoloniː	lepʁakoloni	lɛpɾakoloni	lɛpʁakolonijə	compound	lepra|kolonie	0.0	0.18181818181818182	0.23076923076923078	lepʁakoloni̯ə	lɛpɾɑkolonijə	0.15384615384615385	0.38461538461538464
Lernkarte	lɛrnkartə	lɛʁnkaʁtə	lɛɾnkaɾtə	lɛʁŋkaʁtə	compound	lern|karte	0.2222222222222222	0.2222222222222222	0.3333333333333333	lɛʁnkaʁtə	lɛɾŋkaɾtə	0.2222222222222222	0.3333333333333333
Lernkartei	lɛrnkartaɪ	lɛʁnkaʁtaɪ	lɛɾnkaɾtaɪ	lɛʁŋkaʁtae	compound	lern|kartei	0.2	0.2	0.4	lɛʁnkaʁtaɪ̯	lɛɾŋkaɾtae	0.2727272727272727	0.4
Lessenich	lɛsənɪc	lɛsɛnɪc	lɛsenɪc	lɛszenɪc	compound	less|en|ich	0.14285714285714285	0.14285714285714285	0.25	lɛsn̩ɪç	lɛszenɪç	0.42857142857142855	0.375
Leuchtturmwärter	lɔʏcttʊʁmvɛʁtɐ	lɔɪcttʊʁmvɛʁtɐ	lɔøct??mvɛɾtɜ	lɔɔʏctʊʁmvɛʁtɐ	compound	leuchtturm|wärter	0.07142857142857142	0.46153846153846156	0.14285714285714285	lɔɪ̯çttʊʁmvɛʁtɐ	lɔøçtʊɾmvɛɾtɐ̯	0.2	0.42857142857142855
Leuchtturmwärtern	lɔɪcttʊʁmvɛʁtɐn	lɔɪcttʊʁmvɛʁtɐn	lɔøct??mvɛɾtɜn	lɔɔʏctʊʁmvɛʁtɛʁn	compound	leuchtturm|wärtern	0.0	0.42857142857142855	0.3125	lɔɪ̯çttʊʁmvɛʁtɐn	lɔøçtʊɾmvɛɾtɛɾn	0.125	0.4666666666666667
Leuchtturmwärters	lɔʏcttʊʁmvɛʁtɐs	lɔɪcttʊʁmvɛʁtɐs	lɔøct??mvɛɾtɜs	lɔɔʏctʊʁmvɛʁtɛʁs	compound	leuchtturm|wärters	0.06666666666666667	0.42857142857142855	0.25	lɔɪ̯çttʊʁmvɛʁtɐs	lɔøçtʊɾmvɛɾtɛɾs	0.1875	0.4666666666666667
Libellenflügeln	libɛlənflyːɡln	libɛlənflyɡln	libəlɛnflyɡəln	libɛllɛnflygɛln	compound	libellen|flügeln	0.0	0.21428571428571427	0.26666666666666666	libɛlənflyɡl̩n	libɛllɛnflygɛln	0.07142857142857142	0.26666666666666666
Libellenflügels	libɛlənflyːɡls	libɛlənflyɡls	libəlɛnflyɡəls	libɛllɛnflygɛls	compound	libellen|flügels	0.0	0.21428571428571427	0.26666666666666666	libɛlənflyɡl̩s	libɛllɛnflygɛls	0.07142857142857142	0.26666666666666666
Lichtelb	lɪctɛlp	lɪctɛlp	lɪctɛlp	lɪctɛlp	compound	licht|elb	0.0	0.0	0.0	lɪçtl̩p	lɪçtɛlp	0.42857142857142855	0.14285714285714285
Lichtelben	lɪctɛlbən	lɪctɛlbən	lɪctɛlbən	lɪctɛlbən	compound	licht|elben	0.0	0.0	0.0	lɪçtl̩bn̩	lɪçtɛlbən	0.5555555555555556	0.1111111111111111
Lichtfarbe	lɪctfaːbə	lɪctfaɐbə	lɪctfaɾbə	lɪctfaʁbə	compound	licht|farbe	0.1111111111111111	0.1111111111111111	0.1111111111111111	lɪçtfaʁbə	lɪçtfaɾbə	0.2222222222222222	0.2222222222222222
Lichtschwert	lɪctʃveːʁt	lɪctʃveɐt	lɪctʃveɾt	lɪctʃvɛʁt	compound	licht|schwert	0.1111111111111111	0.1111111111111111	0.1111111111111111	lɪçtʃveɐ̯t	lɪçʧvɛɾt	0.3	0.625
Lichtspektra	lɪctspɛktʁa	lɪctspɛktʁa	lɪctspɛktɾɑ	lɪctspɛktʁa	compound	licht|spektra	0.0	0.18181818181818182	0.0	lɪçtʃpɛktʁa	lɪçtspɛktɾɑ	0.18181818181818182	0.2727272727272727
Lichtspektren	lɪctspɛktʁən	lɪctspɛktʁən	lɪctspɛktɾən	lɪctspɛktʁən	compound	licht|spektren	0.0	0.08333333333333333	0.0	lɪçtʃpɛktʁən	lɪçtspɛktɾən	0.16666666666666666	0.16666666666666666
Lichtspektrum	lɪctʃpɛktʁʊm	lɪctʃpɛktʁʊm	lɪctspɛktɾʊm	lɪctspɛktʁum	compound	licht|spektrum	0.0	0.16666666666666666	0.16666666666666666	lɪçtʃpɛktʁʊm	lɪçtspɛktɾum	0.08333333333333333	0.3333333333333333
Lichtspektrums	lɪctʃpɛktʁʊms	lɪctʃpɛktʁʊms	lɪctspɛktɾʊms	lɪctspɛktʁʊms	compound	licht|spektrums	0.0	0.15384615384615385	0.07692307692307693	lɪçtʃpɛktʁʊms	lɪçtspɛktɾʊms	0.07692307692307693	0.23076923076923078
Lichtstabilität	lɪctʃtabilitɛːt	lɪctʃtabilitɛt	lɪctstabilitɛt	lɪctstabilitɛt	compound	licht|stabilität	0.0	0.07142857142857142	0.07142857142857142	lɪçtʃtabilitɛt	lɪçtstɑbilitɛt	0.07142857142857142	0.21428571428571427
Liebesromanes	liːbəsʁomaːnɛs	libəsʁomanəs	libɛsromɑnəs	libəsʁomanəs	compound	liebesromane|s	0.08333333333333333	0.3333333333333333	0.08333333333333333	libəsʁomanəs	libɛsɾomanəs	0.08333333333333333	0.25
Liebeswerber	liːbəsvɛʁbɐ	libəsvɛʁbɐ	libɛsvɜbɜ	libəsvɛʁbɐ	compound	liebes|werber	0.0	0.4444444444444444	0.0	libəsvɛʁbɐ	libɛsvɛɾbɐ̯	0.0	0.2727272727272727
Lieblingsschriftstellern	liːplɪŋsʃʁɪftʃtɛlɐn	liplɪŋsʃʁɪftʃtɛlɐn	liblɪŋscrɪftʃtɛlɜn	liblɪŋsstsʁɪftstɛllɛʁn	compound	lieblings|schriftstellern	0.0	0.2222222222222222	0.36363636363636365	liplɪŋsʃʁɪftʃtɛlɐn	liblɪŋsstsɾɪftstɛllɛɾn	0.0	0.4090909090909091
Liegebescheinigung	liːɡəbəʃaɪnɪɡʊŋ	liɡəbəʃaɪnɪɡʊŋ	liɡebɛʃaɪnɪɡʊŋ	ligebəʃaenɪgʊŋ	compound	liege|bescheinigung	0.0	0.14285714285714285	0.2857142857142857	liɡəbəʃaɪ̯nɪɡʊŋ	ligebɛʃəɪnɪgʊŋ	0.06666666666666667	0.35714285714285715
Liegebescheinigungen	liːɡəbəʃaɪnɪɡʊŋən	liɡəbəʃaɪnɪɡʊŋən	liɡebɛʃaɪnɪɡʊŋən	ligebəʃaenɪgʊŋən	compound	liege|bescheinigungen	0.0	0.125	0.25	liɡəbəʃaɪ̯nɪɡʊŋən	ligebɛʃəɪnɪgʊŋən	0.058823529411764705	0.3125
Liegekur	liːɡəkuːɐ	liɡəkuɐ	liɡekuɾ	ligekuɐ	compound	liege|kur	0.0	0.2857142857142857	0.2857142857142857	liɡəkuɐ̯	ligekuɐ	0.125	0.2857142857142857
Lieschen	liːscən	liscən	liscən	liʃən	compound	lies|chen	0.0	0.0	0.4	lisçən	liʃən	0.16666666666666666	0.4
Lippenlesen	lɪpnleːzn	lɪpmlezn	lɪpənlezən	lɪppɛnləsən	compound	lippen|lesen	0.125	0.2	0.45454545454545453	lɪpm̩lezn̩	lɪppɛnləsən	0.3	0.45454545454545453
Lis	liːs	lis	lis	lɪs	compound	li|s	0.0	0.0	0.3333333333333333	lis	lis	0.0	0.0
Lockwort	lɔkvɔrt	lɔkvɔʁt	lɔkvɔɾt	lɔkvɔʁt	compound	lock|wort	0.14285714285714285	0.14285714285714285	0.14285714285714285	lɔkvɔʁt	lɔkvɔɾt	0.14285714285714285	0.14285714285714285
Lokalteil	lokaːltaɪl	lokaltaɪl	lokaltaɪl	lokaltəil	compound	lokal|teil	0.0	0.0	0.2222222222222222	lokaltaɪ̯l	lokaltəil	0.1	0.2222222222222222
Luftaufklärung	lʊftʔaʊfklɛːʁʊŋ	lʊftaʊfklɛʁʊŋ	lʊftaʊfklɛrʊŋ	lʊftaofklɛʁʊŋ	compound	luft|aufklärung	0.0	0.07692307692307693	0.07692307692307693	lʊftaʊ̯fklɛʁʊŋ	lʊftaofklɛɾʊŋ	0.07142857142857142	0.15384615384615385
Luftbläschen	lʊftblɛːscən	lʊftblɛscən	lʊftblɛscən	lʊftblɛʃən	compound	luft|bläschen	0.0	0.0	0.2	lʊftblɛsçən	lʊftblɛʃən	0.09090909090909091	0.2
Luftgüte	lʊftɡyːtə	lʊftɡytə	lʊftɡytə	lʊftgytə	compound	luft|güte	0.0	0.0	0.125	lʊftɡytə	lʊftgytə	0.0	0.125
Luftwaffenangehörige	lʊftvafənanɡəhøːʁɪɡə	lʊftvafnanɡəhøʁɪɡə	lʊftvafənaŋeørɪɡə	lʊftvaffənaŋeɔʏʁɪgə	compound	luftwaffen|angehörige	0.05555555555555555	0.29411764705882354	0.3684210526315789	lʊftvafn̩anɡəhøʁɪɡə	lʊftvaffenaŋeøɾɪgə	0.10526315789473684	0.4444444444444444
Luftwaffenangehörigen	lʊftvafənanɡəhøːʁɪɡən	lʊftvafnanɡəhøʁɪɡn	lʊftvafənaŋeørɪɡən	lʊftvaffənaŋeɔʏʁɪgən	compound	luftwaffen|angehörigen	0.1111111111111111	0.2777777777777778	0.35	lʊftvafn̩anɡəhøʁɪɡn̩	lʊftvaffenaŋeøɾɪgən	0.2	0.42105263157894735
Luftwaffenangehöriger	lʊftvafənanɡəhøːʁɪɡɐ	lʊftvafnanɡəhøʁɪɡɐ	lʊftvafənaŋeørɪɡɜ	lʊftvaffənaŋeɔʏʁɪgɐ	compound	luftwaffen|angehöriger	0.05555555555555555	0.35294117647058826	0.3684210526315789	lʊftvafn̩anɡəhøʁɪɡɐ	lʊftvaffenaŋeøɾɪgɐ̯	0.10526315789473684	0.47368421052631576
Lukan	lukaːn	lukan	lukɑn	lukan	compound	luk|an	0.0	0.2	0.0	lukan	lukan	0.0	0.0
Lummel	lʊməl	lʊməl	lʊməl	lʊmməl	compound	lumme|l	0.0	0.0	0.16666666666666666	lʊml̩	lʊmmel	0.4	0.3333333333333333
Lungenaufblähung	lʊŋənaʊfblɛːʊŋ	lʊŋənaʊfblɛʊŋ	lʊŋənaʊfblɛʊŋ	lʊŋənaofblɛʊŋ	compound	lungen|auf|blähung	0.0	0.0	0.07692307692307693	lʊŋənaʊ̯fblɛʊŋ	lʊŋenaofblɛʊŋ	0.07142857142857142	0.15384615384615385
Lungenblähung	lʊŋənblɛːʊŋ	lʊŋənblɛʊŋ	lʊŋənblɛʊŋ	lʊŋɛnblɛʊŋ	compound	lungen|blähung	0.0	0.0	0.1	lʊŋənblɛʊŋ	lʊŋɛnblɛʊŋ	0.0	0.1
Lustschlösschen	lʊstʃlœscən	lʊstʃlœscən	lʊstʃlœscən	lʊstʃlœsʃən	compound	lust|schlösschen	0.0	0.0	0.09090909090909091	lʊstʃlœsçən	lʊstʃlœsʃən	0.09090909090909091	0.09090909090909091
Luthertum	lʊtɐtuːm	lʊtɐtum	lʊtɜtum	lʊtɛʁtum	compound	luther|tu|m	0.0	0.14285714285714285	0.25	lʊtɐtum	lʊtɐ̯tum	0.0	0.125
Luxusproblemes	lʊksʊspʁobleːməs	lʊksʊspʁobleməs	lʊksʊʃpɾɔbleməs	luksʊspʁɔbləməs	compound	luxusprobleme|s	0.0	0.2	0.2	lʊksʊspʁobleməs	luksʊspɾɔbləməs	0.0	0.26666666666666666
Luxussteuer	lʊksʊsʃtɔʏɐ	lʊksʊsʃtɔɪɐ	lʊksʊsʃtɔøɜ	luksʊsʃtɔɔʏɐ	compound	luxus|steuer	0.09090909090909091	0.18181818181818182	0.16666666666666666	lʊksʊsʃtɔɪ̯ɐ	luksʊzstɔøɐ̯	0.16666666666666666	0.4166666666666667
Luxuszügen	lʊksʊstsyːɡn	lʊksʊstsyɡn	lʊksʊstsyɡən	luksʊstsygən	compound	luxus|zügen	0.0	0.08333333333333333	0.25	lʊksʊst͡syɡn̩	luksʊstsygən	0.15384615384615385	0.25
Längsreihe	lɛŋsʁaɪə	lɛŋsʁaɪə	lɛŋsraɪə	lɛŋsʁaeə	compound	längs|reihe	0.0	0.125	0.125	lɛŋsʁaɪ̯ə	lɛŋsɾaeə	0.1111111111111111	0.25
Läuseei	lɔʏzəaɪ	lɔɪzəaɪ	lɔøzei	lɔɔʏzae	compound	läuse|ei	0.14285714285714285	0.6666666666666666	0.42857142857142855	lɔɪ̯zəaɪ̯	lɔøzəae	0.3333333333333333	0.2857142857142857
Lösegeldzahlung	løːzəɡɛlttsaːlʊŋ	løzəɡɛlttsalʊŋ	løzeɡɛlttsɑlʊŋ	løzegɛlttsalʊŋ	compound	lösegeld|zahlung	0.0	0.14285714285714285	0.14285714285714285	løzəɡɛltt͡salʊŋ	løzegɛlttsɑlʊŋ	0.06666666666666667	0.21428571428571427
Lösungsentwurf	løːzʊŋsɛntvʊʁf	løzʊŋsɛntvʊʁf	løzʊŋsɛntv??f	lɔʏzʊŋzɛntvʊʁf	compound	lösung|s|entwurf	0.0	0.15384615384615385	0.21428571428571427	løzʊŋsɛntvʊʁf	løzʊŋzɛntvʊɾf	0.0	0.15384615384615385
Lövenich	løːvənɪc	løvɛnɪc	løvenɪc	lɔʏvenɪc	compound	l|ö|v|en|ich	0.14285714285714285	0.14285714285714285	0.375	løvɛnɪç	løvenɪç	0.2857142857142857	0.2857142857142857
Löwchen	løːfcən	løvcən	løvcən	lœvcən	compound	l|ö|w|chen	0.16666666666666666	0.16666666666666666	0.3333333333333333	løvçən	lœvçən	0.3333333333333333	0.5
Machacek	maχatʃɛk	maxakek	maxakek	maxakk	compound	mach|ac|ek	0.5714285714285714	0.5714285714285714	0.6666666666666666	maxakek	maxɑtsek	0.5714285714285714	0.5
Macheloikes	maxəlɔʏkɛs	maxəloikɛs	maxəloɪkəs	maxelɔikəs	compound	mache|lo|i|k|es	0.2	0.3	0.3	maxəlɔɪ̯kəs	maxeloikəs	0.2727272727272727	0.4
Madenwurm	maːdnvʊʁm	madnvʊʁm	mɑdənv??m	madɛnvʊʁm	compound	maden|wurm	0.0	0.4444444444444444	0.1111111111111111	madn̩vʊʁm	mɑdɛnvʊɾm	0.1111111111111111	0.3333333333333333
Magnus	maːknʊs	maknus	maɡnʊs	magnʊs	compound	mag|nus	0.16666666666666666	0.16666666666666666	0.16666666666666666	maknus	magnus	0.16666666666666666	0.3333333333333333
Majdanek	maɪdanɛk	majdanek	majdanek	majdanək	compound	ma|j|dan|ek	0.25	0.25	0.25	majdanek	majdɑnek	0.25	0.375
Malerbetrieb	maːlɐbətʁiːp	malɐbətʁip	mɑlɜbɛtɾip	malɛʁbɛtʁip	compound	maler|betrieb	0.0	0.4	0.2727272727272727	malɐbətʁip	mɑlɛɾbɛtɾip	0.0	0.45454545454545453
Malerfarbe	maːlɐfaʁbə	malɐfaɐbə	mɑlɜfaɾbə	malɛʁfaʁbə	compound	maler|farbe	0.1111111111111111	0.3333333333333333	0.2	malɐfaʁbə	mɑlɛɾfaɾbə	0.0	0.4
Malerkitt	maːlɐkɪt	malɐkɪt	mɑlɜkɪt	malɛʁkɪt	compound	maler|kitt	0.0	0.2857142857142857	0.25	malɐkɪt	mɑlɛɾkɪt	0.0	0.375
Malheurchen	maløːrcən	maløɐcən	malhøɾcən	malɔɔʏʁcən	compound	malheur|chen	0.125	0.2222222222222222	0.4	maløɐ̯çən	malɔøɾçən	0.3333333333333333	0.3333333333333333
Mamba	mamba	mamba	mambɑ	mamba	compound	ma|m|ba	0.0	0.2	0.0	mamba	mambɑ	0.0	0.2
Manati	manatiː	manati	mɑnati	manati	compound	man|at|i	0.0	0.16666666666666666	0.0	manati	mɑnɑti	0.0	0.3333333333333333
Mandelmilch	mandlmɪlc	mandlmɪlc	mandəlmɪlc	mandɛlmɪlc	compound	mandel|milch	0.0	0.1	0.1	mandl̩mɪlç	mandɛlmɪlç	0.2	0.2
Mangaka	maŋɡakaː	maŋɡaka	maŋakɑ	maŋaka	compound	manga|k|a	0.0	0.3333333333333333	0.16666666666666666	maŋɡaka	maŋɑkɑ	0.0	0.5
Manganit	maŋɡaniːt	maŋɡanɪt	maŋanɪt	maŋanit	compound	mangan|it	0.125	0.2857142857142857	0.14285714285714285	maŋɡanit	maŋanit	0.0	0.14285714285714285
Manipulierer	manipuliːʁɐ	manipuliʁəʁ	mɑnipulirɜ	manipuliɐɐ	compound	manipuliere|r	0.18181818181818182	0.3	0.1	manipuliʁɐ	mɑnipuliɐ̯ɐ̯	0.0	0.3333333333333333
Manövrierfähigkeit	manøːvʁiːɐfɛːɪckaɪt	manøvʁiɐfɛɪkaɪt	mɑnœvriɾfɛɪckaɪt	manœfʁiʁfɛɪkkəit	compound	manövrier|fähigkeit	0.06666666666666667	0.25	0.375	manøvʁiɐ̯fɛɪkkaɪ̯t	mɑnœfɾiɾfɛɪkkəit	0.16666666666666666	0.5
Mao	maːo	mao	mɑo	mao	compound	ma|o	0.0	0.3333333333333333	0.0	mao	mao	0.0	0.0
Mareike	maʁaɪkə	maʁaɪke	mɑraɪkə	maʁaekə	compound	marei|k|e	0.14285714285714285	0.2857142857142857	0.14285714285714285	maʁaɪ̯kə	mɑɾaekə	0.125	0.42857142857142855
Margret	marɡreːt	maʁkʁet	maɾɡɾət	maʁgʁət	compound	m|arg|re|t	0.42857142857142855	0.42857142857142855	0.5714285714285714	maʁkʁet	maɾgɾət	0.42857142857142855	0.5714285714285714
Marias	maʁiːas	maʁias	mɑriɑs	maʁias	compound	maria|s	0.0	0.5	0.0	maʁias	mɑɾiɑs	0.0	0.5
Marketenderzelt	maʁkətɛndɐtsɛlt	maʁkətɛndɐtsɛlt	maɾketɛndɜtsəlt	maʁkətɛndɛʁtsɛlt	compound	marketender|zelt	0.0	0.26666666666666666	0.125	maʁkətɛndɐt͡sɛlt	maɾketɛndɛɾtsɛlt	0.0625	0.25
Marketenderzelte	maʁkətɛndɐtsɛltə	maʁkətɛndɐtsɛltə	maɾketɛndɜtsəltə	maʁkətɛndɛʁtsɛltə	compound	marketender|zelte	0.0	0.25	0.11764705882352941	maʁkətɛndɐt͡sɛltə	maɾketɛndɛɾtsɛltə	0.058823529411764705	0.23529411764705882
Marketenderzeltes	maʁkətɛndɐtsɛltəs	maʁkətɛndɐtsɛltəs	maɾketɛndɜtsəltəs	maʁkətɛndɛʁtsɛltəs	compound	marketender|zeltes	0.0	0.23529411764705882	0.1111111111111111	maʁkətɛndɐt͡sɛltəs	maɾketɛndɛɾtsɛltəs	0.05555555555555555	0.2222222222222222
Marketenderzelts	maʁkətɛndɐtsɛlts	maʁkətɛndɐtsɛlts	maɾketɛndɜtsəlts	maʁkətɛndɛʁtsɛlts	compound	marketender|zelts	0.0	0.25	0.11764705882352941	maʁkətɛndɐt͡sɛlt͡s	maɾketɛndɛɾtsɛlts	0.1111111111111111	0.23529411764705882
Markgrafschaft	maɐkɡʁaːfʃaft	maʁkɡʁafʃaft	maɾkɡɾɑfʃaft	maʁkgʁafʃaft	compound	markgraf|schaft	0.08333333333333333	0.25	0.16666666666666666	maʁkɡʁafʃaft	maɾkgɾafstshaft	0.08333333333333333	0.4666666666666667
Marktbürger	maɐktbʏɐɡɐ	maʁktbʏʁɡɐ	maɾktbyɾɡɜ	maʁktbʏʁgɐ	compound	markt|bürger	0.2	0.4	0.3	maʁktbʏʁɡɐ	maɾktbʏɾgɐ̯	0.2	0.36363636363636365
Marlies	maʁliːs	maʁliɛs	maɾlis	maʁlijəs	compound	marl|i|es	0.14285714285714285	0.16666666666666666	0.25	maʁliɛs	maɾliəs	0.14285714285714285	0.2857142857142857
Marmorkrebs	maʁmoːɐkʁeːps	maʁmoɐkʁeps	maɾmɔɾkɾeps	maʁmɔʁkʁɛps	compound	marmor|krebs	0.0	0.36363636363636365	0.2727272727272727	maʁmoɐ̯kʁeps	maɾmɔɾkɾɛps	0.08333333333333333	0.45454545454545453
Maronit	maroniːt	maʁonit	mɑronɪt	maʁonit	compound	maroni|t	0.14285714285714285	0.2857142857142857	0.14285714285714285	maʁonit	maɽonit	0.14285714285714285	0.14285714285714285
Marunke	marʊŋkə	maʁʊŋkə	mɑrʊŋkə	maʁʊŋkə	compound	ma|r|unke	0.14285714285714285	0.14285714285714285	0.14285714285714285	maʁʊŋkə	mɑɾʊŋkə	0.14285714285714285	0.2857142857142857
Maschinenstürmer	maʃiːnənʃtʏʁmɐ	maʃinənʃtʏʁmɐ	maʃinɛnʃtyɾmɜ	maʃinɛnstʏʁmɐ	compound	maschinen|stürmer	0.0	0.3076923076923077	0.15384615384615385	maʃinənʃtʏʁmɐ	maʃinɛnstʏɾmɐ̯	0.0	0.2857142857142857
Maskenträger	maskəntʁɛːɡɐ	maskntʁɛɡɐ	maskəntɾɛɡɜ	maskɛntʁɛgɐ	compound	masken|träger	0.1	0.18181818181818182	0.18181818181818182	maskn̩tʁɛɡɐ	maskɛntɾɛgɐ̯	0.18181818181818182	0.3333333333333333
Massenkunststoff	masnkʊnstʃtɔf	masnkʊnstʃtɔf	masənkʊnststɔf	maszɛŋkʊnststɔff	compound	massen|kunststoff	0.0	0.14285714285714285	0.3125	masn̩kʊnstʃtɔf	maszɛŋkʊnststɔff	0.07142857142857142	0.3125
Matrioschka	matʁjɔʃka	matʁioscka	matɾɪoʃkɑ	matʁɪostska	compound	ma|trios|ch|k|a	0.4	0.4444444444444444	0.45454545454545453	matʁiɔʃka	matɾiɔʃkɑ	0.1111111111111111	0.3333333333333333
Matrjoschka	matʁjɔʃka	matʁjɔʃkɑ	matɾjɔʃkɑ	matʁjɔstska	compound	ma|t|r|joschka	0.1111111111111111	0.2222222222222222	0.2727272727272727	matʁjɔʃka	matɾjɔʃkɑ	0.0	0.2222222222222222
Mattheis	mataɪs	mathaɪs	mattaɪs	matəɪs	compound	matt|hei|s	0.14285714285714285	0.14285714285714285	0.16666666666666666	mathaɪ̯s	mattaes	0.25	0.2857142857142857
Matuschek	matʊʃɛk	matʊʃək	mɑtʊʃek	matʊʃək	compound	ma|tusche|k	0.14285714285714285	0.2857142857142857	0.14285714285714285	matʊʃɛk	mɑtʊʃek	0.0	0.2857142857142857
Mauerasseln	maʊɐʔasln	maʊɐasln	maʊɜasəln	maʊeʁaszɛln	compound	mauer|asseln	0.0	0.2222222222222222	0.36363636363636365	maʊ̯ɐasl̩n	maoeɾaszɛln	0.2	0.45454545454545453
Mauerlattiche	maʊɐlatɪcə	maʊɐlatɪcə	maʊɜlatɪcə	maʊɛɐlatɪcə	compound	mauer|lattiche	0.0	0.1	0.09090909090909091	maʊ̯ɐlatɪçə	maoɐ̯latɪçə	0.18181818181818182	0.2727272727272727
Mauerlattichen	maʊɐlatɪcn	maʊɐlatɪcn	maʊɜlatɪcən	maʊɛɐlatɪcən	compound	mauer|lattichen	0.0	0.18181818181818182	0.16666666666666666	maʊ̯ɐlatɪçn̩	maoɐ̯latɪçən	0.25	0.3333333333333333
Mauerlattiches	maʊɐlatɪcəs	maʊɐlatɪcəs	maʊɜlatɪcəs	maʊɛɐlatɪcəs	compound	mauer|lattiches	0.0	0.09090909090909091	0.08333333333333333	maʊ̯ɐlatɪçəs	maoɐ̯latɪçəs	0.16666666666666666	0.25
Mauerlattichs	maʊɐlatɪcs	maʊɐlatɪcs	maʊɜlatɪks	maʊɛɐlatɪcs	compound	mauer|lattichs	0.0	0.2	0.09090909090909091	maʊ̯ɐlatɪçs	maoɛɾlatɪks	0.18181818181818182	0.36363636363636365
Mausdorn	maʊsdɔɐn	maʊsdɔʁn	maʊsdɔɾn	maosdɔʁn	compound	maus|dorn	0.125	0.125	0.25	maʊ̯sdɔʁn	maosdɔɾn	0.2222222222222222	0.25
Maßgeblichkeit	maːsɡeːplɪckaɪt	masɡeplɪckaɪt	masɡeplɪckaɪt	massgɛblɪckəit	compound	maßgeblich|keit	0.0	0.0	0.42857142857142855	masɡeplɪçkaɪ̯t	masgɛblɪçkəit	0.14285714285714285	0.46153846153846156
Mecklenburger	meːklənbʊʁɡɐ	meklənbʊʁceɐ	mɛklənb??ɡɜ	mɛklɛnbʊʁgɐ	compound	mecklenburg|er	0.16666666666666666	0.36363636363636365	0.2727272727272727	meklənbʊʁçɐ	mɛklɛnbʊɾgɐ̯	0.09090909090909091	0.4166666666666667
Mecklenburgern	meːklənbʊʁɡɐn	meklənbʊʁceɐn	mɛklənb??ɡɜn	mɛklɛnbʊʁgɛʁn	compound	mecklenburg|ern	0.15384615384615385	0.3333333333333333	0.38461538461538464	meklənbʊʁçɐn	mɛklɛnbʊɾgɛɾn	0.08333333333333333	0.46153846153846156
Meeresgrün	meːʁəsɡʁyːn	meʁəsɡʁyn	merɛsɡɾyn	məeʁɛsgʁyn	compound	meeres|grün	0.0	0.3333333333333333	0.3	meʁəsɡʁyn	meɾɛzgɾyn	0.0	0.5555555555555556
Meereshorizont	meːʁəshoʁitsɔnt	meʁəshoʁitsɔnt	merɛshoritsɔnt	məɐəsoʁitsɔnt	compound	meeres|horizont	0.0	0.21428571428571427	0.23076923076923078	meʁəshoʁit͡sɔnt	meɾɛsoɾitsɔnt	0.06666666666666667	0.3076923076923077
Meerschaum	meːɐʃaʊm	meɐʃaʊm	meɾʃaʊm	məɛɐʃaom	compound	meer|schaum	0.0	0.14285714285714285	0.375	meɐ̯ʃaʊ̯m	meɾʃaom	0.2222222222222222	0.2857142857142857
Meerschaumes	meːɐʃaʊməs	meɐʃaʊməs	meɾʃaʊməs	məɛɐʃaoməs	compound	meer|schaumes	0.0	0.1111111111111111	0.3	meɐ̯ʃaʊ̯məs	meɾʃaoməs	0.18181818181818182	0.2222222222222222
Meerschaums	meːɐʃaʊms	meɐʃaʊms	meɾʃaʊms	məɛɐʃaoms	compound	meer|schaums	0.0	0.125	0.3333333333333333	meɐ̯ʃaʊ̯ms	meɾʃaoms	0.2	0.25
Meerschäume	meːɐʃɔɪmə	meɐʃɔɪmə	meɾʃɔømə	məɛɐʃɔɔʏmə	compound	meer|schäume	0.0	0.25	0.4	meɐ̯ʃɔɪ̯mə	meɾʃɔømə	0.2	0.25
Mehdi	meːdi	medi	medi	medi	compound	m|eh|di	0.0	0.0	0.0	medi	medi	0.0	0.0
Mehmet	mɛcmɛt	memet	memət	memət	compound	m|eh|met	0.6	0.6	0.6	memet	memət	0.6	0.6
Mehrfachrasierer	meːɐfaxʁaziːʁɐ	meɐfaxʁaziʁɐ	meɾfaxrazirɜ	meʁfaxʁaziɐɐ	compound	mehrfach|rasierer	0.0	0.3333333333333333	0.16666666666666666	meɐ̯faxʁaziʁɐ	meɾfaxɾɑziɐ̯ɐ̯	0.07692307692307693	0.42857142857142855
Mehrspartenhauseinführung	meːɐʃpaʁtənhaʊsʔaɪnfyːʁʊŋ	meɐspaʁtnhaʊsaɪnfyʁʊŋ	meɾspaɾtɛnhaʊzaɪnfyrʊŋ	meʁspaʁtɛnaozaenfyʁʊŋ	compound	mehrs|parten|haus|einführung	0.09523809523809523	0.2727272727272727	0.3333333333333333	meɐ̯ʃpaʁtn̩haʊ̯saɪ̯nfyʁʊŋ	meɾspaɾtɛnaozaenfyɾʊŋ	0.2	0.42857142857142855
Mehrwegbesteck	meːɐveːkbəʃtɛk	meɐvekbəʃtɛk	meɾvɛɡbɛstɛk	meʁvɛkbəʃtɛk	compound	mehr|weg|besteck	0.0	0.4166666666666667	0.16666666666666666	meɐ̯vekbəʃtɛk	meɾvɛkbɛstɛk	0.07692307692307693	0.3333333333333333
Mehrwegbestecke	meːɐveːkbəʃtɛkə	meɐvekbəʃtɛkə	meɾvɛɡbɛstɛkə	meʁvɛkbəʃtɛkə	compound	mehr|weg|bestecke	0.0	0.38461538461538464	0.15384615384615385	meɐ̯vekbəʃtɛkə	meɾvɛkbɛstɛkə	0.07142857142857142	0.3076923076923077
Mehrwegbesteckes	meːɐveːkbəʃtɛkəs	meɐvekbəʃtɛkəs	meɾvɛɡbɛstɛkəs	meʁvɛkbəʃtɛkəs	compound	mehr|weg|besteckes	0.0	0.35714285714285715	0.14285714285714285	meɐ̯vekbəʃtɛkəs	meɾvɛkbɛstɛkəs	0.06666666666666667	0.2857142857142857
Mehrwegbestecks	meːɐveːkbəʃtɛks	meɐvekbəʃtɛks	meɾvɛɡbɛstɛks	meʁvɛkbəʃtɛks	compound	mehr|weg|bestecks	0.0	0.38461538461538464	0.15384615384615385	meɐ̯vekbəʃtɛks	meɾvɛkbɛstɛks	0.07142857142857142	0.3076923076923077
Mehrwegfeuerzeug	meːɐveːkfɔɪɐtsɔɪk	meɐvɛkfɔɪɐtsɔɪk	meɾvɛkfɔøɜtsɔøk	meʁvɛkfɔɔʏeɐtsɔɔʏk	compound	mehr|wegfeuer|zeug	0.06666666666666667	0.3333333333333333	0.3888888888888889	meɐ̯vekfɔɪ̯ɐt͡sɔɪ̯k	meɾvɛkfɔøɛɾtsɔøk	0.21052631578947367	0.375
Mehrwegfeuerzeuge	meːɐveːkfɔɪɐtsɔɪɡə	meɐvɛkfɔɪɐtsɔɪɡə	meɾvɛkfɔøɜtsɔøɡə	meʁvɛkfɔɔʏeɐtsɔɔʏgə	compound	mehr|wegfeuer|zeuge	0.0625	0.3125	0.42105263157894735	meɐ̯vekfɔɪ̯ɐt͡sɔɪ̯ɡə	meɾvɛkfɔøɛɾtsɔøgə	0.2	0.4117647058823529
Mehrwegfeuerzeuges	meːɐveːkfɔɪɐtsɔɪɡəs	meɐvɛkfɔɪɐtsɔɪɡəs	meɾvɛkfɔøɜtsɔøɡəs	meʁvɛkfɔɔʏeɐtsɔɔʏgəs	compound	mehr|wegfeuer|zeuges	0.058823529411764705	0.29411764705882354	0.4	meɐ̯vekfɔɪ̯ɐt͡sɔɪ̯ɡəs	meɾvɛkfɔøɛɾtsɔøgəs	0.19047619047619047	0.3888888888888889
Mehrwegfeuerzeugs	meːɐveːkfɔɪɐtsɔɪks	meɐvɛkfɔɪɐtsɔɪks	meɾvɛkfɔøɜtsɔøks	meʁvɛkfɔɔʏeɐtsɔɔʏks	compound	mehr|wegfeuer|zeugs	0.0625	0.3125	0.3684210526315789	meɐ̯vekfɔɪ̯ɐt͡sɔɪ̯ks	meɾvɛkfɔøɛɾtsɔøks	0.2	0.35294117647058826
Mehrwegpackung	meːɐveːkpakʊŋ	meɐvekpakʊŋ	meɾvɛkpakʊŋ	meʁvɛkpakʊŋ	compound	mehr|weg|packung	0.0	0.18181818181818182	0.18181818181818182	meɐ̯vekpakʊŋ	meɾvɛkpakʊŋ	0.08333333333333333	0.18181818181818182
Mehrwegpfand	meːɐveːkpfant	meɐvekpfant	meɾvɛkpfant	meʁvɛkpfant	compound	mehr|weg|pfand	0.0	0.18181818181818182	0.18181818181818182	meɐ̯vekp͡fant	meɾvɛkpfant	0.15384615384615385	0.18181818181818182
Mehrwegrasierer	meːɐveːkʁaziːʁɐ	meɐvekʁaziʁɐ	meɾvɛɡɾazirɜ	meʁvɛkʁaziɐɐ	compound	mehr|weg|rasierer	0.0	0.5	0.25	meɐ̯vekʁaziʁɐ	meɾvɛgɾɑziɐ̯ɐ̯	0.07692307692307693	0.5714285714285714
Mehrwegspritze	meːɐveːkʃpʁɪtsə	meɐvekʃpʁɪtsə	meɾvɛkʃpɾɪtsə	meʁvɛkspʁɪtsə	compound	mehr|weg|spritze	0.0	0.23076923076923078	0.23076923076923078	meɐ̯vekʃpʁɪt͡sə	meɾvɛkspɾɪtsə	0.13333333333333333	0.3076923076923077
Mehrwertsteuererstattung	meːɐveːɐtʃtɔʏɐɛɐʃtatʊŋ	meɐveɐtʃtɔɪɐɛɐʃtatʊŋ	meɾvɜtstɔøerɜstatʊŋ	meʁvɛʁtstɔɔʏeʁɛʁstatʊŋ	compound	mehrwertsteuer|erstattung	0.05	0.47368421052631576	0.4090909090909091	meɐ̯veɐ̯tʃtɔɪ̯ɐɛɐ̯ʃtatʊŋ	meɾvɛɾtstɔøeɾɛɾstatʊŋ	0.20833333333333334	0.42857142857142855
Mehrwertsteuerrückerstattung	meːɐveːɐtʃtɔʏɐʁʏkɛɐʃtatʊŋ	meɐveɐtʃtɔɪɐʁʏkɛɐʃtatʊŋ	meɾvɜtstɔøɜrykɜstatʊŋ	meʁvɛʁtstɔɔʏɐʁʏkɛʁstatʊŋ	compound	mehrwertsteuer|rückerstattung	0.043478260869565216	0.5238095238095238	0.2916666666666667	meɐ̯veɐ̯tʃtɔɪ̯ɐʁʏkɐʃtatʊŋ	meɾvɛɾtstɔøɛɾɾʏkɛɾstatʊŋ	0.2	0.4166666666666667
Meik	maɪk	maɪk	maɪk	maek	compound	mei|k	0.0	0.0	0.25	maɪ̯k	maek	0.2	0.25
Meilensäule	maɪlənzɔɪlə	maɪlənzɔɪlə	maɪlənzɔølə	maelɛnzɔɔʏlə	compound	meilen|säule	0.0	0.09090909090909091	0.3333333333333333	maɪ̯lənzɔɪ̯lə	maelɛnzɔølə	0.15384615384615385	0.2727272727272727
Meilensäulen	maɪlənzɔɪlən	maɪlənzɔɪlən	maɪlənzɔølən	maelɛnzɔɔʏlən	compound	meilen|säulen	0.0	0.08333333333333333	0.3076923076923077	maɪ̯lənzɔɪ̯lən	maelɛnzɔølən	0.14285714285714285	0.25
Mengede	mɛŋədə	mɛŋəde	mɛŋedə	mɛŋedə	compound	menge|de	0.16666666666666666	0.16666666666666666	0.16666666666666666	mɛŋədə	mɛŋedə	0.0	0.16666666666666666
Mengele	mɛŋələ	mɛŋələ	mɛŋələ	mɛŋelə	compound	menge|le	0.0	0.0	0.16666666666666666	mɛŋələ	mɛŋelə	0.0	0.16666666666666666
Mengenangabe	mɛŋənʔanɡaːbə	mɛŋənanɡabə	mɛŋənaŋɑbə	mɛŋenaŋabə	compound	mengen|angabe	0.0	0.3	0.3	mɛŋənanɡabə	mɛŋenaŋɑbə	0.0	0.4
Mengenangaben	mɛŋənʔanɡaːbn	mɛŋənanɡabn	mɛŋənaŋɑbən	mɛŋenaŋabən	compound	mengen|angaben	0.0	0.36363636363636365	0.36363636363636365	mɛŋənanɡabn̩	mɛŋenaŋɑbən	0.08333333333333333	0.45454545454545453
Mengenelement	mɛŋənʔelemɛnt	mɛŋəneləmɛnt	mɛŋənɛlemɛnt	mɛŋənelemɛnt	compound	mengen|element	0.08333333333333333	0.08333333333333333	0.0	mɛŋəneləmɛnt	mɛŋeneləmɛnt	0.08333333333333333	0.16666666666666666
Mengenelemente	mɛŋənʔelemɛntə	mɛŋəneləmɛntə	mɛŋənɛlemɛntə	mɛŋənelemɛntə	compound	mengen|elemente	0.07692307692307693	0.07692307692307693	0.0	mɛŋəneləmɛntə	mɛŋeneləmɛntə	0.07692307692307693	0.15384615384615385
Mengentext	mɛŋəntɛkst	mɛŋəntɛkst	mɛŋəntɛkst	mɛŋɛntɛkst	compound	mengen|text	0.0	0.0	0.1	mɛŋəntɛkst	mɛŋɛntɛkst	0.0	0.1
Mengentheorie	mɛŋənteoʁiː	mɛŋənteoʁi	mɛŋənteori	mɛŋɛntɛoʁiə	compound	mengen|theorie	0.0	0.1	0.2727272727272727	mɛŋənteoʁi	mɛŋɛnteoɾijə	0.0	0.3333333333333333
Menschchen	mɛnʃcən	mɛnʃcən	mɛnʃcən	mɛnʃcən	compound	mensch|chen	0.0	0.0	0.0	mɛnʃçən	mɛnʃçən	0.14285714285714285	0.14285714285714285
Menschenfuß	mɛnʃnfuːs	mɛnʃnfus	mɛnʃənfus	mɛnʃɛnfʊss	compound	menschen|fuß	0.0	0.1111111111111111	0.3	mɛnʃn̩fus	mɛnʃɛnfuo	0.1111111111111111	0.2222222222222222
Mentalitätsgeschichte	mɛntalitɛːtsɡəʃɪctə	mɛntalitɛtsɡəʃɪctə	mɛntalitɛtsɡɛʃɪctə	mɛntalitɛtsgɛʃɪctə	compound	mentalität|s|geschichte	0.0	0.05555555555555555	0.1111111111111111	mɛntalitɛtsɡəʃɪçtə	mɛntɑlitɛtsgɛʃɪçtə	0.05555555555555555	0.2222222222222222
Mephistopheles	mefɪstoːfelɛs	mefɪstofeles	mefɪstɔfələs	mɛfɪstɔfeləs	compound	mephisto|phe|les	0.08333333333333333	0.25	0.25	mefɪstofeles	mɛfɪstɔfeləs	0.08333333333333333	0.25
Merle	mɛrlə	mɛʁlə	mɛɾlə	mɐlə	compound	m|erle	0.2	0.2	0.5	mɛʁlə	mɛɾlə	0.2	0.2
Messbarkeit	mɛsbaːɐkaɪt	mɛsbaɐkaɪt	mɛsbaɾkaɪt	mɛssbaʁkəit	compound	messbar|keit	0.0	0.1	0.36363636363636365	mɛsbaɐ̯kaɪ̯t	mɛssbaɾkəit	0.16666666666666666	0.36363636363636365
Messwandler	mɛsvandlɐ	mɛsvandlɐ	mɛsvandlɜ	mɛssvandlɐ	compound	mes|s|wandler	0.0	0.1111111111111111	0.1	mɛsvandlɐ	mɛssvandlɐ̯	0.0	0.18181818181818182
Messwandlers	mɛsvandlɐs	mɛsvandlɐs	mɛsvandlɜs	mɛssvandlɛʁs	compound	mes|s|wandlers	0.0	0.1	0.25	mɛsvandlɐs	mɛssvandlɛɾs	0.0	0.25
Metallbesteck	metalbəʃtɛk	metalbəʃtɛk	metalbɛstɛk	mətallbɛstɛk	compound	metall|besteck	0.0	0.18181818181818182	0.3333333333333333	metalbəʃtɛk	metallbɛstɛk	0.0	0.25
Metallbestecken	metalbəʃtɛkn	metalbəʃtɛkn	metalbɛstɛkən	mətallbɛstɛkən	compound	metall|bestecken	0.0	0.23076923076923078	0.35714285714285715	metalbəʃtɛkn̩	metallbɛstɛkən	0.07692307692307693	0.2857142857142857
Metalldeckel	metaldɛkl	metaldɛkl	metaldɛkəl	mətalldɛkel	compound	metall|deckel	0.0	0.1	0.2727272727272727	metaldɛkl̩	metalldɛkel	0.1	0.18181818181818182
Metallhandel	metalhandəl	metalhandl	metalhandəl	mətallandəl	compound	metall|handel	0.1	0.0	0.18181818181818182	metalhandl̩	metallandel	0.18181818181818182	0.18181818181818182
Metallhandels	metalhandəls	metalhandls	metalhandəls	mətallandɛls	compound	metall|handels	0.09090909090909091	0.0	0.25	metalhandl̩s	metallandɛls	0.16666666666666666	0.16666666666666666
Metalllöffelchen	metallœflcən	metallœflcən	metalœfəlcən	mətalllœffɛlcən	compound	metalllöffel|chen	0.0	0.16666666666666666	0.26666666666666666	metallœfl̩çən	metalllœffɛlçən	0.15384615384615385	0.26666666666666666
Metallmesser	metalmɛsɐ	metalmɛsɐ	metalmɛsɜ	mətallmɛszɐ	compound	metall|messer	0.0	0.1111111111111111	0.2727272727272727	metalmɛsɐ	metallmɛszɐ̯	0.0	0.25
Metallröhrchen	metalʁøːɐcən	metalʁøɐcən	metalrøɾcən	mətallʁɔʏʁcən	compound	metall|röhrchen	0.0	0.18181818181818182	0.38461538461538464	metalʁøʁçən	metallɾøɾçən	0.18181818181818182	0.3333333333333333
Metallschraube	metalʃʁaʊbə	metalʃʁaʊbə	metalʃraʊbə	mətallstsʁaobə	compound	metall|schraube	0.0	0.09090909090909091	0.42857142857142855	metalʃʁaʊ̯bə	metallstsɾaobə	0.08333333333333333	0.42857142857142855
Metallschraubverschluss	metalʃʁaʊpfɛɐʃlʊs	metalʃʁaʊpfɛɐʃlʊs	metalʃraʊbfɜʃlʊs	mətallstsʁaopvɛʁstslʊss	compound	metall|schraubverschluss	0.0	0.25	0.5217391304347826	metalʃʁaʊ̯pfɛɐ̯ʃlʊs	metallstsɾaopvɛɾstslʊss	0.10526315789473684	0.5217391304347826
Metallverarbeitung	metalfɛɐʔaʁbaɪtʊŋ	metalfɛɐaʁbaɪtʊŋ	metalferaɾbaɪtʊŋ	mətallvɛʁaʁbəitʊŋ	compound	metall|verarbeitung	0.0	0.1875	0.35294117647058826	metalfɛɐ̯aʁbaɪ̯tʊŋ	metallveɾaɾbəitʊŋ	0.1111111111111111	0.4117647058823529
Michäas	micɛːas	mɪcɛas	mɪcɛɑs	mɪcɛas	compound	mich|ä|as	0.16666666666666666	0.3333333333333333	0.16666666666666666	mɪçɛas	mɪçɛɑs	0.3333333333333333	0.5
Mietlager	miːtlaːɡɐ	mitlaɡɐ	mitlɑɡɜ	mitlagɐ	compound	miet|lager	0.0	0.2857142857142857	0.14285714285714285	mitlaɡɐ	mitlɑgɐ̯	0.0	0.375
Mietling	miːtlɪŋ	mitlɪŋ	mitlɪŋ	mitlɪŋ	compound	miet|l|ing	0.0	0.0	0.0	mitlɪŋ	miətlɪŋ	0.0	0.14285714285714285
Milchbruder	mɪlcbʁuːdɐ	mɪlcbʁudɐ	mɪlcbɾudɜ	mɪlcbʁudɐ	compound	milch|bruder	0.0	0.2222222222222222	0.0	mɪlçbʁudɐ	mɪlçbrudɐ̯	0.1111111111111111	0.3
Milchbrüder	mɪlcbʁyːdɐ	mɪlcbʁydɐ	mɪlcbɾydɜ	mɪlcbʁydɐ	compound	milch|brüder	0.0	0.2222222222222222	0.0	mɪlçbʁydɐ	mɪlçbrydɐ̯	0.1111111111111111	0.3
Milchbrüdern	mɪlcbʁyːdɐn	mɪlcbʁydɐn	mɪlcbɾydɜn	mɪlcbʁydɛʁn	compound	milch|brüdern	0.0	0.2	0.18181818181818182	mɪlçbʁydɐn	mɪlçbrydɛɾn	0.1	0.36363636363636365
Milchfieber	mɪlcfiːbɐ	mɪlcfibɐ	mɪlcfibɜ	mɪltsfibɐ	compound	milch|fieber	0.0	0.125	0.2222222222222222	mɪlçfibɐ	mɪltsfibɐ̯	0.125	0.3
Milchrahm	mɪlcʁaːm	mɪlcʁam	mɪlcrɑm	mɪltsʁam	compound	milch|rahm	0.0	0.2857142857142857	0.25	mɪlçʁam	mɪltsɾɑm	0.14285714285714285	0.5
Milchschwester	mɪlcʃvɛstɐ	mɪlcʃvɛstɐ	mɪlkscvəstɜ	mɪltsstsvɛstɐ	compound	milch|schwester	0.0	0.45454545454545453	0.38461538461538464	mɪlçʃvɛstɐ	mɪltsstsvɛstɐ̯	0.1	0.42857142857142855
Milchstrasse	mɪlcʃtʁaːsə	mɪlcʃtʁasə	mɪlkstɾasə	mɪlcstʁaszə	compound	milch|strasse	0.0	0.3	0.18181818181818182	mɪlçʃtʁasə	mɪltsstɾaszə	0.1	0.4166666666666667
Militärdoktrin	militɛːɐdɔktʁiːn	militɛɐdɔktʁin	militɛɾdɔktɾɪn	militɛʁdɔktʁɪn	compound	militär|doktrin	0.0	0.21428571428571427	0.14285714285714285	militɛɐ̯dɔktʁin	militɛɾdɔktɾɪn	0.06666666666666667	0.21428571428571427
Minensuchhund	miːnənzuːxhʊnt	minənzuxhʊnt	minənzuxhʊnt	mɪnɛnzʊxʊnt	compound	minen|suchhund	0.0	0.0	0.36363636363636365	minənzuxhʊnt	minɛnzʊxʊnt	0.0	0.2727272727272727
Minensuchhunde	miːnənzuːxhʊndə	minənzuxhʊndə	minənzuxhʊndə	mɪnɛnzʊxʊndə	compound	minen|suchhunde	0.0	0.0	0.3333333333333333	minənzuxhʊndə	minɛnzʊxʊndə	0.0	0.25
Minensuchhundes	miːnənzuːxhʊndəs	minənzuxhʊndəs	minənzuxhʊndəs	mɪnɛnzʊxʊndəs	compound	minen|suchhundes	0.0	0.0	0.3076923076923077	minənzuxhʊndəs	minɛnzʊxʊndəs	0.0	0.23076923076923078
Minensuchhunds	miːnənzuːxhʊnts	minənzuxhʊnts	minənzuxhʊnts	mɪnɛnzʊxʊnts	compound	minen|suchhunds	0.0	0.0	0.3333333333333333	minənzuxhʊnt͡s	minɛnzʊxʊnts	0.07142857142857142	0.25
Ministerpräsidentenkandidat	minɪstɐpʁɛzidɛntənkandidaːt	minɪstɐpʁɛzidɛntnkandidat	minɪstɜpɾɛzidɛntənkandidɑt	mɪnɪstɛʁpʁɛzidɛntɛŋkandidat	compound	ministerpräsidenten|kandidat	0.04	0.11538461538461539	0.18518518518518517	minɪstɐpʁɛzidɛntn̩kandidat	minɪstɛɾpɾɛzidɛntɛŋkandidɑt	0.07692307692307693	0.2222222222222222
Ministerpräsidentenkandidatin	minɪstɐpʁɛzidɛntənkandidaːtɪn	minɪstɐpʁɛzidɛntnkandidatɪn	minɪstɜpɾɛzidɛntənkandidɑtɪn	mɪnɪstɛʁpʁɛzidɛntɛŋkandidatɪn	compound	ministerpräsidenten|kandidatin	0.037037037037037035	0.10714285714285714	0.1724137931034483	minɪstɐpʁɛzidɛntn̩kandidatɪn	minɪstɛɾpɾɛzidɛntɛŋkandidɑtɪn	0.07142857142857142	0.20689655172413793
Minnesinger	mɪnəzɪŋɐ	mɪnəzɪŋɜ	mɪnezɪŋɜ	mɪnnezɪŋɐ	compound	minne|singer	0.125	0.25	0.2222222222222222	mɪnəzɪŋɐ	mɪnnezɪŋɐ̯	0.0	0.3
Minuskelschrift	minʊsklʃʁɪft	minʊsklʃʁɪft	minʊskɛlʃrɪft	mɪnʊskɛlstsʁɪft	compound	minuskel|schrift	0.0	0.15384615384615385	0.3333333333333333	minʊskl̩ʃʁɪft	minʊskɛlstsɾɪft	0.07692307692307693	0.3333333333333333
Mischkunststoff	mɪʃkʊnstʃtɔf	mɪʃkʊnstʃtɔf	mɪʃkʊnststɔf	mɪʃkʊnststɔff	compound	misch|kunststoff	0.0	0.08333333333333333	0.15384615384615385	mɪʃkʊnstʃtɔf	mɪʃkʊnststɔff	0.0	0.15384615384615385
Missgriff	mɪsɡʁɪf	mɪsɡʁɪf	mɪsɡɾɪf	mɪsgʁɪff	compound	miss|griff	0.0	0.14285714285714285	0.25	mɪsɡʁɪf	mɪsgɾɪff	0.0	0.375
Misshelligkeit	mɪshɛlɪckaɪt	mɪshɛlɪckaɪt	mɪshəlɪckaɪt	mɪsɛllɪkkəit	compound	misshellig|keit	0.0	0.08333333333333333	0.4166666666666667	mɪshɛlɪkkaɪ̯t	mɪshɛllɪkkəit	0.15384615384615385	0.3076923076923077
Mistkübler	mɪstkyːblɐ	mɪstkybləʁ	mɪstkyblɜ	mɪstkʏblɐ	compound	mist|küble|r	0.2	0.1111111111111111	0.1111111111111111	mɪstkyblɐ	mɪstkʏblɐ̯	0.0	0.2
Miststück	mɪstʃtʏk	mɪstʃtʏk	mɪstʃtyk	mɪststʏk	compound	mist|stück	0.0	0.125	0.125	mɪstʃtʏk	mɪstʃtʏk	0.0	0.0
Mitbruder	mɪtbʁuːdɐ	mɪtbʁudɐ	mɪtbɾudɜ	mɪtbʁudɐ	compound	mit|bruder	0.0	0.25	0.0	mɪtbʁudɐ	mɪtbrudɐ̯	0.0	0.2222222222222222
Mitknecht	mɪtknɛct	mɪtknɛct	mɪtknɛct	mɪtknɛct	compound	mit|knecht	0.0	0.0	0.0	mɪtknɛçt	mɪtknɛçt	0.125	0.125
Mitreissen	mɪtʁaɪsən	mɪtnʁaɪsən	mɪtɾaɪsən	mɪtʁaeszən	compound	mit|reissen	0.1	0.1111111111111111	0.2	mɪtnʁaɪsən	mɪtɾaeszən	0.1	0.3
Mitteiler	mɪttaɪlɐ	mɪttaɪləʁ	mɪttaɪlɜ	mɪtəilɐ	compound	mitteile|r	0.2222222222222222	0.125	0.42857142857142855	mɪtaɪ̯lɐ	mɪttəilɐ̯	0.25	0.3333333333333333
Mittelklasse	mɪtlklasə	mɪtlklasə	mɪtəlklasə	mɪttɛlklaszə	compound	mittel|klasse	0.0	0.1	0.25	mɪtl̩klasə	mɪttɛlklaszə	0.1	0.25
Mittelpunktswinkel	mɪtəlpʊŋktsvɪŋkəl	mɪtlpʊŋktsvɪŋkəl	mɪtəlpʊŋktsvɪnkəl	mɪttɛlpʊŋktsvɪŋkel	compound	mittelpunkts|winkel	0.0625	0.058823529411764705	0.16666666666666666	mɪtl̩pʊŋkt͡svɪŋkl̩	mɪttɛlpʊŋktsvɪŋkel	0.2777777777777778	0.16666666666666666
Mittelschmerz	mɪtlʃmɛʁts	mɪtlʃmɛʁts	mɪtɛlʃmɜts	mɪttɛlstsmɛʁts	compound	mittel|schmerz	0.0	0.3	0.35714285714285715	mɪtl̩ʃmɛʁt͡s	mɪttɛlstsmɛɾts	0.16666666666666666	0.42857142857142855
Mitwissersein	mɪtvɪsɐzaɪn	mɪtvɪsɐsaɪn	mɪtvɪsɜzaɪn	mɪtvɪszɛʁzəɪn	compound	mitwissers|ein	0.09090909090909091	0.09090909090909091	0.3076923076923077	mɪtvɪsɐzaɪ̯n	mɪtvɪszɛɾzəɪn	0.08333333333333333	0.3076923076923077
Modegewürz	moːdəɡəvʏrts	modəɡəvʏʁts	modeɡevyɾts	modegevʏʁts	compound	mode|gewürz	0.09090909090909091	0.36363636363636365	0.36363636363636365	modəɡəvʏʁt͡s	modegevʏɾts	0.16666666666666666	0.36363636363636365
Mohar	mohaːr	mohaʁ	moɑɾ	moaʁ	compound	m|oha|r	0.2	0.75	0.5	mohaɐ̯	moaɽ	0.3333333333333333	0.5
Mohngewächs	moːnɡəvɛks	monɡəvɛks	moŋevɛks	moŋevɛks	compound	mohn|gewächs	0.0	0.375	0.375	monɡəvɛks	moŋevɛks	0.0	0.375
Mohngewächse	moːnɡəvɛksə	monɡəvɛksə	moŋevɛksə	moŋevɛksə	compound	mohn|gewächse	0.0	0.3333333333333333	0.3333333333333333	monɡəvɛksə	moŋevɛksə	0.0	0.3333333333333333
Mohngewächses	moːnɡəvɛksəs	monɡəvɛksəs	moŋevɛksəs	moŋevɛksəs	compound	mohn|gewächses	0.0	0.3	0.3	monɡəvɛksəs	moŋevɛksəs	0.0	0.3
Mohnkapsel	moːnkapsl	monkapsl	monkapzəl	moŋkapsəl	compound	mohn|kapsel	0.0	0.2222222222222222	0.2222222222222222	monkapsl̩	moŋkapsel	0.1111111111111111	0.2222222222222222
Mollenkraut	mɔlənkraʊt	mɔlənkʁaʊt	mɔlənkɾaʊt	mɔllɛŋkʁaot	compound	mollen|kraut	0.1	0.1	0.45454545454545453	mɔlənkʁaʊ̯t	mɔllɛŋkɾaot	0.18181818181818182	0.45454545454545453
Molltonleiter	mɔltoːnlaɪtɐ	mɔltonlaɪtɐ	mɔltɔnlaɪtɜ	mɔlltɔnləitɐ	compound	moll|tonleiter	0.0	0.18181818181818182	0.3333333333333333	mɔltonlaɪ̯tɐ	mɔlltɔnləitɐ̯	0.08333333333333333	0.38461538461538464
Mondbeben	moːntbeːbn	montbebn	mɔndbebən	mɔntbebən	compound	mond|beben	0.0	0.3333333333333333	0.2222222222222222	montbebn̩	mɔntbebən	0.1111111111111111	0.2222222222222222
Monoterpen	monotɛʁpeːn	monotɛʁpen	monotɜpən	monotɛʁpən	compound	mono|terpen	0.0	0.3333333333333333	0.1	monotɛʁpn̩	monotɛɾpən	0.2	0.2
Monoterpene	monotɛʁpeːnə	monotɛʁpenə	monotɜpənə	monotɛʁpənə	compound	mono|terpene	0.0	0.3	0.09090909090909091	monotɛʁpənə	monotɛɾpənə	0.09090909090909091	0.18181818181818182
Monoterpens	monotɛʁpeːns	monotɛʁpens	monotɜpəns	monotɛʁpɛns	compound	mono|terpens	0.0	0.3	0.09090909090909091	monotɛʁpn̩s	monotɛɾpɛns	0.18181818181818182	0.18181818181818182
Moorschneehuhn	moːɐʃneːhuːn	moɐʃnehun	moɾʃnehun	mɔɔʁstsnəeun	compound	moor|schneehuhn	0.0	0.1111111111111111	0.6666666666666666	moɐ̯ʃnehun	moɾstsneeun	0.1	0.45454545454545453
Mora	moːʁa	moʁa	morɑ	moʁa	compound	m|o|ra	0.0	0.5	0.0	moʁa	moɾɑ	0.0	0.5
Mordechai	mɔʁdəxaɪ	mɔʁdəcai	mɔɾdɛcaɪ	mɔʁdɛcae	compound	morde|ch|ai	0.25	0.375	0.375	mɔʁdəxaɪ̯	mɔʁdəçaɪ̯	0.1111111111111111	0.2222222222222222
Moresnet	moːʁəsnɛt	moʁəsnɛt	morɛsnət	moʁɛsnət	compound	more|s|net	0.0	0.375	0.25	moʁəsnɛt	moɾɛsnət	0.0	0.375
Morgenstimmung	mɔʁɡənʃtɪmʊŋ	mɔʁɡnʃtɪmʊŋ	mɔɾɡənstɪmʊŋ	mɔʁgɛnstɪmmʊŋ	compound	morgen|stimmung	0.09090909090909091	0.16666666666666666	0.3076923076923077	mɔʁɡn̩ʃtɪmʊŋ	mɔɾgɛnstɪmmʊŋ	0.16666666666666666	0.38461538461538464
Mormonentum	mɔʁmoːnəntuːm	mɔʁmonəntum	mɔɾmonəntum	mɔʁmonɛntum	compound	mormonen|tu|m	0.0	0.09090909090909091	0.09090909090909091	mɔʁmonəntum	mɔɾmonəntum	0.0	0.09090909090909091
Moselschleife	moːzəlʃlaɪfə	mozlʃlaɪfə	mozəlʃlaɪfə	mozɛlstslaefə	compound	mosel|schleife	0.1	0.0	0.38461538461538464	mozl̩ʃlaɪ̯fə	mozɛlstslaefə	0.25	0.38461538461538464
Mottek	mɔtɛk	mɔtək	mɔtek	mɔtək	compound	motte|k	0.2	0.2	0.2	mɔtək	mɔtek	0.2	0.2
Mottenschildlaus	mɔtnʃɪltlaʊs	mɔtnʃɪldlaʊs	mɔtənʃɪldlaʊs	mɔtɛnʃɪldlaos	compound	motten|schildlaus	0.08333333333333333	0.15384615384615385	0.23076923076923078	mɔtn̩ʃɪltlaʊ̯s	mɔtɛnʃɪldlaos	0.14285714285714285	0.23076923076923078
Mucha	mʊχa	mʊxa	mʊxɑ	mʊxa	compound	m|ucha	0.25	0.5	0.25	muça	mʊxɑ	0.5	0.5
Mucki	mʊki	mʊki	mʊki	mʊki	compound	muck|i	0.0	0.0	0.0	mʊki	mʊki	0.0	0.0
Muhar	muhaːr	muaɐ	muɑɾ	muaʁ	compound	muh|ar	0.5	0.75	0.5	muhaɐ̯	muaɽ	0.3333333333333333	0.5
Mum	mam	mum	mʊm	mum	compound	mu|m	0.3333333333333333	0.3333333333333333	0.3333333333333333	mum	mum	0.3333333333333333	0.3333333333333333
Murkstein	mʊʁkʃtaɪn	mʊʁkstəɪn	m??kʃtaɪn	mʊʁkstəɪn	compound	murkste|in	0.2222222222222222	0.2222222222222222	0.2222222222222222	mʊʁkʃtaɪ̯n	mʊɾkstəɪn	0.1	0.3333333333333333
Musikinstrumentenhersteller	muziːkɪnstʁumɛntnheːɐʃtɛlɐ	muzikɪnstʁumɛntnheɐʃtɛlɐ	muzikɪnstɾuməntɛnhɜʃtɛlɜ	muzikɪnstʁumɛntɛnɛʁstɛllɐ	compound	musikinstrumenten|hersteller	0.0	0.25	0.24	muzikɪnstʁumɛntn̩heɐ̯ʃtɛlɐ	muzikɪnstɾumɛntɛnɛɾstɛllɐ̯	0.07692307692307693	0.3076923076923077
Muskatblüte	mʊskaːtblyːtə	mʊskatblytə	mʊskatblytə	mʊskatblytə	compound	muskat|blüte	0.0	0.0	0.0	mʊskatblytə	mʊskatblytə	0.0	0.0
Muskatgeschmack	mʊskaːtɡəʃmak	mʊskatɡəʃmak	mʊskatɡɛʃmak	mʊskatgəʃmak	compound	muskat|geschmack	0.0	0.08333333333333333	0.08333333333333333	mʊskatɡəʃmak	mʊskatgɛʃmak	0.0	0.16666666666666666
Muskatgeschmackes	mʊskaːtɡəʃmakəs	mʊskatɡəʃmakəs	mʊskatɡɛʃmakəs	mʊskatgəʃmakəs	compound	muskat|geschmackes	0.0	0.07142857142857142	0.07142857142857142	mʊskatɡəʃmakəs	mʊskatgɛʃmakəs	0.0	0.14285714285714285
Muskatgeschmacks	mʊskaːtɡəʃmaks	mʊskatɡəʃmaks	mʊskatɡɛʃmaks	mʊskatgəʃmaks	compound	muskat|geschmacks	0.0	0.07692307692307693	0.07692307692307693	mʊskatɡəʃmaks	mʊskatgɛʃmaks	0.0	0.15384615384615385
Musterknabe	mʊstɐknaːbə	mʊstɐknabə	mʊstɜknɑbə	mʊstɛʁknabə	compound	muster|knabe	0.0	0.2	0.18181818181818182	mʊstɐknabə	mʊstɛɾknɑbə	0.0	0.2727272727272727
Mutterschiffen	mʊtɐʃɪfn	mʊtɜʃɪfɛn	mʊtɜʃɪfən	mʊtɛʁʃɪffən	compound	mutterschiff|en	0.2222222222222222	0.2222222222222222	0.36363636363636365	mʊtɐʃɪfn̩	mʊtɛɾʃɪffən	0.1111111111111111	0.36363636363636365
Mädelchen	mɛːdlcən	mɛdlcən	mɛdəlcən	mɛdɛlcən	compound	mädel|chen	0.0	0.125	0.125	mɛdl̩çən	mɛdɛlçən	0.25	0.25
Mähnenhirsch	mɛːnənhɪʁʃ	mɛnənhɪʁʃ	mɛnənhɪɾʃ	mɛnɛnaeʁʃ	compound	mähnen|hirsch	0.0	0.1111111111111111	0.3333333333333333	mɛnənhɪʁʃ	mɛnɛnɪɾʃ	0.0	0.375
Mähnenhund	mɛːnənhʊnt	mɛnənhʊnt	mɛnənhʊnt	mɛnɛnʊnt	compound	mähnen|hund	0.0	0.0	0.25	mɛnənhʊnt	mɛnɛnʊnt	0.0	0.25
Mähnenrobbe	mɛːnənʁɔbə	mɛnənʁɔbə	mɛnənrɔbə	mɛnɛnʁɔbə	compound	mähnen|robbe	0.0	0.1111111111111111	0.1111111111111111	mɛnənʁɔbə	mɛnɛnɾɔbə	0.0	0.2222222222222222
Männeken	mɛnəkən	mɛnəkɛn	mɛnekən	mɛnnekən	compound	männe|ken	0.14285714285714285	0.14285714285714285	0.25	mɛnəkən	mɛnnekən	0.0	0.25
Männerbund	mɛnɐbʊnt	mɛnɐbʊnt	mɛnɜbʊnt	mɛnnɛʁbʊnt	compound	männer|bund	0.0	0.125	0.3	mɛnɐbʊnt	mɛnnɛɾbʊnt	0.0	0.3
Männerfuß	mɛnɐfuːs	mɛnɐfus	mɛnɜfus	mɛnnɛʁfʊss	compound	männer|fuß	0.0	0.14285714285714285	0.5	mɛnɐfus	mɛnnɛɾfu	0.0	0.5
Märlein	mɛːɐlaɪn	mɛɐlaɪn	mɛɾlaɪn	mɛʁlaen	compound	mär|lein	0.0	0.14285714285714285	0.2857142857142857	mɛɐ̯laɪ̯n	mɛɾləɪn	0.2222222222222222	0.2857142857142857
Märzdorf	mɛʁtsdɔʁf	mɛʁtsdɔʁf	mɛɾtsdɔɾf	mɛʁtsdɔʁf	compound	märz|dorf	0.0	0.2222222222222222	0.0	mɛʁt͡sdɔʁf	mɛɾtsdɔɾf	0.1	0.2222222222222222
Mäusedorn	mɔʏzədɔɐn	mɔɪzədɔʁn	mɔøzedɔɾn	mɔɔʏzedɔʁn	compound	mäuse|dorn	0.2222222222222222	0.3333333333333333	0.3	mɔɪ̯zədɔʁn	mɔøzedɔɾn	0.3	0.3333333333333333
Möbelbauer	møːblbaʊɐ	møblbaʊɐ	møbəlbaʊɜ	møbɛlbaoɐ	compound	möbel|bauer	0.0	0.2222222222222222	0.2222222222222222	møbl̩baʊ̯ɐ	møbɛlbaoɐ̯	0.2	0.3
Mönchssittich	mœncszɪtɪc	mœncszɪtɪc	mœnkszɪtɪc	mœntsszɪtɪc	compound	mönchs|sittich	0.0	0.1	0.18181818181818182	mœnçszɪtɪç	mœntsszɪtɪç	0.2	0.2727272727272727
Möwchen	møːfcən	møvcən	møvcən	mœvcən	compound	m|ö|w|chen	0.16666666666666666	0.16666666666666666	0.3333333333333333	møvçən	mœvçən	0.3333333333333333	0.5
Müllerbursche	mʏlɐbʊʁʃə	mʏlɐbʊʁʃə	mylɜb??ʃə	mʏllɛʁbʊʁʃə	compound	müller|bursche	0.0	0.4444444444444444	0.2727272727272727	mʏlɐbʊʁʃə	mʏllɛɾbʊɾʃə	0.0	0.36363636363636365
Müllerlein	mʏlɐlaɪn	mʏlɐlaɪn	mylɜlaɪn	mʏllɛʁlaen	compound	müller|lein	0.0	0.25	0.4	mʏlɐlaɪ̯n	mʏllɛɾləɪn	0.1111111111111111	0.4
Münzgeld	mʏntsɡɛlt	mʏntsɡɛlt	myntsɡɛlt	mʏntsgɛlt	compound	münz|geld	0.0	0.1111111111111111	0.1111111111111111	mʏnt͡sɡɛlt	mʏntsgɛlt	0.1	0.1111111111111111
Münzlehre	mʏntsleːʁə	mʏntsleʁə	myntslerə	mʏntsleʁə	compound	münz|lehre	0.0	0.2222222222222222	0.0	mʏnt͡sleʁə	mʏntsleɾə	0.1	0.1111111111111111
Münzprägeanstalt	mʏntspʁɛːɡəanʃtalt	mʏntspʁɛɡəanʃtalt	myntspɾɛɡeanstalt	mʏntspʁɛgəanʃtalt	compound	münz|präge|anstalt	0.0	0.23529411764705882	0.058823529411764705	mʏnt͡spʁɛɡəanʃtalt	mʏntspɾɛgeanstalt	0.05555555555555555	0.23529411764705882
Mütterrente	mʏtɐrɛntə	mʏtɐʁɛntə	mytɜrɛntə	mʏtɛʁʁɛntə	compound	mütter|rente	0.1111111111111111	0.2222222222222222	0.3	mʏtɐʁɛntə	mʏtɛɾɾɛntə	0.1111111111111111	0.3
NaWi	navi	navi	nɑvi	navi	compound	na|wi	0.0	0.25	0.0	navi	nɑvi	0.0	0.25
Nachauflage	naxaʊflaːɡə	naxaʊflaɡə	naxaʊflɑɡə	naxaoflagə	compound	nach|auflage	0.0	0.1	0.2	naxaʊ̯flaɡə	naxaoflɑgə	0.09090909090909091	0.3
Nachbarjunge	naxbaːɐjʊŋə	naxbaɐjʊŋə	naxbaɾjʊŋə	naxbaʁjʊŋə	compound	nachbar|junge	0.0	0.1	0.1	naxbaɐ̯jʊŋə	naxbaɾjʊŋə	0.09090909090909091	0.1
Nachfolgermodell	naːxfɔlɡɐmodɛl	naxfɔlɡɐmodɛl	naxfɔlɡɜmodɛl	naxfɔlgɛʁmodɛll	compound	nachfolger|modell	0.0	0.07692307692307693	0.26666666666666666	naxfɔlɡɐmodɛl	naxfɔlgɛɾmodɛll	0.0	0.26666666666666666
Nachholung	naːχhoːlʊŋ	naxholʊŋ	naxholʊŋ	naxolʊŋ	compound	nach|ho|lung	0.125	0.125	0.2857142857142857	naxholʊŋ	naxholʊŋ	0.125	0.125
Nachlassempfänger	nɑːxlasɛmpfɛŋɐ	naxlasɛmpfɛŋɐ	naxlasɛmpfɛŋɜ	naxlaszɛmpfɛŋɐ	compound	nachlass|empfänger	0.07692307692307693	0.15384615384615385	0.14285714285714285	naxlasɛmp͡fɛŋɐ	naxlaszɛmpfɛŋɐ̯	0.14285714285714285	0.2
Nachlassempfängers	nɑːxlasɛmpfɛŋɐs	naxlasɛmpfɛŋɐs	naxlasɛmpfɛŋɜs	naxlaszɛmpfɛŋɛʁs	compound	nachlass|empfängers	0.07142857142857142	0.14285714285714285	0.25	naxlasɛmp͡fɛŋɐs	naxlaszɛmpfɛŋɛɾs	0.13333333333333333	0.25
Nachrangigkeit	naːxʁaŋɪckaɪt	naxʁaŋɪkaɪt	naxraŋɪckaɪt	naxʁaŋɪkkəit	compound	nachrangig|keit	0.09090909090909091	0.08333333333333333	0.25	naxʁaŋɪkkaɪ̯t	naxɾaŋɪkkəit	0.15384615384615385	0.3333333333333333
Nachrichtenkorrespondent	naːxʁɪctənkɔʁɛspɔndɛnt	naxʁɪctnkɔʁɛspɔndɛnt	naxrɪctɛnkɔrɛspɔndɛnt	naxʁɪctɛŋkɔʁʁɛspɔndɛnt	compound	nachrichten|korrespondent	0.05	0.14285714285714285	0.13636363636363635	naxʁɪçtn̩kɔʁɛspɔndɛnt	naxɾɪçtɛŋkɔɾɾɛspɔndɛnt	0.14285714285714285	0.2727272727272727
Nachrichtenkorrespondenten	naːxʁɪctənkɔʁɛspɔndɛntən	naxʁɪctnkɔʁɛspɔndɛntn	naxrɪctɛnkɔrɛspɔndɛntən	naxʁɪctɛŋkɔʁʁɛspɔndɛntən	compound	nachrichten|korrespondenten	0.09523809523809523	0.13043478260869565	0.125	naxʁɪçtn̩kɔʁɛspɔndɛntn̩	naxɾɪçtɛŋkɔɾɾɛspɔndɛntən	0.21739130434782608	0.25
Nachrichtenkorrespondentin	naːxʁɪctənkɔʁɛspɔndɛntɪn	naxʁɪctnkɔʁɛspɔndɛntɪn	naxrɪctɛnkɔrɛspɔndɛntɪn	naxʁɪctɛŋkɔʁʁɛspɔndɛntɪn	compound	nachrichten|korrespondentin	0.045454545454545456	0.13043478260869565	0.125	naxʁɪçtn̩kɔʁɛspɔndɛntɪn	naxɾɪçtɛŋkɔɾɾɛspɔndɛntɪn	0.13043478260869565	0.25
Nachrichtenkorrespondentinnen	naːxʁɪctnkɔʁɛspɔndɛntɪnən	naxʁɪctnkɔʁɛspɔndɛntɪnən	naxrɪctɛnkɔrɛspɔndɛntɪnən	naxʁɪctɛŋkɔʁʁɛspɔndɛntɪnnən	compound	nachrichten|korrespondentinnen	0.0	0.12	0.14814814814814814	naxʁɪçtn̩kɔʁɛspɔndɛntɪnən	naxɾɪçtɛŋkɔɾɾɛspɔndɛntɪnnən	0.08	0.25925925925925924
Nachstellung	naːxʃtɛlʊŋ	naxʃtɛlʊŋ	naxʃtɛlʊŋ	naxstɛllʊŋ	compound	nach|stellung	0.0	0.0	0.2	naxʃtɛlʊŋ	naxʃtɛllʊŋ	0.0	0.1
Nachtaffe	naχtʔafə	naxtafə	naxtafə	naxtaffə	compound	nacht|affe	0.14285714285714285	0.14285714285714285	0.25	naxtafə	naxtaffə	0.14285714285714285	0.25
Nachtaffen	naχtʔafn	naxtafn	naxtafən	naxtaffən	compound	nacht|affen	0.14285714285714285	0.25	0.3333333333333333	naxtafn̩	naxtaffən	0.25	0.3333333333333333
Nachtblindheit	naxtblɪnthaɪt	naxtblɪnthaɪt	naxtblɪnthaɪt	naxtblɪntəit	compound	nachtblind|heit	0.0	0.0	0.25	naxtblɪnthaɪ̯t	naxtblɪntəit	0.07142857142857142	0.25
Nachtgeschirr	naxtɡəʃɪr	naxtɡəʃɪʁ	naxtɡɛʃɪɾ	naxtgɛʃɪʁʁ	compound	nacht|geschirr	0.1111111111111111	0.2222222222222222	0.4	naxtɡəʃɪʁ	naxtgɛʃɪɾɾ	0.1111111111111111	0.4
Nachtshopping	naxtʃɔpɪŋ	naxtʃɔpɪŋ	natʃtʃɒpɪŋ	naxtsɔppɪŋ	compound	nacht|shopping	0.0	0.3	0.2	naxtʃɔpɪŋ	naxtsɔppɪŋ	0.0	0.2
Nachtspeicherheizung	naχtʃpaɪcəʁhaɪtsʊŋ	naxtʃpaɪcɐhaɪtsʊŋ	naxtʃpaɪcɜhaɪtsʊŋ	naxtspaecɛʁaetsʊŋ	compound	nacht|speicher|heizung	0.17647058823529413	0.17647058823529413	0.35294117647058826	naxtʃpaɪ̯çɐhaɪ̯t͡sʊŋ	naxtspaeçɛɾaetsʊŋ	0.3	0.47058823529411764
Nachwahl	naːxvaːl	naxval	naxvɑl	naxval	compound	nach|wahl	0.0	0.16666666666666666	0.0	naxval	naxvɑl	0.0	0.16666666666666666
Nadelblättchen	naːdəlblɛtcən	nadlblɛtcən	nɑdəlblɛtcən	nadɛlblɛtʃcən	compound	nadel|blättchen	0.09090909090909091	0.08333333333333333	0.15384615384615385	nadl̩blɛtçən	nɑdɛlblɛtçən	0.25	0.25
Nadelblättchens	naːdəlblɛtcəns	nadlblɛtcəns	nɑdəlblɛttcəns	nadɛlblɛtʃcɛns	compound	nadel|blättchens	0.08333333333333333	0.14285714285714285	0.21428571428571427	nadl̩blɛtçn̩s	nɑdɛlblɛtçɛns	0.38461538461538464	0.3076923076923077
Nadelgehölz	naːdəlɡəhœlts	nadlɡəhœlts	nɑdəlɡeœlts	nadɛlgeœlts	compound	nadel|gehölz	0.09090909090909091	0.2727272727272727	0.36363636363636365	nadl̩ɡəhœlt͡s	nɑdɛlgeœlts	0.23076923076923078	0.45454545454545453
Nadelgehölzen	naːdlɡəhœltsn	nadlɡəhœltsn	nɑdəlɡeœltsən	nadɛlgeœltsən	compound	nadel|gehölzen	0.0	0.38461538461538464	0.38461538461538464	nadl̩ɡəhœlt͡sn̩	nɑdɛlgeœltsən	0.2	0.46153846153846156
Nagelbürstchen	naːɡlbʏʁstcən	naɡlbʏʁstcən	nɑɡəlbyɾstcən	nagɛlbʏʁstcən	compound	nagel|bürstchen	0.0	0.3076923076923077	0.15384615384615385	naɡl̩bʏʁstçən	nɑgɛlbʏɾstçən	0.15384615384615385	0.38461538461538464
Nahkampfsocke	naːkampfzɔkə	nakampfsɔkə	nɑkampfzɔkə	nakampfzɔkə	compound	nahkampfs|ocke	0.09090909090909091	0.09090909090909091	0.0	nakamp͡fzɔkə	nɑkampfzɔkə	0.08333333333333333	0.09090909090909091
Namensartikel	naːmənsaʁtiːkl	namənsaʁtikl	nɑmənzaɾtikəl	namɛnzaʁtikel	compound	namens|artikel	0.0	0.3076923076923077	0.23076923076923078	namənsaʁtikl̩	nɑmɛnzaɾtikel	0.07692307692307693	0.38461538461538464
Namensursprung	naːmɛnsuːɐʃpʁʊŋ	namənsuɐʃpʁʊŋ	nɑmənz??ʃpɾʊŋ	namɛnzʊʁspʁʊŋ	compound	namens|ursprung	0.07692307692307693	0.46153846153846156	0.3076923076923077	namənsuɐ̯ʃpʁʊŋ	nɑmɛnzʊɾspɾʊŋ	0.14285714285714285	0.46153846153846156
Nasiräertum	nazɪʁeːɐtuːm	naziʁɛɐtum	nɑzirɛɜtum	naziʁɛɛʁtum	compound	nasiräer|tu|m	0.2	0.5	0.36363636363636365	naziʁɔɪ̯ɐtum	nɑziɾɛɐ̯tum	0.3333333333333333	0.45454545454545453
Natursekt	natuːrzekt	natuɐzɛkt	nɑtuɾzɛkt	natʊʁzɛkt	compound	natur|sekt	0.2222222222222222	0.3333333333333333	0.3333333333333333	natuɐ̯zɛkt	nɑtʊɾzɛkt	0.3	0.4444444444444444
Nazoräer	natsoʁeːəʁ	natsoʁɛeɐ	nɑtsorɛɜ	natsoʁɛɐ	compound	naz|o|r|ä|er	0.3333333333333333	0.625	0.375	nat͡soʁɛɐ	nɑtsoɾɛɐ̯	0.4444444444444444	0.5555555555555556
Nebenwort	neːbmvɔʁt	nebmvɔʁt	nebənvɔɾt	nəbənvɔʁt	compound	neben|wort	0.0	0.3333333333333333	0.3333333333333333	nebn̩vɔʁt	nebɛnvɔɾt	0.2222222222222222	0.3333333333333333
Nehiba	nɛhɪba	nəhaɪba	neibɑ	neiba	compound	ne|hi|ba	0.2857142857142857	0.8	0.6	nehiba	neibɑ	0.3333333333333333	0.8
Neoklassik	neoklasɪk	neoklasɪk	neɔklasik	nəɔklaszik	compound	neo|klassik	0.0	0.2222222222222222	0.4	neoklasɪk	neɔklaszik	0.0	0.3
Neovagina	neovaɡiːna	neovaɡina	neovɑɡinɑ	neovagina	compound	neo|vagina	0.0	0.2222222222222222	0.1111111111111111	neovaɡina	neovɑginɑ	0.0	0.3333333333333333
Neovaginae	neovaɡiːnɛː	neovaɡinɛ	neovɑɡinɛ	neovagɪnae	compound	neo|vaginae	0.0	0.1111111111111111	0.4	neovaɡinə	neovɑginɑə	0.1111111111111111	0.4
Neovaginen	neovaɡiːnən	neovaɡinən	neovɑɡinən	neovaginən	compound	neo|vaginen	0.0	0.1	0.1	neovaɡinən	neovɑgɪnən	0.0	0.3
Nestflüchter	nɛstflʏctɐ	nɛstflʏctəʁ	nɛstflyctɜ	nɛstflʏctɐ	compound	nest|flüchte|r	0.18181818181818182	0.2	0.0	nɛstflʏçtɐ	nɛstflʏçtɐ̯	0.1	0.18181818181818182
Neufünfland	nɔʏfʏnflant	nɔɪfʏnflant	nɔøfynflant	nɔɔʏfʏnflant	compound	neu|fünf|land	0.09090909090909091	0.18181818181818182	0.08333333333333333	nɔɪ̯fʏnflant	nɔøfʏnflant	0.16666666666666666	0.09090909090909091
Neugewürz	nɔʏɡəvʏrts	nɔɪɡəvʏʁts	nɔøɡevyɾts	nɔɔʏgevʏʁts	compound	neu|gewürz	0.2	0.4	0.36363636363636365	nɔɪ̯ɡəvʏʁt͡s	nɔøgevʏɾts	0.3333333333333333	0.4
Neujahrsvorsatz	nɔɪjaːɐsfoːɐzats	nɔɪjaɐsfoɐzats	nɔøjɑɾsfoɾzats	nɔɔʏjaʁsvɔʁzats	compound	neujahrs|vorsatz	0.0	0.2857142857142857	0.4	nɔɪ̯jaɐ̯sfoɐ̯zat͡s	nɔøjɑɾsvɔɾzats	0.2222222222222222	0.42857142857142855
Neunflächner	nɔɪnflɛcnɐ	nɔɪnflɛcnɐ	nɔønflɛcnɜ	nɔɔʏnflɛcnɐ	compound	neun|fl|ä|ch|ner	0.0	0.2	0.18181818181818182	nɔɪ̯nflɛçnɐ	nɔønflɛçnɐ̯	0.18181818181818182	0.2727272727272727
Neunflächners	nɔɪnflɛcnɐs	nɔɪnflɛcnɐs	nɔønflɛcnɜs	nɔɔʏnflɛcnɛʁs	compound	neun|fl|ä|ch|ner|s	0.0	0.18181818181818182	0.3076923076923077	nɔɪ̯nflɛçnɐs	nɔønflɛçnɛɾs	0.16666666666666666	0.3333333333333333
Neuniederländisch	nɔɪniːdɐlɛndɪʃ	nɔɪnidɐlɛndɪʃ	nɔønidɜlɛndɪʃ	nɔɔʏnidɛʁlɛndɪʃ	compound	neu|niederländisch	0.0	0.15384615384615385	0.26666666666666666	nɔɪ̯nidɐlɛndɪʃ	nɔønidɛɾlɛndɪʃ	0.07142857142857142	0.21428571428571427
Neununddreißigstel	nɔɪnʊntdʁaɪsɪcstəl	nɔɪnʊntdʁaɪsɪkstəl	nɔønʊndɾaɪsɪcstəl	nɔɔʏnʊndʁaeszɪgstəl	compound	neununddreißigste|l	0.05555555555555555	0.17647058823529413	0.3157894736842105	nɔɪ̯nʊntdʁaɪ̯sɪkstl̩	nɔønʊnddɾaezɪgstel	0.25	0.3888888888888889
Neununddreißigstels	nɔɪnʊntdʁaɪsɪcstəls	nɔɪnʊntdʁaɪsɪkstəls	nɔønʊndɾaɪsɪcstəls	nɔɔʏnʊndʁaeszɪgstɛls	compound	neununddreißigste|l|s	0.05263157894736842	0.16666666666666666	0.35	nɔɪ̯nʊntdʁaɪ̯sɪkstəls	nɔønʊnddɾaeʃɪgstɛls	0.14285714285714285	0.3684210526315789
Neunundvierzigjährige	nɔɪnʊntfɪɐtsɪcjɛːʁɪɡə	nɔɪnʊntfɪʁtsɪkjɛʁɪɡə	nɔønʊndviɾtsɪɡjɛrɪɡə	nɔɔʏnʊntviʁtsɪkjɛʁɪgə	compound	neunundvierzig|jährige	0.1	0.35	0.3333333333333333	nɔɪ̯nʊntfiɐ̯t͡sɪkjɛʁɪɡə	nɔønʊntviɾtsɪkjɛɾɪgə	0.21739130434782608	0.35
Neunundvierzigjähriger	nɔɪnʊntfɪɐtsɪcjɛːʁɪɡɐ	nɔɪnʊntfɪʁtsɪkjɛʁɪɡɐ	nɔønʊndviɾtsɪɡjɛrɪɡɜ	nɔɔʏnʊntviʁtsɪkjɛʁɪgɐ	compound	neunundvierzig|jähriger	0.1	0.4	0.3333333333333333	nɔɪ̯nʊntfiɐ̯t͡sɪkjɛʁɪɡɐ	nɔønʊntviɾtsɪkjɛɾɪgɐ̯	0.21739130434782608	0.38095238095238093
Neunundvierzigstel	nɔɪnʊntfɪʁtsɪcstəl	nɔɪnʊntfɪʁtsɪkstəl	nɔønʊndviɾtsɪcstəl	nɔɔʏnʊntviʁtsɪgstəl	compound	neunundvierzig|ste|l	0.05555555555555555	0.2777777777777778	0.2631578947368421	nɔɪ̯nʊntfɪʁt͡sɪkstl̩	nɔønʊntviɾtsɪgstel	0.25	0.3333333333333333
Neunundvierzigstels	nɔɪnʊntfɪʁtsɪcstəls	nɔɪnʊntfɪʁtsɪkstls	nɔønʊndviɾtsɪcstəls	nɔɔʏnʊntviʁtsɪgstɛls	compound	neun|und|vierzigstels	0.1111111111111111	0.2631578947368421	0.3	nɔɪ̯nʊntfɪʁt͡sɪkstəls	nɔønʊntviɾtsɪgstɛls	0.14285714285714285	0.3157894736842105
Neunundzwanzigstel	nɔɪnʊnttsvantsɪcstəl	nɔɪnʊnttsvantsɪkstəl	nɔønʊnttsvantsɪcstəl	nɔɔʏnʊnttsvantsɪgstəl	compound	neunundzwanzigste|l	0.05	0.05	0.14285714285714285	nɔɪ̯nʊntt͡svant͡sɪkstəl	nɔønʊnttsvantsɪgstel	0.17391304347826086	0.15
Neunundzwanzigstels	nɔɪnʊnttsvantsɪcstəls	nɔɪnʊnttsvantsɪkstəls	nɔønʊnttsvantsɪcstəls	nɔɔʏnʊnttsvantsɪgstɛls	compound	neunundzwanzigste|l|s	0.047619047619047616	0.047619047619047616	0.18181818181818182	nɔɪ̯nʊntt͡svant͡sɪkstəls	nɔønʊnttsvantsɪgstɛls	0.16666666666666666	0.14285714285714285
Neunzehntel	nɔɪntseːntəl	nɔɪntsentəl	nɔøntsentəl	nɔɔʏntsentəl	compound	neunzehnte|l	0.0	0.09090909090909091	0.16666666666666666	nɔɪ̯nt͡sentl̩	nɔøntsentel	0.3076923076923077	0.18181818181818182
Neunzehntels	nɔɪntseːntəls	nɔɪntsentls	nɔøntsentəls	nɔɔʏntsentɛls	compound	neun|zehntels	0.09090909090909091	0.08333333333333333	0.23076923076923078	nɔɪ̯nt͡sentl̩s	nɔøntsentɛls	0.2857142857142857	0.16666666666666666
Neurobiologie	nɔɪʁobioloɡiː	nɔɪʁobioloɡi	nɔørobɪoloɡi	nɔɔʏʁobɪologijə	compound	neuro|biologie	0.0	0.25	0.4	nɔɪ̯ʁobioloɡi	nɔøɾobiologijə	0.07692307692307693	0.35714285714285715
Neuwagenhändler	nɔʏvaːɡənhɛndlɐ	nɔɪvaɡnhɛndlɐ	nɔøvaɡɛnhɛndlɜ	nɔɔʏvagɛnɛndlɐ	compound	neuwagen|händler	0.15384615384615385	0.21428571428571427	0.2857142857142857	nɔɪ̯vaɡn̩hɛndlɐ	nɔøvɑgɛnɛndlɐ̯	0.26666666666666666	0.42857142857142855
Nichtkonformität	nɪctkɔnfɔʁmitɛːt	nɪctkɔnfɔʁmitɛt	nɪctkɔnfɔɾmitɛt	nɪctkɔnfɔʁmitɛt	compound	nicht|konformität	0.0	0.06666666666666667	0.0	nɪçtkɔnfɔʁmitɛt	nɪçtkɔnfɔɾmitɛt	0.06666666666666667	0.13333333333333333
Nichtverfügbarkeit	nɪctfɛɐfyːkbaːɐkaɪt	nɪctfɛɐfykbaɐkaɪt	nɪctfɜfykbɑɾkaɪt	nɪctvɛʁfʏkbaʁkəit	compound	nicht|verfügbarkeit	0.0	0.25	0.35294117647058826	nɪçtfɛɐ̯fykbaɐ̯kaɪ̯t	nɪçtvɛɾfʏkbaɾkəit	0.2	0.4117647058823529
Niebuhr	niːbuːr	nibuʁ	nibuɾ	nibuʁ	compound	nie|buh|r	0.2	0.2	0.2	nibuʁ	nibuɾ	0.2	0.2
Niederreißer	niːdɐʁaɪsɐ	nidɐʁaɪsəʁ	nidɜraɪsɜ	nidɛʁʁaeszɐ	compound	niederreiße|r	0.2	0.3333333333333333	0.36363636363636365	nidɐʁaɪ̯sɐ	nidɛɾɾaepɐ̯	0.1	0.5454545454545454
Niederreißers	niːdɐʁaɪsɐs	nidɐʁaɪsəʁs	nidɜraɪsɜs	nidɛʁʁaeszɛʁs	compound	niederreiße|r|s	0.18181818181818182	0.3	0.46153846153846156	nidɐʁaɪ̯sɐs	nidɛɾɾaepɛɾs	0.09090909090909091	0.5833333333333334
Niehoff	niːhɔf	nihɔf	niɔf	nijəhɔff	compound	nie|hoff	0.0	0.25	0.375	nihɔf	niɔff	0.0	0.4
Nieswurz	niːsvʊʁts	nisvʊʁts	nisv??ts	nijəsvʊʁts	compound	nies|wurz	0.0	0.25	0.2	nisvʊʁt͡s	nisvʊɾts	0.1111111111111111	0.125
Nieswurzen	niːsvʊʁtsən	nisvʊʁtsn	nisv??tsən	nijəsvʊʁtsən	compound	nies|wurzen	0.1111111111111111	0.2	0.16666666666666666	nisvʊʁt͡sn̩	nisvʊɾtsən	0.2727272727272727	0.1
Nikab	niːkap	nikap	nikɑp	nikap	compound	nik|ab	0.0	0.2	0.0	nikap	nikɑp	0.0	0.2
Nisbe	nɪsbə	nɪsbə	nɪsbə	nɪsbə	compound	n|is|be	0.0	0.0	0.0	nɪsbə	nɪsbə	0.0	0.0
Nonnenfalter	nɔnənfaltɐ	nɔnənfaltɐ	nɔnənfaltɜ	nɔnnɛnfaltɐ	compound	nonnen|falter	0.0	0.1	0.18181818181818182	nɔnənfaltɐ	nɔnnɛnfaltɐ̯	0.0	0.25
Nordmanntanne	nɔʁtmantanə	nɔʁtmantanə	nɔɾdmantanə	nɔʁtmanntannə	compound	nordmann|tanne	0.0	0.18181818181818182	0.15384615384615385	nɔʁtmantanə	nɔɾtmanntannə	0.0	0.23076923076923078
Nordseegarnele	ɡaneːlə	nɔʁtzeɡaʁnelə	nɔɾdzeɡaɾnələ	nɔʁtzəegaʁnelə	compound	nordsee|garnele	0.5384615384615384	0.6153846153846154	0.6428571428571429	nɔʁtzeɡaʁnelə	nɔɾtzeegaɾnelə	0.5384615384615384	0.6428571428571429
Normalgewicht	nɔʁmaːlɡəvɪct	nɔʁmalɡəvɪct	nɔɾmalɡevɪct	nɔʁmalgevɪct	compound	normal|gewicht	0.0	0.16666666666666666	0.16666666666666666	nɔʁmalɡəvɪçt	nɔɾmalgevɪçt	0.08333333333333333	0.3333333333333333
Normalgewichte	nɔʁmaːlɡəvɪctə	nɔʁmalɡəvɪctə	nɔɾmalɡevɪctə	nɔʁmalgevɪctə	compound	normal|gewichte	0.0	0.15384615384615385	0.15384615384615385	nɔʁmalɡəvɪçtə	nɔɾmalgevɪçtə	0.07692307692307693	0.3076923076923077
Normalgewichten	nɔʁmaːlɡəvɪctn	nɔʁmalɡəvɪctn	nɔɾmalɡevɪctən	nɔʁmalgevɪctən	compound	normal|gewichten	0.0	0.21428571428571427	0.21428571428571427	nɔʁmalɡəvɪçtn̩	nɔɾmalgevɪçtən	0.14285714285714285	0.35714285714285715
Normalgewichtes	nɔʁmaːlɡəvɪctəs	nɔʁmalɡəvɪctəs	nɔɾmalɡevɪctəs	nɔʁmalgevɪctəs	compound	normal|gewichtes	0.0	0.14285714285714285	0.14285714285714285	nɔʁmalɡəvɪçtəs	nɔɾmalgevɪçtəs	0.07142857142857142	0.2857142857142857
Normalgewichts	nɔʁmaːlɡəvɪcts	nɔʁmalɡəvɪcts	nɔɾmalɡevɪcts	nɔʁmalgevɪcts	compound	normal|gewichts	0.0	0.15384615384615385	0.15384615384615385	nɔʁmalɡəvɪçt͡s	nɔɾmalgevɪçts	0.14285714285714285	0.3076923076923077
Normalnull	nɔrmaːlnʊl	nɔʁmalnʊl	nɔɾmalnʊl	nɔʁmalnʊll	compound	normal|null	0.1111111111111111	0.1111111111111111	0.2	nɔʁmalnʊl	nɔɾmalnʊll	0.1111111111111111	0.2
Normaluhr	nɔʁmaːlʔuːɐ	nɔʁmaluɐ	nɔɾmaluɾ	nɔʁmaluʁ	compound	normal|uhr	0.0	0.25	0.125	nɔʁmaluɐ̯	nɔɾmɑluɾ	0.1111111111111111	0.375
Nosode	nozoːdə	nozodə	nozodə	nozodə	compound	no|sode	0.0	0.0	0.0	nozodə	nozodə	0.0	0.0
Notenblättchen	noːtənblɛtcən	notnblɛtcən	notənblɛtcən	notɛnblɛtʃcən	compound	noten|blättchen	0.09090909090909091	0.0	0.15384615384615385	notn̩blɛtçən	notɛnblɛtçən	0.25	0.16666666666666666
Notenblättchens	noːtənblɛtcəns	notnblɛtcəns	notənblɛttcəns	notɛnblɛtʃcɛns	compound	noten|blättchens	0.08333333333333333	0.07142857142857142	0.21428571428571427	notn̩blɛtçn̩s	notɛnblɛtçɛns	0.38461538461538464	0.23076923076923078
Notenkopf	noːtnkɔpf	notnkɔpf	notənkɔpf	notɛŋkɔpf	compound	noten|kopf	0.0	0.1111111111111111	0.2222222222222222	notn̩kɔp͡f	notɛŋkɔpf	0.2	0.2222222222222222
Notenwert	noːtnveːɐt	notnveɐt	notənveɾt	notɛnvɛʁt	compound	noten|wert	0.0	0.2222222222222222	0.3333333333333333	notn̩veɐ̯t	notɛnvɛɾt	0.2	0.3333333333333333
Noumenon	noʔuːmɛnɔn	noʊmɛnon	numənon	noumenon	compound	no|um|en|on	0.25	0.42857142857142855	0.25	noumənon	nɔʊmənon	0.25	0.5
Novak	noːvak	novak	novɑk	novak	compound	nova|k	0.0	0.2	0.0	novak	novɑk	0.0	0.2
Nowak	noːvak	novak	novɑk	novak	compound	no|wa|k	0.0	0.2	0.0	novak	novɑk	0.0	0.2
Nullaussage	nʊlaʊszaːɡə	nʊlaʊszaɡə	nʊlaʊsɑɡə	nʊllaoszagə	compound	null|aussage	0.0	0.2222222222222222	0.2727272727272727	nʊlaʊ̯szaɡə	nʊllaoszɑgə	0.09090909090909091	0.36363636363636365
Nullenergiehaus	nʊlʔenɛʁɡiːhaʊs	nʊlenɛʁɡihaʊs	nʊlənɜɡiaʊs	nʊllənɛʁgiaos	compound	null|energie|haus	0.0	0.36363636363636365	0.38461538461538464	nʊlenɛʁɡihaʊ̯s	nʊllenɛɾgiaos	0.07142857142857142	0.38461538461538464
Nullmeilenstein	nʊlmaɪlənʃtaɪn	nʊlmaɪlənʃtaɪn	nʊlmaɪlɛnʃtaɪn	nʊllmaelɛnstəɪn	compound	null|meilenstein	0.0	0.07142857142857142	0.3333333333333333	nʊlmaɪ̯lənʃtaɪ̯n	nʊllmaelɛnstəɪn	0.125	0.3333333333333333
Nullmeilensteine	nʊlmaɪlənʃtaɪnə	nʊlmaɪlənʃtaɪnə	nʊlmaɪlɛnʃtaɪnə	nʊllmaelɛnstəɪnə	compound	null|meilensteine	0.0	0.06666666666666667	0.3125	nʊlmaɪ̯lənʃtaɪ̯nə	nʊllmaelɛnstəɪnə	0.11764705882352941	0.3125
Nullmeilensteines	nʊlmaɪlənʃtaɪnəs	nʊlmaɪlənʃtaɪnəs	nʊlmaɪlɛnʃtaɪnəs	nʊllmaelɛnstaenəs	compound	null|meilensteines	0.0	0.0625	0.29411764705882354	nʊlmaɪ̯lənʃtaɪ̯nəs	nʊllmaelɛnstəɪnəs	0.1111111111111111	0.29411764705882354
Nullmeilensteins	nʊlmaɪlənʃtaɪns	nʊlmaɪlənʃtaɪns	nʊlmaɪlɛnʃtaɪns	nʊllmaelɛnstaens	compound	null|meilensteins	0.0	0.06666666666666667	0.3125	nʊlmaɪ̯lənʃtaɪ̯ns	nʊllmaelɛnstaens	0.11764705882352941	0.3125
Nurdachhaus	nuːɐdaxhaʊs	nuɐdaxhaʊs	n??daxhaʊs	nʊʁdaxaos	compound	nur|dach|haus	0.0	0.2	0.4444444444444444	nʊʁdaxhaʊ̯s	nʊɾdaxaos	0.2727272727272727	0.4444444444444444
Nussfrucht	nʊsfʁʊxt	nʊsfʁʊxt	nʊsfrʊxt	nʊssfʁʊxt	compound	nuss|frucht	0.0	0.125	0.1111111111111111	nʊsfʁʊxt	nʊssfɾʊxt	0.0	0.2222222222222222
Nusskern	nʊskɛʁn	nʊskɛʁn	nʊskɜn	nʊsskɛʁn	compound	nuss|kern	0.0	0.3333333333333333	0.125	nʊskɐn	nʊsskɛɾn	0.3333333333333333	0.25
Nusskerne	nʊskɛʁnə	nʊskɛʁnə	nʊskɜnə	nʊsskɛʁnə	compound	nuss|kerne	0.0	0.2857142857142857	0.1111111111111111	nʊskɛʁnə	nʊsskɛɾnə	0.0	0.2222222222222222
Nusskernes	nʊskɛʁnəs	nʊskɛʁnəs	nʊskɜnəs	nʊsskɛʁnəs	compound	nuss|kernes	0.0	0.25	0.1	nʊskɛʁnəs	nʊsskɛɾnəs	0.0	0.2
Nusskerns	nʊskɛʁns	nʊskɛʁns	nʊskɜns	nʊsskɛʁns	compound	nuss|kerns	0.0	0.2857142857142857	0.1111111111111111	nʊskɛʁns	nʊsskɛɾns	0.0	0.2222222222222222
Nährmutter	nɛːɐmʊtɐ	nɛɐmʊtɐ	nɛɾmʊtɜ	nɛʁmʊtɐ	compound	nähr|mutter	0.0	0.2857142857142857	0.14285714285714285	nɛɐ̯mʊtɐ	nɛɾmʊtɐ̯	0.125	0.25
Nährmütter	nɛːɐmʏtɐ	nɛɐmʏtɐ	nɛɾmytɜ	nɛʁmʏtɐ	compound	nähr|mütter	0.0	0.42857142857142855	0.14285714285714285	nɛɐ̯mʏtɐ	nɛɾmʏtɐ̯	0.125	0.25
Nährmüttern	nɛːɐmʏtɐn	nɛɐmʏtɐn	nɛɾmytɜn	nɛʁmʏtɛʁn	compound	nähr|müttern	0.0	0.375	0.3333333333333333	nɛɐ̯mʏtɐn	nɛɾmʏtɛɾn	0.1111111111111111	0.3333333333333333
Nährsalz	nɛːɐzalts	nɛɐzalts	nɛɾzalts	nɛʁzalts	compound	nähr|salz	0.0	0.125	0.125	nɛɐ̯zalt͡s	nɛɾzalts	0.2	0.125
Oberhand	oːbɐhant	obɐhant	obɜhant	obɛʁant	compound	ober|hand	0.0	0.14285714285714285	0.2857142857142857	obɐhant	obɛɾant	0.0	0.2857142857142857
Obersattel	oːbɐzatl	obɐzatl	obɜzatəl	obɛʁzatəl	compound	ober|sattel	0.0	0.25	0.3333333333333333	obɐzatl̩	obɛɾzatel	0.125	0.3333333333333333
Obstbaumblüte	oːpstbaʊmblyːtə	opstbaʊmblytə	ɔpstbaʊmblytə	ɔpstbaomblytə	compound	obstbaum|blüte	0.0	0.07692307692307693	0.15384615384615385	opstbaʊ̯mblytə	ɔpstbaomblytə	0.07142857142857142	0.15384615384615385
Obstgabel	oːpstɡaːbl	opstɡabl	ɔpstɡɑbəl	ɔpstgabəl	compound	obst|gabel	0.0	0.3333333333333333	0.3333333333333333	opstɡabl̩	ɔpstgɑbel	0.1111111111111111	0.4444444444444444
Obstlöffel	oːpstlœfl	opstlœfl	ɔpstlœfəl	ɔpstlœffel	compound	obst|löffel	0.0	0.2222222222222222	0.3	opstlœfl̩	ɔpstlœffel	0.1111111111111111	0.3
Obstlöffeln	oːpstlœfln	opstlœfln	ɔpstlœfəln	ɔpstlœffɛln	compound	obst|löffeln	0.0	0.2	0.2727272727272727	opstlœfl̩n	ɔpstlœffɛln	0.1	0.2727272727272727
Odinshühnchen	oːdɪnshyːncən	odɪnshyncən	odɪnshyncən	odɪnsyncən	compound	odins|hühnchen	0.0	0.0	0.1	odɪnshynçən	odɪnsynçən	0.09090909090909091	0.2
Ole	ʔoːlə	olə	olə	olə	compound	o|le	0.0	0.0	0.0	olə	ole	0.0	0.3333333333333333
Opernkünstler	oːpɐnkʏnstlɐ	opɐnkʏnstlɐ	opɛɾnkynstlɜ	opɛʁŋkʏnstlɐ	compound	opern|künstler	0.0	0.3333333333333333	0.25	opɐnkʏnstlɐ	opɛɾŋkʏnstlɐ̯	0.0	0.3076923076923077
Opernkünstlerin	oːpɐnkʏnstləʁɪn	opɐnkʏnstləʁɪn	opɛɾnkynstlərɪn	opɛʁŋkʏnstlɐɪn	compound	opern|künstlerin	0.0	0.26666666666666666	0.35714285714285715	opɐnkʏnstləʁɪn	opɛɾŋkʏnstlɐ̯ɪn	0.0	0.3333333333333333
Opernkünstlerinnen	oːpɐnkʏnstləʁɪnən	opɐnkʏnstləʁɪnən	opɛɾnkynstlerɪnən	opɛʁŋkʏnstleʁɪnnən	compound	opern|künstlerinnen	0.0	0.29411764705882354	0.2777777777777778	opɐnkʏnstləʁɪnən	opɛɾŋkʏnstleɾɪnnən	0.0	0.3333333333333333
Opernkünstlers	oːpɐnkʏnstlɐs	opɐnkʏnstlɐs	opɛɾnkynstlɜs	opɛʁŋkʏnstlɛʁs	compound	opern|künstlers	0.0	0.3076923076923077	0.35714285714285715	opɐnkʏnstlɐs	opɛɾŋkʏnstlɛɾs	0.0	0.35714285714285715
Opferlamm	ɔpfərlam	ɔpfɐlam	ɔpfɜlam	ɔpfɛʁlamm	compound	opfer|lamm	0.2857142857142857	0.2857142857142857	0.3333333333333333	ɔp͡fɐlam	ɔpfɛɾlamm	0.375	0.3333333333333333
Opole	opoːlə	opolə	opolə	opolə	compound	o|pole	0.0	0.0	0.0	opolə	opolə	0.0	0.0
Oppenheimer	ɔpnhaɪmɐ	ɔpnhaɪmeɐ	ɔpənhaɪmɜ	ɔppɛnaemɐ	compound	oppenheim|er	0.1111111111111111	0.2222222222222222	0.4444444444444444	ɔpn̩haɪ̯meɐ̯	ɔppɛnaemɐ̯	0.3333333333333333	0.5
Ordensgeneral	ɔʁdnsɡenəʁaːl	ɔʁdnsɡenəʁal	ɔɾdənsɡenərɑl	ɔʁdɛnsgəneʁal	compound	ordens|general	0.0	0.3076923076923077	0.3076923076923077	ɔʁdn̩sɡenəʁal	ɔɾdɛnsgənɐ̯al	0.07692307692307693	0.46153846153846156
Ordnungsnummer	ɔʁdnʊŋsnʊmɐ	ɔʁdnʊŋsnʊmɐ	ɔɾdnʊŋsnʊmɜ	ɔʁdnʊŋsnʊmmɐ	compound	ordnung|s|nummer	0.0	0.18181818181818182	0.08333333333333333	ɔʁdnʊŋsnʊmɐ	ɔɾdnʊŋsnʊmmɐ̯	0.0	0.23076923076923078
Ordnungspolizei	ɔʁdnʊŋspolitsaɪ	ɔʁdnʊŋspolitsaɪ	ɔɾdnʊŋspolitsaɪ	ɔʁdnʊŋspolitsae	compound	ordnung|s|polizei	0.0	0.06666666666666667	0.06666666666666667	ɔʁdnʊŋspolit͡saɪ̯	ɔɾdnʊŋspolitsae	0.11764705882352941	0.13333333333333333
Organschwäche	oʁɡaːnʃvɛcə	ɔʁɡanʃvɛcə	ɔɾɡanʃvɛcə	ɔʁganstsvɛcə	compound	organ|schwäche	0.1	0.2	0.4166666666666667	ɔʁɡanʃvɛçə	ɔɾganstsvɛçə	0.2	0.5833333333333334
Ostmauer	ɔstmaʊɐ	ɔstmaʊɐ	ɔstmaʊɜ	ɔstmaʊɐ	compound	ost|mauer	0.0	0.14285714285714285	0.0	ɔstmaʊ̯ɐ	ɔstmaoɐ̯	0.125	0.25
Oxana	oksaːna	oksana	ɔksanɑ	oksana	compound	o|x|ana	0.0	0.3333333333333333	0.0	ɔksana	oksɑnɑ	0.16666666666666666	0.3333333333333333
Packhaus	pakhaʊs	pakhaʊs	pakhaʊs	pakaos	compound	pack|haus	0.0	0.0	0.3333333333333333	pakhaʊ̯s	pakaos	0.125	0.3333333333333333
Paganismus	paɡanɪsmʊs	paɡanɪsmʊs	pɑɡanɪsmʊs	paganɪsmʊs	compound	pagan|ismus	0.0	0.1	0.1	paɡanɪsmʊs	pɑganɪsmʊs	0.0	0.2
Palmengattung	palmənɡatʊŋ	palmənɡatʊŋ	palmənɡatʊŋ	palmɛŋatʊŋ	compound	palmen|gattung	0.0	0.0	0.3	palmənɡatʊŋ	palmɛŋatʊŋ	0.0	0.3
Palmengewächs	palmənɡəvɛks	palmənɡəvɛks	palmənɡevɛks	palmɛŋevɛks	compound	palmen|gewächs	0.0	0.08333333333333333	0.36363636363636365	palmənɡəvɛks	palmɛŋevɛks	0.0	0.36363636363636365
Pancake	pɛŋkɛɪk	pankɑke	pankɑkə	pantsakə	compound	pan|ca|k|e	0.7142857142857143	0.7142857142857143	0.75	pankɑke	pankɑkə	0.7142857142857143	0.7142857142857143
Pannekuchen	panəkuːxən	panəkuxn	panekʊxən	pannekʊxən	compound	panne|kuchen	0.125	0.2222222222222222	0.3	panəkuxn̩	pannekʊxən	0.2222222222222222	0.3
Panz	pants	pants	pants	pants	compound	pan|z	0.0	0.0	0.0	pant͡s	pants	0.16666666666666666	0.0
Papierbeutel	papiːɐbɔɪtl	papiɐbɔɪtl	papiɾbɔøtəl	papiʁbəutel	compound	papier|beutel	0.0	0.2727272727272727	0.36363636363636365	papiɐ̯bɔɪ̯tl̩	pɑpiɾbɔøtel	0.23076923076923078	0.36363636363636365
Papierchromatographie	papiːɐkʁomatoɡʁafiː	papiɐkʁomatoɡʁafi	papiɾkɾomɑtɔɡɾafi	papiʁtsʁomatɔgʁafiə	compound	papier|chromatographie	0.0	0.29411764705882354	0.3157894736842105	papiɐ̯kʁomatoɡʁafi	pɑpiɾtsɾomɑtɔgɾafijə	0.05555555555555555	0.55
Papierschnittwunde	papiːɐʃnɪtvʊndə	papiɐʃnɪtvʊndə	papiɾʃnɪtvʊndə	papiʁstsnɪttvʊndə	compound	papier|schnittwunde	0.0	0.07142857142857142	0.29411764705882354	papiɐ̯ʃnɪtvʊndə	pɑpiɾstsnɪttvʊndə	0.06666666666666667	0.35294117647058826
Papiertasche	papiːɐtaʃə	papiɐtaʃə	papiɾtaʃə	papiʁtaʃə	compound	papier|tasche	0.0	0.1111111111111111	0.1111111111111111	papiɐ̯taʃə	pɑpiɾtaʃə	0.1	0.2222222222222222
Papiertonne	papiːɐtɔnə	papiɐtɔnə	papiɾtɔnə	papiʁtɔnnə	compound	papier|tonne	0.0	0.1111111111111111	0.2	papiɐ̯tɔnə	pɑpiɾtɔnnə	0.1	0.3
Pappschächtelchen	papʃɛctəlcən	papʃɛctlcən	papʃɛctəlcən	pappʃɛctɛlcən	compound	papp|schächtelchen	0.09090909090909091	0.0	0.15384615384615385	papʃɛçtl̩çən	pappʃɛçtɛlçən	0.3333333333333333	0.3076923076923077
Paprikaspeck	papʁikaʃpɛk	papʁikaspɛk	papɾikaspɛk	papʁikaspɛk	compound	paprikas|peck	0.09090909090909091	0.18181818181818182	0.09090909090909091	papʁikaʃpɛk	papɾikaspɛk	0.0	0.18181818181818182
Paranussbaum	paːʁanʊsbaʊm	paʁanʊsbaʊm	paranʊsbaʊm	paʁanʊssbaom	compound	paranuss|baum	0.0	0.09090909090909091	0.16666666666666666	paʁanʊsbaʊ̯m	pɑɾɑnʊssbaom	0.08333333333333333	0.4166666666666667
Parchend	parcənt	paʁcənd	pɑɾcənt	paʁxɛnt	compound	par|chen|d	0.2857142857142857	0.2857142857142857	0.42857142857142855	paʁçn̩t	paɾxɛnt	0.5714285714285714	0.42857142857142855
Parchent	parcənt	paʁcənt	paɾcɛnt	paʁxɛnt	compound	par|chen|t	0.14285714285714285	0.2857142857142857	0.42857142857142855	paʁçn̩t	paɾxɛnt	0.5714285714285714	0.42857142857142855
Parchet	parcət	paʁcɛt	pɑɾcət	paʁxət	compound	par|ch|et	0.3333333333333333	0.3333333333333333	0.3333333333333333	paʁçət	paɾxət	0.3333333333333333	0.3333333333333333
Parkour	paʁkuːɐ	paʁkouɐ	paɾkuɾ	paʁkouɐ	compound	park|o|ur	0.14285714285714285	0.3333333333333333	0.14285714285714285	paʁkouɐ̯	paɾkouɐ	0.25	0.2857142857142857
Parkplatzbetreiber	paɐkplatsbətʁaɪbɐ	paʁkplatsbətʁaɪbɐ	paɾkplatsbɛtɾaɪbɜ	paʁkplatsbɛtʁaebɐ	compound	parkplatz|betreiber	0.058823529411764705	0.23529411764705882	0.17647058823529413	paʁkplat͡sbətʁaɪ̯bɐ	paɾkplatsbɛtɾaebɐ̯	0.15789473684210525	0.2777777777777778
Partyband	paːɐtibɛnt	paɐtibant	paɾtybant	paʁtybant	compound	party|band	0.1111111111111111	0.3333333333333333	0.3333333333333333	paɐ̯tibant	paɾtybant	0.2	0.3333333333333333
Patentochter	paːtntɔxtɐ	patntɔxtɐ	patɛntɔxtɜ	patɛntɔxtɐ	compound	paten|tochter	0.0	0.2	0.1	patn̩tɔxtɐ	pɑtɛntɔxtɐ̯	0.1	0.2727272727272727
Patronymikum	patʁonyːmikʊm	patʁonymikʊm	patɾonymikʊm	patʁonymikum	compound	patronym|i|k|um	0.0	0.08333333333333333	0.08333333333333333	patʁonymikʊm	patɾonymikum	0.0	0.16666666666666666
Peenemünde	peːnəmʏndə	penəmʏndə	penemyndə	pəənemʏndə	compound	peene|münde	0.0	0.2222222222222222	0.3	penəmʏndə	penemʏndə	0.0	0.1111111111111111
Peenemündes	peːnəmʏndəs	penəmʏndəs	penemyndəs	pəənemʏndəs	compound	peene|münde|s	0.0	0.2	0.2727272727272727	penəmʏndəs	penemʏndəs	0.0	0.1
Pekannussbaum	peːkannʊsbaʊm	pekannʊsbaʊm	pekanʊsbaʊm	pekannʊssbaom	compound	pekannuss|baum	0.0	0.09090909090909091	0.15384615384615385	pekannʊsbaʊ̯m	pekannʊssbaom	0.07692307692307693	0.15384615384615385
Pekannussbaumes	piːkaːnnʊsbaʊməs	pekannʊsbaʊməs	pekanʊsbaʊməs	pekannʊssbaoməs	compound	pekannuss|baumes	0.07142857142857142	0.15384615384615385	0.2	pekannʊsbaʊ̯məs	pekannʊssbaoməs	0.13333333333333333	0.2
Pekannussbaums	piːkaːnnʊsbaʊms	pekannʊsbaʊms	pekanʊsbaʊms	pekannʊssbaoms	compound	pekannuss|baums	0.07692307692307693	0.16666666666666666	0.21428571428571427	pekannʊsbaʊ̯ms	pekannʊssbaoms	0.14285714285714285	0.21428571428571427
Pekannussbäume	piːkaːnnʊsbɔɪmə	pekannʊsbɔɪmə	pekanʊsbɔømə	pekannʊszbɔɔʏmə	compound	pekannuss|bäume	0.07692307692307693	0.25	0.26666666666666666	pekannʊsbɔɪ̯mə	pekannʊssbɔømə	0.14285714285714285	0.21428571428571427
Pelzhandschuh	pɛltshantʃuː	pɛltshantʃu	pɛltshantʃu	pɛltsantʃu	compound	pelz|handschuh	0.0	0.0	0.1	pɛlt͡shantʃu	pɛltsantʃu	0.08333333333333333	0.1
Pergamentbogen	pɛʁɡamɛntboːɡn	pɛʁɡamɛntboɡn	pɛɾɡaməntboɡən	pɛʁgamɛntbogən	compound	pergament|bogen	0.0	0.21428571428571427	0.21428571428571427	pɛʁɡamɛntboɡn̩	pɛɾgɑmɛntbogən	0.07142857142857142	0.35714285714285715
Perlenhalsband	pɛʁlənhalsbant	pɛʁlənhalsbant	pɛɾlənhalsbant	pɛʁlɛnalsbant	compound	perlen|halsband	0.0	0.07142857142857142	0.15384615384615385	pɛʁlənhalsbant	pɛɾlɛnalsbant	0.0	0.23076923076923078
Perlenhalsbandes	pɛʁlənhalsbandəs	pɛʁlənhalsbandəs	pɛɾlənhalsbandəs	pɛʁlɛnalsbandəs	compound	perlen|halsbandes	0.0	0.0625	0.13333333333333333	pɛʁlənhalsbandəs	pɛɾlɛnalsbandəs	0.0	0.2
Perlenhalsbands	pɛʁlənhalsbants	pɛʁlənhalsbants	pɛɾlənhalsbants	pɛʁlɛnalsbants	compound	perlen|halsbands	0.0	0.06666666666666667	0.14285714285714285	pɛʁlənhalsbant͡s	pɛɾlɛnalsbants	0.0625	0.21428571428571427
Perlenhalsbänder	pɛʁlənhalsbɛndɐ	pɛʁlənhalsbɛndɐ	pɛɾlənhalsbɛndɜ	pɛʁlɛnalsbɛndɐ	compound	perlen|halsbänder	0.0	0.13333333333333333	0.14285714285714285	pɛʁlənhalsbɛndɐ	pɛɾlɛnalsbɛndɐ̯	0.0	0.26666666666666666
Perversling	pɛʁvɛʁslɪŋ	pɛʁvɛʁslɪŋ	pɛɾvɛɾslɪŋ	pɛʁvɛʁslɪŋ	compound	pervers|l|ing	0.0	0.2	0.0	pɛʁvɛʁslɪŋ	pɛɾvɛɾslɪŋ	0.0	0.2
Petersil	petɐsiːl	petɐsɪl	petɜzil	pətɛʁzil	compound	peters|il	0.14285714285714285	0.2857142857142857	0.5	petɐzɪl	petɛɾzil	0.2857142857142857	0.375
Petulanz	pɛtʊlants	pɛtulants	petulants	pətulants	compound	p|et|ulan|z	0.1111111111111111	0.2222222222222222	0.2222222222222222	petulant͡s	petulants	0.3	0.2222222222222222
Peugeot	pøʃoː	pɔøɡeot	pɔøɡeot	pɔɔʏgəot	compound	peu|geo|t	0.5714285714285714	0.5714285714285714	0.75	pɔøɡeot	pɔøgeot	0.5714285714285714	0.5714285714285714
Pfalzerzherzog	pfaltseːɐtshɛʁtsoːk	pfaltseɐtshɛʁtsok	pfaltsɜtshɜtsok	pfaltsɛɐtseɐtsok	compound	pfalz|erzherzog	0.0	0.26666666666666666	0.25	p͡falt͡sɛɐ̯t͡seɐ̯ʃoɐ̯t͡st	pfaltsɛɾtsɛɾtsok	0.6	0.25
Pfalzgraf	pfaltsɡraːf	pfaltsɡʁaf	pfaltsɡɾɑf	pfaltsgʁaf	compound	pfalz|graf	0.1	0.2	0.2	p͡falt͡sɡʁaf	pfaltsgɾɑf	0.25	0.3
Pfandbecher	pfantbɛcɐ	pfantbɛcɐ	pfandbɛcɜ	pfantbɛcɐ	compound	pfand|becher	0.0	0.2222222222222222	0.0	p͡fantbɛçɐ	pfantbɛçɐ̯	0.2	0.2
Pfandgeld	pfantɡɛlt	pfantɡɛlt	pfandɡɛlt	pfantgɛlt	compound	pfand|geld	0.0	0.1111111111111111	0.1111111111111111	p͡fantɡɛlt	pfantgɛlt	0.1	0.1111111111111111
Pfannekuchen	pfanəkuːxən	pfanəkuxn	pfanekʊxən	pfannekʊxən	compound	pfanne|kuchen	0.1111111111111111	0.2	0.2727272727272727	p͡fanəkuxn̩	pfannekʊxən	0.2727272727272727	0.2727272727272727
Pfarrbezirk	pfaʁbətsɪʁk	pfaʁbətsɪʁk	pfaɾbetsɪɾk	pfaʁʁbetsɪʁk	compound	pfarr|bezirk	0.0	0.2727272727272727	0.16666666666666666	p͡faʁbət͡sɪʁk	pfaɾɾbetsɪɾk	0.15384615384615385	0.3333333333333333
Pfautaube	pfaʊtaʊbə	pfaʊtaʊbə	pfaʊtaʊbə	pfaotaobə	compound	pfau|taube	0.0	0.0	0.2222222222222222	p͡faʊ̯taʊ̯bə	pfaotaobə	0.25	0.2222222222222222
Pfeffernuss	pfɛfɐnʊs	pfɛfɐnʊs	pfɛfɜnʊs	pfɛffɛʁnʊss	compound	pfeffer|nuss	0.0	0.125	0.36363636363636365	p͡fɛfɐnʊs	pfɛffɛɾnʊss	0.1111111111111111	0.36363636363636365
Pfeffernüsse	pfɛfɐnʏsə	pfɛfɐnʏsə	pfɛfɜnysə	pfɛffɛʁnʏszə	compound	pfeffer|nüsse	0.0	0.2222222222222222	0.3333333333333333	p͡fɛfɐnʏsə	pfɛffɛɾnʏszə	0.1	0.3333333333333333
Pfeffersack	pfɛfɐzak	pfɛfɐsak	pfɛfɜzak	pfɛffɛʁzak	compound	pfeffer|sack	0.125	0.125	0.3	p͡fɛfɐzak	pfɛffɛɾzak	0.1111111111111111	0.3
Pferdeschweif	pfeːɐdəʃvaɪf	pfeɐdəʃvaɪf	pfɛɾdɛʃvaɪf	pfɛʁdɛʃvaef	compound	pferde|schweif	0.0	0.2727272727272727	0.36363636363636365	p͡feɐ̯dəʃvaɪ̯f	pfɛɾdɛʃvaef	0.21428571428571427	0.36363636363636365
Pflanzenmilch	pflantsnmɪlc	pflantsnmɪlc	pflantsənmɪlc	pflantsɛnmɪlc	compound	pflanzen|milch	0.0	0.07692307692307693	0.07692307692307693	p͡flant͡sn̩mɪlç	pflantsɛnmɪlç	0.26666666666666666	0.15384615384615385
Pflastermaler	pflastɐmaːlɐ	pflastɐmalɐ	pflastɜmɑlɜ	pflastɛʁmalɐ	compound	pflaster|maler	0.0	0.2727272727272727	0.16666666666666666	p͡flastɐmalɐ	pflastɛɾmalɐ̯	0.08333333333333333	0.23076923076923078
Pflastermalerin	pflastɐmaːləʁɪn	pflastɐmaləʁɪn	pflastɜmɑlərɪn	pflastɛʁmalɐɪn	compound	pflaster|malerin	0.0	0.21428571428571427	0.2857142857142857	p͡flastɐmaləʁɪn	pflastɛɾmalɐ̯ɪn	0.06666666666666667	0.26666666666666666
Pflastermalerinnen	flastɐmaːləʁɪnən	pflastɐmaləʁɪnən	pflastɜmɑlerɪnən	pflastɛʁmaleʁɪnnən	compound	pflaster|malerinnen	0.0625	0.3125	0.2777777777777778	p͡flastɐmaləʁɪnən	pflastɛɾmɑleɾɪnnən	0.11764705882352941	0.3888888888888889
Pflastermalers	pflastɐmaːlɐs	pflastɐmalɐs	pflastɜmɑlɜs	pflastɛʁmalɛʁs	compound	pflaster|malers	0.0	0.25	0.2857142857142857	p͡flastɐmalɐs	pflastɛɾmɑlɛɾs	0.07692307692307693	0.35714285714285715
Pfurz	pfʊɐts	pfʊʁts	pf??ts	pfʊʁts	compound	p|furz	0.16666666666666666	0.3333333333333333	0.16666666666666666	p͡fʊʁt͡s	pfʊɾts	0.375	0.16666666666666666
Pfädchen	pfɛːtcən	pfɛtcən	pfɛdcən	pfɛdcən	compound	p|fädchen	0.0	0.14285714285714285	0.14285714285714285	p͡fɛtçən	pfɛdçən	0.25	0.2857142857142857
Phasenraum	faːzənʁaʊm	faznʁaʊm	fɑzənraʊm	fazɛnʁaom	compound	phasen|raum	0.125	0.2222222222222222	0.2222222222222222	fazn̩ʁaʊ̯m	fɑzɛnɾaom	0.3	0.4444444444444444
Photometrie	foːtometʁiː	fotometʁie	fotomɛtɾi	fotomɛtʁiə	compound	photo|met|r|i|e	0.1	0.2222222222222222	0.2	fotometʁi	fotomɛtɾijə	0.0	0.36363636363636365
Pierona	pjerɔna	piɐona	pironɑ	piʁona	compound	pier|on|a	0.6666666666666666	0.6666666666666666	0.6666666666666666	pi̯eʁona	piɾonɑ	0.5	0.8333333333333334
Pilgermuschel	pɪlɡɐmʊʃl	pɪlɡɐmʊʃl	pɪlɡɜmʊʃəl	pɪlgɛʁmʊʃəl	compound	pilger|muschel	0.0	0.2	0.36363636363636365	pɪlɡɐmʊʃl̩	pɪlgɛɾmʊʃel	0.1	0.36363636363636365
Pilzkopf	pɪltskɔpf	pɪltskɔpf	pɪltskɔpf	pɪltskɔpf	compound	pilz|kopf	0.0	0.0	0.0	pɪlt͡skɔp͡f	pɪltskɔpf	0.18181818181818182	0.0
Pilzsuppe	pɪltszʊpə	pɪltszʊpə	pɪltszʊpə	pɪltszʊppə	compound	pilz|suppe	0.0	0.0	0.1	pɪlt͡szʊpə	pɪltszʊppə	0.1	0.1
Pinnchen	pɪncən	pɪncən	pɪncən	pɪnncən	compound	pinn|chen	0.0	0.0	0.14285714285714285	pɪnçən	pɪnnçən	0.16666666666666666	0.2857142857142857
Pipimanne	pɪpimanə	pipimanə	pipimanə	pipimannə	compound	pipi|manne	0.125	0.125	0.2222222222222222	pipimanə	pipimannə	0.125	0.2222222222222222
Piratenflagge	piʁaːtnflaɡə	piʁatnflaɡə	piratɛnflɑɡə	piʁatɛnflagə	compound	piraten|flagge	0.0	0.25	0.16666666666666666	piʁatn̩flaɡə	piɾɑtɛnflagə	0.08333333333333333	0.3333333333333333
Plastbecher	plastbɛcɐ	plastbɛcɐ	plastbɛcɜ	plastbɛcɐ	compound	plast|becher	0.0	0.1111111111111111	0.0	plastbɛçɐ	plastbɛçɐ̯	0.1111111111111111	0.2
Plastbesteck	plastbəʃtɛk	plastbəʃtɛk	plastbɛstɛk	plastbɛstɛk	compound	plast|besteck	0.0	0.18181818181818182	0.18181818181818182	plastbəʃtɛk	plastbɛstɛk	0.0	0.18181818181818182
Plastbeutel	plastbɔɪtl	plastbɔɪtl	plastbɔøtəl	plastbɔɔʏtel	compound	plast|beutel	0.0	0.18181818181818182	0.25	plastbɔɪ̯tl̩	plastbɔøtel	0.16666666666666666	0.18181818181818182
Plastbomber	plastbɔmbɐ	plastbɔmbɐ	plastbɔmbɜ	plastbɔmbɐ	compound	plast|bomber	0.0	0.1	0.0	plastbɔmbɐ	plastbɔmbɐ̯	0.0	0.09090909090909091
Plastdeckel	plastdɛkl	plastdɛkl	plastdɛkəl	plastdɛkel	compound	plast|deckel	0.0	0.1	0.1	plastdɛkl̩	plastdɛkel	0.1	0.1
Plastebehälter	plastəbəhɛltɐ	plastəbəhɛltɐ	plastebeɛltɜ	plastebeɛltɐ	compound	plaste|behälter	0.0	0.3333333333333333	0.25	plastəbəhɛltɐ	plastebeɛltɐ̯	0.0	0.3076923076923077
Plastebesteck	plastəbəʃtɛk	plastəbəʃtɛk	plastebɛstɛk	plastebəʃtɛk	compound	plaste|besteck	0.0	0.25	0.08333333333333333	plastəbəʃtɛk	plastebɛstɛk	0.0	0.25
Plastebeutel	plastəbɔɪtl	plastəbɔɪtl	plastebɔøtəl	plastebəutel	compound	plaste|beutel	0.0	0.25	0.3333333333333333	plastəbɔɪ̯tl̩	plastebɔøtel	0.15384615384615385	0.25
Plastebomber	plastəbɔmbɐ	plastəbɔmbɐ	plastebɔmbɜ	plastebɔmbɐ	compound	plaste|bomber	0.0	0.18181818181818182	0.09090909090909091	plastəbɔmbɐ	plastebɔmbɐ̯	0.0	0.16666666666666666
Plastedeckel	plastədɛkl	plastədɛkl	plastedɛkəl	plastedɛkel	compound	plaste|deckel	0.0	0.18181818181818182	0.18181818181818182	plastədɛkl̩	plastedɛkel	0.09090909090909091	0.18181818181818182
Plasteeimer	plastəʔaɪmɐ	plastəaɪmɐ	plasteimɜ	plastəaemɐ	compound	plaste|eimer	0.0	0.4444444444444444	0.1	plastəaɪ̯mɐ	plastəaemɐ̯	0.09090909090909091	0.18181818181818182
Plastegabel	plastəɡaːbl	plastəɡabl	plasteɡɑbəl	plastegabəl	compound	plaste|gabel	0.0	0.2727272727272727	0.2727272727272727	plastəɡabl̩	plastegɑbel	0.09090909090909091	0.36363636363636365
Plastegehäuse	plastəɡəhɔɪzə	plastəɡəhɔɪzə	plasteɡeɔøzə	plastegeɔɔʏzə	compound	plaste|gehäuse	0.0	0.3333333333333333	0.38461538461538464	plastəɡəhɔɪ̯zə	plastegeɔøzə	0.07142857142857142	0.4166666666666667
Plastegeschirr	plastəɡəʃɪʁ	plastəɡəʃɪʁ	plasteɡɛʃɪɾ	plastegɛʃɪʁʁ	compound	plaste|geschirr	0.0	0.2727272727272727	0.3333333333333333	plastəɡəʃɪʁ	plastegɛʃɪɾɾ	0.0	0.4166666666666667
Plasteimer	plastʔaɪmɐ	plastaɪmɐ	plastaɪmɜ	plastaemɐ	compound	plast|eimer	0.0	0.1111111111111111	0.1111111111111111	plastəɪmɐ	plastaemɐ̯	0.1111111111111111	0.2
Plasteindustrie	plastəʔɪndʊstʁiː	plastəɪndʊstʁi	plastaɪndʊstɾi	plastaendʊstʁiə	compound	plaste|industrie	0.0	0.14285714285714285	0.2	plastəɪndʊstʁi	plastaendʊstɾijə	0.0	0.3125
Plastekrug	plastəkʁuːk	plastəkʁuk	plastɛkɾuk	plastɛkʁuk	compound	plaste|krug	0.0	0.2	0.1	plastəkʁuk	plastɛkɾuk	0.0	0.2
Plastelöffel	plastəlœfl	plastəlœfl	plastəlœfəl	plastelœffel	compound	plaste|löffel	0.0	0.09090909090909091	0.25	plastəlœfl̩	plastelœffel	0.09090909090909091	0.25
Plastemesser	plastəmɛsɐ	plastəmɛsɐ	plastemɛsɜ	plastəmɛszɐ	compound	plaste|messer	0.0	0.2	0.09090909090909091	plastəmɛsɐ	plastemɛszɐ̯	0.0	0.25
Plastepuppe	plastəpʊpə	plastəpʊpə	plastepʊpə	plastepʊppə	compound	plaste|puppe	0.0	0.1	0.18181818181818182	plastəpʊpə	plastepʊppə	0.0	0.18181818181818182
Plasterzeugung	plastʔɛɐtsɔɪɡʊŋ	plastɛɐtsɔɪɡʊŋ	plastɜtsɔøɡʊŋ	plastɛʁtsɔɔʏgʊŋ	compound	plast|erzeugung	0.0	0.23076923076923078	0.26666666666666666	plastɛɐ̯t͡sɔɪ̯ɡʊŋ	plastɛɾtsɔøgʊŋ	0.17647058823529413	0.21428571428571427
Plastetasche	plastətaʃə	plastətaʃə	plastetaʃə	plastətaʃə	compound	plaste|tasche	0.0	0.1	0.0	plastətaʃə	plastetaʃə	0.0	0.1
Plastetüte	plastətyːtə	plastətytə	plastetytə	plastətytə	compound	plaste|tüte	0.0	0.1	0.0	plastətytə	plastetytə	0.0	0.1
Plastewanne	plastəvanə	plastəvanə	plastevanə	plastevannə	compound	plaste|wanne	0.0	0.1	0.18181818181818182	plastəvanə	plastevannə	0.0	0.18181818181818182
Plastgehäuse	plastɡəhɔɪzə	plastɡəhɔɪzə	plastɡeɔøzə	plastgeɔɔʏzə	compound	plast|gehäuse	0.0	0.2727272727272727	0.3333333333333333	plastɡəhɔɪ̯zə	plastgeɔøzə	0.07692307692307693	0.36363636363636365
Plastgeschirr	plastɡəʃɪʁ	plastɡəʃɪʁ	plastɡɛʃɪɾ	plastgɛʃɪʁʁ	compound	plast|geschirr	0.0	0.2	0.2727272727272727	plastɡəʃɪʁ	plastgɛʃɪɾɾ	0.0	0.36363636363636365
Plastikgabel	plastɪkɡaːbəl	plastɪkɡabl	plastɪkɡɑbəl	plastɪkgabəl	compound	plastik|gabel	0.09090909090909091	0.08333333333333333	0.08333333333333333	plastɪkɡabl̩	plastɪkgɑbel	0.16666666666666666	0.25
Plastikschraubverschluss	plastɪkʃʁaʊpfɛɐʃlʊs	plastɪkʃʁaʊpfɛɐʃlʊs	plastɪkʃraʊbfɜʃlʊs	plastɪkʃʁaopvɛʁstslʊss	compound	plastik|schraubverschluss	0.0	0.2222222222222222	0.3181818181818182	plastɪkʃʁaʊ̯pfɛɐ̯ʃlʊs	plastɪkʃɾaopvɛɾstslʊss	0.09523809523809523	0.36363636363636365
Plastikschwanz	plastɪkʃvants	plastɪkʃvants	plastɪkʃvants	plastɪkʃvants	compound	plastik|schwanz	0.0	0.0	0.0	plastɪkʃvant͡s	plastɪkʃvants	0.07142857142857142	0.0
Plastindustrie	plastʔɪndʊstʁiː	plastɪndʊstʁi	plastɪndʊstɾi	plastɪndʊstʁiə	compound	plast|industrie	0.0	0.07692307692307693	0.07142857142857142	plastɪndʊstʁi	plastɪndʊstɾijə	0.0	0.2
Plastlöffel	plastlœfl	plastlœfl	plastlœfəl	plastlœffel	compound	plast|löffel	0.0	0.1	0.18181818181818182	plastlœfl̩	plastlœffel	0.1	0.18181818181818182
Plastrahmen	plastʁaːmən	plastʁamən	plastɾɑmən	plastʁamən	compound	plast|rahmen	0.0	0.2	0.0	plastʁamən	plastɾɑmən	0.0	0.2
Plastrohr	plastʁoːɐ	plastʁoɐ	plastɾoɾ	plastʁoʁ	compound	plast|rohr	0.0	0.25	0.125	plastʁoɐ̯	plastɾoɾ	0.1111111111111111	0.25
Plasttüte	plasttyːtə	plasttytə	plastytə	plasttytə	compound	plast|tüte	0.0	0.125	0.0	plasttytə	plasttytə	0.0	0.0
Plastwanne	plastvanə	plastvanə	plastvanə	plastvannə	compound	plast|wanne	0.0	0.0	0.1	plastvanə	plastvannə	0.0	0.1
Platinoid	platinoʔiːt	platinoit	plɑtinoit	platinɔit	compound	platin|o|id	0.0	0.1111111111111111	0.1111111111111111	platinoit	plɑtinoit	0.0	0.1111111111111111
Platzdeckchen	platsdɛkcən	platsdɛkcən	platsdɛkcən	platsdɛkcən	compound	platz|deckchen	0.0	0.0	0.0	plat͡sdɛkçən	platsdɛkçən	0.16666666666666666	0.09090909090909091
Plusenergiehaus	plʊsʔenɛʁɡiːhaʊs	plʊsenɛʁɡihaʊs	pluzənɜɡiaʊs	pluzənɛʁgiaos	compound	plus|energie|haus	0.0	0.5	0.46153846153846156	plʊsenɛʁɡihaʊ̯s	pluzenɛɾgiaos	0.06666666666666667	0.46153846153846156
Polentum	poːləntuːm	poləntum	poləntum	polɛntum	compound	polen|tu|m	0.0	0.0	0.125	poləntʊm	poləntum	0.125	0.0
Polterplatz	pɔltɐplats	pɔltɐplats	pɔltɜplats	pɔltɛʁplats	compound	polter|platz	0.0	0.1	0.18181818181818182	pɔltɐplat͡s	pɔltɛɾplats	0.09090909090909091	0.18181818181818182
Polyterpen	politɛʁpeːn	politɛʁpen	polytɛɾpən	polytɛʁpən	compound	poly|terpen	0.0	0.3	0.2	politɛʁpn̩	polytɛɾpən	0.2	0.3
Polyterpene	politɛʁpeːnə	politɛʁpenə	polytɛɾpənə	polytɛʁpənə	compound	poly|terpene	0.0	0.2727272727272727	0.18181818181818182	politɛʁpn̩e	polytɛɾpənə	0.2727272727272727	0.2727272727272727
Polyterpens	politɛʁpeːns	politɛʁpens	polytɛɾpəns	polytɛʁpɛns	compound	poly|terpens	0.0	0.2727272727272727	0.18181818181818182	politɛʁpn̩s	polytɛɾpɛns	0.18181818181818182	0.2727272727272727
Pommesgeneral	pɔməsɡenəʁaːl	pɔməsɡenəʁal	pɔmɛsɡenərɑl	pɔmmɛsgəneʁal	compound	pommes|general	0.0	0.25	0.38461538461538464	pɔməsɡenəʁal	pɔmmɛsgənɐ̯al	0.0	0.46153846153846156
Porigkeit	poːʁɪckaɪt	poʁɪckaɪt	porɪckaɪt	poʁɪkkəit	compound	po|r|igkeit	0.0	0.1111111111111111	0.3333333333333333	poʁɪkkaɪ̯t	poɾɪkkəit	0.2	0.4444444444444444
Postfaschist	pɔstfaʃɪst	postfaʃɪst	pɔstfaʃɪst	pɔstfaʃɪst	compound	post|faschist	0.1	0.0	0.0	pɔstfaʃɪst	pɔstfaʃɪst	0.0	0.0
Prachtstaffelschwanz	pʁaχtʃtafəlʃvants	pʁaxtʃtaflʃvants	pɾaxtstafɛlʃvants	pʁaxtstaffɛlstsvants	compound	pracht|staffel|schwanz	0.125	0.23529411764705882	0.35	pʁaxtʃtafl̩ʃvant͡s	pɾaxtstaffɛlstsvants	0.2222222222222222	0.4
Prachtstrasse	pʁaχtʃtʁaːsə	pʁaxtʃtʁasə	pɾaxtstɾasə	pʁaxtstʁaszə	compound	pracht|strasse	0.09090909090909091	0.36363636363636365	0.25	pʁaxtʃtʁasə	pɾaxtstɾaszə	0.09090909090909091	0.4166666666666667
Praliné	pralineː	pʁaline	pɾɑline	pʁalɪnt	compound	[]	0.14285714285714285	0.2857142857142857	0.42857142857142855	pʁaline	pɾɑlinCONSONANTUNACCOUNTEDFOR	0.14285714285714285	0.8620689655172413
Pregel	pʁeːɡl	pʁeɡl	pɾeɡəl	pʁegəl	compound	p|regel	0.0	0.3333333333333333	0.3333333333333333	pʁeɡl̩	pɾegel	0.16666666666666666	0.5
Preisgeber	pʁaɪsɡeːbɐ	pʁaɪsɡebəʁ	pɾaɪsɡebɜ	pʁaesgebɐ	compound	preisgebe|r	0.2	0.2222222222222222	0.2222222222222222	pʁaɪ̯sɡebɐ	pɾaesgebɐ̯	0.1	0.4
Prekarisierung	pʁekaʁiziːʁʊŋ	pʁekaʁiziʁʊŋ	pɾekarizirʊŋ	pʁekaʁiziʁʊŋ	compound	p|re|k|arisierung	0.0	0.25	0.0	pʁekaʁiziʁʊŋ	pɾekɑɾiziɐ̯ʊŋ	0.0	0.38461538461538464
Pressehaus	pʁɛsəhaʊs	pʁɛsəhaʊs	pɾɛseaʊs	pʁɛszeaos	compound	presse|haus	0.0	0.375	0.3333333333333333	pʁɛsəhaʊ̯s	pɾɛszeaos	0.1	0.4444444444444444
Priestertum	pʁiːstɐtuːm	pʁistɐtum	pɾistɜtum	pʁistɛʁtum	compound	priester|tu|m	0.0	0.2222222222222222	0.2	pʁistɐtum	pɾistɐ̯tum	0.0	0.2
Priestertümer	pʁiːstɐtyːmɐ	pʁistɐtymeɐ	pɾistɜtymɜ	pʁistɛʁtymɐ	compound	priester|t|ü|m|er	0.09090909090909091	0.3	0.18181818181818182	pʁistɐtymɐ	pɾistɛɾtymɐ̯	0.0	0.3333333333333333
Primgeigern	pʁimɡaɪɡɐn	pʁimɡaɪɡɐn	pɾɪmɡaɪɡɜn	pʁɪmgəɪgɛʁn	compound	prim|geigern	0.0	0.3	0.5454545454545454	pʁimɡaɪ̯ɡɐn	pɾɪmgaegɛɾn	0.09090909090909091	0.6363636363636364
Primärkunststoff	pʁimɛːɐkʊnstʃtɔf	pʁimɛɐkʊnstʃtɔf	pɾimɛɾkʊnststɔf	pʁimɛʁkʊnststɔff	compound	primär|kunststoff	0.0	0.2	0.1875	pʁimɛɐ̯kʊnstʃtɔf	pɾimɛɾkʊnststɔff	0.0625	0.25
Prinzgemahl	pʁɪntsɡəmaːl	pʁɪntsɡəmal	pɾɪntsɡemɑl	pʁɪntsgəmal	compound	prinz|gemahl	0.0	0.2727272727272727	0.09090909090909091	pʁɪnt͡sɡəmal	pɾɪntsgemɑl	0.08333333333333333	0.36363636363636365
Privatstraße	privaːtʃtʁaːsə	pʁivatʃtʁasə	pɾivɑtstɾɑsə	pʁivatstʁaszə	compound	privat|straße	0.08333333333333333	0.4166666666666667	0.23076923076923078	pʁivatʃtʁasə	pɾivatstɾɑpə	0.08333333333333333	0.4166666666666667
Privatsträßchen	privaːtʃtʁɛːscən	pʁivatʃtʁɛscən	pɾivɑtʃtɾɛscən	pʁivatstʁɛsʃən	compound	privat|sträßchen	0.07142857142857142	0.21428571428571427	0.21428571428571427	pʁivatʃtʁɛsçən	pɾivatstɾɛʃən	0.14285714285714285	0.38461538461538464
Privatsträßlein	privaːtʃtʁɛːslaɪn	pʁivatʃtʁɛslaɪn	pɾivɑtʃtɾɛslaɪn	pʁivatstʁɛssləɪn	compound	privat|sträßlein	0.06666666666666667	0.2	0.25	pʁivatʃtʁɛslaɪ̯n	pɾivatstɾɛasləɪn	0.125	0.3125
Problemfilm	pʁobleːmfɪlm	pʁoblemfɪlm	pɾoblemfɪlm	pʁɔblɛmfɪlm	compound	problem|film	0.0	0.09090909090909091	0.18181818181818182	pʁoblemfɪlm	pɾɔblɛmfɪlm	0.0	0.2727272727272727
Prochaska	proxaska	pʁocaska	pɾoxaskɑ	pʁɔxaska	compound	pro|ch|as|k|a	0.25	0.25	0.25	pʁoxaska	pɾɔxaskɑ	0.125	0.375
Prochazka	proxatska	pʁocatska	pɾoxatskɑ	pʁɔxaska	compound	pro|ch|a|z|k|a	0.2222222222222222	0.2222222222222222	0.375	pʁɔxakza	pɾɔxatskɑ	0.625	0.3333333333333333
Produktivkraft	pʁodʊktiːfkʁaft	pʁodʊktifkʁaft	pɾodʊktɪvkɾaft	pʁodʊktɪfkʁaft	compound	produktiv|kraft	0.0	0.2857142857142857	0.07142857142857142	pʁodʊktifkʁaft	pɾodʊktɪfkɾaft	0.0	0.21428571428571427
Professorchen	pʁofɛsoːɐcən	pʁofɛsoɐcən	pɾofɛsoɾcən	pʁofɛszɔʁxən	compound	professor|chen	0.0	0.18181818181818182	0.3333333333333333	pʁofɛsoɐ̯çən	pɾofɛszɔɾxən	0.16666666666666666	0.4166666666666667
Professorlein	pʁofɛsoːɐlaɪn	pʁofɛsoɐlaɪn	pɾofɛsɔɾlaɪn	pʁofɛszɔʁləɪn	compound	professor|lein	0.0	0.25	0.3076923076923077	pʁofɛsoɐ̯laɪ̯n	pɾofɛszɔɾləɪn	0.14285714285714285	0.38461538461538464
Prohaska	prohaska	pʁohɑska	pɾohaskɑ	pʁoaska	compound	pro|has|k|a	0.25	0.25	0.2857142857142857	pʁohaska	pɾoaskɑ	0.125	0.42857142857142855
Prohazka	prohatska	pʁohatska	pɾohatskɑ	pʁoaska	compound	pro|ha|z|k|a	0.1111111111111111	0.2222222222222222	0.42857142857142855	pʁohat͡ska	pɾoatskɑ	0.2	0.375
Propagandafälschung	pʁopaɡandafɛlʃʊŋ	pʁopaɡandafɛlʃʊŋ	pɾopɑɡandɑfɛlʃʊŋ	pʁopagandafɛlʃʊŋ	compound	propaganda|fälschung	0.0	0.1875	0.0625	pʁopaɡandafɛlʃʊŋ	pɾopɑgandɑfɛlʃʊŋ	0.0	0.25
Prophetentum	pʁofeːtntuːm	pʁofetntum	pɾofetəntum	pʁɔfətɛntum	compound	propheten|tu|m	0.0	0.18181818181818182	0.2727272727272727	pʁofetn̩tum	pɾɔfətəntum	0.09090909090909091	0.36363636363636365
Prophetenzitat	pʁofeːtntsitaːt	pʁofetntsitat	pɾofetəntsitɑt	pʁɔfətɛntsitat	compound	propheten|zitat	0.0	0.21428571428571427	0.21428571428571427	pʁofetn̩t͡sitat	pɾɔfetɛntsitɑt	0.13333333333333333	0.2857142857142857
Prophetie	pʁofetiː	pʁofetie	pɾofeti	pʁɔfətiə	compound	prophet|i|e	0.125	0.14285714285714285	0.375	pʁofetie	pɾɔfətijə	0.125	0.5555555555555556
Prosopographie	pʀozopoɡʁafiː	pʁosɔpoɡʁafi	pɾozopɔɡɾafi	pʁozopɔgʁafiə	compound	pros|op|o|graphie	0.25	0.25	0.3076923076923077	pʁozopoɡʁafi	pɾozopɔgɾafijə	0.08333333333333333	0.42857142857142855
Proteinbindungsdomäne	pʁoteiːnbɪndʊŋsdomɛːnə	pʁoteinbɪndʊŋsdomɛnə	pɾotaɪnbɪndʊŋsdomɛnə	pʁotaenbɪndʊŋsdomɛnə	compound	protein|bindung|s|domäne	0.0	0.15	0.1	pʁoteinbɪndʊŋsdomɛnə	pɾotaenbɪndʊŋsdomɛnə	0.0	0.15
Proteindomäne	pʁoteiːndomɛːnə	pʁoteindomɛnə	pɾotaɪndomɛnə	pʁotaendomɛnə	compound	protein|domäne	0.0	0.23076923076923078	0.15384615384615385	pʁoteindomɛnə	pɾotaendomɛnə	0.0	0.23076923076923078
Proteinsynthese	pʁoteiːnzʏnteːzə	pʁoteinzʏntezə	pɾotaɪnzyntəsə	pʁotaenzʏntəsə	compound	protein|synthese	0.0	0.42857142857142855	0.2857142857142857	pʁoteinzʏntezə	pɾotaenzʏntəsə	0.0	0.35714285714285715
Präantepänultima	pʁɛːantəpɛːnʔʊltima	pʁɛantəpɛnʊltima	pɾɛantepɛnʊltimɑ	pʁɛantepɛnʊltima	compound	prä|antepänultima	0.0	0.1875	0.0625	pʁɛantəpɛnlɪmtia	pɾɛantepɛnʊltimɑ	0.25	0.1875
Präarchaikum	pʁɛːaʁcaːikʊm	pʁɛaʁcaikʊm	pɾɛaɾcaɪkʊm	pʁɛaʁxaikum	compound	prä|archaikum	0.0	0.2727272727272727	0.18181818181818182	pʁɛaʁçaikʊm	pɾɛaɾxaekum	0.09090909090909091	0.45454545454545453
Prädialadel	pʁɛːdiaːlaːdl	pʁɛdialadəl	pɾɛdiɑladəl	pʁɛdialadel	compound	prä|dia|lade|l	0.09090909090909091	0.2727272727272727	0.09090909090909091	pʁɛdi̯aladl̩	pɾɛdialɑdel	0.16666666666666666	0.2727272727272727
Prägeanstalt	pʁɛːɡəanʃtalt	pʁɛɡəanʃtalt	pɾɛɡeanstalt	pʁɛgəanʃtalt	compound	präge|anstalt	0.0	0.25	0.08333333333333333	pʁɛɡəanʃtalt	pɾɛgeanstalt	0.0	0.3333333333333333
Präordnung	pʁɛːɔʁdnʊŋ	pʁɛɔʁdnʊŋ	pɾɛɔɾdnʊŋ	pʁɛɔʁdnʊŋ	compound	prä|ordnung	0.0	0.2222222222222222	0.0	pʁɛɔʁdnʊŋ	pɾɛɔɾdnʊŋ	0.0	0.2222222222222222
Präparator	pʁɛpaʁatoːɐ	pʁɛpaʁatoʁ	pɾɛparɑtoɾ	pʁɛpaʁatoʁ	compound	präparat|o|r	0.1	0.4	0.1	pʁɛpaʁatoɐ̯	pɾɛpɑɾɑtoɾ	0.09090909090909091	0.5
Prügler	pʁyːɡlɐ	pʁyɡləʁ	pɾyɡlɜ	pʁʏglɐ	compound	prügle|r	0.2857142857142857	0.3333333333333333	0.3333333333333333	pʁyɡləʁ	pɾʏglɐ̯	0.2857142857142857	0.5714285714285714
Psychedelika	psycədeːlikaː	psycədelaɪka	pzycedɛlikɑ	psʏcedelika	compound	psyche|de|lik|a	0.16666666666666666	0.36363636363636365	0.18181818181818182	psyçədelika	psʏçedelikɑ	0.09090909090909091	0.36363636363636365
Psychedelikum	psycədeːlikʊm	psycədelaɪkʊm	pzycedɛlikʊm	psʏcedelikum	compound	psyche|de|lik|um	0.15384615384615385	0.25	0.25	psyçədelikʊm	psʏçedelikum	0.08333333333333333	0.3333333333333333
Psychedelikums	psycədeːlikʊms	psycədelaɪkʊms	pzycedɛlikʊms	psʏcedelikʊms	compound	psyche|de|lik|ums	0.14285714285714285	0.23076923076923078	0.15384615384615385	psyçədelikʊms	psʏçedelikʊms	0.07692307692307693	0.23076923076923078
Pudelhund	puːdlhʊnt	pudlhʊnt	pudəlhʊnt	pudɛlʊnt	compound	pudel|hund	0.0	0.1111111111111111	0.25	pudl̩hʊnt	pudɛlʊnt	0.1111111111111111	0.25
Pudelmützchen	puːdlmʏtscən	pudlmʏtscən	pudəlmytscən	pudɛlmʏttscən	compound	pudel|mützchen	0.0	0.16666666666666666	0.15384615384615385	pudl̩mʏt͡sçən	pudɛlmʏtʃən	0.23076923076923078	0.2727272727272727
Puderquaste	puːdɐkvastə	pudɐkvastə	pudɜkvastə	pudɐkvuastə	compound	puder|quaste	0.0	0.1	0.09090909090909091	pudɐkvastə	pudɛɾkvuastə	0.0	0.25
Puffmais	pʊfmaɪs	pʊfmaɪs	pʊfmaɪs	pʊffmaɪs	compound	puff|mais	0.0	0.0	0.125	pʊfmaɪ̯s	pʊffmaes	0.125	0.25
Pultmikrofon	pʊltmikʁofoːn	pʊltmikʁofon	pʊltmɪkɾofon	pʊltmɪkʁofon	compound	pult|mikrofon	0.0	0.16666666666666666	0.08333333333333333	pʊltmikʁofon	pʊltmɪkɾofon	0.0	0.16666666666666666
Puthenne	puːthɛnə	pʊthɛnə	pʊtɛnə	pʊtɛnnə	compound	put|henne	0.14285714285714285	0.3333333333333333	0.42857142857142855	putn̩nə	pʊtɛnnə	0.2857142857142857	0.42857142857142855
Putzigkeit	pʊtsɪckaɪt	pʊtsɪkaɪt	pʊtsɪckaɪt	pʊtsɪkkəit	compound	putzig|keit	0.1111111111111111	0.0	0.3	pʊt͡sɪkkaɪ̯t	pʊtsɪkkəit	0.25	0.3
Pyramidenform	pyʁamiːdənfɔʁm	pyʁamidənfɔʁm	pyramidənfɔɾm	pyʁamidɛnfɔʁm	compound	pyramiden|form	0.0	0.15384615384615385	0.07692307692307693	pyʁamidn̩fɔʁm	pyɾɑmidɛnfɔɾm	0.15384615384615385	0.3076923076923077
Pyramidenformen	pyʁamiːdənfɔʁmən	pyʁamidənfɔʁmən	pyramidənfɔɾmən	pyʁamidɛnfɔʁmən	compound	pyramiden|formen	0.0	0.13333333333333333	0.06666666666666667	pyʁamidn̩fɔʁmən	pyɾɑmidɛnfɔɾmən	0.13333333333333333	0.26666666666666666
Pyrazin	pyʁatsiːn	pyʁatsin	pyratsin	pyʁatsɪn	compound	pyr|azin	0.0	0.125	0.125	pyʁat͡sin	pyɾɑtsɪn	0.1111111111111111	0.375
Pyrop	pyʁoːp	pyʁop	pyrop	pyʁop	compound	pyro|p	0.0	0.2	0.0	pyʁop	pyɾop	0.0	0.2
Pönale	pønaːlə	pønalə	pønɑlə	pønalə	compound	p|ö|na|le	0.0	0.16666666666666666	0.0	pønɛɪ̯lə	pønalə	0.375	0.0
Püsterich	pyːstəʁɪc	pystɛɾɪc	pysterɪc	pʏsteʁɪc	compound	p|üs|ter|ich	0.25	0.25	0.25	pʏstəʁɪç	pʏsteɾɪç	0.25	0.5
Quellenkritik	kvɛlənkʁitiːk	kvɛlənkʁitik	kvɛlənkɾitik	kvuɛllɛŋkʁitik	compound	quellen|kritik	0.0	0.08333333333333333	0.2857142857142857	kvɛlənkʁitik	kvɛllɛŋkɾitik	0.0	0.3076923076923077
Quentchen	kvɛntcən	kvɛntcən	kvɛntcən	kvuɛntcən	compound	quent|chen	0.0	0.0	0.1111111111111111	kvɛntçən	kvuɛntçən	0.125	0.2222222222222222
Quergriff	kveːɐɡʁɪf	kveɐɡʁɪf	kvɛɾɡɾɪf	kvuɐgʁɪff	compound	quer|griff	0.0	0.375	0.3333333333333333	kveɐ̯ɡʁɪf	kvɛɾgɾɪff	0.1111111111111111	0.5555555555555556
Quergriffe	kveːɐɡʁɪfə	kveɐɡʁɪfə	kvɛɾɡɾɪfə	kvuɐgʁɪffə	compound	quer|griffe	0.0	0.3333333333333333	0.3	kveɐ̯ɡʁɪfə	kvɛɾgɾɪffə	0.1	0.5
Quergriffen	kveːɐɡʁɪfn	kveɐɡʁɪfn	kvɛɾɡɾɪfən	kvuɐgʁɪffən	compound	quer|griffen	0.0	0.4	0.36363636363636365	kveɐ̯ɡʁɪfn̩	kvɛɾgɾɪffən	0.18181818181818182	0.5454545454545454
Quergriffes	kveːɐɡʁɪfəs	kveɐɡʁɪfəs	kvɛɾɡɾɪfəs	kvuɐgʁɪffəs	compound	quer|griffes	0.0	0.3	0.2727272727272727	kveɐ̯ɡʁɪfəs	kvɛɾgɾɪffəs	0.09090909090909091	0.45454545454545453
Quergriffs	kveːɐɡʁɪfs	kveɐɡʁɪfs	kvɛɾɡɾɪfs	kvuɐgʁɪffs	compound	quer|griffs	0.0	0.3333333333333333	0.3	kveɐ̯ɡʁɪfs	kvɛɾgɾɪffs	0.1	0.5
Quermaß	kveːɐmaːs	kveɐmas	kvɛɾmɑs	kvuɐmass	compound	quer|maß	0.0	0.42857142857142855	0.25	kveɐ̯mas	kvɛɾmɑs	0.125	0.42857142857142855
Quermaße	kveːɐmaːsə	kveɐmasə	kvɛɾmɑsə	kvuɐmaszə	compound	quer|maße	0.0	0.375	0.2222222222222222	kveɐ̯masə	kvɛɾmɑzə	0.1111111111111111	0.5
Querreihe	kveːɐʁaɪə	kveɐʁaɪə	kvɛraɪə	kvuɐʁaeə	compound	quer|reihe	0.0	0.42857142857142855	0.25	kveɐ̯ʁaɪ̯ə	kvɛɾɾaeə	0.2	0.5
Quetschwunde	kvɛtʃvʊndə	kvɛtʃvʊndə	kvɛtʃvʊndə	kvuɛtstsvʊndə	compound	quetsch|wunde	0.0	0.0	0.3076923076923077	kvɛt͡ʃvʊndə	kvɛʧvʊndə	0.09090909090909091	0.2222222222222222
Quetschwunden	kvɛtʃvʊndən	kvɛtʃvʊndn	kvɛtʃvʊndən	kvuɛtstsvʊndən	compound	quetsch|wunden	0.1	0.0	0.2857142857142857	kvɛt͡ʃvʊndn̩	kvɛʧvʊndən	0.25	0.2
Quietscheentchen	kviːtʃəʔɛntcən	kvitʃəɛntcən	kvitʃentcən	kvuitʃəɛntcən	compound	quietsche|entchen	0.0	0.18181818181818182	0.07692307692307693	kvit͡ʃəɛntçən	kviʧəəntçən	0.15384615384615385	0.36363636363636365
Rabengekrächze	ʁaːbnɡəkʁɛcsə	ʁabmɡəkʁɛctsə	rɑbənɡɛkɾɛctsə	ʁabɛŋɛkʁɛctsə	compound	raben|gekrächze	0.15384615384615385	0.42857142857142855	0.3076923076923077	ʁabn̩ɡəkʁɛçt͡sə	ɾɑbɛŋɛkɾɛçtsə	0.26666666666666666	0.6153846153846154
Radhaube	ʁaːthaʊbə	ʁathaʊbə	rathaʊbə	ʁataobə	compound	rad|haube	0.0	0.125	0.2857142857142857	ʁathaʊ̯bə	ɾataobə	0.1111111111111111	0.42857142857142855
Radikalinski	ʁadikalɪnski	ʁadikalɪnski	rɑdikalɪnski	ʁadikalɪnski	compound	radikal|ins|ki	0.0	0.16666666666666666	0.0	ʁadikalɪnski	ɾɑdikɑlɪnski	0.0	0.25
Radsatzes	ʁaːtzatsəs	ʁatzatsəs	radzatsəs	ʁatzatsəs	compound	radsatze|s	0.0	0.2222222222222222	0.0	ʁatzat͡səs	ɾatzatsəs	0.1	0.1111111111111111
Rahel	ʁaːhəl	ʁaəl	rɑəl	ʁael	compound	rahe|l	0.25	0.75	0.5	ʁaəl	ɾɑel	0.25	1.0
Rahlstedt	ʁaːlʃtɛt	ʁalʃtɛt	rɑlstɛt	ʁalstɛt	compound	rah|l|stedt	0.0	0.42857142857142855	0.14285714285714285	ʁalʃtɛt	ɾɑlstɛt	0.0	0.42857142857142855
Rahsegel	ʁaːzeːɡl	ʁazeɡl	rɑzeɡəl	ʁazegəl	compound	rah|segel	0.0	0.42857142857142855	0.2857142857142857	ʁazeɡl̩	ɾɑzegel	0.14285714285714285	0.5714285714285714
Rainfarn	ʁaɪnfaʁn	ʁaɪnfaʁn	raɪnfaɾn	ʁaɪnfaʁn	compound	rain|farn	0.0	0.25	0.0	ʁaɪ̯nfaʁn	ɾaenfaɾn	0.1111111111111111	0.375
Rainfarne	ʁaɪnfaʁnə	ʁaɪnfaʁnə	raɪnfaɾnə	ʁaɪnfaʁnə	compound	rain|farne	0.0	0.2222222222222222	0.0	ʁaɪ̯nfaʁnə	ɾaenfaɾnə	0.1	0.3333333333333333
Rainfarnes	ʁaɪnfaʁnəs	ʁaɪnfaʁnəs	raɪnfaɾnəs	ʁaɪnfaʁnəs	compound	rain|farnes	0.0	0.2	0.0	ʁaɪ̯nfaʁnəs	ɾaenfaɾnəs	0.09090909090909091	0.3
Rainfarns	ʁaɪnfaʁns	ʁaɪnfaʁns	raɪnfaɾns	ʁaɪnfaʁns	compound	rain|farns	0.0	0.2222222222222222	0.0	ʁaɪ̯nfaʁns	ɾaenfaɾns	0.1	0.3333333333333333
Rajon	rajɔn	ʁajɔn	rɑjon	ʁajon	compound	ra|jon	0.2	0.4	0.4	ʁajɔn	ɾɑjon	0.2	0.6
Ramschanleihe	ʁamʃanlaɪə	ʁamʃanlaɪə	ramʃanlaɪə	ʁamʃanlaeə	compound	ramsch|anleihe	0.0	0.1	0.1	ʁamʃanlaɪ̯ə	ɾamʃanlaeə	0.09090909090909091	0.2
Randnotiz	ʁantnotiːts	ʁantnotits	randnotits	ʁandnotits	compound	rand|notiz	0.0	0.2	0.1	ʁantnotit͡s	ɾandnotits	0.09090909090909091	0.2
Randnummer	rantnʊmɐ	ʁantnʊmɐ	randnʊmɜ	ʁandnʊmmɐ	compound	rand|nummer	0.125	0.25	0.3333333333333333	ʁantnʊmɐ	ɾandnʊmmɐ̯	0.125	0.4
Randziffer	ranttsɪfɐ	ʁanttsɪfɐ	ranttsɪfɜ	ʁanttsɪffɐ	compound	rand|ziffer	0.1111111111111111	0.1111111111111111	0.2	ʁantt͡sɪfɐ	ɾanttsɪffɐ̯	0.2	0.2727272727272727
Rasenstücke	raːznʃtʏkə	razənʃtʏke	rɑzənʃtykə	ʁazɛnstʏkə	compound	rasenstück|e	0.2	0.3	0.3	ʁazn̩ʃtʏkə	ɾɑzɛnstʏkə	0.2	0.4
Rasenstücken	raːznʃtʏkn	razənʃtʏkɛn	rɑzənʃtykən	ʁazɛnstʏkən	compound	rasenstück|en	0.18181818181818182	0.36363636363636365	0.36363636363636365	ʁazn̩ʃtʏkn̩	ɾɑzɛnstʏkən	0.2727272727272727	0.45454545454545453
Rasenstückes	raːznʃtʏkəs	razənʃtʏkɛs	rɑzənʃtykəs	ʁazɛnstʏkəs	compound	rasenstück|es	0.18181818181818182	0.2727272727272727	0.2727272727272727	ʁazn̩ʃtʏkəs	ɾɑzɛnstʏkəs	0.18181818181818182	0.36363636363636365
Rasenstücks	raːznʃtʏks	razənʃtʏks	rɑzənʃtyks	ʁazɛnstʏks	compound	rasenstück|s	0.1	0.3	0.3	ʁazn̩ʃtʏks	ɾɑzɛnstʏks	0.2	0.4
Rassenkreis	ʁasnkʁaɪs	ʁasnkʁaɪs	rasənkɾaɪs	ʁaszɛŋkʁaes	compound	rassen|kreis	0.0	0.3	0.36363636363636365	ʁasn̩kʁaɪ̯s	ɾaszɛŋkɾaes	0.18181818181818182	0.5454545454545454
Ratifizierungsprozess	ʁatifitsiːʁʊŋspʁotsɛs	ʁatifitsiʁʊŋspʁotsɛs	rɑtifitsirʊŋspɾotsɛs	ʁatifitsiʁʊŋspʁotsɛss	compound	ratifizierung|s|prozess	0.0	0.2	0.047619047619047616	ʁatifit͡siʁʊŋspʁot͡sɛs	ɾɑtifitsiɾʊŋspɾotsɛss	0.09090909090909091	0.23809523809523808
Ratifizierungsprozesse	ʁatifitsiːʁʊŋspʁotsɛsə	ʁatifitsiʁʊŋspʁotsɛsə	rɑtifitsirʊŋspɾotsɛsə	ʁatifitsiʁʊŋspʁotsɛszə	compound	ratifizierung|s|prozesse	0.0	0.19047619047619047	0.045454545454545456	ʁatifit͡siʁʊŋspʁot͡sɛsə	ɾɑtifitsiɾʊŋspɾotsɛszə	0.08695652173913043	0.22727272727272727
Ratifizierungsprozesses	ʁatifitsiːʁʊŋspʁotsɛsəs	ʁatifitsiʁʊŋspʁotsɛsəs	rɑtifitsirʊŋspɾotsɛsəs	ʁatifitsiʁʊŋspʁotsɛszəs	compound	ratifizierung|s|prozesses	0.0	0.18181818181818182	0.043478260869565216	ʁatifit͡siʁʊŋspʁot͡sɛsəs	ɾɑtifitsiɾʊŋspɾotsɛszəs	0.08333333333333333	0.21739130434782608
Ratschluss	ʁaːtʃlʊs	ʁatʃlʊs	ratʃlʊs	ʁatʃlʊss	compound	rat|schluss	0.0	0.14285714285714285	0.125	ʁatʃlʊs	ɾaʧlʊss	0.0	0.5714285714285714
Ratschlusses	ʁaːtʃlʊsəs	ʁatʃlʊsəs	ratʃlʊsəs	ʁatʃlʊszəs	compound	rat|schlusses	0.0	0.1111111111111111	0.1	ʁatʃlʊsəs	ɾaʧlʊszəs	0.0	0.4444444444444444
Ratschlüsse	ʁaːtʃlʏsə	ʁatʃlʏsə	ratʃlysə	ʁatʃlʏszə	compound	rat|schlüsse	0.0	0.25	0.1111111111111111	ʁatʃlʏsə	ɾaʧlʏszə	0.0	0.5
Ratskeller	ʁaːtskɛlɐ	ʁatskɛlɐ	ratskɛlɜ	ʁatskɛllɐ	compound	rats|keller	0.0	0.25	0.1111111111111111	ʁat͡skɛlɐ	ɾatskɛllɐ̯	0.1111111111111111	0.3
Rauchschwalbe	ʁaʊχʃvalbə	ʁaʊxʃvalbə	raʊxʃvalbə	ʁaoxstsvalbə	compound	rauch|schwalbe	0.1	0.2	0.4166666666666667	ʁaʊ̯xʃvalbə	ɾaoxʃvalbə	0.18181818181818182	0.3
Rauchschwalben	ʁaʊxʃvalbm	ʁaʊxʃvalbm	raʊxʃvalbən	ʁaoxstsvalbən	compound	rauch|schwalben	0.0	0.2727272727272727	0.46153846153846156	ʁaʊ̯xʃvalbm̩	ɾaoxʃvalbən	0.16666666666666666	0.36363636363636365
Raumklang	ʁaʊmklaŋ	ʁaʊmklaŋ	raʊmklaŋ	ʁaomklaŋ	compound	raum|klang	0.0	0.125	0.125	ʁaʊ̯mklaŋ	ɾaomklaŋ	0.1111111111111111	0.25
Raumlehre	ʁaʊmleːʁə	ʁaʊmleʁə	raʊmlerə	ʁaomleʁə	compound	raum|lehre	0.0	0.25	0.125	ʁaʊ̯mleʁə	ɾaomleɾə	0.1111111111111111	0.375
Rautenflagge	ʁaʊtənflaɡə	ʁaʊtnflaɡə	raʊtənflɑɡə	ʁaotɛnflagə	compound	rauten|flagge	0.1	0.18181818181818182	0.2727272727272727	ʁaʊ̯tn̩flaɡə	ɾaotɛnflagə	0.25	0.36363636363636365
Rautenkranz	ʁaʊtnkʁants	ʁaʊtnkʁants	raʊtənkɾants	ʁaotɛŋkʁants	compound	rauten|kranz	0.0	0.25	0.25	ʁaʊ̯tn̩kʁant͡s	ɾaotɛŋkɾants	0.21428571428571427	0.4166666666666667
Rautenkranzes	ʁaʊtnkʁantsəs	ʁaʊtnkʁantsəs	raʊtənkɾantsəs	ʁaotɛŋkʁantsəs	compound	rauten|kranzes	0.0	0.21428571428571427	0.21428571428571427	ʁaʊ̯tn̩kʁant͡səs	ɾaotɛŋkɾantsəs	0.1875	0.35714285714285715
Rautenkreuz	ʁaʊtnkʁɔʏts	ʁaʊtnkʁɔɪts	raʊtənkɾɔøts	ʁaotɛŋkʁɔɔʏts	compound	rauten|kreuz	0.09090909090909091	0.3333333333333333	0.3076923076923077	ʁaʊ̯tn̩kʁɔɪ̯t͡s	ɾaotɛŋkɾɔøts	0.3333333333333333	0.5
Rautenkränze	ʁaʊtnkʁɛntsə	ʁaʊtnkʁɛntsə	raʊtənkɾɛntsə	ʁaotɛŋkʁɛntsə	compound	rauten|kränze	0.0	0.23076923076923078	0.23076923076923078	ʁaʊ̯tn̩kʁɛnt͡sə	ɾaotɛŋkɾɛntsə	0.2	0.38461538461538464
Realwörterbuch	ʁeaːlvœʁtɐbuːx	ʁealvœʁtɐbux	realvœɾtɜbʊx	ʁəalvœʁtɛʁbʊx	compound	real|wörterbuch	0.0	0.3333333333333333	0.3076923076923077	ʁealvœʁtɐbux	ɾealvœɾtɛɾbʊx	0.0	0.38461538461538464
Reanimierungen	ʁeʔanimiːʁʊŋən	ʁeanimiɐʊŋən	reanimirʊŋən	ʁəanimiʁʊŋən	compound	reanimier|ungen	0.08333333333333333	0.16666666666666666	0.08333333333333333	ʁeanimiʁʊŋən	ɾeɑnimiɐ̯ʊŋən	0.0	0.3076923076923077
Rechenverfahrens	ʁɛcnfɛɐfaːʁəns	ʁɛcnfɛɐfaʁəns	rɛcənfɛɾfɑrəns	ʁɛcɛnvɛʁfaʁɛns	compound	rechen|verfahrens	0.0	0.35714285714285715	0.2857142857142857	ʁɛçn̩fɛɐ̯faʁəns	ɾɛçɛnvɛɾfɑɾɛns	0.2	0.5714285714285714
Rechtleitung	ʁɛctlaɪtʊŋ	ʁɛctlaɪtʊŋ	rɛctlaɪtʊŋ	ʁɛctləitʊŋ	compound	recht|leitung	0.0	0.1	0.2	ʁɛçtlaɪ̯tʊŋ	ɾɛçtləitʊŋ	0.18181818181818182	0.4
Rechtleitungen	ʁɛctlaɪtʊŋən	ʁɛctlaɪtʊŋən	rɛctlaɪtʊŋən	ʁɛctləitʊŋən	compound	recht|leitungen	0.0	0.08333333333333333	0.16666666666666666	ʁɛçtlaɪ̯tʊŋən	ɾɛçtləitʊŋən	0.15384615384615385	0.3333333333333333
Rechtsinstitut	ʁɛctsʔɪnstituːt	ʁɛctsɪnstitut	rɛctsɪnstitut	ʁɛctzɪnstitut	compound	rechts|institut	0.0	0.07692307692307693	0.07692307692307693	ʁɛçt͡sɪnstitut	ɾɛçtzɪnstitut	0.14285714285714285	0.23076923076923078
Rechtsstab	ʁɛctsʃtaːb	ʁɛctsʃtap	rɛctsʃtɑp	ʁɛctzstap	compound	rechts|stab	0.1111111111111111	0.3333333333333333	0.3333333333333333	ʁɛçt͡sʃtap	ɾɛçtzstɑp	0.3	0.6666666666666666
Rega	ʁeːɡa	ʁeka	reɡɑ	ʁega	compound	reg|a	0.25	0.5	0.25	ʁeka	ɾegɑ	0.25	0.75
Regenbogenboa	ʁeːɡnboːɡnboːa	ʁeɡnboɡnboa	reɡənboɡənboɑ	ʁegɛnbogənboa	compound	regenbogen|boa	0.0	0.3076923076923077	0.3076923076923077	ʁeɡn̩boɡn̩boa	ɾegɛnbogɛnboɑ	0.15384615384615385	0.46153846153846156
Regenbogenfisch	ʁeːɡnboːɡnfɪʃ	ʁeɡnboɡnfɪʃ	reɡənboɡɛnfɪʃ	ʁegɛnbogɛnfɪʃ	compound	regenbogen|fisch	0.0	0.23076923076923078	0.3076923076923077	ʁeɡn̩boɡn̩fɪʃ	ɾegɛnbogɛnfɪʃ	0.15384615384615385	0.38461538461538464
Regenbogenfische	ʁeːɡnboːɡnfɪʃə	ʁeɡnboɡnfɪʃə	reɡənboɡɛnfɪʃə	ʁegɛnbogɛnfɪʃə	compound	regenbogen|fische	0.0	0.21428571428571427	0.2857142857142857	ʁeɡn̩boɡn̩fɪʃə	ɾegɛnbogɛnfɪʃə	0.14285714285714285	0.35714285714285715
Regenbogenfischen	ʁeːɡnboːɡnfɪʃn	ʁeɡnboɡnfɪʃn	reɡənboɡɛnfɪʃən	ʁegɛnbogɛnfɪʃən	compound	regenbogen|fischen	0.0	0.26666666666666666	0.3333333333333333	ʁeɡn̩boɡn̩fɪʃn̩	ɾegɛnbogɛnfɪʃən	0.2	0.4
Regenbogenfisches	ʁeːɡnboːɡnfɪʃəs	ʁeɡnboɡnfɪʃəs	reɡənboɡɛnfɪʃəs	ʁegɛnbogɛnfɪʃəs	compound	regenbogen|fisches	0.0	0.2	0.26666666666666666	ʁeɡn̩boɡn̩fɪʃəs	ɾegɛnbogɛnfɪʃəs	0.13333333333333333	0.3333333333333333
Regenbogenkinde	ʁeːɡnboːɡnkɪndə	ʁeɡnboɡnkɪndə	reɡənboɡənkɪndə	ʁegɛnbogɛŋkɪndə	compound	regenbogen|kinde	0.0	0.2	0.3333333333333333	ʁeɡn̩boɡn̩kɪndə	ɾegɛnbogɛŋkɪndə	0.13333333333333333	0.4
Regenbogenkindern	ʁeːɡnboːɡnkɪndɐn	ʁeɡnboɡnkɪndɐn	reɡənboɡənkɪndɜn	ʁegɛnbogɛŋkɪndɛʁn	compound	regenbogen|kindern	0.0	0.25	0.4117647058823529	ʁeɡn̩boɡn̩kɪndɐn	ɾegɛnbogɛŋkɪndɛɾn	0.125	0.47058823529411764
Reibebrett	ʁaɪbəbʁɛt	ʁaɪbəbʁɛt	raɪbɛbɾɛt	ʁaebɛbʁkɛt	compound	reibe|brett	0.0	0.3333333333333333	0.3	ʁaɪ̯bəbʁɛt	ɾaebɛbrkɛt	0.1	0.5
Reinheiten	ʁaɪnhaɪtən	ʁaɪnhaɪtɛn	raɪnhaɪtən	ʁaenəitən	compound	reinheit|en	0.1	0.1	0.4444444444444444	ʁaɪ̯nhaɪ̯tn̩	ɾaenəitən	0.3333333333333333	0.5555555555555556
Reinigkeit	ʁaɪnɪckaɪt	ʁaɪnɪkaɪt	raɪnɪckaɪt	ʁaenɪkkəit	compound	reinig|keit	0.1111111111111111	0.1	0.4	ʁaɪ̯nɪkkaɪ̯t	ɾaenɪkkəit	0.25	0.5
Reisekader	ʁaɪzəkaːdɐ	ʁaɪzəkadɐ	raɪzekɑdɜ	ʁaezekadɐ	compound	reise|kader	0.0	0.4444444444444444	0.2222222222222222	ʁaɪ̯zəkadɐ	ɾaezekɑdɐ̯	0.1	0.5
Reisekönigtum	ʁaɪzəkøːnɪctuːm	ʁaɪzəkønɪktum	raɪzekønɪctum	ʁaezekɔʏnɪktum	compound	reise|königtum	0.07692307692307693	0.15384615384615385	0.35714285714285715	ʁaɪ̯zəkønɪktum	ɾaezekønɪktum	0.14285714285714285	0.3076923076923077
Reiseversicherung	ʁaɪzəfɛɐzɪcəʁʊŋ	ʁaɪzəfɛɐzɪcəʁʊŋ	raɪzefɛɾzɪcərʊŋ	ʁaezevɛʁzɪcɐʊŋ	compound	reise|versicherung	0.0	0.26666666666666666	0.42857142857142855	ʁaɪ̯zəfɛɐ̯zɪçəʁʊŋ	ɾaezevɛɾzɪçɐ̯ʊŋ	0.17647058823529413	0.5333333333333333
Reisfresser	ʁaɪsfʁɛsɐ	ʁaɪsfʁɛsɐ	raɪsfrɛsɜ	ʁaesfʁɛszɐ	compound	reis|fresser	0.0	0.3333333333333333	0.2	ʁaɪ̯sfʁɛsɐ	ɾaesfɾɛszɐ̯	0.1	0.45454545454545453
Reizdarm	ʁaɪtsdaʁm	ʁaɪtsdaʁm	raɪtsdaɾm	ʁaetsdaʁm	compound	reiz|darm	0.0	0.2222222222222222	0.1111111111111111	ʁaɪ̯t͡sdaʁm	ɾaetsdaɾm	0.18181818181818182	0.3333333333333333
Reizdarmsyndrom	ʁaɪtsdaʁmzʏndʁoːm	ʁaɪtsdaʁmzʏndʁom	raɪtsdaɾmzyndɾom	ʁaetsdaʁmzʏndʁom	compound	reiz|darm|syndrom	0.0	0.25	0.0625	ʁaɪ̯t͡sdaʁmzʏndʁom	ɾaetsdaɾmzʏndɾom	0.1111111111111111	0.25
Reißer	ʁaɪsɐ	ʁaɪsəʁ	raɪsɜ	ʁaeszɐ	compound	reiße|r	0.3333333333333333	0.4	0.3333333333333333	ʁaɪ̯səʁ	ɾaesɐ̯	0.42857142857142855	0.5
Reißern	ʁaɪsɐn	ʁaɪseɐn	raɪsɜn	ʁaeszɛʁn	compound	reiß|ern	0.14285714285714285	0.3333333333333333	0.5	ʁaɪ̯sɐn	ɾaesɛɾn	0.14285714285714285	0.5714285714285714
Rekordarbeitslosigkeit	ʁekɔʁtaʁbaɪtsloːzɪckaɪt	ʁekɔʁtaʁbaɪtslozɪkaɪt	rekɔɾdaɾbaɪtslozɪckaɪt	ʁekɔʁdaʁbaetslozɪkkəit	compound	rekord|arbeitslosigkeit	0.047619047619047616	0.18181818181818182	0.22727272727272727	ʁekɔʁtaʁbaɪ̯t͡slozɪkkaɪ̯t	ɾekɔɾdaɾbaetslozɪkkəit	0.16	0.36363636363636365
Reparierer	ʁepaʁiːʁɐ	ʁepaʁiʁəʁ	reparirɜ	ʁepaʁiɐɐ	compound	repariere|r	0.2222222222222222	0.5	0.125	ʁepaʁiʁɐ	ɾepaɽiɐ̯ɐ̯	0.0	0.5
Resonator	ʁezonaːtoːɐ	ʁesonatoɐ	rezonɑtoɾ	ʁezonatoʁ	compound	res|on|a|tor	0.1111111111111111	0.3333333333333333	0.1111111111111111	ʁesonatoɐ̯	ɾezonɑtoɾ	0.2	0.3333333333333333
Resonatorgitarre	ʁezonaːtoːɐɡitaʁə	ʁesonatoɐɡitaʁə	rezonɑtɔɾɡitarə	ʁezonatɔʁgitaʁʁə	compound	res|on|a|tor|gitarre	0.06666666666666667	0.3333333333333333	0.25	ʁezonatoɔʁɡitaʁə	ɾezonɑtɔɾgitaɾɾə	0.125	0.4375
Retronym	ʁetʁonyːm	ʁetʁonym	rɛtɾonym	ʁɛtʁonym	compound	retro|ny|m	0.0	0.375	0.125	ʁetʁonym	ɾɛtɾonym	0.0	0.375
Rettungsschiffe	ʁɛtʊŋsʃɪfə	ʁɛtʊŋsʃɪfə	rɛtʊŋscɪfə	ʁɛtʊŋsʃɪffə	compound	rettung|s|schiffe	0.0	0.2	0.09090909090909091	ʁɛtʊŋsʃɪfə	ɾɛtʊŋsʃɪffə	0.0	0.18181818181818182
Rettungsschiffen	ʁɛtʊŋsʃɪfn	ʁɛtʊŋsʃɪfn	rɛtʊŋscɪfən	ʁɛtʊŋsʃɪffən	compound	rettung|s|schiffen	0.0	0.2727272727272727	0.16666666666666666	ʁɛtʊŋsʃɪfn̩	ɾɛtʊŋsʃɪffən	0.09090909090909091	0.25
Rettungsschiffes	ʁɛtʊŋsʃɪfəs	ʁɛtʊŋsʃɪfəs	rɛtʊŋscɪfəs	ʁɛtʊŋsʃɪffəs	compound	rettung|s|schiffes	0.0	0.18181818181818182	0.08333333333333333	ʁɛtʊŋsʃɪfəs	ɾɛtʊŋsʃɪffəs	0.0	0.16666666666666666
Rettungsschiffs	ʁɛtʊŋsʃɪfs	ʁɛtʊŋsʃɪfs	rɛtʊŋscɪfs	ʁɛtʊŋsʃɪffs	compound	rettung|s|schiffs	0.0	0.2	0.09090909090909091	ʁɛtʊŋsʃɪfs	ɾɛtʊŋsʃɪffs	0.0	0.18181818181818182
Ribiselkuchen	ʁiːbɪslkuːxən	ʁibizlkuxn	ribizɛlkʊxən	ʁibizɛlkʊxən	compound	ribisel|kuchen	0.3	0.4166666666666667	0.3333333333333333	ʁibizl̩kuxn̩	ɾibizɛlkʊxən	0.4166666666666667	0.4166666666666667
Richterschaft	ʁɪctɐʃaft	ʁɪctɐʃaft	rɪctɜʃaft	ʁɪctɛʁstshaft	compound	richter|schaft	0.0	0.2222222222222222	0.46153846153846156	ʁɪçtɐʃaft	ɾɪçtɛɾstshaft	0.1111111111111111	0.6153846153846154
Riesentier	ʁiːzntiːɐ	ʁizntiɐ	rizəntiɾ	ʁizɛntiɐ	compound	riesen|tier	0.0	0.375	0.125	ʁizn̩tiɐ̯	ɾiəsɛntiɐ̯	0.2222222222222222	0.5
Rinderfilet	ʁɪndɐfileː	ʁɪndɐfile	rɪndɜfilət	ʁɪndɛʁfilət	compound	rinder|filet	0.0	0.4	0.36363636363636365	ʁɪndɐfile	ɾɪndɛɾfilət	0.0	0.45454545454545453
Rinderfilets	ʁɪndɐfileːs	ʁɪndɐfiles	rɪndɜfiləts	ʁɪndɛʁfilɛts	compound	rinder|filets	0.0	0.36363636363636365	0.3333333333333333	ʁɪndɐfiles	ɾɪndɛɾfilɛts	0.0	0.4166666666666667
Rindermasten	ʁɪndɐmastən	ʁɪndɐmastn	rɪndɜmastən	ʁɪndɛʁmastən	compound	rinder|masten	0.1	0.18181818181818182	0.16666666666666666	ʁɪndɐmastn̩	ɾɪndɛɾmastən	0.18181818181818182	0.25
Rindfleischsuppe	ʁɪntflaɪʃzʊpə	ʁɪntflaɪʃzʊpə	rɪntflaɪʃzʊpə	ʁɪntflaeʃzʊppə	compound	rindfleisch|suppe	0.0	0.07692307692307693	0.14285714285714285	ʁɪntflaɪ̯ʃzʊpə	ɾɪntflaeʃzʊppə	0.07142857142857142	0.21428571428571427
Rittersitz	ʁɪtɐzɪts	ʁɪtɐzɪts	rɪtɜzɪts	ʁɪtɛʁzɪts	compound	ritter|sitz	0.0	0.25	0.2222222222222222	ʁɪtɐzɪt͡s	ɾɪtɛɾzɪts	0.1111111111111111	0.3333333333333333
Rohmetall	ʁoːmetal	ʁometal	rometal	ʁomətall	compound	roh|metall	0.0	0.14285714285714285	0.25	ʁometal	ɾometall	0.0	0.25
Rohrabschneider	ʁoːɐapʃnaɪdɐ	ʁoɐapʃnaɪdɐ	rorapʃnaɪdɜ	ʁoʁapʃnaedɐ	compound	rohr|abschneider	0.0	0.2727272727272727	0.18181818181818182	ʁoɐ̯apʃnaɪ̯dɐ	ɾoɾapstsnaedɐ̯	0.15384615384615385	0.5
Rohrabschneiders	ʁoːɐapʃnaɪdɐs	ʁoɐapʃnaɪdɐs	rorapʃnaɪdɜs	ʁoʁapʃnaedɛʁs	compound	rohr|abschneiders	0.0	0.25	0.3076923076923077	ʁoɐ̯apʃnaɪ̯dɐs	ɾoɾapstsnaedɛɾs	0.14285714285714285	0.5333333333333333
Rohrschneider	ʁoːɐʃnaɪdɐ	ʁoɐʃnaɪdɐ	roɾʃnaɪdɜ	ʁoʁstsnaedɐ	compound	rohr|schneider	0.0	0.3333333333333333	0.45454545454545453	ʁoɐ̯ʃnaɪ̯dɐ	ɾoɾstsnaedɐ̯	0.18181818181818182	0.5833333333333334
Rohstoffbörse	roːʃtɔfbœrzə	ʁoʃtɔfbœʁzə	rostɔfbœɾzə	ʁostɔffbœʁzə	compound	rohstoff|börse	0.18181818181818182	0.18181818181818182	0.3333333333333333	ʁoʃtɔfbœʁzə	ɾostɔffbœɾzə	0.18181818181818182	0.3333333333333333
Rokokoschloss	rɔkokoʃlɔs	ʁokokoʃlɔs	rokokɔʃlɔs	ʁokokɔʃlɔss	compound	rokoko|schloss	0.2	0.2	0.36363636363636365	ʁokokoʃlɔs	ɾokokɔʃlɔss	0.2	0.36363636363636365
Rokokoschlösschen	rɔkokoʃlœscən	ʁokokoʃlœscən	rokokɔʃlœscən	ʁokokɔʃlœsʃən	compound	rokoko|schlösschen	0.15384615384615385	0.15384615384615385	0.3076923076923077	ʁokokoʃlœsçən	ɾokokɔʃlœsʃən	0.23076923076923078	0.3076923076923077
Rollkragen	ʁɔlkʁaːɡən	ʁɔlkʁaɡn	rɔlkɾɑɡən	ʁɔllkʁagən	compound	roll|kragen	0.125	0.3333333333333333	0.2	ʁɔlkʁaɡn̩	ɾɔllkɾɑgən	0.2222222222222222	0.5
Rollwege	ʁɔlveːɡə	ʁɔlveɡə	rɔlveɡə	ʁɔllvegə	compound	roll|wege	0.0	0.14285714285714285	0.25	ʁɔlveɡə	ɾɔllvegə	0.0	0.375
Rollwegen	ʁɔlveːɡn	ʁɔlveɡn	rɔlveɡən	ʁɔllvegən	compound	roll|wegen	0.0	0.25	0.3333333333333333	ʁɔlveɡn̩	ɾɔllvegən	0.125	0.4444444444444444
Rollweges	ʁɔlveːɡəs	ʁɔlveɡəs	rɔlveɡəs	ʁɔllvegəs	compound	roll|weges	0.0	0.125	0.2222222222222222	ʁɔlveɡəs	ɾɔllvegəs	0.0	0.3333333333333333
Rollwegs	ʁɔlveːks	ʁɔlveks	rɔlveks	ʁɔllvɛks	compound	roll|wegs	0.0	0.14285714285714285	0.25	ʁɔlveks	ɾɔllvɛks	0.0	0.375
Rosenblättchen	ʁoːznblɛtcn	ʁoznblɛtcən	rozənblɛtcən	ʁozɛnblɛtʃcən	compound	rosen|blättchen	0.09090909090909091	0.25	0.23076923076923078	ʁozn̩blɛtçən	ɾozɛnblɛtçən	0.25	0.3333333333333333
Rosenrot	ʁoːznʁoːt	ʁoznʁot	rozənrot	ʁozɛnʁot	compound	rosen|rot	0.0	0.375	0.125	ʁozn̩ʁot	ɾozɛnɾot	0.125	0.375
Rosenschliffen	ʁoːznʃlɪfn	ʁozənʃlɪfən	rozənʃlɪfən	ʁozɛnstslɪffən	compound	rosenschliffe|n	0.18181818181818182	0.2727272727272727	0.42857142857142855	ʁozn̩ʃlɪfn̩	ɾozɛnstslɪffən	0.18181818181818182	0.5
Rosenschliffes	ʁoːzənʃlɪfəs	ʁozənʃlɪfəs	rozənʃlɪfəs	ʁozɛnstslɪffəs	compound	rosenschliffe|s	0.0	0.09090909090909091	0.35714285714285715	ʁozn̩ʃlɪfəs	ɾozɛnstslɪffəs	0.18181818181818182	0.42857142857142855
Rosinenpicken	ʁoziːnənpɪkən	ʁozinənpɪkn	rozinɛnpɪkən	ʁozɪnɛnpɪkən	compound	rosinen|picken	0.09090909090909091	0.16666666666666666	0.16666666666666666	ʁozinənpɪkn̩	ɾozinɛnpɪkən	0.16666666666666666	0.16666666666666666
Rosinenpicker	ʁoziːnənpɪkɐ	ʁozinənpɪkəʁ	rozinɛnpɪkɜ	ʁozɪnɛnpɪkɐ	compound	rosinen|picke|r	0.16666666666666666	0.2727272727272727	0.18181818181818182	ʁozinənpɪkɐ	ɾozinɛnpɪkɐ̯	0.0	0.25
Rossigkeitsgesicht	ʁɔsɪckaɪtsɡəzɪct	ʁɔsɪckaɪtsɡəzɪct	rɔsɪckaɪtsɡezɪct	ʁɔszɪkkaetsgezɪct	compound	ross|igkeit|s|gesicht	0.0	0.125	0.29411764705882354	ʁɔsɪkkaɪ̯t͡sɡəzɪçt	ɾɔszɪkkaetsgezɪçt	0.2222222222222222	0.4117647058823529
Rothuhn	roːthuːn	ʁothun	rɔtun	ʁɔtun	compound	rot|huhn	0.16666666666666666	0.4	0.6	ʁothun	ɾɔtun	0.16666666666666666	0.6
Ruchlosigkeit	ʁuːxloːzɪckaɪt	ʁuxlosɪckaɪt	rʊxlozɪckaɪt	ʁʊxlozɪkkəit	compound	ruchlos|igkeit	0.08333333333333333	0.16666666666666666	0.3333333333333333	ʁuxlozɪkkaɪ̯t	ɾʊxlozɪkkəit	0.15384615384615385	0.4166666666666667
Ruderwettkampf	ʁuːdɐvɛtkampf	ʁudɐvɛtkampf	rudɜvɛtkampf	ʁudɛʁvɛttkampf	compound	ruder|wettkampf	0.0	0.16666666666666666	0.21428571428571427	ʁudɐvɛtkamp͡f	ɾudɛɾvɛttkampf	0.07692307692307693	0.2857142857142857
Ruderwettkämpfer	ʁuːdɐvɛtkɛmpfɐ	ʁudɐvɛtkɛmpfɐ	rudɜvɛtkɛmpfɜ	ʁudɛʁvɛttkɛmpfɐ	compound	ruder|wettkämpfer	0.0	0.23076923076923078	0.2	ʁudɐvɛtkɛmp͡fɐ	ɾudɛɾvɛttkɛmpfɐ̯	0.07142857142857142	0.3125
Ruderwettkämpferin	ʁuːdɐvɛtkɛmpfəʁɪn	ʁudɐvɛtkɛmpfəʁɪn	rudɜvɛtkɛmpfərɪn	ʁudɛʁvɛttkɛmpfɐɪn	compound	ruder|wettkämpferin	0.0	0.1875	0.29411764705882354	ʁudɐvɛtkɛmp͡fəʁɪn	ɾudɛɾvɛttkɛmpfɐ̯ɪn	0.058823529411764705	0.3333333333333333
Ruhestandsalter	ʁuːəʃtantsʔaltɐ	ʁuəʃtantsaltɐ	ruɛstandzaltɜ	ʁuɛstantzaltɐ	compound	ruhestands|alter	0.0	0.46153846153846156	0.23076923076923078	ʁuəʃtant͡saltɐ	ɾuɛstantzaltɐ̯	0.07142857142857142	0.35714285714285715
Ruhestifter	ʁuːəʃtɪftɐ	ʁuəʃtɪftɐ	ruɛstɪftɜ	ʁuɛstɪftɐ	compound	ruhe|stifter	0.0	0.4444444444444444	0.2222222222222222	ʁuəʃtɪftɐ	ɾuɛstɪftɐ̯	0.0	0.4
Ruhmeshalle	ʁuːməshalə	ʁuməshalə	rumɛshalə	ʁumɛsallə	compound	ruhmes|halle	0.0	0.2222222222222222	0.3333333333333333	ʁuməshalə	ɾumɛsallə	0.0	0.4444444444444444
Rumpelstilzchen	ʁʊmplʃtiːltscən	ʁʊmplstɪltscən	rʊmpəlstɪltscən	ʁʊmpɛlstɪltscən	compound	rumpelst|ilz|chen	0.14285714285714285	0.26666666666666666	0.2	ʁʊmpl̩ʃtɪlt͡sçən	ɾʊmpɛlstɪltʃən	0.25	0.42857142857142855
Rundfunkberichterstattern	ʁʊntfʊŋkbəʁɪctʔɛɐʃtatɐn	ʁʊntfʊŋkbəʁɪctɛɐʃtatɐn	rʊntfʊŋkbərɪctɜstatɜn	ʁʊntfʊŋkbeʁɪctɛʁstatɛʁn	compound	rundfunk|berichterstattern	0.0	0.2857142857142857	0.21739130434782608	ʁʊntfʊŋkbəʁɪçtɛɐ̯ʃtatɐn	ɾʊntfʊŋkbeɾɪçtɛɾstatɛɾn	0.08695652173913043	0.34782608695652173
Rundlauf	ʁʊntlaʊf	ʁʊntlaʊf	rʊndlaʊf	ʁʊndlaof	compound	rund|lauf	0.0	0.25	0.25	ʁʊntlaʊ̯f	ɾʊndlaof	0.1111111111111111	0.375
Rundplastik	rʊntplastɪk	ʁʊntplastɪk	rʊntplastik	ʁʊntplastik	compound	rund|plastik	0.09090909090909091	0.09090909090909091	0.18181818181818182	ʁʊntplastɪk	ɾʊntplastik	0.09090909090909091	0.18181818181818182
Rundumschlag	ʁʊntʊmʃlaːk	ʁʊntʊmʃlak	rʊndʊmʃlɑk	ʁʊndʊmʃlak	compound	rundum|schlag	0.0	0.3	0.1	ʁʊntʊmʃlak	ɾʊndʊmstslɑk	0.0	0.5
Runterwürger	rʊntɐvʏrɡɐ	ʁʊntɐvʏʁɡɐ	rʊntɜvyɾɡɜ	ʁʊntɛʁvʏʁgɐ	compound	runter|würger	0.2	0.4	0.45454545454545453	ʁʊntɐvʏʁɡɐ	ɾʊntɛɾvʏɾgɐ̯	0.2	0.5
Röhrenblüte	ʁøːʁənblyːtə	ʁøʁənblytə	rørənblytə	ʁɔʏʁɛnblytə	compound	röhren|blüte	0.0	0.2	0.2727272727272727	ʁøʁənblytə	ɾøɾɛnblytə	0.0	0.3
Röhrenblüten	ʁøːʁənblyːtən	ʁøʁənblytn	rørənblytən	ʁɔʏʁɛnblytən	compound	röhren|blüten	0.1	0.18181818181818182	0.25	ʁøʁənblytn̩	ɾøɾɛnblytən	0.18181818181818182	0.2727272727272727
Römersalat	ʁøːmɐzalaːt	ʁømɐsalat	rømɜzalɑt	ʁømɛʁzalat	compound	römer|salat	0.1111111111111111	0.3333333333333333	0.2	ʁømɐzalat	ɾømɛɾzɑlɑt	0.0	0.5
Röslein	ʁøːslaɪn	ʁøslaɪn	rœslaɪn	ʁœsləɪn	compound	r|ös|lein	0.0	0.2857142857142857	0.2857142857142857	ʁøslaɪ̯n	ɾœsləɪn	0.125	0.42857142857142855
Rötel	ʁøːtl	ʁøtəl	røtəl	ʁøtəl	compound	röte|l	0.2	0.4	0.2	ʁøtl̩	ɾøtel	0.2	0.4
Rübstiel	ʁyːpʃtiːl	ʁypʃtil	rypstil	ʁʏpstil	compound	r|üb|stiel	0.0	0.2857142857142857	0.2857142857142857	ʁypʃtil	ɾʏbstil	0.0	0.5714285714285714
Rückewagen	rʏkəvaːɡn	ʁʏkəvaɡn	rykevɑɡən	ʁʏkevagən	compound	rücke|wagen	0.125	0.4444444444444444	0.4444444444444444	ʁʏkəvaɡn̩	ɾʏkevɑgən	0.2222222222222222	0.5555555555555556
Rückstrahler	ʁʏkʃtʁaːləʁ	ʁʏkʃtʁaləʁ	rykstɾɑlɜ	ʁʏkstʁalɐ	compound	rückstrahle|r	0.0	0.7777777777777778	0.3333333333333333	ʁʏkʃtʁaləʁ	ɾʏkstɾɑlɐ̯	0.0	0.6
Rücktrittbremse	ʁʏktʁɪtbʁɛmzə	ʁʏktʁɪtbʁɛmzə	ryktɾɪtbɾɛmsə	ʁʏktʁɪtbʁɛmzə	compound	rücktritt|bremse	0.0	0.38461538461538464	0.0	ʁʏktʁɪtbʁɛmzə	ɾʏktɾɪtbrɛmzə	0.0	0.23076923076923078
Rückumschlag	ʁʏkʊmʃlaːk	ʁʏkʊmʃlak	rykʊmʃlɑk	ʁʏkʊmʃlak	compound	rück|umschlag	0.0	0.3333333333333333	0.0	ʁʏkʊmʃlak	ɾʏkʊmstslɑk	0.0	0.45454545454545453
Rüsselkäfer	ʁʏslkɛːfɐ	ʁʏslkɛfɐ	rysəlkɛfɜ	ʁʏszɛlkɛfɐ	compound	rüssel|käfer	0.0	0.4444444444444444	0.2	ʁʏsl̩kɛfɐ	ɾʏszɛlkɛfɐ̯	0.1111111111111111	0.36363636363636365
Rüsttag	ʁʏsttaːk	ʁʏsttak	rystɑk	ʁʏstak	compound	rüst|tag	0.0	0.6666666666666666	0.16666666666666666	ʁʏsttak	ɾʏsttɑk	0.0	0.2857142857142857
Saatkartoffel	zaːtkaʁtɔfəl	zatkaʁtɔfl	zɑtkaɾtɔfəl	zaltkaʁtɔffəl	compound	saat|kartoffel	0.1	0.18181818181818182	0.15384615384615385	zatkaʁtɔfl̩	zatkaɾtɔffel	0.18181818181818182	0.25
Saatkartoffeln	zaːtkaʁtɔfln	zatkaʁtɔfln	zɑtkaɾtɔfəln	zaltkaʁtɔffɛln	compound	saat|kartoffeln	0.0	0.25	0.21428571428571427	zatkaʁtɔfl̩n	zatkaɾtɔffɛln	0.08333333333333333	0.23076923076923078
Saatkorn	zaːtkɔrn	zatkɔʁn	zɑtkɔɾn	zaltkɔʁn	compound	saat|korn	0.14285714285714285	0.2857142857142857	0.25	zatkɔʁn	zatkɔɾn	0.14285714285714285	0.14285714285714285
Saatkorne	zaːtkɔʁnə	zatkɔʁnə	zɑtkɔɾnə	zaltkɔʁnə	compound	saat|korne	0.0	0.25	0.1111111111111111	zatkɔʁnə	zatkɔɾnə	0.0	0.125
Sachsenschlächter	zaksənʃlɛctɐ	zaksnʃlɛctɐ	zaksənʃlɛctɜ	zaxsɛnstslɛctɐ	compound	sachsen|schlächter	0.09090909090909091	0.08333333333333333	0.35714285714285715	zaksn̩ʃlɛçtɐ	zaksɛnstslɛçtɐ̯	0.25	0.4
Sackgesichte	zakɡəzɪctə	zakɡəzɪcte	zakɡezɪctə	zakgezɪctə	compound	sackgesicht|e	0.1	0.1	0.2	zakɡəzɪçtə	zakgezɪçtə	0.1	0.3
Sackgesichtes	zakɡəzɪctəs	zakɡəzɪctɛs	zakɡezɪctəs	zakgezɪctəs	compound	sackgesicht|es	0.09090909090909091	0.09090909090909091	0.18181818181818182	zakɡəzɪçtəs	zakgezɪçtəs	0.09090909090909091	0.2727272727272727
Saftling	zaftlɪŋ	zaftlɪŋ	zaftlɪŋ	zaftlɪŋ	compound	saft|l|ing	0.0	0.0	0.0	zaftlɪŋ	zaftlɪŋ	0.0	0.0
Sakkade	sakaːdə	sakadə	zakɑdə	zakadə	compound	s|akkade	0.0	0.3333333333333333	0.16666666666666666	zakadɐ	zakɑdə	0.3333333333333333	0.3333333333333333
Salatbesteck	zalaːtbəʃtɛk	salatbəʃtɛk	zɑlatbɛstɛk	zalatbəʃtɛk	compound	salat|besteck	0.09090909090909091	0.2727272727272727	0.0	zalatbəʃtɛk	zɑlatbɛstɛk	0.0	0.2727272727272727
Salatbestecken	zalaːtbəʃtɛkn	salatbəʃtɛkn	zɑlatbɛstɛkən	zalatbəʃtɛkən	compound	salat|bestecken	0.08333333333333333	0.3076923076923077	0.07692307692307693	zalatbəʃtɛkn̩	zɑlatbɛstɛkən	0.07692307692307693	0.3076923076923077
Salatgurke	zalaːtɡʊrkə	salatɡʊʁkə	zɑlatɡ??kə	zalatgʊʁkə	compound	salat|gurke	0.2	0.3	0.2	zalatɡʊʁkə	zɑlatgʊɾkə	0.1	0.3
Salatlöffel	zalaːtlœfl	salatlœfl	zɑlatlœfəl	zalatlœffel	compound	salat|löffel	0.1111111111111111	0.2	0.18181818181818182	zalatlœfl̩	zɑlatlœffel	0.1	0.2727272727272727
Salatlöffeln	zalaːtlœfln	salatlœfln	zɑlatlœfəln	zalatlœffɛln	compound	salat|löffeln	0.1	0.18181818181818182	0.16666666666666666	zalatlœfl̩n	zɑlatlœffɛln	0.09090909090909091	0.25
Saldierer	halbiːʁɐ	zaldiʁəʁ	zaldirɜ	zaldiɐɐ	compound	saldiere|r	0.5	0.5714285714285714	0.42857142857142855	zaldiʁɐ	zaldiɐ̯ɐ̯	0.2857142857142857	0.5555555555555556
Salome	zaːlomeː	zɑlome	zalomə	zalomə	compound	sa|lo|m|e	0.16666666666666666	0.16666666666666666	0.16666666666666666	zalomə	zɑlomə	0.16666666666666666	0.3333333333333333
Salzgletscher	zaltsɡlɛtʃɐ	zaltsɡlɛtʃɐ	zaltsɡlɛtʃɜ	zaltsglɛtʃɐ	compound	salz|gletscher	0.0	0.09090909090909091	0.09090909090909091	zalt͡sɡlɛt͡ʃɐ	zaltsglɛʧɐ̯	0.15384615384615385	0.36363636363636365
Salzgletschern	zaltsɡlɛtʃɐn	zaltsɡlɛtʃɐn	zaltsɡlɛtʃɜn	zaltsglɛtʃɛʁn	compound	salz|gletschern	0.0	0.08333333333333333	0.23076923076923078	zalt͡sɡlɛt͡ʃɐn	zaltsglɛʧɛɾn	0.14285714285714285	0.3333333333333333
Salzgletschers	zaltsɡlɛtʃɐs	zaltsɡlɛtʃɐs	zaltsɡlɛtʃɜs	zaltsglɛtʃɛʁs	compound	salz|gletschers	0.0	0.08333333333333333	0.23076923076923078	zalt͡sɡlɛt͡ʃɐs	zaltsglɛʧɛɾs	0.14285714285714285	0.3333333333333333
Salzlöffel	zaltslœfl	zaltslœfl	zaltslœfəl	zaltslœffel	compound	salz|löffel	0.0	0.1	0.18181818181818182	zalt͡slœfl̩	zaltslœffel	0.18181818181818182	0.18181818181818182
Salzmine	zaltsmiːnə	zaltsminə	zaltsminə	zaltsmɪnə	compound	salz|mine	0.0	0.0	0.1111111111111111	zalt͡sminə	zaltsmɪnə	0.1	0.1111111111111111
Sammelzahlwort	zamltsaːlvɔrt	zamltsalvɔʁt	zaməltsɑlvɔɾt	zammɛltsalvɔʁt	compound	sammel|zahlwort	0.08333333333333333	0.23076923076923078	0.21428571428571427	zaml̩t͡salvɔʁt	zammɛltsɑlvɔɾt	0.21428571428571427	0.2857142857142857
Sandfloh	zantfloː	zantflo	zantflo	zantflo	compound	sand|floh	0.0	0.0	0.0	zantflo	zantflo	0.0	0.0
Sanitätsfahrzeug	zanitɛːtsfaːɐtsɔɪk	zanitɛtsfaɐtsɔɪk	zɑnitɛtsfɑɾtsɔøk	zanitɛtsfaʁtsɔɔʏk	compound	sanität|s|fahrzeug	0.0	0.25	0.17647058823529413	zanitɛt͡sfaɐ̯t͡sɔɪ̯k	zɑnitɛtsfɑɾtsɔøk	0.2	0.25
Santander	santandeːɐ	zantandər	zantandɜ	zantandɐ	compound	sant|ander	0.3333333333333333	0.375	0.25	zantandər	zantandɐ̯	0.3333333333333333	0.3333333333333333
Saubär	zaʊbɛːɐ	zaʊbɛɐ	zaʊbɛɾ	zaobɛʁ	compound	sau|bär	0.0	0.16666666666666666	0.3333333333333333	zaʊ̯bɛɐ̯	zaobɛɾ	0.25	0.3333333333333333
Schadenbegrenzung	ʃaːdənbəɡʁɛntsʊŋ	ʃadnbəɡʁɛntsʊŋ	ʃɑdənbəɡɾɛntsʊŋ	ʃadɛnbəgʁɛntsʊŋ	compound	schaden|begrenzung	0.07142857142857142	0.13333333333333333	0.13333333333333333	ʃadn̩bəɡʁɛnt͡sʊŋ	ʃɑdɛnbɛgɾentsʊŋ	0.1875	0.4
Schahinschah	ʃaːhɪnʃaː	ʃaɪnʃa	ʃɑɪnʃɑ	ʃaɪnʃa	compound	schah|in|schah	0.16666666666666666	0.5	0.16666666666666666	ʃaɪnʃa	ʃɑɪnʃɑ	0.16666666666666666	0.5
Schalenweichtier	ʃaːlənvaɪctiːɐ	ʃalənvaɪctiɐ	ʃɑlənvaɪctiɾ	ʃalɛnvaectiɐ	compound	schalen|weichtier	0.0	0.16666666666666666	0.16666666666666666	ʃalənvaɪ̯çtiɐ̯	ʃɑlɛnvaeçtiɐ̯	0.21428571428571427	0.38461538461538464
Schalenweichtiere	ʃaːlənvaɪctiːʁə	ʃalənvaɪctiʁə	ʃɑlənvaɪctirə	ʃalɛnvaectiʁe	compound	schalen|weichtiere	0.0	0.15384615384615385	0.23076923076923078	ʃalənvaɪ̯çtiʁə	ʃɑlɛnvaeçtiɾe	0.14285714285714285	0.46153846153846156
Schalenweichtieres	ʃaːlənvaɪctiːʁəs	ʃalənvaɪctiʁəs	ʃɑlənvaɪctirəs	ʃalɛnvaectiʁəs	compound	schalen|weichtieres	0.0	0.14285714285714285	0.14285714285714285	ʃalənvaɪ̯çtiʁəs	ʃɑlɛnvaeçtiɐ̯əs	0.13333333333333333	0.4
Schalenweichtiers	ʃaːlənvaɪctiːɐs	ʃalənvaɪctiɐs	ʃɑlənvaɪctiɾs	ʃalɛnvaectiʁs	compound	schalen|weichtiers	0.0	0.15384615384615385	0.23076923076923078	ʃalənvaɪ̯çtiɐ̯s	ʃɑlɛnvaeçtiɾs	0.2	0.38461538461538464
Schaltknauf	ʃaltknaʊf	ʃaltknaʊf	ʃaltknaʊf	ʃaltknaof	compound	schalt|knauf	0.0	0.0	0.1111111111111111	ʃaltknaʊ̯f	ʃaltknaof	0.1	0.1111111111111111
Scharbock	ʃaːrbɔk	ʃaɐbɔk	ʃaɾbɔk	ʃaʁbɔk	compound	schar|bock	0.16666666666666666	0.16666666666666666	0.16666666666666666	ʃaɐ̯bɔk	ʃaɾbɔk	0.2857142857142857	0.16666666666666666
Schaufensterauslage	ʃaʊfɛnstɐaʊslaːɡə	ʃaʊfɛnstɐaʊslaɡə	ʃaʊfɛnstɜaʊslɑɡə	ʃaofɛnsteʁaoslagə	compound	schaufenster|auslage	0.0	0.125	0.29411764705882354	ʃaʊ̯fɛnstɐaʊ̯slaɡə	ʃaofɛnsteɾaoslɑgə	0.1111111111111111	0.35294117647058826
Schaumblase	ʃaʊmblaːzə	ʃaʊmblazə	ʃaʊmblɑzə	ʃaomblazə	compound	schaum|blase	0.0	0.1111111111111111	0.1111111111111111	ʃaʊ̯mblazə	ʃaomblɑzə	0.1	0.2222222222222222
Schaumbläschen	ʃaʊmblɛːscən	ʃaʊmblɛscən	ʃaʊmblɛscən	ʃaomblɛʃən	compound	schaum|bläschen	0.0	0.0	0.3	ʃaʊ̯mblɛsçən	ʃaomblɛʃən	0.16666666666666666	0.3
Schaumbläschens	ʃaʊmblɛːscəns	ʃaʊmblɛscəns	ʃaʊmblɛscəns	ʃaomblɛʃɛns	compound	schaum|bläschens	0.0	0.0	0.36363636363636365	ʃaʊ̯mblɛsçəns	ʃaomblɛʃɛns	0.15384615384615385	0.36363636363636365
Schaumkunststoff	ʃaʊmkʊnstʃtɔf	ʃaʊmkʊnstʃtɔf	ʃaʊmkʊnststɔf	ʃaomkʊnststɔff	compound	schaum|kunststoff	0.0	0.07692307692307693	0.21428571428571427	ʃaʊ̯mkʊnstʃtɔf	ʃaomkʊnststɔff	0.07142857142857142	0.21428571428571427
Scheckfälscher	ʃɛkfɛlʃɐ	ʃɛkfɛlʃɐ	ʃɛkfɛlʃɜ	ʃɛkfɛlʃɐ	compound	scheck|fälscher	0.0	0.125	0.0	ʃɛkfɛlʃɐ	ʃɛkfɛlʃɐ̯	0.0	0.1111111111111111
Scheckfälschers	ʃɛkfɛlʃɐs	ʃɛkfɛlʃɐs	ʃɛkfɛlʃɜs	ʃɛkfɛlʃɛʁs	compound	scheck|fälschers	0.0	0.1111111111111111	0.2	ʃɛkfɛlʃɐs	ʃɛkfɛlʃɛɾs	0.0	0.2
Scheherazade	ʃəheːʁazaːdə	ʃəheʁatsade	ʃeerɑtsɑdə	ʃeɛʁatsadə	compound	sche|hera|z|ade	0.2727272727272727	0.7	0.5	ʃəheʁat͡sade	ʃeeɾɑtsɑdə	0.3333333333333333	0.7
Scheinlogik	ʃaɪnloːɡɪk	ʃaɪnloɡɪk	ʃaɪnloɡɪk	ʃəɪnlogik	compound	schein|logik	0.0	0.0	0.3333333333333333	ʃaɪ̯nloɡɪk	ʃaenlogik	0.1	0.3333333333333333
Scheinreferendum	ʃaɪnʁɛfəʁɛndʊm	ʃaɪnʁefeʁɛndʊm	ʃaɪnreferəndʊm	ʃaenʁefeʁɛndum	compound	schein|referendum	0.14285714285714285	0.35714285714285715	0.2857142857142857	ʃaɪ̯nʁefeʁɛndʊm	ʃaenɾefeɾɛndum	0.2	0.42857142857142855
Scheinsieg	ʃaɪnziːk	ʃaɪnzik	ʃaɪnzik	ʃaenzik	compound	schein|sieg	0.0	0.0	0.14285714285714285	ʃaɪ̯nzik	ʃaenzik	0.125	0.14285714285714285
Scheißhäuschen	ʃaɪshɔʏscən	ʃaɪshɔɪscən	ʃaɪshɔøscən	ʃaezsɔɔʏʃən	compound	scheiß|häuschen	0.09090909090909091	0.09090909090909091	0.45454545454545453	ʃaɪ̯shɔɪ̯sçən	ʃaefɔøʃən	0.3076923076923077	0.6666666666666666
Scheißtyp	ʃaɪstyːp	ʃaɪstyp	ʃaɪstyp	ʃaezstyp	compound	scheiß|typ	0.0	0.0	0.25	ʃaɪ̯styp	ʃaestyp	0.125	0.14285714285714285
Scheißtypen	ʃaɪstyːpən	ʃaɪstypən	ʃaɪstypən	ʃaezstypən	compound	scheiß|typen	0.0	0.0	0.2	ʃaɪ̯stypn̩	ʃaestypən	0.3	0.1111111111111111
Scherbrett	ʃeːɐbʁɛt	ʃeɐbʁɛt	ʃɛɾbɾɛt	ʃɛʁbʁkɛt	compound	scher|brett	0.0	0.42857142857142855	0.375	ʃeɐ̯bʁɛt	ʃɛɾbrkɛt	0.125	0.5
Scherspannung	ʃeːɐʃpanʊŋ	ʃeɐʃpanʊŋ	ʃɛɾʃpanʊŋ	ʃɛʁspannʊŋ	compound	scher|spannung	0.0	0.2222222222222222	0.4	ʃeɐ̯ʃpanʊŋ	ʃɛɾspannʊŋ	0.1	0.4
Scherwinkel	ʃeːɐvɪŋkl	ʃeɐvɪŋkəl	ʃɛɾvɪnkəl	ʃɛʁvɪŋkel	compound	scher|winkel	0.1111111111111111	0.4444444444444444	0.3333333333333333	ʃeɐ̯vɪŋkl̩	ʃɛɾvɪŋkel	0.2	0.3333333333333333
Scherzo	skɛrtso	ʃɛʁtso	ʃɛɾtso	ʃɛʁtso	compound	scherz|o	0.5	0.5	0.5	ʃɛʁt͡so	ʃɛɾtso	0.5714285714285714	0.5
Scheuel	ʃɔɪəl	ʃɔɪəl	ʃɔøəl	ʃɔɔʏəl	compound	scheue|l	0.0	0.2	0.3333333333333333	ʃɔɪ̯əl	ʃɔøəl	0.16666666666666666	0.2
Scheuerleiste	ʃɔɪɐlaɪstə	ʃɔɪɐlaɪstə	ʃɔøɜlaɪstə	ʃɔɔʏɐlaestə	compound	scheuer|leiste	0.0	0.2	0.2727272727272727	ʃɔɪ̯ɐlaɪ̯stə	ʃɔøɛɾləɪstə	0.16666666666666666	0.36363636363636365
Schienenwolf	ʃiːnənvɔlf	ʃinənvɔlf	ʃinənvɔlf	ʃinɛnvɔlf	compound	schienen|wolf	0.0	0.0	0.1111111111111111	ʃinənvɔlf	ʃinɛnvɔlf	0.0	0.1111111111111111
Schiffskatastrophe	ʃɪfskatastʁoːfə	ʃɪfskatastʁofə	ʃɪfskatastɾofə	ʃɪffskatastʁɔfə	compound	schiffs|katastrophe	0.0	0.07142857142857142	0.13333333333333333	ʃɪfskatastʁofə	ʃɪffskɑtastɾɔfə	0.0	0.26666666666666666
Schiffskompass	ʃɪfskɔmpas	ʃɪfskɔmpas	ʃɪfskɔmpas	ʃɪffskɔmpass	compound	schiffs|kompass	0.0	0.0	0.16666666666666666	ʃɪfskɔmpas	ʃɪffskɔmpass	0.0	0.16666666666666666
Schiffsunfall	ʃɪfsʊnfal	ʃɪfsʊnfal	ʃɪfzʊnfal	ʃɪffzʊnfall	compound	schiffs|unfall	0.0	0.1111111111111111	0.2727272727272727	ʃɪfsʊnfal	ʃɪffzʊnfall	0.0	0.2727272727272727
Schiitentum	ʃiʔiːtntuːm	ʃiitntum	ʃiitəntum	ʃɪitɛntum	compound	schiiten|tu|m	0.0	0.1111111111111111	0.2222222222222222	ʃiitn̩tum	ʃiitəntum	0.1111111111111111	0.1111111111111111
Schildläuse	ʃɪltlɔɪzə	ʃɪltlɔɪzə	ʃɪldlɔøzə	ʃɪldlɔɔʏzə	compound	schild|läuse	0.0	0.2222222222222222	0.3	ʃɪltlɔɪ̯zə	ʃɪldlɔøzə	0.1	0.2222222222222222
Schlafschaf	ʃlaːfʃaːf	ʃlafʃaf	ʃlafʃɑf	ʃlafʃaf	compound	schlaf|schaf	0.0	0.14285714285714285	0.0	ʃlafʃaf	ʃlafʃɑf	0.0	0.14285714285714285
Schlafstadt	ʃlaːfʃtat	ʃlafʃtat	ʃlafstat	ʃlafstat	compound	schlaf|stadt	0.0	0.125	0.125	ʃlafʃtat	ʃlafstat	0.0	0.125
Schlafstädte	ʃlaːfʃtɛːtə	ʃlafʃtɛtə	ʃlafʃtɛtə	ʃlafstɛtə	compound	schlaf|städte	0.0	0.0	0.1111111111111111	ʃlafʃtɛtə	ʃlafstɛtə	0.0	0.1111111111111111
Schlafstädten	ʃlaːfʃtɛːtn	ʃlafʃtɛtn	ʃlafʃtɛtən	ʃlafstɛtən	compound	schlaf|städten	0.0	0.1	0.2	ʃlafʃtɛtn̩	ʃlafstɛtən	0.1	0.2
Schlafzimmeraugen	ʃlaːftsɪmɐʔaʊɡn	ʃlaftsɪmɐaʊɡn	ʃlaftsɪmeraʊɡən	ʃlaftsɪmmeʁaogən	compound	schlafzimmer|augen	0.0	0.2	0.375	ʃlaft͡sɪmɐaʊ̯ɡn̩	ʃlaftsɪmmeɾaogən	0.1875	0.375
Schlagbrett	ʃlaːkbʁɛt	ʃlakbʁɛt	ʃlaɡbɾɛt	ʃlakbʁkɛt	compound	schlag|brett	0.0	0.25	0.1111111111111111	ʃlakbʁɛt	ʃlagbrkɛt	0.0	0.3333333333333333
Schlaghose	ʃlaːkhoːzə	ʃlakhozə	ʃlakhozə	ʃlakozə	compound	schlag|hose	0.0	0.0	0.14285714285714285	ʃlakhozə	ʃlakozə	0.0	0.14285714285714285
Schlangengurke	ʃlaŋənɡʊrkə	ʃlaŋənɡʊʁkə	ʃlaŋənɡ??kə	ʃlaŋɛŋʊʁkə	compound	schlangen|gurke	0.09090909090909091	0.18181818181818182	0.4	ʃlaŋənɡʊʁkə	ʃlaŋɛŋʊɾkə	0.09090909090909091	0.4
Schlaufuchs	ʃlaʊfʊks	ʃlaʊfʊks	ʃlaʊfʊxs	ʃlaofʊks	compound	schlau|fuchs	0.0	0.125	0.125	ʃlaʊ̯fʊxs	ʃlaofʊks	0.2222222222222222	0.125
Schlehdorn	ʃleːdɔʁn	ʃledɔʁn	ʃledɔɾn	ʃledɔʁn	compound	sch|leh|dorn	0.0	0.14285714285714285	0.0	ʃledɔʁn	ʃledɔɾn	0.0	0.14285714285714285
Schleifenwiderstand	ʃlaɪfənviːdɐʃtant	ʃlaɪfnvidɐʃtant	ʃlaɪfənvidɜstant	ʃlaefɛnvidɛʁstant	compound	schleifen|widerstand	0.06666666666666667	0.125	0.29411764705882354	ʃlaɪ̯fn̩vidɐʃtant	ʃlaefɛnvidɛɾstant	0.17647058823529413	0.29411764705882354
Schlittschuhlaufens	ʃlɪtʃuːlaʊfns	ʃlɪtʃulaʊftns	ʃlɪtʃulaʊfəns	ʃlɪttʃulaofɛns	compound	schlittschuhlauf|ens	0.07692307692307693	0.07692307692307693	0.21428571428571427	ʃlɪtʃulaʊ̯fn̩s	ʃlɪttʃulaofɛns	0.14285714285714285	0.21428571428571427
Schlossparkes	ʃlɔspaʁkəs	ʃlɔspaʁkəs	ʃlɔspaɾkəs	ʃlɔsspaʁkəs	compound	schlossparke|s	0.0	0.1	0.09090909090909091	ʃlɔspaʁkəs	ʃlɔzspaɾkəs	0.0	0.18181818181818182
Schlossschraube	ʃlɔsʃʁaʊbə	ʃlɔsʃʁaʊbə	ʃlɔsʃraʊbə	ʃlɔssstsʁaobə	compound	schloss|schraube	0.0	0.1	0.38461538461538464	ʃlɔsʃʁaʊ̯bə	ʃlɔssstsɾaobə	0.09090909090909091	0.46153846153846156
Schlussantrag	ʃlʊsantʁaːk	ʃlʊsantʁak	ʃlʊsantɾɑk	ʃlʊszantʁak	compound	schluss|antrag	0.0	0.2	0.09090909090909091	ʃlʊsantʁak	ʃlʊszantɾɑk	0.0	0.2727272727272727
Schlüsselbild	ʃlʏslbɪlt	ʃlʏslbɪlt	ʃlysəlbɪlt	ʃlʏszɛlbɪlt	compound	schlüssel|bild	0.0	0.2	0.18181818181818182	ʃlʏsl̩bɪlt	ʃlʏszɛlbɪlt	0.1	0.18181818181818182
Schlüsseldienst	ʃlʏsldiːnst	ʃlʏsldinst	ʃlysəldinst	ʃlʏszɛldinst	compound	schlüssel|dienst	0.0	0.18181818181818182	0.16666666666666666	ʃlʏsl̩dinst	ʃlʏszɛldinst	0.09090909090909091	0.16666666666666666
Schlüsselklirren	ʃlʏslklɪʁən	ʃlʏslklɪʁən	ʃlysəlklɪrən	ʃlʏszɛlklɪʁʁən	compound	schlüssel|klirren	0.0	0.25	0.21428571428571427	ʃlʏsl̩klɪʁən	ʃlʏszɛlklɪɾɾən	0.08333333333333333	0.2857142857142857
Schmelzwärme	ʃmɛltsvɛʁmə	ʃmɛltsvɛʁmə	ʃmɛltsvɛɾmə	ʃmɛltsvɛʁmə	compound	schmelz|wärme	0.0	0.09090909090909091	0.0	ʃmɛlt͡svɛʁmə	ʃmɛltsvɛɾmə	0.08333333333333333	0.09090909090909091
Schmerzengeld	ʃmɛʁtsnɡɛlt	ʃmɛʁtsnɡɛlt	ʃmɛɾtsənɡɛlt	ʃmɛʁtsɛŋɛlt	compound	schmerzen|geld	0.0	0.16666666666666666	0.18181818181818182	ʃmɛʁt͡sn̩ɡɛlt	ʃmɛɾtsɛŋɛlt	0.15384615384615385	0.2727272727272727
Schmetterlingsblütengewächs	ʃmɛtɐlɪŋsblyːtənɡəvɛks	ʃmɛtɐlɪŋsblytnɡəvɛks	ʃmɛtɜlɪŋsblytɛnɡevɛks	ʃmɛtɛʁlɪŋsblytɛŋevɛks	compound	schmetterlingsblüten|gewächs	0.05	0.14285714285714285	0.2857142857142857	ʃmɛtɐlɪŋsblytn̩ɡəvɛks	ʃmɛtɛɾlɪŋzblytɛŋevɛks	0.09523809523809523	0.3333333333333333
Schmetterlingsblütengewächse	ʃmɛtɐlɪŋsblyːtənɡəvɛksə	ʃmɛtɐlɪŋsblytnɡəvɛksə	ʃmɛtɜlɪŋsblytɛnɡevɛksə	ʃmɛtɛʁlɪŋsblytɛŋevɛksə	compound	schmetterlingsblüten|gewächse	0.047619047619047616	0.13636363636363635	0.2727272727272727	ʃmɛtɐlɪŋsblytn̩ɡəvɛksə	ʃmɛtɛɾlɪŋzblytɛŋevɛksə	0.09090909090909091	0.3181818181818182
Schmetterlingsblütengewächses	ʃmɛtɐlɪŋsblyːtənɡəvɛksəs	ʃmɛtɐlɪŋsblytnɡəvɛksəs	ʃmɛtɜlɪŋsblytɛnɡevɛksəs	ʃmɛtɛʁlɪŋsblytɛŋevɛksəs	compound	schmetterlingsblüten|gewächses	0.045454545454545456	0.13043478260869565	0.2608695652173913	ʃmɛtɐlɪŋsblytn̩ɡəvɛksəs	ʃmɛtɛɾlɪŋzblytɛŋevɛksəs	0.08695652173913043	0.30434782608695654
Schmetterlingsraupe	ʃmɛtɐlɪŋsʁaʊpə	ʃmɛtɐlɪŋsʁaʊpə	ʃmɛtɜlɪŋsraʊpə	ʃmɛtɛʁlɪŋsʁaopə	compound	schmetterlings|raupe	0.0	0.14285714285714285	0.2	ʃmɛtɐlɪŋsʁaʊ̯pə	ʃmɛtɛɾlɪŋsɾaopə	0.06666666666666667	0.26666666666666666
Schmiedekunst	ʃmiːdəkhʊnst	ʃmidəkʊnst	ʃmidekʊnst	ʃmidekʊnst	compound	schmiede|kunst	0.1	0.2	0.2	ʃmidəkʊnst	ʃmidekʊnst	0.1	0.2
Schmierblatt	ʃmiːɐblat	ʃmiɐblat	ʃmiɾblat	ʃmiʁblat	compound	schmier|blatt	0.0	0.125	0.125	ʃmiɐ̯blat	ʃmiɾblat	0.1111111111111111	0.125
Schmierern	ʃmiːʁɐn	ʃmiɐeɐn	ʃmirɜn	ʃmiʁɛʁn	compound	schmier|ern	0.2857142857142857	0.3333333333333333	0.2857142857142857	ʃmiʁɐn	ʃmiɾɛɾn	0.0	0.42857142857142855
Schmierers	ʃmiːʁɐs	ʃmiɐeɐs	ʃmirɜs	ʃmiʁɛʁs	compound	schmier|ers	0.2857142857142857	0.3333333333333333	0.2857142857142857	ʃmiʁɐs	ʃmiɾɛɾs	0.0	0.42857142857142855
Schmuckgegenstand	ʃmʊkɡeːɡnʃtant	ʃmʊkɡeɡnʃtant	ʃmʊkɡeɡənstant	ʃmʊkgegənstant	compound	schmuck|gegenstand	0.0	0.14285714285714285	0.2857142857142857	ʃmʊkɡeɡn̩ʃtant	ʃmʊkgegɛnstant	0.07142857142857142	0.2857142857142857
Schmuckgegenstandes	ʃmʊkɡeːɡnʃtandəs	ʃmʊkɡeɡnʃtandəs	ʃmʊkɡeɡənstandəs	ʃmʊkgegənstandəs	compound	schmuck|gegenstandes	0.0	0.125	0.25	ʃmʊkɡeɡn̩ʃtandəs	ʃmʊkgegɛnstandəs	0.0625	0.25
Schmuckgegenstands	ʃmʊkɡeːɡnʃtants	ʃmʊkɡeɡnʃtants	ʃmʊkɡeɡənstants	ʃmʊkgegənstants	compound	schmuck|gegenstands	0.0	0.13333333333333333	0.26666666666666666	ʃmʊkɡeɡn̩ʃtant͡s	ʃmʊkgegɛnstants	0.125	0.26666666666666666
Schmuckgegenstände	ʃmʊkɡeːɡnʃtɛndə	ʃmʊkɡeɡnʃtɛndə	ʃmʊkɡeɡənʃtɛndə	ʃmʊkgegənstɛndə	compound	schmuck|gegenstände	0.0	0.06666666666666667	0.26666666666666666	ʃmʊkɡeɡn̩ʃtɛndə	ʃmʊkgegɛnstɛndə	0.06666666666666667	0.26666666666666666
Schnarcher	ʃnaʁcɐ	ʃnaʁcəʁ	ʃnɑɾcɜ	ʃnaʁxɐ	compound	schnarche|r	0.2857142857142857	0.5	0.16666666666666666	ʃnaʁçɐ	ʃnaɾxɐ̯	0.16666666666666666	0.42857142857142855
Schneckenchecker	ʃnɛkəntʃɛkɐ	ʃnɛkntʃɛkɐ	ʃnɛkəncɛkɜ	ʃnɛkɛncɛkɐ	compound	schnecken|checker	0.1	0.3	0.3	ʃnɛkn̩t͡ʃɛkɐ	ʃnɛkɛnçɛkɐ̯	0.25	0.36363636363636365
Schneckerich	ʃnɛkəʁɪc	ʃnɛkərɪc	ʃnɛkerɪc	ʃnɛkeʁɪc	compound	schnecke|rich	0.125	0.25	0.125	ʃnɛkəʁɪç	ʃnɛkeɾɪç	0.125	0.375
Schneeeule	ʃneːɔɪlə	ʃneɔɪlə	ʃneɔølə	ʃnəəəulə	compound	schnee|eule	0.0	0.14285714285714285	0.5	ʃneɔɪ̯lə	ʃnəəulə	0.125	0.42857142857142855
Schneekristallen	ʃneːkʁɪstalən	ʃnekʁɪstalən	ʃnekɾɪstalən	ʃnəekʁɪstallən	compound	schnee|kristallen	0.0	0.08333333333333333	0.14285714285714285	ʃnekʁɪstalən	ʃnekɾɪstallən	0.0	0.15384615384615385
Schneeschaf	ʃneːʃaːf	ʃneʃaf	ʃneʃɑf	ʃnəəʃaf	compound	schnee|schaf	0.0	0.16666666666666666	0.2857142857142857	ʃneʃaf	ʃneʃɑf	0.0	0.16666666666666666
Schneeziege	ʃneːtsiːɡə	ʃnetsiɡə	ʃnetsiɡə	ʃneetsigə	compound	schnee|ziege	0.0	0.0	0.2222222222222222	ʃnet͡siɡə	ʃnetsigə	0.1111111111111111	0.125
Schneidefläche	ʃnaɪdəflɛcə	ʃnaɪdəflɛcə	ʃnaɪdɛflɛcə	ʃnaedɛflɛcə	compound	schneide|fläche	0.0	0.09090909090909091	0.18181818181818182	ʃnaɪ̯dəflɛçə	ʃnaedɛflɛçə	0.16666666666666666	0.2727272727272727
Schneideflächen	ʃnaɪdəflɛcən	ʃnaɪdəflɛcn	ʃnaɪdɛflɛcən	ʃnaedɛflɛcən	compound	schneide|flächen	0.09090909090909091	0.08333333333333333	0.16666666666666666	ʃnaɪ̯dəflɛçn̩	ʃnaedɛflɛçən	0.3076923076923077	0.25
Schneidekante	ʃnaɪdəkantə	ʃnaɪdəkantə	ʃnaɪdekantə	ʃnaedekantə	compound	schneide|kante	0.0	0.09090909090909091	0.18181818181818182	ʃnaɪ̯dəkantə	ʃnaedekɑntə	0.08333333333333333	0.2727272727272727
Schneidekanten	ʃnaɪdəkantən	ʃnaɪdəkantn	ʃnaɪdekantən	ʃnaedekantən	compound	schneide|kanten	0.09090909090909091	0.08333333333333333	0.16666666666666666	ʃnaɪ̯dəkantn̩	ʃnaedekɑntən	0.23076923076923078	0.25
Schneidemesser	ʃnaɪdəmɛsɐ	ʃnaɪdəmɛsɐ	ʃnaɪdemɛsɜ	ʃnaedemɛszɐ	compound	schneide|messer	0.0	0.2	0.2727272727272727	ʃnaɪ̯dəmɛsɐ	ʃnaedemɛszɐ̯	0.09090909090909091	0.3333333333333333
Schneidemessern	ʃnaɪdəmɛsɐn	ʃnaɪdəmɛsɐn	ʃnaɪdemɛsɜn	ʃnaedemɛszɛʁn	compound	schneide|messern	0.0	0.18181818181818182	0.38461538461538464	ʃnaɪ̯dəmɛsɐn	ʃnaedemɛszɛɾn	0.08333333333333333	0.38461538461538464
Schneidemühle	ʃnaɪdəmyːlə	ʃnaɪdəmylə	ʃnaɪdemylə	ʃnaedemylə	compound	schneide|mühle	0.0	0.1	0.2	ʃnaɪ̯dəmylə	ʃnaedemylə	0.09090909090909091	0.2
Schnellbomber	ʃnɛlbɔmbɐ	ʃnɛlbɔmbɐ	ʃnɛlbɔmbɜ	ʃnɛllbɔmbɐ	compound	schnell|bomber	0.0	0.1111111111111111	0.1	ʃnɛlbɔmbɐ	ʃnɛllbɔmbɐ̯	0.0	0.18181818181818182
Schnäppchenladen	ʃnɛpcənlaːdn	ʃnɛpcənladn	ʃnɛpcənlɑdən	ʃnɛppcɛnladən	compound	schnäppchen|laden	0.0	0.16666666666666666	0.23076923076923078	ʃnɛpçənladn̩	ʃnɛppçɛnlɑdən	0.16666666666666666	0.38461538461538464
Schokopudding	ʃoːkopʊdɪŋ	ʃokopʊdɪŋ	ʃokopʊdɪŋ	ʃokopʊdɪŋ	compound	schoko|pudding	0.0	0.0	0.0	ʃokopʊdɪŋ	ʃokopʊdɪŋ	0.0	0.0
Schokopuddingen	ʃoːkopʊdɪŋən	ʃokopʊdɪŋən	ʃokopʊdɪŋən	ʃokopʊdɪŋən	compound	schoko|puddingen	0.0	0.0	0.0	ʃokopʊdɪŋən	ʃokopʊdɪŋən	0.0	0.0
Schongarer	ʃoːnɡaːʁɐ	ʃonɡaʁɐ	ʃɔŋɡɑrɜ	ʃɔŋaʁɐ	compound	schon|garer	0.0	0.7142857142857143	0.5	ʃonɡaʁɐ	ʃɔŋaɽɐ̯	0.0	0.7142857142857143
Schopenhauer	ʃoːpənhaʊɐ	ʃopənhaʊɐ	ʃopənhaʊɜ	ʃopɛnaoɐ	compound	sch|open|hauer	0.0	0.1111111111111111	0.375	ʃopənhaʊ̯ɐ	ʃopɛnaoɐ̯	0.1	0.4444444444444444
Schottenkönigin	ʃɔtənkøːnɪɡɪn	ʃɔtnkønɪɡɪn	ʃɔtənkønɪɡɪn	ʃɔtɛŋkɔʏnigɪn	compound	schotten|königin	0.09090909090909091	0.0	0.46153846153846156	ʃɔtn̩kønɪɡɪn	ʃɔtɛŋkønɪgɪn	0.16666666666666666	0.25
Schra	ʃʁaː	ʃʁa	ʃrɑ	ʃʁa	compound	sch|ra	0.0	0.6666666666666666	0.0	ʃʁa	ʃɾɑ	0.0	0.6666666666666666
Schranz	ʃʁants	ʃʁants	ʃrants	ʃʁants	compound	sch|ran|z	0.0	0.16666666666666666	0.0	ʃʁant͡s	ʃɾants	0.14285714285714285	0.16666666666666666
Schrecklichkeit	ʃʁɛklɪckaɪt	ʃʁɛklɪckaɪt	ʃrɛklɪckaɪt	ʃʁɛklɪckəit	compound	schrecklich|keit	0.0	0.09090909090909091	0.18181818181818182	ʃʁɛklɪçkaɪ̯t	ʃɾɛklɪçkəit	0.16666666666666666	0.36363636363636365
Schreibsekretär	ʃʁaɪpzekʁetɛːɐ	ʃʁaɪpzekʁetɛɐ	ʃraɪbzɛkɾetɛɾ	ʃʁaepzɛkʁetɛʁ	compound	schreib|sekretär	0.0	0.38461538461538464	0.23076923076923078	ʃʁaɪ̯pzekʁetɛɐ̯	ʃɾaepzɛkɾetɛɾ	0.13333333333333333	0.38461538461538464
Schreivogel	ʃʁaɪfoːɡl	ʃʁaɪfoɡl	ʃraɪfoɡəl	ʃʁaevogəl	compound	schrei|vogel	0.0	0.2222222222222222	0.4444444444444444	ʃʁaɪ̯foɡl̩	ʃɾaevogel	0.2	0.5555555555555556
Schriftgrösse	ʃʁɪftɡʁøːsə	ʃʁɪftɡʁøszɛ	ʃrɪftɡɾœsə	ʃʁɪftgʁœszə	compound	schrift|g|r|ös|se	0.18181818181818182	0.3	0.2727272727272727	ʃʁɪftɡʁœsə	ʃɾɪftgɾœszə	0.1	0.45454545454545453
Schrittfehler	ʃʁɪtfeːlɐ	ʃʁɪtfelɐ	ʃrɪtfelɜ	ʃʁɪtfelɐ	compound	schritt|fehler	0.0	0.25	0.0	ʃʁɪtfelɐ	ʃɾɪttfelɐ̯	0.0	0.3
Schrottanleihe	ʃʁɔtanlaɪə	ʃʁɔtanlaɪə	ʃrɔtanlaɪə	ʃʁɔtanlaeə	compound	schrott|anleihe	0.0	0.1	0.1	ʃʁɔtanlaɪ̯ə	ʃɾɔtanlaeə	0.09090909090909091	0.2
Schrottgorod	ʃʁɔtɡoʁɔt	ʃʁɔtɡoʁot	ʃrɔtɡorot	ʃʁɔttgoʁot	compound	schrott|go|rod	0.1111111111111111	0.3333333333333333	0.3	ʃʁɔtɡoʁɔt	ʃɾɔttgoɾot	0.0	0.5
Schrottwichteln	ʃʁɔtvɪctəln	ʃʁɔtvɪctln	ʃrɔtvɪctəln	ʃʁɔttvɪctɛln	compound	schrott|wichteln	0.1	0.09090909090909091	0.16666666666666666	ʃʁɔtvɪçtl̩n	ʃɾɔttvɪçtɛln	0.2727272727272727	0.3333333333333333
Schrägseilbrücke	ʃʁɛːkzaɪlbʁʏkə	ʃʁekzaɪlbʁʏkə	ʃrɛɡzaɪlbɾykə	ʃʁɛkzaelbʁʏkə	compound	schräg|seil|brücke	0.07692307692307693	0.3076923076923077	0.07692307692307693	ʃʁɛkzaɪ̯lbʁʏkə	ʃɾɛkzaelbrʏkə	0.07142857142857142	0.23076923076923078
Schrägstreifen	ʃʁɛːkʃtʁaɪfn	ʃʁɛkstʁaɪfn	ʃrɛkstɾaɪfən	ʃʁɛgstʁaefən	compound	schrägst|reifen	0.09090909090909091	0.3333333333333333	0.3333333333333333	ʃʁɛkʃtʁaɪ̯fn̩	ʃɾɛkstɾaefən	0.15384615384615385	0.4166666666666667
Schubkraft	ʃuːpkʁaft	ʃupkʁaft	ʃʊpkɾaft	ʃʊbkʁaft	compound	schub|kraft	0.0	0.25	0.25	ʃupkʁaft	ʃʊpkɾaft	0.0	0.25
Schuhgrösse	ʃuːɡʁøːsə	ʃuɡʁøszɛ	ʃuɡɾœsə	ʃugʁœszə	compound	schuh|g|r|ös|se	0.25	0.2857142857142857	0.375	ʃuɡʁœsə	ʃugɾœszə	0.14285714285714285	0.5
Schuhschächtelchen	ʃuːʃɛctəlcən	ʃuʃɛctlcən	ʃuʃɛctəlcən	ʃuʃɛctɛlcən	compound	schuh|schächtelchen	0.1	0.0	0.09090909090909091	ʃuʃɛçtl̩çən	ʃuʃɛçtɛlçən	0.36363636363636365	0.2727272727272727
Schulabgang	ʃuːlapɡaŋ	ʃulapɡaŋ	ʃulapɡaŋ	ʃulapgaŋ	compound	schul|abgang	0.0	0.0	0.125	ʃulapɡaŋ	ʃulapgaŋ	0.0	0.125
Schuldenfalle	ʃʊldnfalə	ʃʊldnfalə	ʃʊldənfalə	ʃʊldɛnfallə	compound	schulden|falle	0.0	0.1	0.18181818181818182	ʃʊldn̩falə	ʃʊldɛnfallə	0.1	0.18181818181818182
Schuldvertrag	ʃʊltfɛɐtʁaːk	ʃʊltfɛɐtʁak	ʃʊldfɜtɾɑk	ʃʊltvɛʁtʁak	compound	schuld|vertrag	0.0	0.5	0.18181818181818182	ʃʊltfɛɐ̯tʁak	ʃʊltvɛɾtɾɑk	0.08333333333333333	0.36363636363636365
Schulklingel	ʃuːlklɪŋl	ʃulklɪŋl	ʃulklɪŋəl	ʃʊlklɪŋel	compound	schul|klingel	0.0	0.1111111111111111	0.2222222222222222	ʃulklɪŋl̩	ʃʊlklɪŋel	0.1111111111111111	0.2222222222222222
Schulmann	ʃuːlman	ʃulman	ʃulman	ʃʊlmann	compound	schul|mann	0.0	0.0	0.2857142857142857	ʃulman	ʃʊlmann	0.0	0.2857142857142857
Schulstufe	ʃuːlʃtuːfə	ʃulʃtufə	ʃulʃtufə	ʃʊlstufə	compound	schul|stufe	0.0	0.0	0.25	ʃulʃtufə	ʃʊlstufə	0.0	0.25
Schuluhr	ʃuːlʔuːɐ	ʃuluɐ	ʃuluɾ	ʃʊluʁ	compound	schul|uhr	0.0	0.2	0.4	ʃuluɐ̯	ʃuluɾ	0.16666666666666666	0.2
Schurigelei	ʃuːʁiːɡəlaɪ	ʃuʁiɡələi	ʃurɪɡəlaɪ	ʃuɐɪgelae	compound	schurigele|i	0.2222222222222222	0.2222222222222222	0.5555555555555556	ʃuʁiɡəlaɪ̯	ʃuɾigelae	0.1	0.4444444444444444
Schurl	ʃuɐl	ʃuɐl	ʃ??l	ʃuɐl	compound	schur|l	0.0	0.5	0.0	ʃʊʁl	ʃʊɾl	0.5	0.5
Schurli	ʃuɐli	ʃuɐli	ʃ??li	ʃʊʁli	compound	schur|li	0.0	0.4	0.4	ʃuɐ̯li	ʃʊɾli	0.16666666666666666	0.4
Schuttcontainer	ʃʊtkɔntɛːnɐ	ʃʊtkɔntɛɪnɐ	ʃʊtkɔntaɪnɜ	ʃʊtʃkɔntaɪnɐ	compound	schutt|container	0.09090909090909091	0.2727272727272727	0.25	ʃʊtkɔntenɐ	ʃʊttkɔntɑɪnɐ̯	0.1	0.3076923076923077
Schuttcontainern	ʃʊtkɔntɛɪnɐn	ʃʊtkɔntɛɪnɐn	ʃʊtkɔntaɪnɜn	ʃʊtʃkɔntaɪnɛʁn	compound	schutt|containern	0.0	0.16666666666666666	0.2857142857142857	ʃʊtkɔntenɐn	ʃʊttkɔntɑinɛɾn	0.18181818181818182	0.35714285714285715
Schwanenhalsmikrofon	ʃvaːnənhalsmikʁofoːn	ʃvanənhalsmikʁofon	ʃvɑnənhalsmɪkɾofon	ʃvanɛnalsmɪkʁofon	compound	schwanenhals|mikrofon	0.0	0.16666666666666666	0.17647058823529413	ʃvanənhalsmikʁofon	ʃvɑnɛnalsmɪkɾofon	0.0	0.29411764705882354
Schwanenjunges	ʃvaːnənjʊŋəs	ʃvanənjʊŋəs	ʃvɑnənjʊŋəs	ʃvanɛnjʊŋəs	compound	schwanen|junges	0.0	0.09090909090909091	0.09090909090909091	ʃvanənjʊŋəs	ʃvɑnɛnjʊŋəs	0.0	0.18181818181818182
Schwanenteich	ʃvaːnəntaɪc	ʃvanəntaɪc	ʃvɑnəntaɪc	ʃvanɛntaec	compound	schwanen|teich	0.0	0.1	0.2	ʃvanəntaɪ̯ç	ʃvɑnɛntaeç	0.18181818181818182	0.4
Schwarzarbeitsbekämpfungsgesetz	ʃvaʁtsʔaʁbaɪtsbəkɛmpfʊŋsɡəzɛts	ʃvaʁtsaʁbaɪtsbəkɛmpfʊŋsɡəzɛts	ʃvaɾtsaɾbaɪtsbekɛmpfʊŋsɡəzɛts	ʃvaʁtsaʁbaetsbekɛmpfʊŋsgəzɛts	compound	schwarzarbeit|s|bekämpfung|s|gesetz	0.0	0.10344827586206896	0.10344827586206896	ʃvaʁt͡saʁbaɪ̯t͡sbəkɛmp͡fʊŋsɡəzɛt͡s	ʃvaɾtsaɾbaetsbekɛmpfʊŋsgezɛts	0.14705882352941177	0.20689655172413793
Schwarzbrennen	ʃvaʁtsbʁɛnən	ʃvaʁtsbʁɛnən	ʃvaɾtsbɾɛnən	ʃvaʁtsbʁɛnnən	compound	schwarz|brennen	0.0	0.16666666666666666	0.07692307692307693	ʃvaʁt͡sbʁɛnən	ʃvaɾtsbrɛnnən	0.07692307692307693	0.23076923076923078
Schwarzgrau	ʃvaʁtsɡʁaʊ	ʃvaʁtsɡʁaʊ	ʃvaɾtsɡɾaʊ	ʃvaʁtsgʁao	compound	schwarz|grau	0.0	0.2	0.2	ʃvaʁt͡sɡʁaʊ̯	ʃvaɾtsgɾao	0.16666666666666666	0.4
Schwarzkiefer	ʃvartskiːfɐ	ʃvaʁtskifɐ	ʃvaɾtskifɜ	ʃvaʁtskifɐ	compound	schwarz|kiefer	0.1	0.2	0.1	ʃvaʁt͡skifɐ	ʃvaɾtskifɐ̯	0.18181818181818182	0.18181818181818182
Schwarzmaler	ʃvaʁtsmaːlɐ	ʃvaʁtsmaləʁ	ʃvaɾtsmɑlɜ	ʃvaʁtsmalɐ	compound	schwarzmale|r	0.18181818181818182	0.3	0.0	ʃvaʁt͡smalɐ	ʃvaɾtsmalɐ̯	0.09090909090909091	0.18181818181818182
Schwarzschild	ʃvaʁtsʃɪlt	ʃvaʁtsʃɪlt	ʃvaɾtsʃɪlt	ʃvaʁtsʃɪlt	compound	schwarz|schild	0.0	0.1	0.0	ʃvaʁt͡sʃɪlt	ʃvaɾtsʃɪlt	0.09090909090909091	0.1
Schwebeablaut	ʃveːbəaplaʊt	ʃvebəaplaʊt	ʃvebeablaʊt	ʃvebəablaot	compound	schwebe|ablaut	0.0	0.18181818181818182	0.18181818181818182	ʃvebəaplaʊ̯t	ʃvebeablaot	0.08333333333333333	0.2727272727272727
Schwefellagerstätte	ʃveːfllaːɡɐʃtɛtə	ʃvefllaɡɐʃtɛtə	ʃvefəlɑɡɜʃtɛtə	ʃvefɛllagɛʁstɛtə	compound	schwefel|lagerstätte	0.0	0.21428571428571427	0.3125	ʃvefl̩laɡɐʃtɛtə	ʃvefɛllɑgɛɾstɛtə	0.06666666666666667	0.375
Schwegel	ʃveːɡəl	ʃveɡəl	ʃveɡəl	ʃvegəl	compound	sch|wege|l	0.0	0.0	0.16666666666666666	ʃveɡl̩	ʃvegel	0.3333333333333333	0.3333333333333333
Schweiger	ʃvaɪɡɐ	ʃvaɪɡəʁ	ʃvaɪɡɜ	ʃvaegɐ	compound	schweige|r	0.2857142857142857	0.16666666666666666	0.3333333333333333	ʃvaɪ̯ɡəʁ	ʃvəɪgɐ̯	0.375	0.42857142857142855
Schweinbär	ʃvaɪnbɛːɐ	ʃvaɪnbɛɐ	ʃvaɪnbɛɾ	ʃvaenbɛʁ	compound	schwein|bär	0.0	0.125	0.25	ʃvaɪ̯nbɛɐ̯	ʃvaenbɛɾ	0.2	0.25
Schweinefilet	ʃvaɪnəfileː	ʃvaɪnəfile	ʃvaɪnefilət	ʃvaenefilət	compound	schweine|filet	0.0	0.2727272727272727	0.36363636363636365	ʃvaɪ̯nəfile	ʃvaenefilət	0.09090909090909091	0.36363636363636365
Schweinefilets	ʃvaɪnəfileːs	ʃvaɪnəfiles	ʃvaɪnefiləts	ʃvaenefilɛts	compound	schweine|filets	0.0	0.25	0.3333333333333333	ʃvaɪ̯nəfiles	ʃvaenefilɛts	0.08333333333333333	0.3333333333333333
Schweinepest	ʃvaɪnəpɛst	ʃvaɪnəpɛst	ʃvaɪnepəst	ʃvaenepɛst	compound	schweine|pest	0.0	0.2	0.2	ʃvaɪ̯nəpɛst	ʃvaenepɛst	0.09090909090909091	0.2
Schweinhorn	ʃvaɪnhɔʁn	ʃvaɪnhɔʁn	ʃvaɪnhɔɾn	ʃvaenhɔʁn	compound	schwein|horn	0.0	0.1111111111111111	0.1111111111111111	ʃvaɪ̯nhɔʁn	ʃvaenɔɾn	0.1	0.375
Schweinhund	ʃvaɪnhʊnt	ʃvaɪnhʊnt	ʃvaɪnhʊnt	ʃvaenʊnt	compound	schwein|hund	0.0	0.0	0.25	ʃvaɪ̯nhʊnt	ʃvaenʊnt	0.1	0.25
Schweinsauge	ʃvaɪnsaʊɡə	ʃvaɪnsaʊɡə	ʃvaɪnzaʊɡə	ʃvaenzaogə	compound	schweins|auge	0.0	0.1	0.4	ʃvaɪ̯nsaʊ̯ɡə	ʃvaenzaogə	0.16666666666666666	0.4
Schweinsfisch	ʃvaɪnsfɪʃ	ʃvaɪnsfɪʃ	ʃvaɪnsfɪʃ	ʃvaensfɪʃ	compound	schweins|fisch	0.0	0.0	0.1111111111111111	ʃvaɪ̯nsfɪʃ	ʃvaensfɪʃ	0.1	0.1111111111111111
Schweißfuß	ʃvaɪsfuːs	ʃvaɪsfus	ʃvaɪsfus	ʃvaessfʊss	compound	schweiß|fuß	0.0	0.0	0.4	ʃvaɪ̯sfus	ʃvaefus	0.1111111111111111	0.2857142857142857
Schweißfußes	ʃvaɪsfuːsəs	ʃvaɪsfusəs	ʃvaɪsfusəs	ʃvaessfʊszəs	compound	schweiß|fußes	0.0	0.0	0.3333333333333333	ʃvaɪ̯sfusəs	ʃvaefuuəs	0.09090909090909091	0.3333333333333333
Schweißfüße	ʃvaɪsfyːsə	ʃvaɪsfysə	ʃvaɪsfysə	ʃvaessfʏszə	compound	schweiß|füße	0.0	0.0	0.36363636363636365	ʃvaɪ̯sfysə	ʃvaefyzə	0.1	0.375
Schweißhände	ʃvaɪshɛndə	ʃvaɪshɛndə	ʃvaɪshɛndə	ʃvaezsɛndə	compound	schweiß|hände	0.0	0.0	0.3	ʃvaɪ̯shɛndə	ʃvaefɛndə	0.09090909090909091	0.3333333333333333
Schweißpore	ʃvaɪspoːʁə	ʃvaɪspoʁə	ʃvaɪsporə	ʃvaezspoʁə	compound	schweiß|pore	0.0	0.1111111111111111	0.2	ʃvaɪ̯spoʁə	ʃvaeʃpoɾə	0.1	0.3333333333333333
Schwellenpflug	ʃvɛlənpfluːk	ʃvɛlənpfluk	ʃvɛlənpfluk	ʃvɛllɛnpfluk	compound	schwellen|pflug	0.0	0.0	0.16666666666666666	ʃvɛlənp͡fluk	ʃvɛllɛnpfluk	0.08333333333333333	0.16666666666666666
Schwellenreißer	ʃvɛlənʁaɪsɐ	ʃvɛlənʁaɪsəʁ	ʃvɛlənraɪsɜ	ʃvɛllɛnʁaeszɐ	compound	schwellen|reiße|r	0.16666666666666666	0.18181818181818182	0.3076923076923077	ʃvɛlənʁaɪ̯sɐ	ʃvɛllɛnɾaeʃɐ̯	0.08333333333333333	0.46153846153846156
Schwerstverbrechen	ʃveːɐstfɛɐbʁɛcn	ʃveɐstfɛɐbʁɛcn	ʃveɾstfɜbɾɛcən	ʃvɛʁstvɛʁbʁɛcən	compound	schwer|st|verbrechen	0.0	0.35714285714285715	0.3333333333333333	ʃveɐ̯stfɛɐ̯bʁɛçn̩	ʃvɛɾstvɛɾbrɛçən	0.23529411764705882	0.4666666666666667
Schwertmage	ʃveːrtmaːɡɛ	ʃveɐtmaɡə	ʃveɾtmɑɡə	ʃvɛʁtmagə	compound	schwert|mage	0.2222222222222222	0.3333333333333333	0.4444444444444444	ʃveɐ̯tmaɡə	ʃvɛɾtmɑgə	0.3	0.5555555555555556
Schwiegermutterzunge	ʃviːɡɐmʊtɐtsʊŋə	ʃviɡɐmʊtɐtsʊŋə	ʃviɡɜmʊtɜtsʊŋə	ʃvigɛʁmʊtɛʁtsʊŋə	compound	schwiegermutter|zunge	0.0	0.14285714285714285	0.3125	ʃviɡɐmʊtɐt͡sʊŋə	ʃvigɛɾmʊtɛɾtsʊŋə	0.06666666666666667	0.3125
Schwimmmeister	ʃvɪmmaɪstɐ	ʃvɪmmaɪstɐ	ʃvɪmaɪstɜ	ʃvɪmmmaestɐ	compound	schwimm|meister	0.0	0.2222222222222222	0.18181818181818182	ʃvɪmmaɪ̯stɐ	ʃvɪmmməɪstɐ̯	0.09090909090909091	0.25
Schwimmmeistern	ʃvɪmmaɪstɐn	ʃvɪmmaɪstɐn	ʃvɪmaɪstɜn	ʃvɪmmmaestɛʁn	compound	schwimm|meistern	0.0	0.2	0.3076923076923077	ʃvɪmmaɪ̯stɐn	ʃvɪmmmaestɛɾn	0.08333333333333333	0.3076923076923077
Schwimmmeisters	ʃvɪmmaɪstɐs	ʃvɪmmaɪstɐs	ʃvɪmaɪstɜs	ʃvɪmmmaestɛʁs	compound	schwimm|meisters	0.0	0.2	0.3076923076923077	ʃvɪmmaɪ̯stɐs	ʃvɪmmmaestɛɾs	0.08333333333333333	0.3076923076923077
Schwänzeltanz	ʃvɛntsltants	ʃvɛntsltants	ʃvɛntsəltants	ʃvɛntsɛltants	compound	schwänzelt|anz	0.0	0.07692307692307693	0.07692307692307693	ʃvɛnt͡sl̩tant͡s	ʃvɛntsɛltants	0.2	0.07692307692307693
Schütteltanz	ʃʏtltants	ʃʏtltants	ʃytəltants	ʃʏtɛltants	compound	schüttelt|anz	0.0	0.2	0.1	ʃʏtl̩tant͡s	ʃʏtɛltants	0.18181818181818182	0.1
Schüttkasten	ʃʏtkastn	ʃʏtkastn	ʃytkastən	ʃʏttkastən	compound	schütt|kasten	0.0	0.2222222222222222	0.2	ʃʏtkastn̩	ʃʏttkastən	0.1111111111111111	0.2
Sechseckpyramide	zɛksɛkpyʁamiːdə	zɛksɛkpyʁamidə	zɛksɛkpyramidə	zɛkzɛkpyʁamidə	compound	sechseck|pyramide	0.0	0.07142857142857142	0.07142857142857142	zɛksɛkpyʁamidə	zɛksɛkpyɾɑmidə	0.0	0.14285714285714285
Sechseckpyramiden	zɛksɛkpyʁamiːdən	zɛksɛkpyʁamidən	zɛksɛkpyramidən	zɛkzɛkpyʁamidən	compound	sechseck|pyramiden	0.0	0.06666666666666667	0.06666666666666667	zɛksɛkpyʁamidn̩	zɛksɛkpyɾɑmidən	0.13333333333333333	0.13333333333333333
Sechseckszahl	zɛksɛkstsaːl	zɛksɛkstsal	zɛksɛkstsɑl	zɛkzɛkstsal	compound	sechsecks|zahl	0.0	0.09090909090909091	0.09090909090909091	zɛksɛkt͡st͡sal	zɛksɛkstsɑl	0.21428571428571427	0.09090909090909091
Sechskampf	zɛkskampf	zɛkskampf	zɛkskampf	zɛcskampf	compound	sechs|kampf	0.0	0.0	0.1111111111111111	zɛkskamp͡f	zɛçskampf	0.1	0.1111111111111111
Sechsunddreißigeck	zɛksʊntdʁaɪsɪcɛk	zɛksʊntdʁaɪsɪkɛk	zɛksʊndɾaɪsɪɡɛk	zɛcsʊndʁaeszɪgɛk	compound	sechsunddreißig|eck	0.0625	0.2	0.3125	zɛksʊntdʁaɪ̯sɪɡək	zɛksʊnddɾaezigɛk	0.17647058823529413	0.375
Sechsunddreißigecke	zɛksʊntdʁaɪsɪcɛkə	zɛksʊntdʁaɪsɪkɛkə	zɛksʊndɾaɪsɪɡɛkə	zɛcsʊndʁaeszɪgɛkə	compound	sechsunddreißig|ecke	0.058823529411764705	0.1875	0.29411764705882354	zɛksʊntdʁaɪ̯sɪɡəɛkə	zɛksʊnddɾaezigɛkə	0.15789473684210525	0.35294117647058826
Sechsunddreißigeckes	zɛksʊntdʁaɪsɪcɛkəs	zɛksʊntdʁaɪsɪkɛkəs	zɛksʊndɾaɪsɪɡɛkəs	zɛcsʊndʁaeszɪgɛkəs	compound	sechsunddreißig|eckes	0.05555555555555555	0.17647058823529413	0.2777777777777778	zɛksʊntdʁaɪ̯sɪɡəɛkəs	zɛksʊnddɾaezigɛkəs	0.15	0.3333333333333333
Sechsunddreißigecks	zɛksʊntdʁaɪsɪcɛks	zɛksʊntdʁaɪsɪkɛks	zɛksʊndɾaɪsɪɡɛks	zɛcsʊndʁaeszɪgɛks	compound	sechsunddreißig|ecks	0.058823529411764705	0.1875	0.29411764705882354	zɛksʊntdʁaɪ̯sɪɡəɛks	zɛksʊnddɾaejigɛks	0.15789473684210525	0.35294117647058826
Sechsunddreißigstel	zɛksʊntdʁaɪsɪcstəl	zɛksʊntdʁaɪsɪkstəl	zɛksʊndɾaɪsɪcstəl	zɛcsʊndʁaeszɪgstəl	compound	sechsunddreißigste|l	0.05555555555555555	0.11764705882352941	0.2777777777777778	zɛksʊntdʁaɪ̯sɪkstl̩	zɛksʊnddɾaezɪgstel	0.21052631578947367	0.3333333333333333
Sechsunddreißigstels	zɛksʊntdʁaɪsɪcstəls	zɛksʊntdʁaɪsɪkstəls	zɛksʊndɾaɪsɪcstəls	zɛcsʊndʁaeszɪgstɛls	compound	sechsunddreißigste|l|s	0.05263157894736842	0.1111111111111111	0.3157894736842105	zɛksʊntdʁaɪ̯sɪkstəls	zɛksʊnddɾaezɪgstɛls	0.1	0.3157894736842105
Sechsundvierzigjährige	zɛksʊntfɪɐtsɪcjɛːʁɪɡə	zɛksʊntfɪʁtsɪkjɛʁɪɡə	zɛksʊndviɾtsɪɡjɛrɪɡə	zɛcsʊntviʁtsɪkjɛʁɪgə	compound	sechsundvierzig|jährige	0.1	0.3	0.3	zɛksʊntfɪʁt͡sɪkjɛʁɪɡə	zɛksʊntviɾtsɪkjɛɾɪgə	0.14285714285714285	0.3
Sechsundvierzigjähriger	zɛksʊntfɪɐtsɪcjɛːʁɪɡɐ	zɛksʊntfɪʁtsɪkjɛʁɪɡɐ	zɛksʊndviɾtsɪɡjɛrɪɡɜ	zɛcsʊntviʁtsɪkjɛʁɪgɐ	compound	sechsundvierzig|jähriger	0.1	0.35	0.3	zɛksʊntfɪʁt͡sɪkjɛʁɪɡɐ	zɛksʊntviɾtsɪkjɛɾɪgɐ̯	0.14285714285714285	0.3333333333333333
Sechsundvierzigstel	zɛksʊntfɪʁtsɪcstəl	zɛksʊntfɪʁtsɪkstəl	zɛksʊndviɾtsɪcstəl	zɛcsʊntviʁtsɪgstəl	compound	sechsundvierzig|ste|l	0.05555555555555555	0.2222222222222222	0.2222222222222222	zɛksʊntfɪʁt͡sɪkstl̩	zɛksʊntviɾtsɪgstel	0.21052631578947367	0.2777777777777778
Sechsundvierzigstels	zɛksʊntfɪʁtsɪcstəls	zɛksʊntfɪʁtsɪkstls	zɛksʊndviɾtsɪcstəls	zɛcsʊntviʁtsɪgstɛls	compound	sechs|und|vierzigstels	0.1111111111111111	0.21052631578947367	0.2631578947368421	zɛksʊntfɪʁt͡sɪkstəls	zɛksʊntviɾtsɪgstɛls	0.1	0.2631578947368421
Sechsundzwanzigstel	zɛksʊnttsvantsɪcstəl	zɛksʊnttsvantsɪkstəl	zɛksʊnttsvantsɪcstəl	zɛcsʊnttsvantsɪgstəl	compound	sechsundzwanzigste|l	0.05	0.0	0.1	zɛksʊntt͡svant͡sɪkstəl	zɛksʊnttsvantsɪgstel	0.13636363636363635	0.1
Sechsundzwanzigstels	zɛksʊnttsvantsɪcstəls	zɛksʊnttsvantsɪkstəls	zɛksʊnttsvantsɪcstəls	zɛcsʊnttsvantsɪgstɛls	compound	sechsundzwanzigste|l|s	0.047619047619047616	0.0	0.14285714285714285	zɛksʊntt͡svant͡sɪkstəls	zɛksʊnttsvantsɪgstɛls	0.13043478260869565	0.09523809523809523
Sechzigeck	zɛctsɪcɛk	zɛctsɪkɛk	zɛctsɪɡɛk	zɛctsɪgɛk	compound	sechzig|eck	0.1111111111111111	0.1111111111111111	0.1111111111111111	zɛçt͡sɪkɛk	zɛçtsigɛk	0.3	0.3333333333333333
Sechzigecke	zɛctsɪcɛkə	zɛctsɪkɛkə	zɛctsɪɡɛkə	zɛctsɪgɛkə	compound	sechzig|ecke	0.1	0.1	0.1	zɛçt͡sɪkɛkə	zɛçtsigɛkə	0.2727272727272727	0.3
Sechzigeckes	zɛctsɪcɛkəs	zɛctsɪkɛkəs	zɛctsɪɡɛkəs	zɛctsɪgɛkəs	compound	sechzig|eckes	0.09090909090909091	0.09090909090909091	0.09090909090909091	zɛçt͡sɪkɛkəs	zɛçtsigɛkəs	0.25	0.2727272727272727
Sechzigecks	zɛctsɪcɛks	zɛctsɪkɛks	zɛctsɪɡɛks	zɛctsɪgɛks	compound	sechzig|ecks	0.1	0.1	0.1	zɛçt͡sɪkɛks	zɛçtsigɛks	0.2727272727272727	0.3
Seefeld	zeːfɛlt	zefɛlt	zefɛlt	zəefɛlt	compound	see|feld	0.0	0.0	0.14285714285714285	zefɛlt	zefɛlt	0.0	0.0
Seefelder	zeːfɛldɐ	zefɛldɐ	zefɛldɜ	zəefɛldɐ	compound	see|felder	0.0	0.14285714285714285	0.125	zefɛldɐ	zefɛldɐ̯	0.0	0.125
Seelenverwandten	zeːlənfɛɐvantən	zelənfɛɐvantn	zelənfɜvantən	zəelɛnvɛʁvantən	compound	seelen|verwandten	0.07692307692307693	0.15384615384615385	0.26666666666666666	zelənfɛɐ̯vantn̩	zelɛnvɛɾvantən	0.2	0.21428571428571427
Seelenverwandter	zeːlənfɛɐvantɐ	zelənfɛɐvantɐ	zelənfɜvantɜ	zəelɛnvɛʁvantɐ	compound	seelen|verwandter	0.0	0.25	0.2857142857142857	zelənfɛɐ̯vantɐ	zelɛnvɛɾvantɐ̯	0.07142857142857142	0.2857142857142857
Seerosenteich	zeːʁoːzntaɪc	zeʁozntaɪc	zerozɛntaɪc	zəeʁozɛntaec	compound	seerosen|teich	0.0	0.18181818181818182	0.25	zeʁozn̩taɪ̯ç	zeɾozɛntaeç	0.25	0.36363636363636365
Seewolf	zeːvɔlf	zevɔlf	zevɔlf	zəevɔlf	compound	see|wolf	0.0	0.0	0.14285714285714285	zevɔlf	zevɔlf	0.0	0.0
Seeübung	zeːyːbʊŋ	zeybʊŋ	zeybʊŋ	zəɛybʊŋ	compound	see|übung	0.0	0.0	0.2857142857142857	zeybʊŋ	zeybʊŋ	0.0	0.0
Segner	zeːɡnɐ	zeɡnəʁ	zɛɡnɜ	zɛgnɐ	compound	segne|r	0.3333333333333333	0.4	0.4	zeɡnɐ	zɛgnɐ̯	0.0	0.5
Seidenreiher	zaɪdənʁaɪɐ	zaɪdnʁaɪɐ	zaɪdənraɪɜ	zaedɛnʁaeɐ	compound	seiden|reiher	0.1111111111111111	0.2	0.3	zaɪ̯dn̩ʁaɪ̯ɐ	zaedɛnɾaeɐ̯	0.3333333333333333	0.45454545454545453
Seifenbläschen	zaɪfənblɛːscən	zaɪfnblɛscən	zaɪfənblɛscən	zaefɛnblɛʃən	compound	seifen|bläschen	0.08333333333333333	0.0	0.3333333333333333	zaɪ̯fn̩blɛsçən	zaefɛnblɛʃən	0.2857142857142857	0.3333333333333333
Seifenbläschens	zaɪfənblɛːscəns	zaɪfnblɛscəns	zaɪfənblɛscəns	zaefɛnblɛʃɛns	compound	seifen|bläschens	0.07692307692307693	0.0	0.38461538461538464	zaɪ̯fn̩blɛsçəns	zaefɛnblɛʃɛns	0.26666666666666666	0.38461538461538464
Seifenlagerstätte	zaɪfnlaːɡɐʃtɛtə	zaɪfnlaɡɐʃtɛtə	zaɪfənlɑɡɜʃtɛtə	zaefɛnlagɛʁstɛtə	compound	seifen|lagerstätte	0.0	0.2	0.375	zaɪ̯fn̩laɡɐʃtɛtə	zaefɛnlɑgɛɾstɛtə	0.125	0.4375
Seitenfläche	zaɪtənflɛcə	zaɪtnflɛcə	zaɪtənflɛcə	zəitɛnflɛcə	compound	seiten|fläche	0.1	0.0	0.2727272727272727	zaɪ̯tn̩flɛçə	zaetɛnflɛçə	0.3333333333333333	0.2727272727272727
Sekundärkunststoff	zekʊndɛːɐkʊnstʃtɔf	zekʊndɛɐkʊnstʃtɔf	zekʊndɛɾkʊnststɔf	zekʊndɛʁkʊnststɔff	compound	sekundär|kunststoff	0.0	0.11764705882352941	0.16666666666666666	zekʊndɛɐ̯kʊnstʃtɔf	zekʊndɛɾkʊnststɔff	0.05555555555555555	0.16666666666666666
Sekundärlagerstätte	zekʊndɛːɐlaːɡɐʃtɛtə	zekʊndɛɐlaɡɐʃtɛtə	zekʊndɛɾlɑɡɜʃtɛtə	zekʊndɛʁlagɛʁstɛtə	compound	sekundär|lagerstätte	0.0	0.17647058823529413	0.2777777777777778	zekʊndɛɐ̯laɡɐʃtɛtə	zekʊndɛɾlɑgɛɾstɛtə	0.05555555555555555	0.3333333333333333
Selbstbezogenheit	zɛlpstbətsoːɡŋhaɪt	zɛlpstbətsoɡnhaɪt	zɛlpstbətsoɡənhaɪt	zɛlpstbetsogənəit	compound	selbst|bezogen|heit	0.058823529411764705	0.1111111111111111	0.35294117647058826	zɛlpstbət͡soɡn̩haɪ̯t	zɛlpstbetsogɛnəit	0.2	0.35294117647058826
Selbstentfremdung	zɛlpstɛntfʁɛmdʊŋ	zɛlpstɛntfʁɛmdʊŋ	zɛlpstɛntfrɛmdʊŋ	zɛlbstɛntfʁɛmdʊŋ	compound	selbst|entfremdung	0.0	0.0625	0.0625	zɛlpstɛntfʁɛmdʊŋ	zɛlbstɛntfɾɛmdʊŋ	0.0	0.125
Selbstheirat	zɛlpsthaɪʁaːt	zɛlpsthaɪʁat	zɛlpsthaɪrɑt	zɛlpʃtaeʁat	compound	selbst|heirat	0.0	0.16666666666666666	0.2727272727272727	zɛlpsthaɪ̯ʁat	zɛlpztaeɾɑt	0.07692307692307693	0.45454545454545453
Selbstmordgedanken	zɛlpstmɔʁtɡədaŋkn	zɛlpstmɔʁtɡədaŋkn	zɛlpstmɔɾdɡedaŋkən	zɛlpstmɔʁtgedaŋkən	compound	selbstmord|gedanken	0.0	0.2222222222222222	0.16666666666666666	zɛlpstmɔʁtɡədaŋkn̩	zɛlpstmɔɾtgedaŋkən	0.05555555555555555	0.2222222222222222
Selbstmordgedankens	zɛlpstmɔʁtɡədaŋkns	zɛlpstmɔʁtɡədaŋkns	zɛlpstmɔɾdɡedankəns	zɛlpstmɔʁtgedaŋkɛns	compound	selbstmord|gedankens	0.0	0.2631578947368421	0.15789473684210525	zɛlpstmɔʁtɡədaŋkn̩s	zɛlpstmɔɾtgedaŋkɛns	0.05263157894736842	0.21052631578947367
Selbststand	zɛlpʃtant	zɛlpstʃtant	zɛlpststant	zɛlpststant	compound	selbst|stand	0.18181818181818182	0.2727272727272727	0.2727272727272727	zɛlpstʃtant	zɛlbststant	0.18181818181818182	0.36363636363636365
Selbstverletzung	zɛlpstfɛɐlɛtsʊŋ	zɛlpstfɛɐlɛtsʊŋ	zɛlpstfɛɾlɛtsʊŋ	zɛlpstvɛʁlɛtsʊŋ	compound	selbst|verletzung	0.0	0.06666666666666667	0.13333333333333333	zɛlpstfɛɐ̯lɛt͡sʊŋ	zɛlpstvɛɾlɛtsʊŋ	0.11764705882352941	0.13333333333333333
Selbstzerstörung	zɛlpsttsɛɐʃtøːʁʊŋ	zɛlpsttsɛɐʃtøʁʊŋ	zɛlpsttsɛɾʃtørʊŋ	zɛlpsttsɛʁstøʁʊŋ	compound	selbst|zerstörung	0.0	0.125	0.125	zɛlpstt͡sɛɐ̯ʃtøʁʊŋ	zɛlpztsɛɾstøɾʊŋ	0.1111111111111111	0.3333333333333333
Senfgeschmack	zɛnfɡəʃmak	zɛnfɡəʃmak	zɛnfɡɛʃmak	zɛnfgəʃmak	compound	senf|geschmack	0.0	0.1	0.1	zɛnfɡəʃmak	zɛnfgɛʃmak	0.0	0.2
Senfgeschmackes	zɛnfɡəʃmakəs	zɛnfɡəʃmakəs	zɛnfɡɛʃmakəs	zɛnfgəʃmakəs	compound	senf|geschmackes	0.0	0.08333333333333333	0.08333333333333333	zɛnfɡəʃmakəs	zɛnfgɛʃmakəs	0.0	0.16666666666666666
Senfgeschmacks	zɛnfɡəʃmaks	zɛnfɡəʃmaks	zɛnfɡɛʃmaks	zɛnfgəʃmaks	compound	senf|geschmacks	0.0	0.09090909090909091	0.09090909090909091	zɛnfɡəʃmaks	zɛnfgɛʃmaks	0.0	0.18181818181818182
Senflöffel	zɛnflœfl	zɛnflœfl	zɛnflœfəl	zɛnflœffel	compound	senf|löffel	0.0	0.1111111111111111	0.2	zɛnflœfl̩	zɛnflœffel	0.1111111111111111	0.2
Sensibilisierer	zɛnzibiliziːʁɐ	zɛnzibiliziʁəʁ	zɛnzibilizirɜ	zɛnzibiliziɐɐ	compound	sensibilisiere|r	0.14285714285714285	0.15384615384615385	0.07692307692307693	zɛnzibiliziʁɐ	zɛnzibiliziɐ̯ɐ̯	0.0	0.2
Serumhepatitis	zeːʁʊmhepatiːtɪs	zeʁʊmhepatitɪs	zerʊmhepatitɪs	zɐʊmhepatitɪs	compound	serum|hepatitis	0.0	0.07142857142857142	0.15384615384615385	zeʁʊmhepatitɪs	zeɾʊmepɑtitis	0.0	0.3076923076923077
Sesselleiste	zɛsllaɪstə	zɛsllaɪstə	zɛsəlaɪstə	zɛszɛlləɪstə	compound	sessel|leiste	0.0	0.1	0.25	zɛsl̩laɪ̯stə	zɛszɛlləɪstə	0.16666666666666666	0.25
Sfax	sfaks	sfaks	ɛsfɑks	sfaks	compound	s|fax	0.0	0.3333333333333333	0.0	sfaks	sfɑks	0.0	0.2
Sichelstrandläufer	zɪclʃtrantlɔɪfɐ	zɪclstʁantlɔɪfɐ	zɪcəlstɾandlɔøfɜ	zɪcɛlstʁandlɔɔʏfɐ	compound	sichelst|rand|läufer	0.13333333333333333	0.375	0.35294117647058826	zɪçl̩ʃtʁantlɔɪ̯fɐ	zɪçɛlstɾandlɔøfɐ̯	0.23529411764705882	0.4117647058823529
Siebenflächner	ziːbənflɛcnɐ	zibnflɛcnɐ	zibənflɛcnɜ	zibɛnflɛcnɐ	compound	sieben|fl|ä|ch|ner	0.1	0.09090909090909091	0.09090909090909091	zibn̩flɛçnɐ	zibɛnflɛçnɐ̯	0.2727272727272727	0.25
Siebenunddreißigstel	ziːbmʊntdʁaɪsɪcstəl	zibnʊntdʁaɪsɪkstəl	zibənʊndɾaɪsɪcstəl	zibənʊndʁaeszɪgstəl	compound	siebenunddreißigste|l	0.1111111111111111	0.2222222222222222	0.3157894736842105	zibn̩ʊntdʁaɪ̯sɪkstl̩	zibenʊnddɾaezɪgstel	0.3	0.42105263157894735
Siebenunddreißigstels	ziːbmʊntdʁaɪsɪcstəls	zibnʊntdʁaɪsɪkstəls	zibənʊndɾaɪsɪcstəls	zibənʊndʁaeszɪgstɛls	compound	siebenunddreißigste|l|s	0.10526315789473684	0.21052631578947367	0.35	zibn̩ʊntdʁaɪ̯sɪkstəls	zibenʊnddɾaezɪgstɛls	0.19047619047619047	0.4
Siebenundvierzigjährige	ziːbnʊntfɪɐtsɪcjɛːʁɪɡə	zibnʊntfɪʁtsɪkjɛʁɪɡə	zibənʊndviɾtsɪɡjɛrɪɡə	zibənʊntviʁtsɪkjɛʁɪgə	compound	siebenundvierzig|jährige	0.1	0.3333333333333333	0.2857142857142857	zibn̩ʊntfiɐ̯t͡sɪkjɛʁɪɡə	zibenʊntviɾtsɪkjɛɾɪgə	0.21739130434782608	0.3333333333333333
Siebenundvierzigjähriger	ziːbnʊntfɪɐtsɪcjɛːʁɪɡɐ	zibnʊntfɪʁtsɪkjɛʁɪɡɐ	zibənʊndviɾtsɪɡjɛrɪɡɜ	zibənʊntviʁtsɪkjɛʁɪgɐ	compound	siebenundvierzig|jähriger	0.1	0.38095238095238093	0.2857142857142857	zibn̩ʊntfiɐ̯t͡sɪkjɛʁɪɡɐ	zibenʊntviɾtsɪkjɛɾɪgɐ̯	0.21739130434782608	0.36363636363636365
Siebenundvierzigstel	ziːbmʊntfɪʁtsɪcstəl	zibnʊntfɪʁtsɪkstəl	zibənʊndviɾtsɪcstəl	zibənʊntviʁtsɪgstəl	compound	siebenundvierzig|ste|l	0.1111111111111111	0.3157894736842105	0.2631578947368421	zibn̩ʊntfɪʁt͡sɪkstəl	zibenʊntviɾtsɪgstel	0.2	0.3684210526315789
Siebenundvierzigstels	ziːbmʊntfɪʁtsɪcstəls	zibnʊntfɪʁtsɪkstls	zibənʊndviɾtsɪcstəls	zibənʊntviʁtsɪgstɛls	compound	sieben|und|vierzigstels	0.16666666666666666	0.3	0.3	zibn̩ʊntfɪʁt͡sɪkstəls	zibenʊntviɾtsɪgstɛls	0.19047619047619047	0.35
Siebenundzwanzigeck	ziːbmʊnttsvantsɪcɛk	zibənʊnttsvantsɪcɛk	zibənʊnttsvantsɪɡɛk	zibənʊnttsvantsɪgɛk	compound	siebenundzwanzig|eck	0.10526315789473684	0.15789473684210525	0.15789473684210525	zibn̩ʊntt͡svant͡sɪkɛk	zibenʊnttsvantsigɛk	0.23809523809523808	0.21052631578947367
Siebenundzwanzigecke	ziːbmʊnttsvantsɪcɛkə	zibənʊnttsvantsɪcɛkə	zibənʊnttsvantsɪɡɛkə	zibənʊnttsvantsɪgɛkə	compound	siebenundzwanzig|ecke	0.1	0.15	0.15	zibn̩ʊntt͡svant͡sɪkɛkə	zibenʊnttsvantsigɛkə	0.22727272727272727	0.2
Siebenundzwanzigeckes	ziːbmʊnttsvantsɪcɛkəs	zibənʊnttsvantsɪcɛkəs	zibənʊnttsvantsɪɡɛkəs	zibənʊnttsvantsɪgɛkəs	compound	siebenundzwanzig|eckes	0.09523809523809523	0.14285714285714285	0.14285714285714285	zibn̩ʊntt͡svant͡sɪçɛkəs	zibenʊnttsvantsigɛkəs	0.21739130434782608	0.19047619047619047
Siebenundzwanzigecks	ziːbmʊnttsvantsɪcɛks	zibənʊnttsvantsɪcɛks	zibənʊnttsvantsɪɡɛks	zibənʊnttsvantsɪgɛks	compound	siebenundzwanzig|ecks	0.1	0.15	0.15	zibənʊnttsvantsɪçɛks	zibenʊnttsvantsigɛks	0.15	0.2
Siebenundzwanzigstel	ziːbmʊnttsvantsɪcstəl	zibnʊnttsvantsɪkstəl	zibənʊnttsvantsɪcstəl	zibənʊnttsvantsɪgstəl	compound	siebenundzwanzigste|l	0.1	0.09523809523809523	0.14285714285714285	zibn̩ʊntt͡svant͡sɪkstəl	zibenʊnttsvantsɪgstel	0.21739130434782608	0.19047619047619047
Siebenundzwanzigstels	ziːbmʊnttsvantsɪcstəls	zibnʊnttsvantsɪkstəls	zibənʊnttsvantsɪcstəls	zibənʊnttsvantsɪgstɛls	compound	siebenundzwanzigste|l|s	0.09523809523809523	0.09090909090909091	0.18181818181818182	zibn̩ʊntt͡svant͡sɪkstəls	zibenʊnttsvantsɪgstɛls	0.20833333333333334	0.18181818181818182
Siebzehntels	ziːptseːntəls	ziptsentəls	ziptsentəls	ziptsentɛls	compound	siebzehntel|s	0.0	0.0	0.09090909090909091	zipt͡sentl̩s	ziptsentɛls	0.25	0.09090909090909091
Siebzigeck	ziːptsɪcɛk	ziptsɪkɛk	ziptsɪɡɛk	ziptsɪgɛk	compound	siebzig|eck	0.1111111111111111	0.1111111111111111	0.1111111111111111	zipt͡sɪkɛk	ziptsigɛk	0.2	0.2222222222222222
Siebzigecke	ziːptsɪcɛkə	ziptsɪkɛkə	ziptsɪɡɛkə	ziptsɪgɛkə	compound	siebzig|ecke	0.1	0.1	0.1	zipt͡sɪkɛkə	ziptsigɛkə	0.18181818181818182	0.2
Siebzigeckes	ziːptsɪcɛkəs	ziptsɪkɛkəs	ziptsɪɡɛkəs	ziptsɪgɛkəs	compound	siebzig|eckes	0.09090909090909091	0.09090909090909091	0.09090909090909091	zipt͡sɪkɛkəs	ziptsigɛkəs	0.16666666666666666	0.18181818181818182
Siebzigecks	ziːptsɪcɛks	ziptsɪkɛks	ziptsɪɡɛks	ziptsɪgɛks	compound	siebzig|ecks	0.1	0.1	0.1	zipt͡sɪkɛks	ziptsigɛks	0.18181818181818182	0.2
Siechenhause	ziːcnhaʊzə	zicənhaʊse	zicənhaʊzə	zicɛnaozə	compound	siechenhaus|e	0.3	0.1	0.3333333333333333	ziçn̩haʊ̯zə	ziçɛnaozə	0.2727272727272727	0.4444444444444444
Siechenhäusern	ziːcnhaɔɪzɐn	zicnhɔɪzɐn	zicənhɔøzɜn	zicɛnɔɔʏzɛʁn	compound	siechen|häusern	0.1	0.36363636363636365	0.5	ziçn̩hɔɪ̯zɐn	ziçɛnɔøzɛɾn	0.3333333333333333	0.6363636363636364
Siegellehre	ziːɡlleːʁə	ziɡlleʁə	ziɡəlerə	zigɛlleʁə	compound	siegel|lehre	0.0	0.25	0.2222222222222222	ziɡl̩leʁə	zigɛlleɾə	0.1111111111111111	0.3333333333333333
Sigrist	ziːɡʁɪst	siɡʁɪst	zɪɡɾɪst	zɪgʁɪst	compound	si|g|rist	0.14285714285714285	0.2857142857142857	0.2857142857142857	ziɡʁɪst	zɪgɾɪst	0.0	0.42857142857142855
Silbenstrich	zɪlbənʃtʁɪc	zɪlbnʃtʁɪc	zɪlbənʃtɾɪc	zɪlbɛnstʁɪc	compound	silben|strich	0.1	0.09090909090909091	0.18181818181818182	zɪlbn̩ʃtʁɪç	zɪlbɛnstɾɪç	0.2727272727272727	0.36363636363636365
Silberblättchen	zɪlbɐblɛtcn	zɪlbɐblɛtcən	zɪlbɜblɛtcən	zɪlbɛʁblɛtʃcən	compound	silber|blättchen	0.08333333333333333	0.16666666666666666	0.2857142857142857	zɪlbɐblɛtçən	zɪlbɛɾblɛtçən	0.16666666666666666	0.3076923076923077
Silbergabel	zɪlbɐɡaːbəl	zɪlbɐɡabl	zɪlbɜɡɑbəl	zɪlbɛʁgabəl	compound	silber|gabel	0.1111111111111111	0.2	0.2727272727272727	zɪlbɐɡabl̩	zɪlbɛɾgɑbel	0.2	0.45454545454545453
Silbergefäß	zɪlbɐɡəfɛːs	zɪlbɐɡəfɛs	zɪlbɜɡefɛs	zɪlbɛʁgefɛss	compound	silber|gefäß	0.0	0.2	0.4166666666666667	zɪlbɐɡəfɛs	zɪlbɛɾgefɛs	0.0	0.36363636363636365
Silberlagerstätte	zɪlbɐlaːɡɐʃtɛtə	zɪlbɐlaɡɐʃtɛtə	zɪlbɜlɑɡɜʃtɛtə	zɪlbɛʁlagɛʁstɛtə	compound	silber|lagerstätte	0.0	0.21428571428571427	0.375	zɪlbɐlaɡɐʃtɛtə	zɪlbɛɾlɑgɛɾstɛtə	0.0	0.4375
Silberlöffelchen	zɪlbɐlœflcən	zɪlbɐlœflcən	zɪlbɜlœfəlcən	zɪlbɛʁlœffɛlcən	compound	silberlöffel|chen	0.0	0.15384615384615385	0.26666666666666666	zɪlbɐlœfl̩çən	zɪlbɛɾlœffɛlçən	0.15384615384615385	0.3333333333333333
Silbermesser	zɪlbɐmɛsɐ	zɪlbɐmɛsɐ	zɪlbɜmɛsɜ	zɪlbɛʁmɛszɐ	compound	silber|messer	0.0	0.2222222222222222	0.2727272727272727	zɪlbɐmɛsɐ	zɪlbɛɾmɛszɐ̯	0.0	0.3333333333333333
Silberreiher	zɪlbɐʁaɪɐ	zɪlbɐʁaɪɐ	zɪlbɜraɪɜ	zɪlbɛʁʁaeɐ	compound	silber|reiher	0.0	0.3333333333333333	0.3	zɪlbɐʁaɪ̯ɐ	zɪlbɛɾɾaeɐ̯	0.1	0.45454545454545453
Silberschraube	zɪlbɐʃʁaʊbə	zɪlbɐʃʁaʊbə	zɪlbɜʃraʊbə	zɪlbɛʁstsʁaobə	compound	silber|schraube	0.0	0.18181818181818182	0.42857142857142855	zɪlbɐʃʁaʊ̯bə	zɪlbɛɾstsɾaobə	0.08333333333333333	0.5
Sinai	ziːnaiː	zinai	zinaɪ	zɪnae	compound	sina|i	0.0	0.2	0.4	zinai	zinaɪ̯	0.0	0.3333333333333333
Singlebörse	sɪŋlbœʁzə	sɪŋlbœʁzə	zɪŋlebœɾzə	zɪŋlebœʁzə	compound	single|börse	0.0	0.3	0.2	sɪŋl̩bœʁzə	zɪŋlebœɾzə	0.1	0.3
Singrüne	zɪnɡʁyːnə	sinɡʁynə	zɪŋɡɾynə	zɪŋʁynə	compound	si|n|grüne	0.25	0.25	0.2857142857142857	zɪŋʁynə	zɪŋɾynə	0.2857142857142857	0.42857142857142855
Singrüns	zɪnɡʁyːns	sinɡʁyns	zɪŋɡɾyns	zɪŋʁʏns	compound	si|n|grüns	0.25	0.25	0.42857142857142855	zɪŋʁyns	zɪŋɾʏns	0.2857142857142857	0.5714285714285714
Sinnesanregung	zɪnəsanʁeːɡʊŋ	zɪnəsanʁeɡʊŋ	zɪnezanreɡʊŋ	zɪnnəsanʁegʊŋ	compound	sinnes|anregung	0.0	0.25	0.15384615384615385	zɪnəsanʁeɡʊŋ	zɪnnezanɾegʊŋ	0.0	0.38461538461538464
Sinnesempfindung	zɪnəsɛmpfɪndʊŋ	zɪnəsɛmpfɪndʊŋ	zɪnezɛmpfɪndʊŋ	zɪnnəsɛmpfɪndʊŋ	compound	sinnes|empfindung	0.0	0.14285714285714285	0.06666666666666667	zɪnəsɛmp͡fɪndʊŋ	zɪnnezɛmpfɪndʊŋ	0.06666666666666667	0.2
Sinnesnerv	zɪnəsnɛʁf	zɪnəsnɛʁf	zɪnɛsnɛɾf	zɪnnɛsnɛʁv	compound	sinnes|nerv	0.0	0.2222222222222222	0.3	zɪnəsnɛʁf	zɪnnɛsnɛɾf	0.0	0.3
Sinteza	zɪntetsa	zɪntetsa	zɪntetsɑ	zɪntetsa	compound	sint|e|z|a	0.0	0.125	0.0	zɪnteza	zɪntetsɑ	0.2857142857142857	0.125
Sippenhaft	zɪpnhaft	zɪpnhaft	zɪpənhaft	zɪppɛnhaft	compound	sippen|haft	0.0	0.1111111111111111	0.2	zɪpn̩haft	zɪppənhaft	0.1111111111111111	0.2
Sitzkrieg	zɪtskʁiːk	zɪtskʁik	zɪtskɾik	zɪtskʁik	compound	sitz|krieg	0.0	0.125	0.0	zɪt͡skʁik	zɪtskɾik	0.1111111111111111	0.125
Sitzriese	zɪtsʁiːzə	zɪtsʁizə	zɪtsrizə	zɪtsʁiəsə	compound	sitz|riese	0.0	0.125	0.2222222222222222	zɪt͡sʁizə	zɪtsɾiəsə	0.1111111111111111	0.3333333333333333
Sitzriesen	zɪtsʁiːzn	zɪtsʁizn	zɪtsrizən	zɪtsʁiəsən	compound	sitz|riesen	0.0	0.2222222222222222	0.3	zɪt͡sʁizn̩	zɪtsɾiəsən	0.2	0.4
Skandalartikel	skandaːlaʁtiːkl	skandalaʁtikl	skandalaɾtikəl	skandalaʁtikel	compound	skandal|artikel	0.0	0.14285714285714285	0.07142857142857142	skandalaʁtikl̩	skandɑlaɾtikel	0.07142857142857142	0.21428571428571427
Skandalnudel	skandaːlnuːdəl	skandalnudl	skandalnudəl	skandalnudel	compound	skandal|nudel	0.09090909090909091	0.0	0.08333333333333333	skandalnudl̩	skandalnudel	0.16666666666666666	0.08333333333333333
Slama	slaːma	slama	slɑmɑ	slama	compound	s|lama	0.0	0.4	0.0	slama	slɑmɑ	0.0	0.4
Sobek	zobɛk	zobək	zobek	zobək	compound	so|be|k	0.2	0.2	0.2	zobək	zobek	0.2	0.2
Sockelleiste	zɔkllaɪstə	zɔkllaɪstə	zɔkəlaɪstə	zɔkɛlləɪstə	compound	sockel|leiste	0.0	0.1	0.18181818181818182	zɔkl̩laɪ̯stə	zɔkɛlləɪstə	0.16666666666666666	0.18181818181818182
Sojus	zojuːs	zojus	zojʊs	zojus	compound	so|jus	0.0	0.2	0.0	zojus	zojus	0.0	0.0
Soldatenzopf	zɔldaːtntsɔpf	zɔldatntsɔpf	zɔldɑtəntsɔpf	zɔldatɛntsɔpf	compound	soldaten|zopf	0.0	0.15384615384615385	0.07692307692307693	zɔldatn̩t͡sɔp͡f	zɔldɑtɛntsɔpf	0.2	0.15384615384615385
Solitärring	zolitɛːɐʁɪŋ	zolitɛɐʁɪŋ	zolitɛrɪŋ	zolitɛʁʁɪŋ	compound	solitär|ring	0.0	0.2222222222222222	0.1	zolitɛɐ̯ʁɪŋ	zolitɛɾɾɪŋ	0.09090909090909091	0.2
Sommerende	zɔmɐɛndə	zɔmrɛndə	zɔmərəndə	zɔmmeʁɛndə	compound	sommer|ende	0.125	0.3333333333333333	0.3	zɔmɐɛndə	zɔmmeɾɛndə	0.0	0.3
Sonderbarkeit	zɔndɐbaːɐkaɪt	zɔndɐbaɐkaɪt	zɔndɜbaɾkaɪt	zɔndɛʁbaʁkəit	compound	sonderbar|keit	0.0	0.16666666666666666	0.38461538461538464	zɔndɐbaɐ̯kaɪ̯t	zɔndɛɾbaɾkəit	0.14285714285714285	0.38461538461538464
Sonderkorrespondent	zɔndɐkɔʁɛspɔndɛnt	zɔndɐkɔʁɛspɔndɛnt	zɔndɜkɔrɛspɔndɛnt	zɔndɛʁkɔʁʁɛspɔndɛnt	compound	sonder|korrespondent	0.0	0.11764705882352941	0.15789473684210525	zɔndɐkɔʁɛspɔndɛnt	zɔndɛɾkɔɾɾɛspɔndɛnt	0.0	0.21052631578947367
Sonderkorrespondenten	zɔndɐkɔʁɛspɔndɛntən	zɔndɐkɔʁɛspɔndɛntn	zɔndɜkɔrɛspɔndɛntən	zɔndɛʁkɔʁʁɛspɔndɛntən	compound	sonder|korrespondenten	0.05555555555555555	0.10526315789473684	0.14285714285714285	zɔndɐkɔʁɛspɔndɛntn̩	zɔndɛɾkɔɾɾɛspɔndɛntən	0.10526315789473684	0.19047619047619047
Sonderkorrespondentin	zɔndɐkɔʁɛspɔndɛntɪn	zɔndɐkɔʁɛspɔndɛntɪn	zɔndɜkɔrɛspɔndəntɪn	zɔndɛʁkɔʁʁɛspɔndɛntɪn	compound	sonder|korrespondentin	0.0	0.15789473684210525	0.14285714285714285	zɔndɐkɔʁɛspɔndɛntɪn	zɔndɛɾkɔɾɾɛspɔndɛntɪn	0.0	0.19047619047619047
Sonderkunststoff	zɔndɐkʊnstʃtɔf	zɔndɐkʊnstʃtɔf	zɔndɜkʊnststɔf	zɔndɛʁkʊnststɔff	compound	sonder|kunststoff	0.0	0.14285714285714285	0.25	zɔndɐkʊnstʃtɔf	zɔndɛɾkʊnststɔff	0.0	0.25
Sonderverwaltungszone	zɔndɐfɛɐvaltʊŋstsoːnə	zɔndɐfɛɐvaltʊŋstsonə	zɔndɛɾfɜvaltʊŋstsonə	zɔndɛʁvɛʁvaltʊŋstsonə	compound	sonder|verwaltung|s|zone	0.0	0.2	0.19047619047619047	zɔndɐfɛɐ̯valtʊŋst͡sonə	zɔndɛɾvɛɾvaltʊŋstsonə	0.09090909090909091	0.19047619047619047
Sonnenblumenstrauß	zɔnənbluːmənʃtraʊs	zɔnənblumənʃtʁaʊs	zɔnənblumənstɾaʊs	zɔnnɛnblumɛnstʁaoss	compound	sonnenblumen|strauß	0.058823529411764705	0.11764705882352941	0.3684210526315789	zɔnənblumənʃtʁaʊ̯s	zɔnnɛnblumɛnstɾaos	0.1111111111111111	0.3333333333333333
Sonnenrad	zɔnənʁaːt	zɔnənʁat	zɔnənrɑt	zɔnnɛnʁat	compound	sonnen|rad	0.0	0.25	0.2222222222222222	zɔnənʁat	zɔnnɛnɾɑt	0.0	0.4444444444444444
Sonnensittich	zɔnənzɪtɪc	zɔnənzɪtɪc	zɔnɛnzɪtɪc	zɔnnɛnzɪtɪc	compound	sonnen|sittich	0.0	0.1	0.18181818181818182	zɔnənzɪtɪç	zɔnnɛnzɪtɪç	0.1	0.2727272727272727
Sonnenspektrum	zɔnənʃpɛktʁʊm	zɔnənʃpɛktʁʊm	zɔnənspɛktɾʊm	zɔnnɛnspɛktʁum	compound	sonnen|spektrum	0.0	0.15384615384615385	0.2857142857142857	zɔnənʃpɛktʁʊm	zɔnnɛnspɛktɾum	0.0	0.35714285714285715
Sonntagsbrötchen	zɔntaːksbʁøːtcən	zɔntaksbʁøtcən	zɔntaksbɾøtcən	zɔnntakzbʁœtcən	compound	sonntags|brötchen	0.0	0.07142857142857142	0.2	zɔntaksbʁøtçən	zɔnntakzbrœtçən	0.07142857142857142	0.3333333333333333
Sonntagskleidung	zɔntaksklaɪdʊŋ	zɔntaksklaɪdʊŋ	zɔntaksklaɪdʊŋ	zɔnntaksklaedʊŋ	compound	sonntags|kleidung	0.0	0.0	0.13333333333333333	zɔntaksklaɪ̯dʊŋ	zɔnntaksklaedʊŋ	0.06666666666666667	0.13333333333333333
Sonntagsschrift	zɔntaksʃʁɪft	zɔntaksʃʁɪft	zɔntakscrɪft	zɔnntaksʃʁɪft	compound	sonntags|schrift	0.0	0.16666666666666666	0.07692307692307693	zɔntaksʃʁɪft	zɔnntaksstsɾɪft	0.0	0.3333333333333333
Sopranschlüssel	zopʁaːnʃlʏsəl	zopʁanʃlʏsl	zɔpɾanʃlysəl	zɔpʁanstslʏszel	compound	sopran|schlüssel	0.09090909090909091	0.25	0.4	zopʁanʃlʏsl̩	zɔpɾanstslʏszel	0.16666666666666666	0.4666666666666667
Sopranstimme	zopʁaːnʃtɪmə	zopʁanʃtɪmə	zɔpɾanstɪmə	zɔpʁanstɪmmə	compound	sopran|stimme	0.0	0.2727272727272727	0.25	zopʁanʃtɪmə	zɔpɾanstɪmmə	0.0	0.3333333333333333
Sopranstimmen	zopʁaːnʃtɪmən	zopʁanʃtɪmm	zɔpɾanstɪmən	zɔpʁanstɪmmən	compound	sopran|stimmen	0.18181818181818182	0.25	0.23076923076923078	zopʁanʃtɪmən	zɔpɾanstɪmmən	0.0	0.3076923076923077
Soßenkelle	zoːsnkɛlə	zosnkɛlə	zosənkɛlə	zɔszɛŋkɛllə	compound	soßen|kelle	0.0	0.1111111111111111	0.45454545454545453	zosn̩kɛlə	zozɛŋkɛllə	0.1111111111111111	0.4
Spannstock	ʃpanʃtɔk	ʃpanʃtɔk	ʃpanstɔk	ʃpannstɔk	compound	spann|stock	0.0	0.125	0.2222222222222222	ʃpanʃtɔk	ʃpannstɔk	0.0	0.2222222222222222
Spannungsabbau	ʃpanʊŋsapbaʊ	ʃpanʊŋsapbaʊ	ʃpanʊŋsabaʊ	ʃpannʊŋzabao	compound	spannung|s|abbau	0.0	0.09090909090909091	0.3333333333333333	ʃpanʊŋsapbaʊ̯	ʃpannʊŋzabao	0.07692307692307693	0.3333333333333333
Spannungsbogen	ʃpanʊŋsboːɡŋ	ʃpanʊŋsboɡn	ʃpanʊŋsboɡən	ʃpannʊŋsbogən	compound	spannung|s|bogen	0.09090909090909091	0.16666666666666666	0.3076923076923077	ʃpanʊŋsboɡn̩	ʃpannʊŋsbogən	0.16666666666666666	0.3076923076923077
Spannungswandler	ʃpanʊŋsvandlɐ	ʃpanʊŋsvandlɐ	ʃpanʊŋsvandlɜ	ʃpannʊŋsvandlɐ	compound	spannung|s|wandler	0.0	0.07692307692307693	0.07142857142857142	ʃpanʊŋsvandlɐ	ʃpannʊŋsvandlɐ̯	0.0	0.13333333333333333
Sparfuchs	ʃpaːɐfʊks	ʃpaɐfʊks	ʃpaɾfʊxs	ʃpaʁfʊks	compound	spar|fuchs	0.0	0.25	0.125	ʃpaɐ̯fʊks	ʃpaɾfʊks	0.1111111111111111	0.125
Sparring	ʃpaʁɪŋ	ʃpaɐʁɪŋ	ʃparɪŋ	ʃpaʁʁɪŋ	compound	spar|ring	0.14285714285714285	0.16666666666666666	0.14285714285714285	ʃpaɐ̯ʁɪŋ	ʃpaɾɾɪŋ	0.25	0.2857142857142857
Speik	ʃpaɪk	ʃpaɪk	ʃpaɪk	ʃpaek	compound	spei|k	0.0	0.0	0.2	ʃpaɪ̯k	ʃpaek	0.16666666666666666	0.2
Speisegaststätte	ʃpaɪzəɡastʃtɛtə	ʃpaɪzəɡastʃtɛtə	ʃpaɪzeɡastʃtɛtə	ʃpaezegaststɛtə	compound	speise|gaststätte	0.0	0.06666666666666667	0.26666666666666666	ʃpaɪ̯zəɡastʃtɛtə	ʃpaezegaststɛtə	0.0625	0.26666666666666666
Speisegaststätten	ʃpaɪzəɡastʃtɛtən	ʃpaɪzəɡastʃtɛtn	ʃpaɪzeɡastʃtɛtən	ʃpaezegaststɛtən	compound	speise|gaststätten	0.06666666666666667	0.0625	0.25	ʃpaɪ̯zəɡastʃtɛtn̩	ʃpaezegaststɛtən	0.17647058823529413	0.25
Speisenauswahl	ʃpaɪzənaʊsvaːl	ʃpaɪznaʊsval	ʃpaɪzənaʊsvɑl	ʃpaezenaosval	compound	speisen|auswahl	0.08333333333333333	0.07692307692307693	0.23076923076923078	ʃpaɪ̯zn̩aʊ̯sval	ʃpaezenaosvɑl	0.26666666666666666	0.3076923076923077
Speisetafel	ʃpaɪzətaːfl	ʃpaɪzətafl	ʃpaɪzetɑfəl	ʃpaezetafel	compound	speise|tafel	0.0	0.2727272727272727	0.2727272727272727	ʃpaɪ̯zətafl̩	ʃpaezetɑfel	0.16666666666666666	0.36363636363636365
Speisetafeln	ʃpaɪzətaːfəln	ʃpaɪzətafln	ʃpaɪzetɑfəln	ʃpaezetafɛln	compound	speise|tafeln	0.09090909090909091	0.16666666666666666	0.25	ʃpaɪ̯zətafl̩n	ʃpaezetɑfɛln	0.23076923076923078	0.3333333333333333
Speiskammer	ʃpaɪskamɐ	ʃpaɪskamɐ	ʃpaɪskamɜ	ʃpaeskammɐ	compound	speis|kammer	0.0	0.1111111111111111	0.2	ʃpaɪ̯skamɐ	ʃpaeskammɐ̯	0.1	0.2727272727272727
Spendierer	ʃpɛndiːʁɐ	ʃpɛndiʁəʁ	ʃpɛndirɜ	ʃpɛndiɐɐ	compound	spendiere|r	0.2222222222222222	0.25	0.125	ʃpɛndiʁɐ	ʃpɛndiɐ̯ɐ̯	0.0	0.3
Spendierhosen	ʃpɛndiːɐhoːzən	ʃpɛndiɐhozn	ʃpɛndiɾhozən	ʃpɛndiʁosən	compound	spendier|hosen	0.09090909090909091	0.08333333333333333	0.2727272727272727	ʃpɛndiɐ̯hozn̩	ʃpɛndiɾozən	0.23076923076923078	0.18181818181818182
Sperlingsvogel	ʃpɛʁlɪŋsfoːɡl	ʃpɛʁlɪŋsfoɡl	ʃpɛɾlɪŋsfoɡəl	ʃpɛʁlɪŋsvogəl	compound	sperlings|vogel	0.0	0.15384615384615385	0.23076923076923078	ʃpɛʁlɪŋsfoɡl̩	ʃpɛɾlɪŋsvogel	0.07692307692307693	0.3076923076923077
Sperrangel	ʃpɛʁaŋl	ʃpɛʁaŋl	ʃpɛraŋəl	ʃpɛʁʁaŋəl	compound	sperr|angel	0.0	0.25	0.2222222222222222	ʃpɛʁaŋl̩	ʃpɛɾɾaŋel	0.125	0.3333333333333333
Spesenbeleg	ʃpeːzənbəleːk	ʃpeznbəlek	ʃpezənbəlek	ʃpezɛnbelək	compound	spesen|beleg	0.1	0.0	0.2727272727272727	ʃpezn̩bəlek	ʃpezɛnbelek	0.18181818181818182	0.18181818181818182
Spiegelbildchen	ʃpiːɡəlbɪltcən	ʃpiɡlbɪltcən	ʃpiɡəlbɪldcən	ʃpigɛlbɪldcən	compound	spiegelbild|chen	0.08333333333333333	0.07692307692307693	0.23076923076923078	ʃpiɡl̩bɪltçən	ʃpigɛlbɪldçən	0.23076923076923078	0.3076923076923077
Spielkugel	ʃpiːlkuːɡl	ʃpilkuɡl	ʃpilkuɡəl	ʃpilkugəl	compound	spiel|kugel	0.0	0.1111111111111111	0.2222222222222222	ʃpilkuɡl̩	ʃpilkugel	0.1111111111111111	0.2222222222222222
Spielo	ʃpiːlo	ʃpilo	ʃpilo	ʃpilo	compound	spiel|o	0.0	0.0	0.0	ʃpilo	ʃpilo	0.0	0.0
Spielwerk	ʃpiːlvɛʁk	ʃpilvɛʁk	ʃpilvɛɾk	ʃpilvɛʁk	compound	spiel|werk	0.0	0.125	0.0	ʃpilvɛʁk	ʃpilvɛɾk	0.0	0.125
Spielwerke	ʃpiːlvɛʁkə	ʃpilvɛʁkə	ʃpilvɛɾkə	ʃpilvɛʁkə	compound	spiel|werke	0.0	0.1111111111111111	0.0	ʃpilvɛʁkə	ʃpilvɛɾkə	0.0	0.1111111111111111
Spielwerken	ʃpiːlvɛʁkn	ʃpilvɛʁkn	ʃpilvɛɾkən	ʃpilvɛʁkən	compound	spiel|werken	0.0	0.2	0.1	ʃpilvɛʁkn̩	ʃpilvɛɾkən	0.1	0.2
Spielwerkes	ʃpiːlvɛʁkəs	ʃpilvɛʁkəs	ʃpilvɛɾkəs	ʃpilvɛʁkəs	compound	spiel|werkes	0.0	0.1	0.0	ʃpilvɛʁkəs	ʃpilvɛɾkəs	0.0	0.1
Spielwerks	ʃpiːlvɛʁks	ʃpilvɛʁks	ʃpilvɛɾks	ʃpilvɛʁks	compound	spiel|werks	0.0	0.1111111111111111	0.0	ʃpilvɛʁks	ʃpilvɛɾks	0.0	0.1111111111111111
Spielzeugverkäufer	ʃpiːltsɔɪkfɛɐkɔɪfɐ	ʃpiltsɔɪkfɛɐkɔɪfɐ	ʃpiltsɔøɡfɜkɔøfɜ	ʃpiltsɔɔʏkvɛʁkɔɔʏfɐ	compound	spielzeug|verkäufer	0.0	0.375	0.3157894736842105	ʃpilt͡sɔɪ̯kfɛɐ̯kɔɪ̯fɐ	ʃpiltsɔøkvɛɾkɔøfɐ̯	0.19047619047619047	0.2777777777777778
Spillbaum	ʃpɪlbaʊm	ʃpɪlbaʊm	ʃpɪlbaʊm	ʃpɪllbaom	compound	spill|baum	0.0	0.0	0.2222222222222222	ʃpɪlbaʊ̯m	ʃpɪllbaom	0.1111111111111111	0.2222222222222222
Spillbaumes	ʃpɪlbaʊməs	ʃpɪlbaʊməs	ʃpɪlbaʊməs	ʃpɪllbaoməs	compound	spill|baumes	0.0	0.0	0.18181818181818182	ʃpɪlbaʊ̯məs	ʃpɪllbaoməs	0.09090909090909091	0.18181818181818182
Spillbaums	ʃpɪlbaʊms	ʃpɪlbaʊms	ʃpɪlbaʊms	ʃpɪllbaoms	compound	spill|baums	0.0	0.0	0.2	ʃpɪlbaʊ̯ms	ʃpɪllbaoms	0.1	0.2
Spillbäume	ʃpɪlbɔʏmə	ʃpɪlbɔɪmə	ʃpɪlbɔømə	ʃpɪllbɔɔʏmə	compound	spill|bäume	0.1111111111111111	0.1111111111111111	0.18181818181818182	ʃpɪlbɔɪ̯mə	ʃpɪllbɔømə	0.2	0.2
Spillbäumen	ʃpɪlbɔɪmən	ʃpɪlbɔɪmən	ʃpɪlbɔømən	ʃpɪllbɔɔʏmən	compound	spill|bäumen	0.0	0.1	0.25	ʃpɪlbɔɪ̯mən	ʃpɪllbɔømən	0.09090909090909091	0.18181818181818182
Spills	ʃpɪls	ʃpɪls	ʃpɪls	ʃpɪlls	compound	spill|s	0.0	0.0	0.16666666666666666	spɪls	ʃpɪlls	0.2	0.16666666666666666
Spinnfaden	ʃpɪnfaːdn	ʃpɪnfadn	ʃpɪnfɑdən	ʃpɪnnfadən	compound	spinn|faden	0.0	0.2222222222222222	0.2	ʃpɪnfadn̩	ʃpɪnnfɑdən	0.1111111111111111	0.3
Spinngewebe	ʃpɪnɡəveːbə	ʃpɪnɡəvebə	ʃpɪnŋevebə	ʃpɪnŋevebə	compound	spinn|gewebe	0.0	0.2	0.2	ʃpɪnɡəvebə	ʃpɪnŋevebə	0.0	0.2
Spitzenqualität	ʃpɪtsnkvalitɛːt	ʃpɪtsnkvalitɛt	ʃpɪtsənkvɑlitɛt	ʃpɪtsənkvualitɛt	compound	spitzen|qualität	0.0	0.13333333333333333	0.125	ʃpɪt͡sn̩kvalitɛt	ʃpɪtsɛŋkvuɑlitɛt	0.125	0.25
Spitzentanz	ʃpɪtsəntants	ʃpɪtsntants	ʃpɪtsəntants	ʃpɪtsɛntants	compound	spitzen|tanz	0.09090909090909091	0.0	0.08333333333333333	ʃpɪt͡sn̩tant͡s	ʃpɪtsɛntants	0.2857142857142857	0.08333333333333333
Spitzentänzer	ʃpɪtsntɛntsɐ	ʃpɪtsntɛntsɐ	ʃpɪtsəntɛntsɜ	ʃpɪtsɛntɛntsɐ	compound	spitzen|tänzer	0.0	0.15384615384615385	0.07692307692307693	ʃpɪt͡sn̩tɛnt͡sɐ	ʃpɪtsɛntɛntsɐ̯	0.2	0.14285714285714285
Sportgetränk	ʃpɔʁtɡətʁɛŋk	ʃpɔʁtɡətʁɛŋk	ʃpɔɾtɡətɾɛŋk	ʃpɔʁtgɛtʁɛŋk	compound	sport|getränk	0.0	0.16666666666666666	0.16666666666666666	ʃpɔʁtɡətʁɛŋk	ʃpɔɾtgɛtɾɛŋk	0.0	0.3333333333333333
Sportlerherz	ʃpɔrtlɐhɛrts	ʃpɔʁtlɐhɛʁts	ʃpɔɾtlɜhɜts	ʃpɔʁtlɛʁeɐts	compound	sportler|herz	0.16666666666666666	0.36363636363636365	0.4166666666666667	ʃpɔʁtlɐhɛʁt͡s	ʃpɔɾtlɛɾɛɾts	0.23076923076923078	0.3333333333333333
Sportstätte	ʃpɔrtʃtɛtə	ʃpɔʁtʃtɛtə	ʃpɔɾtʃtɛtə	ʃpɔʁtstɛtə	compound	sport|stätte	0.1	0.1	0.2	ʃpɔʁtʃtɛtə	ʃpɔɾtstɛtə	0.1	0.2
Sportteil	ʃpɔrttaɪl	ʃpɔʁttaɪl	ʃpɔɾtaɪl	ʃpɔʁttəil	compound	sport|teil	0.1111111111111111	0.25	0.3333333333333333	ʃpɔʁttaɪ̯l	ʃpɔɾttəil	0.2	0.3333333333333333
Sportuhr	ʃpɔʁtʔuːɐ	ʃpɔʁtuɐ	ʃpɔɾtuɾ	ʃpɔʁtuʁ	compound	sport|uhr	0.0	0.2857142857142857	0.14285714285714285	ʃpɔʁtuɐ̯	ʃpɔɾtuɾ	0.125	0.2857142857142857
Sportwettkampf	ʃpɔɐtvɛtkampf	ʃpɔʁtvɛtkampf	ʃpɔɾtvɛtkampf	ʃpɔʁtvɛttkampf	compound	sport|wettkampf	0.07692307692307693	0.07692307692307693	0.14285714285714285	ʃpɔʁtvɛtkamp͡f	ʃpɔɾtvɛttkampf	0.14285714285714285	0.14285714285714285
Sportzeitschrift	ʃpɔʁttsaɪtʃʁɪft	ʃpɔʁttsaɪtʃʁɪft	ʃpɔɾtsaɪtʃrɪft	ʃpɔʁtsaetʃʁɪft	compound	sportzeit|schrift	0.0	0.21428571428571427	0.14285714285714285	ʃpɔʁtt͡saɪ̯tʃʁɪft	ʃpɔɾtsaeʧɾɪft	0.11764705882352941	0.46153846153846156
Sprachanruf	ʃpʁaːxanʁuːf	ʃpʁaxanʁuf	ʃpɾɑxanruf	ʃpʁaxanʁuf	compound	sprach|anruf	0.0	0.3	0.0	ʃpʁaxanʁuf	ʃpɾaxanɾuf	0.0	0.2
Sprachverschlüsselungsgerät	ʃpʁaːχfɛɐʃlʏsəlʊŋsɡəʁɛːt	ʃpʁaxfɛɐʃlʏsəlʊŋsɡəʁɛt	ʃpɾɑxfɜʃlysəlʊŋsɡərɛt	ʃpʁaxvɛʁstslʏszelʊŋsgeʁɛt	compound	sprach|verschlüsselung|s|gerät	0.045454545454545456	0.3333333333333333	0.4	ʃpʁaxfɛɐ̯ʃlʏsəlʊŋsɡəʁɛt	ʃpɾaxvɛɾstslʏszelʊŋsgeɾɛt	0.08695652173913043	0.48
Sprachverschlüsselungsgeräte	ʃpʁaːχfɛɐʃlʏsəlʊŋsɡəʁɛːtə	ʃpʁaxfɛɐʃlʏsəlʊŋsɡəʁɛtə	ʃpɾɑxfɜʃlysəlʊŋsɡərɛtə	ʃpʁaxvɛʁstslʏszelʊŋsgeʁɛtə	compound	sprach|verschlüsselung|s|geräte	0.043478260869565216	0.3181818181818182	0.38461538461538464	ʃpʁaxfɛɐ̯ʃlʏsəlʊŋsɡəʁɛtə	ʃpɾaxvɛɾstslʏszelʊŋsgeɾɛtə	0.08333333333333333	0.46153846153846156
Sprachverschlüsselungsgerätes	ʃpʁaːχfɛɐʃlʏsəlʊŋsɡəʁɛːtəs	ʃpʁaxfɛɐʃlʏsəlʊŋsɡəʁɛtəs	ʃpɾɑxfɜʃlysəlʊŋsɡərɛtəs	ʃpʁaxvɛʁstslʏszelʊŋsgeʁɛtəs	compound	sprach|verschlüsselung|s|gerätes	0.041666666666666664	0.30434782608695654	0.37037037037037035	ʃpʁaxfɛɐ̯ʃlʏsəlʊŋsɡəʁɛtəs	ʃpɾaxvɛɾstslʏszelʊŋsgeɾɛtəs	0.08	0.4444444444444444
Sprachverschlüsselungsgeräts	ʃpʁaːχfɛɐʃlʏsəlʊŋsɡəʁɛːts	ʃpʁaxfɛɐʃlʏsəlʊŋsɡəʁɛts	ʃpɾɑxfɜʃlysəlʊŋsɡərɛts	ʃpʁaxvɛʁstslʏszelʊŋsgeʁɛts	compound	sprach|verschlüsselung|s|geräts	0.043478260869565216	0.3181818181818182	0.38461538461538464	ʃpʁaxfɛɐ̯ʃlʏsəlʊŋsɡəʁɛt͡s	ʃpɾaxvɛɾstslʏszelʊŋsgeɾɛts	0.12	0.46153846153846156
Sprechbläschen	ʃprɛcblɛːscən	ʃpʁɛcblɛscən	ʃpɾɛcblɛscən	ʃpʁɛcblɛʃən	compound	sprech|bläschen	0.08333333333333333	0.08333333333333333	0.2727272727272727	ʃpʁɛçblɛsçən	ʃpɾɛçblɛʃən	0.25	0.36363636363636365
Sprechkapsel	ʃpʁɛckapsl	ʃpʁɛckapsl	ʃpɾɛckapzəl	ʃpʁɛckapsəl	compound	sprech|kapsel	0.0	0.2727272727272727	0.09090909090909091	ʃpʁɛçkapsl̩	ʃpɾɛçkapsel	0.18181818181818182	0.2727272727272727
Sprechmuschel	ʃpʁɛcmʊʃl	ʃpʁɛcmʊʃl	ʃpɾɛcmʊʃəl	ʃpʁɛcmʊʃəl	compound	sprech|muschel	0.0	0.2	0.1	ʃpʁɛçmʊʃl̩	ʃpɾɛçmʊʃel	0.2	0.3
Sprengstofffund	ʃpʁɛŋʃtɔffʊnt	ʃpʁɛŋʃtɔffʊnt	ʃpɾɛŋstɔfʊnt	ʃpʁɛŋstɔfffʊnt	compound	sprengstoff|fund	0.0	0.25	0.14285714285714285	ʃpʁɛŋʃtɔffʊnt	ʃpɾɛŋstɔfffʊnt	0.0	0.21428571428571427
Springmesser	ʃpʁɪŋmɛsɐ	ʃpʁɪŋmɛsɐ	ʃpɾɪŋmɛsɜ	ʃpʁɪŋmɛszɐ	compound	spring|messer	0.0	0.2222222222222222	0.1	ʃpʁɪŋmɛsɐ	ʃpɾɪŋmɛszɐ̯	0.0	0.2727272727272727
Springschwanz	ʃpʁɪŋʃvants	ʃpʁɪŋʃvants	ʃpɾɪŋʃvants	ʃpʁɪŋstsvants	compound	spring|schwanz	0.0	0.09090909090909091	0.23076923076923078	ʃpʁɪŋʃvant͡s	ʃpɾɪŋʃvants	0.08333333333333333	0.09090909090909091
Spritkopp	ʃpʁɪtkɔp	ʃpʁɪtkɔp	ʃpɾɪtkɔp	ʃpʁɪtkɔpp	compound	sprit|kopp	0.0	0.125	0.1111111111111111	ʃpʁɪtkɔp	ʃpɾɪtkɔpp	0.0	0.2222222222222222
Spritzgießen	ʃpʁɪtsɡiːsn	ʃpʁɪtsɡisn	ʃpɾɪtsɡisən	ʃpʁɪtsgiszən	compound	spritz|gießen	0.0	0.18181818181818182	0.25	ʃpʁɪt͡sɡisn̩	ʃpɾɪtsgipən	0.16666666666666666	0.36363636363636365
Sprungwurf	ʃpʁʊŋvʊʁf	ʃpʁʊŋvʊʁf	ʃpɾʊŋv??f	ʃpʁʊŋvʊʁf	compound	sprung|wurf	0.0	0.3333333333333333	0.0	ʃpʁʊŋvʊʁf	ʃpɾʊŋvʊɾf	0.0	0.2222222222222222
Sprühkäse	ʃpʁyːkeːzə	ʃpʁykezə	ʃpɾykɛzə	ʃpʁykɛzə	compound	sprüh|käse	0.0	0.25	0.125	ʃpʁykɛzə	ʃpɾykɛzə	0.125	0.25
Sprühnebel	ʃpryːneːbl	ʃpʁynebl	ʃpɾynebəl	ʃpʁynebəl	compound	sprüh|nebel	0.125	0.2222222222222222	0.2222222222222222	ʃpʁynebl̩	ʃpɾynebel	0.2222222222222222	0.2222222222222222
Spätdiensten	ʃpɛːtdiːnstn	ʃpɛtdinstɛn	ʃpɛtdinstən	ʃpɛtdinstən	compound	spätdienst|en	0.09090909090909091	0.09090909090909091	0.09090909090909091	ʃpɛtdinstn̩	ʃpɛtdinstən	0.09090909090909091	0.09090909090909091
Spätfrühling	ʃpɛːtfʁyːlɪŋ	ʃpetfʁylɪŋ	ʃpɛtfrylɪŋ	ʃpɛtfʁylɪŋ	compound	spät|frühling	0.1	0.1	0.0	ʃpɛtfʁylɪŋ	ʃpɛtfɾylɪŋ	0.0	0.1
Spülbürste	ʃpyːlbʏʁstə	ʃpylbʏʁstə	ʃpylbyɾstə	ʃpʏlbʏʁstə	compound	spül|bürste	0.0	0.2	0.1	ʃpylbʏʁstə	ʃpʏlbʏɾstə	0.0	0.2
Spülsaum	ʃpyːlzaʊm	ʃpylzaʊm	ʃpylzaʊm	ʃpʏlzaom	compound	spül|saum	0.0	0.0	0.25	ʃpylzaʊ̯m	ʃpʏlzaom	0.1111111111111111	0.25
Staatengebilde	ʃtaːtnɡəbɪldə	ʃtatnɡəbɪldə	ʃtɑtənɡebɪldə	ʃtatɛŋebɪldə	compound	staaten|gebilde	0.0	0.23076923076923078	0.25	ʃtatn̩ɡəbɪldə	ʃtatɛŋebɪldə	0.07692307692307693	0.25
Staatengebilden	ʃtaːtnɡəbɪldn	ʃtatnɡəbɪldn	ʃtɑtənɡebɪldən	ʃtatɛŋebɪldən	compound	staaten|gebilden	0.0	0.2857142857142857	0.3076923076923077	ʃtatn̩ɡəbɪldn̩	ʃtatɛŋebɪldən	0.14285714285714285	0.3076923076923077
Staatengebildes	ʃtaːtnɡəbɪldəs	ʃtatnɡəbɪldəs	ʃtɑtənɡebɪldəs	ʃtatɛŋebɪldəs	compound	staaten|gebildes	0.0	0.21428571428571427	0.23076923076923078	ʃtatn̩ɡəbɪldəs	ʃtatɛŋebɪldəs	0.07142857142857142	0.23076923076923078
Staatsschutz	ʃtaːtsʃʊts	ʃtatsʃʊts	ʃtɑtscʊts	ʃtatsʃʊts	compound	staats|schutz	0.0	0.2222222222222222	0.0	ʃtat͡sʃʊt͡s	ʃtatsʃʊts	0.18181818181818182	0.0
Staatsschutzdelikten	ʃtaːtsʃʊtsdelɪktn	ʃtatsʃʊtsdelɪktn	ʃtɑtscʊtsdɛlɪktən	ʃtatsʃʊtsdelɪktən	compound	staats|schutz|delikten	0.0	0.23529411764705882	0.058823529411764705	ʃtat͡sʃʊt͡sdelɪktn̩	ʃtatsʃʊtsdelɪktən	0.15789473684210525	0.058823529411764705
Stachelstock	ʃtaxlʃtɔk	ʃtaxlʃtɔk	ʃtaxəlstɔk	ʃtaxɛlstɔk	compound	stachel|stock	0.0	0.2	0.2	ʃtaxl̩ʃtɔk	ʃtaxɛlstɔk	0.1	0.2
Stachelweichtier	ʃtaxəlvaɪctiːɐ	ʃtaxlvaɪctiɐ	ʃtaxəlvaɪctiɾ	ʃtaxɛlvaectiɐ	compound	stachel|weichtier	0.08333333333333333	0.07692307692307693	0.15384615384615385	ʃtaxl̩vaɪ̯çtiɐ̯	ʃtaxɛlvaeçtiɐ̯	0.3333333333333333	0.2857142857142857
Stachelweichtiere	ʃtaxəlvaɪctiːʁə	ʃtaxlvaɪctiʁə	ʃtaxəlvaɪctirə	ʃtaxɛlvaectiʁe	compound	stachel|weichtiere	0.07692307692307693	0.07142857142857142	0.21428571428571427	ʃtaxl̩vaɪ̯çtiʁə	ʃtaxɛlvaeçtiɾe	0.26666666666666666	0.35714285714285715
Stachelweichtieres	ʃtaxəlvaɪctiːʁəs	ʃtaxlvaɪctiʁəs	ʃtaxəlvaɪctirəs	ʃtaxɛlvaectiʁəs	compound	stachel|weichtieres	0.07142857142857142	0.06666666666666667	0.13333333333333333	ʃtaxl̩vaɪ̯çtiʁəs	ʃtaxɛlvaeçtiɐ̯əs	0.25	0.3125
Stachelweichtiers	ʃtaxəlvaɪctiːɐs	ʃtaxlvaɪctiɐs	ʃtaxəlvaɪctiɾs	ʃtaxɛlvaectiʁs	compound	stachel|weichtiers	0.07692307692307693	0.07142857142857142	0.21428571428571427	ʃtaxl̩vaɪ̯çtiɐ̯s	ʃtaxɛlvaeçtiɾs	0.3125	0.2857142857142857
Stadtflucht	ʃtatflʊxt	ʃtatflʊxt	ʃtatflʊxt	ʃtatflʊxt	compound	stadt|flucht	0.0	0.0	0.0	ʃtatflʊxt	ʃtatflʊxt	0.0	0.0
Stadtschlösschen	ʃtatʃlœscən	ʃtatʃlœscən	ʃtatʃlœscən	ʃtatstslœsʃən	compound	stadt|schlösschen	0.0	0.0	0.3076923076923077	ʃtatʃlœsçən	ʃtatstslœsʃən	0.09090909090909091	0.3076923076923077
Stadtsprecher	ʃtatʃpʁɛcɐ	ʃtatʃpʁɛcɐ	ʃtatʃpɾɛcɜ	ʃtatspʁɛcɐ	compound	stadt|sprecher	0.0	0.2	0.1	ʃtatʃpʁɛçɐ	ʃtatspɾɛçɐ̯	0.1	0.36363636363636365
Staffelschwanz	ʃtafəlʃvants	ʃtaflʃvants	ʃtafəlʃvants	ʃtaffɛlstsvants	compound	staffel|schwanz	0.09090909090909091	0.0	0.3333333333333333	ʃtafl̩ʃvant͡s	ʃtaffɛlstsvants	0.23076923076923078	0.3333333333333333
Stahlkopfforelle	ʃtaːlkɔpffoʁɛlə	ʃtalkɔpffoʁɛlə	ʃtɑlkɔpforɛlə	ʃtalkɔpffoʁɛllə	compound	stahl|kopf|forelle	0.0	0.23076923076923078	0.06666666666666667	ʃtalkɔp͡ffoʁɛlə	ʃtɑlkɔpffoɾɛllə	0.06666666666666667	0.2
Stahlschraube	ʃtaːlʃʁaʊbə	ʃtalʃʁaʊbə	ʃtɑlʃraʊbə	ʃtalstsʁaobə	compound	stahl|schraube	0.0	0.2	0.3333333333333333	ʃtalʃʁaʊ̯bə	ʃtɑlstsɾaobə	0.09090909090909091	0.5
Stammbesucher	ʃtambəzuːxɐ	ʃtambəzuxɐ	ʃtambezuxɜ	ʃtammbezʊxɐ	compound	stamm|besucher	0.0	0.2	0.2727272727272727	ʃtambəzuxɐ	ʃtammbezʊxɐ̯	0.0	0.3333333333333333
Stammlager	ʃtamlaːɡɐ	ʃtamlaɡɐ	ʃtamlɑɡɜ	ʃtammlagɐ	compound	stamm|lager	0.0	0.25	0.2222222222222222	ʃtamlaɡɐ	ʃtammlɑgɐ̯	0.0	0.4
Stammmutter	ʃtammʊtɐ	ʃtammʊtɐ	ʃtamʊtɜ	ʃtammmʊtɐ	compound	stamm|mutter	0.0	0.2857142857142857	0.1111111111111111	ʃtammʊtɐ	ʃtammmʊtɐ̯	0.0	0.2
Standardkunststoff	standaʁtkʊnstʃtɔf	standaʁtkʊnstʃtɔf	ʃtandaɾtkʊnststɔf	ʃtandaʁtkʊnststɔff	compound	standard|kunststoff	0.0	0.17647058823529413	0.16666666666666666	standaʁtkʊnstʃtɔf	ʃtandaɾtkʊnststɔff	0.0	0.2222222222222222
Starenkästchen	ʃtaːʁənkɛstcən	ʃtaʁənkɛstcən	ʃtɑrənkɛstcən	ʃtaʁɛŋkɛstcən	compound	staren|kästchen	0.0	0.15384615384615385	0.15384615384615385	ʃtaʁənkɛstçən	ʃtɑɾɛŋkɛstçən	0.07692307692307693	0.38461538461538464
Starenschwarm	ʃtaːʁənʃvaʁm	ʃtaʁənʃvaʁm	ʃtɑrənʃvaɾm	ʃtaʁɛnstsvaʁm	compound	staren|schwarm	0.0	0.2727272727272727	0.3076923076923077	ʃtaʁənʃvaʁm	ʃtɑɾɛnstsvaɾm	0.0	0.5384615384615384
Starenschwarmes	ʃtaːʁənʃvaʁməs	ʃtaʁənʃvaʁməs	ʃtɑrənʃvaɾməs	ʃtaʁɛnstsvaʁməs	compound	staren|schwarmes	0.0	0.23076923076923078	0.26666666666666666	ʃtaʁənʃvaʁməs	ʃtɑɾɛnstsvaɾməs	0.0	0.4666666666666667
Starenschwarms	ʃtaːʁənʃvaʁms	ʃtaʁənʃvaʁms	ʃtɑrənʃvaɾms	ʃtaʁɛnstsvaʁms	compound	staren|schwarms	0.0	0.25	0.2857142857142857	ʃtaʁənʃvaʁms	ʃtɑɾɛnstsvaɾms	0.0	0.5
Starenschwärme	ʃtaːʁənʃvɛʁmə	ʃtaʁənʃvɛʁmə	ʃtɑrənʃvɛɾmə	ʃtaʁɛnstsvɛʁmə	compound	staren|schwärme	0.0	0.25	0.2857142857142857	ʃtaʁənʃvɛʁmə	ʃtɑɾɛnstsvɛɾmə	0.0	0.5
Staubblatt	ʃtaʊpblat	ʃtaʊpblat	ʃtaʊblat	ʃtaoblat	compound	staub|blatt	0.0	0.125	0.25	ʃtaʊ̯pblat	ʃtaoblat	0.1	0.25
Staubgefäß	ʃtaʊpɡəfɛːs	ʃtaʊpɡəfɛs	ʃtaʊbɡefɛs	ʃtaopgəfɛss	compound	staub|gefäß	0.0	0.2	0.2727272727272727	ʃtaʊ̯pɡəfɛs	ʃtaopgefɛs	0.09090909090909091	0.3
Staubgefäße	ʃtaʊpɡəfɛːsə	ʃtaʊpɡəfɛsə	ʃtaʊbɡefɛsə	ʃtaopgəfɛszə	compound	staub|gefäße	0.0	0.18181818181818182	0.25	ʃtaʊ̯pɡəfɛsə	ʃtaopgefɛzə	0.08333333333333333	0.36363636363636365
Staublunge	ʃtaʊplʊŋə	ʃtaʊplʊŋə	ʃtaʊblʊŋə	ʃtaoblʊŋə	compound	staub|lunge	0.0	0.1111111111111111	0.2222222222222222	ʃtaʊ̯plʊŋə	ʃtaoblʊŋə	0.1	0.2222222222222222
Staupen	ʃtaʊpən	ʃtaʊpən	ʃtaʊpən	ʃtaopən	compound	staupe|n	0.0	0.0	0.14285714285714285	ʃtaʊ̯pn̩	ʃtaopən	0.375	0.14285714285714285
Stechdorn	ʃtɛcdɔɐn	ʃtɛcdɔʁn	ʃtɛcdɔɾn	ʃtɛcdɔʁn	compound	stech|dorn	0.125	0.125	0.125	ʃtɛçdɔʁn	ʃtɛçdɔɾn	0.25	0.25
Stechhülse	ʃtɛchʏlzə	ʃtɛchʏlzə	ʃtɛchylzə	ʃtɛcʏlzə	compound	stech|hülse	0.0	0.1111111111111111	0.125	ʃtɛçhʏlzə	ʃtɛçʏlzə	0.1111111111111111	0.25
Stechwinde	ʃtɛcvɪndə	ʃtɛcvɪndə	ʃtɛcvɪndə	ʃtɛcvɪndə	compound	stech|winde	0.0	0.0	0.0	ʃtɛçvɪndə	ʃtɛçvɪndə	0.1111111111111111	0.1111111111111111
Stegeinlage	ʃteːkʔaɪnlaːɡə	ʃtekaɪnlaɡə	ʃteɡaɪnlɑɡə	ʃtegəɪnlagə	compound	steg|einlage	0.0	0.18181818181818182	0.2727272727272727	ʃtekaɪ̯nlaɡə	ʃtegaenlɑgə	0.08333333333333333	0.36363636363636365
Stegeinlagen	ʃteːkʔaɪnlaːɡn	ʃtekaɪnlaɡn	ʃteɡaɪnlɑɡən	ʃtegəɪnlagən	compound	steg|einlagen	0.0	0.25	0.3333333333333333	ʃtekaɪ̯nlaɡn̩	ʃtegaenlɑgən	0.15384615384615385	0.4166666666666667
Steigerlied	ʃtaɪɡɐliːt	ʃtaɪɡɐlit	ʃtaɪɡɜlit	ʃtaegɐlit	compound	steiger|lied	0.0	0.1111111111111111	0.2222222222222222	ʃtaɪ̯ɡɐlit	ʃtaegɛɾlit	0.1	0.4
Steinerweichen	ʃtaɪnʔɛɐvaɪcn	ʃtaɪnɐvaɪcn	ʃtaɪnɜvaɪcən	ʃtaenɛʁvaecən	compound	steiner|weichen	0.09090909090909091	0.25	0.3076923076923077	ʃtaɪ̯nɐvaɪ̯çn̩	ʃtaenɛɾvaeçən	0.35714285714285715	0.38461538461538464
Steinfrüchtchen	ʃtaɪnfʁʏctcən	ʃtaɪnfʁʏctcən	ʃtaɪnfryctcən	ʃtaenfʁʏctcən	compound	stein|früchtchen	0.0	0.15384615384615385	0.07692307692307693	ʃtaɪ̯nfʁʏçtçən	ʃtaenfɾʏçtçən	0.21428571428571427	0.3076923076923077
Steinkirchlein	ʃtaɪnkɪʁclaɪn	ʃtaɪnkɪʁclaɪn	ʃtaɪnkɪɾclaɪn	ʃtaeŋkɪʁtsləɪn	compound	stein|kirchlein	0.0	0.07692307692307693	0.35714285714285715	ʃtaɪ̯nkɪʁçlaɪ̯n	ʃtaeŋkɪɾtsləɪn	0.2	0.42857142857142855
Steinquendel	ʃtaɪnkvɛndl	ʃtaɪnkvɛndl	ʃtaɪnkvɛndəl	ʃtaenkvuɛndel	compound	stein|quendel	0.0	0.08333333333333333	0.23076923076923078	ʃtaɪ̯nkvɛndl̩	ʃtaeŋkvuɛndel	0.15384615384615385	0.3076923076923077
Stellenanwärter	ʃtɛlənanvɛʁtɐ	ʃtɛlənanvɛʁtɐ	ʃtɛlənanvɛɾtɜ	ʃtɛllenanvɛʁtɐ	compound	stellen|anwärter	0.0	0.15384615384615385	0.14285714285714285	ʃtɛlənanvɛʁtɐ	ʃtɛllenanvɛɾtɐ̯	0.0	0.26666666666666666
Stellenanwärtern	ʃtɛlənanvɛʁtɐn	ʃtɛlənanvɛʁtɐn	ʃtɛlənanvɛɾtɜn	ʃtɛllenanvɛʁtɛʁn	compound	stellen|anwärtern	0.0	0.14285714285714285	0.25	ʃtɛlənanvɛʁtɐn	ʃtɛllenanvɛɾtɛɾn	0.0	0.3125
Stellenanwärters	ʃtɛlənanvɛʁtɐs	ʃtɛlənanvɛʁtɐs	ʃtɛlənanvɛɾtɜs	ʃtɛllenanvɛʁtɛʁs	compound	stellen|anwärters	0.0	0.14285714285714285	0.25	ʃtɛlənanvɛʁtɐs	ʃtɛllenanvɛɾtɛɾs	0.0	0.3125
Stellenbewerber	ʃtɛlənbəvɛʁbɐ	ʃtɛlənbəvɛʁbɐ	ʃtɛlənbəvɜbɜ	ʃtɛllɛnbəvɛʁbɐ	compound	stellen|bewerber	0.0	0.25	0.14285714285714285	ʃtɛlənbəvɛʁbɐ	ʃtɛllɛnbevɛɾbɐ̯	0.0	0.3333333333333333
Stellenbewerberin	ʃtɛlənbəvɛʁbəʁɪn	ʃtɛlənbəvɛʁbəʁɪn	ʃtɛlənbəvɜbərɪn	ʃtɛllɛnbəvɛʁbeʁɪn	compound	stellen|bewerberin	0.0	0.2	0.17647058823529413	ʃtɛlənbəvɛʁbəʁɪn	ʃtɛllɛnbevɛɾbɐ̯ɪn	0.0	0.35294117647058826
Stellenbewerberinnen	ʃtɛlənbəvɛʁbəʁɪnən	ʃtɛlənbəvɛʁbəʁɪnən	ʃtɛlənbəvɜberɪnən	ʃtɛllɛnbəvɛʁbeʁɪnnən	compound	stellen|bewerberinnen	0.0	0.23529411764705882	0.2	ʃtɛlənbəvɛʁbəʁɪnən	ʃtɛllɛnbevɛɾbeɾɪnnən	0.0	0.35
Stellenbewerbern	ʃtɛlənbəvɛʁbɐn	ʃtɛlənbəvɛʁbɐn	ʃtɛlənbəvɜbɜn	ʃtɛllɛnbəvɛʁbɛʁn	compound	stellen|bewerbern	0.0	0.23076923076923078	0.25	ʃtɛlənbəvɛʁbɐn	ʃtɛllɛnbevɛɾbɛɾn	0.0	0.375
Stellenbewerbers	ʃtɛlənbəvɛʁbɐs	ʃtɛlənbəvɛʁbɐs	ʃtɛlənbəvɜbɜs	ʃtɛllɛnbəvɛʁbɛʁs	compound	stellen|bewerbers	0.0	0.23076923076923078	0.25	ʃtɛlənbəvɛʁbɐs	ʃtɛllɛnbevɛɾbɛɾs	0.0	0.375
Stellenvermittlung	ʃtɛlənfɛɐmɪtlʊŋ	ʃtɛlənfɛɐmɪtlʊŋ	ʃtɛlənfɜmɪtlʊŋ	ʃtɛllɛnvɛʁmɪttlʊŋ	compound	stellen|vermittlung	0.0	0.14285714285714285	0.29411764705882354	ʃtɛlənfɛɐ̯mɪtlʊŋ	ʃtɛllɛnvɛɾmɪttlʊŋ	0.0625	0.29411764705882354
Stempelglanz	ʃtɛmpəlɡlants	ʃtɛmplɡlants	ʃtɛmpəlɡlants	ʃtɛmpɛlglants	compound	stempel|glanz	0.08333333333333333	0.0	0.15384615384615385	ʃtɛmpl̩ɡlant͡s	ʃtɛmpɛlglants	0.21428571428571427	0.15384615384615385
Steppenkatze	ʃtɛpmkatsə	ʃtɛpmkatsə	ʃtɛpənkatsə	ʃtɛppɛŋkatsə	compound	steppen|katze	0.0	0.18181818181818182	0.25	ʃtɛpn̩kat͡sə	ʃtɛppɛŋkatsə	0.25	0.25
Steppenkatzen	ʃtɛpmkatsn	ʃtɛpmkatsn	ʃtɛpənkatsən	ʃtɛppɛŋkatsən	compound	steppen|katzen	0.0	0.25	0.3076923076923077	ʃtɛpn̩kat͡sn̩	ʃtɛppɛŋkatsən	0.3076923076923077	0.3076923076923077
Sterngucker	ʃtɛʁnɡʊkɐ	ʃtɛʁnɡʊkəʁ	ʃtɛɾŋʊkɜ	ʃtɛʁngʊkɐ	compound	stern|gucke|r	0.2	0.5	0.1111111111111111	ʃtɛʁnɡʊkɐ	ʃtɛɾŋʊkɐ̯	0.0	0.4444444444444444
Sternwind	ʃtɛʁnvɪnt	ʃtɛʁnvɪnt	ʃtɛɾnvɪnt	ʃtɛʁnvɪnt	compound	stern|wind	0.0	0.1111111111111111	0.0	ʃtɛʁnvɪnt	ʃtɛɾnvɪnt	0.0	0.1111111111111111
Stettiner	ʃtɛtiːnɐ	ʃtɛtineɐ	ʃtɛtɪnɜ	ʃtɛtɪnɐ	compound	stettin|er	0.125	0.2857142857142857	0.14285714285714285	ʃtɛtinɐ	ʃtkɛtɪnɐ̯	0.0	0.3333333333333333
Steuerbetrüger	ʃtɔɪɐbətʁyːɡɐ	ʃtɔɪɐbətʁyɡɐ	ʃtɔøɜbɛtɾyɡɜ	ʃtɔɔʏɐbətʁygɐ	compound	steuer|betrüger	0.0	0.4166666666666667	0.23076923076923078	ʃtɔɪ̯ɐbətʁyɡɐ	ʃtɔøɛɾbɛtɾygɐ̯	0.07692307692307693	0.5
Steuerbetrügerin	ʃtɔɪɐbətʁyːɡəʁɪn	ʃtɔɪɐbətʁyɡəʁɪn	ʃtɔøɜbɛtɾyɡərɪn	ʃtɔɔʏɐbətʁygeʁɪn	compound	steuer|betrügerin	0.0	0.3333333333333333	0.25	ʃtɔɪ̯ɐbətʁyɡəʁɪn	ʃtɔøɛɾbɛtɾygɐ̯ɪn	0.0625	0.5
Steuerbetrügerinnen	ʃtɔɪɐbətʁyːɡəʁɪnən	ʃtɔɪɐbətʁyɡəʁɪnən	ʃtɔøɜbɛtɾyɡerɪnən	ʃtɔɔʏɐbətʁygeʁɪnnən	compound	steuer|betrügerinnen	0.0	0.35294117647058826	0.2631578947368421	ʃtɔɪ̯ɐbətʁyɡəʁɪnən	ʃtɔøɛɾbɛtɾygeɾɪnnən	0.05555555555555555	0.47368421052631576
Steuerbetrügers	ʃtɔɪɐbətʁyːɡɐs	ʃtɔɪɐbətʁyɡɐs	ʃtɔøɜbɛtɾyɡɜs	ʃtɔɔʏɐbətʁygɛʁs	compound	steuer|betrügers	0.0	0.38461538461538464	0.3333333333333333	ʃtɔɪ̯ɐbətʁyɡɐs	ʃtɔøɛɾbɛtɾygɛɾs	0.07142857142857142	0.5333333333333333
Steuerdomizil	ʃtɔʏɐdomitsiːl	ʃtɔɪɐdomitsil	ʃtɔøɜdomitsil	ʃtɔɔʏɐdomitsil	compound	steuer|domizil	0.07692307692307693	0.15384615384615385	0.07142857142857142	ʃtɔɪ̯ɐdomit͡sil	ʃtɔøɛɾdomitsil	0.2	0.21428571428571427
Steuerelemente	ʃtɔɪɐʔelemɛntə	ʃtɔɪɐeləmɛntə	ʃtɔøerɛlemɛntə	ʃtɔɔʏɐelemɛntə	compound	steuer|elemente	0.07692307692307693	0.2857142857142857	0.14285714285714285	ʃtɔɪ̯ɐelemɛntə	ʃtɔøɐ̯eləmɛntə	0.07142857142857142	0.21428571428571427
Steuerelementen	ʃtɔɪɐʔelemɛntn	ʃtɔɪɐeləmɛntn	ʃtɔøerɛlemɛntən	ʃtɔɔʏɐelemɛntən	compound	steuer|elementen	0.07692307692307693	0.3333333333333333	0.2	ʃtɔɪ̯ɐelemɛntn̩	ʃtɔøɐ̯eləmɛntən	0.13333333333333333	0.26666666666666666
Steuerelementes	ʃtɔɪɐʔelemɛntəs	ʃtɔɪɐeləmɛntəs	ʃtɔøerɛlemɛntəs	ʃtɔɔʏɐelemɛntəs	compound	steuer|elementes	0.07142857142857142	0.26666666666666666	0.13333333333333333	ʃtɔɪ̯ɐelemɛntəs	ʃtɔøɐ̯eləmɛntəs	0.06666666666666667	0.2
Steuerelements	ʃtɔɪɐʔelemɛnts	ʃtɔɪɐeləmɛnts	ʃtɔøerɛlemɛnts	ʃtɔɔʏɐelemɛnts	compound	steuer|elements	0.07692307692307693	0.2857142857142857	0.14285714285714285	ʃtɔɪ̯ɐelemɛnt͡s	ʃtɔøɐ̯elemɛnts	0.13333333333333333	0.14285714285714285
Steuerfolge	ʃtɔʏɐfɔlɡə	ʃtɔɪɐfɔlɡə	ʃtɔøɜfɔlɡə	ʃtɔɔʏɐfɔlgə	compound	steuer|folge	0.1	0.2	0.18181818181818182	ʃtɔɪ̯ɐfɔlɡə	ʃtɔøɛɾfɔlgə	0.18181818181818182	0.36363636363636365
Steuerschwindel	ʃtɔɪɐʃvɪndl	ʃtɔɪɐʃvɪndl	ʃtɔøɜʃvɪndəl	ʃtɔɔʏɐʃvɪndel	compound	steuer|schwindel	0.0	0.25	0.23076923076923078	ʃtɔɪ̯ɐʃvɪndl̩	ʃtɔøɛɾstsvɪndel	0.15384615384615385	0.4666666666666667
Stielmus	ʃtiːlmuːs	ʃtilmus	ʃtilmʊs	ʃtilmʊs	compound	stiel|mus	0.0	0.14285714285714285	0.14285714285714285	ʃtilmus	ʃtilmus	0.0	0.0
Stiftungsurkunde	ʃtɪftʊŋsuːɐkʊndə	ʃtɪftʊŋzuɐkʊndə	ʃtɪftʊŋs??kʊndə	ʃtɪftʊŋzʊʁkʊndə	compound	stiftung|sur|kunde	0.06666666666666667	0.13333333333333333	0.2	ʃtɪftʊŋsuɐ̯kʊndə	ʃtɪftʊŋzʊɾkʊndə	0.0625	0.2
Stiftungsurkunden	ʃtɪftʊŋsuːɐkʊndn	ʃtɪftʊŋzuɐkʊndn	ʃtɪftʊŋs??kʊndən	ʃtɪftʊŋzʊʁkʊndən	compound	stiftung|sur|kunden	0.06666666666666667	0.1875	0.25	ʃtɪftʊŋsuɐ̯kʊndn̩	ʃtɪftʊŋzʊɾkʊndən	0.11764705882352941	0.25
Stilbruch	stiːlbʁʊx	stilbʁux	ʃtɪlbɾʊx	ʃtɪlbʁʊx	compound	stil|bruch	0.125	0.375	0.25	ʃtilbʁʊx	ʃtɪlbrʊx	0.125	0.375
Stimmfarbe	ʃtɪmfaːbə	ʃtɪmfaɐbə	ʃtɪmfaɾbə	ʃtɪmmfaʁbə	compound	stimm|farbe	0.1111111111111111	0.1111111111111111	0.2	ʃtɪmfaʁbə	ʃtɪmmfaɾbə	0.1111111111111111	0.2
Stimmfühlung	ʃtɪmfyːlʊŋ	ʃtɪmfylʊŋ	ʃtɪmfylʊŋ	ʃtɪmmfylʊŋ	compound	stimm|fühlung	0.0	0.0	0.1	ʃtɪmfylʊŋ	ʃtɪmmfylʊŋ	0.0	0.1
Stimmumfang	ʃtɪmʊmfaŋ	ʃtɪmʊmfaŋ	ʃtɪmʊmfaŋ	ʃtɪmmʊmfaŋ	compound	stimm|umfang	0.0	0.0	0.1	ʃtɪmʊmfaŋ	ʃtɪmmʊmfaŋ	0.0	0.1
Stimmumfange	ʃtɪmʔʊmfaŋə	ʃtɪmʊmfaŋə	ʃtɪmʊmfaŋə	ʃtɪmmʊmfaŋə	compound	stimm|umfange	0.0	0.0	0.09090909090909091	ʃtɪmʊmfaŋə	ʃtɪmmʊmfaŋə	0.0	0.09090909090909091
Stimmumfanges	ʃtɪmʔʊmfaŋəs	ʃtɪmʊmfaŋəs	ʃtɪmʊmfaŋəs	ʃtɪmmʊmfaŋəs	compound	stimm|umfanges	0.0	0.0	0.08333333333333333	ʃtɪmʊmfaŋəs	ʃtɪmmʊmfaŋəs	0.0	0.08333333333333333
Stimmumfangs	ʃtɪmʔʊmfaŋs	ʃtɪmʊmfaŋs	ʃtɪmʊmfaŋs	ʃtɪmmʊmfaŋs	compound	stimm|umfangs	0.0	0.0	0.09090909090909091	ʃtɪmʊmfaŋs	ʃtɪmmʊmfaŋs	0.0	0.09090909090909091
Stimmumfänge	ʃtɪmʔʊmfɛŋə	ʃtɪmʊmfɛŋə	ʃtɪmʊmfɛŋə	ʃtɪmmʊmfɛŋə	compound	stimm|umfänge	0.0	0.0	0.09090909090909091	ʃtɪmʊmfɛŋə	ʃtɪmmʊmfɛŋə	0.0	0.09090909090909091
Stimmumfängen	ʃtɪmʔʊmfɛŋən	ʃtɪmʊmfɛŋən	ʃtɪmʊmfɛŋən	ʃtɪmmʊmfɛŋən	compound	stimm|umfängen	0.0	0.0	0.08333333333333333	ʃtɪmʊmfɛŋən	ʃtɪmmʊmfɛŋən	0.0	0.08333333333333333
Stimmungsbild	ʃtɪmʊŋsbɪlt	ʃtɪmʊŋsbɪlt	ʃtɪmʊŋsbɪlt	ʃtɪmmʊŋsbɪlt	compound	stimmung|s|bild	0.0	0.0	0.08333333333333333	ʃtɪmʊŋsbɪlt	ʃtɪmmʊŋsbɪlt	0.0	0.08333333333333333
Stimmungsbilde	ʃtɪmʊŋsbɪldə	ʃtɪmʊŋsbɪldə	ʃtɪmʊŋsbɪldə	ʃtɪmmʊŋsbɪldə	compound	stimmung|s|bilde	0.0	0.0	0.07692307692307693	ʃtɪmʊŋsbɪldə	ʃtɪmmʊŋsbɪldə	0.0	0.07692307692307693
Stimmungsbilder	ʃtɪmʊŋsbɪldɐ	ʃtɪmʊŋsbɪldɐ	ʃtɪmʊŋsbɪldɜ	ʃtɪmmʊŋsbɪldɐ	compound	stimmung|s|bilder	0.0	0.08333333333333333	0.07692307692307693	ʃtɪmʊŋsbɪldɐ	ʃtɪmmʊŋsbɪldɐ̯	0.0	0.14285714285714285
Stimmungsbildern	ʃtɪmʊŋsbɪldɐn	ʃtɪmʊŋsbɪldɐn	ʃtɪmʊŋsbɪldɜn	ʃtɪmmʊŋsbɪldɛʁn	compound	stimmung|s|bildern	0.0	0.07692307692307693	0.2	ʃtɪmʊŋsbɪldɐn	ʃtɪmmʊŋsbɪldɛɾn	0.0	0.2
Stimmungsbildes	ʃtɪmʊŋsbɪldəs	ʃtɪmʊŋsbɪldəs	ʃtɪmʊŋsbɪldəs	ʃtɪmmʊŋsbɪldəs	compound	stimmung|s|bildes	0.0	0.0	0.07142857142857142	ʃtɪmʊŋsbɪldəs	ʃtɪmmʊŋsbɪldəs	0.0	0.07142857142857142
Stimmungsbilds	ʃtɪmʊŋsbɪlts	ʃtɪmʊŋsbɪlts	ʃtɪmʊŋsbɪlts	ʃtɪmmʊŋsbɪlts	compound	stimmung|s|bilds	0.0	0.0	0.07692307692307693	ʃtɪmʊŋsbɪlt͡s	ʃtɪmmʊŋsbɪlts	0.07692307692307693	0.07692307692307693
Stinkadores	ʃtɪŋkadoːʁɛs	ʃtɪŋkadoʁes	ʃtɪnkadorəs	ʃtɪŋkadoʁəs	compound	stink|ado|res	0.09090909090909091	0.2727272727272727	0.09090909090909091	ʃtɪŋkadoʁəs	ʃtɪŋkɑdoɾəs	0.09090909090909091	0.2727272727272727
Stinkkatze	ʃtɪŋkkatsə	ʃtɪŋkkatsə	ʃtɪŋkatsə	ʃtɪŋkatsə	compound	stink|katze	0.0	0.1111111111111111	0.1111111111111111	ʃtɪŋkkat͡sə	ʃtɪŋkkatsə	0.09090909090909091	0.0
Stipprolle	ʃtɪpʁɔlə	ʃtɪpʁɔlə	ʃtɪpɾɔlə	ʃtɪppʁɔllə	compound	stipp|rolle	0.0	0.125	0.2	ʃtɪpʁɔlə	ʃtɪppɾɔllə	0.0	0.3
Stockfehler	ʃtɔkfeːlɐ	ʃtɔkfelɐ	ʃtɔkfelɜ	ʃtɔkfelɐ	compound	stock|fehler	0.0	0.125	0.0	ʃtɔkfelɐ	ʃtɔkfelɐ̯	0.0	0.1111111111111111
Stopfleber	ʃtɔpfleːbɐ	ʃtɔpflebɐ	ʃtɔpflebɜ	ʃtɔpflebɐ	compound	stopf|leber	0.0	0.1111111111111111	0.0	ʃtɔp͡flebɐ	ʃtɔpflebɐ̯	0.1	0.1
Stornoschlüssel	ʃtɔʁnoʃlʏsəl	ʃtɔʁnoʃlʏsl	ʃtɔɾnɔʃlysəl	ʃtɔʁnɔstslʏszel	compound	storno|schlüssel	0.09090909090909091	0.25	0.4	ʃtɔʁnʃlʏsl̩	ʃtɔɾnɔʃlʏszel	0.2727272727272727	0.3076923076923077
Straffens	ʃtʁafns	ʃtʁafns	ʃtɾafəns	ʃtʁaffɛns	compound	straffen|s	0.0	0.25	0.2222222222222222	ʃtʁafn̩s	ʃtɾaffɛns	0.125	0.3333333333333333
Strafregisterbescheinigung	ʃtraːfʁeɡɪstɐbəʃaɪnɪɡʊŋ	ʃtɾafregɪstɜbəʃaɪnɪɡʊŋ	ʃtɾafreɡɪstɜbɛʃaɪnɪɡʊŋ	ʃtʁafʁegɪstɛʁbɛʃaenɪgʊŋ	compound	strafregister|bescheinigung	0.18181818181818182	0.18181818181818182	0.30434782608695654	ʃtɾafregɪstɜbɛʃaɪnɪgʊŋ	ʃtɾafɾegɪstɛɾbɛʃəɪnɪgʊŋ	0.2727272727272727	0.34782608695652173
Strahlenkranz	ʃtʁaːlənkʁants	ʃtʁalənkʁants	ʃtɾɑlənkɾants	ʃtʁalɛŋkʁants	compound	strahlen|kranz	0.0	0.23076923076923078	0.15384615384615385	ʃtʁalənkʁant͡s	ʃtɾɑlɛŋkɾants	0.07142857142857142	0.38461538461538464
Strahlenkranzes	ʃtʁaːlənkʁantsəs	ʃtʁalənkʁantsəs	ʃtɾɑlənkɾantsəs	ʃtʁalɛŋkʁantsəs	compound	strahlen|kranzes	0.0	0.2	0.13333333333333333	ʃtʁalənkʁant͡səs	ʃtɾɑlɛŋkɾantsəs	0.0625	0.3333333333333333
Strahlenkrone	ʃtʁaːlənkʁoːnə	ʃtʁalənkʁonə	ʃtɾɑlənkɾonə	ʃtʁalɛŋkʁonə	compound	strahlen|krone	0.0	0.25	0.16666666666666666	ʃtʁalənkʁonə	ʃtɾɑlɛŋkɾonə	0.0	0.4166666666666667
Strahlenkränze	ʃtʁaːlənkʁɛntsə	ʃtʁalənkʁɛntsə	ʃtɾɑlənkɾɛntsə	ʃtʁalɛŋkʁɛntsə	compound	strahlen|kränze	0.0	0.21428571428571427	0.14285714285714285	ʃtʁalənkʁɛnt͡sə	ʃtɾɑlɛŋkɾɛntsə	0.06666666666666667	0.35714285714285715
Strahlflugzeug	ʃtʁaːlfluːktsɔɪk	ʃtʁalfluktsɔɪk	ʃtɾɑlflʊktsɔøk	ʃtʁalflʊktsɔɔʏk	compound	strahl|flugzeug	0.0	0.2857142857142857	0.2	ʃtʁalflukt͡sɔɪ̯k	ʃtɾɑlflʊktsɔøk	0.125	0.2857142857142857
Strahlstein	ʃtʁaːlʃtaɪn	ʃtʁalstaɪn	ʃtɾɑlʃtaɪn	ʃtʁalstəɪn	compound	strahlst|ein	0.1	0.2	0.2	ʃtʁalʃtaɪ̯n	ʃtɾɑlstəɪn	0.09090909090909091	0.4
Strahlungsintensität	ʃtʁaːlʊŋsɪntɛnzitɛːt	ʃtʁalʊŋsɪntɛnzitɛt	ʃtɾɑlʊŋsɪntənzitɛt	ʃtʁalʊŋzɪntɛnzitɛt	compound	strahlung|s|intensität	0.0	0.16666666666666666	0.05555555555555555	ʃtʁalʊŋsɪntɛnzitɛt	ʃtɾɑlʊŋzɪntɛnzitɛt	0.0	0.16666666666666666
Strandläufer	ʃtrantlɔɪfɐ	ʃtʁantlɔɪfɐ	ʃtɾandlɔøfɜ	ʃtʁandlɔɔʏfɐ	compound	strand|läufer	0.09090909090909091	0.36363636363636365	0.3333333333333333	ʃtʁantlɔɪ̯fɐ	ʃtɾandlɔøfɐ̯	0.16666666666666666	0.3333333333333333
Strassenbeleuchtung	ʃtraːsnbəlɔɪctʊŋ	ʃtʁasnbəlɔɪctʊŋ	ʃtɾasənbəlɔøctʊŋ	ʃtʁaszɛnbəlɔɔʏctʊŋ	compound	strassen|beleuchtung	0.06666666666666667	0.1875	0.2777777777777778	ʃtʁasn̩bəlɔɪ̯çtʊŋ	ʃtɾaszɛnbelɔøçtʊŋ	0.23529411764705882	0.35294117647058826
Strassenkehrer	ʃtʁaːsənkeːʁəʁ	ʃtʁasnkeʁəʁ	ʃtɾasənkerɜ	ʃtʁaszɛŋkeʁɐ	compound	strassen|kehre|r	0.09090909090909091	0.36363636363636365	0.4166666666666667	ʃtʁasn̩keʁɐ	ʃtɾaszɛŋkeɾɐ̯	0.36363636363636365	0.5384615384615384
Strassenlaterne	ʃtraːsnlatɛrnə	ʃtʁasnlatɛʁnə	ʃtɾasənlɑtɜnə	ʃtʁaszɛnlatɛʁnə	compound	strassen|laterne	0.15384615384615385	0.38461538461538464	0.26666666666666666	ʃtʁasn̩latɛʁnə	ʃtɾaszɛnlɑtɛɾnə	0.21428571428571427	0.3333333333333333
Strassenleuchte	ʃtʁaːsnlɔʏctə	ʃtʁasnlɔɪctə	ʃtɾasənlɔøctə	ʃtʁaszɛnlɔɔʏctə	compound	strassen|leuchte	0.08333333333333333	0.23076923076923078	0.2	ʃtʁasn̩lɔɪ̯çtə	ʃtɾaszɛnlɔøçtə	0.2857142857142857	0.35714285714285715
Strassenseite	ʃtʁaːsnzaɪtə	ʃtʁasnzaɪtə	ʃtɾasənzaɪtə	ʃtʁaszɛnzəitə	compound	strassen|seite	0.0	0.16666666666666666	0.3076923076923077	ʃtʁasn̩zaɪ̯tə	ʃtɾaszɛnzəitə	0.15384615384615385	0.38461538461538464
Straucherbse	ʃtraʊχɛrpsə	ʃtʁaʊxɛʁpsə	ʃtɾaʊxɜpzə	ʃtʁaoxɛʁpzə	compound	strauch|erbse	0.2727272727272727	0.5	0.45454545454545453	ʃtʁaʊ̯xɐpsə	ʃtɾaoxɛɾpzə	0.36363636363636365	0.45454545454545453
Straußenfarn	ʃtʁaʊsənfaʁn	ʃtʁaʊsnfaʁn	ʃtɾaʊsənfaɾn	ʃtʁaoszɛnfaʁn	compound	straußen|farn	0.09090909090909091	0.16666666666666666	0.23076923076923078	ʃtʁaʊ̯sn̩faʁn	ʃtɾaosɛnfaɾn	0.23076923076923078	0.3333333333333333
Straußenfarne	ʃtʁaʊsənfaʁnə	ʃtʁaʊsnfaʁnə	ʃtɾaʊsənfaɾnə	ʃtʁaoszɛnfaʁnə	compound	straußen|farne	0.08333333333333333	0.15384615384615385	0.21428571428571427	ʃtʁaʊ̯sn̩faʁnə	ʃtɾaosɛnfaɾnə	0.21428571428571427	0.3076923076923077
Straußenfarnes	ʃtʁaʊsənfaʁnəs	ʃtʁaʊsnfaʁnəs	ʃtɾaʊsənfaɾnəs	ʃtʁaoszɛnfaʁnəs	compound	straußen|farnes	0.07692307692307693	0.14285714285714285	0.2	ʃtʁaʊ̯sn̩faʁnəs	ʃtɾaosɛnfaɾnəs	0.2	0.2857142857142857
Straußenfarns	ʃtʁaʊsənfaʁns	ʃtʁaʊsnfaʁns	ʃtɾaʊsənfaɾns	ʃtʁaoszɛnfaʁns	compound	straußen|farns	0.08333333333333333	0.15384615384615385	0.21428571428571427	ʃtʁaʊ̯sn̩faʁns	ʃtɾaozɛnfaɾns	0.21428571428571427	0.38461538461538464
Straßenböschung	ʃtraːsnbœʃʊŋ	ʃtʁasnbœʃʊŋ	ʃtɾɑsənbœʃʊŋ	ʃtʁaszɛnbœʃʊŋ	compound	straßen|böschung	0.09090909090909091	0.25	0.23076923076923078	ʃtʁasn̩bœʃʊŋ	ʃtɾɑzɛnbœʃʊŋ	0.16666666666666666	0.3333333333333333
Straßendecke	ʃtʁaːsndɛkə	ʃtʁasndɛkə	ʃtɾɑsəndɛkə	ʃtʁaszɛndɛkə	compound	straßen|decke	0.0	0.2727272727272727	0.16666666666666666	ʃtʁasn̩dɛkə	ʃtɾɑsɛndɛkə	0.09090909090909091	0.2727272727272727
Straßenkurve	ʃtʁaːsənkʊʁvə	ʃtʁasnkʊʁfə	ʃtɾɑsənk??və	ʃtʁaszɛŋkʊʁvə	compound	straßen|kurve	0.18181818181818182	0.3333333333333333	0.23076923076923078	ʃtʁasn̩kʊʁfə	ʃtɾɑsɛŋkʊɾvə	0.25	0.4166666666666667
Straßenleuchte	ʃtʁaːsnlɔʏctə	ʃtʁasnlɔɪctə	ʃtɾɑsənlɔøctə	ʃtʁaszɛnlɔɔʏctə	compound	straßen|leuchte	0.08333333333333333	0.3076923076923077	0.2	ʃtʁasn̩lɔɪ̯çtə	ʃtɾɑzɛnlɔøçtə	0.2857142857142857	0.46153846153846156
Straßenmaler	ʃtraːsnmaːlɐ	ʃtʁasnmalɐ	ʃtɾɑsənmɑlɜ	ʃtʁaszɛnmalɐ	compound	straßen|maler	0.1	0.45454545454545453	0.25	ʃtʁasn̩malɐ	ʃtɾɑzɛnmalɐ̯	0.18181818181818182	0.4166666666666667
Straßenmalerin	ʃtraːsnmaːləʁɪn	ʃtʁasnmaləʁɪn	ʃtɾɑsənmɑlərɪn	ʃtʁaszɛnmalɐɪn	compound	straßen|malerin	0.07692307692307693	0.35714285714285715	0.35714285714285715	ʃtʁasn̩maləʁɪn	ʃtɾɑzɛnmalɐ̯ɪn	0.14285714285714285	0.42857142857142855
Straßenmalerinnen	ʃtraːsnmaːləʁɪnən	ʃtʁasnmaləʁɪnən	ʃtɾɑsənmɑlerɪnən	ʃtʁaszɛnmaleʁɪnnən	compound	straßen|malerinnen	0.06666666666666667	0.375	0.2777777777777778	ʃtʁasn̩maləʁɪnən	ʃtɾɑzɛnmɑleɾɪnnən	0.125	0.47058823529411764
Straßenmalers	ʃtraːsnmaːlɐs	ʃtʁasnmalɐs	ʃtɾɑsənmɑlɜs	ʃtʁaszɛnmalɛʁs	compound	straßen|malers	0.09090909090909091	0.4166666666666667	0.35714285714285715	ʃtʁasn̩malɐs	ʃtɾɑsɛnmɑlɛɾs	0.16666666666666666	0.46153846153846156
Streichholzschächtelchen	ʃtʁaɪchɔltsʃɛctəlcən	ʃtʁaɪchɔltsʃɛctlcən	ʃtɾaɪchɔltsʃɛctəlcən	ʃtʁaecɔltsʃɛctɛlcən	compound	streichholz|schächtelchen	0.05263157894736842	0.05	0.15789473684210525	ʃtʁaɪ̯çhɔlt͡sʃɛçtl̩çən	ʃtɾaeçɔltsʃɛçtɛlçən	0.3181818181818182	0.3684210526315789
Streichhölzlein	ʃtʁaɪchœltslaɪn	ʃtʁaɪchœltslaɪn	ʃtɾaɪchœltslaɪn	ʃtʁaecœltslaen	compound	streich|hölzlein	0.0	0.06666666666666667	0.21428571428571427	ʃtʁaɪ̯çhœlt͡slaɪ̯n	ʃtɾaeçœltsləɪn	0.2222222222222222	0.35714285714285715
Streichinstrumentenbauer	ʃtʁaɪcʔɪnstʁumɛntnbaʊɐ	ʃtʁaɪcɪnstʁumɛntnbaʊɐ	ʃtɾaɪcɪnstɾuməntɛnbaʊɜ	ʃtʁaecɪnstʁumɛntɛnbaoɐ	compound	streichinstrumenten|bauer	0.0	0.22727272727272727	0.13636363636363635	ʃtʁaɪ̯çɪnstʁumɛntn̩baʊ̯ɐ	ʃtɾaeçɪnstɾumɛntɛnbaoɐ̯	0.16666666666666666	0.30434782608695654
Streichinstrumentenbauers	ʃtʁaɪcʔɪnstʁumɛntnbaʊɐs	ʃtʁaɪcɪnstʁumɛntnbaʊɐs	ʃtɾaɪcɪnstɾuməntɛnbaʊɜs	ʃtʁaecɪnstʁumɛntɛnbaoɐs	compound	streichinstrumenten|bauers	0.0	0.21739130434782608	0.13043478260869565	ʃtʁaɪ̯çɪnstʁumɛntn̩baʊ̯ɐs	ʃtɾaeçɪnstɾumɛntɛnbaoɛɾs	0.16	0.3333333333333333
Streichinstrumentenhersteller	ʃtʁaɪcʔɪnstʁumɛntnheːɐʃtɛlɐ	ʃtʁaɪcɪnstʁumɛntnheɐʃtɛlɐ	ʃtɾaɪcɪnstɾuməntɛnhɜʃtɛlɜ	ʃtʁaecɪnstʁumɛntɛnɛʁstɛllɐ	compound	streichinstrumenten|hersteller	0.0	0.28	0.2692307692307692	ʃtʁaɪ̯çɪnstʁumɛntn̩heɐ̯ʃtɛlɐ	ʃtɾaeçɪnstɾumɛntɛnɛɾstɛllɐ̯	0.14285714285714285	0.4074074074074074
Streichinstrumentenherstellers	ʃtʁaɪcʔɪnstʁumɛntnheːɐʃtɛlɐs	ʃtʁaɪcɪnstʁumɛntnheɐʃtɛlɐs	ʃtɾaɪcɪnstɾuməntɛnhɜʃtɛlɜs	ʃtʁaecɪnstʁumɛntɛnɛʁstɛllɛʁs	compound	streichinstrumenten|herstellers	0.0	0.2692307692307692	0.32142857142857145	ʃtʁaɪ̯çɪnstʁumɛntn̩heɐ̯ʃtɛlɐs	ʃtɾaeçɪnstɾumɛntɛnɛɾstɛllɛɾs	0.13793103448275862	0.42857142857142855
Streitbeilegung	ʃtʁaɪtbaɪleːɡʊŋ	ʃtʁaɪtbaɪleɡʊŋ	ʃtɾaɪtbaɪleɡʊŋ	ʃtʁaetbəilegʊŋ	compound	streit|beilegung	0.0	0.07142857142857142	0.2857142857142857	ʃtʁaɪ̯tbaɪ̯leɡʊŋ	ʃtɾaetbaelegʊŋ	0.125	0.2857142857142857
Stressfaktor	ʃtʁɛsfaktoːɐ	stʁɛsfaktoɐ	ʃtɾɛsfaktoɾ	ʃtʁɛssfaktoʁ	compound	stress|faktor	0.09090909090909091	0.18181818181818182	0.16666666666666666	ʃtʁɛsfaktoɐ̯	ʃtɾɛssfaktoɾ	0.08333333333333333	0.25
Streubesitz	ʃtʁɔɪbəzɪts	ʃtʁɔɪbezɪts	ʃtɾɔøbezɪts	ʃtʁɔɔʏbezɪts	compound	streu|besitz	0.09090909090909091	0.2727272727272727	0.25	ʃtʁɔɪ̯bezɪt͡s	ʃtɾɔøbezɪts	0.23076923076923078	0.2727272727272727
Streuungsmaß	ʃtʁɔɪʊŋsmaːs	ʃtʁɔɪʊŋsmas	ʃtɾɔøʊŋsmɑs	ʃtʁɔɔʏʊŋsmass	compound	streuung|s|maß	0.0	0.2727272727272727	0.23076923076923078	ʃtʁɔɪ̯ʊŋsmas	ʃtɾɔøʊŋsmɑs	0.08333333333333333	0.2727272727272727
Strg	strɔŋ	stʁɡ	ɛsteɛɾɡe	ʃtʁk	compound	st|r|g	0.75	0.75	1.0	stʁɡ	ʃtɾk	0.75	1.0
Strohhälmchen	ʃtʁoːhɛlmcən	ʃtʁohɛlmcən	ʃtɾoɛlmcən	ʃtʁoɛlmcən	compound	stroh|hä|l|m|chen	0.0	0.2	0.1	ʃtʁohɛlmçən	ʃtɾoɛlmçən	0.09090909090909091	0.3
Strohhälmchens	ʃtʁoːhɛlmcəns	ʃtʁohɛlmcəns	ʃtɾoɛlmcəns	ʃtʁoɛlmcɛns	compound	stroh|hä|l|m|chen|s	0.0	0.18181818181818182	0.18181818181818182	ʃtʁohɛlmçəns	ʃtɾoɛlmçɛns	0.08333333333333333	0.36363636363636365
Strommangellage	ʃtʁoːmmaŋllaːɡə	ʃtʁommaŋllaɡə	ʃtɾɔmaŋɛlɑɡə	ʃtʁɔmmaŋɛllagə	compound	strommangel|lage	0.0	0.4166666666666667	0.21428571428571427	ʃtʁommaŋəllaɡə	ʃtɾɔmmaŋɛllɑgə	0.07142857142857142	0.35714285714285715
Stromuhr	ʃtʁoːmʔuːɐ	ʃtʁomuɐ	ʃtɾomuɾ	ʃtʁomuʁ	compound	strom|uhr	0.0	0.2857142857142857	0.14285714285714285	ʃtʁomuɐ̯	ʃtɾomuɾ	0.125	0.2857142857142857
Stromunterbrechung	ʃtʁoːmʊntɐbʁɛcʊŋ	ʃtʁomʊntɐbʁɛcʊŋ	ʃtɾomʊntɜbɾɛcʊŋ	ʃtʁomʊntɛʁbʁɛcʊŋ	compound	strom|unterbrechung	0.0	0.2	0.125	ʃtʁomʊntɐbʁɛçʊŋ	ʃtɾomʊntɛɾbrɛçʊŋ	0.06666666666666667	0.3125
Strukturanalyse	ʃtʁʊktuːɐanalyːzə	stʁʊktuɐanalyzə	ʃtɾʊkturanɑlyzə	ʃtʁʊktuʁanalyzə	compound	struktur|analyse	0.06666666666666667	0.2	0.06666666666666667	stʁʊktuɐ̯analyzə	ʃtɾʊktuɾɑnɑlyzə	0.125	0.26666666666666666
Strömungsabriss	ʃtʁøːmʊŋsapʁɪs	ʃtʁømʊŋsapʁɪs	ʃtɾømʊŋsabɾɪs	ʃtʁɔʏmʊŋzabʁɪss	compound	strömung|s|abriss	0.0	0.23076923076923078	0.3333333333333333	ʃtʁømʊŋsapʁɪs	ʃtɾømʊŋzabrɪss	0.0	0.35714285714285715
Strömungsabrisse	ʃtʁøːmʊŋsapʁɪsə	ʃtʁømʊŋsapʁɪsə	ʃtɾømʊŋsabɾɪsə	ʃtʁɔʏmʊŋzabʁɪszə	compound	strömung|s|abrisse	0.0	0.21428571428571427	0.3125	ʃtʁømʊŋsapʁɪsə	ʃtɾømʊŋzabrɪszə	0.0	0.3333333333333333
Strömungsabrissen	ʃtʁøːmʊŋsapʁɪsn	ʃtʁømʊŋsapʁɪsn	ʃtɾømʊŋsabɾɪsən	ʃtʁɔʏmʊŋzabʁɪszən	compound	strömung|s|abrissen	0.0	0.26666666666666666	0.35294117647058826	ʃtʁømʊŋsapʁɪsn̩	ʃtɾømʊŋzabrɪszən	0.06666666666666667	0.375
Strömungsabrisses	ʃtʁøːmʊŋsapʁɪsəs	ʃtʁømʊŋsapʁɪsəs	ʃtɾømʊŋsabɾɪsəs	ʃtʁɔʏmʊŋzabʁɪszəs	compound	strömung|s|abrisses	0.0	0.2	0.29411764705882354	ʃtʁømʊŋsapʁɪsəs	ʃtɾømʊŋzabrɪszəs	0.0	0.3125
Strömungswiderstand	ʃtʁøːmʊŋsviːdɐʃtant	ʃtʁømʊŋsvidɐʃtant	ʃtɾømʊŋsvidɜstant	ʃtʁɔʏmʊŋsvidɛʁstant	compound	strömung|s|widerstand	0.0	0.17647058823529413	0.2631578947368421	ʃtʁømʊŋsvidɐʃtant	ʃtɾømʊŋsvidɛɾstant	0.0	0.2222222222222222
Stufenprüfung	ʃtuːfnpʁyːfʊŋ	ʃtufnpʁyfʊŋ	ʃtufənpɾyfʊŋ	ʃtufɛnpʁyfʊŋ	compound	stufen|prüfung	0.0	0.16666666666666666	0.08333333333333333	ʃtufn̩pʁyfʊŋ	ʃtufɛnpɾyfʊŋ	0.08333333333333333	0.16666666666666666
Sturmwetter	ʃtʊʁmvɛtɐ	ʃtʊʁmvɛtɐ	ʃt??mvɛtɜ	ʃtʊʁmvɛtɐ	compound	sturm|wetter	0.0	0.3333333333333333	0.0	ʃtʊʁmvɛtɐ	ʃtʊɾmvkɛtɐ̯	0.0	0.2727272727272727
Ständehaus	ʃtɛndəhaʊs	ʃtɛndəhaʊs	ʃtɛndeaʊs	ʃtɛndeaos	compound	stände|haus	0.0	0.2222222222222222	0.3333333333333333	ʃtɛndəhaʊ̯s	ʃtɛndeaos	0.09090909090909091	0.3333333333333333
Stöhner	ʃtøːnɐ	ʃtønəʁ	ʃtønɜ	ʃtɔʏnɐ	compound	stöhne|r	0.3333333333333333	0.2	0.3333333333333333	ʃtønɐ	ʃtønɐ̯	0.0	0.16666666666666666
Stößer	ʃtøːsɐ	ʃtøsəʁ	ʃtøsɜ	ʃtœszɐ	compound	stöße|r	0.3333333333333333	0.2	0.3333333333333333	ʃtøsɐ	ʃtøzɐ̯	0.0	0.3333333333333333
Subqualität	zʊpkvalitɛːt	zʊpkvalitɛt	zʊpkvɑlitɛt	zʊbkvualitɛt	compound	sub|qualität	0.0	0.09090909090909091	0.16666666666666666	zʊpkvalitɛt	zʊpkvuɑlitɛt	0.0	0.16666666666666666
Subunternehmer	zʊpʔʊntɐneːmɐ	zʊpʊntɐnemɐ	zubʊntɜnemɜ	zubʊntɛʁnemɐ	compound	sub|unternehmer	0.0	0.36363636363636365	0.3333333333333333	zʊpʊntɐnemɐ	zubʊntɛɾnemɐ̯	0.0	0.38461538461538464
Suchalgorithmen	zuːxʔalɡoʁɪtmən	zuxalɡoʁɪtmən	zuxalɡorɪtmən	zʊxalgoʁɪtmən	compound	such|algorithmen	0.0	0.07692307692307693	0.15384615384615385	zuxalɡoʁɪtmən	zʊxalgoɾɪtmən	0.0	0.23076923076923078
Suchanfrage	zuːxʔanfʁaːɡə	zuxanfʁaɡə	zuxanfrɑɡə	zʊxanfʁagə	compound	such|anfrage	0.0	0.2	0.2	zuxanfʁaɡə	zʊxanfɾɑgə	0.0	0.4
Suffkopp	zʊfkɔp	zʊfkɔp	zʊfkɔp	zʊffkɔpp	compound	suff|kopp	0.0	0.0	0.25	zʊfkɔp	zʊffkɔpp	0.0	0.25
Sumpfmeise	zʊmpfmaɪzə	sʊmpfmaɪzə	zʊmpfmaɪzə	zʊmpfmaezə	compound	sumpf|meise	0.1	0.0	0.1	zʊmp͡fmaɪ̯zə	zʊmpfmaezə	0.16666666666666666	0.1
Sunnitentum	zʊniːtntuːm	zʊnitntum	zʊnitəntum	zʊnnitɛntum	compound	sunniten|tu|m	0.0	0.1	0.18181818181818182	zʊnitn̩tum	zʊnnitəntum	0.1	0.18181818181818182
Superego	suːpɐeːɡo	zupɐeɡo	zupereɡo	zupeʁego	compound	super|ego	0.14285714285714285	0.375	0.5	zupɐeɡo	zupeɾego	0.14285714285714285	0.5
Suppengewürz	zʊpnɡəvʏrts	zʊpmɡəvʏʁts	zʊpənɡevyɾts	zʊppɛŋevʏʁts	compound	suppen|gewürz	0.18181818181818182	0.3333333333333333	0.4166666666666667	zʊpn̩ɡəvʏʁt͡s	zʊppɛŋevʏɾts	0.23076923076923078	0.4166666666666667
Suppengewürzen	zʊpnɡəvʏrtsn	zʊpmɡəvʏʁtsn	zʊpənɡevyɾtsən	zʊppɛŋevʏʁtsən	compound	suppen|gewürzen	0.16666666666666666	0.35714285714285715	0.42857142857142855	zʊpn̩ɡəvʏʁt͡sn̩	zʊppɛŋevʏɾtsən	0.26666666666666666	0.42857142857142855
Suppengewürzes	zʊpnɡəvʏrtsəs	zʊpmɡəvʏʁtsəs	zʊpənɡevyɾtsəs	zʊppɛŋevʏʁtsəs	compound	suppen|gewürzes	0.15384615384615385	0.2857142857142857	0.35714285714285715	zʊpn̩ɡəvʏʁt͡səs	zʊppɛŋevʏɾtsəs	0.2	0.35714285714285715
Suppenkrauts	zʊpnkʀaʊts	zʊpənkɾaʊts	zʊpənkɾaʊts	zʊppɛŋkʁaots	compound	suppenkraut|s	0.18181818181818182	0.18181818181818182	0.4166666666666667	zʊpn̩kʁaʊ̯t͡s	zʊppɛŋkɾaots	0.3076923076923077	0.4166666666666667
Säulenchromatografie	zɔɪlənkʁomatoɡʁafiː	zɔɪlənkʁomatoɡʁafi	zɔølənkɾomatɔɡɾafi	zɔɔʏlɛncʁomatɔgʁafiə	compound	säulen|chromato|grafie	0.0	0.2222222222222222	0.35	zɔɪ̯lənkʁomatoɡʁafi	zɔølɛntsɾomɑtɔgɾɑfijə	0.05263157894736842	0.5714285714285714
Säulenchromatographie	zɔɪlənkʁomatoɡʁafiː	zɔɪlənkʁomatoɡʁafi	zɔølənkɾomatɔɡɾafi	zɔɔʏlɛncʁomatɔgʁafiə	compound	säulen|chromatographie	0.0	0.2222222222222222	0.35	zɔɪ̯lənkʁomatoɡʁafi	zɔølɛntsɾomɑtɔgɾafijə	0.05263157894736842	0.5238095238095238
Säulenkopf	zɔʏlənkɔpf	zɔɪlənkɔpf	zɔølənkɔpf	zɔɔʏlɛŋkɔpf	compound	säulen|kopf	0.1	0.1	0.2727272727272727	zɔɪ̯lənkɔp͡f	zɔølɛŋkɔpf	0.25	0.3
Säulenkopfes	zɔʏlənkɔpfəs	zɔɪlənkɔpfəs	zɔølənkɔpfəs	zɔɔʏlɛŋkɔpfəs	compound	säulen|kopfes	0.08333333333333333	0.08333333333333333	0.23076923076923078	zɔɪ̯lənkɔp͡fəs	zɔølɛŋkɔpfəs	0.21428571428571427	0.25
Säulenkopfs	zɔʏlənkɔpfs	zɔɪlənkɔpfs	zɔølənkɔpfs	zɔɔʏlɛŋkɔpfs	compound	säulen|kopfs	0.09090909090909091	0.09090909090909091	0.25	zɔɪ̯lənkɔp͡fs	zɔølɛŋkɔpfs	0.23076923076923078	0.2727272727272727
Südlibanon	zyːtliːbanɔn	zytlibanɔn	zydlibɑnon	zytlibanon	compound	süd|libanon	0.0	0.3	0.1	zytlibanɔn	zʏdlibanon	0.0	0.3
Südlibanons	zyːtliːbanɔns	zytlibanɔns	zydlibɑnons	zytlibanɔns	compound	süd|libanons	0.0	0.2727272727272727	0.0	zytlibanɔns	zʏdlibɑnɔns	0.0	0.2727272727272727
Südmauer	zyːtmaʊɐ	zytmaʊɐ	zydmaʊɜ	zʏtmaoɐ	compound	süd|mauer	0.0	0.2857142857142857	0.2857142857142857	zytmaʊ̯ɐ	zʏtmaoɐ̯	0.125	0.375
Süßdolde	zyːsdɔldə	zysdɔldə	zysdɔldə	zʏssdɔldə	compound	süß|dolde	0.0	0.0	0.2222222222222222	zysdɔldə	zyzdɔldə	0.0	0.125
Süßkram	zyːskʁaːm	zyskʁam	zyskɾɑm	zʏsskʁam	compound	süß|kram	0.0	0.2857142857142857	0.25	zyskʁam	zyskɾɑm	0.0	0.2857142857142857
Tach	tax	tax	tax	tax	compound	t|ach	0.0	0.0	0.0	tax	tax	0.0	0.0
Tacheles	taxələs	taxələs	taxələs	taxeləs	compound	t|achele|s	0.0	0.0	0.14285714285714285	taxələs	taxeləs	0.0	0.14285714285714285
Tachinierer	taxiniːʁɐ	taxiniʁəʁ	taxinirɜ	taxiniɐɐ	compound	tachiniere|r	0.2222222222222222	0.25	0.125	taxiniʁɐ	taxɪniɐ̯ɐ̯	0.0	0.4
Tafelaufsatz	taːflaʊfzats	taflaʊfzats	tɑfəlaʊfzats	tafelaofzats	compound	tafel|aufsatz	0.0	0.16666666666666666	0.16666666666666666	tafl̩aʊ̯fzat͡s	tɑfelaofzats	0.21428571428571427	0.25
Tafelsalz	taːflzalts	taflzalts	tɑfəlzalts	tafɛlzalts	compound	tafel|salz	0.0	0.2	0.1	tafl̩zalt͡s	tɑfɛlzalts	0.18181818181818182	0.2
Tageshandel	taːɡəshandəl	taɡəshandl	tɑɡɛshandəl	tagəsandəl	compound	tages|handel	0.1	0.18181818181818182	0.2	taɡəshandl̩	tɑgɛsandel	0.18181818181818182	0.5
Tajostadt	taːxoʃtat	taxoʃtat	tɑjɔstat	tajɔstat	compound	tajo|stadt	0.0	0.5	0.375	taxɔʃtat	tɑjɔstat	0.125	0.5
Taktikwechsel	taktɪkvɛksəl	taktɪkvɛksl	taktɪkvɛksəl	taktɪkvɛksəl	compound	taktik|wechsel	0.09090909090909091	0.0	0.0	taktɪkvɛksl̩	taktɪkvɛksel	0.16666666666666666	0.08333333333333333
Talnebel	taːlneːbl	talnebl	talnebəl	talnebəl	compound	tal|nebel	0.0	0.125	0.125	talnebl̩	talnebel	0.125	0.125
Tankuhr	taŋkʔuːɐ	taŋkuɐ	tankuɾ	taŋkuʁ	compound	tank|uhr	0.0	0.3333333333333333	0.16666666666666666	taŋkuɐ̯	taŋkuɾ	0.14285714285714285	0.16666666666666666
Tanzball	tantsbal	tantsbal	tantsbal	tantsball	compound	tanz|ball	0.0	0.0	0.1111111111111111	tant͡sbal	tantsball	0.1111111111111111	0.1111111111111111
Tanztheater	tantsteaːtɐ	tantsteatɐ	tantsteɑtɜ	tantstəatɐ	compound	tanz|theater	0.0	0.2	0.1	tant͡steatɐ	tantsteatɐ̯	0.09090909090909091	0.09090909090909091
Tanzverbot	tantsfərboːt	tantsfɛɐbot	tantsfɜbot	tantsvɛʁbot	compound	tanz|verbot	0.18181818181818182	0.2	0.2727272727272727	tant͡sfɛɐ̯bot	tantsvɛɾbot	0.3076923076923077	0.2727272727272727
Taragewicht	taːʁaɡəvɪct	taʁaɡəvɪct	tɑraɡevɪct	taʁagevɪct	compound	tara|gewicht	0.0	0.3	0.2	taʁaɡəvɪçt	tɑɾɑgevɪçt	0.1	0.6
Tarot	taʁoː	taʁot	tɑrot	taʁot	compound	taro|t	0.2	0.6	0.2	taʁot	tɑɾot	0.2	0.6
Taschenapotheke	taʃnapoteːkə	taʃnapotekə	taʃənapotekə	taʃenapɔtekə	compound	taschen|apotheke	0.0	0.08333333333333333	0.16666666666666666	taʃənapotekə	taʃenɑpɔtekə	0.08333333333333333	0.25
Taschenkompass	taʃənkɔmpas	taʃnkɔmpas	taʃɛŋkɔmpas	taʃɛŋkɔmpass	compound	taschen|kompass	0.1	0.18181818181818182	0.25	taʃn̩kɔmpas	taʃɛŋkɔmpass	0.18181818181818182	0.25
Tasteninstrumentenbauer	tastnʔɪnstʁumɛntnbaʊɐ	tastnɪnstʁumɛntnbaʊɐ	tastenɪnstɾumɛntənbaʊɜ	tastənɪnstʁumɛntɛnbaoɐ	compound	tasteninstrumenten|bauer	0.0	0.18181818181818182	0.13636363636363635	tastn̩ɪnstʁumɛntn̩baʊ̯ɐ	tastenɪnstɾumɛntɛnbaoɐ̯	0.13043478260869565	0.21739130434782608
Tasteninstrumentenhersteller	tastnʔɪnstʁumɛntnheːɐʃtɛlɐ	tastnɪnstʁumɛntnheɐʃtɛlɐ	tastenɪnstɾumɛntənhɜʃtɛlɜ	tastənɪnstʁumɛntɛnɛʁstɛllɐ	compound	tasteninstrumenten|hersteller	0.0	0.24	0.2692307692307692	tastn̩ɪnstʁumɛntn̩heɐ̯ʃtɛlɐ	tastenɪnstɾumɛntɛnɛɾstɛllɐ̯	0.1111111111111111	0.3333333333333333
Tasteninstrumentenherstellers	tastnʔɪnstʁumɛntnheːɐʃtɛlɐs	tastnɪnstʁumɛntnheɐʃtɛlɐs	tastenɪnstɾumɛntənhɜʃtɛlɜs	tastənɪnstʁumɛntɛnɛʁstɛllɛʁs	compound	tasteninstrumenten|herstellers	0.0	0.23076923076923078	0.32142857142857145	tastn̩ɪnstʁumɛntn̩heɐ̯ʃtɛlɐs	tastenɪnstɾumɛntɛnɛɾstɛllɛɾs	0.10714285714285714	0.35714285714285715
Tatbegehung	taːtbəɡeːʊŋ	tatbəɡeʊŋ	tatbeɡeʊŋ	tatbəgəhʊŋ	compound	tat|begehung	0.0	0.1111111111111111	0.3	tatbəɡeʊŋ	tatbegeʊŋ	0.0	0.2222222222222222
Tatbeteiligung	taːtbətaɪliɡʊŋ	tatbətaɪlɪɡʊŋ	tatbetaɪlɪɡʊŋ	tatbətəiligʊŋ	compound	tat|beteiligung	0.07692307692307693	0.15384615384615385	0.23076923076923078	tatbətaɪ̯lɪɡʊŋ	tatbətəilɪgʊŋ	0.14285714285714285	0.3076923076923077
Tatbeweis	taːtbəvaɪs	tatbəvaɪs	tatbevaɪs	tatbəvaes	compound	tat|beweis	0.0	0.1111111111111111	0.1111111111111111	tatbəvaɪ̯s	tatbevaes	0.1	0.2222222222222222
Tatentschluss	taːtɛntʃlʊs	tatɛntʃlʊs	tɑtɛntʃlʊs	tatɛntʃlʊss	compound	tat|entschluss	0.0	0.1	0.09090909090909091	tatɛntʃlʊs	tɑtɛntstslʊss	0.0	0.38461538461538464
Tatsachenbeschöniger	taːtzaxnbəʃøːnɪɡɛɐ	tatzaxnbəʃønɪɡəʁ	tatzaxɛnbəʃønɪɡɜ	tatzaxɛnbəʃɔʏnɪgɐ	compound	tatsachen|beschönige|r	0.125	0.1875	0.29411764705882354	tatzaxn̩bəʃønɪɡɐ	tatzaxɛnbɛʃønɪgɐ̯	0.125	0.29411764705882354
Tatsachenverdreher	taːtzaxnfɛɐdʁeːɛɐ	tatzaxnfɛɐdʁeəʁ	tatzaxɛnfɜdɾeɜ	tatzaxɛnvɛʁdʁeɐ	compound	tatsachen|verdrehe|r	0.13333333333333333	0.42857142857142855	0.26666666666666666	tatzaxn̩fɛɐ̯dʁeɐ	tatzaxɛnvɛɾdɾeɐ̯	0.1875	0.375
Tatsachenverdrehung	taːtzaxnfɛɐdʁeːʊŋ	tatzaxnfɛɐdʁeʊŋ	tatzaxɛnfɜdɾeʊŋ	tatzaxɛnvɛʁdʁeʊŋ	compound	tatsachen|verdrehung	0.0	0.26666666666666666	0.1875	tatzaxn̩fɛɐ̯dʁeʊŋ	tatzaxɛnvɛɾdɾeʊŋ	0.11764705882352941	0.25
Tatüs	tatyːs	tatys	tɑtys	tatys	compound	tat|üs	0.0	0.2	0.0	tatys	tɑtys	0.0	0.2
Taubblindheit	taʊpblɪnthaɪt	taʊpblɪnthaɪt	taʊblɪnthaɪt	taoblɪntəit	compound	taubblind|heit	0.0	0.08333333333333333	0.45454545454545453	taʊ̯pblɪnthaɪ̯t	taoblɪntəit	0.13333333333333333	0.45454545454545453
Tausendschön	taʊzntʃøːn	taʊzntʃøn	taʊzəntʃøn	taozɛntʃɔʏn	compound	tausend|schön	0.0	0.1	0.36363636363636365	taʊ̯zn̩tʃøn	taozɛntʃøn	0.18181818181818182	0.2
Tausendschönchen	taʊzntʃøːncən	taʊzntʃøncən	taʊzəntʃøncən	taozɛntʃœncən	compound	tausend|schön|chen	0.0	0.07692307692307693	0.23076923076923078	taʊ̯zn̩tʃønçən	taozɛntʃœnçən	0.21428571428571427	0.3076923076923077
Tauwurm	taʊvʊrm	taʊvʊʁm	taʊv??m	taovʊʁm	compound	tau|wurm	0.14285714285714285	0.2857142857142857	0.2857142857142857	taʊ̯vʊʁm	taovʊɾm	0.25	0.2857142857142857
Taxiteller	taksitɛlɐ	taksitɛlɐ	taksitɛlɜ	taksitɛllɐ	compound	taxi|teller	0.0	0.1111111111111111	0.1	taksɪtɛlɐ	tɑksitɛllɐ̯	0.1111111111111111	0.2727272727272727
Teddybärs	tɛdibɛːɐs	tɛdibeɐs	tɛdybɛɾs	tɛdaebɛʁs	compound	teddybär|s	0.125	0.25	0.3333333333333333	tɛdibɛɐ̯s	tɛdybɛɾs	0.1111111111111111	0.25
Teehäuschen	teːhɔʏscən	tehɔɪscən	tehɔøscən	təeɔɔʏʃən	compound	tee|häuschen	0.1111111111111111	0.1111111111111111	0.4444444444444444	tehɔɪ̯sçən	teɔøʃən	0.3	0.5714285714285714
Teehäuschens	teːhɔɪscəns	tehɔɪscəns	tehɔøscəns	təeɔɔʏʃɛns	compound	tee|häuschens	0.0	0.1	0.6	tehɔɪ̯sçəns	teɔøʃɛns	0.18181818181818182	0.625
Teelöffelchen	teːlœflcən	telœflcən	telœfəlcən	təelœffɛlcən	compound	teelöffel|chen	0.0	0.1	0.25	telœfl̩çən	telœffɛlçən	0.2	0.2727272727272727
Teichmolch	taɪcmɔlc	taɪcmɔlc	taɪcmɔlc	taecmɔlts	compound	teich|molch	0.0	0.0	0.3333333333333333	taɪ̯çmɔlç	taeçmɔlx	0.3333333333333333	0.375
Teichrose	taɪcʁoːzə	taɪcʁozə	taɪkɾozə	taecʁozə	compound	teich|rose	0.0	0.25	0.125	taɪ̯çʁozə	taeçɾozə	0.2222222222222222	0.375
Teichwasserläufer	taɪcvasɐlɔɪfɐ	taɪcvasɐlɔɪfɐ	taɪcvasɜlɔøfɜ	taecvaszɛʁlɔɔʏfɐ	compound	teich|wasserläufer	0.0	0.23076923076923078	0.375	taɪ̯çvasɐlɔɪ̯fɐ	taeçvaszɛɾlɔøfɐ̯	0.2	0.4375
Teiglöffel	taɪklœfl	taɪklœfl	taɪɡlœfəl	təɪglœffel	compound	teig|löffel	0.0	0.2222222222222222	0.4	taɪ̯klœfl̩	taeglœffel	0.2	0.4
Teigmesser	taɪkmɛsɐ	taɪkmɛsɐ	taɪɡmɛsɜ	taekmɛszɐ	compound	teig|messer	0.0	0.25	0.2222222222222222	taɪ̯kmɛsɐ	taekmɛszɐ̯	0.1111111111111111	0.3
Teilarbeitslosigkeit	taɪlaʁbaɪtsloːzɪckaɪt	taɪlaʁbaɪtslozɪkaɪt	taɪlaɾbaɪtslozɪckaɪt	taelaʁbaetslozɪkkəit	compound	teil|arbeitslosigkeit	0.05263157894736842	0.05	0.25	taɪ̯laʁbaɪ̯t͡slozɪkkaɪ̯t	taelaɾbaetslozɪkkəit	0.20833333333333334	0.3
Teilpächter	taɪlpɛctɐ	taɪlpɛctɐ	taɪlpɛctɜ	taelpɛctɐ	compound	teil|pächter	0.0	0.1111111111111111	0.1111111111111111	taɪ̯lpɛçtɐ	taelpɛçtɐ̯	0.2	0.3
Teilungsrest	taɪlʊŋsʁɛst	taɪlʊŋsʁɛst	taɪlʊŋsrəst	təilʊŋsʁɛst	compound	teilung|s|rest	0.0	0.18181818181818182	0.18181818181818182	taɪ̯lʊŋsʁɛst	taelʊŋsɾɛst	0.08333333333333333	0.18181818181818182
Tein	teːiːn	taɪn	taɪn	təɪn	compound	t|ein	0.5	0.5	0.5	taɪ̯n	təɪn	0.6	0.5
Teiste	taɪstə	taɪstə	taɪstə	təɪstə	compound	t|eiste	0.0	0.0	0.16666666666666666	taɪ̯stə	təɪstə	0.14285714285714285	0.16666666666666666
Tejostadt	tɛʃoʃtat	tejoʃtat	tejɔstat	təjɔstat	compound	t|e|j|o|stadt	0.25	0.5	0.5	tejɔstat	tejɔstat	0.5	0.5
Telefonverkäufer	teːlefoːnfɛɐkɔyfɐ	telefonfɛɐkɔɪfɐ	telefɔnfɜkɔøfɜ	telefɔnvɛʁkɔɔʏfɐ	compound	telefon|verkäufer	0.06666666666666667	0.35714285714285715	0.3125	telefonfɛɐ̯kɔɪ̯fɐ	telefɔnvɛɾkɔøfɐ̯	0.17647058823529413	0.3125
Telespiel	teːləʃpiːl	teləspil	teleʃpil	telɛspil	compound	teles|piel	0.125	0.125	0.25	teləʃpil	telɛspil	0.0	0.25
Temminckstrandläufer	tɛmɪŋkʃtrantlɔɪfɐ	tɛmminkʃtʁantlɔɪfɐ	tɛmɪnkstɾandlɔøfɜ	tɛmmɪnkstʁandlɔɔʏfɐ	compound	t|em|min|c|k|strand|läufer	0.2222222222222222	0.35294117647058826	0.3684210526315789	tɛmɪnkʃtʁantlɔɪ̯fɐ	tɛmmɪnkstɾandlɔøfɐ̯	0.16666666666666666	0.3684210526315789
Tempeh	tɛmpeː	tɛmpe	tɛmpe	tɛmpe	compound	t|em|p|eh	0.0	0.0	0.0	tɛmpə	tɛmpe	0.2	0.0
Tempelhof	tɛmplhoːf	tɛmplhof	tɛmpəlhof	tɛmpɛlof	compound	tempel|hof	0.0	0.1111111111111111	0.25	tɛmpl̩hof	tɛmpɛlof	0.1111111111111111	0.25
Temperamentsausbruch	tɛmpəʁamɛntsaʊsbʁʊx	tɛmpəʁamɛntsaʊsbʁʊx	tɛmperɑməntzaʊsbɾʊx	tɛmpeʁamɛntzaosbʁʊx	compound	temperaments|ausbruch	0.0	0.3157894736842105	0.15789473684210525	tɛmpəʁamɛnt͡saʊ̯sbʁʊx	tɛmpeɾɑmɛntzaozbrʊx	0.09523809523809523	0.3684210526315789
Temperaturregler	tɛmpəʁatuːɐʁeːɡlɐ	tɛmpəʁatuɐʁeɡlɐ	tɛmperɑtʊrɛɡlɜ	tɛmpeʁatʊʁʁɛglɐ	compound	temperatur|regler	0.0	0.5714285714285714	0.3333333333333333	tɛmpəʁatuɐ̯ʁeɡlɐ	tɛmpeɾɑtʊɾɾɛglɐ̯	0.0625	0.5625
Temperaturreglern	tɛmpəʁatuːɐʁeːɡlɐn	tɛmpəʁatuɐʁeɡlɐn	tɛmperɑtʊrɛɡlɜn	tɛmpeʁatʊʁʁɛglɛʁn	compound	temperatur|reglern	0.0	0.5333333333333333	0.4117647058823529	tɛmpəʁatuɐ̯ʁeɡlɐn	tɛmpeɾɑtʊɾɾɛglɛɾn	0.058823529411764705	0.5882352941176471
Temperaturstabilität	tɛmpəʁatuːɐʃtabilitɛːt	tɛmpəʁatuɐʃtabilitɛt	tɛmperɑt??stabilitɛt	tɛmpeʁatʊʁstabilitɛt	compound	temperatur|stabilität	0.0	0.3	0.2	tɛmpəʁatuɐ̯ʃtabilitɛt	tɛmpeɾɑtʊɾstɑbilitɛt	0.047619047619047616	0.35
Tenorschlüssel	tenoːrʃlʏsəl	tenoɐʃlʏsl	tenɔɾʃlysəl	tənɔʁstslʏszel	compound	tenor|schlüssel	0.2	0.2727272727272727	0.5714285714285714	tenoɐ̯ʃlʏsl̩	tenɔɾstslʏszel	0.3333333333333333	0.5
Teppichflieger	tɛpɪcfliːɡɐ	tɛpɪcfliɡɐ	tɛpɪcfliɡɜ	tɛppɪcfligɐ	compound	teppich|flieger	0.0	0.1	0.18181818181818182	tɛpɪçfliɡɐ	tɛppɪçfligɐ̯	0.1	0.3333333333333333
Terenz	tɛrəns	tɛɾɛnts	terɛnts	təʁɛnts	compound	ter|enz	0.42857142857142855	0.42857142857142855	0.5714285714285714	teʁɛnt͡s	tɐ̯ents	0.625	0.5714285714285714
Tetraterpen	tetʁatɛʁpeːn	tetʁatɛʁpen	tɛtɾatɜpən	tətʁatɛʁpən	compound	tetra|terpen	0.0	0.5	0.18181818181818182	tetʁatɛʁpn̩	tɛtɾɑtɛɾpən	0.18181818181818182	0.45454545454545453
Tetraterpene	tetʁatɛʁpeːnə	tetʁatɛʁpenə	tɛtɾatɜpənə	tətʁatɛʁpənə	compound	tetra|terpene	0.0	0.45454545454545453	0.16666666666666666	tetʁatɛʁpn̩e	tɛtɾɑtɛɾpənə	0.25	0.4166666666666667
Tetraterpens	tetʁatɛʁpeːns	tetʁatɛʁpens	tɛtɾatɜpəns	tətʁatɛʁpɛns	compound	tetra|terpens	0.0	0.45454545454545453	0.16666666666666666	tetʁatɛʁpn̩s	tɛtɾɑtɛɾpɛns	0.16666666666666666	0.4166666666666667
Texasdeutsch	tɛksasdɔʏtʃ	tɛksasdɔɪtʃ	tɛksasdɔøtʃ	teksasdɔɔʏtʃ	compound	texas|deutsch	0.09090909090909091	0.09090909090909091	0.16666666666666666	tɛksasdɔɪ̯t͡ʃ	teksasdɔøʧ	0.23076923076923078	0.4
Texasdeutschs	tɛksasdɔɪtʃs	tɛksasdɔɪtʃs	tɛksasdɔøtʃs	teksasdɔɔʏtʃs	compound	texas|deutschs	0.0	0.08333333333333333	0.23076923076923078	tɛksasdɔɪ̯nt͡s	teksasdɔøʧs	0.21428571428571427	0.36363636363636365
Theaterschauspieler	teaːtɐʃaʊʃpiːlɐ	teatɐʃaʊʃpilɐ	teatɜʃaʊʃpilɜ	tɛatɛʁʃaospilɐ	compound	theater|schauspieler	0.0	0.15384615384615385	0.35714285714285715	teatɐʃaʊ̯ʃpilɐ	teɑtɛɾʃaospilɐ̯	0.07142857142857142	0.4
Themenauswahl	teːmənaʊsvaːl	temənaʊsval	temənaʊsvɑl	təmenaosval	compound	themen|auswahl	0.0	0.09090909090909091	0.2727272727272727	temənaʊ̯sval	temenaosvɑl	0.08333333333333333	0.2727272727272727
Themenauswahlen	teːmənaʊsvaːlən	temənaʊsvalən	temənaʊsvɑlən	təmenaosvalən	compound	themen|auswahlen	0.0	0.07692307692307693	0.23076923076923078	temənaʊ̯svalən	temenaosvɑlən	0.07142857142857142	0.23076923076923078
Themenübersicht	teːmənyːbɐzɪct	temənybɐzɪct	temənybɜzɪct	təmenybɛʁzɪct	compound	themen|übersicht	0.0	0.08333333333333333	0.3076923076923077	temənybɐzɪçt	temenybɛɾzɪçt	0.08333333333333333	0.3076923076923077
Thermoelektrizität	tɛʁmoelɛktʁitsitɛːt	tɛʁmoelɛktʁitsitɛt	tɛɾmoɛlɛktɾitsitɛt	tɛʁmɔelɛktʁitsitɛt	compound	thermo|elektrizität	0.0	0.16666666666666666	0.05555555555555555	tɛʁmoelɛktʁit͡sitɛt	tɛɾmoelɛktɾitsitɛt	0.05263157894736842	0.1111111111111111
Thermosphäre	tɛʁmosfɛːʁə	tɛʁmosfɛʁə	tɛɾmosfɛrə	tɛʁmɔspɛʁə	compound	thermo|sphäre	0.0	0.2	0.2	tɛʁmosfɛʁə	tɛɾmɔspɛɾə	0.0	0.4
Thorshühnchen	toːɐshyːncən	toɐshyncən	tɔɾshyncən	tɔʁsyncən	compound	thors|hühnchen	0.0	0.2	0.3333333333333333	toɐ̯shynçən	tɔɾsynçən	0.18181818181818182	0.4444444444444444
Tiedemann	tiːdəman	tiedəman	tideman	tidemann	compound	t|i|ede|mann	0.125	0.14285714285714285	0.25	tidəman	tidemann	0.0	0.25
Tiefschnee	tiːfʃneː	tifʃne	tifʃne	tifstsnəə	compound	tief|schnee	0.0	0.0	0.5555555555555556	tifʃne	tifstsnəə	0.0	0.5555555555555556
Tiefschutz	thiːfʃʊts	tifʃʊts	tifʃʊts	tifʃʊts	compound	tief|schutz	0.14285714285714285	0.14285714285714285	0.14285714285714285	tifʃʊt͡s	tifʃʊts	0.25	0.14285714285714285
Tiefschutze	tiːfʃʊtsə	tifʃʊtsə	tifʃʊtsə	tifʃʊtsə	compound	tief|schutze	0.0	0.0	0.0	tifʃʊt͡sə	tifʃʊtsə	0.1111111111111111	0.0
Tiefschutzes	thiːfʃʊtsəs	tifʃʊtsəs	tifʃʊtsəs	tifʃʊtsəs	compound	tief|schutzes	0.1111111111111111	0.1111111111111111	0.1111111111111111	tifʃʊt͡səs	tifʃʊtsəs	0.2	0.1111111111111111
Tiefschwa	tiːfʃvaː	tifʃva	tifʃvɑ	tifstsva	compound	tief|schwa	0.0	0.16666666666666666	0.375	tifʃva	tifstsvɑ	0.0	0.5
Tierschau	tiːɐʃaʊ	tiɐʃaʊ	tiɾʃaʊ	tiʁʃao	compound	tier|schau	0.0	0.16666666666666666	0.3333333333333333	tiɐ̯ʃaʊ̯	tiɾʃao	0.25	0.3333333333333333
Tierwärter	tiːɐvɛʁtɐ	tiɐvɛʁtɐ	tiɾvɛɾtɜ	tiʁvɛʁtɐ	compound	tier|wärter	0.0	0.375	0.125	tiɐ̯vɛʁtɐ	tiɾvɛɾtɐ̯	0.1111111111111111	0.3333333333333333
Tierwärters	tiːɐvɛʁtɐs	tiɐvɛʁtɐs	tiɾvɛɾtɜs	tiʁvɛʁtɛʁs	compound	tier|wärters	0.0	0.3333333333333333	0.3	tiɐ̯vɛʁtɐs	tiɾvɛɾtɛɾs	0.1	0.4
Tintenfischringe	tɪntnfɪʃʁɪŋə	tɪntnfɪʃʁɪŋə	tɪntənfɪʃrɪŋə	tɪntɛnfɪʃʁɪŋə	compound	tintenfisch|ringe	0.0	0.15384615384615385	0.07692307692307693	tɪntn̩fɪʃʁɪŋə	tɪntɛnfɪʃɾɪŋə	0.07692307692307693	0.15384615384615385
Tintenfüller	tɪntnfʏlɐ	tɪntnfʏlɐ	tɪntənfylɜ	tɪntɛnfʏllɐ	compound	tinten|füller	0.0	0.3	0.18181818181818182	tɪntn̩fʏlɐ	tɪntɛnfʏllɐ̯	0.1	0.25
Tintenklecks	tɪntnklɛks	tɪntnklɛks	tɪntənklɛks	tɪntɛŋklɛks	compound	tinten|klecks	0.0	0.09090909090909091	0.18181818181818182	tɪntn̩klɛks	tɪntɛŋklɛks	0.09090909090909091	0.18181818181818182
Tintenkleckses	tɪntənklɛksəs	tɪntənklɛkzəs	tɪntənklɛkzəs	tɪntɛŋklɛkzəs	compound	tintenkleckse|s	0.07692307692307693	0.07692307692307693	0.23076923076923078	tɪntn̩klɛksəs	tɪntɛŋklɛkzəs	0.15384615384615385	0.23076923076923078
Tischuhr	tɪʃuːr	tɪʃuɐ	tɪʃuɾ	tɪʃuʁ	compound	tisch|uhr	0.2	0.2	0.2	tɪʃuɐ̯	tɪʃuɾ	0.3333333333333333	0.2
Todesgruppe	toːdəsɡʁʊpə	todəsɡʁʊpə	todɛsɡɾʊpə	todɛsgʁʊppə	compound	todes|gruppe	0.0	0.2	0.2727272727272727	todəsɡʁʊpə	todɛzgɾʊppə	0.0	0.45454545454545453
Todeslos	toːdəsloːs	todəslos	todɛslos	todɛslos	compound	todes|los	0.0	0.125	0.125	todəslos	todəslos	0.0	0.0
Todestal	toːdəstaːl	todəstal	todɛstɑl	todɛstal	compound	todes|tal	0.0	0.25	0.125	todəstɑl	todɛstal	0.125	0.125
Toffel	tɔfl	tɔfəl	tɔfəl	tɔffəl	compound	toffe|l	0.2	0.2	0.3333333333333333	tɔfl̩	tɔffel	0.2	0.3333333333333333
Tonkommentar	toːnkɔmɛntaːɐ	tonkɔmɛntaɐ	tɔnkɔməntɑɾ	tɔŋkɔmmɛntaʁ	compound	ton|kommentar	0.0	0.36363636363636365	0.3333333333333333	tonkɔmmɛntaʁ	tɔŋkommɛntaɽ	0.16666666666666666	0.4166666666666667
Tonvase	toːnvaːzə	tonvazə	tɔnvɑzə	tɔnvazə	compound	ton|vase	0.0	0.2857142857142857	0.14285714285714285	tonvazə	tɔnvɑzə	0.0	0.2857142857142857
Topfverschluss	tɔpffɛɐʃlʊs	tɔpffɛɐʃlʊs	tɔpffɜʃlʊs	tɔpfvɛʁstslʊss	compound	topf|verschluss	0.0	0.2	0.42857142857142855	tɔp͡ffɛɐ̯ʃlʊs	tɔpfvɛɾstslʊss	0.15384615384615385	0.42857142857142855
Topfverschlusses	tɔpffɛɐʃlʊsəs	tɔpffɛɐʃlʊsəs	tɔpffɜʃlʊsəs	tɔpfvɛʁstslʊszəs	compound	topf|verschlusses	0.0	0.16666666666666666	0.375	tɔp͡ffɛɐ̯ʃlʊsəs	tɔpfvɛɾstslʊszəs	0.13333333333333333	0.375
Topfverschlüsse	tɔpffɛɐʃlʏsə	tɔpffɛɐʃlʏsə	tɔpffɜʃlysə	tɔpfvɛʁstslʏszə	compound	topf|verschlüsse	0.0	0.2727272727272727	0.4	tɔp͡ffɛɐ̯ʃlʏsə	tɔpfvɛɾstslʏszə	0.14285714285714285	0.4
Torauslinie	toːɐʔaʊsliːnjə	toɐaʊsliniə	toraʊslinɪə	toʁaoslɪnijə	compound	toraus|linie	0.09090909090909091	0.18181818181818182	0.3333333333333333	toɐ̯aʊ̯slini̯ə	toɾaoslɪnijə	0.2857142857142857	0.3333333333333333
Torbandschraube	toːɐbantʃʁaʊbə	toɐbantʃʁaʊbə	tɔɾbantʃraʊbə	tɔʁbantstsʁaobə	compound	tor|band|schraube	0.0	0.23076923076923078	0.4	toɐ̯bantʃʁaʊ̯bə	tɔɾbantstsɾaobə	0.13333333333333333	0.4666666666666667
Torbandschrauben	toːɐbantʃʁaʊbən	toɐbantʃʁaʊbm	tɔɾbantʃraʊbən	tɔʁbantstsʁaobən	compound	tor|band|schrauben	0.15384615384615385	0.21428571428571427	0.375	toɐ̯bantʃʁaʊ̯bn̩	tɔɾbantstsɾaobən	0.25	0.4375
Totkochen	toːtkɔxn	totkɔxn	tɔtkɔxən	tɔtkɔxən	compound	tot|kochen	0.0	0.25	0.25	totkɔxn̩	tɔtkɔxən	0.125	0.25
Toyota	tojoːta	toʏota	tojotɑ	toʏota	compound	to|y|ot|a	0.16666666666666666	0.16666666666666666	0.16666666666666666	toʏota	tojotɑ	0.16666666666666666	0.16666666666666666
Trachtenkleide	tʁaxtnklaɪdə	tʁaxtnklaɪdə	tɾaxtənklaɪdə	tʁaxtɛŋklaedə	compound	trachten|kleide	0.0	0.15384615384615385	0.23076923076923078	tʁaxtn̩klaɪ̯də	tɾaxtɛŋklaedə	0.14285714285714285	0.3076923076923077
Trachtenkleider	tʁaxtnklaɪdɐ	tʁaxtnklaɪdɐ	tɾaxtənklaɪdɜ	tʁaxtɛŋklaedɐ	compound	trachten|kleider	0.0	0.23076923076923078	0.23076923076923078	tʁaxtn̩klaɪ̯dɐ	tɾaxtɛŋklaedɐ̯	0.14285714285714285	0.35714285714285715
Trachtenkleidern	tʁaxtnklaɪdɐn	tʁaxtnklaɪdɐn	tɾaxtənklaɪdɜn	tʁaxtɛŋklaedɛʁn	compound	trachten|kleidern	0.0	0.21428571428571427	0.3333333333333333	tʁaxtn̩klaɪ̯dɐn	tɾaxtɛŋklaedɛɾn	0.13333333333333333	0.4
Trachtenkleides	tʁaxtnklaɪdəs	tʁaxtnklaɪdəs	tɾaxtənklaɪdəs	tʁaxtɛŋklaedəs	compound	trachten|kleides	0.0	0.14285714285714285	0.21428571428571427	tʁaxtn̩klaɪ̯dəs	tɾaxtɛŋklaedəs	0.13333333333333333	0.2857142857142857
Trachtenkleids	tʁaxtnklaɪts	tʁaxtnklaɪts	tɾaxtənklaɪts	tʁaxtɛŋklaets	compound	trachten|kleids	0.0	0.15384615384615385	0.23076923076923078	tʁaxtn̩klaɪ̯t͡s	tɾaxtɛŋklaets	0.2	0.3076923076923077
Tragzeit	tʁaːktsaɪt	tʁaktsaɪt	tɾaktsaɪt	tʁaktsəit	compound	trag|zeit	0.0	0.1111111111111111	0.2222222222222222	tʁakt͡saɪ̯t	tɾaktsəit	0.18181818181818182	0.3333333333333333
Trail	trɛɪl	tʁaɪl	tɹeɪl	tʁaɪl	compound	tra|il	0.4	0.4	0.4	tʁaɪl	tɾɑil	0.4	0.6
Transfeindlichkeit	tʁansfaɪntlɪckaɪt	tʁansfaɪntlɪckaɪt	tɾansfaɪntlɪckaɪt	tʁansfaentlɪckəit	compound	transfeindlich|keit	0.0	0.058823529411764705	0.17647058823529413	tʁansfaɪ̯ntlɪçkaɪ̯t	tɾansfaendlɪçkəit	0.15789473684210525	0.35294117647058826
Transferfenster	tʁansfeːʁfɛnstəʁ	tʁansfeɐfɛnstɐ	tɾansfɜfɛnstɜ	tʁansfɛʁfɛnstɐ	compound	transfer|fenster	0.21428571428571427	0.38461538461538464	0.21428571428571427	tʁansfeɐ̯fɛnstɐ	tɾansfɛɾfɛnstɐ̯	0.26666666666666666	0.3333333333333333
Translator	translaːtoːr	tʁanslatoɐ	tɹansleɪtə	tʁanslatoʁ	compound	trans|la|tor	0.2	0.5	0.2	tʁanslatoɐ̯	tɾanslɑtoɾ	0.2727272727272727	0.3
Translozieren	tʁanslotsiːʁən	tʁanslotsiʁən	tɾanslotsirən	tʁanslotsiʁən	compound	trans|lo|zieren	0.0	0.15384615384615385	0.0	tʁanslot͡siʁən	tɾanslotsiɾen	0.07142857142857142	0.23076923076923078
Transponierer	tʁansponiːʁɐ	tʁansponiʁəʁ	tɾansponirɜ	tʁansponiɐɐ	compound	transponiere|r	0.16666666666666666	0.2727272727272727	0.09090909090909091	tʁansponiʁɐ	tɾansponiɐ̯ɐ̯	0.0	0.3076923076923077
Transportierer	tʁanspɔʁtiːʁɐ	tʁanspɔʁtiʁəʁ	tɾanspɔɾtirɜ	tʁanspɔʁtiɐɐ	compound	transportiere|r	0.15384615384615385	0.3333333333333333	0.08333333333333333	tʁanspɔʁtiʁɐ	tɾanspɔɾtiɐ̯ɐ̯	0.0	0.35714285714285715
Treblinka	tʁeblɪŋka	tʁeblɪŋka	tɾɛblɪnkɑ	tʁɛblɪŋka	compound	t|re|blink|a	0.0	0.4444444444444444	0.1111111111111111	tʁeblɪŋka	tɾɛblɪŋkɑ	0.0	0.3333333333333333
Treppenabgang	tʁɛpnapɡaŋ	tʁɛpmapɡaŋ	tɾɛpənabɡaŋ	tʁɛppenapgaŋ	compound	treppen|abgang	0.1	0.2727272727272727	0.25	tʁɛpm̩apɡaŋ	tɾɛppenapgaŋ	0.18181818181818182	0.3333333333333333
Trickbetrüger	tʁɪkbətʁyːɡɐ	tʁɪkbətʁyɡɐ	tɾɪkbɛtɾyɡɜ	tʁɪkbɛtʁygɐ	compound	trick|betrüger	0.0	0.36363636363636365	0.18181818181818182	tʁɪkbətʁyɡɐ	tɾɪkbɛtɾygɐ̯	0.0	0.4166666666666667
Trickbetrügerin	tʁɪkbətʁyːɡəʁɪn	tʁɪkbətʁyɡəʁɪn	tɾɪkbɛtɾyɡərɪn	tʁɪkbɛtʁygeʁɪn	compound	trick|betrügerin	0.0	0.2857142857142857	0.21428571428571427	tʁɪkbətʁyɡəʁɪn	tɾɪkbɛtɾygɐ̯ɪn	0.0	0.42857142857142855
Triglyphenfries	tʁiɡlyːfənfʁiːs	tʁiɡlyfnfʁis	tɾɪɡlyfɛnfris	tʁɪglʏfɛnfʁiəs	compound	triglyphen|fries	0.08333333333333333	0.3076923076923077	0.35714285714285715	tʁiɡlyfn̩fʁis	tɾɪglʏfɛnfɾiəs	0.15384615384615385	0.5
Triglyphenfriese	tʁiɡlyːfənfʁiːzə	tʁiɡlyfnfʁizə	tɾɪɡlyfɛnfrizə	tʁɪglʏfɛnfʁizə	compound	triglyphen|friese	0.07692307692307693	0.2857142857142857	0.2857142857142857	tʁiɡlyfn̩fʁizə	tɾɪglʏfɛnfɾiəsə	0.14285714285714285	0.5333333333333333
Triglyphenfrieses	tʁiɡlyːfənfʁiːzəs	tʁiɡlyfnfʁizəs	tɾɪɡlyfɛnfrizəs	tʁɪglʏfɛnfʁizəs	compound	triglyphen|frieses	0.07142857142857142	0.26666666666666666	0.26666666666666666	tʁiɡlyfn̩fʁizəs	tɾɪglʏfɛnfɾiəsəs	0.13333333333333333	0.5
Trinkflasche	tʁɪŋkflaʃə	tʁɪŋkflaʃə	tɾɪŋkflaʃə	tʁɪŋkflaʃə	compound	trink|flasche	0.0	0.1	0.0	tʁɪŋkflaʃə	tɾɪŋkflaʃə	0.0	0.1
Trinkgeldgefäß	tʁɪŋkɡɛltɡəfɛːs	tʁɪŋkɡeltɡəfɛs	tɾɪŋkɡəldɡefɛs	tʁɪŋkgɛltgefɛss	compound	trinkgeld|gefäß	0.07142857142857142	0.2857142857142857	0.26666666666666666	tʁɪŋkɡɛltɡəfɛs	tɾɪŋkgɛltgefɛs	0.0	0.2857142857142857
Triolett	tʁiolɛt	tʁiolətt	tɾɪolɛt	tʁɪolkɛt	compound	triole|t|t	0.25	0.2857142857142857	0.25	tʁiolɛt	tɾiolkɛt	0.0	0.25
Triple	tʁɪpəl	tʁɪplə	tɾɪplə	tʁɪplə	compound	trip|le	0.3333333333333333	0.5	0.3333333333333333	tʁɪplə	tɾɪplə	0.3333333333333333	0.5
Triterpen	tʁiːtɛʁpeːn	tʁitɛʁpen	tɾitɜpən	tʁitɛʁpən	compound	tri|terpen	0.0	0.5	0.1111111111111111	tʁitɛʁpn̩	tɾitɛɾpən	0.2222222222222222	0.3333333333333333
Triterpene	tʁiːtɛʁpeːnə	tʁitɛʁpenə	tɾitɜpənə	tʁitɛʁpənə	compound	tri|terpene	0.0	0.4444444444444444	0.1	tʁitɛʁpenə	tɾitɛɾpənə	0.0	0.3
Triterpens	tʁiːtɛʁpeːns	tʁitɛʁpens	tɾitɜpəns	tʁitɛʁpɛns	compound	tri|terpens	0.0	0.4444444444444444	0.1	tʁitɛʁpn̩s	tɾitɛɾpɛns	0.2	0.3
Trockengewicht	tʁɔkənɡəvɪct	tʁɔknɡəvɪct	tɾɔkənɡevɪct	tʁɔkɛŋevɪct	compound	trocken|gewicht	0.09090909090909091	0.16666666666666666	0.36363636363636365	tʁɔkn̩ɡəvɪçt	tɾɔkɛŋevɪçt	0.25	0.5454545454545454
Trockenpflaume	tʁɔknpflaʊmə	tʁɔknpflaʊmə	tɾɔkənpflaʊmə	tʁɔkɛnpflaomə	compound	trocken|pflaume	0.0	0.15384615384615385	0.15384615384615385	tʁɔkn̩p͡flaʊ̯mə	tɾɔkɛnpflaomə	0.2	0.23076923076923078
Trockenschrank	tʁɔkənʃʁaŋk	tʁɔknʃʁaŋk	tɾɔkənʃraŋk	tʁɔkɛnstsʁaŋk	compound	trocken|schrank	0.1	0.18181818181818182	0.3076923076923077	tʁɔkn̩ʃʁaŋk	tɾɔkɛnstsɾaŋk	0.18181818181818182	0.46153846153846156
Trockenschrankes	tʁɔkənʃʁaŋkəs	tʁɔknʃʁaŋkəs	tɾɔkənʃraŋkəs	tʁɔkɛnstsʁaŋkəs	compound	trocken|schrankes	0.08333333333333333	0.15384615384615385	0.26666666666666666	tʁɔkn̩ʃʁaŋkəs	tɾɔkɛnstsɾaŋkəs	0.15384615384615385	0.4
Trockenschranks	tʁɔkənʃʁaŋks	tʁɔknʃʁaŋks	tɾɔkənʃraŋks	tʁɔkɛnstsʁaŋks	compound	trocken|schranks	0.09090909090909091	0.16666666666666666	0.2857142857142857	tʁɔkn̩ʃʁaŋks	tɾɔkɛnstsɾaŋks	0.16666666666666666	0.42857142857142855
Trockenschränke	tʁɔkənʃʁɛŋkə	tʁɔknʃʁɛŋkə	tɾɔkənʃrɛŋkə	tʁɔkɛnstsʁɛŋkə	compound	trocken|schränke	0.09090909090909091	0.16666666666666666	0.2857142857142857	tʁɔkn̩ʃʁɛŋkə	tɾɔkɛnstsɾɛŋkə	0.16666666666666666	0.42857142857142855
Trockentuche	tʁɔkntuːxə	trɔkəntuχe	tɾɔkəntʊxə	tʁɔkɛntʊxə	compound	trockentuch|e	0.4	0.3	0.2	tʁɔkn̩tuxə	tɾɔkɛntʊxə	0.1	0.3
Trockentüchern	tʁɔkntyːcɐn	tʁɔkntycɐn	tɾɔkəntycɜn	tʁɔkɛntʏcɛʁn	compound	trocken|tüchern	0.0	0.2727272727272727	0.3333333333333333	tʁɔkn̩tyçɐn	tɾɔkɛntʏçɛɾn	0.18181818181818182	0.5
Trocknungsvorgang	tʁɔknʊŋsfoːɐɡaŋ	tʁɔknʊŋsfoɐɡaŋ	tɾɔknʊŋsfoɾɡaŋ	tʁɔknʊŋsvɔʁgaŋ	compound	trocknung|s|vorgang	0.0	0.14285714285714285	0.2857142857142857	tʁɔknʊŋsfoɐ̯ɡaŋ	tɾɔknʊŋsvɔɾgaŋ	0.06666666666666667	0.35714285714285715
Trocknungsvorganges	tʁɔknʊŋsfoːɐɡaŋəs	tʁɔknʊŋsfoɐɡaŋəs	tɾɔknʊŋsfoɾɡaŋəs	tʁɔknʊŋsvɔʁgaŋəs	compound	trocknung|s|vorganges	0.0	0.125	0.25	tʁɔknʊŋsfoɐ̯ɡaŋəs	tɾɔknʊŋsvɔɾgaŋəs	0.058823529411764705	0.3125
Trocknungsvorgangs	tʁɔknʊŋsfoːɐɡaŋs	tʁɔknʊŋsfoɐɡaŋs	tɾɔknʊŋsfoɾɡaŋs	tʁɔknʊŋsvɔʁgaŋs	compound	trocknung|s|vorgangs	0.0	0.13333333333333333	0.26666666666666666	tʁɔknʊŋsfoɐ̯ɡaŋs	tɾɔknʊŋsvɔɾgaŋs	0.0625	0.3333333333333333
Trocknungsvorgänge	tʁɔknʊŋsfoːɐɡɛŋə	tʁɔknʊŋsfoɐɡɛŋə	tɾɔknʊŋsfoɾɡɛŋə	tʁɔknʊŋsvɔʁgɛŋə	compound	trocknung|s|vorgänge	0.0	0.13333333333333333	0.26666666666666666	tʁɔknʊŋsfoɐ̯ɡɛŋə	tɾɔknʊŋsvɔɾgɛŋə	0.0625	0.3333333333333333
Trust	tʁʊst	tʁʊst	tɾʊst	tʁʊst	compound	t|rust	0.0	0.2	0.0	tʁʊst	tɾʊst	0.0	0.2
Trägerhemd	tʁɛːɡɐhɛmt	tʁɛɡɐhɛmt	tɾɛɡɜhɛmt	tʁɛgɛʁɛmt	compound	träger|hemd	0.0	0.2222222222222222	0.3333333333333333	tʁɛɡɐhɛmt	tɾɛgɛɾɛmt	0.0	0.4444444444444444
Trägerhemde	tʁɛːɡɐhɛmdə	tʁɛɡɐhɛmdə	tɾɛɡɜhɛmdə	tʁɛgɛʁɛmdə	compound	träger|hemde	0.0	0.2	0.3	tʁɛɡɐhɛmdə	tɾɛgɛɾɛmdə	0.0	0.4
Trübsinnes	tʁyːpzɪnəs	tʁypzɪnɛs	tɾybzɪnəs	tʁʏpzɪnnəs	compound	trübsinn|es	0.1111111111111111	0.2222222222222222	0.2	tʁypzɪnəs	tɾʏpzɪnnəs	0.0	0.3
Tschuri	tʃʊʁiː	tʃuɐi	tʃuri	tʃuɐi	compound	t|schur|i	0.4	0.4	0.4	t͡ʃuʁi	ʧuɾi	0.3333333333333333	1.0
Tuchwarenhändler	tuːxvaːʁənhɛndlɐ	tuxvaʁənhɛndlɐ	tʊxvarɛnhɛndlɜ	tʊxvaʁɛnɛndlɐ	compound	tuch|waren|händler	0.0	0.2857142857142857	0.23076923076923078	tuxvaʁənhɛndlɐ	tʊxvɑɾɛnɛndlɐ̯	0.0	0.42857142857142855
Tuchwarenhändlers	tuːxvaːʁənhɛndlɐs	tuxvaʁənhɛndlɐs	tʊxvarɛnhɛndlɜs	tʊxvaʁɛnɛndlɛʁs	compound	tuch|waren|händlers	0.0	0.26666666666666666	0.3333333333333333	tuxvaʁənhɛndlɐs	tʊxvɑɾɛnɛndlɛɾs	0.0	0.4666666666666667
Tulpenblüte	tʊlpmblyːtə	tʊlpnblytə	tʊlpənblytə	tʊlpɛnblytə	compound	tulpen|blüte	0.1	0.18181818181818182	0.18181818181818182	tʊlpn̩blytə	tʊlpɛnblytə	0.18181818181818182	0.18181818181818182
Tuntenballett	tʊntənbalɛt	tʊntnbalɛt	tʊntənbalɛt	tʊntɛnballkɛt	compound	tunten|ballett	0.1	0.0	0.23076923076923078	tʊntn̩balɛt	tʊntɛnballkɛt	0.18181818181818182	0.23076923076923078
Turnbeutelvergesser	tʊʁnbɔɪtlfɛɐɡɛsɐ	tʊʁnbɔɪtlfɛɐɡɛsəʁ	t??nbɔøtɛlfɛɾɡɛsɜ	tʊʁnbəutɛlvɛʁgɛszɐ	compound	turnbeutel|vergesse|r	0.11764705882352941	0.35294117647058826	0.3888888888888889	tʊʁnbɔɪ̯tl̩fɛɐ̯ɡɛsɐ	tʊɾnbɔøtɛlvɛɾgɛszɐ̯	0.15789473684210525	0.42105263157894735
Turnübung	tʊʁnyːbʊŋ	tʊʁnybʊŋ	t??nybʊŋ	tʊʁnybʊŋ	compound	turn|übung	0.0	0.25	0.0	tʊʁnybʊŋ	tʊɾnybʊŋ	0.0	0.125
Typin	tyːpɪn	typɪn	typɪn	typɪn	compound	typ|in	0.0	0.0	0.0	typin	typɪn	0.2	0.0
Typinnen	tyːpɪnən	typɪnən	typɪnən	typɪnnən	compound	typ|innen	0.0	0.0	0.125	typɪnən	typɪnnən	0.0	0.125
Tüddelkram	tydlkraːm	tʏdlkʁam	tydəlkɾɑm	tʏdɛlkʁam	compound	tüddel|kram	0.25	0.3333333333333333	0.3333333333333333	tʏdl̩kʁam	tʏdɛlkɾɑm	0.3333333333333333	0.4444444444444444
Türknopf	tyːrknɔpf	tyɐknɔpf	tyɾknɔpf	tʏʁknɔpf	compound	tür|knopf	0.125	0.125	0.25	tyɐ̯knɔp͡f	tʏɾknɔpf	0.3	0.25
Türknopfe	tyːɐknɔpfə	tyɐknɔpfə	tyɾknɔpfə	tʏʁknɔpfə	compound	tür|knopfe	0.0	0.1111111111111111	0.2222222222222222	tyɐ̯knɔp͡fə	tʏɾknɔpfə	0.18181818181818182	0.2222222222222222
Türknopfes	tyːɐknɔpfəs	tyɐknɔpfəs	tyɾknɔpfəs	tʏʁknɔpfəs	compound	tür|knopfes	0.0	0.1	0.2	tyɐ̯knɔp͡fəs	tʏɾknɔpfəs	0.16666666666666666	0.2
Türknopfs	tyːɐknɔpfs	tyɐknɔpfs	tyɾknɔpfs	tʏʁknɔpfs	compound	tür|knopfs	0.0	0.1111111111111111	0.2222222222222222	tyɐ̯knɔp͡fs	tʏɾknɔpfs	0.18181818181818182	0.2222222222222222
Türknöpfe	tyːɐknœpfn	tyɐknœpfə	tyɾknœpfə	tʏʁknœpfə	compound	tür|knöpfe	0.1111111111111111	0.2222222222222222	0.3333333333333333	tyɐ̯knœp͡fə	tʏɾknœpfə	0.2727272727272727	0.3333333333333333
Türknöpfen	tyːɐknœpfn	tyɐknœpfn	tyɾknœpfən	tʏʁknœpfən	compound	tür|knöpfen	0.0	0.2	0.3	tyɐ̯knœp͡fn̩	tʏɾknœpfən	0.25	0.3
Türmatte	tyːɐmatə	tyɐmatə	tyɾmatə	tʏʁmatə	compound	tür|matte	0.0	0.14285714285714285	0.2857142857142857	tyɐ̯matə	tʏɾmatə	0.125	0.2857142857142857
Türschnalle	tyɐʃnalə	tyɐʃnalə	tyɾʃnɑlə	tʏʁstsnallə	compound	tür|schnalle	0.0	0.25	0.5454545454545454	tyɐ̯ʃnalə	tʏɾstsnallə	0.1111111111111111	0.5454545454545454
Uhrglasnagel	uːɐɡlaːsnaːɡl	uɐɡlasnaɡl	uɾɡlasnɑɡəl	uʁglasnagəl	compound	uhrglas|nagel	0.0	0.2727272727272727	0.36363636363636365	uɐ̯ɡlasnaɡl̩	uɾglasnɑgel	0.16666666666666666	0.45454545454545453
Umbringers	ʊmbʁɪŋɐs	ʊmbʁɪŋɐs	ʊmbɾɪŋɜs	ʊmbʁɪŋɛʁs	compound	umbringer|s	0.0	0.25	0.2222222222222222	ʊmbʁɪŋɐs	ʊmbrɪŋɛɾs	0.0	0.3333333333333333
Umbucher	ʊmbuːxɐ	ʊmbuxəʁ	ʊmbuxɜ	ʊmbʊxɐ	compound	umbuche|r	0.2857142857142857	0.16666666666666666	0.16666666666666666	ʊmbuxɐ	ʊmbʊxɐ̯	0.0	0.2857142857142857
Umbuchers	ʊmbuːxɐs	ʊmbuxəʁs	ʊmbʊxɜs	ʊmbʊxɛʁs	compound	umbuche|r|s	0.25	0.2857142857142857	0.375	ʊmbuxɐs	ʊmbʊxɛɾs	0.0	0.375
Umdrehers	ʊmdʁeːɐs	ʊmdʁeɐs	ʊmdɾeɜs	ʊmdʁeɛʁs	compound	umdreher|s	0.0	0.2857142857142857	0.25	ʊmdʁeɐs	ʊmdɾeɛɾs	0.0	0.375
Umfahrers	ʊmfaːʁɐs	ʊmfaɐeɐs	ʊmfɑrɜs	ʊmfaʁɛʁs	compound	umfahr|ers	0.25	0.42857142857142855	0.25	ʊmfaʁɐs	ʊmfɑɾɛɾs	0.0	0.5
Umfallers	ʊmfalɐs	ʊmfalɐs	ʊmfalɜs	ʊmfallɛʁs	compound	umfaller|s	0.0	0.14285714285714285	0.3333333333333333	ʊmfalɐs	ʊmfallɛɾs	0.0	0.3333333333333333
Umfangswinkel	ʊmfaŋsvɪŋkəl	ʊmfaŋsvɪŋkəl	ʊmfaŋsvɪnkəl	ʊmfaŋsvɪŋkel	compound	umfangs|winkel	0.0	0.08333333333333333	0.08333333333333333	ʊmfaŋsvɪŋkl̩	ʊmfaŋsvɪŋkel	0.16666666666666666	0.08333333333333333
Umformerin	ʊmfɔʁməʁɪn	ʊmfɔɾməɾɪn	ʊmfɔɾmərɪn	ʊmfɔʁmɐɪn	compound	umformer|in	0.2	0.2	0.2222222222222222	ʊmfɔʁməʁɪn	ʊmfɔɾmɐ̯ɪn	0.0	0.3
Umformulierer	ʊmfɔʁmuliːʁɐ	ʊmfɔʁmuliʁəʁ	ʊmfɔɾmulirɜ	ʊmfɔʁmuliɐɐ	compound	umformuliere|r	0.16666666666666666	0.2727272727272727	0.09090909090909091	ʊmfɔʁmuliʁɐ	ʊmfɔɾmuliɐ̯ɐ̯	0.0	0.3076923076923077
Umformulierers	ʊmfɔʁmuliːʁɐs	ʊmfɔʁmuliʁəʁs	ʊmfɔɾmulirɜs	ʊmfɔʁmuliʁɛʁs	compound	umformuliere|r|s	0.15384615384615385	0.25	0.15384615384615385	ʊmfɔʁmuliʁɐs	ʊmfɔɾmuliɾɛɾs	0.0	0.3076923076923077
Umfrieders	ʊmfʁiːdɐs	ʊmfʁidɐs	ʊmfridɜs	ʊmfʁidɛʁs	compound	umfrieder|s	0.0	0.25	0.2222222222222222	ʊmfʁidɐs	ʊmfɾidɛɾs	0.0	0.3333333333333333
Umfärbers	ʊmfɛʁbɐs	ʊmfɛʁbɐs	ʊmfɛɾbɜs	ʊmfɛʁbɛʁs	compound	umfärber|s	0.0	0.25	0.2222222222222222	ʊmfɛʁbɐs	ʊmfɛɾbɛɾs	0.0	0.3333333333333333
Umgangssprachgebrauch	ʊmɡaŋsʃpʁaːχɡəbʁaʊχ	ʊmɡaŋsʃpʁaxɡəbʁaʊx	ʊmɡaŋspɾɑxɡɛbɾaʊx	ʊmgaŋsspʁaxgɛbʁaox	compound	umgangs|sprachgebrauch	0.1111111111111111	0.4117647058823529	0.3888888888888889	ʊmɡaŋsʃpʁaxɡəbʁaʊ̯x	ʊmgaŋsspɾaxgɛbraox	0.15789473684210525	0.5
Umgarner	ʊmɡaʁnɐ	ʊmɡaʁnəʁ	ʊmɡaɾnɜ	ʊmgaʁnɐ	compound	umgarne|r	0.25	0.2857142857142857	0.14285714285714285	ʊmɡaʁnɐ	ʊmgaɾnɐ̯	0.0	0.375
Umgarnerinnen	ʊmɡaʁnəʁɪnən	ʊmɡaʁnəʁɪnnən	ʊmɡaɾnerɪnən	ʊmgaʁneʁɪnnən	compound	umgarnerin|nen	0.07692307692307693	0.25	0.23076923076923078	ʊmɡaʁnəʁɪnən	ʊmgaɾneɾɪnnən	0.0	0.38461538461538464
Umgarners	ʊmɡaʁnɐs	ʊmɡaʁneɐs	ʊmɡaɾnɜs	ʊmgaʁnɛʁs	compound	umgarn|ers	0.1111111111111111	0.25	0.3333333333333333	ʊmɡaʁnɐs	ʊmgaɾnɛɾs	0.0	0.4444444444444444
Umgeher	ʊmɡeːɐ	ʊmɡeəʁ	ʊmɡeɜ	ʊmgəheɐ	compound	umgehe|r	0.3333333333333333	0.2	0.42857142857142855	ʊmɡeɐ	ʊmgəhɐ̯	0.0	0.5714285714285714
Umgeherin	ʊmɡeːəʁɪn	ʊmɡeəʁɪn	ʊmɡəherɪn	ʊmgəheɐɪn	compound	umgehe|rin	0.0	0.4444444444444444	0.5555555555555556	ʊmɡeəʁɪn	ʊmgəhɐ̯ɪn	0.0	0.5555555555555556
Umgeherinnen	ʊmɡeːəʁɪnən	ʊmɡeəʁɪnən	ʊmɡəherɪnən	ʊmgəheʁɪnnən	compound	umgehe|rinnen	0.0	0.36363636363636365	0.4166666666666667	ʊmɡeəʁɪnən	ʊmgəheɾɪnnən	0.0	0.5
Umgewöhnen	ʊmɡəvøːnən	ʊmɡəvønən	ʊmɡəvønən	ʊmgəvɔʏnən	compound	um|gewöhnen	0.0	0.0	0.3	ʊmɡəvønən	ʊmgəvønən	0.0	0.1111111111111111
Umgewöhner	ʊmɡəvøːnɐ	ʊmɡəvønəʁ	ʊmɡəvønɜ	ʊmgəvɔʏnɐ	compound	um|gewöhne|r	0.2222222222222222	0.125	0.3333333333333333	ʊmɡəvønɐ	ʊmgəvønɐ̯	0.0	0.2222222222222222
Umgewöhners	ʊmɡəvøːnɐs	ʊmɡəvøneɐs	ʊmɡəvønɜs	ʊmgəvɔʏnɛʁs	compound	um|gewöhn|ers	0.1	0.1111111111111111	0.45454545454545453	ʊmɡəvønɐs	ʊmgəvønɛɾs	0.0	0.3
Umgewöhnung	ʊmɡəvøːnʊŋ	ʊmɡəvønʊŋ	ʊmɡəvønʊŋ	ʊmgəvɔʏnʊŋ	compound	um|gewöhnung	0.0	0.0	0.3	ʊmɡəvønʊŋ	ʊmgəvønʊŋ	0.0	0.1111111111111111
Umhauer	ʊmhaʊɐ	ʊmhaʊəʁ	ʊmhaʊɜ	ʊmhaoɐ	compound	umhaue|r	0.2857142857142857	0.16666666666666666	0.16666666666666666	ʊmhaʊ̯ɐ	ʊmhaoɐ̯	0.14285714285714285	0.2857142857142857
Umhauers	ʊmhaʊɐs	ʊmhaʊɐs	ʊmhaʊɜs	ʊmhaoɐs	compound	um|hauers	0.0	0.14285714285714285	0.14285714285714285	ʊmhaʊ̯ɐs	ʊmhaoɛɾs	0.125	0.375
Umhergeher	ʊmheːɐɡeːɐ	ʊmheɐɡeəʁ	ʊmhɛɾɡeɜ	ʊmheɐgeɐ	compound	umhergehe|r	0.2222222222222222	0.375	0.125	ʊmheɐ̯ɡeɐ	ʊmheɐ̯gəhɐ̯	0.1111111111111111	0.45454545454545453
Umhergeherin	ʊmheːɐɡeːəʁɪn	ʊmheɐɡeəʁɪn	ʊmhɛɾɡeərɪn	ʊmheɐgeeɐɪn	compound	umhergehe|rin	0.0	0.2727272727272727	0.2727272727272727	ʊmheɐ̯ɡeəʁɪn	ʊmheɐ̯gəhɐ̯ɪn	0.08333333333333333	0.38461538461538464
Umhergeherinnen	ʊmheːɐɡeːəʁɪnən	ʊmheɐɡeəʁɪnən	ʊmhɛɾɡeerɪnən	ʊmheɐgeeʁɪnnən	compound	umhergehe|rinnen	0.0	0.3076923076923077	0.21428571428571427	ʊmheɐ̯ɡəheʁɪnən	ʊmheɐ̯gəheɾɪnnən	0.26666666666666666	0.375
Umhergehers	ʊmheːɐɡeːɐs	ʊmheɐɡeɐs	ʊmhɛɾɡeɜs	ʊmheɐgeɛʁs	compound	umher|gehers	0.0	0.3333333333333333	0.3	ʊmheɐ̯ɡeɐs	ʊmheɐ̯gəhɛɾs	0.1	0.5
Umherziehers	ʊmheːɐtsiːɐs	ʊmheɐtsiɐs	ʊmhɛɾtsiɜs	ʊmheɐtsiɛʁs	compound	umherzieher|s	0.0	0.3	0.18181818181818182	ʊmheɐ̯t͡siɐs	ʊmheɐ̯tsiɛɾs	0.16666666666666666	0.25
Umhüllerinnen	ʊmhʏləʁɪnən	ʊmhʏləʁɪnnən	ʊmhylerɪnən	ʊmhʏlleʁɪnnən	compound	umhüllerin|nen	0.08333333333333333	0.2727272727272727	0.23076923076923078	ʊmhʏləʁɪnən	ʊmhʏlleɾɪnnən	0.0	0.3076923076923077
Umhüllers	ʊmhʏlɐs	ʊmhʏlɐs	ʊmhylɜs	ʊmhʏllɛʁs	compound	umhüller|s	0.0	0.2857142857142857	0.3333333333333333	ʊmhʏlɐs	ʊmhʏllɛɾs	0.0	0.3333333333333333
Umkehrers	ʊmkeːʁɐs	ʊmkeʁɐs	ʊmkerɜs	ʊmkeʁɛʁs	compound	umkehrer|s	0.0	0.2857142857142857	0.25	ʊmkeʁɐs	ʊmkeɾɛɾs	0.0	0.375
Umkippers	ʊmkɪpɐs	ʊmkɪpɐs	ʊmkɪpɜs	ʊmkɪppɛʁs	compound	umkipper|s	0.0	0.14285714285714285	0.3333333333333333	ʊmkɪpɐs	ʊmkɪppɛɾs	0.0	0.3333333333333333
Umklammerers	ʊmklamɐʁɐs	ʊmklamɐeɐs	ʊmklamərɜs	ʊmklammeʁɛʁs	compound	umklammer|ers	0.1	0.3	0.3333333333333333	ʊmklaməʁɐs	ʊmklammeɾɛɾs	0.1	0.4166666666666667
Umklappers	ʊmklapɐs	ʊmklapɐs	ʊmklapɜs	ʊmklappɛʁs	compound	umklapper|s	0.0	0.125	0.3	ʊmklapɐs	ʊmklappɛɾs	0.0	0.3
Umkreiser	ʊmkʁaɪzɐ	ʊmkʁaɪzəʁ	ʊmkɾaɪzɜ	ʊmkʁaezɐ	compound	umkreise|r	0.2222222222222222	0.25	0.125	ʊmkʁaɪ̯zɐ	ʊmkɾaezɐ̯	0.1111111111111111	0.3333333333333333
Umkreisers	ʊmkʁaɪzɐs	ʊmkʁaɪseɐs	ʊmkɾaɪzɜs	ʊmkʁaezɛʁs	compound	umkreis|ers	0.2	0.2222222222222222	0.3	ʊmkʁaɪ̯zɐs	ʊmkɾaezɛɾs	0.1	0.4
Umkremplers	ʊmkʁɛmplɐs	ʊmkʁɛmplɐs	ʊmkɾɛmplɜs	ʊmkʁɛmplɛʁs	compound	umkrempler|s	0.0	0.2	0.18181818181818182	ʊmkʁɛmplɐs	ʊmkɾɛmplɛɾs	0.0	0.2727272727272727
Umkristallisieren	ʊmkʁɪstaliziːʁən	ʊmkʁɪstaliziʁən	ʊmkɾɪstalizirən	ʊmkʁɪstalliziʁən	compound	um|kristallisieren	0.0	0.13333333333333333	0.0625	ʊmkʁɪstaliziʁən	ʊmkɾɪstalliziɾen	0.0	0.25
Umkristallisierer	ʊmkʁɪstaliziːʁɐ	ʊmkʁɪstaliziʁəʁ	ʊmkɾɪstalizirɜ	ʊmkʁɪstalliziɐɐ	compound	um|kristallisiere|r	0.13333333333333333	0.21428571428571427	0.13333333333333333	ʊmkʁɪstaliziʁɐ	ʊmkɾɪstalliziɐ̯ɐ̯	0.0	0.29411764705882354
Umkristallisierers	ʊmkʁɪstaliziːʁɐs	ʊmkʁɪstaliziɐeɐs	ʊmkɾɪstalizirɜs	ʊmkʁɪstalliziʁɛʁs	compound	um|kristallisier|ers	0.125	0.2	0.17647058823529413	ʊmkʁɪstaliziʁɐs	ʊmkɾɪstalliziɾɛɾs	0.0	0.29411764705882354
Umpflanzer	ʊmpflantsɐ	ʊmpflantsəʁ	ʊmpflantsɜ	ʊmpflantsɐ	compound	umpflanze|r	0.18181818181818182	0.1	0.0	ʊmp͡flant͡sɐ	ʊmpflantsɐ̯	0.16666666666666666	0.09090909090909091
Umrechnungsfaktor	ʊmʁɛcnʊŋsfaktoːɐ	ʊmrɛcnʊŋsfaktoɐ	ʊmrɛcnʊŋsfaktoɾ	ʊmʁɛcnʊŋsfaktoʁ	compound	umrechnung|s|faktor	0.06666666666666667	0.13333333333333333	0.06666666666666667	ʊmrɛçnʊŋsfaktoɾ	ʊmɾɛçnʊŋsfaktoɾ	0.2	0.2
Umrüsters	ʊmʁʏstɐs	ʊmʁʏstɐs	ʊmrystɜs	ʊmʁʏstɛʁs	compound	umrüster|s	0.0	0.375	0.2222222222222222	ʊmʁʏstɐs	ʊmɾʏstɛɾs	0.0	0.3333333333333333
Umsatzsteuererstattung	ʊmzatsʃtɔʏɐɛɐʃtatʊŋ	ʊmzatsʃtɔɪɐɛɐʃtatʊŋ	ʊmzatsstɔøerɜstatʊŋ	ʊmzatɛstɔɔʏeʁɛʁstatʊŋ	compound	umsatzsteuer|erstattung	0.05263157894736842	0.3157894736842105	0.3333333333333333	ʊmzat͡sʃtɔɪ̯ɐɛɐ̯ʃtatʊŋ	ʊmzatsstɔøeɾɛɾstatʊŋ	0.18181818181818182	0.3
Umsatzsteuerrückerstattung	ʊmzatsʃtɔʏɐʁʏkɛɐʃtatʊŋ	ʊmzatsʃtɔɪɐʁʏkɛɐʃtatʊŋ	ʊmzatsstɔøɜrykɜstatʊŋ	ʊmzatɛstɔɔʏɐʁʏkɛʁstatʊŋ	compound	umsatzsteuer|rückerstattung	0.045454545454545456	0.38095238095238093	0.21739130434782608	ʊmzat͡sʃtɔɪ̯ɐʁʏkɛɐ̯ʃtatʊŋ	ʊmzatsstɔøɛɾɾʏkɛɾstatʊŋ	0.16	0.30434782608695654
Umschalttaste	ʔʊmʃalttastə	ʊmʃalttastə	ʊmʃaltastə	ʊmʃalttastə	compound	um|schalt|taste	0.0	0.1	0.0	ʊmʃalttastə	ʊmʃalttastə	0.0	0.0
Umschauer	ʊmʃaʊɐ	ʊmʃaʊəʁ	ʊmʃaʊɜ	ʊmʃaoɐ	compound	umschaue|r	0.2857142857142857	0.16666666666666666	0.16666666666666666	ʊmʃaʊ̯ɐ	ʊmʃaoɐ̯	0.14285714285714285	0.2857142857142857
Umschauers	ʊmʃaʊɐs	ʊmʃaʊeɐs	ʊmʃaʊɜs	ʊmʃaoɐs	compound	umschau|ers	0.125	0.14285714285714285	0.14285714285714285	ʊmʃaʊ̯ɐs	ʊmʃaoɛɾs	0.125	0.375
Umschichters	ʊmʃɪctɐs	ʊmʃɪctɐs	ʊmʃɪctɜs	ʊmʃɪctɛʁs	compound	umschichter|s	0.0	0.125	0.2222222222222222	ʊmʃɪçtɐs	ʊmʃɪçtɛɾs	0.125	0.3333333333333333
Umschiffers	ʊmʃɪfɐs	ʊmʃɪfɐs	ʊmʃɪfɜs	ʊmʃɪffɛʁs	compound	umschiffer|s	0.0	0.14285714285714285	0.3333333333333333	ʊmʃɪfɐs	ʊmʃɪffɛɾs	0.0	0.3333333333333333
Umverteiler	ʊmfɛɐtaɪlɐ	ʊmfɛɐtaɪləʁ	ʊmfɛɾtaɪlɜ	ʊmvɛʁtaelɐ	compound	umverteile|r	0.18181818181818182	0.2	0.3	ʊmfɛɐ̯taɪ̯lɐ	ʊmfɛɐ̯təilɐ̯	0.16666666666666666	0.3333333333333333
Unisonos	unizoːnos	unizonos	unizonos	ʊnizonos	compound	unisono|s	0.0	0.0	0.125	unizonos	ʊnizonos	0.0	0.125
Universitätsverlag	univɛʁzitɛːtsfɛɐlaːk	univɛʁzitɛtɛsfaʊɛɐlak	univɛɾzitɛtsfɛɾlɑk	ʊnivɛʁzitɛtsvɛʁlak	compound	universität|sv|erlag	0.14285714285714285	0.16666666666666666	0.16666666666666666	univɛʁzitɛt͡sfɛɐ̯lak	ʊnivɛɾzitɛtsvɛɾlɑk	0.1	0.2777777777777778
Universitätsverlage	univɛʁzitɛːtsfɛɐlaːɡə	univɛʁzitɛtsfɛɐlaɡə	univɛɾzitɛtsfɛɾlɑɡə	ʊnivɛʁzitɛtsvɛʁlagə	compound	universität|s|verlage	0.0	0.15789473684210525	0.21052631578947367	univɛʁzitɛt͡sfɛɐ̯laɡə	ʊnivɛɾzitɛtsvɛɾlɑgə	0.09523809523809523	0.3157894736842105
Universitätsverlages	univɛʁzitɛːtsfɛɐlaːɡəs	univɛʁzitɛtɛsfaʊɛɐlaɡəs	univɛɾzitɛtsfɛɾlɑɡəs	ʊnivɛʁzitɛtsvɛʁlagəs	compound	universität|sv|erlages	0.13043478260869565	0.15	0.2	univɛʁzitɛt͡sfɛɐ̯laɡəs	ʊnivɛɾzitɛtsvɛɾlɑgəs	0.09090909090909091	0.3
Universitätsverlags	univɛʁzitɛːtsfɛɐlaːks	univɛʁzitɛtɛsfaʊɛɐlaks	univɛɾzitɛtsfɛɾlɑks	ʊnivɛʁzitɛtsvɛʁlaks	compound	universität|sv|erlags	0.13636363636363635	0.15789473684210525	0.15789473684210525	univɛʁzitɛt͡sfɛɐ̯laks	ʊnivɛɾzitɛtsvɛɾlaks	0.09523809523809523	0.21052631578947367
Unkameradschaftlichkeit	ʊnkaməʁaːtʃaftlɪckaɪt	ʊnkaməʁatʃaftlɪckaɪt	ʊnkɑmeratʃaftlɪckaɪt	ʊnkameʁatstshaftlɪckəit	compound	un|kameradschaftlich|keit	0.0	0.15	0.30434782608695654	ʊnkaməʁatʃaftlɪçkaɪ̯t	ʊnkɑmeɾatʃaftlɪçkəit	0.09523809523809523	0.3
Unmaßgeblichkeit	ʊnmaːsɡeːplɪckaɪt	ʊnmasɡeplɪckaɪt	ʊnmasɡeplɪckaɪt	ʊnmassgɛblɪckəit	compound	unmaßgeblich|keit	0.0	0.0	0.375	ʊnmasɡeplɪçkaɪ̯t	ʊnmasgɛblɪçkəit	0.125	0.4
Unrechtsstaat	ʊnrɛctsʃtaːt	ʊnʁɛctsʃtat	ʊnrɛctsʃtɑt	ʊnʁɛctzstat	compound	unrechts|staat	0.09090909090909091	0.09090909090909091	0.2727272727272727	ʊnʁɛçt͡sʃtat	ʊnɾɛçtzstat	0.25	0.36363636363636365
Unrechtsstaate	ʊnʁɛctsʃtaːtə	ʊnʁɛctsʃtatə	ʊnrɛctsʃtɑtə	ʊnʁɛctzstatə	compound	unrechts|staate	0.0	0.16666666666666666	0.16666666666666666	ʊnʁɛçt͡sʃtatə	ʊnɾɛçtzstatə	0.15384615384615385	0.3333333333333333
Unrechtsstaaten	ʊnʁɛctsʃtaːtn	ʊnʁɛctsʃtatn	ʊnrɛctsʃtɑtən	ʊnʁɛctzstatən	compound	unrechts|staaten	0.0	0.23076923076923078	0.23076923076923078	ʊnʁɛçt͡sʃtatn̩	ʊnɾɛçtzstatən	0.21428571428571427	0.38461538461538464
Unrechtsstaates	ʊnʁɛctsʃtaːtəs	ʊnʁɛctsʃtatəs	ʊnrɛctsʃtɑtəs	ʊnʁɛctzstatəs	compound	unrechts|staates	0.0	0.15384615384615385	0.15384615384615385	ʊnʁɛçt͡sʃtatəs	ʊnɾɛçtzstatəs	0.14285714285714285	0.3076923076923077
Unrechtsstaats	ʊnʁɛctsʃtaːts	ʊnʁɛctsʃtats	ʊnrɛctsʃtɑts	ʊnʁɛctzstats	compound	unrechts|staats	0.0	0.16666666666666666	0.16666666666666666	ʊnʁɛçt͡sʃtat͡s	ʊnɾɛçtzstats	0.21428571428571427	0.3333333333333333
Unreinigkeit	ʊnʁaɪnɪckaɪt	ʊnʁaɪnɪckaɪt	ʊnraɪnɪckaɪt	ʊnʁaenɪkkəit	compound	unrein|igkeit	0.0	0.08333333333333333	0.3333333333333333	ʊnʁaɪ̯nɪkkaɪ̯t	ʊnɾaenɪkkəit	0.21428571428571427	0.4166666666666667
Unsauberkeit	ʊnzaʊbɐkaɪt	ʊnzaʊbɐkaɪt	ʊnzaʊbɜkaɪt	ʊnzaobɛʁkəit	compound	unsauber|keit	0.0	0.09090909090909091	0.4166666666666667	ʊnzaʊ̯bɐkaɪ̯t	ʊnzaobɛɾkəit	0.15384615384615385	0.4166666666666667
Unterabsatz	ʊntɐapzats	ʊntɐapzats	ʊntɜapzats	ʊnteʁapzats	compound	unter|absatz	0.0	0.1	0.18181818181818182	ʊntɐapzat͡s	ʊnteɾapzats	0.09090909090909091	0.18181818181818182
Unterentwicklung	ʊntɐʔɛntvɪklʊŋ	ʊntɐɛntvɪklʊŋ	ʊntɜɛntvɪklʊŋ	ʊntəʁɛntvɪklʊŋ	compound	unter|entwicklung	0.0	0.07692307692307693	0.14285714285714285	ʊntɐɛntvɪklʊŋ	ʊnteɾɛntvɪklʊŋ	0.0	0.14285714285714285
Untergewand	ʊntɐɡəvant	ʊntɐɡəvant	ʊntɜɡəvant	ʊntɛʁgevant	compound	unter|gewand	0.0	0.1	0.36363636363636365	ʊntɐɡəvant	ʊntɛɾgevant	0.0	0.36363636363636365
Unterhund	ʊntɐhʊnt	ʊntɐhʊnt	ʊntɜhʊnt	ʊntɛʁʊnt	compound	unter|hund	0.0	0.125	0.25	ʊntɐhʊnt	ʊntɛɾʊnt	0.0	0.25
Unterkleids	ʊntɐklaɪts	ʊntɜklaɪts	ʊntɜklaɪts	ʊntɛʁklaets	compound	unterkleid|s	0.1	0.1	0.2727272727272727	ʊntɐklaɪ̯t͡s	ʊntɛɾklaets	0.16666666666666666	0.2727272727272727
Untersattel	ʊntɐzatl	ʊntɐzatl	ʊntɜzatəl	ʊntɛʁzatəl	compound	unter|sattel	0.0	0.2222222222222222	0.3	ʊntɐzatl̩	ʊntɛɾzatel	0.1111111111111111	0.3
Untersattels	ʊntɐzatls	ʊntɐzatls	ʊntɜzatəls	ʊntɛʁzatɛls	compound	unter|sattels	0.0	0.2	0.2727272727272727	ʊntɐzatl̩s	ʊntɛɾzatɛls	0.1	0.2727272727272727
Untersterblichkeit	ʊntɐʃtɛʁplɪckaɪt	ʊntɐʃtɛʁplɪckaɪt	ʊntɜʃtɛɾplɪckaɪt	ʊntɛʁstɛʁblɪckəit	compound	unter|sterblichkeit	0.0	0.125	0.35294117647058826	ʊntɐʃtɛʁplɪçkaɪ̯t	ʊntɛɾstɛɾblɪçkəit	0.11764705882352941	0.47058823529411764
Untersuchungsrichter	ʊntɐzuːxʊŋsʁɪctɐ	ʊntɐzuxʊŋsʁɪctɐ	ʊntɜzuxʊŋsrɪctɜ	ʊntɛʁzʊxʊŋsʁɪctɐ	compound	untersuchung|s|richter	0.0	0.2	0.1875	ʊntɐzuxʊŋsʁɪçtɐ	ʊntɛɾzʊxʊŋsɾɪçtɐ̯	0.06666666666666667	0.35294117647058826
Untertagbau	ʊntɐtaːɡbaʊ	ʊntɐtakbaʊ	ʊntɜtaɡbaʊ	ʊntɛʁtakbao	compound	unter|tagbau	0.1	0.1	0.36363636363636365	ʊntɐtakbaʊ̯	ʊntɛɾtakbao	0.18181818181818182	0.36363636363636365
Untertänigkeit	ʊntɐtɛːnɪckaɪt	ʊntɐtɛnɪkaɪt	ʊntɜtɛnɪckaɪt	ʊntɛʁtɛnɪkkəit	compound	untertänig|keit	0.08333333333333333	0.07692307692307693	0.35714285714285715	ʊntɐtɛnɪkkaɪ̯t	ʊntɛɾtɛnɪkkəit	0.14285714285714285	0.35714285714285715
Unterwältigen	ʊntɐvɛltɪɡən	ʊntɐvɛltɪɡn	ʊntɜvɛltɪɡən	ʊntɛʁvɛltɪgən	compound	unter|wältigen	0.09090909090909091	0.08333333333333333	0.23076923076923078	ʊntɐvɛltɪɡn̩	ʊntɛɾvɛltɪgən	0.16666666666666666	0.23076923076923078
Unterzeile	ʊntɐtsaɪlə	ʊntɐtsaɪlə	ʊntɜtsaɪlə	ʊntɛʁtsəilə	compound	unter|zeile	0.0	0.1	0.36363636363636365	ʊntɐt͡saɪ̯lə	ʊntɛɾtsəilə	0.16666666666666666	0.36363636363636365
Unvernünftigkeit	ʊnfɛɐnʏnftɪckaɪt	ʊnfɛɐnʏnftɪkaɪt	ʊnfɛɾnynftɪckaɪt	ʊnfɛɐnʏnftɪkkəit	compound	unvernünftig|keit	0.06666666666666667	0.125	0.1875	ʊnfɛɐ̯nʏnftɪkkaɪ̯t	ʊnfɛɐ̯nʏnftɪkkəit	0.16666666666666666	0.23529411764705882
Unvernünftigkeiten	ʊnfɛɐnʏnftɪckaɪtn	ʊnfɛɐnʏnftɪkaɪtɛn	ʊnfɛɾnynftɪckaɪtən	ʊnfɛɐnʏnftɪkkəitən	compound	unvernünftig|keit|en	0.11764705882352941	0.16666666666666666	0.2222222222222222	ʊnfɛɐ̯nʏnftɪkkaɪ̯tn̩	ʊnfɛɐ̯nʏnftɪkkəitən	0.2	0.2631578947368421
Unverweslichkeit	ʊnfɛɐveːslɪckaɪt	ʊnfɛɾvezlɪckaɪt	ʊnfɛɾvezlɪckaɪt	ʊnfɛɐvɛslɪckəit	compound	un|verweslich|keit	0.13333333333333333	0.13333333333333333	0.2	ʊnfɛɐ̯vɛslɪçkaɪ̯t	ʊnfɛɐ̯vɛslɪçkəit	0.23529411764705882	0.3125
Unzerstörbarkeit	ʊntsɛɐʃtøːɐbaːɐkaɪt	ʊntsɛɐʃtøɐbaɐkaɪt	ʊntsɛɾʃtœɾbaɾkaɪt	ʊntsɛɐʃtœʁbaʁkəit	compound	unzerstörbar|keit	0.0	0.23529411764705882	0.29411764705882354	ʊnt͡sɛɐ̯ʃtøɐ̯baɐ̯kaɪ̯t	ʊntsɛɐ̯ʃtœɾbaɾkəit	0.22727272727272727	0.3333333333333333
Unzulässigkeit	ʊntsuːlɛsɪckaɪt	ʊntsulɛsɪkaɪt	ʊntsulɛsɪckaɪt	ʊntsulɛszɪkkəit	compound	unzulässig|keit	0.07692307692307693	0.0	0.26666666666666666	ʊnt͡sulɛsɪkkaɪ̯t	ʊntsulɛszɪkkəit	0.1875	0.26666666666666666
Unzähmbarkeit	ʊntsɛːmbaːɐkaɪt	ʊntsɛmbaɐkaɪt	ʊntsɛmbaɾkaɪt	ʊntsɛmbaʁkəit	compound	unzähmbar|keit	0.0	0.07692307692307693	0.23076923076923078	ʊnt͡sɛmbaɐ̯kaɪ̯t	ʊntsɛmbaɾkəit	0.1875	0.23076923076923078
Urkontinent	uːɐkɔntinɛnt	uɐkɔntinɛnt	uɾkɔntinɛnt	ʊʁkɔntinɛnt	compound	ur|kontinent	0.0	0.09090909090909091	0.18181818181818182	uɐ̯kɔntinɛnt	ʊɾkɔntɪnɛnt	0.08333333333333333	0.2727272727272727
Urkundenlehre	uːɐkʊndnleːʁə	uɐkʊndnleʁə	uɾkʊndɛnlerə	ʊʁkʊndənleʁə	compound	urkunden|lehre	0.0	0.25	0.25	uɐ̯kʊndn̩leʁə	ʊɾkʊndɛnleɾə	0.15384615384615385	0.3333333333333333
Ursprungsbezeichnung	uːɐʃpʁʊŋsbətsaɪcnʊŋ	uɐʃpʁʊŋsbətsaɪcnʊŋ	??ʃpɾʊŋsbətsaɪcnʊŋ	ʊʁʃpʁʊŋsbətsaecnʊŋ	compound	ursprungs|bezeichnung	0.0	0.16666666666666666	0.16666666666666666	uɐ̯ʃpʁʊŋsbət͡saɪ̯çnʊŋ	ʊɾspɾʊŋsbetsaeçnʊŋ	0.19047619047619047	0.3888888888888889
Urstiftung	uːrʃtɪftʊŋ	uɐʃtɪftʊŋ	??stɪftʊŋ	ʊʁʃtɪftʊŋ	compound	ur|stiftung	0.1111111111111111	0.3333333333333333	0.2222222222222222	uɐ̯ʃtɪftʊŋ	ʊɾstɪftʊŋ	0.2	0.3333333333333333
Urstromtal	uːɐʃtʁoːmtaːl	uɐstʁomtal	??stɾɔmtɑl	ʊʁstʁɔmtal	compound	urst|rom|tal	0.1	0.6	0.4	uɐ̯ʃtʁomtal	ʊɾstɾɔmtal	0.09090909090909091	0.5
Urstromtales	uːɐʃtʁoːmtaːləs	uɐstʁomtaləs	??stɾɔmtɑləs	ʊʁstʁɔmtaləs	compound	urst|rom|tales	0.08333333333333333	0.5	0.3333333333333333	uɐ̯ʃtʁomtaləs	ʊɾstɾɔmtaləs	0.07692307692307693	0.4166666666666667
Urstromtals	uːɐʃtʁoːmtaːls	uɐstʁomtals	??stɾɔmtɑls	ʊʁstʁɔmtals	compound	urst|rom|tals	0.09090909090909091	0.5454545454545454	0.36363636363636365	uɐ̯ʃtʁomtals	ʊɾstɾɔmtals	0.08333333333333333	0.45454545454545453
Urstromtäler	uːɐʃtʁoːmtɛːlɐ	uɐstʁomtɛlɐ	??stɾɔmtɛlɜ	ʊʁstʁɔmtɛlɐ	compound	urst|rom|täler	0.09090909090909091	0.5454545454545454	0.36363636363636365	uɐ̯ʃtʁomtɛlɐ	ʊɾstɾɔmtɛlɐ̯	0.08333333333333333	0.5
Urszene	uːʁstsenə	uɐstsenə	??stsənə	ʊʁstsənə	compound	ur|szene	0.125	0.375	0.25	uɐ̯st͡senə	ʊɾstsənə	0.3	0.375
Urwaldrelikt	uːɐvaltʁelɪkt	uɐvaltʁelɪkt	??valdɾɛlɪkt	ʊʁvaldʁelɪkt	compound	urwald|relikt	0.0	0.4166666666666667	0.25	uɐ̯valtʁelɪkt	ʊɾvaldɾelɪkt	0.07692307692307693	0.3333333333333333
Vaterschaftsurlaub	faːtɐʃaftsuːɐlaʊp	fatɐʃaftzuɐlaʊp	fɑtɜʃaftz??laʊp	vatɛʁstshaftzʊʁlaop	compound	vaterschaft|sur|laub	0.06666666666666667	0.3333333333333333	0.5789473684210527	fatɐʃaft͡suɐ̯laʊ̯p	vɑtɛɾʃaftzʊɾlaop	0.16666666666666666	0.5
Vau	faʊ	vaʊ	vaʊ	vao	compound	v|au	0.3333333333333333	0.3333333333333333	0.6666666666666666	vaʊ̯	vao	0.5	0.6666666666666666
Vektoralgebra	vɛktoːʁalɡebʁa	vɛktoɐalɡebʁa	vɛktoralɡɛbɾɑ	vɛktoʁalgəbʁa	compound	vektor|algebra	0.07692307692307693	0.3076923076923077	0.15384615384615385	vɛktoɐ̯alɡebʁa	vɛktoɾalgɛbrɑ	0.14285714285714285	0.38461538461538464
Verachtfacher	fɛɐaxtfaxɐ	fɛɐaxtfaxəʁ	fɛɾaxtfaxɜ	fɛɐaxtfaxɐ	compound	verachtfache|r	0.18181818181818182	0.2	0.0	fɛɐ̯axtfaxɐ	fɛɐ̯axtfaxɐ̯	0.09090909090909091	0.16666666666666666
Veranstaltungsort	fɛɐanʃtaltʊŋsɔrt	fɛɐanʃtaltʊŋsɔʁt	fɛranʃtaltʊŋsɔɾt	fɛɐanstaltʊŋzɔʁt	compound	veranstaltung|s|ort	0.0625	0.125	0.1875	fɛɐ̯anʃtaltʊŋsɔʁt	fɛɐ̯anʃtaltʊŋzɔɾt	0.11764705882352941	0.17647058823529413
Veranstaltungsteilnehmer	fɛɐanʃtaltʊŋstaɪlneːmɐ	fɛɐanʃtaltʊŋʃtaɪlnemɐ	fɛranʃtaltʊŋstaɪlnemɜ	fɛɐanstaltʊŋstaelnemɐ	compound	veranstaltung|steil|nehmer	0.047619047619047616	0.09523809523809523	0.09523809523809523	fɛɐ̯anʃtaltʊŋstaɪ̯lnemɐ	fɛɐ̯anʃtaltʊŋstaelnemɐ̯	0.08695652173913043	0.13043478260869565
Verbarrikadierer	fɛɐbaʁikadiːʁɐ	fɛɐbaʁikadiʁəʁ	fɛɾbarikadirɜ	fɛɐbaʁʁikadiɐɐ	compound	verbarrikadiere|r	0.14285714285714285	0.3076923076923077	0.14285714285714285	fɛɐ̯baʁikadiʁɐ	fɛɐ̯baɾɾikɑdiɐ̯ɐ̯	0.07142857142857142	0.4117647058823529
Verbarrikadierers	fɛɐbaʁikadiːʁɐs	fɛɐbaʁikadiɐeɐs	fɛɾbarikadirɜs	fɛɐbaʁʁikadiʁɛʁs	compound	verbarrikadier|ers	0.13333333333333333	0.2857142857142857	0.1875	fɛɐ̯baʁikadiʁɐs	fɛɐ̯baɾɾikɑdiɾɛɾs	0.06666666666666667	0.4117647058823529
Verbohrtheit	fɛɐboːɐthaɪt	fɛɐboɐthaɪt	fɛɾboɾtaɪt	fɛɐboʁtəit	compound	verbohrt|heit	0.0	0.3	0.4	fɛɐ̯boɐ̯thaɪ̯t	fɛɐ̯boɾtəit	0.21428571428571427	0.45454545454545453
Verbotsirrtum	fɛɐboːtsɪʁtuːm	fɛɐbotsɪʁtum	fɛɾbɔtsɪɾtum	fɛɐbɔtzɪʁʁtum	compound	verbots|irrtum	0.0	0.25	0.23076923076923078	fɛɐ̯bot͡sɪʁtum	fɛɐ̯bɔtzɪɾɾtum	0.14285714285714285	0.35714285714285715
Verdopplers	fɛɐdɔplɐs	fɛɐdɔplɐs	fɛɾdɔplɜs	fɛɐdɔpplɛʁs	compound	verdoppler|s	0.0	0.2222222222222222	0.2727272727272727	fɛɐ̯dɔplɐs	fɛɐ̯dɔpplɛɾs	0.1	0.3333333333333333
Verdreifacher	fɛɐdʁaɪfaxɐ	fɛɐdʁaɪfaxəʁ	fɛɾdɾaɪfaxɜ	fɛɐdʁaefaxɐ	compound	verdreifache|r	0.16666666666666666	0.2727272727272727	0.09090909090909091	fɛɐ̯dʁaɪ̯faxɐ	fɛɐ̯dɾaefaxɐ̯	0.15384615384615385	0.3076923076923077
Verdreifachers	fɛɐdʁaɪfaxɐs	fɛɐdʁaɪfaxeɐs	fɛɾdɾaɪfaxɜs	fɛɐdʁaefaxɛʁs	compound	verdreifach|ers	0.07692307692307693	0.25	0.23076923076923078	fɛɐ̯dʁaɪ̯faxɐs	fɛɐ̯dɾaefaxɛɾs	0.14285714285714285	0.35714285714285715
Verdreißigfachen	fɛɐdʁaɪsɪcfaxən	fɛɐdʁaɪsɪcfaxn	fɛɾdɾaɪsɪcfaxən	fɛɐdʁaeszɪkfaxən	compound	ver|dreißigfachen	0.07142857142857142	0.13333333333333333	0.1875	fɛɐ̯dʁaɪ̯sɪçfaxn̩	fɛɐ̯dɾaejɪkfaxən	0.29411764705882354	0.3125
Verdreißigfachung	fɛɐdʁaɪsɪcfaxʊŋ	fɛɐdʁaɪsɪcfaxʊnɡ	fɛɾdɾaɪsɪcfaxʊŋ	fɛɐdʁaeszɪkfaxʊŋ	compound	ver|dreißigfach|un|g	0.125	0.13333333333333333	0.1875	fɛɐ̯dʁaɪ̯sɪçfaxʊŋ	fɛɐ̯dɾaejɪkfaxʊŋ	0.17647058823529413	0.3125
Vereinsausschluss	fɛɐʔaɪnsaʊsʃlʊs	fɛɐaɪnsaʊsʃlʊs	fɛɾaɪnzaʊsclʊs	fɛɐaenzaosʃlʊss	compound	vereins|ausschluss	0.0	0.21428571428571427	0.26666666666666666	fɛɐ̯aɪ̯nsaʊ̯sʃlʊs	fɛɐ̯aenzaosstslʊss	0.17647058823529413	0.4444444444444444
Vereinskasse	fɛɐʔaɪnskasə	fɛɐaɪnskasə	fɛɾaɪnskasə	fɛɐaenskaszə	compound	vereins|kasse	0.0	0.09090909090909091	0.16666666666666666	fɛɐ̯aɪ̯nskasə	fɛɐ̯aenskaszə	0.15384615384615385	0.23076923076923078
Verelffachen	fɛɐɛlffaxən	fɛɐɛlffaxn	fɛɾɛlfaxən	fɛɐɛlffaxən	compound	ver|elffachen	0.1	0.2	0.0	fɛɐ̯ɛlffaxn̩	fɛɐ̯ɛlffaxən	0.25	0.08333333333333333
Vererbbarkeit	fɛɐʔɛʁpbaːɐkaɪt	fɛɐɛʁpbaɐkaɪt	fɛɾɛɾbaɾkaɪt	fɛɐɛɐbaʁkəit	compound	vererbbar|keit	0.0	0.3333333333333333	0.4166666666666667	fɛɐ̯ɛʁpbaɐ̯kaɪ̯t	fɛɐ̯ɛɐbaɾkəit	0.1875	0.46153846153846156
Verfallssucht	fɛɐfalszʊxt	fɛɐfalszʊxt	fɛɾfalsuxt	fɛɐfallszʊxt	compound	verfalls|sucht	0.0	0.3	0.08333333333333333	fɛɐ̯falszʊxt	fɛɐ̯fallszʊxt	0.08333333333333333	0.15384615384615385
Verfallsucht	fɛɐfalzʊxt	fɛɐfalzʊxt	fɛɾfalzuxt	fɛɐfallzʊxt	compound	verfall|sucht	0.0	0.2	0.09090909090909091	fɛɐ̯falzʊxt	fɛɐ̯fallzʊxt	0.09090909090909091	0.16666666666666666
Verfünfzehnfachen	fɛɐfʏnftseːnfaxən	fɛɐfʏnftsenfaxən	fɛɾfynftsenfaxən	fɛɐfʏnftsenfaxən	compound	ver|fünfzehnfachen	0.0	0.125	0.0	fɛɐ̯fʏnft͡senfaxn̩	fɛɐ̯fʏnftsenfaxən	0.2222222222222222	0.058823529411764705
Vergeltungsangriffen	fɛɐɡɛltʊŋsanɡʁɪfn	fɛɐɡɛltʊŋzaŋʁɪfn	fɛɾɡɛltʊŋsaŋɡɾɪfən	fɛɐgɛltʊŋzaŋʁɪffən	compound	vergeltung|sang|riffen	0.1875	0.2222222222222222	0.3333333333333333	fɛɐ̯ɡɛltʊŋsanɡʁɪfn̩	fɛɐ̯gəltʊŋzaŋɾɪffən	0.10526315789473684	0.47368421052631576
Verhaltenskodizes	fɛɐhaltnskoːditseːs	fɛɐhaltnskoditses	fɛɾhaltənskoditsəs	fɛɐhaltɛnskoditsəs	compound	verhaltens|kodizes	0.0	0.16666666666666666	0.1111111111111111	fɛɐ̯haltn̩skodit͡səs	fɛɐ̯haltɛnskoditsəs	0.2	0.15789473684210525
Verhandelbarkeit	fɛɐhandlbaːɐkaɪt	fɛɐhandlbaɐkaɪt	fɛɾhandəlbaɾkaɪt	fɛɐhandɛlbaʁkəit	compound	verhandelbar|keit	0.0	0.1875	0.25	fɛɐ̯handl̩baɐ̯kaɪ̯t	fɛɐ̯handɛlbaɾkəit	0.21052631578947367	0.29411764705882354
Verhundertfachung	fɛɐhʊndɐtfaxʊŋ	fɛɐhʊndɐtfaxʊnɡ	fɛɾhʊndɜtfaxʊŋ	fɛɐhʊndɛʁtfaxʊŋ	compound	verhundertfach|un|g	0.13333333333333333	0.14285714285714285	0.13333333333333333	fɛɐ̯hʊndɐtfaxʊŋ	fɛɐ̯hʊndɛɾtfaxʊŋ	0.06666666666666667	0.1875
Verhöhner	fɛʁhøːnɐ	fɛɐhønəʁ	fɛɾhønɜ	fɛɐhɔʏnɐ	compound	verhöhne|r	0.375	0.2857142857142857	0.375	fɛɐ̯hønɐ	fɛɐ̯hønɐ̯	0.25	0.3333333333333333
Verkaufsbroschüre	fɛɐkaʊfsbʁɔʃyːʁə	fɛɐkaʊfsbʁoʃyʁə	fɛɾkaʊfsbɾɔʃyrə	fɛɐkaofzbʁɔʃyʁe	compound	verkaufs|broschüre	0.06666666666666667	0.2	0.2	fɛɐ̯kaʊ̯fsbʁoʃyʁə	fɛɐ̯kaofzbrɔʃyɾə	0.17647058823529413	0.3125
Verkaufsprospekt	fɛɐkaʊfspʁospɛkt	fɛɐkaʊfspʁospɛkt	fɛɾkaʊfʃpɾɔspɛkt	fɛɐkaofʃpʁɔspɛkt	compound	verkaufs|prospekt	0.0	0.25	0.1875	fɛɐ̯kaʊ̯fspʁospɛkt	fɛɐ̯kaofspɾɔspɛkt	0.1111111111111111	0.23529411764705882
Verkaufsprospekte	fɛɐkaʊfspʁospɛktə	fɛɐkaʊfspʁospɛktə	fɛɾkaʊfʃpɾɔspɛktə	fɛɐkaofʃpʁɔspɛktə	compound	verkaufs|prospekte	0.0	0.23529411764705882	0.17647058823529413	fɛɐ̯kaʊ̯fspʁospɛktə	fɛɐ̯kaofspɾɔspɛktə	0.10526315789473684	0.2222222222222222
Verkaufsprospektes	fɛɐkaʊfspʁospɛktəs	fɛɐkaʊfspʁospɛktəs	fɛɾkaʊfʃpɾɔspɛktəs	fɛɐkaofʃpʁɔspɛktəs	compound	verkaufs|prospektes	0.0	0.2222222222222222	0.16666666666666666	fɛɐ̯kaʊ̯fspʁospɛktəs	fɛɐ̯kaofspɾɔspɛktəs	0.1	0.21052631578947367
Verkaufsprospekts	fɛɐkaʊfspʁospɛkts	fɛɐkaʊfspʁospɛkts	fɛɾkaʊfʃpɾɔspɛkts	fɛɐkaofʃpʁɔspɛkts	compound	verkaufs|prospekts	0.0	0.23529411764705882	0.17647058823529413	fɛɐ̯kaʊ̯fspʁospɛkt͡s	fɛɐ̯kaofspɾɔspɛkts	0.15	0.2222222222222222
Verkehrsanschauung	fɛrkeːrsanʃaʊʊŋ	fɛɐkeɐsanʃaʊʊŋ	fɛɾkeɾzanʃaʊʊŋ	fɛɐkeʁzanʃaoʊŋ	compound	verkehrs|anschauung	0.14285714285714285	0.21428571428571427	0.2857142857142857	fɛɐ̯keɐ̯sanʃaʊ̯ʊŋ	fɛɐ̯keɾzanʃaoʊŋ	0.29411764705882354	0.3333333333333333
Verkehrsansicht	fɛrkeːrsanzɪct	fɛɐkeɐsanzɪct	fɛɾkeɾzanzɪct	fɛɐkeʁzanzɪct	compound	verkehrs|ansicht	0.15384615384615385	0.23076923076923078	0.23076923076923078	fɛɐ̯keɐ̯sanzɪçt	fɛɐ̯keɾzanzɪçt	0.3333333333333333	0.35714285714285715
Verkehrsauffassung	fɛrkeːrsaʊffasʊŋ	fɛɐkeɐsaʊffasʊŋ	fɛɾkeɾzaʊfasʊŋ	fɛɐkeʁzaoffaszʊŋ	compound	verkehrs|auffassung	0.13333333333333333	0.2857142857142857	0.3125	fɛɐ̯keɐ̯saʊ̯ffasʊŋ	fɛɐ̯keɾzaoffaszʊŋ	0.2777777777777778	0.35294117647058826
Verkehrsverbunde	fɛɐkeːɐsfɛɐbʊndə	fɛɐkeɐsfɛɐbʊndə	fɛɾkeɾsfɜbʊndə	fɛɐkeʁsvɛʁbʊndə	compound	verkehrs|verbunde	0.0	0.2857142857142857	0.2	fɛɐ̯keɐ̯sfɛɐ̯bʊndə	fɛɐ̯keɾsvɛɾbʊndə	0.16666666666666666	0.25
Verkehrsverbundes	fɛɐkeːɐsfɛɐbʊndəs	fɛɐkeɐsfɛɐbʊndəs	fɛɾkeɾsfɜbʊndəs	fɛɐkeʁsvɛʁbʊndəs	compound	verkehrs|verbundes	0.0	0.26666666666666666	0.1875	fɛɐ̯keɐ̯sfɛɐ̯bʊndəs	fɛɐ̯keɾsvɛɾbʊndəs	0.15789473684210525	0.23529411764705882
Verkehrsverbunds	fɛɐkeːɐsfɛɐbʊnts	fɛɐkeɐsfɛɐbʊnts	fɛɾkeɾsfɜbʊnts	fɛɐkeʁsvɛʁbʊnts	compound	verkehrs|verbunds	0.0	0.2857142857142857	0.2	fɛɐ̯keɐ̯sfɛɐ̯bʊnt͡s	fɛɐ̯keɾsvɛɾbʊnts	0.21052631578947367	0.25
Verkehrsverbünde	fɛɐkeːɐsfɛɐbʏndə	fɛɐkeɐsfɛɐbʏndə	fɛɾkeɾsfɜbyndə	fɛɐkeʁsvɛʁbʏndə	compound	verkehrs|verbünde	0.0	0.35714285714285715	0.2	fɛɐ̯keɐ̯sfɛɐ̯bʏndə	fɛɐ̯keɾsvɛɾbʏndə	0.16666666666666666	0.25
Verkehrsverbünden	fɛɐkeːɐsfɛɐbʏndn	fɛɐkeɐsfɛɐbʏndn	fɛɾkeɾsfɜbyndən	fɛɐkeʁsvɛʁbʏndən	compound	verkehrs|verbünden	0.0	0.4	0.25	fɛɐ̯keɐ̯sfɛɐ̯bʏndn̩	fɛɐ̯keɾsvɛɾbʏndən	0.21052631578947367	0.29411764705882354
Verladebahnhof	fɛɐlaːdəbaːnhoːf	fɛɐladəbanhof	fɛɾlɑdebɑnhof	fɛɐladebanhof	compound	verlade|bahnhof	0.0	0.3076923076923077	0.07692307692307693	fɛɐ̯ladəbanhof	fɛɐ̯lɑdebɑnof	0.07142857142857142	0.38461538461538464
Verladebahnhofe	fɛɐlaːdəbaːnhoːfə	fɛɐladəbanhofə	fɛɾlɑdebɑnhofə	fɛɐladebanhofə	compound	verlade|bahnhofe	0.0	0.2857142857142857	0.07142857142857142	fɛɐ̯ladəbanhofə	fɛɐ̯lɑdebɑnofə	0.06666666666666667	0.35714285714285715
Verletzlichkeit	fɛɐlɛtslɪckaɪt	fɛɐlɛtslɪckaɪt	fɛɾlɛtslɪckaɪt	fɛɐlɛtslɪckəit	compound	verletzlich|keit	0.0	0.07142857142857142	0.14285714285714285	fɛɐ̯lɛt͡slɪçkaɪ̯t	fɛɐ̯lɛtslɪçkəit	0.23529411764705882	0.26666666666666666
Verleumdungskampagne	fɛɐlɔɪmdʊŋskampanjə	fɛɐlɔɪmdʊŋskampanjə	fɛɾlɔømdʊŋskampaɡnə	fɛɐlɔɔʏmdʊŋskampagnə	compound	verleumdung|s|kampagne	0.0	0.21052631578947367	0.2	fɛɐ̯lɔɪ̯mdʊŋskampanjə	fɛɐ̯lɔømdʊŋskampagnə	0.09523809523809523	0.2
Verleumdungskampagnen	fɛɐlɔɪmdʊŋskampanjən	fɛɐlɔɪmdʊŋskampanjən	fɛɾlɔømdʊŋskampaɡnən	fɛɐlɔɔʏmdʊŋskampagnən	compound	verleumdung|s|kampagnen	0.0	0.2	0.19047619047619047	fɛɐ̯lɔɪ̯mdʊŋskampanjən	fɛɐ̯lɔømdʊŋskampagnən	0.09090909090909091	0.19047619047619047
Verleumdungsprozess	fɛɐlɔɪmdʊŋspʁotsɛs	fɛɐlɔɪmdʊŋspʁotsɛs	fɛɾlɔømdʊŋʃpɾotsɛs	fɛɐlɔɔʏmdʊŋspʁotsɛss	compound	verleumdung|s|prozess	0.0	0.2222222222222222	0.15	fɛɐ̯lɔɪ̯mdʊŋspʁot͡sɛs	fɛɐ̯lɔømdʊŋspɾotsɛss	0.14285714285714285	0.2
Verleumdungsprozesse	fɛɐlɔɪmdʊŋspʁotsɛsə	fɛɐlɔɪmdʊŋspʁotsɛsə	fɛɾlɔømdʊŋʃpɾotsɛsə	fɛɐlɔɔʏmdʊŋspʁotsɛszə	compound	verleumdung|s|prozesse	0.0	0.21052631578947367	0.14285714285714285	fɛɐ̯lɔɪ̯mdʊŋspʁot͡sɛsə	fɛɐ̯lɔømdʊŋspɾotsɛszə	0.13636363636363635	0.19047619047619047
Verleumdungsprozesses	fɛɐlɔɪmdʊŋspʁotsɛsəs	fɛɐlɔɪmdʊŋspʁotsɛsəs	fɛɾlɔømdʊŋʃpɾotsɛsəs	fɛɐlɔɔʏmdʊŋspʁotsɛszəs	compound	verleumdung|s|prozesses	0.0	0.2	0.13636363636363635	fɛɐ̯lɔɪ̯mdʊŋspʁot͡sɛsəs	fɛɐ̯lɔømdʊŋspɾotsɛszəs	0.13043478260869565	0.18181818181818182
Vermeider	fɛɐmaɪdɐ	fɛɐmaɪdəʁ	fɛɾmaɪdɜ	fɛɐmaedɐ	compound	vermeide|r	0.2222222222222222	0.25	0.125	fɛɐ̯maɪ̯dɐ	fɛɐ̯maedɐ̯	0.2	0.3
Vermögensanhäufung	fɛʁmøːɡənsanhɔɪfʊŋ	fɛɐmøɡnsanhɔɪfʊŋ	fɛɾmøɡənzanhɔøfʊŋ	fɛɐmɔʏgɛnzanɔɔʏfʊŋ	compound	vermögens|anhäufung	0.125	0.17647058823529413	0.4444444444444444	fɛɐ̯møɡn̩sanhɔɪ̯fʊŋ	fɛɐ̯møgɛnzanɔøfʊŋ	0.2631578947368421	0.4117647058823529
Vermögensverteilung	fɛʁmøːɡənsfɛɐtaɪlʊŋ	fɛɐmøɡnsfɛɐtaɪlʊŋ	fɛɾmøɡənsfɜtaɪlʊŋ	fɛɐmɔʏgɛnsvɛʁtəilʊŋ	compound	vermögens|verteilung	0.11764705882352941	0.17647058823529413	0.47368421052631576	fɛɐ̯møɡn̩sfɛɐ̯taɪ̯lʊŋ	fɛɐ̯møgɛnsvɛɾtəilʊŋ	0.2857142857142857	0.42105263157894735
Vermögensverteilungen	fɛɐmøːɡnsfɛɐtaɪlʊŋən	fɛɐmøɡnsfɛɐtaɪlʊŋən	fɛɾmøɡənsfɜtaɪlʊŋən	fɛɐmɔʏgɛnsvɛʁtəilʊŋən	compound	vermögens|verteilungen	0.0	0.21052631578947367	0.38095238095238093	fɛɐ̯møɡn̩sfɛɐ̯taɪ̯lʊŋən	fɛɐ̯møgɛnsvɛɾtəilʊŋən	0.17391304347826086	0.3333333333333333
Verneunfacher	fɛɐnɔɪnfaxɐ	fɛɐnɔɪnfaxəʁ	fɛɾnɔønfaxɜ	fɛɐnɔɔʏnfaxɐ	compound	verneunfache|r	0.16666666666666666	0.2727272727272727	0.16666666666666666	fɛɐ̯nɔɪ̯nfaxɐ	fɛɐ̯nɔønfaxɐ̯	0.15384615384615385	0.23076923076923078
Verneunfachung	fɛɐnɔɪnfaxʊŋ	fɛɐnɔɪnfaxʊnɡ	fɛɾnɔønfaxʊŋ	fɛɐnɔɔʏnfaxʊŋ	compound	verneunfach|un|g	0.15384615384615385	0.16666666666666666	0.15384615384615385	fɛɐ̯nɔɪ̯nfaxʊŋ	fɛɐ̯nɔønfaxʊŋ	0.14285714285714285	0.15384615384615385
Vernünftigkeit	fɛɐnʏnftɪckaɪt	fɛɐnʏnftɪkaɪt	fɛɾnynftɪckaɪt	fɛɐnʏnftɪkkəit	compound	vernünftig|keit	0.07692307692307693	0.14285714285714285	0.21428571428571427	fɛɐ̯nʏnftɪkkaɪ̯t	fɛɐ̯nʏnftɪkkəit	0.1875	0.26666666666666666
Verordnungsdurchsetzung	fɛʁɔʁtnʊŋsdʊrczɛtsʊŋ	fɛɐɔʁdnʊŋsdʊʁczɛtsʊŋ	fɛɾɔɾdnʊŋsd??ksɛtsʊŋ	fɛɐɔʁdnʊŋsdʊʁtszɛtsʊŋ	compound	verordnung|s|durchsetzung	0.15	0.35	0.23809523809523808	fɛɐ̯ɔʁdnʊŋsdʊʁçzɛt͡sʊŋ	fɛɐ̯ɔɾdnʊŋsdʊɾtszɛtsʊŋ	0.2727272727272727	0.3181818181818182
Verrammelung	fɛɐʁaməlʊŋ	fɛɐʁaməlʊŋ	fɛɾraməlʊŋ	fɛɐʁammelʊŋ	compound	verramme|lung	0.0	0.2	0.18181818181818182	fɛɐ̯ʁaml̩ʊnɡ	fɛɐ̯ɾammelʊŋ	0.4166666666666667	0.3333333333333333
Verramschers	fɛɐʁamʃɐs	fɛɐʁamʃɐs	fɛɾramʃɜs	fɛɐʁamʃɛʁs	compound	verramscher|s	0.0	0.3333333333333333	0.2	fɛɐ̯ʁamʃɐs	fɛɐ̯ɾamʃɛɾs	0.1	0.36363636363636365
Verrührers	fɛɐʁyːʁɐs	fɛɐʁyʁɐs	fɛɾryrɜs	fɛɐʁyʁɛʁs	compound	verrührer|s	0.0	0.5	0.2222222222222222	fɛɐ̯ʁyʁɐs	fɛɐ̯ɾyɾɛɾs	0.1111111111111111	0.5
Versailler	vɛrsaɪər	fɛʁsaɪlɐ	fɛɾzaɪlɜ	fɛɐzaɪllɐ	compound	vers|a|iller	0.5	0.625	0.6666666666666666	vɛʁzaɪ̯ɐ	fɛɐ̯zɑillɐ̯	0.5	0.9090909090909091
Versammlungsbeginn	fɛɐzamlʊŋsbəɡɪn	fɛɐzamlʊŋsbəɡɪn	fɛɾzamlʊŋsbəɡɪn	fɛɐzammlʊŋsbegɪnn	compound	versammlung|s|beginn	0.0	0.06666666666666667	0.23529411764705882	fɛɐ̯zamlʊŋsbəɡɪn	fɛɐ̯zammlʊŋsbegɪnn	0.0625	0.2777777777777778
Versammlungsteilnehmerin	fɛɐzamlʊŋstaɪlneːməʁɪn	fɛɐzamlʊŋstaɪlnemɐɪn	fɛɾzamlʊŋstaɪlnemərɪn	fɛɐzammlʊŋstaelnemɐɪn	compound	versammlungsteilnehmer|in	0.1	0.09523809523809523	0.19047619047619047	fɛɐ̯zamlʊŋstaɪ̯lneməʁɪn	fɛɐ̯zammlʊŋstaelnemɐ̯ɪn	0.08695652173913043	0.21739130434782608
Verschalers	fɛɐʃaːlɐs	fɛɐʃalɐs	fɛɾʃɑlɜs	fɛɐʃalɛʁs	compound	verschaler|s	0.0	0.375	0.2222222222222222	fɛɐ̯ʃalɐs	fɛɐ̯ʃɑlɛɾs	0.1111111111111111	0.4
Verschandeler	fɛɐʃandəlɐ	fɛɐʃandələʁ	fɛɾʃandəlɜ	fɛɐʃandelɐ	compound	verschandele|r	0.18181818181818182	0.2	0.1	fɛɐ̯ʃandələʁ	fɛɐ̯ʃandelɐ̯	0.25	0.25
Verschandelers	fɛɐʃandəlɐs	fɛɐʃandleɐs	fɛɾʃandɛlɜs	fɛɐʃandelɛʁs	compound	verschandel|ers	0.18181818181818182	0.2727272727272727	0.25	fɛɐ̯ʃandələʁs	fɛɐ̯ʃandelɛɾs	0.23076923076923078	0.3076923076923077
Verschanzers	fɛɐʃantsɐs	fɛɐʃantsɐs	fɛɾʃantsɜs	fɛɐʃantsɛʁs	compound	verschanzer|s	0.0	0.2	0.18181818181818182	fɛɐ̯ʃant͡sɐs	fɛɐ̯ʃantsɛɾs	0.16666666666666666	0.25
Verschen	fɛʁscən	fɛʁscən	fɛɾʃən	fɛɐʃən	compound	vers|chen	0.0	0.5	0.5	fɛʁsçən	fɛɐ̯ʃən	0.14285714285714285	0.42857142857142855
Verscherbeler	fɛɐʃɛʁbəlɐ	fɛɐʃɛʁbələʁ	fɛɾʃɛɾbəlɜ	fɛɐʃɛʁbelɐ	compound	verscherbele|r	0.18181818181818182	0.3	0.1	fɛɐ̯ʃɛʁbələʁ	fɛɐ̯ʃɛɾbelɐ̯	0.25	0.3333333333333333
Verscherbelers	fɛɐʃɛʁbəlɐs	fɛɐʃɛʁbleɐs	fɛɾʃɛɾbɛlɜs	fɛɐʃɛʁbelɛʁs	compound	verscherbel|ers	0.18181818181818182	0.36363636363636365	0.25	fɛɐ̯ʃɛʁbələʁs	fɛɐ̯ʃɛɾbelɛɾs	0.23076923076923078	0.38461538461538464
Verscheucher	fɛɐʃɔɪcɐ	fɛɐʃɔɪcəʁ	fɛɾʃɔøcɜ	fɛɐʃɔɔʏcɐ	compound	verscheuche|r	0.2222222222222222	0.375	0.2222222222222222	fɛɐ̯ʃɔɪ̯çɐ	fɛɐ̯ʃɔøçɐ̯	0.3	0.4
Verscheucherin	fɛɐʃɔɪcəʁɪn	fɛɐʃɔɪcəʁɪn	fɛɾʃɔøcərɪn	fɛɐʃɔɔʏcɐɪn	compound	verscheuche|rin	0.0	0.2727272727272727	0.36363636363636365	fɛɐ̯ʃɔɪ̯çəʁɪn	fɛɐ̯ʃɔøçɐ̯ɪn	0.23076923076923078	0.4166666666666667
Verscheuchers	fɛɐʃɔɪcɐs	fɛɐʃɔɪceɐs	fɛɾʃɔøcɜs	fɛɐʃɔɔʏcɛʁs	compound	verscheuch|ers	0.1	0.3333333333333333	0.36363636363636365	fɛɐ̯ʃɔɪ̯çɐs	fɛɐ̯ʃɔøçɛɾs	0.2727272727272727	0.45454545454545453
Verschiebers	fɛɐʃiːbɐs	fɛɐʃibɐs	fɛɾʃibɜs	fɛɐʃibɛʁs	compound	verschieber|s	0.0	0.25	0.2222222222222222	fɛɐ̯ʃibɐs	fɛɐ̯ʃibɛɾs	0.1111111111111111	0.3
Verschiedenartigkeit	fɛɐʃiːdnʔaːɐtɪckaɪt	fɛɐʃidnaɐtɪkaɪt	fɛɾʃidənaɾtɪckaɪt	fɛɐʃidenaʁtɪkkəit	compound	verschiedenartig|keit	0.06666666666666667	0.17647058823529413	0.29411764705882354	fɛɐ̯ʃidn̩aɐ̯tɪkkaɪ̯t	fɛɐ̯ʃidenaɾtɪkkəit	0.25	0.3333333333333333
Verschiedenheiten	fɛɐʃiːdnhaɪtn	fɛɾʃidənhaɪtɛn	fɛɾʃidənhaɪtən	fɛɐʃidɛnəitən	compound	verschiedenheit|en	0.21428571428571427	0.21428571428571427	0.38461538461538464	fɛɾʃidənhaɪtɛn	fɛɐ̯ʃidɛnəitən	0.21428571428571427	0.42857142857142855
Verschießers	fɛɐʃiːsɐs	fɛɐʃisɐs	fɛɾʃisɜs	fɛɐʃiszɛʁs	compound	verschießer|s	0.0	0.25	0.3	fɛɐ̯ʃisɐs	fɛɐ̯ʃisɛɾs	0.1111111111111111	0.3
Verschlaferin	fɛɐʃlaːfəʁɪn	fɛɐʃlafɐɪn	fɛɾʃlɑfərɪn	fɛɐʃlafɐɪn	compound	verschlafer|in	0.2	0.2727272727272727	0.2	fɛɐ̯ʃlafəʁɪn	fɛɐ̯ʃlɑfɐ̯ɪn	0.08333333333333333	0.3333333333333333
Verschlafers	fɛɐʃlaːfɐs	fɛɐʃlafɐs	fɛɾʃlɑfɜs	fɛɐʃlafɛʁs	compound	verschlafer|s	0.0	0.3333333333333333	0.2	fɛɐ̯ʃlafɐs	fɛɐ̯ʃlɑfɛɾs	0.1	0.36363636363636365
Verschlechterers	fɛɐʃlɛctəʁɐs	fɛɐʃlɛctəʁɐs	fɛɾʃlɛctərɜs	fɛɐʃlɛcteʁɛʁs	compound	verschlechterer|s	0.0	0.25	0.23076923076923078	fɛɐ̯ʃlɛçtəʁɐs	fɛɐ̯ʃlɛçteɾɛɾs	0.15384615384615385	0.42857142857142855
Verschleuderers	fɛɐʃlɔɪdɐʁɐs	fɛɐʃlɔɪdɐʁɐs	fɛɾʃlɔødərɜs	fɛɐʃlɔɔʏdeʁɛʁs	compound	verschleuderer|s	0.0	0.4166666666666667	0.35714285714285715	fɛɐ̯ʃlɔɪ̯dəʁɐs	fɛɐ̯ʃlɔødeɾɛɾs	0.21428571428571427	0.42857142857142855
Verschlimmerers	fɛɐʃlɪməʁɐs	fɛɐʃlɪməʁɐs	fɛɾʃlɪmərɜs	fɛɐʃlɪmmeʁɛʁs	compound	verschlimmerer|s	0.0	0.2727272727272727	0.3076923076923077	fɛɐ̯ʃlɪməʁɐs	fɛɐ̯ʃlɪmmeɾɛɾs	0.08333333333333333	0.42857142857142855
Verschlingers	fɛɐʃlɪŋɐs	fɛɐʃlɪŋɐs	fɛɾʃlɪŋɜs	fɛɐʃlɪŋɛʁs	compound	verschlinger|s	0.0	0.2222222222222222	0.2	fɐʃlɪŋɐs	fɛɐ̯ʃlɪŋɛɾs	0.125	0.2727272727272727
Verschluckers	fɛɐʃlʊkɐs	fɛɐʃlʊkɐs	fɛɾʃlʊkɜs	fɛɐʃlʊkɛʁs	compound	verschlucker|s	0.0	0.2222222222222222	0.2	fɛɐ̯ʃlʊkɐs	fɛɐ̯ʃlʊkɛɾs	0.1	0.2727272727272727
Verschlüsseler	fɛɐʃlʏsəlɐ	fɛɐʃlʏsələʁ	fɛɾʃlysəlɜ	fɛɐʃlʏszelɐ	compound	verschlüssele|r	0.18181818181818182	0.3	0.18181818181818182	fɛɐ̯ʃlʏsəlɐ	fɛɐ̯ʃlʏszelɐ̯	0.09090909090909091	0.3076923076923077
Verschlüsselers	fɛɐʃlʏsəlɐs	fɛɐʃlʏsleɐs	fɛɾʃlysɛlɜs	fɛɐʃlʏszelɛʁs	compound	verschlüssel|ers	0.18181818181818182	0.36363636363636365	0.3076923076923077	fɛɐ̯ʃlʏsl̩ɐs	fɛɐ̯ʃlʏszelɛɾs	0.25	0.35714285714285715
Verschlüsselungsgerät	fɛɐʃlʏsəlʊŋsɡəʁɛːt	fɛɐʃlʏsəlʊŋsɡəʁɛt	fɛɾʃlysəlʊŋsɡərɛt	fɛɐʃlʏszelʊŋsgeʁɛt	compound	verschlüsselung|s|gerät	0.0	0.17647058823529413	0.2222222222222222	fɛɐ̯ʃlʏsəlʊŋsɡəʁɛt	fɛɐ̯ʃlʏszelʊŋsgeɾɛt	0.05555555555555555	0.3157894736842105
Verschlüsselungsgeräte	fɛɐʃlʏsəlʊŋsɡəʁɛːtə	fɛɐʃlʏsəlʊŋsɡəʁɛtə	fɛɾʃlysəlʊŋsɡərɛtə	fɛɐʃlʏszelʊŋsgeʁɛtə	compound	verschlüsselung|s|geräte	0.0	0.16666666666666666	0.21052631578947367	fɛɐ̯ʃlʏsəlʊŋsɡəʁɛtə	fɛɐ̯ʃlʏszelʊŋsgeɾɛtə	0.05263157894736842	0.3
Verschlüsselungsgeräten	fɛɐʃlʏsəlʊŋsɡəʁɛːtn	fɛɐʃlʏsəlʊŋsɡəʁɛtn	fɛɾʃlysəlʊŋsɡərɛtən	fɛɐʃlʏszelʊŋsgeʁɛtən	compound	verschlüsselung|s|geräten	0.0	0.21052631578947367	0.25	fɛɐ̯ʃlʏsəlʊŋsɡəʁɛtn̩	fɛɐ̯ʃlʏszelʊŋsgeɾɛtən	0.1	0.3333333333333333
Verschlüsselungsgerätes	fɛɐʃlʏsəlʊŋsɡəʁɛːtəs	fɛɐʃlʏsəlʊŋsɡəʁɛtəs	fɛɾʃlysəlʊŋsɡərɛtəs	fɛɐʃlʏszelʊŋsgeʁɛtəs	compound	verschlüsselung|s|gerätes	0.0	0.15789473684210525	0.2	fɛɐ̯ʃlʏsəlʊŋsɡəʁɛtəs	fɛɐ̯ʃlʏszelʊŋsgeɾɛtəs	0.05	0.2857142857142857
Verschlüsselungsgeräts	fɛɐʃlʏsəlʊŋsɡəʁɛːts	fɛɐʃlʏsəlʊŋsɡəʁɛts	fɛɾʃlysəlʊŋsɡərɛts	fɛɐʃlʏszelʊŋsgeʁɛts	compound	verschlüsselung|s|geräts	0.0	0.16666666666666666	0.21052631578947367	fɛɐ̯ʃlʏsəlʊŋsɡəʁɛt͡s	fɛɐ̯ʃlʏszelʊŋsgeɾɛts	0.1	0.3
Verschlüsselungsstufe	fɛɐʃlʏsəlʊŋsʃtuːfə	fɛɐʃlʏsəlʊŋsʃtufə	fɛɾʃlysəlʊŋsʃtufə	fɛɐʃlʏszelʊŋzstufə	compound	verschlüsselung|s|stufe	0.0	0.11764705882352941	0.2222222222222222	fɛɐ̯ʃlʏsəlʊŋsʃtufə	fɛɐ̯ʃlʏszelʊŋzstufə	0.05555555555555555	0.2631578947368421
Verschlüsselungsstufen	fɛɐʃlʏsəlʊŋsʃtuːfn	fɛɐʃlʏsəlʊŋsʃtufn	fɛɾʃlysəlʊŋsʃtufən	fɛɐʃlʏszelʊŋzstufən	compound	verschlüsselung|s|stufen	0.0	0.16666666666666666	0.2631578947368421	fɛɐ̯ʃlʏsəlʊŋsʃtufn̩	fɛɐ̯ʃlʏszelʊŋzstufən	0.10526315789473684	0.3
Verschmelzungsfähigkeit	fɛɐʃmɛltsʊŋsfɛːɪckaɪt	fɛɐʃmɛltsʊŋsfɛɪkaɪt	fɛɾʃmɛltsʊŋsfɛɪckaɪt	fɛɐʃmɛltsʊŋsfɛɪkkəit	compound	verschmelzung|s|fähigkeit	0.05263157894736842	0.05	0.15	fɛɐ̯ʃmɛlt͡sʊŋsfɛɪkkaɪ̯t	fɛɐ̯ʃmɛltsʊŋsfɛɪkkəit	0.17391304347826086	0.19047619047619047
Verschmutzers	fɛɐʃmʊtsɐs	fɛɐʃmʊtsɐs	fɛɾʃmʊtsɜs	fɛɐʃmʊtsɛʁs	compound	verschmutzer|s	0.0	0.2	0.18181818181818182	fɛɐ̯ʃmʊt͡sɐs	fɛɐ̯ʃmʊtsɛɾs	0.16666666666666666	0.25
Verschränkers	fɛɐʃʁɛŋkɐs	fɛɐʃʁɛŋkɐs	fɛɾʃrɛnkɜs	fɛɐʃʁɛŋkɛʁs	compound	verschränker|s	0.0	0.4	0.18181818181818182	fɛɐ̯ʃʁɛŋkɐs	fɛɐ̯ʃɾɛŋkɛɾs	0.09090909090909091	0.3333333333333333
Verschweiger	fɛʁʃvaɪɡɐ	fɛɐʃvaɪɡəʁ	fɛɾʃvaɪɡɜ	fɛɐʃvaegɐ	compound	verschweige|r	0.3	0.2222222222222222	0.3333333333333333	fɛɐ̯ʃvaɪ̯ɡɐ	fɛɐ̯ʃvəɪgɐ̯	0.2727272727272727	0.45454545454545453
Versechsfacher	fɛɐzɛksfaxɐ	fɛɐzɛksfaxəʁ	fɛɾzɛksfaxɜ	fɛɐzɛcsfaxɐ	compound	versechsfache|r	0.16666666666666666	0.18181818181818182	0.09090909090909091	fɛɐ̯zɛksfaxɐ	fɛɐ̯zɛçsfaxɐ̯	0.08333333333333333	0.23076923076923078
Versenders	fɛɐzɛndɐs	fɛɐzɛndɐs	fɛɾzɛndɜs	fɛɐzɛndɛʁs	compound	versender|s	0.0	0.2222222222222222	0.2	fɛɐzɛndɐs	fɛɐ̯zɛndɛɾs	0.0	0.2727272727272727
Versengers	fɛɐzɛŋɐs	fɛɐzɛŋɐs	fɛɾzɛŋɜs	fɛɐzɛŋɛʁs	compound	versenger|s	0.0	0.25	0.2222222222222222	fɛʁzn̩ɡɐs	fɛɐ̯zɛŋɛɾs	0.4444444444444444	0.3
Versenkers	fɛɐzɛnkɐs	fɛɐzɛŋkɐs	fɛɾzɛnkɜs	fɛɐzɛŋkɛʁs	compound	versenker|s	0.1111111111111111	0.2222222222222222	0.3	fɛɐ̯zɛŋkɐs	fɛɐ̯zɛŋkɛɾs	0.2	0.36363636363636365
Verseuchers	fɛɐzɔʏcɐs	fɛɐzɔʏcɐs	fɛɾzɔøcɜs	fɛɐzɔɔʏcɛʁs	compound	verseucher|s	0.0	0.3333333333333333	0.2727272727272727	fɛɐ̯zɔɪ̯çɐs	fɛɐ̯zɔøçɛɾs	0.36363636363636365	0.45454545454545453
Versicherungsschwindler	fɛɐzɪcəʁʊŋsʃvɪndlɐ	fɛɐzɪcəʁʊŋsʃvɪndlɐ	fɛɾzɪcerʊŋscvɪndlɜ	fɛɐzɪcɐʊŋsstsvɪndlɐ	compound	versicherung|s|schwindler	0.0	0.2777777777777778	0.2631578947368421	fɛɐ̯zɪçəʁʊŋsʃvɪndlɐ	fɛɐ̯zɪçeɾʊŋsstsvɪndlɐ̯	0.10526315789473684	0.36363636363636365
Versiebenfacher	fɛɐziːbnfaxɐ	fɛɐzibnfaxəʁ	vɛɾzibɛnfaxɜ	fɛɐzibɛnfaxɐ	compound	versiebenfache|r	0.16666666666666666	0.3333333333333333	0.08333333333333333	fɛɐ̯zibn̩faxɐ	fɛɐ̯zibɛnfaxɐ̯	0.15384615384615385	0.21428571428571427
Versiebenfachers	fɛɐziːbnfaxɐs	fɛɐzibnfaxeɐs	vɛɾzibɛnfaxɜs	fɛɐzibɛnfaxɛʁs	compound	versiebenfach|ers	0.07692307692307693	0.3076923076923077	0.21428571428571427	fɛɐ̯zibn̩faxɐs	fɛɐ̯zibɛnfaxɛɾs	0.14285714285714285	0.26666666666666666
Versklaver	fɛɐsklaːvɐ	fɛɐsklafəʁ	fɛɾsklɑvɜ	vɛʁsklavɐ	compound	versklave|r	0.3	0.3333333333333333	0.2222222222222222	fɛɐ̯sklafɐ	fɛɐ̯sklɑvɐ̯	0.2	0.2727272727272727
Verspeiser	fɛɐʃpaɪzɐ	fɛɐʃpaɪzəʁ	fɛɾʃpaɪzɜ	fɛɐʃpaezɐ	compound	verspeise|r	0.2	0.2222222222222222	0.1111111111111111	fɛʁspaɪ̯zɐ	fɛɐ̯ʃpaezɐ̯	0.3	0.2727272727272727
Verspröder	fɛʁʃpʁøːdɐ	fɛɐʃpʁødɐ	fɛɾʃpɾødɜ	fɛɐʃpʁødɐ	compound	ver|spröder	0.1111111111111111	0.3333333333333333	0.1111111111111111	fɛʁspʁødɐ	fɛɐ̯ʃpɾødɐ̯	0.1111111111111111	0.36363636363636365
Versteigerer	fɛɐʃtaɪɡɐʁɐ	fɛɐʃtaɪɡəʁəʁ	fɛɾʃtaɪɡərɜ	fɛɐʃtaegɐɐ	compound	versteigere|r	0.25	0.36363636363636365	0.3	fɛɐ̯ʃtaɪ̯ɡəʁɐ	fɛɐ̯ʃtəɪgɐ̯ɐ̯	0.23076923076923078	0.38461538461538464
Verszählung	fɛʁstsɛːlʊŋ	fɛʁstsɛlʊŋ	fɛɾstsɛlʊŋ	fɛɐstsɛlʊŋ	compound	vers|zählung	0.0	0.1	0.1	fɛʁst͡sɛlʊŋ	fɛɐ̯stsɛlʊŋ	0.09090909090909091	0.18181818181818182
Versäufers	fɛɐzɔʏfɐs	fɛɐzɔʏfɐs	fɛɾzɔøfɜs	fɛɐzɔɔʏfɛʁs	compound	versäufer|s	0.0	0.3333333333333333	0.2727272727272727	fɛɐ̯zɔɪ̯fɐs	fɛɐ̯zɔøfɛɾs	0.2727272727272727	0.36363636363636365
Versäumers	fɛɐzɔʏmɐs	fɛɐzɔʏmɐs	fɛɾzɔømɜs	fɛɐzɔɔʏmɛʁs	compound	versäumer|s	0.0	0.3333333333333333	0.2727272727272727	fɛɐ̯zɔɪ̯mɐs	fɛɐ̯zɔømɛɾs	0.2727272727272727	0.36363636363636365
Versöhnlichkeit	fɛɐzøːnlɪckaɪt	fɛɐzønlɪckaɪt	fɛɾzønlɪckaɪt	fɛɐzɔʏnlɪckəit	compound	versöhnlich|keit	0.0	0.07692307692307693	0.2857142857142857	fɛɐ̯zønlɪçkaɪ̯t	fɛɐ̯zønlɪçkəit	0.2	0.2857142857142857
Vervielfacher	fɛɐfiːlfaxɐ	fɛɐfilfaxəʁ	fɛɾfilfaxɜ	fɛɐvilfaxɐ	compound	vervielfache|r	0.18181818181818182	0.2	0.1	fɛɐ̯filfaxɐ	fɛɐ̯vilfaxɐ̯	0.09090909090909091	0.25
Vervielfachers	fɛɐfiːlfaxɐs	fɛɐfilfaxeɐs	fɛɾfilfaxɜs	fɛɐvilfaxɛʁs	compound	vervielfach|ers	0.08333333333333333	0.18181818181818182	0.25	fɛɐ̯filfaxɐs	fɛɐ̯vilfaxɛɾs	0.08333333333333333	0.3076923076923077
Vervierfacher	fɛɐfiːɐfaxɐ	fɛɐfiɐfaxəʁ	fɛɾfiɾfaxɜ	fɛɐviʁfaxɐ	compound	vervierfache|r	0.18181818181818182	0.3	0.2	fɛɐ̯fiɐ̯faxɐ	fɛɐ̯viɾfaxɐ̯	0.16666666666666666	0.3333333333333333
Vervierfachers	fɛɐfiːɐfaxɐs	fɛɐfiɐfaxeɐs	fɛɾfiɾfaxɜs	fɛɐviʁfaxɛʁs	compound	vervierfach|ers	0.08333333333333333	0.2727272727272727	0.3333333333333333	fɛɐ̯fiɐ̯faxɐs	fɛɐ̯viɾfaxɛɾs	0.15384615384615385	0.38461538461538464
Vervierzehnfachen	fɛɐfɪrtseːnfaxən	fɛɐfɪʁtsenfaxn	fɛɾfiɾtsenfaxən	fɛɐviʁtsenfaxən	compound	ver|vierzehn|fachen	0.14285714285714285	0.2	0.2	fɛɐ̯fɪʁt͡senfaxn̩	fɛɐ̯viɾtsenfaxən	0.29411764705882354	0.25
Vervierzehnfachung	fɛɐfɪrtseːnfaxʊŋ	fɛɐfɪʁtsenfaxʊnɡ	fɛɾfiɾtsenfaxʊŋ	fɛɐviʁtsenfaxʊŋ	compound	ver|vierzehn|fach|un|g	0.1875	0.2	0.2	fɛɐ̯fɪʁt͡senfaxʊŋ	fɛɐ̯viɾtsenfaxʊŋ	0.17647058823529413	0.25
Verwirkung	fɛɐvɪʁkʊŋ	fɛɐvɪʁkʊŋ	fɛɾvɪɾkʊŋ	fɛɐvɪʁkʊŋ	compound	ver|wirkung	0.0	0.2222222222222222	0.0	fɛɐ̯vɪʁkʊŋ	fɛɐ̯vɪɾkʊŋ	0.1	0.2
Verwöhner	fɛɐvøːnɐ	fɛɐvønəʁ	fɛɾvønɜ	fɛɐvɔʏnɐ	compound	verwöhne|r	0.25	0.2857142857142857	0.25	fɛɐ̯vønɐ	fɛɐ̯vønɐ̯	0.125	0.2222222222222222
Verzehnfacher	fɛɐtseːnfaxɐ	fɛɐtsenfaxəʁ	fɛɾtsenfaxɜ	fɛɐtsenfaxɐ	compound	verzehnfache|r	0.16666666666666666	0.18181818181818182	0.0	fɛɐ̯t͡senfaxɐ	fɛɐ̯tsenfaxɐ̯	0.15384615384615385	0.15384615384615385
Verzehnten	fɛɐtseːntn	fɛɐtsentn	fɛɾtsentən	fɛɐtsentən	compound	ver|zehnten	0.0	0.2	0.1	fɛɐ̯t͡sentn̩	fɛɐ̯tsentən	0.25	0.18181818181818182
Verzichtleistung	fɛɐtsɪctlaɪstʊŋ	fɛɐtsɪctlaɪstʊŋ	fɛɾtsɪctlaɪstʊŋ	fɛɐtsɪctlaestʊŋ	compound	verzicht|leistung	0.0	0.06666666666666667	0.06666666666666667	fɛɐ̯t͡sɪçtlaɪ̯stʊŋ	fɛɐ̯tsɪçtləɪstʊŋ	0.2222222222222222	0.1875
Verzwölffachen	fɛɐtsvœlffaxən	fɛɐtsvœlffaxn	fɛɾtsvœlfaxən	fɛɐtsvœlffaxən	compound	ver|zwölffachen	0.07692307692307693	0.15384615384615385	0.0	fɛɐ̯t͡svœlffaxn̩	fɛɐ̯tsvœlffaxən	0.25	0.06666666666666667
Veränderungsgrad	fɛɐɛndəʁʊŋsɡʁaːt	fɛɐɛndəʁʊŋsɡʁat	fɛɾɛnderʊŋsɡɾɑt	fɛɐɛndɐʊŋzgʁat	compound	veränderung|s|grad	0.0	0.3333333333333333	0.2857142857142857	fɛɐ̯ɛndəʁʊŋsɡʁat	fɛɐ̯ɛndeɾʊŋzgɾɑt	0.0625	0.4375
Veränderungsgrade	fɛɐɛndəʁʊŋsɡʁaːdə	fɛɐɛndəʁʊŋsɡʁadə	fɛɾɛnderʊŋsɡɾɑdə	fɛɐɛndɐʊŋzgʁadə	compound	veränderung|s|grade	0.0	0.3125	0.26666666666666666	fɛɐ̯ɛndəʁʊŋsɡʁadə	fɛɐ̯ɛndeɾʊŋzgɾɑdə	0.058823529411764705	0.4117647058823529
Veränderungsgrades	fɛɐɛndəʁʊŋsɡʁaːdəs	fɛɐɛndəʁʊŋsɡʁadəs	fɛɾɛnderʊŋsɡɾɑdəs	fɛɐɛndɐʊŋzgʁadəs	compound	veränderung|s|grades	0.0	0.29411764705882354	0.25	fɛɐ̯ɛndəʁʊŋsɡʁadəs	fɛɐ̯ɛndeɾʊŋzgɾɑdəs	0.05555555555555555	0.3888888888888889
Veränderungsgrads	fɛɐɛndəʁʊŋsɡʁaːts	fɛɐɛndəʁʊŋsɡʁats	fɛɾɛnderʊŋsɡɾats	fɛɐɛndɐʊŋzgʁats	compound	veränderung|s|grads	0.0	0.25	0.26666666666666666	fɛɐ̯ɛndəʁʊŋsɡʁat͡s	fɛɐ̯ɛndeɾʊŋzgɾats	0.1111111111111111	0.35294117647058826
Veränderungswille	fɛɐɛndəʁʊŋsvɪlə	fɛɐɛndəʁʊŋsvɪlə	fɛɾɛnderʊŋsvɪlə	fɛɐɛndɐʊŋsvɪllə	compound	veränderung|s|wille	0.0	0.2	0.2	fɛɐ̯ɛndəʁʊŋsvɪlə	fɛɐ̯ɛndeɾʊŋsvɪllə	0.0625	0.23529411764705882
Verärgerungen	fɛɐɛɐɡɐʀʊŋən	fɛɐɛɐɡɐʁʊŋɛn	fɛɾɛɾɡərʊŋən	fɛɐɛʁgɐʊŋən	compound	verärgerung|en	0.16666666666666666	0.3333333333333333	0.2727272727272727	fɛɐ̯ɛʁɡəʁʊŋən	fɛɐ̯ɛɾgɐ̯ʊŋən	0.3076923076923077	0.3076923076923077
Viehstock	fiːʃtɔk	fiʃtɔk	fihstɔk	vistɔk	compound	vieh|stock	0.0	0.2857142857142857	0.3333333333333333	fiʃtɔk	vistɔk	0.0	0.3333333333333333
Vielfarbigkeit	fiːlfaʁbɪckaɪt	filfaʁbɪkaɪt	filfaɾbɪckaɪt	vilfaʁbɪkkəit	compound	vielfarbig|keit	0.08333333333333333	0.07692307692307693	0.3076923076923077	filfaʁbɪkkaɪ̯t	vilfaɾbɪkkəit	0.14285714285714285	0.38461538461538464
Vielliebchen	fiːlliːpcən	fillipcən	fillibcən	villibcən	compound	viellieb|chen	0.0	0.1111111111111111	0.2222222222222222	fillipçən	villibçən	0.1111111111111111	0.3333333333333333
Vierflächner	fiːɐflɛcnɐ	fiɐflɛcnɐ	fiɾflɛcnɜ	viʁflɛcnɐ	compound	vier|fl|ä|ch|ner	0.0	0.2222222222222222	0.2222222222222222	fiɐ̯flɛçnɐ	viɾflɛçnɐ̯	0.2	0.4
Vierflächners	fiːɐflɛcnɐs	fiɐflɛcnɐs	fiɾflɛcnɜs	viʁflɛcnɛʁs	compound	vier|fl|ä|ch|ner|s	0.0	0.2	0.36363636363636365	fiɐ̯flɛçnɐs	viɾflɛçnɛɾs	0.18181818181818182	0.45454545454545453
Vierfürst	fiːɐfʏʁst	fiɐfʏʁst	fiɾfyɾst	viʁfʏʁst	compound	vier|fürst	0.0	0.375	0.25	fiɐ̯fʏʁst	viɾfʏɾst	0.1111111111111111	0.375
Vierterl	fiːʁtɛʁl	fiɐtɐl	fiɾtɜl	viʁtɐl	compound	vierter|l	0.5	0.5	0.5	fiɐ̯tɐl	viɾtɛɾl	0.5714285714285714	0.42857142857142855
Vierunddreissigstel	fiːɐʊntdʁaɪsɪcstəl	fiɐʊntdʁaɪsɪcstel	firʊndɾaɪsɪcstəl	viʁʊndʁaeszɪgstəl	compound	vier|unddreissigst|el	0.058823529411764705	0.1875	0.35294117647058826	fiɐ̯ʊntdʁaɪ̯sɪkstl̩	viɾʊnddɾaeszɪgstel	0.2631578947368421	0.4444444444444444
Vierunddreißigeck	fiːɐʊntdʁaɪsɪcɛk	fiɐʊntdʁaɪsɪkɛk	firʊndɾaɪsɪɡɛk	viʁʊndʁaeszɪgɛk	compound	vierunddreißig|eck	0.06666666666666667	0.2857142857142857	0.4	fiɐ̯ʊntdʁaɪ̯sɪɡək	viɾʊnddɾaezigɛk	0.23529411764705882	0.5333333333333333
Vierunddreißigecke	fiːɐʊntdʁaɪsɪcɛkə	fiɐʊntdʁaɪsɪkɛkə	firʊndɾaɪsɪɡɛkə	viʁʊndʁaeszɪgɛkə	compound	vierunddreißig|ecke	0.0625	0.26666666666666666	0.375	fiɐ̯ʊntdʁaɪ̯sɪɡəɛkə	viɾʊnddɾaezigɛkə	0.21052631578947367	0.5
Vierunddreißigeckes	fiːɐʊntdʁaɪsɪcɛkəs	fiɐʊntdʁaɪsɪkɛkəs	firʊndɾaɪsɪɡɛkəs	viʁʊndʁaeszɪgɛkəs	compound	vierunddreißig|eckes	0.058823529411764705	0.25	0.35294117647058826	fiɐ̯ʊntdʁaɪ̯sɪɡəkəs	viɾʊnddɾaezigɛkəs	0.21052631578947367	0.47058823529411764
Vierunddreißigecks	fiːɐʊntdʁaɪsɪcɛks	fiɐʊntdʁaɪsɪkɛks	firʊndɾaɪsɪɡɛks	viʁʊndʁaeszɪgɛks	compound	vierunddreißig|ecks	0.0625	0.26666666666666666	0.375	fiɐ̯ʊntdʁaɪ̯sɪɡəɛks	viɾʊnddɾaejigɛks	0.21052631578947367	0.5
Vierunddreißigstel	fiːɐʊntdʁaɪsɪcstəl	fiɐʊntdʁaɪsɪkstəl	firʊndɾaɪsɪcstəl	viʁʊndʁaeszɪgstəl	compound	vierunddreißigste|l	0.058823529411764705	0.1875	0.35294117647058826	fiɐ̯ʊntdʁaɪ̯sɪkstl̩	viɾʊnddɾaejɪgstel	0.2631578947368421	0.47058823529411764
Vierundfünfzigjährige	fɪɐʊntfʏnftsɪcjɛːʁɪɡə	fiɐʊntfʏnftsɪkjɛʁɪɡə	firʊntfynftsɪɡjɛrɪɡə	viʁʊntfʏnftsɪkjɛʁɪgə	compound	vierundfünfzig|jährige	0.1	0.25	0.25	fiɐ̯ʊntfʏnft͡sɪkjɛʁɪɡə	viɾʊntfʏnftsɪkjɛɾɪgə	0.18181818181818182	0.3
Vierundfünfzigjähriger	fɪɐʊntfʏnftsɪcjɛːʁɪɡɐ	fiɐʊntfʏnftsɪkjɛʁɪɡɐ	firʊntfynftsɪɡjɛrɪɡɜ	viʁʊntfʏnftsɪkjɛʁɪgɐ	compound	vierundfünfzig|jähriger	0.1	0.3	0.25	fiɐ̯ʊntfʏnft͡sɪkjɛʁɪɡɐ	viɾʊntfʏnftsɪkjɛɾɪgɐ̯	0.18181818181818182	0.3333333333333333
Vierundvierzigstel	fiːɐʊntfɪʁtsɪcstəl	fiɐʊntfɪʁtsɪkstəl	firʊndviɾtsɪcstəl	viʁʊntviʁtsɪgstəl	compound	vierundvierzig|ste|l	0.058823529411764705	0.29411764705882354	0.29411764705882354	fiɐ̯ʊntfɪʁt͡sɪkstəl	viɾʊntviɾtsɪgstel	0.15789473684210525	0.4117647058823529
Vierundvierzigstels	fiːɐʊntfɪʁtsɪcstəls	fiɐʊntfɪʁtsɪkstls	firʊndviɾtsɪcstəls	viʁʊntviʁtsɪgstɛls	compound	vier|und|vierzigstels	0.11764705882352941	0.2777777777777778	0.3333333333333333	fiɐ̯ʊntfɪʁt͡sɪkstəls	viɾʊntviɾtsɪgstɛls	0.15	0.3888888888888889
Vierundzwanzigstel	fiːɐʊnttsvantsɪcstəl	fiɐʊnttsvantsɪkstəl	firʊnttsvantsɪcstəl	viʁʊnttsvantsɪgstəl	compound	vierundzwanzigste|l	0.05263157894736842	0.05263157894736842	0.15789473684210525	fiɐ̯ʊntt͡svant͡sɪkstəl	viɾʊnttsvantsɪgstel	0.18181818181818182	0.21052631578947367
Vierundzwanzigstels	fiːɐʊnttsvantsɪcstəls	fiɐʊnttsvantsɪkstəls	firʊnttsvantsɪcstəls	viʁʊnttsvantsɪgstɛls	compound	vierundzwanzigste|l|s	0.05	0.05	0.2	fiɐ̯ʊntt͡svant͡sɪkstəls	viɾʊnttsvantsɪgstɛls	0.17391304347826086	0.2
Vierzehntel	fɪʁtseːntəl	fɪʁtsentəl	fiɾtsentəl	viʁtsentəl	compound	vierzehnte|l	0.0	0.2	0.2	fɪʁt͡sentl̩	viɾtsentel	0.2727272727272727	0.4
Vogelhochzeit	foːɡlhɔxtsaɪt	foɡlhoxtsaɪt	foɡəlhoxtsaɪt	vogelɔxtsəit	compound	vogel|hochzeit	0.08333333333333333	0.15384615384615385	0.5	foɡl̩hɔxt͡saɪ̯t	vogɛlɔxtsəit	0.2	0.5
Vogelmilch	foːɡlmɪlc	foɡlmɪlc	foɡəlmɪlc	vogɛlmɪlc	compound	vogel|milch	0.0	0.1111111111111111	0.3333333333333333	foɡl̩mɪlç	vogɛlmɪlç	0.2222222222222222	0.4444444444444444
Vogelschutzgebiete	foːɡlʃʊtsɡəbiːtə	foɡlʃʊtsɡəbitə	foɡəlʃʊtsɡebitə	vogɛlʃʊtsgebiətə	compound	vogel|schutzgebiete	0.0	0.13333333333333333	0.375	foɡl̩ʃʊt͡sɡəbitə	vogɛlʃʊtsgebiətə	0.125	0.375
Vogelschutzgebieten	foːɡlʃʊtsɡəbiːtn	foɡlʃʊtsɡəbitn	foɡəlʃʊtsɡebitən	vogɛlʃʊtsgebiətən	compound	vogel|schutzgebieten	0.0	0.1875	0.4117647058823529	foɡl̩ʃʊt͡sɡəbitn̩	vogɛlʃʊtsgebiətən	0.17647058823529413	0.4117647058823529
Vogelschutzgebietes	foːɡlʃʊtsɡəbiːtəs	foɡlʃʊtsɡəbitəs	foɡəlʃʊtsɡebitəs	vogɛlʃʊtsgebiətəs	compound	vogel|schutzgebietes	0.0	0.125	0.35294117647058826	foɡl̩ʃʊt͡sɡəbitəs	vogɛlʃʊtsgebiətəs	0.11764705882352941	0.35294117647058826
Vogelschutzgebiets	foːɡlʃʊtsɡəbiːts	foɡlʃʊtsɡəbits	foɡəlʃʊtsɡebits	vogɛlʃʊtsgebits	compound	vogel|schutzgebiets	0.0	0.13333333333333333	0.3333333333333333	foɡl̩ʃʊt͡sɡəbit͡s	vogɛlʃʊtsgebits	0.17647058823529413	0.3333333333333333
Vogelschützer	foːɡəlʃʏtsɐ	foɡlʃʏtsɐ	foɡəlʃytsɜ	vogɛlʃʏtsɐ	compound	vogel|schützer	0.1111111111111111	0.2	0.3	foɡl̩ʃʏt͡sɐ	vogɛlʃʏtsɐ̯	0.2727272727272727	0.36363636363636365
Vogeltränke	foːɡəltʁɛŋkə	foɡltʁɛŋkə	foɡəltɾɛŋkə	vogɛltʁɛŋkə	compound	vogel|tränke	0.1	0.09090909090909091	0.2727272727272727	foɡl̩tʁɛŋkə	vogɛltɾɛŋkə	0.18181818181818182	0.36363636363636365
Voicemail	vɔɪsmɛɪl	voikemaɪl	voikemaɪl	foitsemail	compound	v|o|i|c|email	0.5555555555555556	0.5555555555555556	0.7	vɔɪsmeɪl	voitsemɑil	0.125	0.6
Vola	voːla	vola	volɑ	vola	compound	v|o|la	0.0	0.25	0.0	vola	volɑ	0.0	0.25
Volksauflauf	fɔlksʔaʊflaʊf	fɔlksaʊflaʊf	fɔlksaʊflaʊf	vɔlkzaoflaof	compound	volks|auflauf	0.0	0.0	0.3333333333333333	fɔlksaʊ̯flaʊ̯f	vɔlkzaoflaof	0.14285714285714285	0.3333333333333333
Volksbezeichnung	fɔlksbətsaɪcnʊŋ	fɔlksbətsaɪcnʊŋ	fɔlksbetsaɪcnʊŋ	vɔlksbetsaecnʊŋ	compound	volks|bezeichnung	0.0	0.06666666666666667	0.2	fɔlksbət͡saɪ̯çnʊŋ	vɔlksbetsaeçnʊŋ	0.17647058823529413	0.26666666666666666
Volksgeist	fɔlksɡaɪst	fɔlksɡaɪst	fɔlksɡaɪst	vɔlksgəɪst	compound	volks|geist	0.0	0.0	0.3	fɔlksɡaɪ̯st	vɔlksgəɪst	0.09090909090909091	0.3
Volksliste	fɔlkslɪstə	fɔlkslɪstə	fɔlkslɪstə	vɔlkslɪstə	compound	volks|liste	0.0	0.0	0.1	fɔlkslɪstə	vɔlkslɪstə	0.0	0.1
Volkszugehörigkeit	fɔlkstsuːɡəhøːʁɪckaɪt	fɔlkstsuɡəhøʁɪkaɪt	fɔlkstsuɡeørɪckaɪt	vɔlkstsugəhøʁɪkkəit	compound	volks|zugehörigkeit	0.05555555555555555	0.16666666666666666	0.2631578947368421	fɔlkst͡suɡəhøʁɪkkaɪ̯t	vɔlkstsugeøɾɪkkəit	0.14285714285714285	0.4444444444444444
Volkszugehörigkeiten	fɔlkstsuːɡəhøːʁɪckaɪtn	fɔlkstsuɡəhøʁɪkaɪtn	fɔlkstsuɡeørɪckaɪtən	vɔlkstsugəhøʁɪkkəitən	compound	volks|zugehörigkeiten	0.05263157894736842	0.2	0.2857142857142857	fɔlkst͡suɡəhøʁɪkkaɪ̯tn̩	vɔlkstsugeøɾɪkkəitən	0.17391304347826086	0.45
Vollfüllen	fɔlfʏlən	fɔlfʏlən	fɔlfylən	vɔllfʏllən	compound	voll|füllen	0.0	0.125	0.3	fɔlfʏlən	vɔllfʏllən	0.0	0.3
Vollkerf	fɔlkɛrf	fɔlkɛʁf	fɔlkɛɾf	vɔllkɛʁf	compound	voll|kerf	0.14285714285714285	0.14285714285714285	0.375	fɔlkɛʁf	vɔllkɛɾf	0.14285714285714285	0.375
Vollplastik	fɔlplastɪk	fɔlplastɪk	fɔlplastik	vɔllplastik	compound	voll|plastik	0.0	0.1	0.2727272727272727	fɔlplastɪk	vɔllplastik	0.0	0.2727272727272727
Vollstreckungstitel	fɔlʃtʁɛkʊŋstiːtl	fɔlʃtʁɛkʊŋstitl	fɔlstɾɛkʊŋstitəl	vɔllstʁɛkʊŋstitel	compound	vollstreckung|s|titel	0.0	0.1875	0.23529411764705882	fɔlʃtʁɛkʊŋstitl̩	vɔllstɾɛkʊŋstitel	0.0625	0.29411764705882354
Volltextsuche	fɔltɛkstzuːxə	fɔltɛkstzuxə	fɔltɛkstzuxə	vɔlltɛkstzʊxə	compound	volltext|suche	0.0	0.0	0.23076923076923078	fɔltɛkstzuxə	vɔlltɛkstzʊxə	0.0	0.23076923076923078
Vorausahnen	foʁaʊsʔaːnən	foʁaʊsanən	foraʊsɑnən	foɐʁaozanən	compound	voraus|ahnen	0.0	0.2	0.2727272727272727	foʁaʊ̯sanən	foɐɾaosɑnən	0.09090909090909091	0.36363636363636365
Voraushaben	foʁaʊshaːbən	foʁaʊshabn	foraʊshɑbən	foɐʁaoshabən	compound	voraus|haben	0.1	0.18181818181818182	0.16666666666666666	foʁaʊ̯shabn̩	foɐɾaoshɑbən	0.25	0.3333333333333333
Vorauslaufen	foʁaʊslaʊfən	foʁaʊslaʊfn	foraʊslaʊfən	foɐʁaoslaofən	compound	voraus|laufen	0.09090909090909091	0.08333333333333333	0.23076923076923078	foʁaʊ̯slaʊ̯fn̩	foɐɾaoslaofən	0.2857142857142857	0.3076923076923077
Vorderkante	fɔʁdɐkantə	fɔʁdɐkantə	fɔɾdɜkantə	foɐdɛʁkantə	compound	vorder|kante	0.0	0.2	0.36363636363636365	fɔʁdɐkantə	foɐ̯dɛɾkɑntə	0.0	0.5
Vorgewende	foːɐɡəvɛndə	foɐɡevɛndə	foɾɡəvɛndə	foɐgəvɛndə	compound	vor|ge|wende	0.1	0.1	0.1	foɐ̯ɡəvɛndə	foɐ̯gəvɛndə	0.09090909090909091	0.18181818181818182
Vorlicek	vɔrlɪtʃɛk	vɔɾlikek	foɾlikek	foɐlitsk	compound	vorl|i|c|ek	0.625	0.875	0.75	foɐ̯lɪçɛk	foɐ̯litsek	0.6666666666666666	0.7
Vormauer	foːɐmaʊɐ	foɐmaʊɐ	foɾmaʊɜ	foɐmaoɐ	compound	vorm|auer	0.0	0.2857142857142857	0.14285714285714285	foɐ̯maʊ̯ɐ	foɐ̯maoɐ̯	0.2222222222222222	0.3333333333333333
Vormensch	fɔʀmɛnʃ	foɐmɛnʃ	foɾmɛnʃ	foɐmɛnʃ	compound	vor|mensch	0.2857142857142857	0.2857142857142857	0.2857142857142857	foɐ̯mɛnʃ	foɐ̯mɛnʃ	0.375	0.375
Vorrangigkeit	foːɐʁaŋɪckaɪt	foɐʁaŋɪkaɪt	foɾraŋɪckaɪt	foɐʁaŋɪkkəit	compound	vorrangig|keit	0.09090909090909091	0.16666666666666666	0.25	foɐ̯ʁaŋɪkkaɪ̯t	foɐ̯ɾaŋɪkkəit	0.21428571428571427	0.38461538461538464
Vorstellungsdauer	foːɐʃtɛlʊŋsdaʊɐ	foɐʃtɛlʊŋsdaʊɐ	foɾʃtɛlʊŋsdaʊɜ	foɐʃtɛllʊŋsdaoɐ	compound	vorstellung|s|dauer	0.0	0.14285714285714285	0.13333333333333333	foɐ̯ʃtɛlʊŋsdaʊ̯ɐ	foɐ̯ʃtɛllʊŋsdaoɐ̯	0.125	0.23529411764705882
Vorstellungsende	foːɐʃtɛlʊŋsɛndə	foɐʃtɛlʊŋzɛndə	foɾʃtɛlʊŋzəndə	foɐʃtɛllʊŋzɛndə	compound	vorstellung|sende	0.07142857142857142	0.21428571428571427	0.13333333333333333	foɐ̯ʃtɛlʊŋsɛndə	foɐ̯ʃtɛllʊŋzɛndə	0.06666666666666667	0.1875
Vulkankegel	vʊlkaːnkeːɡəl	vʊlkankeɡl	vʊlkankeɡəl	vʊlkaŋkegəl	compound	vulkan|kegel	0.1	0.0	0.18181818181818182	vʊlkankeɡl̩	vʊlkaŋkegel	0.18181818181818182	0.2727272727272727
Väterlichkeit	fɛːtɐlɪckaɪt	fɛtɐlɪckaɪt	fɛtɜlɪckaɪt	vɛtɐlɪckəit	compound	väterlich|keit	0.0	0.09090909090909091	0.2727272727272727	fɛtɐlɪçkaɪ̯t	vɛtɛɾlɪçkəit	0.16666666666666666	0.5
Völkerfrühling	fœlkɐfʁyːlɪŋ	fœlkɐfʁylɪŋ	fœlkɜfrylɪŋ	vœlkɛʁfʁylɪŋ	compound	völker|frühling	0.0	0.18181818181818182	0.25	fœlkɐfʁylɪŋ	vœlkɛɾfɾylɪŋ	0.0	0.3333333333333333
Wabenhonig	vaːbənhoːnɪk	vabnhonɪk	vɑbənhonɪc	vabənonɪc	compound	waben|honig	0.1111111111111111	0.2	0.2222222222222222	vabn̩honɪk	vɑbɛnonɪç	0.2	0.4444444444444444
Wachsfigürchen	vaksfiɡyːɐcən	vaksfiɡyɐcən	vaxsfɪɡyɾcən	vaxsfɪgʏʁcən	compound	wachs|figürchen	0.0	0.25	0.4166666666666667	vaksfiɡyʁçn̩	vaxsfigʏɾçən	0.3333333333333333	0.4166666666666667
Wachsfigürlein	vaksfiɡyːɐlaɪn	vaksfiɡyʁlaɪn	vaxsfɪɡyɾlaɪn	vaxsfɪgʏʁlaen	compound	wachs|fi|g|ü|r|lein	0.07692307692307693	0.23076923076923078	0.46153846153846156	vaksfiɡyɐ̯ləɪn	vaxsfigʏɾləɪn	0.14285714285714285	0.38461538461538464
Wachstumsfaktor	vakstuːmsfaktoːɐ	vakstumsfaktoɐ	vakstumsfaktoɾ	vaxstʊmsfaktoʁ	compound	wachstums|faktor	0.0	0.07142857142857142	0.21428571428571427	vakstumsfaktoɐ̯	vaxstʊmsfaktoɾ	0.06666666666666667	0.21428571428571427
Waffenhaus	vafnhaʊs	vafnhaʊs	vafənhaʊs	vaffɛnaos	compound	waffen|haus	0.0	0.1111111111111111	0.4444444444444444	vafn̩haʊ̯s	vaffɛnaos	0.2	0.4444444444444444
Wahlbetrügerin	vaːlbətʁyːɡəʁɪn	valbətʁyɡɐɪn	vɑlbɛtɾyɡərɪn	valbɛtʁygeʁɪn	compound	wahlbetrüger|in	0.16666666666666666	0.3076923076923077	0.23076923076923078	valbətʁyɡəʁɪn	vɑlbɛtɾygɐ̯ɪn	0.0	0.46153846153846156
Wahlbetrügerinnen	vaːlbətʁyːɡəʁɪnən	valbətʁyɡɐɪnən	vɑlbɛtɾyɡerɪnən	valbɛtʁygeʁɪnnən	compound	wahlbetrüger|innen	0.14285714285714285	0.3333333333333333	0.25	valbətʁyɡəʁɪnən	vɑlbɛtɾygeɾɪnnən	0.0	0.4375
Wahlbroschüre	vaːlbʁɔʃyːʁə	valbʁoʃyʁə	vɑlbɾɔʃyrə	valbʁɔʃyʁe	compound	wahl|broschüre	0.1	0.3	0.1	valbʁoʃyʁə	vɑlbrɔʃyɾə	0.1	0.3
Wahlkandidat	vaːlkandidaːt	valkandidat	vɑlkandidɑt	valkandidat	compound	wahl|kandidat	0.0	0.18181818181818182	0.0	valkandidat	vɑlkandidɑt	0.0	0.18181818181818182
Wahlkandidaten	vaːlkandidaːtən	valkandidatn	vɑlkandidɑtən	valkandidatən	compound	wahl|kandidaten	0.08333333333333333	0.15384615384615385	0.0	valkandidatn̩	vɑlkandidɑtən	0.15384615384615385	0.15384615384615385
Wahlkandidatin	vaːlkandidaːtɪn	valkandidatɪn	vɑlkandidatɪn	valkandidatɪn	compound	wahl|kandidatin	0.0	0.07692307692307693	0.0	valkandidatɪn	vɑlkandidɑtɪn	0.0	0.15384615384615385
Wahlkandidatinnen	vaːlkandidaːtɪnən	valkandidatɪnən	vɑlkandidatɪnən	valkandidatɪnnən	compound	wahl|kandidatinnen	0.0	0.06666666666666667	0.0625	valkandidatɪnən	vɑlkandidɑtɪnnən	0.0	0.1875
Wahlkreisbewohnerin	vaːlkʁaɪsbəvoːnɐʁɪn	valkʁaɪsbəvonəʁɪn	vɑlkɾaɪsbevonərɪn	valkʁaesbevonɐɪn	compound	wahlkreis|bewohnerin	0.058823529411764705	0.29411764705882354	0.1875	valkʁaɪ̯sbəvonəʁɪn	vɑlkɾaesbevonɐ̯ɪn	0.1111111111111111	0.29411764705882354
Wahlprospekt	vaːlpʁospɛkt	valpʁospɛkt	vɑlpɾɔspɛkt	valpʁɔspɛkt	compound	wahl|prospekt	0.0	0.2727272727272727	0.09090909090909091	valpʁospɛkt	vɑlpɾɔspɛkt	0.0	0.2727272727272727
Waldelb	valtɛlp	valtɛlp	valdɛlp	valdɛlp	compound	wald|elb	0.0	0.14285714285714285	0.14285714285714285	valtɛlp	valdɛlp	0.0	0.14285714285714285
Waldelben	valtɛlbən	valtɛlbən	valdɛlbən	valdɛlbən	compound	wald|elben	0.0	0.1111111111111111	0.1111111111111111	valtɛlbn̩	valdɛlbən	0.2222222222222222	0.1111111111111111
Waldkatze	valtkatsə	valtkatsə	valtkatsə	valtkatsə	compound	wald|katze	0.0	0.0	0.0	valtkat͡sə	valtkatsə	0.1	0.0
Waldkatzen	valtkatsn	valtkatsn	valtkatsən	valtkatsən	compound	wald|katzen	0.0	0.1	0.1	valtkat͡sn̩	valtkatsən	0.18181818181818182	0.1
Waldmurmeltieren	valtmʊʁmltiːʁən	valtmʊʁmltiʁən	valdm??məltirən	valtmʊʁmɛltiʁən	compound	wald|murmeltieren	0.0	0.3333333333333333	0.06666666666666667	valtmʊʁml̩tiʁən	valtmʊɾmɛltiɾen	0.06666666666666667	0.26666666666666666
Waldschnepfen	valtʃnɛpfən	valtʃnɛpfn	valtʃnɛpfən	valtstsnɛpfən	compound	wald|schnepfen	0.1	0.0	0.23076923076923078	valtʃnɛp͡fn̩	valtstsnɛpfən	0.25	0.23076923076923078
Waldteufel	valttɔɪfl	valttɔɪfl	valtɔøfəl	valtɔɔʏfel	compound	wald|teufel	0.0	0.3333333333333333	0.3	valttɔɪ̯fl̩	valtɔøfel	0.18181818181818182	0.3333333333333333
Waldwasserläufer	valtvasɐlɔɪfɐ	valtvasɐlɔɪfɐ	valdvasɜlɔøfɜ	valtvaszɛʁlɔɔʏfɐ	compound	wald|wasserläufer	0.0	0.3076923076923077	0.3125	valtvasɐlɔɪ̯fɐ	valtvaszɛɾlɔøfɐ̯	0.07142857142857142	0.3125
Walnusskern	valnʊskɛʁn	valnʊskɛʁn	valnʊskɜn	valnʊsskɛʁn	compound	walnuss|kern	0.0	0.2222222222222222	0.09090909090909091	valnʊskɛʁn	valnʊsskɛɾn	0.0	0.18181818181818182
Walnusskerne	valnʊskɛʁnə	valnʊskɛʁnə	valnʊskɜnə	valnʊsskɛʁnə	compound	walnuss|kerne	0.0	0.2	0.08333333333333333	valnʊskɛʁnə	valnʊsskɛɾnə	0.0	0.16666666666666666
Walnusskernes	valnʊskɛʁnəs	valnʊskɛʁnəs	valnʊskɜnəs	valnʊsskɛʁnəs	compound	walnuss|kernes	0.0	0.18181818181818182	0.07692307692307693	valnʊskɛʁnəs	valnʊsskɛɾnəs	0.0	0.15384615384615385
Walnusskerns	valnʊskɛʁns	valnʊskɛʁns	valnʊskɜns	valnʊsskɛʁns	compound	walnuss|kerns	0.0	0.2	0.08333333333333333	valnʊskɛʁns	valnʊsskɛɾns	0.0	0.16666666666666666
Walnußkern	valnʊskɛʁn	valnuskɛʁn	valnʊskɜn	valnʊsskɛʁn	compound	wal|nu|ß|kern	0.1	0.2222222222222222	0.09090909090909091	valnʊskɛʁn	valnʊskɛɾn	0.0	0.1
Wandermönch	vandɐmœnc	vandɐmœnc	vandɜmœnc	vandɛʁmœnc	compound	wander|mönch	0.0	0.1111111111111111	0.2	vandɐmœnç	vandɛɾmœnç	0.1111111111111111	0.3
Wandermönche	vandɐmœncə	vandɐmœncə	vandɜmœncə	vandɛʁmœncə	compound	wander|mönche	0.0	0.1	0.18181818181818182	vandɐmœnçə	vandɛɾmœnçə	0.1	0.2727272727272727
Wandermönchen	vandɐmœncn	vandɐmœncn	vandɜmøncən	vandɛʁmœncən	compound	wander|mönchen	0.0	0.2727272727272727	0.25	vandɐmœnçn̩	vandɛɾmœnçən	0.18181818181818182	0.3333333333333333
Wandermönches	vandɐmœncəs	vandɐmœncəs	vandɜmœncəs	vandɛʁmœncəs	compound	wander|mönches	0.0	0.09090909090909091	0.16666666666666666	vandɐmœnçəs	vandɛɾmœnçəs	0.09090909090909091	0.25
Wandermönchs	vandɐmœncs	vandɐmœncs	vandɜmœnks	vandɛʁmœntss	compound	wander|mönchs	0.0	0.2	0.3333333333333333	vandɐmœnçs	vandɛɾmœntss	0.1	0.3333333333333333
Wanderwort	vandɐrvɔrt	vandɐvɔʁt	vandɜvɔɾt	vandɛʁvɔʁt	compound	wander|wort	0.2222222222222222	0.3333333333333333	0.3	vandɐvɔʁt	vandɛɾvɔɾt	0.2222222222222222	0.3
Wappenbeschreibung	vapənbəʃʁaɪbʊŋ	vapənbəʃʁaɪbʊŋ	vapənbəʃraɪbʊŋ	vappɛnbəʃʁaebʊŋ	compound	wappen|beschreibung	0.0	0.07142857142857142	0.2	vapn̩bəʃʁaɪ̯bʊŋ	vappɛnbɛʃɾaebʊŋ	0.2	0.3333333333333333
Wappenbeschreibungen	vapənbəʃʁaɪbʊŋən	vapənbəʃʁaɪbʊŋən	vapənbəʃraɪbʊŋən	vappɛnbəʃʁaebʊŋən	compound	wappen|beschreibungen	0.0	0.0625	0.17647058823529413	vapn̩bəʃʁaɪ̯bʊŋən	vappɛnbɛʃɾaebʊŋən	0.17647058823529413	0.29411764705882354
Wappenbuch	vapənbuːx	vapənbux	vapənbʊx	vappɛnbʊx	compound	wappen|buch	0.0	0.125	0.3333333333333333	vapn̩bux	vappɛnbʊx	0.25	0.3333333333333333
Wappenbuche	vapnbuːxə	vapənbuxə	vapənbʊxə	vappɛnbʊxə	compound	wappen|buche	0.1111111111111111	0.2222222222222222	0.3	vapn̩buxə	vappɛnbʊxə	0.1111111111111111	0.3
Wappenbuches	vapənbuːxəs	vapənbuxəs	vapənbʊxəs	vappɛnbʊxəs	compound	wappen|buches	0.0	0.1	0.2727272727272727	vapn̩buxəs	vappɛnbʊxəs	0.2	0.2727272727272727
Wappenbuchs	vapənbuːxs	vapənbuxs	vapənbʊxs	vappɛnbʊks	compound	wappen|buchs	0.0	0.1111111111111111	0.4	vapn̩buxs	vappɛnbʊks	0.2222222222222222	0.4
Wappenbücher	vapənbyːcɐ	vapənbycɐ	vapənbycɜ	vappɛnbʏcɐ	compound	wappen|bücher	0.0	0.1111111111111111	0.3	vapn̩byçɐ	vappɛnbʏçɐ̯	0.3333333333333333	0.45454545454545453
Wappenbüchern	vapnbyːcɐn	vapənbycɐn	vapənbycɜn	vappɛnbʏcɛʁn	compound	wappen|büchern	0.1	0.2	0.4166666666666667	vapn̩byçɐn	vappɛnbʏçɛɾn	0.2	0.5
Wappenbüchlein	vapənbyːclaɪn	vapənbyclaɪn	vapənbyclaɪn	vappɛnbʏcləɪn	compound	wappen|büchlein	0.0	0.0	0.3076923076923077	vapn̩byçlaɪ̯n	vappɛnbʏçləɪn	0.3076923076923077	0.38461538461538464
Wappenbüchleins	vapənbyːclaɪns	vapənbyclaɪns	vapənbyclaɪns	vappɛnbʏclaens	compound	wappen|büchleins	0.0	0.0	0.2857142857142857	vapn̩byxlaɪ̯ns	vappɛnbʏçlaens	0.2857142857142857	0.35714285714285715
Wappenlehre	vapənleːʁə	vapənleʁə	vapənlerə	vappɛnleʁə	compound	wappen|lehre	0.0	0.1111111111111111	0.2	vapn̩leʁə	vappɛnleɾə	0.2222222222222222	0.3
Warenmuster	vaːʁənmʊstɐ	vaʁənmʊstɐ	vɑrənmʊstɜ	vaʁɛnmʊstɐ	compound	waren|muster	0.0	0.3	0.1	vaʁənmʊstɐ	vɑɾɛnmʊstɐ̯	0.0	0.36363636363636365
Warenregal	vaːʁənʁeɡaːl	vaʁənʁeɡal	vɑrənreɡɑl	vaʁɛnʁegal	compound	waren|regal	0.0	0.4	0.2	vaʁənʁeɡal	vɑɾɛnɾegal	0.0	0.5
Warensendung	vaːʁənzɛndʊŋ	vaʁənsɛndʊŋ	vɑrənzɛndʊŋ	vaʁɛnzɛndʊŋ	compound	warens|endung	0.09090909090909091	0.18181818181818182	0.09090909090909091	vaʁənzɛndʊŋ	vɑɾɛnzɛndʊŋ	0.0	0.2727272727272727
Warnblinklicht	vaʁnblɪŋklɪct	vaʁnblɪŋklɪct	vaɾnblɪŋklɪct	vaʁnblɪŋklɪct	compound	warn|blinklicht	0.0	0.07692307692307693	0.0	vaʁnblɪŋklɪçt	vaɾnblɪŋklɪçt	0.07692307692307693	0.15384615384615385
Wartestellung	vaʁtəʃtɛlʊŋ	vaʁtəʃtɛlʊŋ	vaɾtɛʃtɛlʊŋ	vaʁtɛstɛllʊŋ	compound	warte|stellung	0.0	0.18181818181818182	0.25	vaʁtəʃtɛlʊŋ	vaɾtɛstɛllʊŋ	0.0	0.3333333333333333
Warzenhof	vartsnhoːf	vaʁtsnhof	vaɾtsənhof	vaʁtsɛnhof	compound	warzen|hof	0.1111111111111111	0.2	0.2	vaʁt͡sn̩hof	vaɾtsɛnof	0.2727272727272727	0.3333333333333333
Warzenhofe	vaʁtsnhoːfə	vaʁtsnhofə	vaɾtsənhofə	vaʁtsɛnhofə	compound	warzen|hofe	0.0	0.18181818181818182	0.09090909090909091	vaʁt͡sn̩hofə	vaɾtsɛnofə	0.16666666666666666	0.3
Waschmuschel	vaʃmʊʃl	vaʃmʊʃl	vaʃmʊʃəl	vaʃmʊʃəl	compound	wasch|muschel	0.0	0.125	0.125	vaʃmʊʃl̩	vaʃmʊʃel	0.125	0.125
Waschnuss	vaʃnʊs	vaʃnʊs	vaʃnʊs	vaʃnʊss	compound	wasch|nuss	0.0	0.0	0.14285714285714285	vaʃnʊs	vaʃnʊss	0.0	0.14285714285714285
Wasserbär	vasɐbɛːɐ	vasɐbɛɐ	vasɜbɛɾ	vaszɛʁbɛʁ	compound	wasser|bär	0.0	0.2857142857142857	0.4444444444444444	vasɐbɛɐ̯	vaszɛɾbɛɾ	0.125	0.4444444444444444
Wasserenthärtung	vasɐʔɛnthɛʁtʊŋ	vasɐɛnthɛʁtʊŋ	vasɜɛnthɛɾtʊŋ	vaszeʁɛntɛʁtʊŋ	compound	wasser|ent|härtung	0.0	0.15384615384615385	0.2857142857142857	vasɐɛnthɛʁtʊŋ	vaszeɾɛntɛɾtʊŋ	0.0	0.35714285714285715
Wasserfässchen	vasɐfɛscən	vasɐfɛscən	vasɜfɛscən	vaszɛʁfɛsʃən	compound	wasser|fässchen	0.0	0.1	0.3333333333333333	vasɐfɛsçən	vaszɛɾfɛsʃən	0.1	0.3333333333333333
Wassergüte	vasɐɡyːtə	vasɐɡytə	vasɜɡytə	vaszɛʁgytə	compound	wasser|güte	0.0	0.125	0.4	vasɐɡytə	vaszɛɾgytə	0.0	0.4
Wasserhund	vasɐhʊnt	vasɐhʊnt	vasɜhʊnt	vaszɛʁʊnt	compound	wasser|hund	0.0	0.125	0.3333333333333333	vasɐhʊnt	vaszɛɾʊnt	0.0	0.3333333333333333
Wasserhunde	vasɐhʊndə	vasɐhʊndə	vasɜhʊndə	vaszɛʁʊndə	compound	wasser|hunde	0.0	0.1111111111111111	0.3	vasɐhʊndə	vaszɛɾʊndə	0.0	0.3
Wasserhärte	vasɐhɛʁtə	vasɐhɛʁtə	vasɜhɛɾtə	vaszɛʁɛʁtə	compound	wasser|härte	0.0	0.2222222222222222	0.3	vasɐhɛʁtə	vaszɛɾɛɾtə	0.0	0.4
Wasserkresse	vasɐkʁɛsə	vasɐkʁɛsə	vasɜkɾɛsə	vaszɛʁkʁɛszə	compound	wasser|kresse	0.0	0.2222222222222222	0.3333333333333333	vasɐkʁɛsə	vaszɛɾkɾɛszə	0.0	0.4166666666666667
Wasserminze	vasɐmɪntsə	vasɐmɪntsə	vasɜmɪntsə	vaszɛʁmɪntsə	compound	wasser|minze	0.0	0.1	0.25	vasɐmɪnt͡sə	vaszɛɾmɪntsə	0.09090909090909091	0.25
Wasserminzen	vasɐmɪntsən	vasɐmɪntsn	vasɜmɪntsən	vaszɛʁmɪntsən	compound	wasser|minzen	0.1	0.09090909090909091	0.23076923076923078	vasɐmɪnt͡sn̩	vaszɛɾmɪntsən	0.25	0.23076923076923078
Wasserpfeifenbar	vasɐpfaɪfənbaːɐ	vasɐpfaɪfnbaɐ	vasɜpfaɪfənbɑɾ	vaszɛʁpfaefɛnbaʁ	compound	wasserpfeifen|bar	0.07692307692307693	0.21428571428571427	0.375	vasɐp͡faɪ̯fn̩baɐ̯	vaszɛɾpfaefɛnbaɽ	0.29411764705882354	0.375
Wasserpolacke	vasɐpolakə	vasɐpolakə	vasɜpolakə	vaszɛʁpolakə	compound	wasser|polacke	0.0	0.1	0.25	vasɐpolakə	vaszɛɾpolakə	0.0	0.25
Wasserschlösschen	vasɐʃlœscən	vasɐʃlœscən	vasɜʃlœscən	vaszɛʁstslœsʃən	compound	wasser|schlösschen	0.0	0.09090909090909091	0.4666666666666667	vasɐʃlœsçən	vaszɛɾstslœsʃən	0.09090909090909091	0.4666666666666667
Wassertreter	vasɐtʁeːtɐ	vasɐtʁetɐ	vasɜtɾetɜ	vaszɛʁtʁetɐ	compound	wasser|treter	0.0	0.3333333333333333	0.2727272727272727	vasɐtʁetɐ	vaszɛɾtɾətɐ̯	0.0	0.5
Waterkant	vaːtɐkant	vatəʁkant	vɑtɜkant	vatɛʁkant	compound	wate|r|kant	0.2222222222222222	0.25	0.2222222222222222	vatəʁkant	vɑtɛɾkɑnt	0.2222222222222222	0.4444444444444444
Wega	veɡa	veka	veɡɑ	veka	compound	weg|a	0.25	0.25	0.25	veɡa	vɛkɑ	0.0	0.75
Wegbegleiter	veːkbəɡlaɪtɐ	vekbəɡlaɪtɐ	vɛɡbɛɡlaɪtɜ	vɛkbəglaetɐ	compound	weg|begleiter	0.0	0.36363636363636365	0.2727272727272727	vekbəɡlaɪ̯tɐ	vɛkbəgləitɐ̯	0.08333333333333333	0.4166666666666667
Wegbegleiters	veːkbəɡlaɪtɐs	vekbəɡlaɪtɐs	vɛɡbɛɡlaɪtɜs	vɛkbəglaetɛʁs	compound	weg|begleiters	0.0	0.3333333333333333	0.38461538461538464	vekbəɡlaɪ̯tɐs	vɛkbəglaetɛɾs	0.07692307692307693	0.38461538461538464
Wegekelns	vɛkʔeːklns	vɛkeklns	veɡekɛlns	vegəkɛlns	compound	wegekeln|s	0.0	0.3333333333333333	0.4444444444444444	vɛkɛlns	vɛkgəkɛlns	0.2857142857142857	0.3
Weggeher	vɛkɡeːɐ	vɛkɡeəʁ	vɛɡeɜ	vɛkgeɐ	compound	weggehe|r	0.2857142857142857	0.4	0.16666666666666666	vekɡeɐ	vɛkgəhɐ̯	0.16666666666666666	0.5
Weggenosse	veːkɡənɔsə	vekɡənɔsə	vɛɡənɔsə	vɛkgənɔszə	compound	weg|genosse	0.0	0.25	0.3	vɛkɡənɔsə	vɛkgənɔszə	0.1111111111111111	0.3
Wehrkraft	veːɐkʁaft	veɐkʁaft	veɾkɾaft	veʁkʁaft	compound	wehr|kraft	0.0	0.25	0.125	veɐ̯kʁaft	veɾkɾaft	0.1111111111111111	0.25
Wehrmauer	veːɐmaʊɐ	veɐmaʊɐ	veɾmaʊɜ	veʁmaoɐ	compound	wehr|mauer	0.0	0.2857142857142857	0.2857142857142857	veɐ̯maʊ̯ɐ	veɾmaoɐ̯	0.2222222222222222	0.375
Weichzeichner	vaɪctsaɪcnɐ	vaɪctsaɪcnɐ	vaɪctsaɪcnɜ	vaectsaecnɐ	compound	weich|zeichner	0.0	0.09090909090909091	0.18181818181818182	vaɪ̯çt͡saɪ̯çnɐ	vaeçtsaeçnɐ̯	0.35714285714285715	0.4166666666666667
Weihnachtsbaumkerze	vaɪnaxtsbaʊmkɛʁtsə	vaɪnaxtsbaʊmkɛʁtsə	vaɪhnaxtsbaʊmkɜtsə	vaenaxtsbaomkɛʁtsə	compound	weihnachtsbaum|kerze	0.0	0.16666666666666666	0.1111111111111111	vaɪ̯naxt͡sbaʊ̯mkɛʁt͡sə	vaenaxtsbaomkɛɾtsə	0.18181818181818182	0.16666666666666666
Weihnachtsbaumkugel	vaɪnaxtsbaʊmkuːɡl	vaɪnaxtsbaʊmkuɡl	vaɪhnaxtsbaʊmkuɡəl	vaenaxtsbaomkugəl	compound	weihnachtsbaum|kugel	0.0	0.1111111111111111	0.23529411764705882	vaɪ̯naxt͡sbaʊ̯mkuɡl̩	vaenaxtsbaomkugel	0.2	0.23529411764705882
Weihnachtsbaumkugeln	vaɪnaxtsbaʊmkuːɡln	vaɪnaxtsbaʊmkuɡln	vaɪhnaxtsbaʊmkuɡəln	vaenaxtsbaomkugɛln	compound	weihnachtsbaum|kugeln	0.0	0.10526315789473684	0.2222222222222222	vaɪ̯naxt͡sbaʊ̯mkuɡl̩n	vaenaxtsbaomkugɛln	0.19047619047619047	0.2222222222222222
Weihnachtsengel	vaɪnaxtsɛŋl	vaɪnaxtzɛŋəl	vaɪhnaxtzɛnɡəl	vaenaxtzɛŋel	compound	weihnacht|senge|l	0.16666666666666666	0.35714285714285715	0.25	vaɪ̯naxt͡sɛŋl̩	vaenaxtzɛŋel	0.21428571428571427	0.25
Weihnachtskranz	vaɪnaxtskʁants	vaɪnaxtskʁants	vaɪhnaxtskɾants	vaenaxtskʁants	compound	weihnacht|s|kranz	0.0	0.13333333333333333	0.07142857142857142	vaɪ̯naxt͡skʁant͡s	vaenaxtskɾants	0.17647058823529413	0.14285714285714285
Weihnachtskugel	vaɪnaxtskuːɡl	vaɪnaxtskuɡl	vaɪhnaxtskuɡəl	vaenaxtskugəl	compound	weihnacht|s|kugel	0.0	0.14285714285714285	0.23076923076923078	vaɪ̯naxt͡skuɡl̩	vaenaxtskugel	0.2	0.23076923076923078
Weihrauchfass	vaɪʁaʊxfas	vaɪʁaʊxfas	vaɪhraʊxfas	vaeʁaoxfass	compound	weihrauch|fass	0.0	0.18181818181818182	0.2727272727272727	vaɪ̯ʁaʊ̯xfas	vaeɾaoxfass	0.16666666666666666	0.36363636363636365
Weihrauchfasses	vaɪʁaʊxfasəs	vaɪʁaʊxfasəs	vaɪhraʊxfasəs	vaeʁaoxfaszəs	compound	weihrauch|fasses	0.0	0.15384615384615385	0.23076923076923078	vaɪ̯ʁaʊ̯xfasəs	vaeɾaoxfaszəs	0.14285714285714285	0.3076923076923077
Weihrauchfaß	vaɪʁaʊxfas	vaɪʁaʊxfas	vaɪhraʊxfɑs	vaeʁaoxfass	compound	weihrauch|fa|ß	0.0	0.2727272727272727	0.2727272727272727	vaɪ̯ʁaʊ̯xfas	vaeɾaoxfɑa	0.16666666666666666	0.5
Weihrauchfässer	vaɪʁaʊxfɛsɐ	vaɪʁaʊxfɛsɐ	vaɪhraʊxfɛsɜ	vaeʁaoxfɛszɐ	compound	weihrauch|fässer	0.0	0.25	0.25	vaɪ̯ʁaʊ̯xfɛsɐ	vaeɾaoxfɛszɐ̯	0.15384615384615385	0.38461538461538464
Weihrauchschwenker	vaɪʁaʊxʃvɛŋkɐ	vaɪʁaʊxʃvɛŋkɐ	vaɪhraʊxʃvɛŋkɜ	vaeʁaoxʃvɛŋkɐ	compound	weihrauch|schwenker	0.0	0.21428571428571427	0.15384615384615385	vaɪ̯ʁaʊ̯xʃvɛŋkɐ	vaeɾaoxstsvɛŋkɐ̯	0.13333333333333333	0.4375
Weinträubchen	vaɪntʁɔʏpcən	vaɪntʁɔɪpcən	vaɪntɾɔøbcən	vaentʁɔɔʏbcən	compound	wein|träubchen	0.08333333333333333	0.25	0.23076923076923078	vaɪ̯ntʁɔɪ̯pçən	vaentɾɔøbçən	0.2857142857142857	0.4166666666666667
Weisthum	vaɪstuːm	vaɪstum	vaɪstʊm	vaestum	compound	weis|thum	0.0	0.14285714285714285	0.14285714285714285	vaɪ̯sthʊm	vaestum	0.3333333333333333	0.14285714285714285
Weizenmischbrotes	vaɪtsnmɪʃbʁoːtəs	vaɪtsnmɪʃbʁotəs	vaɪtsənmɪʃbɾotəs	vaetsɛnmɪʃbʁotəs	compound	weizen|mischbrotes	0.0	0.125	0.125	vaɪ̯t͡sn̩mɪʃbʁotəs	vaetsɛnmɪʃbrotəs	0.16666666666666666	0.1875
Weißbüschelaffe	vaɪsbʏʃlafə	vaɪsbʏʃlafə	vaɪsbyʃɛlafə	vaessbʏʃelaffə	compound	weiß|büschel|affe	0.0	0.16666666666666666	0.2857142857142857	vaɪ̯sbʏʃəlafə	vaepbʏʃelaffə	0.15384615384615385	0.3076923076923077
Weißgold	vaɪsɡɔlt	vaɪsɡɔlt	vaɪsɡɔlt	vaessgɔlt	compound	weiß|gold	0.0	0.0	0.3333333333333333	vaɪ̯sɡɔlt	vaesgɔlt	0.1111111111111111	0.25
Weißgrau	vaɪsɡʁaʊ	vaɪsɡʁaʊ	vaɪsɡɾaʊ	vaeszgʁao	compound	weiß|grau	0.0	0.125	0.4444444444444444	vaɪ̯sɡʁaʊ̯	vaezgɾao	0.2	0.625
Weißmetall	vaɪsmetal	vaɪsmetal	vaɪsmetal	vaessmetall	compound	weiß|metall	0.0	0.0	0.2727272727272727	vaɪ̯smetal	vaesmetall	0.1	0.2
Weltgegend	vɛltɡeːɡnt	vɛltɡeɡnt	vɛltɡeɡənt	vɛltgegɛnt	compound	welt|gegend	0.0	0.1	0.3	vɛltɡeɡn̩t	vɛltgegɛnt	0.1	0.3
Weltkreis	vɛltkʁaɪs	vɛltkʁaɪs	vɛltkɾaɪs	vɛltkʁaes	compound	welt|kreis	0.0	0.1111111111111111	0.1111111111111111	vɛltkʁaɪ̯s	vɛltkɾaes	0.1	0.2222222222222222
Weltlichkeit	vɛltlɪckaɪt	vɛltlɪckaɪt	vɛltlɪckaɪt	vɛltlɪckəit	compound	weltlich|keit	0.0	0.0	0.18181818181818182	vɛltlɪçkaɪ̯t	vɛltlɪçkəit	0.16666666666666666	0.2727272727272727
Weltnetz	vɛltnɛts	vɛltnɛts	vɛltnɛts	vɛltnɛts	compound	welt|netz	0.0	0.0	0.0	vɛltnɛt͡s	vɛltnɛts	0.1111111111111111	0.0
Weltpokal	vɛltpokaːl	vɛltpokal	vɛltpokɑl	vɛltpokal	compound	welt|pokal	0.0	0.1111111111111111	0.0	vɛltpokal	vɛltpokal	0.0	0.0
Weltraumoper	vɛltʁaʊmoːpɐ	vɛltʁaʊmopɐ	vɛltɾaʊmopɜ	vɛltʁaomopɐ	compound	weltraum|oper	0.0	0.18181818181818182	0.09090909090909091	vɛltʁaʊ̯mopɐ	vɛltɾaomopɐ̯	0.08333333333333333	0.25
Wendland	vɛntlant	vɛntlant	vɛndlant	vɛndlant	compound	wend|land	0.0	0.125	0.125	vɛntlant	vɛndlant	0.0	0.125
Werbeartikel	vɛʁbəaʁtiːkl	vɛʁbəaʁtikl	vɛɾbeaɾtikəl	vɛʁbəaʁtikel	compound	werbe|artikel	0.0	0.3333333333333333	0.08333333333333333	vɛʁbəaʁtikl̩	vɛɾbeaɾtikel	0.08333333333333333	0.3333333333333333
Werbeblocker	vɛʁbəblɔkɐ	vɛʁbəblɔkəʁ	vɛɾbɛblɔkɜ	vɛʁbəblɔkɐ	compound	werbeblocke|r	0.18181818181818182	0.3	0.0	vɛʁbəblɔkɐ	vɛɾbɛblɔkɐ̯	0.0	0.2727272727272727
Werbebroschüre	vɛʁbəbʁɔʃyːʁə	vɛʁbəbʁoʃyʁə	vɛɾbɛbɾɔʃyrə	vɛʁbəbʁɔʃyʁe	compound	werbe|broschüre	0.08333333333333333	0.3333333333333333	0.08333333333333333	vɛʁbəbʁoʃyʁə	vɛɾbɛbrɔʃyɾə	0.08333333333333333	0.3333333333333333
Werbeprospekt	vɛʁbəpʁospɛkt	vɛʁbəpʁospɛkt	vɛɾbɛpɾɔspɛkt	vɛʁbɛpʁɔspɛkt	compound	werbe|prospekt	0.0	0.3076923076923077	0.15384615384615385	vɛʁbəpʁospɛkt	vɛɾbɛpɾɔspɛkt	0.0	0.3076923076923077
Werbeprospekte	vɛʁbəpʁospɛktə	vɛʁbəpʁospɛktə	vɛɾbɛpɾɔspɛktə	vɛʁbɛpʁɔspɛktə	compound	werbe|prospekte	0.0	0.2857142857142857	0.14285714285714285	vɛʁbəpʁospɛktə	vɛɾbɛpɾɔspɛktə	0.0	0.2857142857142857
Werbeprospektes	vɛʁbəpʁospɛktəs	vɛʁbəpʁospɛktəs	vɛɾbɛpɾɔspɛktəs	vɛʁbɛpʁɔspɛktəs	compound	werbe|prospektes	0.0	0.26666666666666666	0.13333333333333333	vɛʁbəpʁospɛktəs	vɛɾbɛpɾɔspɛktəs	0.0	0.26666666666666666
Werbeprospekts	vɛʁbəpʁospɛkts	vɛʁbəpʁospɛkts	vɛɾbɛpɾɔspɛkts	vɛʁbɛpʁɔspɛkts	compound	werbe|prospekts	0.0	0.2857142857142857	0.14285714285714285	vɛʁbəpʁospɛkt͡s	vɛɾbɛpɾɔspɛkts	0.06666666666666667	0.2857142857142857
Werderaner	vɛrdəraːnər	vɛʁdɐaneɐ	vɛɾderɑnɜ	vɛʁdeʁanɐ	compound	werder|an|er	0.5555555555555556	0.5555555555555556	0.5555555555555556	vɛʁdɐanɐ	vɛɾdɐ̯anɐ̯	0.625	0.5
Werksirene	vɛɐksiʁeːnɛ	vɛʁksiʁenə	vɛɾksirənə	vɛʁkziʁenə	compound	werks|irene	0.2	0.4	0.3	vɛʁksiʁənə	vɛɾkziɾənə	0.3	0.5
Werkzeuggebrauches	vɛʁktsɔʏkɡəbʁaʊxəs	vɛʁktsɔɪkɡəbʁaʊxəs	vɛɾktsɔøɡɛbɾaʊxəs	vɛʁktsɔɔʏgɛbʁaoxəs	compound	werkzeug|gebrauches	0.05555555555555555	0.29411764705882354	0.2777777777777778	vɛʁkt͡sɔɪ̯kɡəbʁaʊ̯xəs	vɛɾktsɔøgɛbraoxəs	0.19047619047619047	0.4117647058823529
Werkzeuggebrauchs	vɛʁktsɔʏkɡəbʁaʊxs	vɛʁktsɔɪkɡəbʁaʊxs	vɛɾktsɔøɡɛbɾaʊxs	vɛʁktsɔɔʏgɛbʁaoxs	compound	werkzeug|gebrauchs	0.058823529411764705	0.3125	0.29411764705882354	vɛʁkt͡sɔɪ̯kɡəbʁaʊ̯xs	vɛɾktsɔøgɛbraoks	0.2	0.5
Werkzeuggebräuche	vɛʁktsɔʏkɡəbʁɔɪcə	vɛʁktsɔɪkɡəbʁɔɪcə	vɛɾktsɔøɡɛbɾɔøcə	vɛʁktsɔɔʏgɛbʁɔɔʏcə	compound	werkzeug|gebräuche	0.058823529411764705	0.375	0.3333333333333333	vɛʁkt͡sɔɪ̯kɡəbʁɔɪ̯çə	vɛɾktsɔøgɛbrɔøçə	0.25	0.5
Werkzeughersteller	vɛʁktsɔʏkheːɐʃtɛlɐ	vɛʁktsɔɪkheɐʃtɛlɐ	vɛɾktsɔøkhɜʃtɛlɜ	vɛʁktsɔɔʏcɛʁstɛllɐ	compound	werkzeug|hersteller	0.058823529411764705	0.3125	0.3888888888888889	vɛʁkt͡sɔɪ̯kheɐ̯ʃtɛlɐ	vɛɾktsɔøkɛɾstɛllɐ̯	0.2	0.4444444444444444
Wertekompass	veːɐtəkɔmpas	veɐtəkɔmpas	vɛɾtekɔmpas	vɛʁtekɔmpass	compound	werte|kompass	0.0	0.2727272727272727	0.3333333333333333	veɐ̯təkɔmpas	vɛɾtekɔmpass	0.08333333333333333	0.3333333333333333
Wespenstachel	vɛspnʃtaxl	vɛspnʃtaxl	vɛspənstaxəl	vɛspɛnstaxəl	compound	wespen|stachel	0.0	0.25	0.25	vɛspn̩ʃtaxl̩	vɛspɛnstaxel	0.16666666666666666	0.25
Wessenfall	vɛsnfal	vɛsnfal	vɛsənfal	vɛszɛnfall	compound	wessen|fall	0.0	0.125	0.3	vɛsn̩fal	vɛszɛnfall	0.125	0.3
Wessenfalle	vɛsnfalə	vɛsnfalə	vɛsənfalə	vɛszɛnfallə	compound	wessen|falle	0.0	0.1111111111111111	0.2727272727272727	vɛsn̩falə	vɛszɛnfallə	0.1111111111111111	0.2727272727272727
Westmauer	vɛstmaʊɐ	vɛstmaʊɐ	vɛstmaʊɜ	vɛstmaʊɐ	compound	west|mauer	0.0	0.125	0.0	vɛstmaʊ̯ɐ	vɛstmaoɐ̯	0.1111111111111111	0.2222222222222222
Wetterregel	vɛtɐʁeːɡl	vɛtɐʁeɡl	vɛtɜreɡəl	vɛtɛʁʁegəl	compound	wetter|regel	0.0	0.3333333333333333	0.4	vɛtɐʁeɡl̩	vɛtɛɾɾegel	0.1111111111111111	0.5
Wetterregeln	vɛtɐʁeːɡln	vɛtɐʁeɡln	vɛtɜreɡəln	vɛtɛʁʁegɛln	compound	wetter|regeln	0.0	0.3	0.36363636363636365	vɛtɐʁeɡl̩n	vɛtɛɾɾegɛln	0.1	0.45454545454545453
Wichsgriffel	vɪksɡʁɪfl	vɪksɡʁɪfl	vɪksɡɾɪfəl	vɪcsgʁɪffel	compound	wichs|griffel	0.0	0.2	0.36363636363636365	vɪksɡʁɪfl̩	vɪçzgɾɪffel	0.1	0.5454545454545454
Wickelbär	vɪklbɛːɐ	vɪklbɛɐ	vɪkəlbɛɾ	vɪkɛlbɛʁ	compound	wickel|bär	0.0	0.25	0.25	vɪkl̩bɛɐ̯	vɪkɛlbɛɾ	0.2222222222222222	0.25
Widerling	viːdɐlɪŋ	vidɐlɪŋ	vidɜlɪŋ	vidɛʁlɪŋ	compound	wider|l|ing	0.0	0.14285714285714285	0.25	vidɐlɪŋ	vidɐ̯lɪŋ	0.0	0.125
Wiedergabeliste	viːdɐɡaːbəlɪstə	vidɐɡabəlɪstə	vidɜɡɑbəlɪstə	vidɛʁgabelɪstə	compound	wiedergabe|liste	0.0	0.15384615384615385	0.2857142857142857	vidɐɡabəlɪstə	vidɛɾgɑbelɪstə	0.0	0.35714285714285715
Wiedergewinnung	viːdəʁɡəvɪnʊŋ	vidɐɡəvɪnʊŋ	vidɜɡəvɪnʊŋ	vidɛʁgevɪnnʊŋ	compound	wieder|gewinnung	0.18181818181818182	0.18181818181818182	0.3076923076923077	vidɐɡəvɪnʊŋ	vidɛɾgevɪnnʊŋ	0.18181818181818182	0.38461538461538464
Wiel	viːl	vil	vil	vil	compound	wie|l	0.0	0.0	0.0	vil	vil	0.0	0.0
Wiele	viːlə	vilə	vilə	vilə	compound	wie|le	0.0	0.0	0.0	vilə	vilə	0.0	0.0
Wiesenwucherblume	viːzənvuːxɐbluːmə	viznvuxɐblumə	vizənvʊxɜblʊmə	viəsɛnvʊxɛʁblumə	compound	wiesen|wucher|blume	0.07692307692307693	0.21428571428571427	0.375	vizn̩vuxɐblumə	vizɛnvʊxɛɾblumə	0.14285714285714285	0.26666666666666666
Wiesenwucherblumen	viːzənvuːxɐbluːmən	viznvuxɐblumən	vizənvʊxɜblʊmən	viəsɛnvʊxɛʁblumən	compound	wiesen|wucher|blumen	0.07142857142857142	0.2	0.35294117647058826	vizn̩vuxɐblumən	vizɛnvʊxɛɾblumən	0.13333333333333333	0.25
Wieß	viːs	vis	vis	viss	compound	wie|ß	0.0	0.0	0.25	vis	vis	0.0	0.0
Wildlachs	vɪltlaks	vɪltlaks	vɪldlaxs	vɪltlaxs	compound	wild|lachs	0.0	0.25	0.125	vɪltlaks	vɪldlaks	0.0	0.125
Wildvögeln	vɪltføːɡln	vɪltføɡln	vɪldvøɡəln	vɪltvɔʏgɛln	compound	wild|vögeln	0.0	0.3	0.45454545454545453	vɪltføɡl̩n	vɪltvøgɛln	0.1	0.3
Willkommer	vɪlkɔmɐ	vɪlkɔməʁ	vɪlkɔmɜ	vɪllkɔmmɐ	compound	will|komme|r	0.25	0.14285714285714285	0.2222222222222222	vɪlkɔməʁ	vɪllkɔmmɐ̯	0.25	0.3
Windchen	vɪntcən	vɪntcən	vɪndcən	vɪndcən	compound	wind|chen	0.0	0.14285714285714285	0.14285714285714285	vɪntçən	vɪndçən	0.14285714285714285	0.2857142857142857
Windhafer	vɪnthaːfɐ	vɪnthafɐ	vɪnthɑfɜ	vɪntafɐ	compound	wind|hafer	0.0	0.25	0.14285714285714285	vɪnthafɐ	vɪntɑfɐ̯	0.0	0.375
Windschutz	vɪntʃʊts	vɪntʃʊts	vɪntʃʊts	vɪntʃʊts	compound	wind|schutz	0.0	0.0	0.0	vɪntʃʊt͡s	vɪntʃʊts	0.1111111111111111	0.0
Winterende	vɪntɐɛndə	vɪntɐɛndə	vɪntərəndə	vɪnteʁɛndə	compound	winter|ende	0.0	0.3	0.2	vɪntɐɛndə	vɪnteɾɛndə	0.0	0.2
Wintersturme	vɪntɐʃtʊʁmə	vɪntɐʃtʊʁme	vɪntɜst??mə	vɪntɛʁstʊʁmə	compound	wintersturm|e	0.09090909090909091	0.36363636363636365	0.25	vɪntɐʃtʊʁmə	vɪntɛɾstʊɾmə	0.0	0.3333333333333333
Wirbelschicht	vɪʁblʃɪct	vɪʁblʃɪct	vɪɾbəlʃɪct	vɪʁbɛlʃɪct	compound	wirbel|schicht	0.0	0.2	0.1	vɪʁbl̩ʃɪçt	vɪɾbɛlʃɪçt	0.2	0.3
Wirbelschichten	vɪʁblʃɪctən	vɪʁblʃɪctn	vɪɾbəlʃɪctən	vɪʁbɛlʃɪctən	compound	wirbel|schichten	0.1	0.16666666666666666	0.08333333333333333	vɪʁbl̩ʃɪçtn̩	vɪɾbɛlʃɪçtən	0.3333333333333333	0.25
Wissenschaftsmagazin	vɪsnʃaftsmaɡatsiːn	vɪsnʃaftsmaɡatsin	vɪsənʃaftsmaɡatsin	vɪszɛnstshaftsmagatsɪn	compound	wissenschaft|s|magazin	0.0	0.05555555555555555	0.36363636363636365	vɪsn̩ʃaft͡smaɡat͡sin	vɪszɛnʃaftsmɑgɑtsɪn	0.15	0.3157894736842105
Wissenserklärung	vɪsənsʔɛɐklɛːʁʊŋ	vɪsnsɛɐklɛʁʊŋ	vɪsənzɜklɛrʊŋ	vɪszɛnzɛʁklɛʁʊŋ	compound	wissens|erklärung	0.07692307692307693	0.3076923076923077	0.26666666666666666	vɪsn̩sɛɐ̯klɛʁʊŋ	vɪszɛnzɛɾklɛɾʊŋ	0.2	0.3333333333333333
Wochenendpendlern	vɔxnʔɛntpɛndlɐn	vɔxnɛntpɛndlɐn	vɔxənɛntpɛndlɜn	vɔxənɛntpɛndlɛʁn	compound	wochen|end|pendlern	0.0	0.13333333333333333	0.1875	vɔxn̩ɛntpɛndlɐn	vɔxenɛntpɛndlɛɾn	0.06666666666666667	0.1875
Wochenendpendlers	vɔxnʔɛntpɛndlɐs	vɔxnɛntpɛndlɐs	vɔxənɛntpɛndlɜs	vɔxənɛntpɛndlɛʁs	compound	wochen|end|pendlers	0.0	0.13333333333333333	0.1875	vɔxn̩ɛntpɛndlɐs	vɔxenɛntpɛndlɛɾs	0.06666666666666667	0.1875
Wodkachen	vɔtkacən	vɔtkacən	vɔtkaxən	vɔtkaxən	compound	wodka|chen	0.0	0.125	0.125	vɔtkaxn̩	vɔtkaxən	0.375	0.125
Wohnhäuschen	voːnhɔɪscən	vonhɔɪscən	vonhɔøscən	vonɔɔʏʃən	compound	wohn|häuschen	0.0	0.1	0.4444444444444444	vonhɔɪ̯sçən	vonɔøʃən	0.18181818181818182	0.5
Wohnhäuslein	voːnhɔɪslaɪn	vonhɔɪslaɪn	vonhɔøslaɪn	vonɔɔʏsləɪn	compound	wohn|häuslein	0.0	0.09090909090909091	0.2727272727272727	vonhɔɪ̯slaɪ̯n	vonɔøsləɪn	0.15384615384615385	0.3
Wolfenstein	vɔlfnʃtaɪn	vɔlfnʃtaɪn	vɔlfənʃtaɪn	vɔlfɛnstəɪn	compound	wolfen|stein	0.0	0.09090909090909091	0.2727272727272727	vɔlfn̩ʃtaɪ̯n	vɔlfɛnstəɪn	0.16666666666666666	0.2727272727272727
Wolfsschanze	vɔlfsʃantsə	vɔlfsʃantsə	vɔlfscantsə	vɔlfsʃantsə	compound	wolfs|schanze	0.0	0.09090909090909091	0.0	vɔlfsʃant͡sə	vɔlfsʃantsə	0.08333333333333333	0.0
Wortanlaut	vɔrtanlaʊt	vɔʁtanlaʊt	vɔɾtanlaʊt	vɔʁtanlaot	compound	wort|anlaut	0.1	0.1	0.2	vɔʁtanlaʊ̯t	vɔɾtanlaot	0.18181818181818182	0.2
Wostasberg	vɔstasbɛʁk	vostasbɛʁk	vɔstasbɛɾk	vɔstasbɛʁk	compound	wo|st|as|berg	0.1	0.1	0.0	vɔstasbɛʁk	vɔstasbɛɾk	0.0	0.1
Wucherblume	vuːxɐbluːmə	vuxɐblumə	vʊxɜblʊmə	vʊxɛʁblumə	compound	wucher|blume	0.0	0.3333333333333333	0.3	vuxɐblumə	vʊxɛɾblumə	0.0	0.3
Wucherblumen	vuːxɐbluːmən	vuxɐblumən	vʊxɜblʊmən	vʊxɛʁblumən	compound	wucher|blumen	0.0	0.3	0.2727272727272727	vuxɐblumən	vʊxɛɾblumən	0.0	0.2727272727272727
Wurfschaufel	vʊʁfʃaʊfl	vʊʁfʃaʊfl	v??fʃaʊfəl	vʊʁfʃaofəl	compound	wurf|schaufel	0.0	0.3	0.2	vʊʁfʃaʊ̯fl̩	vʊɾfʃaofel	0.18181818181818182	0.3
Wurfstern	vʊʁfʃtɛʁn	vʊʁfʃtɛʁn	v??fstɜn	vʊʁfstɛʁn	compound	wurf|stern	0.0	0.625	0.1111111111111111	vʊʁfʃtɛʁn	vʊɾfstɛɾn	0.0	0.3333333333333333
Wurstfagott	vʊʁstfaɡɔt	vʊʁstfaɡɔt	v??stfaɡɔt	vʊʁstfagɔt	compound	wurst|fagott	0.0	0.2	0.1	vʊʁstfaɡɔt	vʊɾstfɑgɔt	0.0	0.3
Wurstfagottes	vʊʁstfaɡɔtəs	vʊʁstfaɡɔtəs	v??stfaɡɔtəs	vʊʁstfagɔtəs	compound	wurst|fagottes	0.0	0.16666666666666666	0.08333333333333333	vʊʁstfaɡɔtəs	vʊɾstfɑgɔtəs	0.0	0.25
Wurstgabel	vʊʁstɡaːbl	vʊʁstɡabl	v??stɡɑbəl	vʊʁstgabəl	compound	wurst|gabel	0.0	0.4	0.2	vʊʁstɡabl̩	vʊɾstgɑbel	0.1	0.4
Wurstmesser	vʊʁstmɛsɐ	vʊʁstmɛsɐ	v??stmɛsɜ	vʊʁstmɛszɐ	compound	wurst|messer	0.0	0.3333333333333333	0.1	vʊʁstmɛsɐ	vʊɾstmɛszɐ̯	0.0	0.2727272727272727
Wächte	vɛctə	vɛctə	vɛctə	vɛctə	compound	w|ächte	0.0	0.0	0.0	vɛçtə	vɛçtə	0.2	0.2
Wächterlein	vɛctɐlaɪn	vɛctɐlaɪn	vɛctɜlaɪn	vɛctɛʁlaen	compound	wächter|lein	0.0	0.1111111111111111	0.3	vɛçtɐlaɪ̯n	vɛçtɛɾləɪn	0.2	0.4
Währungskürzel	vɛːʁʊŋskʏʁtsl	vɛʁʊŋskʏʁtsl	vɛrʊŋskyɾtsəl	vɛʁʊŋskʏʁtsel	compound	währung|s|kürzel	0.0	0.3076923076923077	0.07692307692307693	vɛʁʊŋskʏʁt͡sl̩	vɛɾʊŋskʏɾtsel	0.14285714285714285	0.23076923076923078
Währungsmetall	vɛːʁʊŋsmetal	vɛʁʊŋsmetal	vɛrʊŋsmetal	vɛʁʊŋsmetall	compound	währung|s|metall	0.0	0.09090909090909091	0.08333333333333333	vɛʁʊŋsmetal	vɛɾʊŋsmetall	0.0	0.16666666666666666
Wärmebilde	vɛʁməbɪldə	vɛʁməbɪldə	vɛɾmebɪldə	vɛʁmebɪldə	compound	wärme|bilde	0.0	0.2	0.1	vɛʁməbɪldə	vɛɾmebɪldə	0.0	0.2
Wärmebildes	vɛʁməbɪldəs	vɛʁməbɪldəs	vɛɾmebɪldəs	vɛʁmebɪldəs	compound	wärme|bildes	0.0	0.18181818181818182	0.09090909090909091	vɛʁməbɪldəs	vɛɾmebɪldəs	0.0	0.18181818181818182
Wärmekapazität	vɛʁməkapatsitɛːt	vɛʁməkapatsitɛt	vɛɾmekɑpɑtsitɛt	vɛʁmekapatsitɛt	compound	wärme|kapazität	0.0	0.26666666666666666	0.06666666666666667	vɛʁməkapat͡sitɛt	vɛɾmekɑpɑtsitɛt	0.0625	0.26666666666666666
Wärmeleitfähigkeit	vɛʁməlaɪtfɛːɪckaɪt	vɛʁməlaɪtfɛɪkaɪt	vɛɾməlaɪtfɛɪckaɪt	vɛʁmelaetfɛɪkkəit	compound	wärme|leitfähigkeit	0.0625	0.058823529411764705	0.29411764705882354	vɛʁməlaɪ̯tfɛɪkkaɪ̯t	vɛɾmelaetfɛɪkkəit	0.15789473684210525	0.35294117647058826
Wäschetrocknung	vɛʃətʁɔknʊŋ	vɛʃətʁɔknʊŋ	vɛʃɛtɾɔknʊŋ	vɛʃɛtʁɔknʊŋ	compound	wäsche|trocknung	0.0	0.18181818181818182	0.09090909090909091	vɛʃətʁɔknʊŋ	vɛʃɛtɾɔknʊŋ	0.0	0.18181818181818182
Würdemann	vʏʁdəman	vʏʁdəman	vyɾdeman	vʏʁdemann	compound	würde|mann	0.0	0.375	0.2222222222222222	vʏʁdəman	vʏɾdemann	0.0	0.3333333333333333
YouTubes	juːtjuːps	jutjubs	jutubəs	ʏɔutubəs	compound	youtube|s	0.14285714285714285	0.42857142857142855	0.625	jutjubs	joutubəs	0.14285714285714285	0.5
Zahlenkörper	tsaːlənkœʁpɐ	tsalənkœʁpɐ	tsɑlənkœɾpɜ	tsalɛŋkœʁpɐ	compound	zahlen|körper	0.0	0.2727272727272727	0.18181818181818182	t͡salənkœʁpɐ	tsɑlɛŋkœɾpɐ̯	0.08333333333333333	0.4166666666666667
Zahnbrücke	tsaːnbʁʏkə	tsanbʁʏkə	tsɑnbɾykə	tsanbʁʏkə	compound	zahn|brücke	0.0	0.3333333333333333	0.0	t͡sanbʁʏkə	tsɑnbrʏkə	0.1	0.2222222222222222
Zahnputzzeug	tsaːnpʊtstsɔʏk	tsanpʊtstsɔɪk	tsɑnpʊtstsɔøk	tsanpʊtstsɔɔʏk	compound	zahn|putzzeug	0.07692307692307693	0.15384615384615385	0.07142857142857142	t͡sanpʊt͡st͡sɔɪ̯k	tsɑnpʊtstsɔøk	0.29411764705882354	0.15384615384615385
Zapletal	tsaplɛtal	tsapletal	tsapletɑl	tsaplətal	compound	z|ap|letal	0.1111111111111111	0.2222222222222222	0.1111111111111111	t͡saplətal	tsaplətal	0.2	0.1111111111111111
Zarentum	tsaːrəntuːm	tsaʁəntum	tsɑrəntum	tsaʁɛntum	compound	zaren|tu|m	0.1111111111111111	0.1111111111111111	0.2222222222222222	t͡saʁəntum	tsaɽəntum	0.2	0.1111111111111111
Zauberkunststückchen	tsaʊbɐkʊnstʃtʏkcən	tsaʊbɐkʊnstʃtʏkcən	tsaʊbɜkʊnstʃtykcən	tsaobɛʁkʊnststʏkcən	compound	zauberkunststück|chen	0.0	0.1111111111111111	0.21052631578947367	t͡saʊ̯bɐkʊnstʃtʏkçən	tsaobɛɾkʊnststʏkçən	0.15	0.2631578947368421
Zauberwald	tsaʊbɐvalt	tsaʊbɐvalt	tsaʊbɜvalt	tsaobɛʁvalt	compound	zauber|wald	0.0	0.1	0.2727272727272727	t͡saʊ̯bɐvalt	tsaobɛɾvalt	0.16666666666666666	0.2727272727272727
Zauberwaldes	tsaʊbərvaldəs	tsaʊbɐvaldəs	tsaʊbɜvaldəs	tsaobɛʁvaldəs	compound	zauber|waldes	0.16666666666666666	0.16666666666666666	0.23076923076923078	t͡saʊ̯bɐvaldəs	tsaobɛɾvaldəs	0.2857142857142857	0.23076923076923078
Zauberwalds	tsaʊbərvalts	tsaʊbɐvalts	tsaʊbɜvalts	tsaobɛʁvalts	compound	zauber|walds	0.18181818181818182	0.18181818181818182	0.25	t͡saʊ̯bɐvalt͡s	tsaobɛɾvalts	0.35714285714285715	0.25
Zauberwälder	tsaʊbərvɛldɐ	tsaʊbɐvɛldɐ	tsaʊbɜvɛldɜ	tsaobɛʁvɛldɐ	compound	zauber|wälder	0.18181818181818182	0.2727272727272727	0.25	t͡saʊ̯bɐvɛldɐ	tsaobɛɾvɛldɐ̯	0.3076923076923077	0.3076923076923077
Zaunlatte	tsaʊnlatə	tsaʊnlatə	tsaʊnlatə	tsaonlatə	compound	zaun|latte	0.0	0.0	0.1111111111111111	t͡saʊ̯nlatə	tsaonlatə	0.18181818181818182	0.1111111111111111
Zaunlatten	tsaʊnlatn	tsaʊnlatn	tsaʊnlatən	tsaonlatən	compound	zaun|latten	0.0	0.1	0.2	t͡saʊ̯nlatn̩	tsaonlatən	0.25	0.2
Zechenschließungen	tsɛcnʃliːsʊŋən	tsɛcnʃlisʊŋən	tsɛcənʃlisʊŋən	tsɛcɛnstsliszʊŋən	compound	zechen|schließungen	0.0	0.07142857142857142	0.29411764705882354	t͡sɛçn̩ʃlisʊŋən	tsɛçɛnstsliaʊŋən	0.2	0.375
Zechensiedlungen	tsɛcnziːdlʊŋən	tsɛcnzidlʊŋən	tsɛcɛnzidlʊŋən	tsɛcɛnzidlʊŋən	compound	zechen|siedlungen	0.0	0.07142857142857142	0.07142857142857142	t͡sɛçn̩zidlʊŋən	tsɛçɛnzidlʊŋən	0.2	0.14285714285714285
Zechprellerei	tsɛcpʁɛləʁaɪ	tsɛcpʁɛlɐaɪ	tsɛcpɾəleraɪ	tsɛcpʁɛlleʁae	compound	zechpreller|ei	0.18181818181818182	0.3333333333333333	0.23076923076923078	t͡sɛçpʁɛlɐaɪ̯	tsɛçpɾɛllɐ̯ae	0.38461538461538464	0.46153846153846156
Zechprellereien	tsɛcpʁɛləʁaɪən	tsɛcpʁɛlɐaɪɛn	tsɛcpɾəleraɪən	tsɛcpʁɛllɐəiən	compound	zechpreller|ei|en	0.23076923076923078	0.2857142857142857	0.2857142857142857	t͡sɛçpʁɛləʁaɪ̯ən	tsɛçpɾɛllɐ̯əiən	0.1875	0.4666666666666667
Zeckenlarve	tsɛkənlaʁfə	tsɛknlaʁfə	tsɛkənlaɾvə	tsɛkɛnlaʁvə	compound	zecken|larve	0.1	0.18181818181818182	0.18181818181818182	t͡sɛkn̩laʁfə	tsɛkɛnlaɾvə	0.25	0.2727272727272727
Zeckenlarven	tsɛkŋlaʁfŋ	tsɛknlaʁfm	tsɛkənlaɾvən	tsɛkɛnlaʁvən	compound	zecken|larven	0.2	0.5	0.4166666666666667	t͡sɛkn̩laʁfm̩	tsɛkɛnlaɾvən	0.38461538461538464	0.5
Zeckennymphe	tsɛkənnʏmfə	tsɛknnʏmfə	tsɛkənymfə	tsɛkɛnnʏmfə	compound	zecken|nymphe	0.1	0.2	0.09090909090909091	t͡sɛkn̩nʏmfə	tsɛkɛnnʏmfə	0.25	0.09090909090909091
Zehneckpyramide	tseːnɛkpyʁamiːdə	tsenɛkpyʁamidə	tsenɛkpyramidə	tsenɛkpyʁamidə	compound	zehneck|pyramide	0.0	0.07142857142857142	0.0	t͡senɛkpyʁamidə	tsenɛkpyɾɑmidə	0.06666666666666667	0.14285714285714285
Zehneckpyramiden	tseːnɛkpyʁamiːdən	tsenɛkpyʁamidən	tsenɛkpyramidən	tsenɛkpyʁamidən	compound	zehneck|pyramiden	0.0	0.06666666666666667	0.0	t͡senɛkpyʁamidn̩	tsenɛkpyɾɑmidən	0.1875	0.13333333333333333
Zehnflächner	tseːnflɛcnɐ	tsenflɛcnɐ	tsenflɛcnɜ	tsəhnflɛcnɐ	compound	zehn|fl|ä|ch|ner	0.0	0.1	0.18181818181818182	t͡senflɛçnɐ	tsenflɛçnɐ̯	0.18181818181818182	0.18181818181818182
Zehnflächners	tseːnflɛcnɐs	tsenflɛcnɐs	tsenflɛcnɜs	tsəhnflɛcnɛʁs	compound	zehn|fl|ä|ch|ner|s	0.0	0.09090909090909091	0.3076923076923077	t͡senflɛçnɐs	tsenflɛçnɛɾs	0.16666666666666666	0.25
Zehnfußkrebs	tseːnfuːskʁeːps	tsenfuskʁeps	tsenfʊskɾeps	tsenfʊsskʁɛps	compound	zehn|fuß|krebs	0.0	0.16666666666666666	0.23076923076923078	t͡senfuskʁeps	tsenfuakɾɛps	0.07692307692307693	0.25
Zehntscheune	tseːntʃɔɪnə	tsentʃɔɪnə	tsentʃɔønə	tsentʃɔɔʏnə	compound	zehnt|scheune	0.0	0.1	0.18181818181818182	t͡sentʃɔɪ̯nə	tsentʃɔønə	0.16666666666666666	0.1
Zeidelbast	tsaɪdəlbast	tsaɪdəlbast	tsaɪdəlbast	tsaedɛlbast	compound	z|eide|l|bast	0.0	0.0	0.18181818181818182	t͡saɪ̯dl̩bast	tsaedɛlbast	0.3076923076923077	0.18181818181818182
Zeiland	tsaɪlant	tsaɪlant	tsaɪlant	tsaelant	compound	zeil|and	0.0	0.0	0.125	t͡saɪ̯lant	tsaelant	0.2	0.125
Zeilenfall	tsaɪlənfal	tsaɪlənfal	tsaɪlənfal	tsəilɛnfall	compound	zeilen|fall	0.0	0.0	0.36363636363636365	t͡saɪ̯lənfal	tsaelɛnfall	0.16666666666666666	0.2727272727272727
Zeilenfalles	tsaɪlənfaləs	tsaɪlənfaləs	tsaɪlənfaləs	tsəilɛnfalləs	compound	zeilen|falles	0.0	0.0	0.3076923076923077	t͡saɪ̯lənfaləs	tsaelɛnfalləs	0.14285714285714285	0.23076923076923078
Zeilenfalls	tsaɪlənfals	tsaɪlənfals	tsaɪlənfals	tsəilɛnfalls	compound	zeilen|falls	0.0	0.0	0.3333333333333333	t͡saɪ̯lənfals	tsaelɛnfalls	0.15384615384615385	0.25
Zeilenfälle	tsaɪlənfɛlə	tsaɪlənfɛlə	tsaɪlənfɛlə	tsəilɛnfɛllə	compound	zeilen|fälle	0.0	0.0	0.3333333333333333	t͡saɪ̯lənfɛlə	tsaelɛnfɛllə	0.15384615384615385	0.25
Zeilenfällen	tsaɪlənfɛlən	tsaɪlənfɛlən	tsaɪlənfɛlən	tsəilɛnfɛllən	compound	zeilen|fällen	0.0	0.0	0.3076923076923077	t͡saɪ̯lənfɛlən	tsaelɛnfɛllən	0.14285714285714285	0.23076923076923078
Zeitansage	tsaɪtʔanzaːɡə	tsaɪtanzaɡə	tsaɪtanzɑɡə	tsaetanzagə	compound	zeit|ansage	0.0	0.09090909090909091	0.18181818181818182	t͡saɪ̯tanzaɡə	tsaetanzɑgə	0.15384615384615385	0.2727272727272727
Zeitdiagnose	tsaɪtdiaɡnoːzə	tsaɪtdiaɡnozə	tsaɪtdiaɡnozə	tsaetdiagnosə	compound	zeit|diagnose	0.0	0.0	0.23076923076923078	t͡saɪ̯tdiaɡnozə	tsaetdiagnozə	0.13333333333333333	0.15384615384615385
Zeitleiste	tsaɪtlaɪstə	tsaɪtlaɪstə	tsaɪtlaɪstə	tsaetlaestə	compound	zeit|leiste	0.0	0.0	0.18181818181818182	t͡saɪ̯tlaɪ̯stə	tsaetləɪstə	0.21428571428571427	0.18181818181818182
Zeitroman	tsaɪtʁomaːn	tsaɪtʁoman	tsaɪtɾomɑn	tsaetʁoman	compound	zeit|roman	0.0	0.2	0.1	t͡saɪ̯tʁoman	tsaetɾoman	0.16666666666666666	0.2
Zeitungswissen	tsaɪtʊŋsvɪsn	tsaɪtʊŋsvɪsn	tsaɪtʊnksvɪsən	tsəitʊŋsvɪszən	compound	zeitung|s|wissen	0.0	0.21428571428571427	0.2857142857142857	t͡saɪ̯tʊŋsvɪsn̩	tsaetʊŋsvɪszən	0.2	0.21428571428571427
Zellenschmelz	tsɛlənʃmɛlts	tsɛlənʃmɛlts	tsɛlənʃmɛlts	tsɛllɛnstsmɛlts	compound	zellen|schmelz	0.0	0.0	0.3333333333333333	t͡sɛlənʃmɛlt͡s	tsɛllɛnstsmɛlts	0.14285714285714285	0.3333333333333333
Zelltod	tsɛltoːt	tsɛltot	tsɛltot	tsɛlltot	compound	zell|tod	0.0	0.0	0.125	t͡sɛltot	tsɛlltot	0.125	0.125
Zensurkultur	tsɛnzuːɐkʊltuːɐ	tsɛnzuɐkʊltuɐ	tsɛnz??kʊltuɾ	tsɛnzʊʁkʊltuɐ	compound	zensur|kultur	0.0	0.23076923076923078	0.15384615384615385	t͡sɛnzʊʁkʊltuɐ̯	tsɛnzʊɾkʊltuɐ	0.26666666666666666	0.15384615384615385
Zentriwinkel	tsɛntʁivɪŋkəl	tsɛntʁivɪŋkəl	tsɛntɾivɪnkəl	tsɛntʁivɪŋkel	compound	zen|tri|winkel	0.0	0.15384615384615385	0.07692307692307693	t͡sɛntʁivɪŋkl̩	tsɛntɾivɪŋkel	0.21428571428571427	0.15384615384615385
Zernager	tsɛɐnaːɡɐ	tsɛɐnaɡəʁ	tsɛɾnɑɡɜ	tsɛʁnagɐ	compound	zernage|r	0.2222222222222222	0.375	0.25	t͡sɛɐ̯naɡɐ	tsɛɐ̯nɑgɐ̯	0.2	0.4
Zerreissen	tsɛɐʁaɪsən	tseɐnʁaɪsən	tsɛɾraɪsən	tsɛɐʁaeszən	compound	zer|reissen	0.18181818181818182	0.2	0.18181818181818182	t͡sɛɐ̯naɪ̯sn̩	tsɛɐ̯ɾaeszən	0.46153846153846156	0.3333333333333333
Zettelkästchen	tsɛtlkɛstcən	tsɛtlkɛstcən	tsɛtəlkɛstcən	tsɛtɛlkɛstcən	compound	zettel|kästchen	0.0	0.07692307692307693	0.07692307692307693	t͡sɛtl̩kɛstçən	tsɛtɛlkɛstçən	0.21428571428571427	0.15384615384615385
Zettelkästchens	tsɛtlkɛstcəns	tsɛtlkɛstcəns	tsɛtəlkɛstcəns	tsɛtɛlkɛstcɛns	compound	zettel|kästchens	0.0	0.07142857142857142	0.14285714285714285	t͡sɛtl̩kɛstçəns	tsɛtɛlkɛstçɛns	0.2	0.21428571428571427
Zeughäuschen	tsɔɪkhɔɪscən	tsɔɪkhɔɪscən	tsɔøkhɔøscən	tsɔɔʏkhɔɔʏʃən	compound	zeug|häuschen	0.0	0.16666666666666666	0.38461538461538464	t͡sɔɪ̯khɔɪ̯sçən	tsɔøkɔøʃən	0.26666666666666666	0.5
Zibarte	tsibartə	tsibaɐtə	tsibaɾtə	tsibaʁtə	compound	z|i|barte	0.125	0.125	0.125	t͡sibaɐ̯tə	tsibaɾtə	0.3	0.125
Ziegenficker	tsiːɡnfɪkɐ	tsiɡnfɪkɐ	tsiɡɛnfɪkɜ	tsigɛnfɪkɐ	compound	ziegen|ficker	0.0	0.2	0.2	t͡siɡn̩fɪkɐ	tsigɛnfɪkɐ̯	0.18181818181818182	0.2727272727272727
Ziegenhaar	tsiːɡənhaːʁ	tsiɡnhaɐ	tsiɡɛnhɑɾ	tsigənaɐ	compound	ziegen|haar	0.25	0.3333333333333333	0.375	t͡siɡn̩haɐ̯	tsigɛnɑaɽ	0.45454545454545453	0.4444444444444444
Ziegenhaare	tsiːɡənhaːʁə	tsiɡnhaʁə	tsiɡɛnhɑrə	tsigənaaʁə	compound	ziegen|haare	0.1111111111111111	0.3	0.2	t͡siɡn̩haʁə	tsigɛnɑaɽə	0.2727272727272727	0.4
Ziegenhaares	tsiːɡənhaːʁəs	tsiɡnhaʁəs	tsiɡɛnhɑrəs	tsigənaaʁəs	compound	ziegen|haares	0.1	0.2727272727272727	0.18181818181818182	t͡siɡn̩haʁəs	tsigɛnɑaɽəs	0.25	0.36363636363636365
Ziestag	tsiːstaːk	tsistak	tsistɑk	tsistak	compound	ziest|ag	0.0	0.14285714285714285	0.0	t͡sistak	tsistɑk	0.125	0.14285714285714285
Ziparte	tsipartə	tsipaʁtə	tsipaɾtə	tsipaʁtə	compound	z|i|parte	0.125	0.125	0.125	t͡sipaʁtə	tsipaɾtə	0.2222222222222222	0.125
Zipfelmützchen	tsɪpflmʏtscən	tsɪpflmʏtscən	tsɪpfəlmytscən	tsɪpfɛlmʏttscən	compound	zipfel|mützchen	0.0	0.14285714285714285	0.13333333333333333	t͡sɪp͡fl̩mʏt͡sçən	tsɪpfɛlmʏtʃən	0.29411764705882354	0.23076923076923078
Zippel	tsɪpəl	tsɪpəl	tsɪpəl	tsɪppel	compound	zippe|l	0.0	0.0	0.2857142857142857	t͡sɪpəl	tsɪppel	0.14285714285714285	0.2857142857142857
Zippverschluss	tsɪpfɛɐʃlʊs	tsɪpfɛɐʃlʊs	tsɪpfɜʃlʊs	tsɪppvɛʁstslʊss	compound	zipp|verschluss	0.0	0.2	0.4666666666666667	t͡sɪpfɛɐ̯ʃlʊs	tsɪppvɛɾstslʊss	0.15384615384615385	0.4666666666666667
Zirkusschulen	tsɪʁkʊsʃuːlən	tsɪʁkʊsʃulən	tsɪɾkʊsculən	tsɪʁkʊsʃulən	compound	zirkus|schulen	0.0	0.16666666666666666	0.0	t͡sɪʁkʊsʃulən	tsɪɾkʊsʃulən	0.07692307692307693	0.08333333333333333
Zischkowitz	tsɪʃkovɪts	tsɪʃkovɪts	tsɪʃkovɪts	tsɪʃkovɪts	compound	zisch|ko|witz	0.0	0.0	0.0	t͡sɪʃkovɪt͡s	tsɪʃkovɪts	0.16666666666666666	0.0
Zischkowitz'	tsɪʃkovɪts	tsɪʃkovɪts	tsɪʃkovɪts	tsɪʃkovɪts	compound	zisch|ko|witz	0.0	0.0	0.0	t͡sɪʃkovɪt͡s	tsɪʃkovɪts	0.16666666666666666	0.0
Zitrönchen	tsitʁøːncən	tsɪtʁøncən	tsɪtɾøncən	tsɪtʁœncən	compound	z|it|r|ö|n|chen	0.1	0.2	0.2	t͡sɪtʁønçən	tsɪtɾœnçən	0.2727272727272727	0.4
Zivilverteidigung	tsiviːlfɛɐtaɪdɪɡʊŋ	tsifilfɛɐtaɪdɪɡʊŋ	tsivɪlfɜtaɪdɪɡʊŋ	tsivɪlvɛʁtaedigʊŋ	compound	zivil|verteidigung	0.058823529411764705	0.1875	0.35294117647058826	t͡sivilfɛɐ̯taɪ̯dɪɡʊŋ	tsivɪlvɛɾtaedɪgʊŋ	0.15	0.29411764705882354
Zivilverteidigungen	tsiviːlfɛɐtaɪdɪɡʊŋən	tsifilfɛɐtaɪdɪɡʊŋən	tsivɪlfɜtaɪdɪɡʊŋən	tsivɪlvɛʁtaedigʊŋən	compound	zivil|verteidigungen	0.05263157894736842	0.16666666666666666	0.3157894736842105	t͡sivilfɛɐ̯taɪ̯dɪɡʊŋən	tsivɪlvɛɾtaedɪgʊŋən	0.13636363636363635	0.2631578947368421
Zobek	tsobɛk	tsobək	tsobek	tsobək	compound	zo|be|k	0.16666666666666666	0.16666666666666666	0.16666666666666666	t͡sobɛk	tsobek	0.14285714285714285	0.16666666666666666
Zollkriminalamt	tsɔlkʁiminaːlʔamt	tsɔlkʁiminalamt	tsɔlkɾiminɑlamt	tsɔllkʁiminalamt	compound	zoll|kriminalamt	0.0	0.13333333333333333	0.0625	t͡sɔlkʁiminalamt	tsɔllkɾiminɑlamt	0.0625	0.1875
Zoni	tsoːni	tsoni	tsoni	tsoni	compound	zo|n|i	0.0	0.0	0.0	t͡soni	tsoni	0.16666666666666666	0.0
Zuckereier	tsʊkɐaɪɐ	tsʊkɐaɪeɐ	tsʊkeraɪɜ	tsukɐəiɐ	compound	zuckerei|er	0.1111111111111111	0.3333333333333333	0.375	t͡sʊkɐaɪ̯ɐ	tsukɐ̯əiɐ̯	0.2	0.5
Zuckereiern	tsʊkɐaɪɐn	tsʊkɐaɪeɐn	tsʊkeraɪɜn	tsukɐəiʁn	compound	zuckerei|ern	0.1	0.3	0.4444444444444444	t͡sʊkɐaɪ̯ɐn	tsukeɾaeɾn	0.18181818181818182	0.5
Zuckereies	tsʊkɐaɪəs	tsʊkɐaɪɛs	tsʊkeraɪəs	tsukɐəijəs	compound	zuckerei|es	0.1111111111111111	0.2	0.4	t͡sʊkɐaɪ̯əs	tsukɐ̯aeəs	0.18181818181818182	0.3
Zuckerlöffel	tsʊkɐlœfl	tsʊkɐlœfl	tsʊkɜlœfəl	tsukɛʁlœffel	compound	zucker|löffel	0.0	0.2	0.4166666666666667	t͡sʊkɐlœfl̩	tsukɛɾlœffel	0.18181818181818182	0.4166666666666667
Zuckerlöffelchen	tsʊkɐlœflcən	tsʊkɐlœflcən	tsʊkɜlœfəlcən	tsukɛʁlœffɛlcən	compound	zucker|löffelchen	0.0	0.15384615384615385	0.3333333333333333	t͡sʊkɐlœfl̩çən	tsukɛɾlœffɛlçən	0.21428571428571427	0.4
Zuckerpille	tsʊkɐpɪlə	tsʊkɐpɪlə	tsʊkɜpɪlə	tsukɛʁpɪllə	compound	zucker|pille	0.0	0.1111111111111111	0.36363636363636365	t͡sʊkɐpɪlə	tsukɛɾpɪllə	0.1	0.36363636363636365
Zufallsgrösse	tsuːfalsɡʁøːsə	tsufalsɡʁøszɛ	tsufalsɡɾœsə	tsufallzgʁœszə	compound	zufalls|g|r|ös|se	0.15384615384615385	0.16666666666666666	0.35714285714285715	t͡sufalsɡʁœsə	tsufallzgɾœszə	0.15384615384615385	0.42857142857142855
Zufallsgröße	tsuːfalsɡʁøːsə	tsufalsɡʁøsə	tsufalsɡɾøsə	tsufallzgʁœszə	compound	zufalls|größe	0.0	0.08333333333333333	0.35714285714285715	t͡sufalsɡʁøsə	tsufallzgɾøzə	0.07692307692307693	0.38461538461538464
Zufallsgrößen	tsuːfalsɡʁøːsn	tsufalsɡʁøsn	tsufalsɡɾøsən	tsufallzgʁœszən	compound	zufalls|größen	0.0	0.15384615384615385	0.4	t͡sufalsɡʁøsn̩	tsufallzgɾøzən	0.14285714285714285	0.42857142857142855
Zugespitztheit	tsuːɡəʃpɪtsthaɪt	tsuɡəʃpɪtsthaɪt	tsuɡɛspɪtstaɪt	tsugəʃpɪtstəit	compound	zugespitzt|heit	0.0	0.21428571428571427	0.2857142857142857	t͡suɡəʃpɪt͡sthaɪ̯t	tsugəʃpɪtstəit	0.16666666666666666	0.2857142857142857
Zunahmi	tsuːnaːmi	tsunami	tsunɑmi	tsunami	compound	zunahm|i	0.0	0.14285714285714285	0.0	t͡sunami	tsunɑmi	0.125	0.14285714285714285
Zungenblüte	tsʊŋənblyːtə	tsʊŋənblytə	tsʊŋənblytə	tsʊŋɛnblytə	compound	zungen|blüte	0.0	0.0	0.09090909090909091	t͡sʊŋənblytə	tsuŋɛnblytə	0.08333333333333333	0.18181818181818182
Zungenblüten	tsʊŋənblyːtən	tsʊŋənblytn	tsʊŋənblytən	tsʊŋɛnblytən	compound	zungen|blüten	0.09090909090909091	0.0	0.08333333333333333	t͡sʊŋənblytn̩	tsuŋɛnblytən	0.23076923076923078	0.16666666666666666
Zupfinstrumentenbauer	tsʊpfʔɪnstʁumɛntnbaʊɐ	tsʊpfɪnstʁumɛntnbaʊɐ	tsupfɪnstɾumɛntənbaʊɜ	tsupfɪnstʁumɛntɛnbaoɐ	compound	zupfinstrumenten|bauer	0.0	0.19047619047619047	0.14285714285714285	t͡sʊp͡fɪnstʁumɛntn̩baʊ̯ɐ	tsupfɪnstɾumɛntɛnbaoɐ̯	0.16666666666666666	0.22727272727272727
Zupfinstrumentenhersteller	tsʊpfʔɪnstʁumɛntnheːɐʃtɛlɐ	tsʊpfɪnstʁumɛntnheɐʃtɛlɐ	tsupfɪnstɾumɛntənhɜʃtɛlɜ	tsupfɪnstʁumɛntɛnɛʁstɛllɐ	compound	zupfinstrumenten|hersteller	0.0	0.25	0.28	t͡sʊp͡fɪnstʁumɛntn̩heɐ̯ʃtɛlɐ	tsupfɪnstɾumɛntɛnɛɾstɛllɐ̯	0.14285714285714285	0.34615384615384615
Zurrgurt	tsʊrɡʊʁt	tsʊʁɡʊʁt	tsuɾɡ??t	tsuɐɐgʊʁt	compound	zurr|gurt	0.125	0.5	0.4444444444444444	t͡sʊʁɡʊʁt	tsuɾɾgʊɾt	0.2222222222222222	0.5555555555555556
Zurückerstattung	tsʊʁʏkʔɛʁʃtatʊŋ	tsuʁʏkɛɐʃtatʊŋ	tsurykɛɾʃtatʊŋ	tsuʁʏkɛʁstatʊŋ	compound	zurück|erstattung	0.14285714285714285	0.2857142857142857	0.14285714285714285	t͡suʁʏkɛɐ̯ʃtatʊŋ	tsuɾʏkɛɾstatʊŋ	0.25	0.2857142857142857
Zurückgewinnung	tsuʁʏkɡəvɪnʊŋ	tsuʁʏkɡəvɪnʊŋ	tsurykɡəvɪnʊŋ	tsuʁʏkgevɪnnʊŋ	compound	zurück|gewinnung	0.0	0.15384615384615385	0.21428571428571427	t͡suʁʏkɡəvɪnʊŋ	tsuɾʏkgevɪnnʊŋ	0.07142857142857142	0.2857142857142857
Zusammenfall	tsuzamənfal	tsuzamənfal	tsuzamənfal	tsuzammɛnfall	compound	zusammen|fall	0.0	0.0	0.23076923076923078	t͡suzamənfal	tsuzammɛnfall	0.08333333333333333	0.23076923076923078
Zusammenfalles	tsuzamənfaləs	tsuzamənfaləs	tsuzamənfaləs	tsuzammɛnfalləs	compound	zusammenfalle|s	0.0	0.0	0.2	t͡suzamənfaləs	tsuzammɛnfalləs	0.07142857142857142	0.2
Zusammenfalls	tsuzamənfals	tsuzamənfals	tsuzamənfals	tsuzammɛnfalls	compound	zusammen|falls	0.0	0.0	0.21428571428571427	t͡suzamənfals	tsuzammɛnfalls	0.07692307692307693	0.21428571428571427
Zusammenführung	tsuzamənfyːʁʊŋ	tsuzamənfyʁʊŋ	tsuzamənfyrʊŋ	tsuzammɛnfyʁʊŋ	compound	zusammen|führung	0.0	0.07692307692307693	0.14285714285714285	t͡suzamənfyʁʊŋ	tsuzammɛnfyɾʊŋ	0.07142857142857142	0.21428571428571427
Zusammenrechnung	tsuzamənʁɛcnʊŋ	tsuzamənʁɛcnʊŋ	tsuzamənrɛcnʊŋ	tsuzammɛnʁɛcnʊŋ	compound	zusammen|rechnung	0.0	0.07142857142857142	0.13333333333333333	t͡suzamənʁɛçnʊŋ	tsuzammɛnɾɛçnʊŋ	0.13333333333333333	0.26666666666666666
Zusammenreissen	tsuzamənʁaɪsən	tsuzamənnʁaɪsən	tsuzamənraɪsən	tsuzammɛnʁaeszən	compound	zusammen|reissen	0.06666666666666667	0.07142857142857142	0.25	t͡suzamənʁaɪ̯sn̩	tsuzammɛnɾaeszən	0.25	0.3125
Zusammenschliessen	tsuzamənʃliːsən	tsuzamənʃlisn	tsuzamənʃlisən	tsuzammɛnstsliszən	compound	zusammen|schliessen	0.07692307692307693	0.0	0.3333333333333333	t͡suzamənʃlisn̩	tsuzammɛnstsliszən	0.2	0.3333333333333333
Zusammenstreben	tsuːzamənʃtʁeːbən	tsuzamənʃtʁebn	tsuzamənʃtɾebən	tsuzammɛnstʁebən	compound	zusammen|streben	0.07142857142857142	0.06666666666666667	0.1875	t͡suzamənʃtʁebn̩	tsuzammɛnstɾebən	0.1875	0.25
Zusammenzählung	tsuzaməntsɛːlʊŋ	tsuzaməntsɛlʊŋ	tsuzaməntsɛlʊŋ	tsuzammɛntsɛlʊŋ	compound	zusammen|zählung	0.0	0.0	0.13333333333333333	t͡suzamənt͡sɛlʊŋ	tsuzammɛntsɛlʊŋ	0.125	0.13333333333333333
Zustellpostamt	tsuːʃtɛlpɔstʔamt	tsuʃtɛlpɔstamt	tsuʃtɛlpɔstamt	tsuʃtɛllpɔstamt	compound	zu|stell|postamt	0.0	0.0	0.06666666666666667	t͡suʃtɛlpɔstamt	tsuʃtɛllpɔstamt	0.06666666666666667	0.06666666666666667
Zutrittskontrolle	tsuːtʁɪtskɔntʁɔlə	tsutʁɪtskɔntʁɔlə	tsutɾɪtskɔntɾɔlə	tsutʁɪttskɔntʁɔllə	compound	zutritts|kontrolle	0.0	0.125	0.1111111111111111	t͡sutʁɪt͡skɔntʁɔlə	tsutɾɪttskɔntɾɔllə	0.1111111111111111	0.2222222222222222
Zwangsehe	tsvaŋseːə	tsvaŋseə	tsvaŋzeə	tsvaŋzeə	compound	zwangs|ehe	0.0	0.125	0.125	t͡svaŋzeə	tsvaŋzeə	0.2222222222222222	0.125
Zwangsläufigkeit	tsvaŋslɔɪfɪckaɪt	tsvaŋslɔɪfɪkaɪt	tsvaŋslɔøfɪckaɪt	tsvaŋslɔɔʏfɪkkəit	compound	zwangsläufig|keit	0.06666666666666667	0.0625	0.29411764705882354	t͡svaŋslɔɪ̯fɪkkaɪ̯t	tsvaŋslɔøfɪkkəit	0.21052631578947367	0.25
Zwangsurlaub	tsvaŋsuːɐlaʊp	tsvaŋsuɐlaʊp	tsvaŋz??laʊp	tsvaŋzʊʁlaop	compound	zwangs|urlaub	0.0	0.25	0.3333333333333333	t͡svaŋsuɐ̯laʊ̯p	tsvaŋzʊɾlaop	0.2	0.3333333333333333
Zwangsurlaube	tsvaŋsuːɐlaʊbə	tsvaŋsuɐlaʊbə	tsvaŋz??laʊbə	tsvaŋzʊʁlaobə	compound	zwangs|urlaube	0.0	0.23076923076923078	0.3076923076923077	t͡svaŋsuɐ̯laʊ̯bə	tsvaŋzʊɾlaobə	0.1875	0.3076923076923077
Zwangsurlaubes	tsvaŋsuːɐlaʊbəs	tsvaŋsuɐlaʊbəs	tsvaŋz??laʊbəs	tsvaŋzʊʁlaobəs	compound	zwangs|urlaubes	0.0	0.21428571428571427	0.2857142857142857	t͡svaŋsuɐ̯laʊ̯bəs	tsvaŋzʊɾlaobəs	0.17647058823529413	0.2857142857142857
Zwangsurlaubs	tsvaŋsuːɐlaʊps	tsvaŋsuɐlaʊps	tsvaŋz??laʊps	tsvaŋzʊʁlaops	compound	zwangs|urlaubs	0.0	0.23076923076923078	0.3076923076923077	t͡svaŋsuɐ̯laʊ̯ps	tsvaŋzʊɾlaops	0.1875	0.3076923076923077
Zwanzigflächner	tsvantsɪcflɛcnɐ	tsvantsɪkflɛcnɐ	tsvantsɪcflɛcnɜ	tsvantsɪkflɛcnɐ	compound	zwanzig|fl|ä|ch|ner	0.06666666666666667	0.06666666666666667	0.06666666666666667	t͡svant͡sɪkflɛçnɐ	tsvantsɪkflɛçnɐ̯	0.23529411764705882	0.1875
Zwanzigflächners	tsvantsɪcflɛcnɐs	tsvantsɪkflɛcnɐs	tsvantsɪcflɛcnɜs	tsvantsɪkflɛcnɛʁs	compound	zwanzig|fl|ä|ch|ner|s	0.0625	0.0625	0.17647058823529413	t͡svant͡sɪkflɛçnɐs	tsvantsɪkflɛçnɛɾs	0.2222222222222222	0.23529411764705882
Zweckentfremdung	tsvɛkɛntfrɛmdʊŋ	tsvɛkɛntfʁɛmdʊŋ	tsvɛkəntfrɛmdʊŋ	tsvɛkɛntfʁɛmdʊŋ	compound	zweck|entfremdung	0.06666666666666667	0.06666666666666667	0.06666666666666667	t͡svɛkɛntfʁɛmdʊŋ	tsvɛkɛntfɾɛmdʊŋ	0.125	0.06666666666666667
Zwehle	tsveːlə	tsvelə	tsvelə	tsvelə	compound	z|wehle	0.0	0.0	0.0	t͡svelə	tsvelə	0.14285714285714285	0.0
Zweihundertjahrfeier	tsvaɪhʊndɐtjaːɐfaɪɐ	tsvaɪhʊndɐtjaɐfaɪɐ	tsvaɪhʊndɜtjɑɾfaɪɜ	tsvaeʊndɛʁtjaʁfəiɐ	compound	zweihundert|jahr|feier	0.0	0.2222222222222222	0.3888888888888889	t͡svaɪ̯hʊndɐtjaɐ̯faɪ̯ɐ	tsvaeʊndɛɾtjɑɾfəiɐ̯	0.18181818181818182	0.47368421052631576
Zweiklang	tsvaɪklaŋ	tsvaɪklaŋ	tsvaɪklaŋ	tsvaeklaŋ	compound	zwei|klang	0.0	0.0	0.1111111111111111	t͡svaɪ̯klaŋ	tsvaeklaŋ	0.18181818181818182	0.1111111111111111
Zweitrangigkeit	tsvaɪtʁaŋɪckaɪt	tsvaɪtʁaŋɪkaɪt	tsvaɪtɾaŋɪckaɪt	tsvaetʁaŋɪkkəit	compound	zweitrangig|keit	0.07142857142857142	0.06666666666666667	0.26666666666666666	t͡svaɪ̯tʁaŋɪkkaɪ̯t	tsvaetɾaŋɪkkəit	0.2222222222222222	0.3333333333333333
Zweiunddreißigeck	tsvaɪʊntdʁaɪsɪcɛk	tsvaɪʊntdʁaɪsɪkɛk	tsvaɪʊndɾaɪsɪɡɛk	tsvaeʊndʁaeszɪgɛk	compound	zweiunddreißig|eck	0.058823529411764705	0.1875	0.29411764705882354	t͡svaɪ̯ʊntdʁaɪ̯sɪɡək	tsvaeʊnddɾaezigɛk	0.25	0.4117647058823529
Zweiunddreißigecke	tsvaɪʊntdʁaɪsɪcɛkə	tsvaɪʊntdʁaɪsɪkɛkə	tsvaɪʊndɾaɪsɪɡɛkə	tsvaeʊndʁaeszɪgɛkə	compound	zweiunddreißig|ecke	0.05555555555555555	0.17647058823529413	0.2777777777777778	t͡svaɪ̯ʊntdʁaɪ̯sɪɡəɛkə	tsvaeʊnddɾaezigɛkə	0.22727272727272727	0.3888888888888889
Zweiunddreißigeckes	tsvaɪʊntdʁaɪsɪcɛkəs	tsvaɪʊntdʁaɪsɪkɛkəs	tsvaɪʊndɾaɪsɪɡɛkəs	tsvaeʊndʁaeszɪgɛkəs	compound	zweiunddreißig|eckes	0.05263157894736842	0.16666666666666666	0.2631578947368421	t͡svaɪ̯ʊntdʁaɪ̯sɪɡəkəs	tsvaeʊnddɾaezigɛkəs	0.22727272727272727	0.3684210526315789
Zweiunddreißigecks	tsvaɪʊntdʁaɪsɪcɛks	tsvaɪʊntdʁaɪsɪkɛks	tsvaɪʊndɾaɪsɪɡɛks	tsvaeʊndʁaeszɪgɛks	compound	zweiunddreißig|ecks	0.05555555555555555	0.17647058823529413	0.2777777777777778	t͡svaɪ̯ʊntdʁaɪ̯sɪɡəɛks	tsvaeʊnddɾaejigɛks	0.22727272727272727	0.3888888888888889
Zweiundfünfzigjährige	tsvaɪʊntfʏnftsɪcjɛːʁɪɡə	tsvaɪʊntfʏnftsɪkjɛʁɪɡə	tsvaɪʊntfynftsɪɡjɛrɪɡə	tsvaeʊntfʏnftsɪkjɛʁɪgə	compound	zweiundfünfzig|jährige	0.045454545454545456	0.13636363636363635	0.13636363636363635	t͡svaɪ̯ʊntfʏnft͡sɪkjɛʁɪɡə	tsvaeʊntfʏnftsɪkjɛɾɪgə	0.16	0.18181818181818182
Zweiundfünfzigjähriger	tsvaɪʊntfʏnftsɪcjɛːʁɪɡɐ	tsvaɪʊntfʏnftsɪkjɛʁɪɡɐ	tsvaɪʊntfynftsɪɡjɛrɪɡɜ	tsvaeʊntfʏnftsɪkjɛʁɪgɐ	compound	zweiundfünfzig|jähriger	0.045454545454545456	0.18181818181818182	0.13636363636363635	t͡svaɪ̯ʊntfʏnft͡sɪçjɛʁɪɡɐ	tsvaeʊntfʏnftsɪkjɛɾɪgɐ̯	0.16	0.21739130434782608
Zweiundfünfzigstel	tsvaɪʊntfʏnftsɪcstəl	tsvaɪʊntfʏnftsɪkstəl	tsvaɪʊntfynftsɪcstəl	tsvaeʊntfʏnftsɪgstəl	compound	zweiundfünfzig|ste|l	0.05	0.05	0.1	t͡svaɪ̯ʊntfynft͡sɪçstəl	tsvaeʊntfʏnftsɪgstel	0.21739130434782608	0.15
Zweiundvierzigstel	tsvaɪʊntfɪʁtsɪcstəl	tsvaɪʊntfɪʁtsɪkstəl	tsvaɪʊndviɾtsɪcstəl	tsvaeʊntviʁtsɪgstəl	compound	zweiundvierzigste|l	0.05263157894736842	0.21052631578947367	0.21052631578947367	t͡svaɪ̯ʊntfɪʁt͡sɪkstəl	tsvaeʊntviɾtsɪgstel	0.18181818181818182	0.3157894736842105
Zweiundvierzigstels	tsvaɪʊntfɪʁtsɪcstəls	tsvaɪʊntfɪʁtsɪkstəls	tsvaɪʊndviɾtsɪcstəls	tsvaeʊntviʁtsɪgstɛls	compound	zweiundvierzigste|l|s	0.05	0.2	0.25	t͡svaɪ̯ʊntfɪʁt͡sɪkstəls	tsvaeʊntviɾtsɪgstɛls	0.17391304347826086	0.3
Zweiundzwanzigeck	tsvaɪʊnttsvantsɪcɛk	tsvaɪʊnttsvantsɪcɛk	tsvaɪʊnttsvantsɪɡɛk	tsvaeʊnttsvantsɪgɛk	compound	zweiundzwanzig|eck	0.0	0.05263157894736842	0.10526315789473684	t͡svaɪ̯ʊntt͡svant͡sɪkɛk	tsvaeʊnttsvantsigɛk	0.21739130434782608	0.15789473684210525
Zweiundzwanzigecke	tsvaɪʊnttsvantsɪcɛkə	tsvaɪʊnttsvantsɪcɛkə	tsvaɪʊnttsvantsɪɡɛkə	tsvaeʊnttsvantsɪgɛkə	compound	zweiundzwanzig|ecke	0.0	0.05	0.1	t͡svaɪ̯ʊntt͡svant͡sɪkɛkə	tsvaeʊnttsvantsigɛkə	0.20833333333333334	0.15
Zweiundzwanzigeckes	tsvaɪʊnttsvantsɪcɛkəs	tsvaɪʊnttsvantsɪcɛkəs	tsvaɪʊnttsvantsɪɡɛkəs	tsvaeʊnttsvantsɪgɛkəs	compound	zweiundzwanzig|eckes	0.0	0.047619047619047616	0.09523809523809523	t͡svaɪ̯ʊntt͡svant͡sɪkɛkəs	tsvaeʊnttsvantsigɛkəs	0.2	0.14285714285714285
Zweiundzwanzigecks	tsvaɪʊnttsvantsɪcɛks	tsvaɪʊnttsvantsɪcɛks	tsvaɪʊnttsvantsɪɡɛks	tsvaeʊnttsvantsɪgɛks	compound	zweiundzwanzig|ecks	0.0	0.05	0.1	t͡svaɪ̯ʊntt͡svant͡sɪkɛks	tsvaeʊnttsvantsigɛks	0.20833333333333334	0.15
Zweiundzwanzigstel	tsvaɪʊnttsvantsɪcstəl	tsvaɪʊnttsvantsɪkstəl	tsvaɪʊnttsvantsɪcstəl	tsvaeʊnttsvantsɪgstəl	compound	zweiundzwanzigste|l	0.047619047619047616	0.0	0.09523809523809523	t͡svaɪ̯ʊntt͡svant͡sɪkstəl	tsvaeʊnttsvantsɪgstel	0.2	0.14285714285714285
Zweiundzwanzigstels	tsvaɪʊnttsvantsɪcstəls	tsvaɪʊnttsvantsɪkstəls	tsvaɪʊnttsvantsɪcstəls	tsvaeʊnttsvantsɪgstɛls	compound	zweiundzwanzigste|l|s	0.045454545454545456	0.0	0.13636363636363635	t͡svaɪ̯ʊntt͡svant͡sɪkstəls	tsvaeʊnttsvantsɪgstɛls	0.19230769230769232	0.13636363636363635
Zwergkaninchens	tsvɛʁkkaniːncəns	tsvɛɾkanɪncəns	tsvɛɾkkanɪncəns	tsvɛʁkkanɪncɛns	compound	zwergkaninchen|s	0.21428571428571427	0.13333333333333333	0.13333333333333333	tsvɛɾkkanɪnçəns	tsvɛɾkkɑnɪnçɛns	0.2	0.3333333333333333
Zwergpinscher	tsvɛʁkpɪnʃɐ	tsvɛʁkpɪnʃɐ	tsvɛɾkpɪnʃɜ	tsvɛʁkpɪnʃɐ	compound	zwerg|pinscher	0.0	0.18181818181818182	0.0	t͡svɛʁkpɪnʃɐ	tsvɛɾkpɪnʃɐ̯	0.08333333333333333	0.16666666666666666
Zwergpudel	tsvɛʁkpuːdl	tsvɛʁkpudl	tsvɛɾkpudəl	tsvɛʁkpudel	compound	zwerg|pudel	0.0	0.18181818181818182	0.09090909090909091	t͡svɛʁkpudl̩	tsvɛɾkpudel	0.16666666666666666	0.18181818181818182
Zwergpudels	tsvɛʁkpuːdls	tsvɛʁkpudls	tsvɛɾkpudəls	tsvɛʁkpudɛls	compound	zwerg|pudels	0.0	0.16666666666666666	0.08333333333333333	t͡svɛʁkpudl̩s	tsvɛɾkpudɛls	0.15384615384615385	0.16666666666666666
Zwergspitz	tsvɛʁkʃpɪts	tsvɛʁkʃpɪts	tsvɛɾkspɪts	tsvɛʁgspɪts	compound	zwerg|spitz	0.0	0.18181818181818182	0.18181818181818182	t͡svɛʁkʃpɪt͡s	tsvɛɾgspɪts	0.15384615384615385	0.2727272727272727
Zwergstrandläufer	tsvɛʁkʃtrantlɔɪfɐ	tsvɛʁkʃtʁantlɔɪfɐ	tsvɛɾkstɾandlɔøfɜ	tsvɛʁgstʁandlɔɔʏfɐ	compound	zwerg|strand|läufer	0.058823529411764705	0.35294117647058826	0.3333333333333333	t͡svɛʁkʃtʁantlɔɪ̯fɐ	tsvɛɾkstɾandlɔøfɐ̯	0.15789473684210525	0.3333333333333333
Zwischenlage	tsvɪʃnlaːɡə	tsvɪʃnlaɡə	tsvɪʃənlɑɡə	tsvɪʃɛnlagə	compound	zwischen|lage	0.0	0.18181818181818182	0.18181818181818182	t͡svɪʃn̩laɡə	tsvɪʃɛnlɑgə	0.16666666666666666	0.2727272727272727
Zwischenprodukt	tsvɪʃnpʁodʊkt	tsvɪʃnpʁodʊkt	tsvɪʃənpɾodʊkt	tsvɪʃɛnpʁodʊkt	compound	zwischen|produkt	0.0	0.14285714285714285	0.07142857142857142	t͡svɪʃn̩pʁodʊkt	tsvɪʃɛnpɾodʊkt	0.13333333333333333	0.14285714285714285
Zwölfeckpyramide	tsvœlfɛkpyʁamiːdə	tsvœlfɛkpyʁamidə	tsvœlfɛkpyramidə	tsvœlfɛkpyʁamidə	compound	zwölfeck|pyramide	0.0	0.0625	0.0	t͡svœlfɛkpyʁamidə	tsvœlfɛkpyɾɑmidə	0.058823529411764705	0.125
Zwölfeckpyramiden	tsvœlfɛkpyʁamiːdən	tsvœlfɛkpyʁamidən	tsvœlfɛkpyramidən	tsvœlfɛkpyʁamidən	compound	zwölfeck|pyramiden	0.0	0.058823529411764705	0.0	t͡svœlfɛkpyʁamidn̩	tsvœlfɛkpyɾɑmidən	0.16666666666666666	0.11764705882352941
Zwölfflächner	tsvœlfflɛcnɐ	tsvœlfflɛcnɐ	tsvœlflɛcnɜ	tsvœlfflɛcnɐ	compound	zwölf|fl|ä|ch|ner	0.0	0.18181818181818182	0.0	t͡svœlfflɛçnɐ	tsvœlfflɛçnɐ̯	0.15384615384615385	0.15384615384615385
Zwölfflächners	tsvœlfflɛcnɐs	tsvœlfflɛcnɐs	tsvœlflɛcnɜs	tsvœlfflɛcnɛʁs	compound	zwölf|fl|ä|ch|ner|s	0.0	0.16666666666666666	0.14285714285714285	t͡svœlfflɛçnɐs	tsvœlfflɛçnɛɾs	0.14285714285714285	0.21428571428571427
Zytophotometrie	tsytofoːtometʁiː	tsytofotometʁie	tsytɔfotomɛtɾi	tsytɔfotomɛtʁiə	compound	zyto|photo|met|r|i|e	0.06666666666666667	0.21428571428571427	0.2	t͡sytofotometʁi	tsytɔfotomɛtɾijə	0.06666666666666667	0.3125
Zähnlein	tsɛːnlaɪn	tsɛnlaɪn	tsɛnlaɪn	tsɛnləɪn	compound	zähn|lein	0.0	0.0	0.125	t͡sɛnlaɪ̯n	tsɛnləɪn	0.2	0.125
Zögerlichkeit	tsøːɡɐlɪc	tsøɡɐlɪckaɪt	tsøɡɜlɪckaɪt	tsøgɐlɪckəit	compound	zögerlich|keit	0.3333333333333333	0.4166666666666667	0.4166666666666667	t͡søɡɐlɪçkaɪ̯t	tsøgɛɾlɪçkəit	0.5	0.6153846153846154
Zündfunke	tsʏntfʊŋkə	tsʏntfʊŋkə	tsyntfʊŋkə	tsʏntfʊŋkə	compound	zünd|funke	0.0	0.1	0.0	t͡sʏntfʊŋkə	tsʏntfʊŋkə	0.09090909090909091	0.0
Zündfunken	tsʏntfʊŋkən	tsʏntfʊŋkn	tsyntfʊŋkən	tsʏntfʊŋkən	compound	zünd|funken	0.1	0.09090909090909091	0.0	t͡sʏntfʊŋkn̩	tsʏntfʊŋkən	0.25	0.0
Zündhölzlein	tsʏnthœltslaɪn	tsʏnthœltslaɪn	tsynthœltslaɪn	tsʏntœltslaen	compound	zünd|hölzlein	0.0	0.07142857142857142	0.15384615384615385	t͡sʏnthœlt͡slaɪ̯n	tsʏntœltsləɪn	0.17647058823529413	0.15384615384615385
Zündstrick	tsʏntʃtʁɪk	tsʏntʃtʁɪk	tsyntstɾɪk	tsʏntstʁɪk	compound	zünd|strick	0.0	0.3	0.1	t͡sʏntʃtʁɪk	tsʏntstɾɪk	0.09090909090909091	0.2
Zündstricke	tsʏntʃtʁɪkə	tsʏntʃtʁɪkə	tsyntstɾɪkə	tsʏntstʁɪkə	compound	zünd|stricke	0.0	0.2727272727272727	0.09090909090909091	t͡sʏntʃtʁɪkə	tsʏntstɾɪkə	0.08333333333333333	0.18181818181818182
Zündstricken	tsʏntʃtʁɪkn	tsʏntʃtʁɪkn	tsyntstɾɪkən	tsʏntstʁɪkən	compound	zünd|stricken	0.0	0.3333333333333333	0.16666666666666666	t͡sʏntʃtʁɪkn̩	tsʏntstɾɪkən	0.15384615384615385	0.25
Zündstrickes	tsʏntʃtʁɪkəs	tsʏntʃtʁɪkəs	tsyntstɾɪkəs	tsʏntstʁɪkəs	compound	zünd|strickes	0.0	0.25	0.08333333333333333	t͡sʏntʃtʁɪkəs	tsʏntstɾɪkəs	0.07692307692307693	0.16666666666666666
Zündstricks	tsʏntʃtʁɪks	tsʏntʃtʁɪks	tsyntstɾɪks	tsʏntstʁɪks	compound	zünd|stricks	0.0	0.2727272727272727	0.09090909090909091	t͡sʏntʃtʁɪks	tsʏntstɾɪks	0.08333333333333333	0.18181818181818182
Zürbelbaum	tsʏrbəlbaʊm	tsʏrbəlbaʊm	tsyɾbəlbaʊm	tsʏʁbɛlbaom	compound	zürbel|baum	0.0	0.18181818181818182	0.2727272727272727	t͡sʏʁbl̩baʊ̯m	tsʏɾbɛlbaom	0.38461538461538464	0.2727272727272727
abdirigieren	apdiʁiɡiːʁən	apdiʁiɡiʁən	apdirɪɡirən	apdiʁɪgiʁən	compound	ab|dirigieren	0.0	0.2727272727272727	0.18181818181818182	apdiʁiɡiʁən	apdiɾɪgiɾen	0.0	0.45454545454545453
abendwärts	aːbntvɛʁts	abmtvɛʁts	ɑbəndvɛɾts	apɛntvɛʁts	compound	abend|wärts	0.1111111111111111	0.4	0.2	abn̩tvɛʁt͡s	apɛntvɛɾts	0.18181818181818182	0.3
abfiltern	apfɪltɐn	apfɪltɐn	apfɪltɜn	apfɪltɛʁn	compound	ab|filtern	0.0	0.125	0.2222222222222222	apfɪltɜn	apfɪltɛɾn	0.125	0.2222222222222222
abgünstig	apɡʏnstɪc	apɡʏnstɪk	apɡynstɪc	apgʏnstɪc	compound	ab|günstig	0.1111111111111111	0.1111111111111111	0.1111111111111111	apgʏnstɪç	apgʏnstɪç	0.2222222222222222	0.2222222222222222
abirren	apɪʁən	apɪʁən	apɪrən	abɪʁʁən	compound	ab|irren	0.0	0.16666666666666666	0.2857142857142857	apɪʁən	apɪɾɾən	0.0	0.2857142857142857
abiturieren	abituʁiːʁən	abituɐiʁən	apiturirən	abituʁiʁən	compound	abitur|ieren	0.1	0.3	0.0	abituʁiʁən	apituɐiɾen	0.0	0.4
abkehlen	apkeːlən	apkelən	apkelən	apkelən	compound	ab|kehlen	0.0	0.0	0.0	apkelən	apkelən	0.0	0.0
abkämmen	apkɛmən	apkɛmən	apkɛmən	apkɛmmən	compound	ab|kämmen	0.0	0.0	0.125	apkɛmən	apkɛmmən	0.0	0.125
ableistisch	ɛɪbəlɪstɪʃ	aplaɪstɪʃ	aplaɪstɪʃ	aplaestɪʃ	compound	ab|leist|isch	0.5555555555555556	0.5555555555555556	0.6666666666666666	aplaɪ̯stɪʃ	aplaestɪʃ	0.6	0.6666666666666666
abmatten	apmatn	apmatn	apmatən	apmatən	compound	ab|matten	0.0	0.14285714285714285	0.14285714285714285	apmatn̩	apmatən	0.14285714285714285	0.14285714285714285
abschnittweise	apʃnɪtvaɪzə	apʃnɪtvaɪzə	apʃnɪtvaɪzə	apʃnɪtvaezə	compound	abschnitt|weise	0.0	0.0	0.09090909090909091	apʃnɪtvaɪzə	apʃnɪttvaezə	0.0	0.16666666666666666
abstreitbar	apʃtʁaɪtbaːɐ	apʃtʁaɪtbaɐ	apstɾaɪtbɑɾ	apʃtʁaetbaʁ	compound	ab|streitbar	0.0	0.36363636363636365	0.18181818181818182	apʃtɾaɪtbɑɾ	apʃtɾaetbaɽ	0.2727272727272727	0.2727272727272727
abtönen	aptøːnən	aptønən	aptønən	aptønən	compound	ab|tönen	0.0	0.0	0.0	aptønən	aptønən	0.0	0.0
abwendig	apvɛndɪk	apvɛndɪk	apvɛndɪc	apvɛndɪc	compound	ab|wendig	0.0	0.125	0.125	apvɛndɪç	apvɛndɪç	0.125	0.125
abzusaufen	aptsuzaʊfn	aptsuzaʊfm	aptsuzaʊfən	aptsuzaofən	compound	ab|zu|saufen	0.1	0.09090909090909091	0.18181818181818182	apt͡suzaʊ̯fn̩	aptsuzaofən	0.23076923076923078	0.18181818181818182
abzwingen	aptsvɪŋən	aptsvɪŋən	aptsvɪŋən	aptsvɪŋən	compound	ab|zwingen	0.0	0.0	0.0	aptsvɪŋən	aptsvɪŋən	0.0	0.0
achtfüßig	axtfyːsɪc	axtfysɪc	axtfysɪc	axtfʏszɪc	compound	acht|f|ü|ßig	0.0	0.0	0.2222222222222222	axtfʏsɪk	axtfyzɪç	0.25	0.25
achthundertjährig	axthʊndɐtjɛːʁɪc	axthʊndɐtjɛrɪc	axtʊndɜtjɛrɪc	axtʊndɛʁtjɛʁɪc	compound	achthundert|jährig	0.07142857142857142	0.23076923076923078	0.21428571428571427	axthʊndɐtjɛʁɪk	axtʊndɛɾtjɛɾɪç	0.07142857142857142	0.35714285714285715
achtsprachig	axtʃpʁaːχɪk	axtʃpʁaxik	axtʃpɾɑxɪc	axtspʁaxɪc	compound	acht|sprach|ig	0.2	0.4	0.3	axtʃpʁaxɪk	axtspɾaxɪç	0.1	0.4
achtundachtzigste	axtʊntaxtsɪcstə	axtʊntaxtsɪkstə	axtʊndaxtsɪcstə	axtʊndaxtsɪgstə	compound	achtundachtzig|ste	0.06666666666666667	0.06666666666666667	0.13333333333333333	axtʊntaxt͡sɪkstə	axtʊndaxtsɪgstə	0.125	0.13333333333333333
achtunddreissigmal	axtʊntdʁaɪsɪcmaːl	axtʊntdʁaɪsɪɡmal	axtʊndɾaɪsɪɡmɑl	axtʊndʁaeszɪkmal	compound	acht|unddreissi|g|mal	0.0625	0.26666666666666666	0.25	axtʊntdʁaɪ̯szɪɡmal	axtʊnddɾaeszɪkmal	0.16666666666666666	0.29411764705882354
achtunddreissigstens	axtʊntdʁaɪsɪcstns	axtaɪʊntdʁaɪsɪcstns	axtʊndɾaɪsɪcstəns	axtʊndʁaeszɪgstɛns	compound	acht|unddreissigstens	0.10526315789473684	0.17647058823529413	0.2777777777777778	axtʊntdʁaɪ̯sɪkstn̩s	axtʊnddɾaeszɪgstɛns	0.15789473684210525	0.3157894736842105
achtunddreißigfacher	axtʊntdʁaɪsɪcfaxɐ	axtʊndʁaɪsɪcfaxeɐ	axtʊndɾaɪsɪcfaxɜ	axtʊndʁaeszɪkfaxɐ	compound	achtunddreißigfach|er	0.11764705882352941	0.1875	0.23529411764705882	axtʊntdʁaɪ̯sɪçfaxɐ	axtʊnddɾaejɪkfaxɐ̯	0.1111111111111111	0.3333333333333333
achtunddreißigjährig	axtʊntdʁaɪsɪcjɛːʁɪc	axtʊntdʁaɪsɪkjɛrɪc	axtʊndɾaɪsɪɡjɛrɪc	axtʊndʁaeszɪkjɛʁɪc	compound	achtunddreißig|jährig	0.1111111111111111	0.23529411764705882	0.2222222222222222	axtʊntdʁaɪ̯sɪçjɛʁɪk	axtʊnddɾaeʃɪkjɛɾɪç	0.15789473684210525	0.3888888888888889
achtunddreißigmal	axtʊntdʁaɪsɪkmaːl	axtʊntdʁaɪsɪkmal	axtʊndɾaɪsɪɡmɑl	axtʊndʁaeszɪkmal	compound	achtunddreißig|mal	0.0	0.26666666666666666	0.1875	axtʊntdʁaɪ̯sɪçmal	axtʊnddɾaejɪkmal	0.11764705882352941	0.25
achtunddreißigminütig	axtʊntdʁaɪsɪcminyːtɪc	axtʊntdʁaɪsɪkminytɪc	axtʊndɾaɪsɪɡminytɪc	axtʊndʁaeszɪkmɪnytɪc	compound	achtunddreißig|minütig	0.05	0.15789473684210525	0.25	axtʊntdʁaɪ̯sɪkminytɪk	axtʊnddɾaejɪkminytɪç	0.14285714285714285	0.3
achtunddreißigminütiger	axtʊntdʁaɪsɪcminyːtɪɡɐ	axtʊntdʁaɪsɪkminytɪgɜ	axtʊndɾaɪsɪɡminytɪɡɜ	axtʊndʁaeszɪkmɪnytɪgɐ	compound	achtunddreißig|minütiger	0.14285714285714285	0.2	0.2857142857142857	axtʊntdʁaɪ̯sɪkminytɪɡɐ	axtʊnddɾaejɪkminytɪgɐ̯	0.09090909090909091	0.3181818181818182
achtunddreißigstens	axtʊntdʁaɪsɪcstns	axtʊntdʁaɪsɪkstns	axtʊndɾaɪsɪcstəns	axtʊndʁaeszɪgstɛns	compound	achtunddreißigsten|s	0.058823529411764705	0.17647058823529413	0.2777777777777778	axtʊntdʁaɪ̯sɪkstn̩s	axtʊnddɾaejɪgstɛns	0.15789473684210525	0.3333333333333333
achtunddreißigstündiger	axtʊntdʁaɪsɪcʃtʏndɪɡɐ	axtʊntdʁaɪsɪkʃtʏndɪceɐ	axtʊndɾaɪsɪcʃtyndɪɡɜ	axtʊndʁaeszɪgstʏndɪgɐ	compound	achtunddreißig|stündig|er	0.13636363636363635	0.2	0.2857142857142857	axtʊntdʁaɪ̯sɪkʃtʏndɪɡɐ	axtʊnddɾaejɪgstʏndɪgɐ̯	0.09090909090909091	0.36363636363636365
achtundfünfzigfach	axtʊntfʏnftsɪcfax	axtʊntfʏnftsɪkfax	axtʊntfynftsɪcfax	axtʊntfʏnftsɪkfax	compound	achtundfünfzig|fach	0.058823529411764705	0.058823529411764705	0.058823529411764705	axtʊntfʏnft͡sɪkfax	axtʊntfʏnftsɪkfax	0.1111111111111111	0.058823529411764705
achtundfünfzigmal	axtʊntfʏnftsɪcmaːl	axtʊntfʏnftsɪkmal	axtʊntfynftsɪɡmɑl	axtʊntfʏnftsɪkmal	compound	achtundfünfzig|mal	0.058823529411764705	0.17647058823529413	0.058823529411764705	axtʊntfʏnft͡sɪkmal	axtʊntfʏnftsɪkmal	0.1111111111111111	0.058823529411764705
achtundfünfzigste	axtʊntfʏnftsɪcstə	axtʊntfʏnftsɪkstə	axtʊntfynftsɪcstə	axtʊntfʏnftsɪgstə	compound	achtundfünfzig|ste	0.058823529411764705	0.058823529411764705	0.058823529411764705	axtʊntfʏnft͡sɪkstə	axtʊntfʏnftsɪgstə	0.1111111111111111	0.058823529411764705
achtundneunzigste	axtʊntnɔɪntsɪcstə	axtʊntnɔɪntsɪkstə	axtʊndnɔøntsɪcstə	axtʊndnɔɔʏntsɪgstə	compound	achtundneunzig|ste	0.058823529411764705	0.11764705882352941	0.2222222222222222	axtʊntnɔɪ̯nt͡sɪkstə	axtʊndnɔøntsɪgstə	0.15789473684210525	0.17647058823529413
achtundsechzigste	axtʊntzɛctsɪcstə	axtʊntzɛctsɪkstə	axtʊndzɛctsɪcstə	axtʊntzɛctsɪgstə	compound	achtundsechzig|ste	0.0625	0.0625	0.0625	axtʊntzɛçt͡sɪkstə	axtʊntzɛçtsɪgstə	0.17647058823529413	0.125
achtundsiebzigste	axtʊntziːptsɪcstə	axtʊntziptsɪkstə	axtʊndziptsɪcstə	axtʊntziptsɪgstə	compound	achtundsiebzig|ste	0.0625	0.0625	0.0625	axtʊntzipt͡sɪkstə	axtʊntziptsɪgstə	0.11764705882352941	0.0625
achtundvierzigeckig	axtʊntfɪɐtsɪcɛkɪc	axtʊntfɪʁtsɪkɛkɪk	axtʊndviɾtsɪɡɛkɪc	axtʊntviʁtsɪgɛkɪc	compound	achtundvierzig|eckig	0.17647058823529413	0.29411764705882354	0.23529411764705882	axtʊntfɪʁt͡sɪkɛkɪk	axtʊntviɾtsigɛkɪç	0.2222222222222222	0.35294117647058826
achtundvierzigfach	axtʊntfɪʁtsɪkfax	axtʊntfɪʁtsɪkfax	axtʊndviɾtsɪcfax	axtʊntviʁtsɪkfax	compound	achtundvierzig|fach	0.0	0.3125	0.125	axtʊntfiɾtsɪçfax	axtʊntviɾtsɪkfax	0.1875	0.1875
achtundvierzigjährig	axtʊntfɪɐtsɪcjɛːʁɪc	axtʊntfɪʁtsɪkjɛrɪc	axtʊndviɾtsɪɡjɛrɪc	axtʊntviʁtsɪkjɛʁɪc	compound	achtundvierzig|jährig	0.16666666666666666	0.3333333333333333	0.2222222222222222	axtʊntfɪʁt͡sɪkjɛʁɪk	axtʊntviɾtsɪkjɛɾɪç	0.21052631578947367	0.3333333333333333
achtundvierzigköpfig	axtʊntfɪɐtsɪckœpfɪc	axtʊntfɪʁtsɪkœpfɪɡ	axtʊndviɾtsɪckœpfɪc	axtʊntviʁtsɪkkœpfɪc	compound	achtundvierzig|köpfig	0.16666666666666666	0.21052631578947367	0.21052631578947367	axtʊntfɪʁt͡sɪkkœp͡fɪk	axtʊntviɾtsɪkkœpfɪç	0.23809523809523808	0.2631578947368421
achtundvierzigmal	axtʊntfɪɐtsɪkmaːl	axtʊntfɪʁtsɪkmal	axtʊndviɾtsɪɡmɑl	axtʊntviʁtsɪkmal	compound	achtundvierzig|mal	0.0625	0.375	0.1875	axtʊntfɪʁt͡sɪkmal	axtʊntviɾtsɪkmal	0.11764705882352941	0.1875
achtundvierzigminütig	axtʊntfɪɐtsɪcminyːtɪc	axtʊntfɪʁtsɪkminytɪc	axtʊndviɾtsɪɡminytɪc	axtʊntviʁtsɪkmɪnytɪc	compound	achtundvierzig|minütig	0.1	0.25	0.25	axtʊntfɪʁt͡sɪkminytɪk	axtʊntviɾtsɪkminytɪç	0.19047619047619047	0.25
achtundvierzigminütiger	axtʊntfɪɐtsɪcminyːtɪɡɐ	axtʊntfɪʁtsɪkminytɪgɜ	axtʊndviɾtsɪɡminytɪɡɜ	axtʊntviʁtsɪkmɪnytɪgɐ	compound	achtundvierzig|minütiger	0.19047619047619047	0.2857142857142857	0.2857142857142857	axtʊntfɪʁt͡sɪkminytɪɡɐ	axtʊntviɾtsɪkminytɪgɐ̯	0.13636363636363635	0.2727272727272727
achtundvierzigmonatig	axtʊntfɪɐtsɪcmoːnatɪc	axtʊntfɪʁtsɪkmonatɪc	axtʊndviɾtsɪɡmonatɪc	axtʊntviʁtsɪkmonatɪc	compound	achtundvierzig|monatig	0.1	0.25	0.2	axtʊntfɪʁt͡sɪkmonatɪk	axtʊntviɾtsɪkmonɑtɪç	0.19047619047619047	0.3
achtundvierzigste	axtʊntfɪʁtsɪcstə	axtʊntfɪʁtsɪkstə	axtʊndviɾtsɪcstə	axtʊntviʁtsɪgstə	compound	achtundvierzig|ste	0.0625	0.25	0.1875	axtʊntfɪʁt͡sɪkstə	axtʊntviɾtsɪgstə	0.11764705882352941	0.25
achtundvierzigstens	axtʊntfɪʁtsɪkstns	axtʊntfɪʁtsɪkstns	axtʊndviɾtsɪcstəns	axtʊntviʁtsɪgstɛns	compound	achtundvierzig|sten|s	0.0	0.3333333333333333	0.2222222222222222	axtʊntfɪʁt͡sɪkstn̩s	axtʊntviɾtsɪgstɛns	0.10526315789473684	0.2777777777777778
achtundvierzigster	axtʊntfɪʁtsɪcstɐ	axtʊntfɪʁtsɪkʃteɐ	axtʊndviɾtsɪcstɜ	axtʊntviʁtsɪgstɐ	compound	achtundvierzig|ster	0.17647058823529413	0.3125	0.1875	axtʊntfɪʁt͡sɪkstɐ	axtʊntviɾtsɪgstɐ̯	0.11764705882352941	0.29411764705882354
achtundvierzigstündig	axtʊntfɪɐtsɪcʃtʏndɪc	axtʊntfɪʁtsɪkʃtʏndɪc	axtʊndviɾtsɪcʃtyndɪc	axtʊntviʁtsɪgstʏndɪc	compound	achtundvierzig|stündig	0.1	0.25	0.25	axtʊntfɪʁt͡sɪkʃtʏndɪk	axtʊntviɾtsɪgstʏndɪç	0.19047619047619047	0.3
achtundvierzigstündiger	axtʊntfɪɐtsɪcʃtʏndɪɡɐ	axtʊntfɪʁtsɪkʃtʏndɪceɐ	axtʊndviɾtsɪcʃtyndɪɡɜ	axtʊntviʁtsɪgstʏndɪgɐ	compound	achtundvierzig|stündig|er	0.18181818181818182	0.2857142857142857	0.2857142857142857	axtʊntfɪʁt͡sɪkʃtʏndɪɡɐ	axtʊntviɾtsɪgstʏndɪgɐ̯	0.13636363636363635	0.3181818181818182
achtundvierzigtägig	axtʊntfɪɐtsɪktɛːɡɪk	axtʊntfɪʁtsɪktɛɡɪk	axtʊndviɾtsɪctɛɡɪc	axtʊntviʁtsɪktɛgɪc	compound	achtundvierzig|t|ä|gig	0.05555555555555555	0.3333333333333333	0.2777777777777778	axtʊntfɪʁt͡sɪktɛɡɪk	axtʊntviɾtsɪktɛgɪç	0.10526315789473684	0.2777777777777778
achtundvierzigwöchig	axtʊntfɪɐtsɪcvœcɪc	axtʊntfɪʁtsɪkvœcɪc	axtʊndviɾtsɪɡvœcɪc	axtʊntviʁtsɪkvœcɪc	compound	achtundvierzig|wöchig	0.1111111111111111	0.2777777777777778	0.2222222222222222	axtʊntfɪʁt͡sɪkvœçɪk	axtʊntviɾtsɪkvœçɪç	0.2631578947368421	0.3333333333333333
achtundzwanzigeckig	axtʊnttsvantsɪcɛkɪc	axtʊnttsvantsɪcɛkɪk	axtʊnttsvantsɪɡɛkɪc	axtʊnttsvantsɪgɛkɪc	compound	achtundzwanzig|eckig	0.05263157894736842	0.05263157894736842	0.05263157894736842	axtʊntt͡svant͡sɪkɛkɪk	axtʊnttsvantsigɛkɪç	0.19047619047619047	0.15789473684210525
achtundzwanzigfach	axtʊnttsvantsɪcfax	axtʊnttsvantsɪcfax	axtʊnttsvantsɪcfax	axtʊnttsvantsɪkfax	compound	achtundzwanzig|fach	0.0	0.0	0.05555555555555555	axtʊnttsvantsɪçfax	axtʊnttsvantsɪkfax	0.05555555555555555	0.05555555555555555
achtundzwanzigfacher	axtʊnttsvantsɪcfaxɐ	axtʊnttsvantsɪcfaxɜ	axtʊnttsvantsɪcfaxɜ	axtʊnttsvantsɪkfaxɐ	compound	achtundzwanzig|facher	0.05263157894736842	0.05263157894736842	0.05263157894736842	axtʊnttsvantsɪçfaxɜ	axtʊnttsvantsɪkfaxɐ̯	0.10526315789473684	0.1
achtundzwanzigjährig	axtʊntsvantsɪcjɛːʁɪc	axtʊnttsvantsɪcjɛrɪc	axtʊnttsvantsɪɡjɛrɪc	axtʊnttsvantsɪkjɛʁɪc	compound	achtundzwanzig|jährig	0.1	0.15	0.1	axtʊnttsvantsɪçjɛrɪç	axtʊnttsvantsɪkjɛɾɪç	0.2	0.2
achtundzwanzigköpfiger	axtʊntsvantsɪckœpfɪɡɐ	axtʊnttsvantsɪckœpfɪɡeɐ	axtʊnttsvantsɪckœpfɪɡɜ	axtʊnttsvantsɪkkœpfɪgɐ	compound	achtundzwanzig|köpfig|er	0.08695652173913043	0.09090909090909091	0.13636363636363635	axtʊntt͡svant͡sɪkkœp͡fɪɡɐ	axtʊnttsvantsɪkkœpfɪgɐ̯	0.2	0.17391304347826086
achtundzwanzigmal	axtʔʊnttsvantsɪcmaːl	axtʊnttsvantsɪcmal	axtʊnttsvantsɪɡmɑl	axtʊnttsvantsɪkmal	compound	achtundzwanzig|mal	0.0	0.1111111111111111	0.05555555555555555	axtʊnttsvantsɪçmɑl	axtʊnttsvantsɪkmal	0.1111111111111111	0.05555555555555555
achtundzwanzigminütig	axtʊntsvantsɪcminyːtɪc	axtʊnttsvantsɪcminytɪc	axtʊnttsvantsɪɡminytɪc	axtʊnttsvantsɪkmɪnytɪc	compound	achtundzwanzig|minütig	0.045454545454545456	0.09090909090909091	0.13636363636363635	axtʊnttsvantsɪçminytɪç	axtʊnttsvantsɪkminytɪç	0.13636363636363635	0.13636363636363635
achtundzwanzigminütiger	axtʊntsvantsɪcminyːtɪɡɐ	axtʊnttsvantsɪcminytɪgɜ	axtʊnttsvantsɪɡminytɪɡɜ	axtʊnttsvantsɪkmɪnytɪgɐ	compound	achtundzwanzig|minütiger	0.13043478260869565	0.13043478260869565	0.17391304347826086	axtʊntt͡svant͡sɪkminytɪɡɐ	axtʊnttsvantsɪkminytɪgɐ̯	0.16	0.16666666666666666
achtundzwanzigstens	axtʔʊnttsvantsɪcstns	axtʊnttsvantsɪkstns	axtʊnttsvantsɪcstəns	axtʊnttsvantsɪgstɛns	compound	achtundzwanzigsten|s	0.05263157894736842	0.05	0.1	axtʊntt͡svant͡sɪkstn̩s	axtʊnttsvantsɪgstɛns	0.18181818181818182	0.1
achtundzwanzigstündig	axtʊnttsvantsɪcʃtʏndɪc	axtʊnttsvantsɪcʃtʏndɪc	axtʊnttsvantsɪcʃtyndɪc	axtʊnttsvantsɪgstʏndɪc	compound	achtundzwanzig|stündig	0.0	0.045454545454545456	0.09090909090909091	axtʊnttsvantsɪçʃtʏndɪç	axtʊnttsvantsɪgstʏndɪç	0.09090909090909091	0.13636363636363635
achtundzwanzigstündiger	axtʊnttsvantsɪcʃtʏndɪɡɐ	axtʊnttsvantsɪcʃtʏndɪceɐ	axtʊnttsvantsɪcʃtyndɪɡɜ	axtʊnttsvantsɪgstʏndɪgɐ	compound	achtundzwanzig|stündig|er	0.08333333333333333	0.08695652173913043	0.13043478260869565	axtʊnttsvantsɪçʃtʏndɪgɜ	axtʊnttsvantsɪgstʏndɪgɐ̯	0.13043478260869565	0.16666666666666666
achtundzwanzigtägig	axtʊnttsvantsɪctɛːɡɪc	axtʊnttsvantsɪctɛɡɪk	axtʊnttsvantsɪctɛɡɪc	axtʊnttsvantsɪktɛgɪc	compound	achtundzwanzig|t|ä|gig	0.05	0.0	0.1	axtʊntt͡svant͡sɪktɛɡɪk	axtʊnttsvantsɪktɛgɪç	0.18181818181818182	0.15
achtundzwanzigtägiger	axtʊnttsvantsɪctɛːɡɪɡɐ	axtʊnttsvantsɪctɛɡɪɡɐ	axtʊnttsvantsɪctɛɡɪɡɜ	axtʊnttsvantsɪktɛgɪgɐ	compound	acht|und|zwanzigtägiger	0.0	0.047619047619047616	0.14285714285714285	axtʊntt͡svant͡sɪktɛɡɪɡɐ	axtʊnttsvantsɪktɛgɪgɐ̯	0.13043478260869565	0.18181818181818182
achtundzwanzigwöchig	axtʊntsvantsɪcvœcɪc	axtʊnttsvantsɪcvœcɪc	axtʊnttsvantsɪɡvœcɪc	axtʊnttsvantsɪkvœcɪc	compound	achtundzwanzig|wöchig	0.05	0.1	0.1	axtʊnttsvantsɪçvœçɪç	axtʊnttsvantsɪkvœçɪç	0.2	0.2
achtundzwanzigwöchiger	axtʊntsvantsɪcvœcɪɡɐ	axtʊnttsvantsɪcvœcɪceɐ	axtʊnttsvantsɪɡvœcɪɡɜ	axtʊnttsvantsɪkvœcɪgɐ	compound	achtundzwanzig|wöchig|er	0.13636363636363635	0.14285714285714285	0.14285714285714285	axtʊnttsvantsɪçvœçɪgɜ	axtʊnttsvantsɪkvœçɪgɐ̯	0.23809523809523808	0.22727272727272727
achtzehneckiger	axtseːnɛkɪɡɐ	axtsenɛkɪceɐ	axtsenɛkɪɡɜ	axtsenɛkɪgɐ	compound	achtzehneckig|er	0.16666666666666666	0.09090909090909091	0.09090909090909091	axt͡senɛkɪɡɐ	axtsenɛkɪgɐ̯	0.08333333333333333	0.16666666666666666
achtzehnfach	axtseːnfaχ	axtsenfax	axtsenfax	axtsenfax	compound	achtzehn|fach	0.1111111111111111	0.1111111111111111	0.1111111111111111	axt͡senfax	axtsenfax	0.2	0.1111111111111111
achtzehnköpfig	axtseːnkœpfɪc	axtsenkœpfɪɡ	axtsenkœpfɪc	axtseŋkœpfɪc	compound	achtzehn|köpfig	0.08333333333333333	0.0	0.08333333333333333	axt͡senkœp͡fɪk	axtseŋkœpfɪç	0.21428571428571427	0.16666666666666666
achtzehnköpfiger	axtseːnkœpfɪɡɐ	axttsenkœpfɪɡɐ	axtsenkœpfɪɡɜ	axtseŋkœpfɪgɐ	compound	acht|zehnköpfiger	0.07142857142857142	0.07692307692307693	0.15384615384615385	axt͡senkœp͡fɪɡɐ	axtseŋkœpfɪgɐ̯	0.13333333333333333	0.21428571428571427
achtzehnmal	axtseːnmaːl	axtsenmal	axtsenmɑl	axtsenmal	compound	achtzehn|mal	0.0	0.1111111111111111	0.0	axt͡senmal	axtsenmal	0.1	0.0
achtzehnminütig	axtseːnminyːtɪc	axtsenminytɪc	axtsenminytɪc	axtsenmɪnytɪc	compound	achtzehn|minütig	0.0	0.0	0.07692307692307693	axt͡senminytɪk	axtsenminytɪç	0.14285714285714285	0.07692307692307693
achtzehnwöchig	axtseːnvœcɪc	axtsenvœcɪc	axtsenvœcɪc	axtsenvœcɪc	compound	achtzehn|wöchig	0.0	0.0	0.0	axt͡senvœçɪk	axtsenvœçɪç	0.25	0.18181818181818182
achtzigtägig	axtsɪktɛːɡɪk	axtsɪktɛɡɪk	axtsɪctɛɡɪc	axtsɪktɛgɪc	compound	achtzig|t|ä|gig	0.0	0.18181818181818182	0.18181818181818182	axtt͡sɪktɛɡɪk	axtsɪktɛgɪç	0.15384615384615385	0.18181818181818182
adriatisch	adʁiaːtɪʃ	adʁiatɪʃ	adɾiɑtɪʃ	adʁiatɪʃ	compound	adria|tisch	0.0	0.25	0.0	adʁi̯atɪʃ	adɾiɑtɪʃ	0.1111111111111111	0.25
ahornblättrig	aːhɔʁnblɛtʁɪc	ahɔʁnblɛtʁɪk	ɑɔɾnblɛtɾɪc	aɔʁnblɛttʁɪc	compound	ahorn|blättrig	0.08333333333333333	0.36363636363636365	0.16666666666666666	ahɔʁnblɛtʁɪk	ɑɔɾnblɛttɾɪç	0.08333333333333333	0.5
alkoholkrank	alkohoːlkʁaŋk	alkoholkʁaŋk	alkoɔlkɾaŋk	alkoɔlkʁaŋk	compound	alkohol|krank	0.0	0.2727272727272727	0.18181818181818182	alkoɔlkɾaŋk	alkoɔlkɾaŋk	0.2727272727272727	0.2727272727272727
allerdurchlauchtig	alɐdʊɐxlaʊxtɪk	alɐdʊʁclaʊxtɪk	alɜd??claʊxtɪc	allɛʁdʊʁtslaoxtɪc	compound	aller|durchlauchtig	0.14285714285714285	0.35714285714285715	0.47058823529411764	alɜdʊɐçlaʊxtɪç	allɛɾdʊɾtslaoxtɪç	0.21428571428571427	0.47058823529411764
allerleiweise	alɐlaɪvaɪzə	alɐlaɪvaɪzə	alɜlaɪvaɪzə	allɛʁlaevaezə	compound	allerlei|weise	0.0	0.09090909090909091	0.38461538461538464	alɐlaɪ̯vaɪ̯zə	allɛɾlaevaezə	0.15384615384615385	0.38461538461538464
allermeistens	alɐmaɪstns	alɜmaɪstəns	alɜmaɪstəns	allɛʁmaestɛns	compound	allermeisten|s	0.18181818181818182	0.18181818181818182	0.38461538461538464	alɜmaɪstəns	allɛɾmaestɛns	0.18181818181818182	0.38461538461538464
allerorts	alɐʔɔʁts	alɐɔʁts	alɜɔɾts	alleʁɔʁts	compound	aller|orts	0.0	0.2857142857142857	0.3333333333333333	alɐɔʁt͡s	alleɾɔɾts	0.125	0.4444444444444444
allhier	alhiːɐ	alhiʁ	alhiɾ	alliɐ	compound	allhie|r	0.2	0.2	0.2	alhiɐ̯	alliɐ̯	0.16666666666666666	0.3333333333333333
allzumal	altsuːmaːl	altsumal	altsumɑl	alltsumal	compound	allzu|mal	0.0	0.125	0.1111111111111111	alt͡sumɑl	alltsumal	0.2222222222222222	0.1111111111111111
allüberall	alyːbɐʔal	alybɐal	alyberal	allybeʁall	compound	all|überall	0.0	0.25	0.4	alybɐal	allybeɾall	0.0	0.4
altblau	altblaʊ	altblaʊ	altblaʊ	altblao	compound	alt|blau	0.0	0.0	0.14285714285714285	altblaʊ̯	altblao	0.125	0.14285714285714285
altbraun	altbʁaʊn	altbʁaʊn	altbɾaʊn	altbʁaon	compound	alt|braun	0.0	0.125	0.125	altbɾaʊn	altbraon	0.125	0.25
altprovenzalisch	altpʁovɛntsaːlɪʃ	altpʁovɛntsalɪʃ	altpɾovəntsɑlɪʃ	altpʁovɛntsalɪʃ	compound	alt|provenzalisch	0.0	0.2	0.0	altpʁɔvɛnt͡salɪʃ	altpɾovɛntsɑlɪʃ	0.125	0.13333333333333333
altrot	altʁoːt	altʁot	altɾot	altʁot	compound	alt|rot	0.0	0.16666666666666666	0.0	altɾot	altɾot	0.16666666666666666	0.16666666666666666
aluminieren	aluminiːʁən	aluminiʁən	ɑluminirən	alumɪniʁən	compound	alu|minieren	0.0	0.2	0.1	aluminiʁən	ɑlumɪniɾen	0.0	0.4
anderwärts	andɐvɛʁts	andərvɛʁts	andɜvɛɾts	andɛʁvɛʁts	compound	ander|wärts	0.2	0.2222222222222222	0.2	andɐvɛʁt͡s	andɛɾvɛɾts	0.1	0.3
angepisstesten	ʔanɡəpɪstəstən	anɡəpɪstəsten	anɡəpɪstəstən	angəpɪstɛstən	compound	angepisstes|ten	0.07692307692307693	0.0	0.15384615384615385	anɡəpɪstəstn̩	angəpɪzstɛstən	0.15384615384615385	0.21428571428571427
ankönnen	ankœnən	ankœnən	ankœnən	ankœnnən	compound	an|können	0.0	0.0	0.125	ankœnən	ankœnnən	0.0	0.125
anlegieren	anleɡiːʁən	anleɡiʁən	anleɡirən	anlegiʁən	compound	an|legieren	0.0	0.1111111111111111	0.1111111111111111	anlegirən	anlegiɾen	0.2222222222222222	0.3333333333333333
ansenken	anzɛnkŋ	anzɛŋkn	anzɛŋkən	anzɛŋkən	compound	an|senken	0.2857142857142857	0.375	0.375	anzɛŋkn̩	anzɛŋkən	0.375	0.375
ansichtig	anzɪctɪk	anzɪctik	anzɪctɪc	anzɪctɪc	compound	ansicht|ig	0.125	0.125	0.125	anzɪçtɪk	anzɪçtɪç	0.125	0.25
anstrebenswert	anʃtʁeːbənveːɐt	anʃtʁebnsveɐt	anʃtɾebənsveɾt	anʃtʁebɛnsvɛʁt	compound	anstreben|s|wert	0.15384615384615385	0.21428571428571427	0.2857142857142857	anʃtɾebənsveɾt	anʃtɾebɛnsvɛɾt	0.21428571428571427	0.35714285714285715
antigrippal	antiɡʁɪpaːl	antiɡʁɪpal	antiɡɾɪpɑl	antɪgʁɪppal	compound	anti|grippal	0.0	0.2	0.2727272727272727	antiɡʁɪpal	antɪgɾɪppal	0.0	0.36363636363636365
antiquarische	antikvaʁɪʃə	antikvaɐɪʃə	antikvɑrɪʃə	antikvuaʁɪʃə	compound	antiquar|ische	0.09090909090909091	0.18181818181818182	0.08333333333333333	antikvaʁɪʃə	antikvɑɾɪʃə	0.0	0.18181818181818182
antiquarischem	antikvaʁɪʃəm	antikvaɐɪʃəm	antikvɑrɪʃəm	antikvuaʁɪʃəm	compound	antiquar|ische|m	0.08333333333333333	0.16666666666666666	0.07692307692307693	antikvaʁɪʃm̩	antikvɑɾɪʃəm	0.16666666666666666	0.16666666666666666
antiquarischen	antikvaʁɪʃn	antikvaɐɪʃn	antikvɑrɪʃən	antikvuaʁɪʃən	compound	antiquar|ischen	0.09090909090909091	0.25	0.15384615384615385	antikvaʁɪʃn̩	antikvɑɾɪʃən	0.08333333333333333	0.25
antiquarisches	antikvaʁɪʃəs	antikvaɐɪʃəs	antikvɑrɪʃəs	antikvuaʁɪʃəs	compound	antiquar|isches	0.08333333333333333	0.16666666666666666	0.07692307692307693	antikvaʁɪʃəs	antikvɑɾɪʃəs	0.0	0.16666666666666666
antithetisch	antiteːtɪʃ	antitetɪʃ	antitetɪʃ	antɪtetɪʃ	compound	anti|thetisch	0.0	0.0	0.1111111111111111	antitetɪʃ	antɪtetɪʃ	0.0	0.1111111111111111
antönen	ʔantøːnən	antønən	antønən	antønən	compound	an|tönen	0.0	0.0	0.0	antønən	antønən	0.0	0.0
apfelig	apflɪk	apflik	apfəlɪc	apfelɪc	compound	apfel|ig	0.16666666666666666	0.2857142857142857	0.2857142857142857	apfəlɪç	apfelɪç	0.2857142857142857	0.2857142857142857
apothekenfrei	apoteːknfʁaɪ	apoteknfʁaɪ	apotekənfraɪ	apɔtekɛnfʁae	compound	apotheken|frei	0.0	0.16666666666666666	0.25	apotekn̩fʁaɪ̯	ɑpɔtekɛnfɾae	0.15384615384615385	0.4166666666666667
artspezifisch	aːɐtʃpetsiːfɪʃ	aɐtspetsifɪʃ	aɾtspetsifɪʃ	aʁtspetsifɪʃ	compound	art|spezifisch	0.08333333333333333	0.16666666666666666	0.16666666666666666	aɐ̯tspet͡sifɪʃ	aɾtspetsifɪʃ	0.21428571428571427	0.16666666666666666
artspezifischer	aːɐtʃpetsiːfɪʃɐ	aɐtspetsifɪʃɐ	aɾtspetsifɪʃɜ	aʁtspetsifɪʃɐ	compound	art|spezifischer	0.07692307692307693	0.23076923076923078	0.15384615384615385	aɐ̯tspet͡sifɪʃɐ	aɾtspetsifɪʃɐ̯	0.2	0.21428571428571427
arttypisch	aːɐttyːpɪʃ	aɐttypɪʃ	aɾtypɪʃ	aʁttypɪʃ	compound	art|typisch	0.0	0.2857142857142857	0.125	aɐ̯ttypɪʃ	aɾttypɪʃ	0.1111111111111111	0.125
arttypischer	aːɐttyːpɪʃɐ	aɐttypɪʃɐ	aɾtypɪʃɜ	aʁttypɪʃɐ	compound	art|typischer	0.0	0.375	0.1111111111111111	aɐ̯ttypɪʃɐ	aɾttypɪʃɐ̯	0.1	0.2
arttypischsten	aːɐttyːpɪʃstən	aɐttypɪʃstn	aɾtypɪʃstən	aʁttypɪʃstən	compound	art|typischsten	0.09090909090909091	0.18181818181818182	0.08333333333333333	aɐ̯ttypɪʃstn̩	aɾttypɪʃstən	0.23076923076923078	0.08333333333333333
audiophil	aʊdiofiːl	aʊdiofil	aʊdɪofil	aodɪopil	compound	audio|phil	0.0	0.125	0.375	aʊ̯diofil	aodi̯ɔfil	0.1111111111111111	0.3333333333333333
aufdringen	aʊfdʁɪŋən	aʊfdʁɪŋən	aʊfdɾɪŋən	aofdʁɪŋən	compound	auf|dringen	0.0	0.1111111111111111	0.1111111111111111	aʊfdɾɪŋən	aofdɾɪŋən	0.1111111111111111	0.2222222222222222
auferziehen	aʊfʔɛɐtsiːən	aʊfɛɐtsiən	aʊfɛɾtsiən	aofɛʁtsiən	compound	auf|erziehen	0.0	0.1	0.2	aʊ̯fɛɐ̯t͡siən	aofɛɐtsiən	0.23076923076923078	0.1
aufganseln	ʔaʊfɡansln	aʊfɡanseln	aʊfɡanzəln	aofganzɛln	compound	auf|gans|el|n	0.1	0.2	0.4	aʊ̯fɡanzl̩n	aofganzɛln	0.2727272727272727	0.4
aufgeschwappt	aʊfɡəʃvapt	aʊfɡəʃvapt	aʊfɡəʃvapt	aofgəʃvappt	compound	auf|geschwappt	0.0	0.0	0.2727272727272727	aʊ̯fɡəʃvapt	aofgəʃvappt	0.09090909090909091	0.2727272727272727
aufglänzen	aʊfɡlɛntsn	aʊfɡlɛntsn	aʊfɡlɛntsən	aofglɛntsən	compound	auf|glänzen	0.0	0.09090909090909091	0.2727272727272727	aʊ̯fɡlɛnt͡sn̩	aofglɛntsən	0.23076923076923078	0.2727272727272727
auflohen	aʊfloːən	aʊfloən	aʊfloən	aofloən	compound	auf|lohen	0.0	0.0	0.14285714285714285	aʊfloən	aofloən	0.0	0.14285714285714285
aufnorden	aʊfnɔʁdn	aʊfnɔʁdn	aʊfnɔɾdən	aofnɔʁdən	compound	aufn|orden	0.0	0.2222222222222222	0.2222222222222222	aʊ̯fnɔʁdn̩	aofnɔɾdən	0.2	0.3333333333333333
aufreissen	ʔaʊfʁaɪsən	aʊfnʁaɪsən	aʊfraɪsən	aofʁaeszən	compound	auf|reissen	0.1	0.1111111111111111	0.3	aʊ̯fʁaɪ̯sn̩	aofɾaeszən	0.36363636363636365	0.4
aufschiessen	aʊfʃiːsn	aʊfʃisn	aʊfʃisən	aofʃiszən	compound	auf|schiessen	0.0	0.125	0.3333333333333333	aʊ̯fʃisn̩	aofʃiszən	0.2222222222222222	0.3333333333333333
ausbuddeln	aʊsbʊdln	aʊsbʊdln	aʊsbʊdəln	aosbʊdɛln	compound	aus|buddeln	0.0	0.1111111111111111	0.2222222222222222	aʊ̯sbʊdl̩n	aosbʊdɛln	0.2	0.2222222222222222
ausbündig	ʔaʊsbʏndic	aʊsbʏndɪk	aʊsbyndɪc	aosbʏndɪc	compound	aus|bündig	0.2222222222222222	0.2222222222222222	0.2222222222222222	aʊsbʏndɪç	aosbʏndɪç	0.2222222222222222	0.3333333333333333
ausdörren	aʊsdœʁən	aʊsdœʁən	aʊsdœrən	aosdœʁʁən	compound	aus|dörren	0.0	0.125	0.2222222222222222	aʊ̯sdœʁən	aosdœɾɾən	0.1111111111111111	0.3333333333333333
auseinandergestrebt	aʊsaɪnandɐɡəʃtʁeːbt	aʊsaɪnandɐɡəʃtʁept	aʊzaɪnandɜɡɛstɾɛpt	aozaenandɛʁgɛstʁɛpt	compound	auseinander|gestrebt	0.05555555555555555	0.3888888888888889	0.5263157894736842	aʊ̯saɪ̯nandɐɡəʃtʁept	aosaenandɛɾgɛstɾɛpt	0.15	0.5263157894736842
auseinanderstreben	aʊsaɪnandɐʃtʁeːbn	aʊsaɪnandɐʃtʁebn	aʊzaɪnandɜstɾebən	aozaenandɛʁstʁebən	compound	auseinander|streben	0.0	0.29411764705882354	0.3888888888888889	aʊ̯saɪ̯nandɐʃtʁebn̩	aosaenandɛɾstɾebən	0.15789473684210525	0.3888888888888889
auseinanderstrebend	aʊsʔaɪnandɐʃtʁebnt	aʊsaɪnandɐʃtʁebnt	aʊzaɪnandɜstɾebənt	aozaenandɛʁstʁebɛnt	compound	auseinander|strebend	0.0	0.2777777777777778	0.3684210526315789	aʊ̯saɪ̯nandɐʃtʁebn̩t	aosaenandɛɾstɾebɛnt	0.15	0.3684210526315789
aushämmern	aʊshɛmɐn	aʊshɛmɐn	aʊshɛmɜn	aosɛmmɛʁn	compound	aus|hämmern	0.0	0.125	0.5555555555555556	aʊ̯shɛmɐn	aoshɛmmɛɾn	0.1111111111111111	0.4
ausreuten	aʊsrɔɪtn	aʊsʁɔɪtn	aʊsrɔøtən	aosʁɔɔʏtən	compound	aus|reuten	0.125	0.2222222222222222	0.5	aʊsrɔøtən	aosɾɔøtən	0.2222222222222222	0.4444444444444444
ausschicken	aʊsʃɪkn	aʊsʃɪkn	aʊsʃɪkən	aosʃɪkən	compound	aus|schicken	0.0	0.125	0.25	aʊ̯sʃɪkn̩	aosʃɪkən	0.2222222222222222	0.25
ausschwimmen	aʊsʃvɪmən	aʊsʃvɪmən	aʊsʃvɪmən	aosʃvɪmmən	compound	aus|schwimmen	0.0	0.0	0.2	aʊ̯sʃvɪmən	aosʃvɪmmən	0.1	0.2
außerweltlich	ausɐvɛltlɪc	aʊsɐvɛltlɪc	aʊsɜvəltlɪc	aoszɛʁvɛltlɪc	compound	außer|weltlich	0.09090909090909091	0.2727272727272727	0.3076923076923077	aʊ̯sɐvɛltlɪç	aozɛɾvɛltlɪç	0.25	0.4166666666666667
babyeinfach	beːbiaɪnfax	bɛɪbiaɪnfax	beɪbɪeɪnfatʃ	babyaenfax	compound	baby|einfach	0.18181818181818182	0.4166666666666667	0.3	bebiaɪ̯nfax	bɑbyaenfax	0.09090909090909091	0.3
balkanisch	balkaːnɪʃ	balkanɪʃ	balkɑnɪʃ	balkanɪʃ	compound	balkan|isch	0.0	0.125	0.0	balkanɪʃ	balkɑnɪʃ	0.0	0.125
bartlos	baːrtloːs	baɐtlos	baɾtlos	baʁtlos	compound	bart|los	0.14285714285714285	0.14285714285714285	0.14285714285714285	baɐ̯tlos	baɾtlos	0.25	0.14285714285714285
basslastig	baslastɪk	baslastik	baslastɪc	bazslastɪc	compound	bass|last|ig	0.1111111111111111	0.1111111111111111	0.2	baslastɪk	basslastɪç	0.0	0.2
baußen	baʊsn	baʊsn	baʊsən	baoszən	compound	b|außen	0.0	0.16666666666666666	0.42857142857142855	baʊ̯sn̩	baosən	0.2857142857142857	0.3333333333333333
belatschern	bəlaːtʃɐn	bəlatʃeɐn	bəlatʃɜn	belatʃɛʁn	compound	be|latsch|ern	0.1111111111111111	0.125	0.3333333333333333	bəlat͡ʃɐn	bəlaʧɛɾn	0.1111111111111111	0.375
berget	bɛɐɡət	bɛʁɡət	bɛɾɡət	bɛʁgət	compound	berge|t	0.16666666666666666	0.16666666666666666	0.3333333333333333	bɛʁɡət	bəɾgət	0.16666666666666666	0.5
betrüblicherweise	bətʁyːplɪcɐvaɪzə	bətʁyplɪcɐvaɪzə	bətɾyblɪcɜvaɪzə	bətʁyplɪcɛʁvaezə	compound	betrüblicher|weise	0.0	0.2	0.1875	bətɾyplɪçɜvaɪzə	bətɾʏblɪçɛɾvaezə	0.2	0.4375
bilinear	bilineaːɐ	bilineaɐ	bilineɑɾ	bilɪnəaʁ	compound	bi|linear	0.0	0.25	0.375	bilineaɐ̯	bilɪnəaɽ	0.1111111111111111	0.375
bindig	bɪntɪk	bɪntik	bɪndɪc	bɪndɪc	compound	bind|ig	0.16666666666666666	0.3333333333333333	0.3333333333333333	bɪndɪç	bɪndɪç	0.3333333333333333	0.3333333333333333
biodeutsch	biːodɔʏtʃ	biodɔɪtʃ	bɪodɔøtʃ	bɪodɔɔʏtʃ	compound	bio|deutsch	0.125	0.25	0.2222222222222222	biodɔɪ̯t͡ʃ	biodɔøʧ	0.3	0.42857142857142855
bists	bɪsts	bɪsts	bɪsts	bɪsts	compound	bist|s	0.0	0.0	0.0	bɪsts	bɪsts	0.0	0.0
bitburgisch	bɪtbʊʁɡɪʃ	bɪtbʊʁkɪʃ	bɪtb??ɡɪʃ	bɪtbʊʁgɪʃ	compound	bitburg|isch	0.1111111111111111	0.2222222222222222	0.1111111111111111	bɪtbʊʁɡɪʃ	bɪtbʊɾgɪʃ	0.0	0.2222222222222222
bizarrerweise	bitsaʁɐvaɪzə	bitsaʁɐvaɪzə	bitsarɜvaɪzə	bitsaʁʁɛʁvaezə	compound	bizarrer|weise	0.0	0.16666666666666666	0.2857142857142857	bit͡saʁɐvaɪ̯zə	bitsaɾɾɛɾvaezə	0.14285714285714285	0.35714285714285715
blasslila	blasliːla	blaslila	blaslilɑ	blasslila	compound	blass|lila	0.0	0.125	0.1111111111111111	blaslila	blasslilɑ	0.0	0.2222222222222222
bleichrot	blaɪcʁoːt	blaɪcʁot	blaɪkɾot	blaecʁot	compound	bleich|rot	0.0	0.25	0.125	blaɪ̯çʁot	blaeçɾot	0.2222222222222222	0.375
bloßhäuptig	bloshɔʏptɪk	bloshɛuptɪk	blɔshɔøptɪc	blɔssɔɔʏptɪc	compound	bloß|hä|up|tig	0.18181818181818182	0.2727272727272727	0.3333333333333333	bloshɔɪ̯ptɪk	blosɔøptɪç	0.16666666666666666	0.3
blutwenig	bluːtveːnɪc	blutvenɪk	blʊtvenɪc	blutvənɪc	compound	blut|wenig	0.1111111111111111	0.1111111111111111	0.1111111111111111	blutvenɪk	blʊtvənɪç	0.1111111111111111	0.3333333333333333
bohlenhaft	boːlənhaft	bolənhaft	bolənhaft	bolɛnhaft	compound	bohlen|haft	0.0	0.0	0.1111111111111111	bolənhaft	bolənhaft	0.0	0.0
bromig	bʁoːmɪk	bʁomik	bɾomɪc	bʁomɪc	compound	brom|ig	0.16666666666666666	0.3333333333333333	0.16666666666666666	bʁomɪk	bromɪç	0.0	0.3333333333333333
bronzefarbig	bʁɔŋsəfaʁbɪc	bʁɔsəfaʁbɪk	bɾɔntsefaɾbɪc	bʁɔntsefaʁbɪc	compound	bronze|farbig	0.18181818181818182	0.38461538461538464	0.23076923076923078	bʁɔ̃səfaʁbɪk	brɔntsefaɾbɪç	0.16666666666666666	0.46153846153846156
bräge	bʁeːɡə	bʁɛɡe	bɾɛɡə	bʁɛgə	compound	b|r|ä|ge	0.4	0.4	0.4	bʁɛɡə	brɛgə	0.2	0.6
buchbar	buːxbaːɐ	buxbaɐ	buxbɑɾ	bʊxbaʁ	compound	buch|bar	0.0	0.3333333333333333	0.3333333333333333	bʊxbɑɾ	bʊxbaɽ	0.5	0.3333333333333333
burgunderrot	bʊʁɡʊndɐʁoːt	bʊʁɡʊndɐʁot	b??ɡʊndɜrot	bʊʁgʊndɛʁʁot	compound	burgunder|rot	0.0	0.36363636363636365	0.25	bʊɐgʊndɜrot	bʊɾgʊndɛɾɾot	0.36363636363636365	0.4166666666666667
cadmiumhaltig	katmiʊmhaltɪc	katmiʊmhaltɪk	kadmiʊmhaltɪc	katmɪʊmhaltɪc	compound	cadmium|haltig	0.07692307692307693	0.07692307692307693	0.07692307692307693	katmiʊmhaltɪk	katmiʊmaltɪç	0.07692307692307693	0.16666666666666666
charmieren	ʃaʁmiːʁən	ʃaʁmiʁən	ʃaɾmirən	caʁmiʁən	compound	charm|ieren	0.0	0.25	0.125	ʃaʁmiʁən	çaɾmiɾen	0.0	0.5
chlorig	kloːʁɪk	kloɐik	klorɪc	cloʁɪc	compound	chlor|ig	0.3333333333333333	0.3333333333333333	0.3333333333333333	kloʁɪk	çloɾɪç	0.0	0.5
chlorähnlich	kloːɐɛːnlɪc	kloɐɛnlɪc	klorɛnlɪc	clɔʁɛnlɪc	compound	chlor|ähnlich	0.0	0.1111111111111111	0.3333333333333333	kloɐ̯ɛnlɪç	çloɾɛnlɪç	0.2	0.3333333333333333
clamoros	klamoʁoːs	klamoʁos	klɑmoros	tslamoʁos	compound	c|la|moros	0.0	0.25	0.2222222222222222	klamoʁos	tslɑmoɾos	0.0	0.4444444444444444
cracken	krɛkn	kɹækɛn	kɾakən	tsʁakən	compound	crack|en	0.5	0.5	0.7142857142857143	kʁɛkn̩	tsɾakən	0.3333333333333333	0.7142857142857143
dahergelaufen	daheːrɡəlaʊfən	daheɐɡəlaʊfn	dɑhɛɾɡəlaʊfən	dahɛʁgelaofən	compound	daher|gelaufen	0.16666666666666666	0.23076923076923078	0.38461538461538464	daheɐ̯ɡəlaʊ̯fn̩	daheɐ̯gəlaofən	0.3333333333333333	0.2857142857142857
dahergeschwommen	daːheːɐɡəʃvɔmən	daheɐɡəʃvɔmən	dɑhɛɾɡəʃvɔmən	dahɛʁgɛʃvɔmmən	compound	daher|geschwommen	0.0	0.23076923076923078	0.35714285714285715	daheɐ̯ɡəʃvɔmən	daheɐ̯gəʃvɔmmən	0.07142857142857142	0.2
daherschwimmen	daːheːɐʃvɪmən	daheɐʃvɪmən	dɑhɛɾʃvɪmən	dahɛʁstsvɪmmən	compound	daher|schwimmen	0.0	0.2727272727272727	0.42857142857142855	daheɐ̯ʃvɪmən	daheɐ̯ʃvɪmmən	0.08333333333333333	0.15384615384615385
dahinfahren	dahɪnfaːʁən	dahɪnfaʁən	dɑhɪnfɑrən	dahɪnfaʁən	compound	dahin|fahren	0.0	0.3	0.0	dɑhɪnfɑrən	dahɪnfɑɾən	0.3	0.2
dahinleben	dahɪnleːbm	dahɪnlebn	dɑhɪnlebən	dahɪnlebən	compound	dahin|leben	0.1111111111111111	0.3	0.2	dahɪnlebn̩	dahɪnlebən	0.2	0.2
dahinmähen	dahɪnmɛːən	dahɪnmɛən	dɑhɪnmɛən	dahɪnmɛən	compound	dahin|mähen	0.0	0.1111111111111111	0.0	dahɪnmɛən	dahɪnmɛən	0.0	0.0
danisieren	daniziːʁən	daniziʁən	dɑnizirən	daniziʁən	compound	dan|isieren	0.0	0.2222222222222222	0.0	daniziʁən	danɪsiɾen	0.0	0.4444444444444444
darfs	daʁfs	daʁfs	daɾfs	daʁfs	compound	darf|s	0.0	0.2	0.0	daɾfs	daɾfs	0.2	0.2
dazufügen	datsuːfyːɡn	datsufyɡn	dɑtsufyɡən	datsufygən	compound	dazu|fügen	0.0	0.2	0.2	dat͡sufyɡn̩	datsufygən	0.18181818181818182	0.2
deckungsschädlich	dɛkʊŋsʃɛːtlɪc	dɛkʊŋsʃɛtlɪc	dɛkʊŋscɛtlɪc	dɛkʊŋsʃɛtlɪc	compound	deckung|s|schädlich	0.0	0.08333333333333333	0.0	dɛkʊŋsʃɛtlɪç	dɛkʊŋsʃɛtlɪç	0.08333333333333333	0.08333333333333333
deutschstämmig	dɔɪtʃʃtɛmɪc	dɔɪtʃʃtɛmɪk	dɔøtʃʃtɛmɪc	dɔɔʏtʃstɛmmɪc	compound	deutsch|stämmig	0.09090909090909091	0.09090909090909091	0.3076923076923077	dɔɪ̯t͡ʃʃtɛmɪk	dɔøʧstɛmmɪç	0.23076923076923078	0.5454545454545454
dialogfähig	dialoːkfɛːɪc	dialokfɛɪk	dialoɡfɛɪc	dialɔkfɛɪc	compound	dialog|fähig	0.1	0.1	0.1	dialokfɛɪk	dijɑlɔkfɛɪç	0.1	0.36363636363636365
diamantenhaltig	diamantnhaltɪc	diamantnhaltɪk	diamantənhaltɪc	diamantənaltɪc	compound	diamanten|haltig	0.07142857142857142	0.06666666666666667	0.14285714285714285	diamantn̩haltɪk	dijɑmantɛnaltɪç	0.13333333333333333	0.3333333333333333
dichs	dɪcs	dɪcs	dɪks	dɪcs	compound	dich|s	0.0	0.25	0.0	dɪçs	dɪks	0.25	0.25
dihybrid	dihybʁiːt	dihybʁit	diybɾit	diybʁit	compound	di|hybrid	0.0	0.2857142857142857	0.14285714285714285	dihybʁit	diʏbrit	0.0	0.42857142857142855
dihybride	dihybʁiːdə	dihybʁidə	diybɾidə	diybʁidə	compound	di|hybride	0.0	0.25	0.125	dihybʁidə	diʏbridə	0.0	0.375
dihybridem	dihybʁiːdəm	dihybʁidəm	diybɾidəm	diybʁidəm	compound	di|hybridem	0.0	0.2222222222222222	0.1111111111111111	dihybʁidəm	diʏbridəm	0.0	0.3333333333333333
dihybriden	dihybʁiːdn	dihybʁidn	diybɾidən	diybʁidən	compound	di|hybriden	0.0	0.3333333333333333	0.2222222222222222	dihybʁidn̩	diʏbridən	0.1	0.4444444444444444
dihybrider	dihybʁiːdɐ	dihybʁidɐ	diybɾidɜ	diybʁidɐ	compound	di|hybrider	0.0	0.375	0.125	dihybʁidɐ	diʏbridɐ̯	0.0	0.4444444444444444
dihybrides	dihybʁiːdəs	dihybʁidəs	diybɾidəs	diybʁidəs	compound	di|hybrides	0.0	0.2222222222222222	0.1111111111111111	dihybʁidəs	diʏbridəs	0.0	0.3333333333333333
dirs	diːɐs	diɐs	diɾs	dɪʁs	compound	dir|s	0.0	0.25	0.5	diɐ̯s	dɪɾs	0.2	0.5
dollarisieren	dɔlaʁiziːʁən	dɔlaʁiziʁən	dɔlarizirən	dɔllaʁiziʁən	compound	dollar|isieren	0.0	0.18181818181818182	0.08333333333333333	dɔlaɾizirən	dɔllɑɾiziɾen	0.18181818181818182	0.4166666666666667
dreihundertjährig	dʁaɪhʊndɐtjɛːʁɪc	dʁaɪhʊndɐtjɛrɪc	dɾaɪhʊndɜtjɛrɪc	dʁaeʊndɛʁtjɛʁɪc	compound	dreihundert|jährig	0.06666666666666667	0.2	0.26666666666666666	dʁaɪ̯hʊndɐtjɛʁɪk	dɾaeʊndɛɾtjɛɾɪç	0.125	0.4666666666666667
dreissig	dʁaɪsɪk	dʁaɪsɪɡ	dɾaɪsɪc	dʁaeszɪc	compound	dreissi|g	0.14285714285714285	0.2857142857142857	0.375	dɾaɪsɪç	dɾaeszɪç	0.2857142857142857	0.5
dreissigmal	dʁaɪsɪkmaːl	dʁaɪsɪɡmal	dɾaɪsɪɡmɑl	dʁaeszɪkmal	compound	dreissi|g|mal	0.1	0.3	0.18181818181818182	dʁaɪ̯sɪɡmal	dɾaeszɪkmal	0.18181818181818182	0.2727272727272727
dreissigtausend	dʁaɪsɪctaʊznt	dʁaɪsɪɡtaʊznt	dɾaɪsɪctaʊzənt	dʁaeszɪktaozɛnt	compound	dreissi|g|tausend	0.07692307692307693	0.14285714285714285	0.3333333333333333	dʁaɪ̯sɪktaʊ̯zn̩t	dɾaeszɪktaozɛnt	0.25	0.4
dreissigtausendfach	dʁaɪsɪctaʊzntfaχ	dʁaɪsɪɡtaʊzntfax	dɾaɪsɪctaʊzəntfax	dʁaeszɪktaozɛntfax	compound	dreissi|g|tausendfach	0.125	0.17647058823529413	0.3333333333333333	dʁaɪsɪɡtaʊ̯zn̩tfax	dɾaeszɪktaozɛntfax	0.2222222222222222	0.3888888888888889
dreissigtausendste	dʁaɪsɪctaʊzntstə	dʁaɪsɪɡtaʊzntstə	dɾaɪsɪctaʊzəndstə	dʁaeszɪktaozɛndstə	compound	dreissi|g|tausendste	0.0625	0.17647058823529413	0.3333333333333333	dʁaɪ̯sɪktaʊ̯zn̩t͡stə	dɾaeszɪktaozɛndstə	0.25	0.3888888888888889
dreitausendfach	dʁaɪtaʊzntfaχ	dʁaɪtaʊzntfax	dɾaɪtaʊzɛntfax	dʁaetaozɛntfax	compound	dreitausend|fach	0.07692307692307693	0.21428571428571427	0.2857142857142857	dʁaɪ̯taʊ̯zn̩tfax	dɾaetaozɛntfax	0.25	0.35714285714285715
dreitausendste	dʁaɪtaʊzntstə	dʁaɪtaʊzntstə	dɾaɪtaʊzəndstə	dʁaetaozɛndstə	compound	dreitausend|ste	0.0	0.21428571428571427	0.2857142857142857	dʁaɪ̯taʊ̯zn̩t͡stə	dɾaetaozɛndstə	0.23529411764705882	0.35714285714285715
dreiundachtzigste	dʁaɪʊntaxtsɪcstə	dʁaɪʊntaxtsɪkstə	dɾaɪʊndaxtsɪcstə	dʁaeʊndaxtsɪgstə	compound	dreiundachtzig|ste	0.0625	0.125	0.1875	dʁaɪ̯ʊntaxt͡sɪkstə	dɾaeʊndaxtsɪgstə	0.16666666666666666	0.25
dreiunddreissigmal	dʁaɪʊntdʁaɪsɪcmaːl	dʁaɪʊntdʁaɪsɪɡmal	dɾaɪʊndɾaɪsɪɡmɑl	dʁaeʊndʁaeszɪkmal	compound	drei|unddreissi|g|mal	0.058823529411764705	0.3125	0.29411764705882354	dʁaɪ̯ʊntdʁaɪ̯sɪɡmal	dɾaeʊnddɾaeszɪkmal	0.15789473684210525	0.3888888888888889
dreiunddreissigstens	dʁaɪʊntdʁaɪsɪcstns	dʁaɪaɪʊntdʁaɪsɪcstns	dɾaɪʊndɾaɪsɪcstəns	dʁaeʊndʁaeszɪgstɛns	compound	drei|unddreissigstens	0.1	0.2222222222222222	0.3157894736842105	dʁaɪ̯ʊntdʁaɪ̯sɪkstn̩s	dɾaeʊnddɾaeszɪgstɛns	0.19047619047619047	0.4
dreiunddreißigfach	dʁaɪʊntdʁaɪsɪcfax	dʁaɪʊntdʁaɪsɪkfax	dɾaɪʊndɾaɪsɪcfax	dʁaeʊndʁaeszɪkfax	compound	dreiunddreißig|fach	0.058823529411764705	0.1875	0.29411764705882354	dɾaɪʊndɾaɪsɪçfax	dɾaeʊnddɾaejɪkfax	0.25	0.4117647058823529
dreiunddreißigjährig	dʁaɪʊntdʁaɪsɪcjɛːʁɪc	dʁaɪʊntdʁaɪsɪkjɛrɪc	dɾaɪʊndɾaɪsɪɡjɛrɪc	dʁaeʊndʁaeszɪkjɛʁɪc	compound	dreiunddreißig|jährig	0.10526315789473684	0.2777777777777778	0.2631578947368421	dʁaɪ̯ʊntdʁaɪ̯sɪkjɛʁɪk	dɾaeʊnddɾaeʃɪkjɛɾɪç	0.19047619047619047	0.47368421052631576
dreiunddreißigmal	dʁaɪʊntdʁaɪsɪcmaːl	dʁaɪʊntdʁaɪsɪkmal	dɾaɪʊndɾaɪsɪɡmɑl	dʁaeʊndʁaeszɪkmal	compound	dreiunddreißig|mal	0.058823529411764705	0.3125	0.29411764705882354	dɾaɪʊndɾaɪsɪçmɑl	dɾaeʊnddɾaejɪkmal	0.3125	0.4117647058823529
dreiunddreißigminütig	dʁaɪʊntdʁaɪsɪcminyːtɪc	dʁaɪʊntdʁaɪsɪkminytɪc	dɾaɪʊndɾaɪsɪɡminytɪc	dʁaeʊndʁaeszɪkmɪnytɪc	compound	dreiunddreißig|minütig	0.047619047619047616	0.2	0.2857142857142857	dʁaɪ̯ʊntdʁaɪ̯sɪkminytɪk	dɾaeʊnddɾaejɪkminytɪç	0.17391304347826086	0.38095238095238093
dreiunddreißigminütiger	dʁaɪʊntdʁaɪsɪcminyːtɪɡɐ	dʁaɪʊntdʁaɪsɪkminytɪgɜ	dɾaɪʊndɾaɪsɪɡminytɪɡɜ	dʁaeʊndʁaeszɪkmɪnytɪgɐ	compound	dreiunddreißig|minütiger	0.13636363636363635	0.23809523809523808	0.3181818181818182	dʁaɪ̯ʊntdʁaɪ̯sɪkminytɪɡɐ	dɾaeʊnddɾaejɪkminytɪgɐ̯	0.125	0.391304347826087
dreiunddreißigstens	dʁaɪʊntdʁaɪsɪcstns	dʁaɪʊntdʁaɪsɪkstns	dɾaɪʊndɾaɪsɪcstəns	dʁaeʊndʁaeszɪgstɛns	compound	dreiunddreißigsten|s	0.05555555555555555	0.2222222222222222	0.3157894736842105	dʁaɪ̯ʊntdʁaɪ̯sɪkstn̩s	dɾaeʊnddɾaejɪgstɛns	0.19047619047619047	0.42105263157894735
dreiunddreißigtägig	dʁaɪʊntdʁaɪsɪctɛːɡɪc	dʁaɪʊntdʁaɪsɪktɛɡɪk	dɾaɪʊndɾaɪsɪctɛɡɪc	dʁaeʊndʁaeszɪktɛgɪc	compound	dreiunddreißig|t|ä|gig	0.10526315789473684	0.16666666666666666	0.3157894736842105	dʁaɪ̯ʊntdʁaɪ̯sɪktɛɡɪk	dɾaeʊnddɾaeʃɪktɛgɪç	0.19047619047619047	0.47368421052631576
dreiunddreißigtägiger	dʁaɪʊntdʁaɪsɪctɛːɡɪɡɐ	dʁaɪʊntdʁaɪsɪktɛɪɡɐ	dɾaɪʊndɾaɪsɪctɛɡɪɡɜ	dʁaeʊndʁaeszɪktɛgɪgɐ	compound	dreiunddreißig|t|ä|giger	0.10526315789473684	0.21052631578947367	0.35	dʁaɪ̯ʊntdʁaɪ̯sɪktɛɡɪɡɐ	dɾaeʊnddɾaejɪktɛgɪgɐ̯	0.13636363636363635	0.47619047619047616
dreiundfünfzigfach	dʁaɪʊntfʏnftsɪcfax	dʁaɪʊntfʏnftsɪkfax	dɾaɪʊntfynftsɪcfax	dʁaeʊntfʏnftsɪkfax	compound	dreiundfünfzig|fach	0.05555555555555555	0.1111111111111111	0.1111111111111111	dʁaɪ̯ʊntfʏnft͡sɪkfax	dɾaeʊntfʏnftsɪkfax	0.15	0.16666666666666666
dreiundfünfzigjährig	dʁaɪʊntfʏnftsɪcjɛːʁɪc	dʁaɪʊntfʏnftsɪkjɛrɪc	dɾaɪʊntfynftsɪɡjɛrɪc	dʁaeʊntfʏnftsɪkjɛʁɪc	compound	dreiundfünfzig|jährig	0.1	0.2	0.1	dʁaɪ̯ʊntfʏnft͡sɪkjɛʁɪk	dɾaeʊntfʏnftsɪkjɛɾɪç	0.18181818181818182	0.25
dreiundfünfzigmal	dʁaɪʊntfʏnftsɪcmaːl	dʁaɪʊntfʏnftsɪkmal	dɾaɪʊntfynftsɪɡmɑl	dʁaeʊntfʏnftsɪkmal	compound	dreiundfünfzig|mal	0.05555555555555555	0.2222222222222222	0.1111111111111111	dɾaɪʊntfʏnftsɪçmɑl	dɾaeʊntfʏnftsɪkmal	0.16666666666666666	0.16666666666666666
dreiundfünfzigminütig	dʁaɪʊntfʏnftsɪcminyːtɪc	dʁaɪʊntfʏnftsɪkminytɪc	dɾaɪʊntfynftsɪɡminytɪc	dʁaeʊntfʏnftsɪkmɪnytɪc	compound	dreiundfünfzig|minütig	0.045454545454545456	0.13636363636363635	0.13636363636363635	dʁaɪ̯ʊntfʏnft͡sɪkminytɪk	dɾaeʊntfʏnftsɪkminytɪç	0.16666666666666666	0.18181818181818182
dreiundfünfzigminütiger	dʁaɪʊntfʏnftsɪcminyːtɪɡɐ	dʁaɪʊntfʏnftsɪkminytɪgɜ	dɾaɪʊntfynftsɪɡminytɪɡɜ	dʁaeʊntfʏnftsɪkmɪnytɪgɐ	compound	dreiundfünfzig|minütiger	0.13043478260869565	0.17391304347826086	0.17391304347826086	dʁaɪ̯ʊntfʏnft͡sɪkminytɪɡɐ	dɾaeʊntfʏnftsɪkminytɪgɐ̯	0.12	0.20833333333333334
dreiundfünfzigste	dʁaɪʊntfʏnftsɪcstə	dʁaɪʊntfʏnftsɪkstə	dɾaɪʊntfynftsɪcstə	dʁaeʊntfʏnftsɪgstə	compound	dreiundfünfzig|ste	0.05555555555555555	0.1111111111111111	0.1111111111111111	dʁaɪ̯ʊntfʏnft͡sɪkstə	dɾaeʊntfʏnftsɪgstə	0.15	0.16666666666666666
dreiundfünfzigstens	dʁaɪʊntfʏnftsɪcstns	dʁaɪʊntfʏnftsɪkstns	dɾaɪʊntfynftsɪcstəns	dʁaeʊntfʏnftsɪgstɛns	compound	dreiundfünfzig|sten|s	0.05263157894736842	0.15	0.15	dʁaɪ̯ʊntfʏnft͡sɪkstn̩s	dɾaeʊntfʏnftsɪgstɛns	0.18181818181818182	0.2
dreiundneunzigste	dʁaɪʊntnɔɪntsɪcstə	dɾaɪʊndnɔøntsɪcstə	dɾaɪʊndnɔøntsɪcstə	dʁaeʊndnɔɔʏntsɪgstə	compound	dreiundneunzig|ste	0.16666666666666666	0.16666666666666666	0.2631578947368421	dɾaɪʊndnɔøntsɪçstə	dɾaeʊndnɔøntsɪgstə	0.2222222222222222	0.2777777777777778
dreiundsechzigjährig	dʁaɪʊntzɛctsɪcjɛːʁɪc	dʁaɪʊntzɛctsɪkjɛrɪc	dɾaɪʊndzɛctsɪɡjɛrɪc	dʁaeʊntzɛctsɪkjɛʁɪc	compound	dreiundsechzig|jährig	0.10526315789473684	0.21052631578947367	0.10526315789473684	dʁaɪ̯ʊntzɛçt͡sɪkjɛʁɪk	dɾaeʊntzɛçtsɪkjɛɾɪç	0.23809523809523808	0.3157894736842105
dreiundsechzigste	dʁaɪʊntzɛctsɪcstə	dʁaɪʊntzɛctsɪkstə	dɾaɪʊndzɛctsɪcstə	dʁaeʊntzɛctsɪgstə	compound	dreiundsechzig|ste	0.058823529411764705	0.11764705882352941	0.11764705882352941	dʁaɪ̯ʊntzɛçt͡sɪkstə	dɾaeʊntzɛçtsɪgstə	0.21052631578947367	0.23529411764705882
dreiundsiebzigste	dʁaɪʊntziːptsɪcstə	dʁaɪʊntziptsɪkstə	dɾaɪʊndziptsɪcstə	dʁaeʊntziptsɪgstə	compound	dreiundsiebzig|ste	0.058823529411764705	0.11764705882352941	0.11764705882352941	dʁaɪ̯ʊntzipt͡sɪkstə	dɾaeʊntziptsɪgstə	0.15789473684210525	0.17647058823529413
dreiundvierzigfach	dʁaɪʊntfɪɐtsɪcfax	dʁaɪʊntfɪʁtsɪkfax	dɾaɪʊndviɾtsɪcfax	dʁaeʊntviʁtsɪkfax	compound	dreiundvierzig|fach	0.11764705882352941	0.29411764705882354	0.29411764705882354	dɾaɪʊndviɾtsɪçfax	dɾaeʊntviɾtsɪkfax	0.35294117647058826	0.35294117647058826
dreiundvierzigjährig	dʁaɪʊntfɪɐtsɪcjɛːʁɪc	dʁaɪʊntfɪʁtsɪkjɛrɪc	dɾaɪʊndviɾtsɪɡjɛrɪc	dʁaeʊntviʁtsɪkjɛʁɪc	compound	dreiundvierzig|jährig	0.15789473684210525	0.3684210526315789	0.2631578947368421	dʁaɪ̯ʊntfɪʁt͡sɪkjɛʁɪk	dɾaeʊntviɾtsɪkjɛɾɪç	0.23809523809523808	0.42105263157894735
dreiundvierzigmal	dʁaɪʊntfɪɐtsɪcmaːl	dʁaɪʊntfɪʁtsɪkmal	dɾaɪʊndviɾtsɪɡmɑl	dʁaeʊntviʁtsɪkmal	compound	dreiundvierzig|mal	0.11764705882352941	0.4117647058823529	0.29411764705882354	dɾaɪʊndviɾtsɪçmɑl	dɾaeʊntviɾtsɪkmal	0.4117647058823529	0.35294117647058826
dreiundvierzigminütig	dʁaɪʊntfɪɐtsɪcminyːtɪc	dʁaɪʊntfɪʁtsɪkminytɪc	dɾaɪʊndviɾtsɪɡminytɪc	dʁaeʊntviʁtsɪkmɪnytɪc	compound	dreiundvierzig|minütig	0.09523809523809523	0.2857142857142857	0.2857142857142857	dʁaɪ̯ʊntfɪʁt͡sɪkminytɪk	dɾaeʊntviɾtsɪkminytɪç	0.21739130434782608	0.3333333333333333
dreiundvierzigminütiger	dʁaɪʊntfɪɐtsɪcminyːtɪɡɐ	dʁaɪʊntfɪʁtsɪkminytɪgɜ	dɾaɪʊndviɾtsɪɡminytɪɡɜ	dʁaeʊntviʁtsɪkmɪnytɪgɐ	compound	dreiundvierzig|minütiger	0.18181818181818182	0.3181818181818182	0.3181818181818182	dʁaɪ̯ʊntfɪʁt͡sɪkminytɪɡɐ	dɾaeʊntviɾtsɪkminytɪgɐ̯	0.16666666666666666	0.34782608695652173
dreiundvierzigstens	draɪʊntfɪʁtsɪkstns	dʁaɪʊntfɪʁtsɪkstns	dɾaɪʊndviɾtsɪcstəns	dʁaeʊntviʁtsɪgstɛns	compound	dreiundvierzigsten|s	0.05555555555555555	0.3684210526315789	0.3157894736842105	dʁaɪ̯ʊntfɪʁt͡sɪkstn̩s	dɾaeʊntviɾtsɪgstɛns	0.19047619047619047	0.3684210526315789
dreiundzwanzigfach	dʁaɪʊnttsvantsɪcfax	dɾaɪʊnttsvantsɪcfax	dɾaɪʊnttsvantsɪcfax	dʁaeʊnttsvantsɪkfax	compound	dreiundzwanzig|fach	0.05263157894736842	0.05263157894736842	0.10526315789473684	dɾaɪʊnttsvantsɪçfax	dɾaeʊnttsvantsɪkfax	0.10526315789473684	0.15789473684210525
dreiundzwanzigjährig	dʁaɪʊnttsvantsɪcjɛːʁɪc	dɾaɪʊnttsvantsɪcjɛrɪc	dɾaɪʊnttsvantsɪɡjɛrɪc	dʁaeʊnttsvantsɪkjɛʁɪc	compound	dreiundzwanzig|jährig	0.09523809523809523	0.14285714285714285	0.09523809523809523	dɾaɪʊnttsvantsɪçjɛrɪç	dɾaeʊnttsvantsɪkjɛɾɪç	0.19047619047619047	0.23809523809523808
dreiundzwanzigköpfig	dʁaɪʊnttsvantsɪckœpfɪc	dɾaɪʊnttsvantsɪckœpfɪɡ	dɾaɪʊnttsvantsɪckœpfɪc	dʁaeʊnttsvantsɪkkœpfɪc	compound	dreiundzwanzig|köpfig	0.09090909090909091	0.045454545454545456	0.09090909090909091	dɾaɪʊnttsvantsɪçkœpfɪç	dɾaeʊnttsvantsɪkkœpfɪç	0.13636363636363635	0.18181818181818182
dreiundzwanzigköpfiger	dʁaɪnʊntsvantsɪckœpfɪɡɐ	dɾaɪʊnttsvantsɪckœpfɪɡeɐ	dɾaɪʊnttsvantsɪckœpfɪɡɜ	dʁaeʊnttsvantsɪkkœpfɪgɐ	compound	dreiundzwanzig|köpfig|er	0.16666666666666666	0.17391304347826086	0.21739130434782608	dɾaɪʊnttsvantsɪçkœpfɪgɜ	dɾaeʊnttsvantsɪkkœpfɪgɐ̯	0.2608695652173913	0.2916666666666667
dreiundzwanzigmal	dʁaɪtʔʊnttsvantsɪcmaːl	dɾaɪʊnttsvantsɪcmal	dɾaɪʊnttsvantsɪɡmɑl	dʁaeʊnttsvantsɪkmal	compound	dreiundzwanzig|mal	0.10526315789473684	0.21052631578947367	0.15789473684210525	dɾaɪʊnttsvantsɪçmɑl	dɾaeʊnttsvantsɪkmal	0.21052631578947367	0.21052631578947367
dreiundzwanzigminütig	dʁaɪʊnttsvantsɪcminyːtɪc	dɾaɪʊnttsvantsɪcminytɪc	dɾaɪʊnttsvantsɪɡminytɪc	dʁaeʊnttsvantsɪkmɪnytɪc	compound	dreiundzwanzig|minütig	0.043478260869565216	0.08695652173913043	0.13043478260869565	dɾaɪʊnttsvantsɪçminytɪç	dɾaeʊnttsvantsɪkminytɪç	0.13043478260869565	0.17391304347826086
dreiundzwanzigminütiger	dʁaɪʊntsvantsɪcminyːtɪɡɐ	dɾaɪʊnttsvantsɪcminytɪgɜ	dɾaɪʊnttsvantsɪɡminytɪɡɜ	dʁaeʊnttsvantsɪkmɪnytɪgɐ	compound	dreiundzwanzig|minütiger	0.16666666666666666	0.16666666666666666	0.20833333333333334	dʁaɪ̯ʊntt͡svant͡sɪkminytɪɡɐ	dɾaeʊnttsvantsɪkminytɪgɐ̯	0.18518518518518517	0.24
dreiundzwanzigstens	dʁaɪtʔʊnttsvantsɪcstns	dʁaɪʊnttsvantsɪkstns	dɾaɪʊnttsvantsɪcstəns	dʁaeʊnttsvantsɪgstɛns	compound	dreiundzwanzigsten|s	0.1	0.14285714285714285	0.19047619047619047	dɾaɪʊnttsvantsɪçstəns	dɾaeʊnttsvantsɪgstɛns	0.19047619047619047	0.23809523809523808
dreiundzwanzigstündig	dʁaɪʊʊntsvantsɪcʃtʏndɪc	dɾaɪʊnttsvantsɪcʃtʏndɪc	dɾaɪʊnttsvantsɪcʃtyndɪc	dʁaeʊnttsvantsɪgstʏndɪc	compound	dreiundzwanzig|stündig	0.13043478260869565	0.17391304347826086	0.21739130434782608	dɾaɪʊnttsvantsɪçʃtʏndɪç	dɾaeʊnttsvantsɪgstʏndɪç	0.21739130434782608	0.30434782608695654
dreiundzwanzigstündiger	dʁaɪʊntsvantsɪcʃtʏndɪɡɐ	dɾaɪʊnttsvantsɪcʃtʏndɪceɐ	dɾaɪʊnttsvantsɪcʃtyndɪɡɜ	dʁaeʊnttsvantsɪgstʏndɪgɐ	compound	dreiundzwanzig|stündig|er	0.16	0.16666666666666666	0.20833333333333334	dɾaɪʊnttsvantsɪçʃtʏndɪgɜ	dɾaeʊnttsvantsɪgstʏndɪgɐ̯	0.20833333333333334	0.28
dreiundzwanzigwöchig	dʁaɪʊntsvantsɪcvœcɪc	dɾaɪʊnttsvantsɪcvœcɪc	dɾaɪʊnttsvantsɪɡvœcɪc	dʁaeʊnttsvantsɪkvœcɪc	compound	dreiundzwanzig|wöchig	0.09523809523809523	0.14285714285714285	0.14285714285714285	dɾaɪʊnttsvantsɪçvœçɪç	dɾaeʊnttsvantsɪkvœçɪç	0.23809523809523808	0.2857142857142857
dreiundzwanzigwöchiger	dʁaɪʊntsvantsɪcvœcɪɡɐ	dɾaɪʊnttsvantsɪcvœcɪceɐ	dɾaɪʊnttsvantsɪɡvœcɪɡɜ	dʁaeʊnttsvantsɪkvœcɪgɐ	compound	dreiundzwanzig|wöchig|er	0.17391304347826086	0.18181818181818182	0.18181818181818182	dɾaɪʊnttsvantsɪçvœçɪgɜ	dɾaeʊnttsvantsɪkvœçɪgɐ̯	0.2727272727272727	0.30434782608695654
dreizehneckiger	dʁaɪtseːnɛkɪɡɐ	dʁaɪtsenɛkɪceɐ	dɾaɪtsenɛkɪɡɜ	dʁaetsenɛkɪgɐ	compound	dreizehneckig|er	0.14285714285714285	0.15384615384615385	0.15384615384615385	dʁaɪ̯t͡senɛkɪɡɐ	dɾaetsenɛkɪgɐ̯	0.13333333333333333	0.2857142857142857
dreizehnfach	draɪtseːnfax	dʁaɪtsenfax	dɾaɪtsenfax	dʁaetsenfax	compound	dreizehn|fach	0.09090909090909091	0.09090909090909091	0.18181818181818182	dʁaɪ̯t͡senfax	dɾaetsenfax	0.23076923076923078	0.18181818181818182
dreizehnköpfig	dʁaɪtseːnkœpfɪc	dʁaɪtsenkœpfɪɡ	dɾaɪtsenkœpfɪc	dʁaetseŋkœpfɪc	compound	dreizehn|köpfig	0.07142857142857142	0.07142857142857142	0.14285714285714285	dʁaɪ̯t͡senkœp͡fɪk	dɾaetseŋkœpfɪç	0.23529411764705882	0.2857142857142857
dreizehnköpfiger	dʁaɪtseːnkœpfɪɡɐ	dʁaɪtsenkœpfɪɡɐ	dɾaɪtsenkœpfɪɡɜ	dʁaetseŋkœpfɪgɐ	compound	drei|zehnköpfiger	0.0	0.13333333333333333	0.2	dʁaɪ̯t͡senkœp͡fɪɡɐ	dɾaetseŋkœpfɪgɐ̯	0.16666666666666666	0.3125
dreizehnmal	dʁaɪtseːnmaːl	dʁaɪtsenmal	dɾaɪtsenmɑl	dʁaetsenmal	compound	dreizehn|mal	0.0	0.18181818181818182	0.09090909090909091	dʁaɪ̯t͡senmal	dɾaetsenmal	0.15384615384615385	0.18181818181818182
dreizehnminütig	draɪtseːnminyːtɪc	dʁaɪtsenminytɪc	dɾaɪtsenminytɪc	dʁaetsenmɪnytɪc	compound	dreizehn|minütig	0.06666666666666667	0.06666666666666667	0.2	dʁaɪ̯t͡senminytɪk	dɾaetsenminytɪç	0.23529411764705882	0.2
dreizehnmonatig	dʁaɪtseːnmoːnatɪc	dʁaɪtsenmonatɪc	dɾaɪtsenmonatɪc	dʁaetsenmonatɪc	compound	dreizehn|monatig	0.0	0.06666666666666667	0.06666666666666667	dʁaɪ̯t͡senmonatɪk	dɾaetsenmonɑtɪç	0.17647058823529413	0.26666666666666666
dreizehnwöchig	dʁaɪtseːnvœcɪc	dʁaɪtsenvœcɪc	dɾaɪtsenvœcɪc	dʁaetsenvœcɪc	compound	dreizehn|wöchig	0.0	0.07692307692307693	0.07692307692307693	dʁaɪ̯t͡senvœçɪk	dɾaetsenvœçɪç	0.26666666666666666	0.3076923076923077
dreißigköpfiger	dʁaɪsɪckœpfɪɡɐ	dʁaɪsɪckœpfɪceɐ	dɾaɪsɪckœpfɪɡɜ	dʁaeszɪkkœpfɪgɐ	compound	dreißigköpfig|er	0.13333333333333333	0.14285714285714285	0.26666666666666666	dʁaɪ̯sɪkkœp͡fɪɡɐ	dɾaeɪkkœpfɪgɐ̯	0.1875	0.42857142857142855
dreißigmonatig	dʁaɪsɪcmoːnatɪc	dʁaɪsɪkmonatɪc	dɾaɪsɪɡmonatɪc	dʁaeszɪkmonatɪc	compound	dreißig|monatig	0.07142857142857142	0.14285714285714285	0.2	dʁaɪ̯sɪkmonatɪk	dɾaejɪkmonɑtɪç	0.2	0.42857142857142855
dreißigstündig	dʁaɪsɪcʃtʏndɪc	dʁaɪsɪkʃtʏndɪc	dɾaɪsɪcʃtyndɪc	dʁaeszɪgstʏndɪc	compound	dreißig|stündig	0.07142857142857142	0.14285714285714285	0.26666666666666666	dʁaɪ̯sɪkʃtʏndɪk	dɾaeɪgstʏndɪç	0.2	0.46153846153846156
dreißigstündiger	dʁaɪsɪcʃtʏndɪɡɐ	dʁaɪsɪkʃtʏndɪceɐ	dɾaɪsɪcʃtyndɪɡɜ	dʁaeszɪgstʏndɪgɐ	compound	dreißig|stündig|er	0.1875	0.2	0.3125	dʁaɪ̯ʃtʏndɪɡɐ	dɾaeɪgstʏndɪgɐ̯	0.23076923076923078	0.4666666666666667
dreißigtausendfach	dʁaɪsɪctaʊzntfaχ	dʁaɪsɪktaʊzntfax	dɾaɪsɪctaʊzəntfax	dʁaeszɪktaozɛntfax	compound	dreißigtausend|fach	0.125	0.17647058823529413	0.3333333333333333	dʁaɪ̯sɪktaʊ̯zn̩tfax	dɾaezɪktaozɛntfax	0.2631578947368421	0.4117647058823529
dreißigtausendste	dʁaɪsɪctaʊzntstə	dʁaɪsɪktaʊzntstə	dɾaɪsɪctaʊzəndstə	dʁaeszɪktaozɛndstə	compound	dreißigtausend|ste	0.0625	0.17647058823529413	0.3333333333333333	dʁaɪ̯sɪktaʊ̯zn̩t͡stə	dɾaezɪktaozɛndstə	0.25	0.4117647058823529
dreißigtägig	dʁaɪsɪktɛːɡɪk	dʁaɪsɪktɛɡɪk	dɾaɪsɪctɛɡɪc	dʁaeszɪktɛgɪc	compound	dreißig|t|ä|gig	0.0	0.25	0.3076923076923077	dʁaɪ̯sɪktɛɡɪk	dɾaeɪktɛgɪç	0.07692307692307693	0.45454545454545453
dreißigwöchig	dʁaɪsɪcvœcɪc	dʁaɪsɪkvœcɪc	dɾaɪsɪɡvœcɪc	dʁaeszɪkvœcɪc	compound	dreißig|wöchig	0.08333333333333333	0.16666666666666666	0.23076923076923078	dʁaɪ̯sɪkvœçɪk	dɾaeʃɪkvœçɪç	0.3076923076923077	0.5
dreißigwöchiger	dʁaɪsɪcvœcɪɡɐ	dʁaɪsɪkvœcɪceɐ	dɾaɪsɪɡvœcɪɡɜ	dʁaeszɪkvœcɪgɐ	compound	dreißig|wöchig|er	0.21428571428571427	0.23076923076923078	0.2857142857142857	dʁaɪ̯sɪkvœçɪɡɐ	dɾaezɪkvœçɪgɐ̯	0.21428571428571427	0.5
dunkelweiß	dʊŋklvaɪs	dʊŋklvaɪs	dʊnkəlvaɪs	dʊŋkɛlvaess	compound	dunkel|weiß	0.0	0.2	0.2727272727272727	dʊŋkl̩vaɪ̯s	dʊŋkɛlvaes	0.18181818181818182	0.2
duodezimal	duodetsimaːl	duodetsimal	duodetsimɑl	dʊodetsimal	compound	duo|dezimal	0.0	0.09090909090909091	0.09090909090909091	duodet͡simal	duodetsimal	0.08333333333333333	0.0
durchfärben	dʊʁcfɛʁbən	dʊʁcfɛʁbn	d??cfɛɾbən	dʊʁtsfɛʁbən	compound	durch|färben	0.1111111111111111	0.3	0.18181818181818182	dʊʁçfɛʁbn̩	dʊɾtsfɛɾbən	0.3	0.36363636363636365
durchläutern	dʊʁclɔɪtɐn	dʊʁclɔɪtɐn	d??clɔøtɜn	dʊʁtslɔɔʏtɛʁn	compound	durch|läutern	0.0	0.4	0.46153846153846156	dʊʁçlɔɪ̯tɐn	dʊɾtslɔøtɛɾn	0.18181818181818182	0.5
durchsetzungsfähig	dʊʁczɛtsʊŋsfɛːɪc	dʊʁczɛtsʊŋsfɛɪk	d??czɛtsʊŋsfɛɪc	dʊʁtszɛtsʊŋsfɛɪc	compound	durchsetzung|s|fähig	0.06666666666666667	0.13333333333333333	0.125	dʊʁçzɛt͡sʊŋsfɛɪk	dʊɾtszɛtsʊŋsfɛɪç	0.1875	0.25
durchwursteln	dʊʁcvʊʁstəln	dʊʁcvʊʁstln	d??cv??stəln	dʊʁtsvʊʁstɛln	compound	durch|wursteln	0.09090909090909091	0.3333333333333333	0.23076923076923078	dʊʁçvʊʁstl̩n	dʊɾtsvʊɾstɛln	0.25	0.38461538461538464
ebendas	eːbndas	ebəndas	ebəndɑs	ebɛndas	compound	ebenda|s	0.14285714285714285	0.2857142857142857	0.14285714285714285	ebn̩tas	ebɛndɑs	0.2857142857142857	0.2857142857142857
edelstahlartig	eːdlʃtaːlʔaːɐtɪc	edlʃtalaɐtɪk	edəlʃtɑlaɾtɪc	edɛlstalaʁtɪc	compound	edelstahl|artig	0.08333333333333333	0.23076923076923078	0.23076923076923078	edl̩ʃtalaɐ̯tɪk	edɛlstɑlaɾtɪç	0.21428571428571427	0.38461538461538464
einbeinig	aɪnbaɪnɪk	aɪnbaɪnik	aɪnbaɪnɪc	aenbəɪnɪc	compound	ein|bein|ig	0.1111111111111111	0.1111111111111111	0.3333333333333333	aɪ̯nbaɪ̯nɪk	aenbəɪnɪç	0.18181818181818182	0.3333333333333333
einfüßig	aɪnfyːsɪc	aɪnfysɪc	aɪnfysɪc	aenfʏszɪc	compound	ein|f|ü|ßig	0.0	0.0	0.3333333333333333	aɪ̯nfysɪk	aenfyzɪç	0.2222222222222222	0.375
einherfahren	aɪnheːɐfaːʁən	aɪnheɐfaʁən	aɪnhɛɾfɑrən	aenɛʁfaʁən	compound	einher|fahren	0.0	0.36363636363636365	0.4	aɪnhɛɾfɑrən	aenheɐ̯fɑɾən	0.36363636363636365	0.3333333333333333
einhunderttausendfach	aɪnhʊndɐttaʊzntfaχ	aɪnhʊndɐttaʊzəntfax	aɪnhʊndɜtaʊzəntfax	aenʊndɛʁttaozɛntfax	compound	einhunderttausend|fach	0.10526315789473684	0.2222222222222222	0.3684210526315789	aɪ̯nhʊndɐttaʊ̯zn̩tfax	aenhʊndɛɾttaozɛntfax	0.19047619047619047	0.3
einhunderttausendmal	aɪnhʊndɐttaʊzntmaːl	aɪnhʊndɐttaʊzəntmal	aɪnhʊndɜtaʊzəndmɑl	aenʊndɛʁttaozɛntmal	compound	einhunderttausend|mal	0.05263157894736842	0.2777777777777778	0.3157894736842105	aɪ̯nhʊndɐttaʊ̯zn̩tmal	aenhʊndɛɾttaozɛntmal	0.14285714285714285	0.25
einhunderttausendste	aɪnhʊndɐttaʊzntstə	aɪnhʊndɐttaʊzəntstə	aɪnhʊndɜtaʊzəndstə	aenʊndɛʁttaozɛndstə	compound	einhunderttausend|ste	0.05263157894736842	0.2222222222222222	0.3684210526315789	aɪ̯nhʊndɐttaʊ̯zn̩t͡stə	aenhʊndɛɾttaozɛndstə	0.18181818181818182	0.3
einkettig	aɪnkɛtɪk	aɪnkɛtik	aɪnkɛtɪc	aenkɛtɪc	compound	ein|kett|ig	0.125	0.125	0.25	aɪ̯nkɛtɪk	aenkkɛtɪç	0.1111111111111111	0.3333333333333333
einkettigen	aɪnkɛtɪɡn	aɪnkɛtɪɡn	aɪnkɛtɪɡən	aenkkɛtɪgən	compound	ein|kett|igen	0.0	0.1	0.36363636363636365	aɪ̯nkɛtɪɡn̩	aenkkɛtɪgən	0.18181818181818182	0.36363636363636365
einkühlen	aɪnkyːln	aɪnkylən	aɪnkylən	aenkylən	compound	ein|kühlen	0.125	0.125	0.25	aɪ̯nkylən	aenkylən	0.2222222222222222	0.25
einmengen	aɪnmɛŋən	aɪnmɛŋən	aɪnmɛŋən	aenmɛŋən	compound	ein|mengen	0.0	0.0	0.125	aɪ̯nmɛŋən	aenmɛŋən	0.1111111111111111	0.125
einreissen	aɪnʁaɪsən	aɪnnʁaɪsən	aɪnraɪsən	aenʁaeszən	compound	ein|reissen	0.1	0.1111111111111111	0.3	aɪ̯nnʁaɪsən	aenɾaeszən	0.18181818181818182	0.4
einschauen	aɪnʃaʊən	aɪnʃaʊən	aɪnʃaʊən	aenʃaoən	compound	ein|schauen	0.0	0.0	0.25	aɪnʃaʊən	aenʃaoən	0.0	0.25
einsegnen	aɪnzeːɡnən	aɪnzeɡnən	aɪnzɛɡnən	aenzɛgnən	compound	ein|segnen	0.0	0.1111111111111111	0.3333333333333333	aɪ̯nzeɡnən	aenzɛgnən	0.1	0.3333333333333333
einstämmig	aɪnʃtɛmɪk	aɪnʃtɛmɪk	aɪnʃtɛmɪc	aenstɛmmɪc	compound	ein|stämmig	0.0	0.1111111111111111	0.4	aɪ̯nʃtɛmɪk	aenʃtɛmmɪç	0.1	0.3
eintausendste	aɪntaʊzntstə	aɪntaʊzntstə	aɪntaʊzəndstə	aentaozɛndstə	compound	eintausend|ste	0.0	0.15384615384615385	0.3076923076923077	aɪ̯ntaʊ̯zn̩t͡stə	aentaozɛndstə	0.25	0.3076923076923077
einunddreissigeckig	aɪnʔʊntdʁaɪsɪcɛkɪc	aɪnʊntdʁaɪsɪcɛkɪc	aɪnʊndɾaɪsɪɡɛkɪc	aenʊndʁaeszɪgɛkɪc	compound	ein|und|dreissigeckig	0.0	0.1875	0.29411764705882354	aɪ̯nʊntdʁaɪ̯szɪkɪk	aenʊndɾaeszigɛkɪç	0.3333333333333333	0.47058823529411764
einunddreissigmal	aɪnʔʊntdʁaɪsɪcmaːl	aɪnʊntdʁaɪsɪɡmal	aɪnʊndɾaɪsɪɡmɑl	aenʊndʁaeszɪkmal	compound	ein|unddreissi|g|mal	0.0625	0.26666666666666666	0.3125	aɪ̯nʊntdʁaɪ̯sɪɡmal	aenʊnddɾaeszɪkmal	0.16666666666666666	0.35294117647058826
einunddreissigstens	aɪnʔʊntdʁaɪsɪcstns	aɪnaɪʊntdʁaɪsɪcstns	aɪnʊndɾaɪsɪcstəns	aenʊndʁaeszɪgstɛns	compound	ein|unddreissigstens	0.10526315789473684	0.17647058823529413	0.3333333333333333	aɪ̯nʊntdʁaɪ̯sɪkstn̩s	aenʊndɾaeszɪgstɛns	0.2	0.3888888888888889
einunddreißigeckig	aɪnʔʊntdʁaɪsɪcɛkɪc	aɪnʊndʁaɪsɪkɛkɪk	aɪnʊndɾaɪsɪɡɛkɪc	aenʊndʁaeszɪgɛkɪc	compound	einunddreißig|eckig	0.1875	0.1875	0.29411764705882354	aɪ̯nʊntdʁaɪ̯sɪɡəkɪk	aenʊndɾaejaegɛkɪç	0.2631578947368421	0.5294117647058824
einunddreißigeckiger	aɪnʊntdʁaɪsɪcɛkɪcɡɐ	aɪnʊndʁaɪsɪkɛkɪɡɐ	aɪnʊndɾaɪsɪɡɛkɪɡɜ	aenʊndʁaeszɪgɛkɪgɐ	compound	einunddreißig|eckiger	0.17647058823529413	0.29411764705882354	0.3888888888888889	aɪ̯nʊntdʁaɪ̯sɪɡəkɪɡɐ	aenʊndɾaejigɛkɪgɐ̯	0.25	0.5555555555555556
einunddreißigfach	aɪnʊndʁaɪsɪcfax	aɪnʊndʁaɪsɪkfax	aɪnʊndɾaɪsɪcfax	aenʊndʁaeszɪkfax	compound	einunddreißig|fach	0.06666666666666667	0.06666666666666667	0.25	aɪ̯nʊntdʁaɪ̯sɪçfax	aenʊndɾaejɪkfax	0.2222222222222222	0.3333333333333333
einunddreißigjährig	aɪnʊntdʁaɪsɪcjɛːʁɪc	aɪnʊndʁaɪsɪkjɛrɪc	aɪnʊndɾaɪsɪɡjɛrɪc	aenʊndʁaeszɪkjɛʁɪc	compound	einunddreißig|jährig	0.17647058823529413	0.23529411764705882	0.2777777777777778	aɪnʊndɾaɪsɪçjɛrɪç	aenʊndɾaeʃɪkjɛɾɪç	0.29411764705882354	0.47058823529411764
einunddreißigmal	aɪnʔʊntdʁaɪsɪcmaːl	aɪnʊndʁaɪsɪkmal	aɪnʊndɾaɪsɪɡmɑl	aenʊndʁaeszɪkmal	compound	einunddreißig|mal	0.13333333333333333	0.26666666666666666	0.3125	aɪ̯nʊntdʁaɪ̯sɪkmal	aenʊnddɾaejɪkmal	0.16666666666666666	0.375
einunddreißigminütig	aɪnʊndʁaɪsɪcminyːtɪc	aɪnʊndʁaɪsɪkminytɪc	aɪnʊndɾaɪsɪɡminytɪc	aenʊndʁaeszɪkmɪnytɪc	compound	einunddreißig|minütig	0.05263157894736842	0.10526315789473684	0.25	aɪ̯nʊntdʁaɪ̯sɪkminytɪk	aenʊndɾaejɪkminytɪç	0.22727272727272727	0.3157894736842105
einunddreißigstens	aɪnʔʊntdʁaɪsɪcstns	aɪnʊntdʁaɪsɪkstns	aɪnʊndɾaɪsɪcstəns	aenʊndʁaeszɪgstɛns	compound	einunddreißigsten|s	0.058823529411764705	0.17647058823529413	0.3333333333333333	aɪ̯nʊntdʁaɪ̯sɪkstn̩s	aenʊnddɾaejɪgstɛns	0.2	0.3888888888888889
einunddreißigstündig	aɪnʊntdʁaɪsɪcʃtʏndɪc	aɪnʊndʁaɪsɪkʃtʏndɪc	aɪnʊndɾaɪsɪcʃtyndɪc	aenʊndʁaeszɪgstʏndɪc	compound	einunddreißig|stündig	0.10526315789473684	0.15789473684210525	0.3	aɪ̯nʊntdʁaɪ̯sɪkʃtʏndɪk	aenʊndɾaejɪgstʏndɪç	0.18181818181818182	0.42105263157894735
einunddreißigstündiger	aɪnʊntdʁaɪsɪcʃtʏndɪɡɐ	aɪnʊndʁaɪsɪkʃtʏndɪceɐ	aɪnʊndɾaɪsɪcʃtyndɪɡɜ	aenʊndʁaeszɪgstʏndɪgɐ	compound	einunddreißig|stündig|er	0.19047619047619047	0.2	0.3333333333333333	aɪ̯nʊntdʁaɪ̯sɪkʃtʏndɪɡɐ	aenʊndɾaejɪgstʏndɪgɐ̯	0.13043478260869565	0.42857142857142855
einundfünfzigfach	aɪnʊntfʏnftsɪcfax	aɪnʊntfʏnftsɪkfax	aɪnʊntfynftsɪcfax	aenʊntfʏnftsɪkfax	compound	einundfünfzig|fach	0.058823529411764705	0.058823529411764705	0.11764705882352941	aɪnʊntfʏnft͡sɪçfax	aenʊntfʏnftsɪkfax	0.1111111111111111	0.11764705882352941
einundfünfzigjährig	aɪnʊntfʏnftsɪcjɛːʁɪc	aɪnʊntfʏnftsɪkjɛrɪc	aɪnʊntfynftsɪɡjɛrɪc	aenʊntfʏnftsɪkjɛʁɪc	compound	einundfünfzig|jährig	0.10526315789473684	0.15789473684210525	0.10526315789473684	aɪnʊntfʏnft͡sɪkjɛʁɪk	aenʊntfʏnftsɪkjɛɾɪç	0.15	0.21052631578947367
einundfünfzigmal	aɪnʊntfʏnftsɪcmaːl	aɪnʊntfʏnftsɪkmal	aɪnʊntfynftsɪɡmɑl	aenʊntfʏnftsɪkmal	compound	einundfünfzig|mal	0.058823529411764705	0.17647058823529413	0.11764705882352941	aɪnʊntfʏnft͡sɪçmal	aenʊntfʏnftsɪkmal	0.1111111111111111	0.11764705882352941
einundfünfzigminütig	aɪnʊntfʏnftsɪcminyːtɪc	aɪnʊntfʏnftsɪkminytɪc	aɪnʊntfynftsɪɡminytɪc	aenʊntfʏnftsɪkmɪnytɪc	compound	einundfünfzig|minütig	0.047619047619047616	0.09523809523809523	0.14285714285714285	aɪ̯nʊntfʏnft͡sɪkminytɪk	aenʊntfʏnftsɪkminytɪç	0.17391304347826086	0.14285714285714285
einundfünfzigminütiger	aɪnʊntfʏnftsɪcminyːtɪɡɐ	aɪnʊntfʏnftsɪkminytɪgɜ	aɪnʊntfynftsɪɡminytɪɡɜ	aenʊntfʏnftsɪkmɪnytɪgɐ	compound	einundfünfzig|minütiger	0.13636363636363635	0.13636363636363635	0.18181818181818182	aɪ̯nʊntfʏnft͡sɪkminytɪɡɐ	aenʊntfʏnftsɪkminytɪgɐ̯	0.125	0.17391304347826086
einundfünfzigste	aɪnʊntfʏnftsɪcstə	aɪnʊntfʏnftsɪkstə	aɪnʊntfynftsɪcstə	aenʊntfʏnftsɪgstə	compound	einundfünfzig|ste	0.058823529411764705	0.058823529411764705	0.11764705882352941	aɪ̯nʊntfʏnft͡sɪkstə	aenʊntfʏnftsɪgstə	0.15789473684210525	0.11764705882352941
einundfünfzigstens	aɪnʔʊntfynftsɪkstns	aɪnʊntfʏnftsɪkstns	aɪnʊntfynftsɪcstəns	aenʊntfʏnftsɪgstɛns	compound	einundfünfzig|sten|s	0.05555555555555555	0.10526315789473684	0.21052631578947367	aɪ̯nʊntfynft͡sɪçstn̩s	aenʊntfʏnftsɪgstɛns	0.19047619047619047	0.21052631578947367
einundneunzigste	aɪnʊntnɔɪntsɪcstə	aɪnʊndnɔøntsɪcstə	aɪnʊndnɔøntsɪcstə	aenʊndnɔɔʏntsɪgstə	compound	einundneunzig|ste	0.11764705882352941	0.11764705882352941	0.2777777777777778	aɪnʊndnɔøntsɪçstə	aenʊndnɔøntsɪgstə	0.17647058823529413	0.23529411764705882
einundsechzigfach	aɪnʊntzɛctsɪcfax	aɪnʊntzɛctsɪkfax	aɪnʊndzɛctsɪcfax	aenʊntzɛctsɪkfax	compound	einundsechzig|fach	0.0625	0.0625	0.125	aɪnʊndzɛçtsɪçfax	aenʊntzɛçtsɪkfax	0.1875	0.1875
einundsechzigjährig	aɪnʊntzɛctsɪcjɛːʁɪc	aɪnʊntzɛctsɪkjɛrɪc	aɪnʊndzɛctsɪɡjɛrɪc	aenʊntzɛctsɪkjɛʁɪc	compound	einundsechzig|jährig	0.1111111111111111	0.16666666666666666	0.1111111111111111	aɪnʊndzɛçtsɪgjɛrɪç	aenʊntzɛçtsɪkjɛɾɪç	0.2777777777777778	0.2777777777777778
einundsechzigmal	aɪnʊntzɛctsɪcmaːl	aɪnʊntzɛctsɪkmal	aɪnʊndzɛctsɪɡmɑl	aenʊntzɛctsɪkmal	compound	einundsechzig|mal	0.0625	0.1875	0.125	aɪ̯nʊntzɛçt͡sɪçmal	aenʊntzɛçtsɪkmal	0.2222222222222222	0.1875
einundsechzigste	aɪnʊntzɛctsɪcstə	aɪnʊntzɛctsɪkstə	aɪnʊndzɛctsɪcstə	aenʊntzɛctsɪgstə	compound	einundsechzig|ste	0.0625	0.0625	0.125	aɪ̯nʊntzɛçt͡sɪkstə	aenʊntzɛçtsɪgstə	0.2222222222222222	0.1875
einundsiebzigste	aɪnʊntziːptsɪcstə	aɪnʊntziptsɪkstə	aɪnʊndziptsɪcstə	aenʊntziptsɪgstə	compound	einundsiebzig|ste	0.0625	0.0625	0.125	aɪ̯nʊntzipt͡sɪkstə	aenʊntziptsɪgstə	0.16666666666666666	0.125
einundvierzigfach	aɪnʊntfɪɐtsɪcfax	aɪnʊntfɪʁtsɪkfax	aɪnʊndviɾtsɪcfax	aenʊntviʁtsɪkfax	compound	einundvierzig|fach	0.125	0.25	0.3125	aɪnʊntfiɾtsɪçfax	aenʊntviɾtsɪkfax	0.1875	0.3125
einundvierzigjährig	aɪnʊntfɪɐtsɪcjɛːʁɪc	aɪnʊntfɪʁtsɪkjɛrɪc	aɪnʊndviɾtsɪɡjɛrɪc	aenʊntviʁtsɪkjɛʁɪc	compound	einundvierzig|jährig	0.16666666666666666	0.3333333333333333	0.2777777777777778	aɪnʊntviɾtsɪgjɛrɪç	aenʊntviɾtsɪkjɛɾɪç	0.3333333333333333	0.3888888888888889
einundvierzigmal	aɪnʊntfɪɐtsɪcmaːl	aɪnʊntfɪʁtsɪkmal	aɪnʊndviɾtsɪɡmɑl	aenʊntviʁtsɪkmal	compound	einundvierzig|mal	0.125	0.375	0.3125	aɪ̯nʊntfɪʁt͡sɪkmal	aenʊntviɾtsɪkmal	0.2222222222222222	0.3125
einundvierzigminütig	aɪnʊntfɪɐtsɪcminyːtɪc	aɪnʊntfɪʁtsɪkminytɪc	aɪnʊndviɾtsɪɡminytɪc	aenʊntviʁtsɪkmɪnytɪc	compound	einundvierzig|minütig	0.1	0.25	0.3	aɪ̯nʊntfɪʁt͡sɪkminytɪk	aenʊntviɾtsɪkminytɪç	0.22727272727272727	0.3
einundvierzigminütiger	aɪnʊntfɪɐtsɪcminyːtɪɡɐ	aɪnʊntfɪʁtsɪkminytɪgɜ	aɪnʊndviɾtsɪɡminytɪɡɜ	aenʊntviʁtsɪkmɪnytɪgɐ	compound	einundvierzig|minütiger	0.19047619047619047	0.2857142857142857	0.3333333333333333	aɪ̯nʊntfɪʁt͡sɪkminytɪɡɐ	aenʊntviɾtsɪkminytɪgɐ̯	0.17391304347826086	0.3181818181818182
einundvierzigstens	aɪnʔʊntfɪʁtsɪkstns	aɪnʊntfɪʁtsɪkstns	aɪnʊndviɾtsɪcstəns	aenʊntviʁtsɪgstɛns	compound	einundvierzigsten|s	0.0	0.3333333333333333	0.2777777777777778	aɪ̯nʊntfɪʁt͡sɪkstn̩s	aenʊntviɾtsɪgstɛns	0.15	0.3333333333333333
einundzwanzigeckiger	aɪnʊnttsvantsɪcɛkɪcɡɐ	aɪnʊnttsvantsɪcɛkɪceɐ	aɪnʊnttsvantsɪɡɛkɪɡɜ	aenʊnttsvantsɪgɛkɪgɐ	compound	einundzwanzigeckig|er	0.047619047619047616	0.15	0.2	aɪnʊnttsvantsɪçɛkɪgɜ	aenʊnttsvantsigɛkɪgɐ̯	0.2	0.2857142857142857
einundzwanzigfach	aɪnʊnttsvantsɪcfax	aɪnʊnttsvantsɪcfax	aɪnʊnttsvantsɪcfax	aenʊnttsvantsɪkfax	compound	einundzwanzig|fach	0.0	0.0	0.1111111111111111	aɪnʊnttsvantsɪçfax	aenʊnttsvantsɪkfax	0.05555555555555555	0.1111111111111111
einundzwanzigjährig	aɪnʊntsvantsɪcjɛːʁɪc	aɪnʊnttsvantsɪcjɛrɪc	aɪnʊnttsvantsɪɡjɛrɪc	aenʊnttsvantsɪkjɛʁɪc	compound	einundzwanzig|jährig	0.1	0.15	0.15	aɪnʊnttsvantsɪçjɛrɪç	aenʊnttsvantsɪkjɛɾɪç	0.2	0.25
einundzwanzigköpfig	aɪnʊnttsvantsɪckœpfɪc	aɪnʊnttsvantsɪckœpfɪɡ	aɪnʊnttsvantsɪckœpfɪc	aenʊnttsvantsɪkkœpfɪc	compound	einundzwanzig|köpfig	0.047619047619047616	0.0	0.09523809523809523	aɪnʊnttsvantsɪçkœpfɪç	aenʊnttsvantsɪkkœpfɪç	0.09523809523809523	0.14285714285714285
einundzwanzigköpfiger	aɪnʊntsvantsɪckœpfɪɡɐ	aɪnʊnttsvantsɪckœpfɪɡeɐ	aɪnʊnttsvantsɪckœpfɪɡɜ	aenʊnttsvantsɪkkœpfɪgɐ	compound	einundzwanzig|köpfig|er	0.08695652173913043	0.09090909090909091	0.18181818181818182	aɪnʊnttsvantsɪçkœpfɪgɜ	aenʊnttsvantsɪkkœpfɪgɐ̯	0.18181818181818182	0.21739130434782608
einundzwanzigmal	aɪnʊnttsvantsɪcmaːl	aɪnʊnttsvantsɪcmal	aɪnʊnttsvantsɪɡmɑl	aenʊnttsvantsɪkmal	compound	einundzwanzig|mal	0.0	0.1111111111111111	0.1111111111111111	aɪnʊnttsvantsɪçmɑl	aenʊnttsvantsɪkmal	0.1111111111111111	0.1111111111111111
einundzwanzigminütig	aɪnʊntsvantsɪcminyːtɪc	aɪnʊnttsvantsɪcminytɪc	aɪnʊnttsvantsɪɡminytɪc	aenʊnttsvantsɪkmɪnytɪc	compound	einundzwanzig|minütig	0.045454545454545456	0.09090909090909091	0.18181818181818182	aɪnʊnttsvantsɪçminytɪç	aenʊnttsvantsɪkminytɪç	0.13636363636363635	0.18181818181818182
einundzwanzigminütiger	aɪnʊntsvantsɪcminyːtɪɡɐ	aɪnʊnttsvantsɪcminytɪgɜ	aɪnʊnttsvantsɪɡminytɪɡɜ	aenʊnttsvantsɪkmɪnytɪgɐ	compound	einundzwanzig|minütiger	0.13043478260869565	0.13043478260869565	0.21739130434782608	aɪnʊnttsvantsɪçminytɪgɜ	aenʊnttsvantsɪkminytɪgɐ̯	0.17391304347826086	0.20833333333333334
einundzwanzigstens	aɪnʔʊnttsvantsɪcstns	aɪnʊnttsvantsɪkstns	aɪnʊnttsvantsɪcstəns	aenʊnttsvantsɪgstɛns	compound	einundzwanzigsten|s	0.05263157894736842	0.05	0.15	aɪ̯nʊntt͡svant͡sɪkstn̩s	aenʊnttsvantsɪgstɛns	0.21739130434782608	0.15
einundzwanzigstündig	aɪnʊʊntsvantsɪcʃtʏndɪc	aɪnʊnttsvantsɪcʃtʏndɪc	aɪnʊnttsvantsɪcʃtyndɪc	aenʊnttsvantsɪgstʏndɪc	compound	einundzwanzig|stündig	0.09090909090909091	0.13636363636363635	0.22727272727272727	aɪnʊnttsvantsɪçʃtʏndɪç	aenʊnttsvantsɪgstʏndɪç	0.18181818181818182	0.2727272727272727
einundzwanzigstündiger	aɪnʊntsvantsɪcʃtʏndɪɡɐ	aɪnʊnttsvantsɪcʃtʏndɪceɐ	aɪnʊnttsvantsɪcʃtyndɪɡɜ	aenʊnttsvantsɪgstʏndɪgɐ	compound	einundzwanzig|stündig|er	0.125	0.13043478260869565	0.21739130434782608	aɪnʊnttsvantsɪçʃtʏndɪgɜ	aenʊnttsvantsɪgstʏndɪgɐ̯	0.17391304347826086	0.25
einundzwanzigtägig	aɪnʊnttsvantsɪctɛːɡɪc	aɪnʊnttsvantsɪctɛɡɪk	aɪnʊnttsvantsɪctɛɡɪc	aenʊnttsvantsɪktɛgɪc	compound	einundzwanzig|t|ä|gig	0.05	0.0	0.15	aɪnʊnttsvantsɪçtɛgɪç	aenʊnttsvantsɪktɛgɪç	0.15	0.2
einundzwanzigwöchig	aɪnʊnttsvantsɪcvœcɪc	aɪnʊnttsvantsɪcvœcɪc	aɪnʊnttsvantsɪɡvœcɪc	aenʊnttsvantsɪkvœcɪc	compound	einundzwanzig|wöchig	0.0	0.05	0.1	aɪnʊnttsvantsɪçvœçɪç	aenʊnttsvantsɪkvœçɪç	0.15	0.2
einverständlich	aɪnfɛʁʃtɛntlɪc	aɪnfɛɐʃtɛntlɪc	aɪnfɛɾʃtɛntlɪc	aenvɛʁstɛntlɪc	compound	ein|verständlich	0.07142857142857142	0.07142857142857142	0.21428571428571427	aɪnfɛɾʃtɛntlɪç	aenfɛɐ̯ʃtɛntlɪç	0.14285714285714285	0.26666666666666666
einzwicken	aɪntsvɪkŋ	aɪntsvɪkn	aɪntsvɪkən	aentsvɪkən	compound	ein|zwicken	0.1111111111111111	0.2	0.3	aɪ̯nt͡svɪkn̩	aentsvɪkən	0.3333333333333333	0.3
elfseitig	ɛlfzaɪtɪc	ɛlfzaɪtɪc	ɛlfzaɪtɪc	ɛlfzaetɪc	compound	elf|seitig	0.0	0.0	0.1111111111111111	ɛlfzaɪtɪç	ɛlfzəitɪç	0.1111111111111111	0.3333333333333333
elfzehn	ɛlftseːn	ɛlftsen	ɛlftsen	ɛlftsen	compound	elf|zehn	0.0	0.0	0.0	ɛlft͡sen	ɛlftsen	0.125	0.0
emanatistisch	emanatɪstɪʃ	ɛmanatɪstɪʃ	emanatɪstɪʃ	emanatɪstɪʃ	compound	em|ana|t|ist|isch	0.09090909090909091	0.0	0.0	emanɑtɪstɪʃ	emɑnɑtɪstɪʃ	0.09090909090909091	0.18181818181818182
empfahen	ɛmpfaːən	ɛmpfaən	ɛmpfɑən	ɛmpfaən	compound	em|p|fahen	0.0	0.14285714285714285	0.0	ɛmp͡faən	ɛmpfɑən	0.125	0.14285714285714285
emporhelfen	ɛmpoːɐhɛlfn	ɛmpoɐhɛlfn	ɛmpɔɾhɛlfən	ɛmpɔʁɛlfən	compound	empor|helfen	0.0	0.2727272727272727	0.4	ɛmpoɐ̯hɛlfn̩	ɛmpɔɾɛlfən	0.16666666666666666	0.4
entenartig	ɛntnʔaːɐtɪk	ɛntnaɐtɪk	ɛntənaɾtɪc	ɛntənaʁtɪc	compound	enten|artig	0.0	0.3	0.3	ɛntənaɾtɪç	ɛntenaɾtɪç	0.3	0.3
entflammbar	ʔɛntflambaːɐ	ɛntflambaɐ	ɛntflambɑɾ	ɛntflammbaʁ	compound	entflamm|bar	0.0	0.2	0.18181818181818182	ɛntflambaɐ̯	ɛntflammbaɽ	0.09090909090909091	0.18181818181818182
entreissen	ɛntʁaɪsən	ɛntnʁaɪsən	ɛntɾaɪsən	ɛntʁaeszən	compound	ent|reissen	0.1	0.1111111111111111	0.2	ɛntʁaɪ̯sn̩	ɛntɾaeszən	0.3	0.3
entseelen	ɛntzeːlən	ɛntzelən	ɛntzelən	ɛntsəelən	compound	ent|seelen	0.0	0.0	0.2222222222222222	ɛntzelən	ɛntzelən	0.0	0.0
enzootisch	ɛntsooːtɪʃ	ɛntsootɪʃ	ɛntsotɪʃ	ɛntsootɪʃ	compound	en|zoo|tisch	0.0	0.125	0.0	ɛnt͡sootɪʃ	ɛntsootɪʃ	0.1	0.0
erbkrank	ɛrpkraŋk	ɛʁpkʁaŋk	ɛɾpkɾaŋk	ɛɐbkʁaŋk	compound	erb|krank	0.25	0.25	0.375	ɛʁpkʁaŋk	ɛɐpkɾaŋk	0.25	0.25
ereignisbasiert	ɛɐʔaɪɡnɪsbaziːɐt	ɛɐaɪɡnɪsbaziɐt	ɛɾaɪɡnɪsbaziɾt	ɛɐaegnɪsbaziʁt	compound	ereignis|basiert	0.0	0.14285714285714285	0.21428571428571427	ɛɾaɪgnisbaziɾt	ɛɐaegnɪsbɑziɾt	0.2857142857142857	0.2857142857142857
ereignisgesteuert	ɛɐʔaɪɡnɪsɡəʃtɔɪɐt	ɛɐaɪɡnɪsɡəʃtɔɪɐt	ɛɾaɪɡnɪsɡɛstɔøɜt	ɛɐaegnɪsgəʃtɔɔʏɐt	compound	ereignis|gesteuert	0.0	0.3125	0.29411764705882354	ɛɐ̯aɪ̯ɡnɪsɡəʃtɔɪ̯ɐt	ɛɐaegnɪsgɛstɔøɛɾt	0.15789473684210525	0.47058823529411764
erklärendsten	ɛɐklɛːʁəntstən	ɛɐklɛʁəntstn	ɛɾklɛrəndstən	ɛɐklɛʁɛndstən	compound	erklärend|sten	0.08333333333333333	0.23076923076923078	0.15384615384615385	ɛɾklɛrəndstən	ɛɐklɛɾɛndstən	0.23076923076923078	0.23076923076923078
ernennbar	ɛɐnɛnbaːɐ	ɛɐnɛnbaɐ	ɛɾnɛnbɑɾ	ɛɐnɛnnbaʁ	compound	ernenn|bar	0.0	0.375	0.2222222222222222	ɛɾnɛnbɑɾ	ɛɐnɛnnbaɽ	0.375	0.2222222222222222
erythräisch	eʁytʁɛːɪʃ	eʁytʁɛɪʃ	ɛɾytɾɛɪʃ	ɛɐytʁaɪʃ	compound	erythr|ä|isch	0.0	0.375	0.375	eʁytʁɛɪʃ	ɛɐʏtɾɛiʃ	0.0	0.625
esier	ɛsiːɐ	eziɐ	eziɾ	eziɐ	compound	e|sier	0.5	0.75	0.5	eziɐ̯	əziɐ̯	0.6	0.6
essgestört	ɛsɡəʃtøːɐt	ɛsɡəʃtøɐt	ɛsɡɛʃtœɾt	ɛssgɛstœʁt	compound	ess|gestört	0.0	0.3333333333333333	0.6	ɛsɡəʃtøɐ̯t	ɛssgɛstœɾt	0.1	0.6
essigsauer	ɛsɪkzaʊɐ	ɛsɪksaʊɐ	ɛsɪɡzaʊɜ	ɛszɪkzaoɐ	compound	essigs|auer	0.125	0.25	0.2222222222222222	ɛsɪçzaʊ̯ɐ	ɛszɪkzaoɐ̯	0.2222222222222222	0.3
evolutionistisch	evolutsɪonɪstɪʃ	evolutsionɪstɪʃ	evolutsjonɪstɪʃ	evolutsɪonɪstɪʃ	compound	evolutionist|isch	0.06666666666666667	0.06666666666666667	0.0	evolut͡si̯onɪstɪʃ	evolutsĭonɪstɪʃ	0.17647058823529413	0.06666666666666667
ewigerweise	eːvɪɡɐvaɪzə	evɪɡɐvaɪzə	evɪɡɜvaɪzə	evɪgɛʁvaezə	compound	ewiger|weise	0.0	0.1	0.36363636363636365	evɪgɜvaɪzə	evigɛɾvaezə	0.2	0.45454545454545453
fahrradfreundlich	faːɐʁaːtfʁɔɪntlɪc	faɐʁatfʁɔɪntlɪc	fɑratfrɔøntlɪc	faʁʁatfʁɔɔʏntlɪc	compound	fahrrad|freundlich	0.0	0.35714285714285715	0.1875	faɐ̯ʁatfʁɔɪ̯ntlɪç	fɑɾɾatfɾɔøntlɪç	0.17647058823529413	0.4
feengleich	feːənɡlaɪc	feənɡlaɪc	feŋlaɪc	fəɛŋlaec	compound	feen|gleich	0.0	0.42857142857142855	0.5	feənɡlaɪ̯ç	feŋlaeç	0.2	0.7142857142857143
feilhaben	faɪlhaːbn	faɪlhabn	faɪlhɑbən	faelabən	compound	feil|haben	0.0	0.2222222222222222	0.375	faɪ̯lhabn̩	faelɑbən	0.2	0.5
feinpulvrig	faɪnpʊlfʁɪc	faɪnpʊlfʁɪk	faɪnpʊlvrɪc	faenpʊlfʁɪc	compound	fein|pulvrig	0.09090909090909091	0.18181818181818182	0.09090909090909091	faɪ̯npʊlvʁɪk	faenpʊlfɾɪç	0.25	0.2727272727272727
fetischisieren	fetɪʃɪziːʁən	fetɪʃiziʁən	fetɪʃizirən	fətɪʃiziʁən	compound	fetisch|isieren	0.09090909090909091	0.18181818181818182	0.18181818181818182	fetɪʃiziʁən	fetɪʃiziɾen	0.09090909090909091	0.2727272727272727
fingerfertig	fɪŋɐfɛʁtɪk	fɪŋɐfɛʁtɪk	fɪŋɜfɛɾtɪc	fɪŋɛʁfɛʁtɪc	compound	finger|fertig	0.0	0.3	0.2727272727272727	fɪŋɐfɛʁtɪk	fɪŋɛɾfɛɾtɪç	0.0	0.36363636363636365
fisselig	fɪsəlɪk	fɪszelɪk	fɪselɪc	fɪszelɪc	compound	fis|selig	0.25	0.2857142857142857	0.375	fɪsəlɪk	fɪszelɪç	0.0	0.375
flechtenbewohnend	flɛctənbəvoːnənt	flɛctnbəvonənt	flɛctənbəvonənt	flɛctɛnbevonɛnt	compound	flechten|bewohnend	0.07142857142857142	0.0	0.2	flɛçtn̩bəvonənt	flɛçtɛnbevonɛnt	0.2	0.26666666666666666
fleißen	flaɪsn	flaɪsən	flaɪsən	flaeszən	compound	fleiße|n	0.14285714285714285	0.14285714285714285	0.375	flaɪ̯sn̩	flaesən	0.25	0.2857142857142857
flensburgisch	flɛnsbʊʁɡɪʃ	flɛnsbʊʁkɪʃ	flɛnsb??ɡɪʃ	flɛnsbʊʁgɪʃ	compound	flensburg|isch	0.09090909090909091	0.18181818181818182	0.09090909090909091	flɛnsbʊʁɡɪʃ	flɛnsbʊɾgɪʃ	0.0	0.18181818181818182
flockigsten	flɔkɪcstn	flɔkɪcstn	flɔkɪcstən	flɔkɪgstən	compound	flockig|sten	0.0	0.1	0.2	flɔkɪkstn̩	flɔkɪgstən	0.2	0.2
fluorhaltig	fluːoːɐhaltɪc	fluoɐhaltɪk	fluɔɾhaltɪc	flʊɔʁaltɪc	compound	fluor|haltig	0.09090909090909091	0.18181818181818182	0.4	fluoɐ̯haltɪk	fluɔɾaltɪç	0.16666666666666666	0.4
fluoridhaltig	fluːoːʁiːthaltɪc	fluoɐithaltɪk	fluorɪthaltɪc	flʊoʁitaltɪc	compound	fluor|id|haltig	0.15384615384615385	0.15384615384615385	0.16666666666666666	fluoɐ̯ithaltɪk	fluoɾɪtaltɪç	0.21428571428571427	0.3333333333333333
followen	fɔloʊən	fɔlaʊən	fɔlovən	fɔllovən	compound	f|oll|owen	0.14285714285714285	0.14285714285714285	0.25	fɔloʊən	fɔllovən	0.0	0.25
frankofon	fʁaŋkofoːn	fʁaŋkofon	frankofon	fʁaŋkofon	compound	franko|fon	0.0	0.2222222222222222	0.0	fraŋkɔfon	fɾaŋkofon	0.2222222222222222	0.1111111111111111
froschen	fʁɔʃn	fʁɔʃən	frɔʃən	fʁɔʃən	compound	frosche|n	0.16666666666666666	0.3333333333333333	0.16666666666666666	frɔʃən	fɾɔʃən	0.3333333333333333	0.3333333333333333
fudeln	fuːdln	fudəln	fudəln	fudɛln	compound	f|ude|l|n	0.16666666666666666	0.16666666666666666	0.16666666666666666	fudl̩n	fudɛln	0.16666666666666666	0.16666666666666666
fuffzehn	fʊftseːn	fʊftsen	fʊftsen	fʊfftsen	compound	f|uff|zehn	0.0	0.0	0.125	fʊft͡sen	fʊfftsen	0.125	0.125
fünfhundertfünfundfünfzig	fʏnfhʊndɐtfʏnfʊntfʏnftsɪk	fʏnfhʊndɐtfʏnfʊntfʏnftsɪk	fynfhʊndɜtfynfʊntfynftsɪc	fʏnfʊndɛʁtfʏnfʊntfʏnftsɪc	compound	fünfhundert|fünfundfünfzig	0.0	0.2	0.16	fʏnfhʊndɐtfʏnfʊntfʏnft͡sɪk	fʏnfʊndɛɾtfʏnfʊntfʏnftsɪç	0.038461538461538464	0.16
fünfhundertjährig	fʏnfhʊndɐtjɛːʁɪc	fʏnfhʊndɐtjɛrɪc	fynfhʊndɜtjɛrɪc	fʏnfʊndɛʁtjɛʁɪc	compound	fünfhundert|jährig	0.06666666666666667	0.2	0.2	fʏnfhʊndɐtjɛʁɪk	fʏnfʊndɛɾtjɛɾɪç	0.06666666666666667	0.3333333333333333
fünfhundertmal	fʏnfhʊndɐtmaːl	fʏnfhʊndɐtmal	fynfhʊndɜtmɑl	fʏnfʊndɛʁtmal	compound	fünfhundert|mal	0.0	0.23076923076923078	0.23076923076923078	fʏnfhʊndɐtmal	fʏnfʊndɛɾtmal	0.0	0.23076923076923078
fünfhunderttausend	fʏnfhʊndɐttaʊznt	fʏnfhʊndɐttaʊznt	fynfhʊndɜtaʊzənt	fʏnfʊndɛʁttaozɛnt	compound	fünfhundert|tausend	0.0	0.25	0.29411764705882354	fʏnfhʊndɐttaʊ̯zn̩t	fʏnfʊndɛɾttaozɛnt	0.1111111111111111	0.29411764705882354
fünfseitig	fynfzaɪtɪc	fʏnfzaɪtɪc	fynfzaɪtɪc	fʏnfzəitɪc	compound	fünf|seitig	0.1	0.0	0.3	fʏnfzaɪ̯tɪk	fʏnfzəitɪç	0.2727272727272727	0.4
fünfsprachig	fʏnfʃpʁaːχɪk	fʏnfʃpʁaxik	fynfʃpɾɑxɪc	fʏnfspʁaxɪc	compound	fünf|sprach|ig	0.18181818181818182	0.45454545454545453	0.2727272727272727	fʏnfʃpʁaxɪk	fʏnfspɾaxɪç	0.09090909090909091	0.36363636363636365
fünftausendfach	fʏnftaʊzntfaχ	fʏnftaʊzntfax	fynftaʊzɛntfax	fʏnftaozɛntfax	compound	fünftausend|fach	0.07692307692307693	0.21428571428571427	0.21428571428571427	fʏnftaʊ̯zn̩tfax	fʏnftaozɛntfax	0.2	0.21428571428571427
fünftausendste	fʏnftaʊzntstə	fʏnftaʊzntstə	fynftaʊzəndstə	fʏnftaozɛndstə	compound	fünftausend|ste	0.0	0.21428571428571427	0.21428571428571427	fʏnftaʊ̯zn̩t͡stə	fʏnftaozɛndstə	0.1875	0.21428571428571427
fünfundachtzigste	fʏnfʊntaxtsɪcstə	fʏnfʊntaxtsɪkstə	fynfʊndaxtsɪcstə	fʏnfʊndaxtsɪgstə	compound	fünfundachtzig|ste	0.0625	0.125	0.125	fʏnfʊntaxt͡sɪkstə	fʏnfʊndaxtsɪgstə	0.11764705882352941	0.125
fünfunddreissigmal	fʏnfʊntdʁaɪsɪcmaːl	fʏnfʊntdʁaɪsɪɡmal	fynfʊndɾaɪsɪɡmɑl	fʏnfʊndʁaeszɪkmal	compound	fünf|unddreissi|g|mal	0.058823529411764705	0.3125	0.23529411764705882	fʏnfʊntdʁaɪ̯sɪɡmal	fʏnfʊnddɾaeszɪkmal	0.1111111111111111	0.2777777777777778
fünfunddreissigstens	fʏnfʊntdʁaɪsɪcstns	fʏnfaɪʊntdʁaɪsɪcstns	fynfʊndɾaɪsɪcstəns	fʏnfʊndʁaeszɪgstɛns	compound	fünf|unddreissigstens	0.1	0.2222222222222222	0.2631578947368421	fʏnfʊntdʁaɪ̯sɪkstn̩s	fʏnfʊnddɾaeszɪgstɛns	0.15	0.3
fünfunddreißigfach	fʏnfʊntdʁaɪsɪcfax	fʏnfʊntdʁaɪsɪkfax	fynfʊndɾaɪsɪcfax	fʏnfʊndʁaeszɪkfax	compound	fünfunddreißig|fach	0.058823529411764705	0.1875	0.23529411764705882	fʏnfʊndɾaɪsɪçfax	fʏnfʊnddɾaeɪkfax	0.1875	0.3125
fünfunddreißigfacher	fʏnfʊntdʁaɪsɪcfaxɐ	fʏnfʊntdʁaɪsɪkfaxɜ	fynfʊndɾaɪsɪcfaxɜ	fʏnfʊndʁaeszɪkfaxɐ	compound	fünfunddreißig|facher	0.1111111111111111	0.23529411764705882	0.2222222222222222	fʏnfʊndɾaɪsɪçfaxɜ	fʏnfʊnddɾaeɪkfaxɐ̯	0.23529411764705882	0.3333333333333333
fünfunddreißigjährig	fʏnfʊntdʁaɪsɪcjɛːʁɪc	fʏnfʊntdʁaɪsɪkjɛrɪc	fynfʊndɾaɪsɪɡjɛrɪc	fʏnfʊndʁaeszɪkjɛʁɪc	compound	fünfunddreißig|jährig	0.10526315789473684	0.2777777777777778	0.21052631578947367	fʏnfʊntdʁaɪ̯sɪkjɛʁɪk	fʏnfʊnddɾaeʃɪkjɛɾɪç	0.15	0.3684210526315789
fünfunddreißigmal	fʏnfʊntdʁaɪsɪcmaːl	fʏnfʊntdʁaɪsɪkmal	fynfʊndɾaɪsɪɡmɑl	fʏnfʊndʁaeszɪkmal	compound	fünfunddreißig|mal	0.058823529411764705	0.3125	0.23529411764705882	fʏnfʊntdʁaɪ̯sɪçmal	fʏnfʊnddɾaeʃɪkmal	0.1111111111111111	0.29411764705882354
fünfunddreißigminütig	fʏnfʊntdʁaɪsɪcminyːtɪc	fʏnfʊntdʁaɪsɪkminytɪc	fynfʊndɾaɪsɪɡminytɪc	fʏnfʊndʁaeszɪkmɪnytɪc	compound	fünfunddreißig|minütig	0.047619047619047616	0.2	0.23809523809523808	fʏnfʊntdʁaɪ̯sɪkminytɪk	fʏnfʊnddɾaeʃɪkminytɪç	0.13636363636363635	0.2857142857142857
fünfunddreißigminütiger	fʏnfʊʊntdʁaɪsɪcminyːtɪcɡɐ	fʏnfʊntdʁaɪsɪkminytɪgɜ	fynfʊndɾaɪsɪɡminytɪɡɜ	fʏnfʊndʁaeszɪkmɪnytɪgɐ	compound	fünfunddreißig|minütiger	0.22727272727272727	0.3333333333333333	0.36363636363636365	fʏnfʊntdʁaɪ̯sɪkminytɪɡɐ	fʏnfʊnddɾaejɪkminytɪgɐ̯	0.17391304347826086	0.391304347826087
fünfunddreißigstens	fʏnfʊntdʁaɪsɪcstns	fʏnfʊntdʁaɪsɪkstns	fynfʊndɾaɪsɪcstəns	fʏnfʊndʁaeszɪgstɛns	compound	fünfunddreißigsten|s	0.05555555555555555	0.2222222222222222	0.2631578947368421	fʏnfʊntdʁaɪ̯sɪkstn̩s	fʏnfʊnddɾaeʃɪgstɛns	0.15	0.3157894736842105
fünfunddreißigstündig	fʏnfʊntdʁaɪsɪcʃtʏndɪc	fʏnfʊntdʁaɪsɪkʃtʏndɪc	fynfʊndɾaɪsɪcʃtyndɪc	fʏnfʊndʁaeszɪgstʏndɪc	compound	fünfunddreißig|stündig	0.047619047619047616	0.2	0.23809523809523808	fʏnfʊntdʁaɪ̯sɪkʃtʏndɪk	fʏnfʊnddɾaeʃɪgstʏndɪç	0.13636363636363635	0.3333333333333333
fünfunddreißigstündiger	fʏnfʊntsvantsɪcʃtʏndɪɡɐ	fʏnfʊntdʁaɪsɪkʃtʏndɪceɐ	fynfʊndɾaɪsɪcʃtyndɪɡɜ	fʏnfʊndʁaeszɪgstʏndɪgɐ	compound	fünfunddreißig|stündig|er	0.30434782608695654	0.38095238095238093	0.4090909090909091	fʏnfʊntdʁaɪ̯sɪkʃtʏndɪɡɐ	fʏnfʊnddɾaeʃɪgstʏndɪgɐ̯	0.21739130434782608	0.43478260869565216
fünfundfünfzigfach	fʏnfʊntfʏnftsɪcfax	fʏnfʊntfʏnftsɪkfax	fynfʊntfynftsɪcfax	fʏnfʊntfʏnftsɪkfax	compound	fünfundfünfzig|fach	0.05555555555555555	0.1111111111111111	0.05555555555555555	fʏnfʊntfʏnft͡sɪkfax	fʏnfʊntfʏnftsɪkfax	0.10526315789473684	0.05555555555555555
fünfundfünfzigjährig	fʏnfʊntfʏnftsɪcjɛːʁɪc	fʏnfʊntfʏnftsɪkjɛrɪc	fynfʊntfynftsɪɡjɛrɪc	fʏnfʊntfʏnftsɪkjɛʁɪc	compound	fünfundfünfzig|jährig	0.1	0.2	0.05	fʏnfʊntfʏnft͡sɪkjɛʁɪk	fʏnfʊntfʏnftsɪkjɛɾɪç	0.14285714285714285	0.15
fünfundfünfzigmal	fʏnfʊntfʏnftsɪcmaːl	fʏnfʊntfʏnftsɪkmal	fynfʊntfynftsɪɡmɑl	fʏnfʊntfʏnftsɪkmal	compound	fünfundfünfzig|mal	0.05555555555555555	0.2222222222222222	0.05555555555555555	fʏnfʊntfʏnft͡sɪkmal	fʏnfʊntfʏnftsɪkmal	0.10526315789473684	0.05555555555555555
fünfundfünfzigminütig	fʏnfʊntfʏnftsɪcminyːtɪc	fʏnfʊntfʏnftsɪkminytɪc	fynfʊntfynftsɪɡminytɪc	fʏnfʊntfʏnftsɪkmɪnytɪc	compound	fünfundfünfzig|minütig	0.045454545454545456	0.13636363636363635	0.09090909090909091	fʏnfʊntfʏnft͡sɪkminytɪk	fʏnfʊntfʏnftsɪkminytɪç	0.13043478260869565	0.09090909090909091
fünfundfünfzigminütiger	fʏnfʊntfʏnftsɪcminyːtɪɡɐ	fʏnfʊntfʏnftsɪkminytɪgɜ	fynfʊntfynftsɪɡminytɪɡɜ	fʏnfʊntfʏnftsɪkmɪnytɪgɐ	compound	fünfundfünfzig|minütiger	0.13043478260869565	0.17391304347826086	0.13043478260869565	fʏnfʊntfʏnft͡sɪkminytɪɡɐ	fʏnfʊntfʏnftsɪkminytɪgɐ̯	0.08333333333333333	0.125
fünfundfünfzigste	fʏnfʊntfʏnftsɪcstə	fʏnfʊntfʏnftsɪkstə	fynfʊntfynftsɪcstə	fʏnfʊntfʏnftsɪgstə	compound	fünfundfünfzig|ste	0.05555555555555555	0.1111111111111111	0.05555555555555555	fʏnfʊntfʏnft͡sɪkstə	fʏnfʊntfʏnftsɪgstə	0.10526315789473684	0.05555555555555555
fünfundneunzigste	fʏnfʊntnɔɪntsɪcstə	fʏnfʊndnɔøntsɪcstə	fynfʊndnɔøntsɪcstə	fʏnfʊndnɔɔʏntsɪgstə	compound	fünfundneunzig|ste	0.1111111111111111	0.16666666666666666	0.21052631578947367	fʏnfʊndnɔøntsɪçstə	fʏnfʊndnɔøntsɪgstə	0.16666666666666666	0.16666666666666666
fünfundsechzigste	fʏnfʊntzɛctsɪcstə	fʏnfʊntzɛctsɪkstə	fynfʊndzɛctsɪcstə	fʏnfʊntzɛctsɪgstə	compound	fünfundsechzig|ste	0.058823529411764705	0.11764705882352941	0.058823529411764705	fʏnfʊntzɛçt͡sɪkstə	fʏnfʊntzɛçtsɪgstə	0.16666666666666666	0.11764705882352941
fünfundsiebzigste	fʏnfʊntziːptsɪcstə	fʏnfʊntziptsɪkstə	fynfʊndziptsɪcstə	fʏnfʊntziptsɪgstə	compound	fünfundsiebzig|ste	0.058823529411764705	0.11764705882352941	0.058823529411764705	fʏnfʊntzipt͡sɪkstə	fʏnfʊntziptsɪgstə	0.1111111111111111	0.058823529411764705
fünfundvierzigfach	fʏnfʊntfɪɐtsɪcfax	fʏnfʊntfɪʁtsɪkfax	fynfʊndviɾtsɪcfax	fʏnfʊntviʁtsɪkfax	compound	fünfundvierzig|fach	0.11764705882352941	0.29411764705882354	0.23529411764705882	fʏnfʊntfiʁt͡sɪkfax	fʏnfʊntviɾtsɪkfax	0.2222222222222222	0.23529411764705882
fünfundvierzigjährig	fʏnfʊntfɪɐtsɪcjɛːʁɪc	fʏnfʊntfɪʁtsɪkjɛrɪc	fynfʊndviɾtsɪɡjɛrɪc	fʏnfʊntviʁtsɪkjɛʁɪc	compound	fünfundvierzig|jährig	0.15789473684210525	0.3684210526315789	0.21052631578947367	fʏnfʊntfiʁt͡sɪkjɛʁɪk	fʏnfʊntviɾtsɪkjɛɾɪç	0.25	0.3157894736842105
fünfundvierzigmal	fʏnfʊntfɪɐtsɪcmaːl	fʏnfʊntfɪʁtsɪkmal	fynfʊndviɾtsɪɡmɑl	fʏnfʊntviʁtsɪkmal	compound	fünfundvierzig|mal	0.11764705882352941	0.4117647058823529	0.23529411764705882	fʏnfʊntfɪʁt͡sɪkmal	fʏnfʊntviɾtsɪkmal	0.16666666666666666	0.23529411764705882
fünfundvierzigste	fʏnfʊntfɪʁtsɪcstə	fʏnfʊntfɪʁtsɪkstə	fynfʊndviɾtsɪcstə	fʏnfʊntviʁtsɪgstə	compound	fünfundvierzig|ste	0.058823529411764705	0.29411764705882354	0.17647058823529413	fʏnfʊntfɪʁt͡sɪkstə	fʏnfʊntviɾtsɪgstə	0.1111111111111111	0.23529411764705882
fünfundvierzigstens	fʏnfʊntfɪʁtsɪkstns	fʏnfʊntfɪʁtsɪkstns	fynfʊndviɾtsɪcstəns	fʏnfʊntviʁtsɪgstɛns	compound	fünfundvierzig|sten|s	0.0	0.3684210526315789	0.21052631578947367	fʏnfʊntfɪʁt͡sɪkstn̩s	fʏnfʊntviɾtsɪgstɛns	0.1	0.2631578947368421
fünfundvierzigster	fʏnfʊntfɪʁtsɪcstɐ	fʏnfʊntfɪʁtsɪkʃteɐ	fynfʊndviɾtsɪcstɜ	fʏnfʊntviʁtsɪgstɐ	compound	fünfundvierzig|ster	0.16666666666666666	0.35294117647058826	0.17647058823529413	fʏnfʊntfɪʁt͡sɪkstɐ	fʏnfʊntviɾtsɪgstɐ̯	0.1111111111111111	0.2777777777777778
fünfundvierzigstündig	fʏnfʊntfɪʁtsɪcʃtʏndɪc	fʏnfʊntfɪʁtsɪkʃtʏndɪc	fynfʊndviɾtsɪcʃtyndɪc	fʏnfʊntviʁtsɪgstʏndɪc	compound	fünfundvierzig|stündig	0.047619047619047616	0.2857142857142857	0.19047619047619047	fʏnfʊntfiʁt͡sɪkʃtʏndɪk	fʏnfʊntviɾtsɪgstʏndɪç	0.18181818181818182	0.2857142857142857
fünfundvierzigstündiger	fʏnfʊntfɪɐtsɪcʃtʏndɪɡɐ	fʏnfʊntfɪʁtsɪkʃtʏndɪceɐ	fynfʊndviɾtsɪcʃtyndɪɡɜ	fʏnfʊntviʁtsɪgstʏndɪgɐ	compound	fünfundvierzig|stündig|er	0.17391304347826086	0.3181818181818182	0.2727272727272727	fʏnfʊntfɪʁt͡sɪkʃtʏndɪɡɐ	fʏnfʊntviɾtsɪgstʏndɪgɐ̯	0.13043478260869565	0.30434782608695654
fünfundvierzigtägig	fʏnfʊntfɪɐtsɪktɛːɡɪk	fʏnfʊntfɪʁtsɪktɛɡɪk	fynfʊndviɾtsɪctɛɡɪc	fʏnfʊntviʁtsɪktɛgɪc	compound	fünfundvierzig|t|ä|gig	0.05263157894736842	0.3684210526315789	0.2631578947368421	fʏnfʊntfɪʁt͡sɪktɛɡɪk	fʏnfʊntviɾtsɪktɛgɪç	0.1	0.2631578947368421
fünfundzwanzigfach	fʏnfʊnttsvantsɪcfax	fʏnfʊnttsvantsɪcfax	fynfʊnttsvantsɪcfax	fʏnfʊnttsvantsɪkfax	compound	fünfundzwanzig|fach	0.0	0.05263157894736842	0.05263157894736842	fʏnfʊnttsvantsɪçfax	fʏnfʊnttsvantsɪkfax	0.05263157894736842	0.05263157894736842
fünfundzwanzigjährig	fʏnfʊntsvantsɪcjɛːʁɪc	fʏnfʊnttsvantsɪcjɛrɪc	fynfʊnttsvantsɪɡjɛrɪc	fʏnfʊnttsvantsɪkjɛʁɪc	compound	fünfundzwanzig|jährig	0.09523809523809523	0.19047619047619047	0.09523809523809523	fʏnfʊnttsvantsɪçjɛrɪç	fʏnfʊnttsvantsɪkjɛɾɪç	0.19047619047619047	0.19047619047619047
fünfundzwanzigköpfig	fʏnfʊntsvantsɪckœpfɪc	fʏnfʊnttsvantsɪckœpfɪɡ	fynfʊnttsvantsɪckœpfɪc	fʏnfʊnttsvantsɪkkœpfɪc	compound	fünfundzwanzig|köpfig	0.09090909090909091	0.09090909090909091	0.09090909090909091	fʏnfʊnttsvantsɪçkœpfɪç	fʏnfʊnttsvantsɪkkœpfɪç	0.13636363636363635	0.13636363636363635
fünfundzwanzigköpfiger	fʏnfʊntsvantsɪckœpfɪɡɐ	fʏnfʊnttsvantsɪckœpfɪɡeɐ	fynfʊnttsvantsɪckœpfɪɡɜ	fʏnfʊnttsvantsɪkkœpfɪgɐ	compound	fünfundzwanzig|köpfig|er	0.08333333333333333	0.13043478260869565	0.13043478260869565	fʏnfʊnttsvantsɪçkœpfɪgɜ	fʏnfʊnttsvantsɪkkœpfɪgɐ̯	0.17391304347826086	0.16666666666666666
fünfundzwanzigmal	fʏnfʔʊnttsvantsɪcmaːl	fʏnfʊnttsvantsɪcmal	fynfʊnttsvantsɪɡmɑl	fʏnfʊnttsvantsɪkmal	compound	fünfundzwanzig|mal	0.0	0.15789473684210525	0.05263157894736842	fʏnfʊnttsvantsɪçmɑl	fʏnfʊnttsvantsɪkmal	0.10526315789473684	0.05263157894736842
fünfundzwanzigstens	fʏnfʊnttsvantsɪcstns	fʏnfʊnttsvantsɪkstns	fynfʊnttsvantsɪcstəns	fʏnfʊnttsvantsɪgstɛns	compound	fünfundzwanzigsten|s	0.05	0.09523809523809523	0.09523809523809523	fʏnfʊntt͡svant͡sɪkstn̩s	fʏnfʊnttsvantsɪgstɛns	0.17391304347826086	0.09523809523809523
fünfundzwanzigstündig	fʏnfʊntsvantsɪcʃtʏndɪc	fʏnfʊnttsvantsɪcʃtʏndɪc	fynfʊnttsvantsɪcʃtyndɪc	fʏnfʊnttsvantsɪgstʏndɪc	compound	fünfundzwanzig|stündig	0.043478260869565216	0.13043478260869565	0.13043478260869565	fʏnfʊnttsvantsɪçʃtʏndɪç	fʏnfʊnttsvantsɪgstʏndɪç	0.13043478260869565	0.17391304347826086
fünfundzwanzigstündiger	fʏnfʊntsvantsɪcʃtʏndɪɡɐ	fʏnfʊnttsvantsɪcʃtʏndɪceɐ	fynfʊnttsvantsɪcʃtyndɪɡɜ	fʏnfʊnttsvantsɪgstʏndɪgɐ	compound	fünfundzwanzig|stündig|er	0.12	0.16666666666666666	0.16666666666666666	fʏnfʊnttsvantsɪçʃtʏndɪgɜ	fʏnfʊnttsvantsɪgstʏndɪgɐ̯	0.16666666666666666	0.2
fünfundzwanzigwöchig	fʏnfʊntsvantsɪcvœcɪc	fʏnfʊnttsvantsɪcvœcɪc	fynfʊnttsvantsɪɡvœcɪc	fʏnfʊnttsvantsɪkvœcɪc	compound	fünfundzwanzig|wöchig	0.047619047619047616	0.14285714285714285	0.09523809523809523	fʏnfʊnttsvantsɪçvœçɪç	fʏnfʊnttsvantsɪkvœçɪç	0.19047619047619047	0.19047619047619047
fünfundzwanzigwöchiger	fʏnfʊntsvantsɪcvœcɪɡɐ	fʏnfʊnttsvantsɪcvœcɪceɐ	fynfʊnttsvantsɪɡvœcɪɡɜ	fʏnfʊnttsvantsɪkvœcɪgɐ	compound	fünfundzwanzig|wöchig|er	0.13043478260869565	0.18181818181818182	0.13636363636363635	fʏnfʊnttsvantsɪçvœçɪgɜ	fʏnfʊnttsvantsɪkvœçɪgɐ̯	0.22727272727272727	0.21739130434782608
fünfzehnköpfiger	fʏnftseːnkœpfɪɡɐ	fʏnftsenkœpfɪceɐ	fynftsenkœpfɪɡɜ	fʏnftseŋkœpfɪgɐ	compound	fünfzehnköpfig|er	0.125	0.13333333333333333	0.13333333333333333	fʏnft͡senkœp͡fɪɡɐ	fʏnftseŋkœpfɪgɐ̯	0.11764705882352941	0.1875
fünfzehntens	fʏnftseːntəns	fʏnftsentns	fynftsentəns	fʏnftsentɛns	compound	fünfzehnten|s	0.09090909090909091	0.08333333333333333	0.08333333333333333	fʏnft͡sentəns	fʏnftsentɛns	0.07692307692307693	0.08333333333333333
fünfzigmonatig	fʏnftsɪcmoːnatɪc	fʏnftsɪkmonatɪc	fynftsɪɡmonatɪc	fʏnftsɪkmonatɪc	compound	fünfzig|monatig	0.06666666666666667	0.13333333333333333	0.06666666666666667	fʏnft͡sɪçmonatɪk	fʏnftsɪkmonɑtɪç	0.1875	0.2
fünfzigseitig	fʏnfsiczaɪtɪc	fʏnftsɪkzaɪtɪc	fynftsɪɡzaɪtɪc	fʏnftsɪkzəitɪc	compound	fünfzig|seitig	0.21428571428571427	0.2857142857142857	0.35714285714285715	fʏnft͡sɪçzaɪ̯tɪk	fʏnftsɪkzəitɪç	0.375	0.42857142857142855
fünfzigstündig	fʏnftsɪkʃtʏndɪk	fʏnftsɪkʃtʏndɪc	fynftsɪcʃtyndɪc	fʏnftsɪgstʏndɪc	compound	fünfzig|stündig	0.06666666666666667	0.26666666666666666	0.2	fʏnft͡sɪkʃtʏndɪk	fʏnftsɪgstʏndɪç	0.0625	0.2
fünfzigtausendfach	fʏnfsɪctaʊzntfaχ	fʏnftsɪctaʊzəntfax	fynftsɪctaʊzəntfax	fʏnftsɪktaozɛntfax	compound	fünfzigtausend|fach	0.16666666666666666	0.2222222222222222	0.2777777777777778	fʏnftsɪçtaʊzəntfax	fʏnftsɪktaozɛntfax	0.2222222222222222	0.2777777777777778
fünfzigtausendste	fʏnfsɪctaʊzntstə	fʏnftsɪctaʊzəntstə	fynftsɪctaʊzəndstə	fʏnftsɪktaozɛndstə	compound	fünfzigtausend|ste	0.1111111111111111	0.2222222222222222	0.2777777777777778	fʏnft͡sɪçtaʊ̯zn̩t͡stə	fʏnftsɪktaozɛndstə	0.2857142857142857	0.2777777777777778
fünfzigtägig	fʏnftsɪktɛːɡɪk	fʏnftsɪktɛɡɪk	fynftsɪctɛɡɪc	fʏnftsɪktɛgɪc	compound	fünfzig|t|ä|gig	0.0	0.23076923076923078	0.15384615384615385	fʏnft͡sɪktɛɡɪk	fʏnftsɪktɛgɪç	0.07142857142857142	0.15384615384615385
fünfzigwöchig	fʏnfsɪcvœcɪc	fʏnftsɪkvœcɪc	fynftsɪɡvœcɪc	fʏnftsɪkvœcɪc	compound	fünfzig|wöchig	0.15384615384615385	0.23076923076923078	0.15384615384615385	fʏnft͡sɪkvœçɪk	fʏnftsɪkvœçɪç	0.35714285714285715	0.3076923076923077
gangen	ɡaŋən	ɡaŋən	ɡaŋən	gaŋən	compound	gange|n	0.0	0.0	0.2	gaŋən	gaŋən	0.2	0.2
gattungsspezifisch	ɡatʊŋsʃpetsiːfɪʃ	ɡatʊŋspetsifɪʃ	ɡatʊŋspetsifɪʃ	gatʊŋzspetsifɪʃ	compound	gattung|s|spezifisch	0.07142857142857142	0.07142857142857142	0.2	ɡatʊŋspet͡sifɪʃ	gatʊŋzspetsifɪʃ	0.13333333333333333	0.2
gattungsspezifischer	ɡatʊŋsʃpetsiːfɪʃɐ	ɡatʊŋspetsifɪʃɐ	ɡatʊŋspetsifɪʃɜ	gatʊŋzspetsifɪʃɐ	compound	gattung|s|spezifischer	0.06666666666666667	0.13333333333333333	0.1875	ɡatʊŋspet͡sifɪʃɐ	gatʊŋzspetsifɪʃɐ̯	0.125	0.23529411764705882
gattungstypisch	ɡatʊŋstyːpɪʃ	ɡatʊŋstypɪʃ	ɡatʊŋstypɪʃ	gatʊŋstypɪʃ	compound	gattung|s|typisch	0.0	0.0	0.09090909090909091	ɡatʊŋstypɪʃ	gatʊŋstypɪʃ	0.0	0.09090909090909091
gattungstypischer	ɡatʊŋstyːpɪʃɐ	ɡatʊŋstypɪʃɐ	ɡatʊŋstypɪʃɜ	gatʊŋstypɪʃɐ	compound	gattung|s|typischer	0.0	0.08333333333333333	0.08333333333333333	ɡatʊŋstypɪʃɐ	gatʊŋstypɪʃɐ̯	0.0	0.15384615384615385
gattungstypischsten	ɡatʊŋstyːpɪʃstən	ɡatʊŋstypɪʃstn	ɡatʊŋstypɪʃstən	gatʊŋstypɪʃstən	compound	gattung|s|typischsten	0.07142857142857142	0.0	0.06666666666666667	ɡatʊŋstypɪʃstn̩	gatʊŋstypɪʃstən	0.13333333333333333	0.06666666666666667
gebärfreudig	ɡəbɛːɐfʁɔɪdɪc	ɡəbɛɐfʁɔɪdɪk	ɡəbɛɾfrɔødɪc	gəbɛʁfʁɔɔʏdɪc	compound	gebär|freudig	0.08333333333333333	0.25	0.3076923076923077	ɡəbɛɐ̯fʁɔɪ̯dɪk	gəbɛɾfɾɔødɪç	0.21428571428571427	0.4166666666666667
gegenchecken	ɡeːɡntʃɛkən	ɡeɡntʃɛkn	ɡeɡəncɛkən	gəgɛncɛkən	compound	gegen|checken	0.1111111111111111	0.3	0.6	ɡeɡn̩t͡ʃɛkn̩	gəgənçɛkən	0.3333333333333333	0.6
gegenwartsbezogen	ɡeːɡnvaʁtsbətsoːɡŋ	ɡeɡnvaʁtsbətsoɡn	ɡeɡənvaɾtsbetsoɡən	gəgənvaʁtsbetsogən	compound	gegenwart|s|bezogen	0.0625	0.2777777777777778	0.4444444444444444	gegənvaɾtsbetsogən	gəgənvaɾtsbetsogən	0.4444444444444444	0.5
germanisieren	ɡɛʁmaːniziːʁən	ɡɛʁmaniziʁən	ɡɛɾmanizirən	gɛʁmaniziʁən	compound	german|isieren	0.0	0.16666666666666666	0.08333333333333333	ɡɛʁmaniziʁən	gəɾmɑnɪsiɾen	0.0	0.6666666666666666
gewanden	ɡəvandn	ɡəvandən	ɡəvandən	gəvandən	compound	gewande|n	0.125	0.125	0.25	gəvandən	gəvandən	0.25	0.25
gifteln	ɡɪftəln	ɡɪftəln	ɡɪftəln	gɪftɛln	compound	gifte|l|n	0.0	0.0	0.2857142857142857	ɡɪftl̩n	gɪftɛln	0.2857142857142857	0.2857142857142857
glasartig	ɡlaːsʔaːɐtɪc	ɡlasaɐtik	ɡlɑzaɾtɪc	glazaʁtɪc	compound	glasart|ig	0.2222222222222222	0.3333333333333333	0.3333333333333333	ɡlasaɐ̯tɪk	glɑzaɾtɪç	0.2	0.5555555555555556
glasartigen	ɡlaːsʔaːɐtɪɡn	ɡlasaɐtɪɡn	ɡlɑzaɾtɪɡən	glazaʁtɪgən	compound	glasart|igen	0.0	0.36363636363636365	0.45454545454545453	ɡlasaɐ̯tɪɡn̩	glɑzaɾtɪgən	0.16666666666666666	0.5454545454545454
glaublich	ɡlaʊblɪc	ɡlaʊplɪc	ɡlaʊplɪc	glaoplɪc	compound	glaub|lich	0.125	0.125	0.375	glaʊplɪç	glaoplɪç	0.375	0.5
goil	ɡoʏl	ɡoil	ɡoil	goil	compound	goi|l	0.25	0.25	0.5	ɡoil	goil	0.25	0.5
goldartig	ɡɔltʔaːɐtɪk	ɡɔltaɐtɪk	ɡɔldaɾtɪc	gɔldaʁtɪc	compound	gold|artig	0.0	0.3333333333333333	0.4444444444444444	ɡɔltaɐ̯tɪk	gɔldaɾtɪç	0.1	0.4444444444444444
goldfarbig	ɡɔltfaʁbɪc	ɡɔltfaʁbɪk	ɡɔltfaɾbɪc	gɔltfaʁbɪc	compound	gold|farbig	0.1	0.1	0.1	ɡɔltfaʁbɪk	gɔltfaɾbɪç	0.1	0.3
gottscheerisch	ɡɔtʃeːəʁɪʃ	ɡɔtʃeʁɪʃ	ɡɔtʃerɪʃ	gɔttʃəeʁɪʃ	compound	gottschee|r|isch	0.125	0.25	0.4	ɡɔtʃeʁɪʃ	gɔttʃəɐ̯ɪʃ	0.125	0.5
graphitartig	ɡʁafiːtʔaːɐtɪc	ɡʁafitaɐtɪk	ɡɾɑfitaɾtɪc	gʁafitaʁtɪc	compound	graphit|artig	0.09090909090909091	0.2727272727272727	0.18181818181818182	ɡʁafɪtaɐ̯tɪk	gɾafitaɾtɪç	0.25	0.36363636363636365
graphitieren	ɡʁafitiːʁən	ɡʁafitiʁən	ɡɾɑfitirən	gʁafitiʁən	compound	graphit|ieren	0.0	0.3	0.1	ɡʁafitiʁən	gɾafitiɾen	0.0	0.4
groovig	ɡruːvɪk	ɡʁufik	ɡɾovɪc	gʁoovɪc	compound	groov|ig	0.5	0.5	0.7142857142857143	ɡʁufɪk	gɾovɪç	0.3333333333333333	0.6666666666666666
großfürstlich	ɡʁoːsfʏɐstlɪc	ɡʁosfʏʁstlɪc	ɡɾosfyɾstlɪc	gʁɔssfʏʁstlɪc	compound	groß|fürstlich	0.08333333333333333	0.25	0.3076923076923077	ɡʁosfʏʁstlɪç	gɾofʏɾstlɪç	0.16666666666666666	0.45454545454545453
großfürstlicher	ɡʁoːsfʏɐstlɪcɐ	ɡʁosfʏʁstlɪcɐ	ɡɾosfyɾstlɪcɜ	gʁɔssfʏʁstlɪcɐ	compound	groß|fürstlicher	0.07692307692307693	0.3076923076923077	0.2857142857142857	ɡʁosfʏʁstlɪçɐ	gɾofʏɾstlɪçɐ̯	0.15384615384615385	0.46153846153846156
großherzoglich	ɡʁoːshɛʁtsoːklɪc	ɡʁoshɛʁtsoklɪc	ɡɾoshɜtsoklɪc	gʁɔsseɐtsɔklɪc	compound	großherzog|lich	0.0	0.23076923076923078	0.42857142857142855	ɡʁoshɛʁt͡soklɪç	gɾofɛɾtsoklɪç	0.13333333333333333	0.46153846153846156
großherzoglicher	ɡʁoːshɛʁtsoːklɪcɐ	ɡʁoshɛɾtsoklɪcɜ	ɡɾoshɜtsoklɪcɜ	gʁɔsseɐtsɔklɪcɐ	compound	groß|herzoglicher	0.13333333333333333	0.2857142857142857	0.4	ɡʁoshɛʁt͡soklɪçɐ	gɾofɛɾtsoklɪçɐ̯	0.125	0.4666666666666667
großmütterlich	ɡʁoːsmʏtɐlɪc	ɡʁosmʏtɐlɪc	ɡɾosmytɜlɪc	gʁɔssmʏtɐlɪc	compound	großmütter|lich	0.0	0.2727272727272727	0.25	ɡʁosmʏtɐlɪç	gɾoamʏtɐ̯lɪç	0.09090909090909091	0.4166666666666667
großväterlich	ɡʁoːsfɛːtɐlɪc	ɡʁosfɛtɐlɪc	ɡɾosfɛtɜlɪc	gʁɔssvɛtɐlɪc	compound	großväter|lich	0.0	0.18181818181818182	0.3333333333333333	ɡʁosfɛtɐlɪç	gɾosvɛtɐ̯lɪç	0.09090909090909091	0.4166666666666667
grundvernünftig	ɡrʊntfɛɐnʏnftɪk	ɡʁʊntfɛɐnʏnftɪk	ɡɾʊndfɜnynftɪc	gʁʊntvɛʁnʏnftɪc	compound	grund|vernünftig	0.06666666666666667	0.42857142857142855	0.3333333333333333	gɾʊndfɜnʏnftɪç	gɾʊntvɛɾnʏnftɪç	0.42857142857142855	0.3333333333333333
gräflich	ɡʁɛːflɪc	ɡʁɛflɪc	ɡɾɛflɪc	gʁɛflɪc	compound	g|räf|lich	0.0	0.14285714285714285	0.14285714285714285	ɡʁɛflɪç	gɾɛflɪç	0.14285714285714285	0.42857142857142855
grünblau	ɡʁyːnblaʊ	ɡʁynblaʊ	ɡɾynblaʊ	gʁʏnblao	compound	grün|blau	0.0	0.125	0.375	ɡʁynblaʊ̯	gɾʏnblao	0.1111111111111111	0.5
gunstvoll	ɡʊnstfɔl	ɡʊnstfɔl	ɡʊnstfɔl	gʊnstvɔll	compound	gunst|voll	0.0	0.0	0.3333333333333333	gʊnstfɔl	gʊnstvɔll	0.125	0.3333333333333333
haarklein	haːɐklaɪn	haɐklaɪn	hɑɾklaɪn	haʁkləɪn	compound	haar|klein	0.0	0.25	0.25	haɐ̯klaɪ̯n	haɾkləɪn	0.2	0.25
hablich	ʔaplɪc	haplɪc	hɑplɪc	haplɪc	compound	hab|lich	0.16666666666666666	0.3333333333333333	0.16666666666666666	hɑplɪç	hɑplɪç	0.5	0.5
habts	haːpts	hapts	hɑpts	hapts	compound	habt|s	0.0	0.2	0.0	hɑpts	hapts	0.2	0.0
halbbacken	halpbakən	halpbakn	halbakən	halbakən	compound	halb|backen	0.125	0.125	0.125	halpbakn̩	halbakən	0.2222222222222222	0.125
halbgar	halpɡaːr	halpɡaɐ	halbɡɑɾ	halpgaʁ	compound	halb|gar	0.14285714285714285	0.42857142857142855	0.2857142857142857	halpɡaɐ̯	halpgaɽ	0.25	0.2857142857142857
halbhoch	halphoːx	halphox	halphox	halpɔx	compound	halb|hoch	0.0	0.0	0.3333333333333333	halphox	halpɔx	0.0	0.3333333333333333
halblustig	halplʊstɪk	halplʊstɪk	halblʊstɪc	halblʊstɪc	compound	halb|lustig	0.0	0.2	0.2	halplʊstɪk	halblʊstɪç	0.0	0.2
halogenieren	haloɡeniːʁən	haloɡeniʁən	hɑloɡenirən	halogəniʁən	compound	halogen|ieren	0.0	0.18181818181818182	0.18181818181818182	haloɡeniʁən	hɑlogəniɾen	0.0	0.45454545454545453
ham	ham	ham	hɑm	ham	compound	ha|m	0.0	0.3333333333333333	0.0	ham	hɑm	0.0	0.3333333333333333
hammermäßig	hamɐmɛːsɪc	hamɐmɛsɪk	hamɜmɛsɪc	hammɛʁmɛszɪc	compound	hammer|mäßig	0.1111111111111111	0.1111111111111111	0.3333333333333333	hamɐmɛsɪk	hammɛɾmɛzɪç	0.1111111111111111	0.45454545454545453
hangen	haŋən	haŋən	haŋən	hangən	compound	hange|n	0.0	0.0	0.3333333333333333	haŋən	haŋən	0.0	0.0
hartleibig	haʁtlaɪbɪk	haʁtlaɪpik	haɾtlaɪbɪc	haʁtlaebɪc	compound	hart|leib|ig	0.2	0.2	0.2	haʁtlaɪ̯bɪk	haɾtlaebɪç	0.09090909090909091	0.3
harzig	haːɐtsɪk	haɐtsik	haɾtsɪc	haʁtsɪc	compound	harz|ig	0.14285714285714285	0.2857142857142857	0.2857142857142857	haɾtsɪç	haɾtsɪç	0.2857142857142857	0.2857142857142857
hasts	hasts	hasts	hasts	hasts	compound	hast|s	0.0	0.0	0.0	hasts	hasts	0.0	0.0
hats	hats	hats	hɑts	hats	compound	hat|s	0.0	0.25	0.0	hats	hats	0.0	0.0
hatzi	hatsi	hatsi	hatsi	hatsi	compound	hatz|i	0.0	0.0	0.0	hatsɪ	hatsi	0.2	0.0
hausartig	haʊsaːɐtɪk	haʊsaɐtɪk	haʊsaɾtɪc	haozaʁtɪc	compound	haus|artig	0.0	0.2222222222222222	0.4444444444444444	haʊ̯saɐ̯tɪk	haozaɾtɪç	0.18181818181818182	0.4444444444444444
hausgebacken	haʊsɡəbakən	haʊsɡəbakən	haʊsɡəbakən	haosgebakən	compound	haus|gebacken	0.0	0.0	0.2727272727272727	haʊ̯sɡəbakn̩	haosgebakən	0.25	0.2727272727272727
hausintern	haʊsʔɪntɛʁn	haʊsɪntɛʁn	haʊsɪntɛɾn	haozɪntɛʁn	compound	haus|intern	0.0	0.1	0.2	haʊsɪntɜn	haozɪntɛɾn	0.2222222222222222	0.3
hausinterne	haʊsʔɪntɛʁnə	haʊsɪntɛʁnə	haʊsɪntɛɾnə	haozɪntɛʁnə	compound	haus|interne	0.0	0.09090909090909091	0.18181818181818182	haʊsɪntɜnə	haozɪntɛɾnə	0.2	0.2727272727272727
hausinternem	haʊsʔɪntɛʁnəm	haʊsɪntɛʁnəm	haʊsɪntɛɾnəm	haozɪntɛʁnəm	compound	haus|internem	0.0	0.08333333333333333	0.16666666666666666	haʊsɪntɜnəm	haozɪntɛɾnəm	0.18181818181818182	0.25
hausinternen	haʊsʔɪntɛʁnən	haʊsɪntɛʁnən	haʊsɪntɛɾnən	haozɪntɛʁnən	compound	haus|internen	0.0	0.08333333333333333	0.16666666666666666	haʊsɪntɜnən	haozɪntɛɾnən	0.18181818181818182	0.25
hausinterner	haʊsʔɪntɛʁnɐ	haʊsɪntɛʁnɐ	haʊsɪntɛɾnɜ	haozɪntɛʁnɐ	compound	haus|interner	0.0	0.18181818181818182	0.18181818181818182	haʊsɪntɜnɜ	haozɪntɛɾnɐ̯	0.3	0.3333333333333333
hausinternes	haʊsʔɪntɛʁnəs	haʊsɪntɛʁnəs	haʊsɪntɛɾnəs	haozɪntɛʁnəs	compound	haus|internes	0.0	0.08333333333333333	0.16666666666666666	haʊsɪntɜnəs	haozɪntɛɾnəs	0.18181818181818182	0.25
hauslos	haʊsloːs	haʊslos	haʊslos	haoslos	compound	haus|los	0.0	0.0	0.14285714285714285	haʊslos	haoslos	0.0	0.14285714285714285
heinacht	haɪnaxt	haɪnaxt	haɪnaxt	haenaxt	compound	hein|acht	0.0	0.0	0.14285714285714285	haɪ̯nnaxt	haenaxt	0.2222222222222222	0.14285714285714285
helikal	helikaːl	helikal	helikɑl	helikal	compound	heli|k|al	0.0	0.14285714285714285	0.0	helikal	helikal	0.0	0.0
hellrosa	hɛlʁoːza	hɛlʁoza	hɛlrozɑ	hɛllʁoza	compound	hell|rosa	0.0	0.2857142857142857	0.125	hɛlʁoza	hɛllɾozɑ	0.0	0.375
hellrötlich	hɛlʁøːtlɪc	hɛlʁøtlɪc	hɛlrøtlɪc	hɛllʁœtlɪc	compound	hell|rötlich	0.0	0.1111111111111111	0.2	hɛlʁøtlɪç	hɛllɾøtlɪç	0.1111111111111111	0.3
hellviolett	hɛlviolɛt	hɛlviolɛt	hɛlvɪolɛt	hɛllvɪolkɛt	compound	hell|violett	0.0	0.1111111111111111	0.2727272727272727	hɛlvi̯olɛt	hɛllviolkɛt	0.1	0.18181818181818182
hellweiß	hɛlvaɪs	hɛlvaɪs	hɛlvaɪs	hɛllvaess	compound	hell|weiß	0.0	0.0	0.3333333333333333	hɛlvaɪ̯s	hɛllvaes	0.125	0.25
herabrieseln	hɛʁaːpʁiːzəln	hɛʁapʁizln	hɛrabɾizəln	hɛʁabʁizɛln	compound	herab|rieseln	0.1	0.2727272727272727	0.18181818181818182	hɛʁapʁizl̩n	hɛɾapɾizɛln	0.18181818181818182	0.2727272727272727
heranbrechen	hɛʁanbʁɛcən	hɛʁanbʁɛcn	hɛranbɾɛcən	hɛʁanbʁɛcən	compound	heran|brechen	0.1	0.18181818181818182	0.0	hɛʁanbʁɛçn̩	hɛɾanbrɛçən	0.2727272727272727	0.2727272727272727
heraufschicken	hɛʁaʊfʃɪkn	hɛʁaʊfʃɪkn	hɛraʊfʃɪkən	hɛʁaofʃɪkən	compound	herauf|schicken	0.0	0.18181818181818182	0.18181818181818182	hɛʁaʊ̯fʃɪkn̩	hɛɾaofʃɪkən	0.16666666666666666	0.2727272727272727
heraufschickend	hɛʁaʊfʃɪknt	hɛʁaʊfʃɪknt	hɛraʊfʃɪkənt	hɛʁaofʃɪkɛnt	compound	herauf|schickend	0.0	0.16666666666666666	0.16666666666666666	hɛʁaʊ̯fʃɪkn̩t	hɛɾaofʃɪkɛnt	0.15384615384615385	0.25
heraufzuschicken	hɛʁaʊftsuʃɪkn	hɛʁaʊftsuʃɪkn	hɛraʊftsuʃɪkən	hɛʁaoftsuʃɪkən	compound	herauf|zuschicken	0.0	0.14285714285714285	0.14285714285714285	hɛʁaʊ̯ft͡suʃɪkn̩	hɛɾaoftsuʃɪkən	0.1875	0.21428571428571427
herausgezoomt	hɛʁaʊsɡəzuːmt	hɛʁaʊsɡətsumt	hɛraʊsɡətsumt	hɛʁaosgətsoɔmt	compound	heraus|gezoomt	0.15384615384615385	0.23076923076923078	0.42857142857142855	hɛʁaʊ̯sɡət͡sumt	hɛɾaosgətsomt	0.26666666666666666	0.46153846153846156
herlangen	heːɐlaŋən	heɐlaŋən	hɛɾlaŋən	hɛʁlaŋən	compound	her|langen	0.0	0.25	0.25	hɛɾlaŋən	heɐ̯laŋən	0.25	0.1111111111111111
herumnudeln	hɛʁʊmnuːdln	hɛʁʊmnudln	hɛrʊmnudəln	hɛʁʊmnudɛln	compound	herum|nudeln	0.0	0.18181818181818182	0.09090909090909091	hɛʁʊmnudl̩n	hɛɾʊmnudɛln	0.09090909090909091	0.18181818181818182
herunterstoßen	hɛʁʊntɐʃtoːsn	hɛʁʊntɐʃtosn	hɛrʊntɜʃtosən	hɛʁʊntɛʁstɔszən	compound	herunter|stoßen	0.0	0.23076923076923078	0.4	hɛʁʊntɐʃtosn̩	hɛɾʊntɛɾstozən	0.07692307692307693	0.42857142857142855
herunterwärts	hɛʁʊntɐvɛʁts	hɛʁʊntɐvɛʁts	hɛrʊntɜvɛɾts	hɛʁʊntɛʁvɛʁts	compound	herunter|wärts	0.0	0.25	0.15384615384615385	hɛʁʊntɐvɛʁt͡s	hɛɾʊntɛɾvɛɾts	0.07692307692307693	0.3076923076923077
hervorsehen	hɛɐfoːɐɡeːən	hɛɐfoɐzeən	hɛɾfoɾzeən	heɐfoɐzeən	compound	hervor|sehen	0.1	0.3	0.2	hɛɾfoɾzeən	heɐ̯foɐ̯zeən	0.3	0.3333333333333333
hiehergehören	hiːheːɐɡəhøːʁən	hiheɐɡəhøʁən	hiɜɡeørən	hieɐgəhøʁən	compound	hie|hergehören	0.0	0.6666666666666666	0.18181818181818182	hiɐɡəhøʁən	hiɛɾgeøɾən	0.2	0.7
hiehergehörig	hiːheːɐɡəhøːʁɪc	hiheɐɡəhøʁɪk	hiɜɡeørɪc	hieɐgeɔʏʁɪc	compound	hie|her|gehörig	0.08333333333333333	0.6666666666666666	0.45454545454545453	hiɐɡəhøʁɪk	hiɛɾgeøɾɪç	0.3	0.8
hierhergehörig	hiːɐheːɐɡəhøːʁɪc	hiɐheɐɡəhøʁɪk	hiɾhɜɡeørɪc	hiʁeɐgeɔʏʁɪc	compound	hierher|gehörig	0.07692307692307693	0.5454545454545454	0.5	hiɐ̯heɐ̯ɡəhøʁɪk	hiɾɛɾgeøɾɪç	0.2	0.8181818181818182
hierherum	hiːɐhɛʁʊm	hiɐheɐʊm	hiɾherʊm	hiʁɐʊm	compound	hierher|um	0.25	0.375	0.6666666666666666	hiɐ̯heʁʊm	hiɾeɾum	0.2222222222222222	0.7142857142857143
hineinblättern	hɪnaɪnblɛtɐn	hɪnaɪnblɛtɐn	hɪnaɪnblɛtɜn	hɪnaenblɛtɛʁn	compound	hinein|blättern	0.0	0.08333333333333333	0.23076923076923078	hɪnaɪnblɛtɜn	hɪnaenblɛtɛɾn	0.08333333333333333	0.23076923076923078
hineinhorchen	hɪnaɪnhɔʁcən	hɪnaɪnhɔʁcn	hɪnaɪnhoɾcən	hɪnaenhɔʁxən	compound	hinein|horchen	0.09090909090909091	0.16666666666666666	0.16666666666666666	hɪnaɪ̯nhɔʁçn̩	hɪnaenhɔɾxən	0.3076923076923077	0.25
hineinmischen	hɪnaɪnmɪʃən	hɪnaɪnmɪʃn	hɪnaɪnmɪʃən	hɪnaenmɪʃən	compound	hinein|mischen	0.1	0.0	0.09090909090909091	hɪnaɪnmɪʃən	hɪnaenmɪʃən	0.0	0.09090909090909091
hineinspielen	hɪnaɪnʃpiːlən	hɪnaɪnʃpilən	hɪnaɪnʃpilən	hɪnaenʃpilən	compound	hinein|spielen	0.0	0.0	0.08333333333333333	hɪnaɪ̯nʃpilən	hɪnaenʃpilən	0.07692307692307693	0.08333333333333333
hinrücken	hɪnʁʏkn	hɪnʁʏkn	hɪnrykən	hɪnʁʏkən	compound	hin|rücken	0.0	0.375	0.125	hɪnʁʏkn̩	hɪnɾʏkən	0.125	0.25
hintanlegen	hɪntʔanleːɡən	hɪntanleɡn	hɪntanleɡən	hɪntanlegən	compound	hint|anlegen	0.1	0.0	0.09090909090909091	hɪntanleɡn̩	hɪntanlegən	0.18181818181818182	0.09090909090909091
hintansetzen	hɪntʔanzɛtsən	hɪntanzɛtsn	hɪntanzɛtsən	hɪntanzɛtsən	compound	hint|ansetzen	0.09090909090909091	0.0	0.0	hɪntanzɛt͡sn̩	hɪntanzɛtsən	0.23076923076923078	0.0
hinterherwerfen	hɪntɐheːɐvɛʁfn	hɪntɐheɐvɛʁfn	hɪntɜhɛɾvɜfən	hɪntɛʁɛʁvɛʁfən	compound	hinterher|werfen	0.0	0.46153846153846156	0.35714285714285715	hɪntɐheɐ̯vɛʁfn̩	hɪntɛɾɛɾvɛɾfən	0.13333333333333333	0.42857142857142855
hitzköpfig	hɪtskœpfɪk	hɪtskœpfɪɡ	hɪtskœpfɪc	hɪtskœpfɪc	compound	hitz|köpfig	0.1	0.1	0.1	hɪt͡skœp͡fɪk	hɪtskœpfɪç	0.16666666666666666	0.1
hoffenlich	hɔfnlɪc	hɔfnlɪc	hɔfənlɪc	hɔffɛnlɪc	compound	hoffen|lich	0.0	0.125	0.2222222222222222	hɔfənlɪç	hɔffənlɪç	0.25	0.3333333333333333
holzfarbig	hɔltsfaʁbɪc	hɔltsfaʁbɪk	hɔltsfaɾbɪc	hɔltsfaʁbɪc	compound	holz|farbig	0.09090909090909091	0.09090909090909091	0.0	hɔlt͡sfaʁbɪk	hɔltsfaɾbɪç	0.16666666666666666	0.18181818181818182
homogenisieren	homoɡeniziːʁən	homoɡeniziʁən	homoɡenizirən	homogəniziʁən	compound	homogen|isieren	0.0	0.07692307692307693	0.15384615384615385	homoɡeniziʁən	homogenɪsiɾen	0.0	0.38461538461538464
hundeartig	hʊndəʔaːɐtɪc	hʊndəaɐtɪk	hʊndeaɾtɪc	hʊndəaʁtɪc	compound	hunde|artig	0.1	0.2	0.1	hʊndəaɐ̯tɪk	hʊndeaɾtɪç	0.18181818181818182	0.3
hunderterlei	hʊndɐtɐlaɪ	hʊndɐtɐlaɪ	hʊndɜtɜlaɪ	hʊndɛʁtɛʁlae	compound	hunderter|lei	0.0	0.2	0.4166666666666667	hʊndɐtɛʁləi	hʊndɛɾtɛɾlae	0.36363636363636365	0.4166666666666667
hunderttausendmal	hʊndɐttaʊzntmaːl	hʊndɐttaʊzntmal	hʊndɜtaʊzəndmɑl	hʊndɛʁttaozɛntmal	compound	hunderttausend|mal	0.0	0.3333333333333333	0.23529411764705882	hʊndɐttaʊ̯zn̩tmal	hʊndɛɾttaozɛntmal	0.11764705882352941	0.23529411764705882
hunderttägig	hʊndɐttɛːɡɪc	hʊndɐttɛɡɪk	hʊndɜtɛɡɪc	hʊndɛʁttɛgɪc	compound	hundert|t|ä|gig	0.09090909090909091	0.2	0.25	hʊndɐttɛɡɪk	hʊndɛɾttɛgɪç	0.09090909090909091	0.3333333333333333
hybridisieren	hybʁidiziːʁən	hybʁitiziʁən	hybɾidizirən	hybʁidiziʁən	compound	hybrid|isieren	0.08333333333333333	0.16666666666666666	0.0	hybʁidiziʁən	hʏbridiziɾen	0.0	0.3333333333333333
hängenlassen	hɛŋənlasn	hɛŋənlasn	hɛŋənlasən	hɛŋɛnlaszən	compound	hängen|lassen	0.0	0.1	0.2727272727272727	hɛŋənlasn̩	hɛŋɛnlaszən	0.1	0.2727272727272727
höchlich	høːclɪc	høclɪc	hœclɪc	hœclɪc	compound	h|ö|ch|lich	0.0	0.16666666666666666	0.16666666666666666	hœçlɪç	hœçlɪç	0.5	0.5
hörenswert	høːʁənsveːɐt	høʁənsveɐt	hørənsveɾt	høʁɛnsvɛʁt	compound	hörens|wert	0.0	0.2	0.3	høʁənsveɐ̯t	høɾɛnsvɛɾt	0.09090909090909091	0.4
hüa	hyːaː	hya	hyɑ	hya	compound	hü|a	0.0	0.3333333333333333	0.0	hya	hyɑ	0.0	0.3333333333333333
icht	ɪct	ɪct	ɪct	ɪct	compound	ich|t	0.0	0.0	0.0	ɪçt	ɪçt	0.3333333333333333	0.3333333333333333
idolisieren	idoːliziːʁən	idoliziʁən	idolizirən	idoliziʁən	compound	idol|isieren	0.0	0.1	0.0	idoliziʁən	idoliziɾen	0.0	0.2
ihrs	iːɐs	iɐs	iɾs	fʁs	compound	ihr|s	0.0	0.3333333333333333	0.6666666666666666	iɾs	iɾs	0.3333333333333333	0.3333333333333333
indigoblau	ɪndiɡoblaʊ	ɪndiɡoblaʊ	ɪndɪɡɔblaʊ	ɪndigɔblao	compound	indigo|blau	0.0	0.2	0.3	ɪndiɡoblaʊ̯	ɪndigɔblao	0.09090909090909091	0.3
inhaltsarme	ɪnhaltsʔaʁmə	ɪnhaltsaʁmə	ɪnhaltzaɾmə	ɪnhaltzaʁmə	compound	inhalts|arme	0.0	0.18181818181818182	0.09090909090909091	ɪnhaltsaʁmə	ɪnaltzaɾmə	0.0	0.3
inhaltsarmem	ɪnhaltsʔaʁməm	ɪnhaltsaʁməm	ɪnhaltzaɾməm	ɪnhaltzaʁməm	compound	inhalts|armem	0.0	0.16666666666666666	0.08333333333333333	ɪnhalt͡saʁməm	ɪnaltzaɾməm	0.07692307692307693	0.2727272727272727
inhaltsarmen	ɪnhaltsʔaʁmən	ɪnhaltsaʁmən	ɪnhaltzaɾmən	ɪnhaltzaʁmən	compound	inhalts|armen	0.0	0.16666666666666666	0.08333333333333333	ɪnhaltsaʁmən	ɪnaltzaɾmən	0.0	0.2727272727272727
inhaltsarmer	ɪnhaltsʔaʁmɐ	ɪnhaltsaʁmɐ	ɪnhaltzaɾmɜ	ɪnhaltzaʁmɐ	compound	inhalts|armer	0.0	0.2727272727272727	0.09090909090909091	ɪnhalt͡saʁmɐ	ɪnaltzaɾmɐ̯	0.08333333333333333	0.36363636363636365
inhaltsarmes	ɪnhaltsʔaʁməs	ɪnhaltsaʁməs	ɪnhaltzaɾməs	ɪnhaltzaʁməs	compound	inhalts|armes	0.0	0.16666666666666666	0.08333333333333333	ɪnhaltsaʁməs	ɪnaltzaɾməs	0.0	0.2727272727272727
inhaltsärmer	ɪnhaltsʔɛʁmɐ	ɪnhaltsɛʁmɐ	ɪnhaltzɛɾmɜ	ɪnhaltzɛʁmɐ	compound	inhalts|ärmer	0.0	0.2727272727272727	0.09090909090909091	ɪnhalt͡sɛʁmɐ	ɪnaltzɛɾmɐ̯	0.08333333333333333	0.36363636363636365
inhaltsärmere	ɪnhaltsʔɛʁməʁə	ɪnhaltsɛʁməʁə	ɪnhaltzɛɾmərə	ɪnhaltzɛʁmɐə	compound	inhalts|ärmere	0.0	0.23076923076923078	0.25	ɪnhalt͡sɛʁməʁə	ɪnaltzɛɾmɐ̯ə	0.07142857142857142	0.4166666666666667
inhaltsärmerem	ɪnhaltsʔɛʁməʁəm	ɪnhaltsɛʁməʁəm	ɪnhaltzɛɾmərəm	ɪnhaltzɛʁmɐəm	compound	inhalts|ärmerem	0.0	0.21428571428571427	0.23076923076923078	ɪnhalt͡sɛʁməʁəm	ɪnaltzɛɾmɐ̯əm	0.06666666666666667	0.38461538461538464
inhaltsärmeren	ɪnhaltsʔɛʁməʁən	ɪnhaltsɛʁməʁən	ɪnhaltzɛɾmərən	ɪnhaltzɛʁmɐən	compound	inhalts|ärmeren	0.0	0.21428571428571427	0.23076923076923078	ɪnhalt͡sɛʁməʁən	ɪnaltzɛɾmɐ̯ən	0.06666666666666667	0.38461538461538464
inhaltsärmerer	ɪnhaltsʔɛʁməʁɐ	ɪnhaltsɛʁməʁɐ	ɪnhaltzɛɾmərɜ	ɪnhaltzɛʁmɐɐ	compound	inhalts|ärmerer	0.0	0.3076923076923077	0.25	ɪnhalt͡sɛʁməʁɐ	ɪnaltzɛɾmɐ̯ɐ̯	0.07142857142857142	0.46153846153846156
inhaltsärmeres	ɪnhaltsʔɛʁməʁəs	ɪnhaltsɛʁməʁəs	ɪnhaltzɛɾmərəs	ɪnhaltzɛʁmɐəs	compound	inhalts|ärmeres	0.0	0.21428571428571427	0.23076923076923078	ɪnhalt͡sɛʁməʁəs	ɪnaltzɛɾmɐ̯əs	0.06666666666666667	0.38461538461538464
inhaltsärmste	ɪnhaltsʔɛʁmstə	ɪnhaltsɛʁmstə	ɪnhaltzɛɾmstə	ɪnhaltzɛʁmstə	compound	inhalts|ärmste	0.0	0.15384615384615385	0.07692307692307693	ɪnhalt͡sɛʁmstə	ɪnaltzɛɾmstə	0.07142857142857142	0.25
inhaltsärmstem	ɪnhaltsʔɛʁmstəm	ɪnhaltsɛʁmstəm	ɪnhaltzɛɾmstəm	ɪnhaltzɛʁmstəm	compound	inhalts|ärmstem	0.0	0.14285714285714285	0.07142857142857142	ɪnhalt͡sɛʁmstəm	ɪnaltzɛɾmstəm	0.06666666666666667	0.23076923076923078
inhaltsärmsten	ɪnhaltsʔɛʁmstn	ɪnhaltsɛʁmstn	ɪnhaltzɛɾmstən	ɪnhaltzɛʁmstən	compound	inhalts|ärmsten	0.0	0.21428571428571427	0.14285714285714285	ɪnhalt͡sɛʁmstn̩	ɪnaltzɛɾmstən	0.13333333333333333	0.3076923076923077
inhaltsärmster	ɪnhaltsʔɛʁmstɐ	ɪnhaltsɛʁmstɐ	ɪnhaltzɛɾmstɜ	ɪnhaltzɛʁmstɐ	compound	inhalts|ärmster	0.0	0.23076923076923078	0.07692307692307693	ɪnhalt͡sɛʁmstɐ	ɪnaltzɛɾmstɐ̯	0.07142857142857142	0.3076923076923077
inhaltsärmstes	ɪnhaltsʔɛʁmstəs	ɪnhaltsɛʁmstəs	ɪnhaltzɛɾmstəs	ɪnhaltzɛʁmstəs	compound	inhalts|ärmstes	0.0	0.14285714285714285	0.07142857142857142	ɪnhalt͡sɛʁmstəs	ɪnaltzɛɾmstəs	0.06666666666666667	0.23076923076923078
inokulieren	ɪnokuliːʁən	ɪnokuliʁən	inokulirən	inokuliʁən	compound	in|okulieren	0.0	0.2	0.1	ɪnokuliʁən	inokuliɾen	0.0	0.3
insbesondre	ɪnsbəzɔndʁə	ɪnsbəzɔndʁə	ɪnsbezɔndɾə	ɪnsbezɔndʁə	compound	ins|be|sondre	0.0	0.18181818181818182	0.09090909090909091	ɪnsbəzɔndʁə	ɪnsbezɔndɾə	0.0	0.18181818181818182
insgemein	ɪnsɡəmaɪn	ɪnsɡəmaɪn	ɪnsɡemaɪn	ɪnsgəməɪn	compound	ins|gemein	0.0	0.1111111111111111	0.2222222222222222	ɪnsgemaɪn	ɪnsgəməɪn	0.2222222222222222	0.2222222222222222
insignifikant	ɪnzɪɡnifikant	ɪnzɪɡnifikant	ɪnzɪɡnifikant	ɪnzɪgnifikant	compound	in|signifikant	0.0	0.0	0.07692307692307693	ɪnzɪɡnifɪkant	ɪnzɪgnifikɑnt	0.07692307692307693	0.15384615384615385
inzüchtig	ɪntsʏctɪk	ɪntsʏctɪk	ɪntsyctɪc	ɪntsʏctɪc	compound	in|züchtig	0.0	0.2222222222222222	0.1111111111111111	ɪntsʏçtɪç	ɪntsʏçtɪç	0.2222222222222222	0.2222222222222222
irremachen	ɪʁəmaxn	ɪʁəmaxn	ɪremaxən	ɪʁʁemaxən	compound	irre|machen	0.0	0.375	0.3333333333333333	ɪʁəmaxn̩	ɪɾɾemaxən	0.125	0.4444444444444444
isobar	izobaːɐ	izobaɐ	izobɑɾ	izobaʁ	compound	iso|bar	0.0	0.3333333333333333	0.16666666666666666	izobaɐ̯	izobaɽ	0.14285714285714285	0.16666666666666666
isso	ɪso	ɪso	ɪso	ɪszo	compound	iss|o	0.0	0.0	0.25	ɪso	ɪszo	0.0	0.25
jez	jɛts	jets	jets	jəts	compound	je|z	0.25	0.25	0.25	jet͡s	jets	0.4	0.25
jo	joː	jo	jo	jo	compound	j|o	0.0	0.0	0.0	jo	jo	0.0	0.0
junget	jʊŋət	jʊŋət	jʊŋət	jʊŋət	compound	junge|t	0.0	0.0	0.0	jʊŋət	jʊŋət	0.0	0.0
juten	juːtən	jutən	jutən	jutən	compound	jute|n	0.0	0.0	0.0	jutn̩	jutən	0.4	0.0
kanns	kans	kans	kans	kanns	compound	kann|s	0.0	0.0	0.2	kans	kanns	0.0	0.2
kaufweise	kaʊfvaɪzə	kaʊfvaɪzə	kaʊfvaɪzə	kaofvaezə	compound	kauf|weise	0.0	0.0	0.2222222222222222	kaʊfvaɪzə	kaofvaezə	0.0	0.2222222222222222
kebbeln	kɛbln	kɛbəln	kɛbəln	kɛbɛln	compound	k|ebbe|l|n	0.16666666666666666	0.16666666666666666	0.16666666666666666	kɛbl̩n	kɛbɛln	0.16666666666666666	0.16666666666666666
ker	keːr	keɐ	keɾ	kɐ	compound	k|er	0.3333333333333333	0.3333333333333333	1.0	keɐ̯	kɐ̯	0.5	0.6666666666666666
keulenartig	kɔɪlənʔaːɐtɪc	kɔɪlənaɐtɪk	kɔølənaɾtɪc	kɔɔʏlenaʁtɪc	compound	keulen|artig	0.09090909090909091	0.18181818181818182	0.3333333333333333	kɔɪ̯lənaɐ̯tɪk	kɔølenaɾtɪç	0.23076923076923078	0.36363636363636365
kiefernartig	kiːfɐnʔaːɐtɪc	kifɐnaɐtɪk	kifɜnaɾtɪc	kifɛʁnaʁtɪc	compound	kiefern|artig	0.1	0.2	0.2727272727272727	kifɐnaʁtɪk	kifɛɾnaɾtɪç	0.2	0.36363636363636365
kieselsäurehaltig	kiːzlzɔɪʁəhaltɪc	kizəlzɔørəhaltɪk	kizəlzɔørealtɪc	kizɛlzɔɔʏʁealtɪc	compound	kieselsäure|haltig	0.25	0.3333333333333333	0.3125	kizəlzɔørealtɪç	kizɛlzɔøɾealtɪç	0.4	0.4
klageweise	klaːɡɘvaɪzə	klaɡəvaɪzə	klɑɡevaɪzə	klagevaezə	compound	klage|weise	0.1	0.2	0.3	klaɡəvaɪ̯zə	klɑgevaezə	0.18181818181818182	0.4
kleingläubig	klaɪnɡlɔʏbɪk	klaɪnɡlɔɪbɪk	klaɪŋlɔøbɪc	klaenglɔɔʏbɪc	compound	klein|gläubig	0.08333333333333333	0.36363636363636365	0.3076923076923077	klaɪ̯nɡlɔɪ̯bɪk	klaeŋlɔøbɪç	0.21428571428571427	0.45454545454545453
kleinrechnen	klaɪnʁɛcnən	klaɪnʁɛcnən	klaɪnrɛcnən	klaenʁɛcnən	compound	klein|rechnen	0.0	0.09090909090909091	0.09090909090909091	klaɪnrɛçnən	klaenɾɛçnən	0.18181818181818182	0.2727272727272727
knixen	knɪksn	knɪksn	knɪksən	kniksən	compound	k|nixen	0.0	0.14285714285714285	0.2857142857142857	knɪksn̩	kniksən	0.14285714285714285	0.2857142857142857
kolonialistisch	koloːnialɪstɪʃ	kolonialɪstɪʃ	kolonialɪstɪʃ	kolonialɪstɪʃ	compound	kolonialist|isch	0.0	0.0	0.0	koloni̯alɪstɪʃ	koloniɑlɪstɪʃ	0.07142857142857142	0.07692307692307693
konfliktträchtig	kɔnflɪkttʁɛctɪc	kɔnflɪkttʁɛctɪk	kɔnflɪktɾɛctɪc	kɔnflɪkttʁɛctɪc	compound	konflikt|trächtig	0.06666666666666667	0.14285714285714285	0.0	kɔnflɪkttʁɛçtɪk	kɔnflɪkttɾɛçtɪç	0.13333333333333333	0.2
kontrolllos	kɔntʁɔlloːs	kɔntʁɔllos	kɔntɾɔlos	kɔntʁɔlllos	compound	kon|troll|los	0.0	0.2222222222222222	0.09090909090909091	kɔntɾɔllos	kɔntɾɔlllos	0.1	0.18181818181818182
krakeelig	kʁakeːlɪk	kʁakelik	kɾɑkelɪc	kʁakəelɪc	compound	krakeel|ig	0.125	0.375	0.2222222222222222	kʁakəlɪk	kɾɑkeelɪç	0.125	0.4444444444444444
krankfeiern	kʁaŋkfaɪɐn	kʁaŋkfaɪɐn	kɾaŋkfaɪɜn	kʁaŋkfəiʁn	compound	krank|feiern	0.0	0.2	0.3	kʁaŋkfaɪ̯ɐn	kɾaŋkfaeɾn	0.09090909090909091	0.3
krankheitserregend	kʁaŋkhaɪtsʔɛɐʁeːɡnt	kʁaŋkhaɪtsɛɐʁeɡnt	kɾaŋkhaɪtzɜreɡənt	kʁaŋkaetzɛʁʁegɛnt	compound	krankheit|s|erregend	0.0	0.35294117647058826	0.35294117647058826	kʁaŋkhaɪ̯t͡sɛɐ̯ʁeɡn̩t	kɾaŋkaetzɛɾɾegɛnt	0.19047619047619047	0.47058823529411764
krankheitserregende	kʁaŋkhaɪtsʔɛɐʁeːɡndə	kʁaŋkhaɪtsɛɐʁeɡndə	kɾaŋkhaɪtzɜreɡəndə	kʁaŋkaetzɛʁʁegɛndə	compound	krankheit|s|erregende	0.0	0.3333333333333333	0.3333333333333333	kʁaŋkhaɪ̯t͡sɛɐ̯ʁeɡn̩də	kɾaŋkaetzɛɾɾegɛndə	0.18181818181818182	0.4444444444444444
krankheitserregendem	kʁaŋkhaɪtsʔɛɐʁeːɡndəm	kʁaŋkhaɪtsɛɐʁeɡndəm	kɾaŋkhaɪtzɜreɡəndəm	kʁaŋkaetzɛʁʁegɛndəm	compound	krankheit|s|erregendem	0.0	0.3157894736842105	0.3157894736842105	kʁaŋkhaɪ̯t͡sɛɐ̯ʁeɡn̩dəm	kɾaŋkaetzɛɾɾegɛndəm	0.17391304347826086	0.42105263157894735
krankheitserregenden	kʁaŋkhaɪtsʔɛɐʁeːɡndən	kʁaŋkhaɪtsɛɐʁeɡndən	kɾaŋkhaɪtzɜreɡəndən	kʁaŋkaetzɛʁʁegɛndən	compound	krankheit|s|erregenden	0.0	0.3157894736842105	0.3157894736842105	kʁaŋkhaɪ̯t͡sɛɐ̯ʁeɡn̩dən	kɾaŋkaetzɛɾɾegɛndən	0.17391304347826086	0.42105263157894735
krankheitserregender	kʁaŋkhaɪtsʔɛɐʁeːɡndɐ	kʁaŋkhaɪtsɛɐʁeɡndɐ	kɾaŋkhaɪtzɜreɡəndɜ	kʁaŋkaetzɛʁʁegɛndɐ	compound	krankheit|s|erregender	0.0	0.3888888888888889	0.3333333333333333	kʁaŋkhaɪ̯t͡sɛɐ̯ʁeɡn̩dɐ	kɾaŋkaetzɛɾɾegɛndɐ̯	0.18181818181818182	0.47368421052631576
krankheitserregendes	kʁaŋkhaɪtsʔɛɐʁeːɡndəs	kʁaŋkhaɪtsɛɐʁeɡndəs	kɾaŋkhaɪtzɜreɡəndəs	kʁaŋkaetzɛʁʁegɛndəs	compound	krankheit|s|erregendes	0.0	0.3157894736842105	0.3157894736842105	kʁaŋkhaɪ̯t͡sɛɐ̯ʁeɡn̩dəs	kɾaŋkaetzɛɾɾegɛndəs	0.17391304347826086	0.42105263157894735
kreidig	kʁaɪdɪk	kʁaɪtik	kɾaɪdɪc	kʁaedɪc	compound	kreid|ig	0.2857142857142857	0.2857142857142857	0.2857142857142857	kɾaɪdɪç	kɾaedɪç	0.2857142857142857	0.42857142857142855
kreuzgefährlich	kʁɔɪtsɡəfɛːɐlɪc	kʁɔɪtsɡəfɛɐlɪc	kɾɔøtsɡefɛɾlɪc	kʁɔɔʏtsgəfɛʁlɪc	compound	kreuz|gefährlich	0.0	0.2857142857142857	0.26666666666666666	kʁɔɪ̯t͡sɡəfɛɐ̯lɪç	kɾɔøtsgefɛɾlɪç	0.23529411764705882	0.42857142857142855
kreuzgefährliche	kʁɔɪtsɡəfɛːɐlɪcə	kʁɔɪtsɡəfɛɐlɪcə	kɾɔøtsɡefɛɾlɪcə	kʁɔɔʏtsgəfɛʁlɪcə	compound	kreuz|gefährliche	0.0	0.26666666666666666	0.25	kʁɔɪ̯t͡sɡəfɛɐ̯lɪçə	kɾɔøtsgefɛɾlɪçə	0.2222222222222222	0.4
kreuzgefährlichem	kʁɔɪtsɡəfɛːɐlɪcm	kʁɔɪtsɡəfɛɐlɪcm	kɾɔøtsɡefɛɾlɪcəm	kʁɔɔʏtsgəfɛʁlɪcəm	compound	kreuz|gefährlichem	0.0	0.3125	0.29411764705882354	kɾɔøtsgefɛɾlɪçəm	kɾɔøtsgefɛɾlɪçəm	0.4375	0.4375
kriegsgebeutelt	kʁiːɡsɡəbɔɪtlt	kʁiksɡəbɔɪtlt	kɾiksɡebɔøtəlt	kʁiksgəbəutɛlt	compound	kriegs|gebeutelt	0.07692307692307693	0.35714285714285715	0.35714285714285715	kʁiksɡəbɔɪ̯tl̩t	kɾiksgebɔøtɛlt	0.2	0.42857142857142855
kriegsgewohnt	kʁiːksɡəvoːnt	kʁiksɡəvont	kɾiksɡevont	kʁiksgevont	compound	kriegs|gewohnt	0.0	0.18181818181818182	0.18181818181818182	kʁiksɡəvont	kɾiksgevont	0.0	0.2727272727272727
kriegswaffenähnlich	kʁiːksvafnɛːnlɪc	kʁiksvafnɛnlɪc	kɾiksvafɛnɛnlɪc	kʁiksvaffənɛnlɪc	compound	kriegswaffen|ähnlich	0.0	0.13333333333333333	0.125	kʁiksvafn̩ɛnlɪç	kɾiksvaffenɛnlɪç	0.13333333333333333	0.25
kriminalitätsbelastet	kʁiminalitɛːtsbəlastət	kʁiminalitɛtsbəlastət	kɾiminɑlitɛtsbəlastət	kʁiminalitɛtsbelastət	compound	kriminalität|s|belastet	0.0	0.09523809523809523	0.047619047619047616	kɾiminɑlitɛtsbəlastət	kɾiminɑlitɛtsbelastət	0.09523809523809523	0.14285714285714285
kumanisch	kumaːnɪʃ	kumanɪʃ	kumɑnɪʃ	kumanɪʃ	compound	k|u|manisch	0.0	0.14285714285714285	0.0	kumanɪʃ	kumɑnɪʃ	0.0	0.14285714285714285
kunststoffähnlich	kʊnstʃtɔfɛːnlɪc	kʊnstʃtɔfɛnlɪc	kʊnststɔfɛnlɪc	kʊnststɔffɛnlɪc	compound	kunststoff|ähnlich	0.0	0.07142857142857142	0.13333333333333333	kʊnstʃtɔfɛnlɪç	kʊnststɔffɛnlɪç	0.07142857142857142	0.2
kurländisch	kuːʁlɛndɪʃ	kuɐlɛndɪʃ	k??lɛndɪʃ	kʊʁlɛndɪʃ	compound	kur|ländisch	0.1111111111111111	0.2222222222222222	0.1111111111111111	kuɐ̯lɛndɪʃ	kʊɾlɛndɪʃ	0.2	0.2222222222222222
körpernah	kœʁpɐnaː	kœʁpɐna	kœɾpɜnɑ	kœʁpɛʁna	compound	körper|nah	0.0	0.42857142857142855	0.25	kœʁpɐna	kœɾpɛɾnɑ	0.0	0.5
ladyhaft	lɛɪdihaft	lɛɪdihaft	leɪdɪhaft	ladyhaft	compound	lady|haft	0.0	0.2222222222222222	0.375	lɛɪ̯dihaft	lɑdyhaft	0.1	0.375
ladylike	lɛɪdilaɪk	lɛɪdilaɪk	leɪdilaɪk	ladylikə	compound	lady|like	0.0	0.1111111111111111	0.75	lɛɪ̯dilaɪ̯k	lɑdylikə	0.18181818181818182	0.75
langkettig	laŋkɛtɪk	laŋkɛtik	laŋkɛtɪc	laŋkɛtɪc	compound	lang|kett|ig	0.125	0.125	0.125	laŋkɛtɪk	laŋkkɛtɪç	0.0	0.2222222222222222
langmachen	laŋmaxŋ	laŋmaxn	laŋmaxən	laŋmaxən	compound	lang|machen	0.14285714285714285	0.25	0.25	laŋmaxn̩	laŋmaxən	0.25	0.25
lautbar	laʊtbaːɐ	laʊtbaɐ	laʊtbɑɾ	laotbaʁ	compound	laut|bar	0.0	0.2857142857142857	0.2857142857142857	laʊ̯tbaɐ̯	laotbaɽ	0.2222222222222222	0.2857142857142857
lebbar	leːpbaːɐ	lepbaɐ	lebbɑɾ	lɛbaʁ	compound	leb|bar	0.0	0.5	0.6	lɛbaʁ	lɛbaɽ	0.6	0.6
leerlaufen	leːɐlaʊfən	leɐlaʊfən	leɾlaʊfən	ləɛɐlaofən	compound	leerlaufe|n	0.0	0.1111111111111111	0.3	leɐ̯laʊ̯fn̩	ləɐ̯laʊ̯fən	0.36363636363636365	0.2727272727272727
lehmartig	leːmaːɐtɪk	lemaɐtɪk	lemaɾtɪc	lemaʁtɪc	compound	lehm|artig	0.0	0.25	0.25	lemaɐ̯tɪk	lemaɾtɪç	0.1111111111111111	0.25
leichtflüchtig	laɪctflʏctɪc	laɪctflʏctɪk	laɪctflyctɪc	laectflʏctɪc	compound	leicht|flüchtig	0.08333333333333333	0.08333333333333333	0.08333333333333333	laɪ̯çtflʏçtɪk	laeçtflʏçtɪç	0.3076923076923077	0.3333333333333333
leichtflüssig	laɪctflʏsɪc	laɪctflʏsɪk	laɪctflysɪc	laectflʏszɪc	compound	leicht|flüssig	0.09090909090909091	0.09090909090909091	0.16666666666666666	laɪ̯çtflʏsɪk	laeçtflʏszɪç	0.25	0.3333333333333333
liegenbleiben	liːɡnblaɪbn	liɡnblaɪbm	liɡənblaɪbən	ligɛnblaebən	compound	liegen|bleiben	0.1	0.16666666666666666	0.3333333333333333	liɡn̩blaɪ̯bm̩	ligɛnblaebən	0.3076923076923077	0.3333333333333333
lilafarbig	liːlafaʁbɪc	lilafaʁbɪk	lilafaɾbɪc	lilafaʁbɪc	compound	lila|farbig	0.1	0.1	0.0	lilafaʁbik	lilɑfaɾbɪç	0.2	0.3
lobsagen	loːpzaːɡn	lopzaɡn	lɔbzɑɡən	lɔpzagən	compound	lob|sagen	0.0	0.5	0.375	lopzaɡn̩	lɔpzɑgən	0.125	0.5
lufthaltig	lʊfthaltɪk	lʊfthaltɪk	lʊfthaltɪc	lʊftaltɪc	compound	luft|haltig	0.0	0.1	0.2222222222222222	lʊfthaltɪk	lʊftaltɪç	0.0	0.2222222222222222
magdeburgisch	makdəbʊrɡɪʃ	makdəbʊʁkɪʃ	maɡdeb??ɡɪʃ	makdebʊʁgɪʃ	compound	magdeburg|isch	0.18181818181818182	0.36363636363636365	0.2727272727272727	makdəbʊʁɡɪʃ	makdebʊɾgɪʃ	0.09090909090909091	0.2727272727272727
mags	maːks	maks	mɑks	maks	compound	mag|s	0.0	0.25	0.0	mɑks	maks	0.25	0.0
mainstreamig	meɪnstʁiːmɪk	menstʁimik	maɪnstɾeɑmɪc	maɪnstʁeamɪc	compound	mainstream|ig	0.2	0.4166666666666667	0.3333333333333333	menstʁimɪk	maenstɾəɑmɪç	0.1	0.5
manövrierfähig	manøːvʁiːɐfɛːɪc	manøvʁiɐfɛɪk	mɑnœvriɾfɛɪc	manœfʁiʁfɛɪc	compound	manövrier|fähig	0.08333333333333333	0.3333333333333333	0.25	mɑnœvriɾfɛɪç	mɑnœfɾiɾfɛɪç	0.4166666666666667	0.5
massnehmen	maːsneːmən	masnemən	masnemən	massnemən	compound	mass|nehmen	0.0	0.0	0.1111111111111111	masnemən	massnemən	0.0	0.1111111111111111
massschneidern	maːsʃnaɪdɐn	masʃnaɪdɐn	masʃnaɪdɜn	masstsnaedɛʁn	compound	mass|schneidern	0.0	0.1	0.46153846153846156	masʃnaɪ̯dɐn	massstsnaedɛɾn	0.09090909090909091	0.5
maulwurfgrau	maʊlvʊʁfɡʁaʊ	maʊlvʊʁfɡʁaʊ	maʊlv??fɡɾaʊ	maolvʊʁfgʁao	compound	maulwurf|grau	0.0	0.25	0.25	maʊ̯lvʊʁfɡʁaʊ̯	maolvʊɾfgɾao	0.14285714285714285	0.4166666666666667
maßnehmen	maːsneːmən	masnemən	masnemən	massnemən	compound	maß|nehmen	0.0	0.0	0.1111111111111111	masnemən	manemən	0.0	0.14285714285714285
meeresgrün	meːʁəsɡʁyːn	meʁəsɡʁyn	merɛsɡɾyn	məeʁɛsgʁyn	compound	meeres|grün	0.0	0.3333333333333333	0.3	meʁəsɡʁyn	meɾɛzgɾyn	0.0	0.5555555555555556
mehrenteils	meːʁəntaɪls	meʁəntaɪls	merəntaɪls	meʁɛntaels	compound	mehren|teils	0.0	0.1	0.2	meʁəntaɪ̯ls	meɾɛntaels	0.09090909090909091	0.3
mehrerlei	meːʁɐlaɪ	meʁɐlaɪ	merɜlaɪ	meʁɛʁlae	compound	mehrer|lei	0.0	0.2857142857142857	0.375	meʁɐlaɪ̯	meɾɛɾlae	0.125	0.5
mehrlappig	meːɐlapɪk	meɐlapik	meɾlapɪc	meʁlappɪc	compound	mehr|lapp|ig	0.125	0.25	0.3333333333333333	meɾlapɪç	meɾlappɪç	0.25	0.3333333333333333
mehrstämmig	meːɐʃtɛmɪc	meɐʃtɛmɪk	meɾʃtɛmɪc	meʁstɛmmɪc	compound	mehr|stämmig	0.1111111111111111	0.1111111111111111	0.3	meɐ̯ʃtɛmɪk	meɾstɛmmɪç	0.2	0.4
mehrwertsteuerpflichtig	meːɐveːɐtʃtɔʏɐpflɪctɪc	meɐveɐtʃtɔɪɐpflɪctɪc	meɾvɜtstɔøɜpflɪctɪc	meʁvɛʁtstɔɔʏɛʁpflɪctɪc	compound	mehrwertsteuer|pflichtig	0.05	0.3157894736842105	0.3181818181818182	meɐ̯veɐ̯tʃtɔɪ̯ɐpflɪçtɪç	meɾvɛɾtstɔøɛɾpflɪçtɪç	0.2608695652173913	0.42857142857142855
mentalitätsgeschichtlich	mɛntalitɛːtsɡəʃɪctlɪc	mɛntalitɛtsɡəʃɪctlɪc	mɛntalitɛtsɡɛʃɪctlɪc	mɛntalitɛtsgɛʃɪctlɪc	compound	mentalität|s|geschichtlich	0.0	0.05	0.1	mɛntalitɛtsɡəʃɪçtlɪç	mɛntɑlitɛtsgɛʃɪçtlɪç	0.1	0.25
messingfarbig	mɛsɪŋfaʁbɪc	mɛsɪŋfaʁbɪk	mɛsɪŋfaɾbɪc	mɛszɪŋfaʁbɪc	compound	messing|farbig	0.09090909090909091	0.09090909090909091	0.08333333333333333	mɛsɪŋfaʁbɪk	mɛszɪŋfaɾbɪç	0.09090909090909091	0.25
metallartig	metalʔaːɐtɪk	metalaɐtɪk	metalaɾtɪc	mətallaʁtɪc	compound	metall|artig	0.0	0.2	0.36363636363636365	metalaɐ̯tɪk	metallaɾtɪç	0.09090909090909091	0.2727272727272727
metallartige	metalʔaːɐtɪɡə	metalaɐtɪɡə	metalaɾtɪɡə	mətallaʁtɪgə	compound	metall|artige	0.0	0.09090909090909091	0.3333333333333333	metalaɐ̯tɪɡə	metallaɾtɪgə	0.08333333333333333	0.25
metallartigem	metalʔaːɐtɪɡəm	metalaɐtɪɡəm	metalaɾtɪɡəm	mətallaʁtɪgəm	compound	metall|artigem	0.0	0.08333333333333333	0.3076923076923077	metalaɐ̯tɪɡəm	metallaɾtɪgəm	0.07692307692307693	0.23076923076923078
metallartigen	metalʔaːɐtɪɡn	metalaɐtɪɡn	metalaɾtɪɡən	mətallaʁtɪgən	compound	metall|artigen	0.0	0.16666666666666666	0.38461538461538464	metalaɐ̯tɪɡn̩	metallaɾtɪgən	0.15384615384615385	0.3076923076923077
metallartiger	metalʔaːɐtɪɡɐ	metalaɐtɪɡɐ	metalaɾtɪɡɜ	mətallaʁtɪgɐ	compound	metall|artiger	0.0	0.18181818181818182	0.3333333333333333	metalaɐ̯tɪɡɐ	metallaɾtɪgɐ̯	0.08333333333333333	0.3076923076923077
metallartiges	metalʔaːɐtɪɡəs	metalaɐtɪɡəs	metalaɾtɪɡəs	mətallaʁtɪgəs	compound	metall|artiges	0.0	0.08333333333333333	0.3076923076923077	metalaɐ̯tɪɡəs	metallaɾtɪgəs	0.07692307692307693	0.23076923076923078
metallähnlich	metalɛːnlɪc	metalɛnlɪc	metalɛnlɪc	mətallɛnlɪc	compound	metall|ähnlich	0.0	0.0	0.18181818181818182	metalɛnlɪç	metallɛnlɪç	0.1	0.18181818181818182
mietweise	miːtvaɪzə	mitvaɪzə	mitvaɪzə	mitvaezə	compound	miet|weise	0.0	0.0	0.125	mitvaɪzə	mitvaezə	0.0	0.125
minnen	mɪnən	mɪnən	mɪnən	mɪnnən	compound	minne|n	0.0	0.0	0.16666666666666666	mɪnən	mɪnnən	0.0	0.16666666666666666
mirs	miːɐs	miɐs	miɾs	mɪʁs	compound	mir|s	0.0	0.25	0.5	miɐ̯s	mɪɾs	0.2	0.5
missbräuchlicherweise	mɪsbʁɔɪclɪcɐvaɪzə	mɪsbʁɔɪclɪcɐvaɪzə	mɪsbɾɔøclɪcɜvaɪzə	mɪsbʁɔɔʏclɪcɛʁvaezə	compound	missbräuchlicher|weise	0.0	0.17647058823529413	0.2631578947368421	mɪsbɾɔøçlɪçɜvaɪzə	mɪsbrɔøçlɪçɛɾvaezə	0.29411764705882354	0.3888888888888889
mitfolgen	mɪtfɔlɡn	mɪtfɔlɡn	mɪtfɔlɡən	mɪtfɔlgən	compound	mit|folgen	0.0	0.1111111111111111	0.2222222222222222	mɪtfɔlgən	mɪtfɔlgən	0.2222222222222222	0.2222222222222222
mitreissen	mɪtʁaɪsən	mɪtnʁaɪsən	mɪtɾaɪsən	mɪtʁaeszən	compound	mit|reissen	0.1	0.1111111111111111	0.2	mɪtnʁaɪsən	mɪtɾaeszən	0.1	0.3
mittagwärts	mɪtaːkvɛʁts	mɪtakvɛʁts	mɪtaɡvɛɾts	mɪttakvɛʁts	compound	mittag|wärts	0.0	0.2	0.09090909090909091	mɪtakvɛʁt͡s	mɪttakvɛɾts	0.09090909090909091	0.18181818181818182
mitternachtwärts	mɪtɐnaxtvɛʁts	mɪtɐnaxtvɛʁts	mɪtɜnaxtvɛɾts	mɪtɛʁnaxtvɛʁts	compound	mitternacht|wärts	0.0	0.15384615384615385	0.14285714285714285	mɪtɐnaxtvɛʁt͡s	mɪttɛɾnaxtvɛɾts	0.07142857142857142	0.26666666666666666
mittun	mɪttuːn	mɪttun	mɪtun	mɪttun	compound	mit|tun	0.0	0.2	0.0	mɪttun	mɪttun	0.0	0.0
molybdänhaltig	molʏpdɛːnhaltɪk	molʏpdɛnhaltɪk	molybdɛnhaltɪc	molʏpdɛnaltɪc	compound	molybdän|haltig	0.0	0.21428571428571427	0.15384615384615385	molʏpdɛnhaltɪk	molʏpdɛnaltɪç	0.0	0.15384615384615385
monoklin	monokliːn	monoklin	monoklin	monɔklɪn	compound	mono|k|li|n	0.0	0.0	0.25	monoklin	monɔklɪn	0.0	0.25
moppern	mɔpɐn	mɔpeɐn	mɔpɜn	mɔppɛʁn	compound	mopp|ern	0.16666666666666666	0.2	0.42857142857142855	mɔpɐn	mɔppɛɾn	0.0	0.42857142857142855
morgenwärts	mɔʁɡnvɛʁts	mɔʁɡnvɛʁts	mɔɾɡənvɛɾts	mɔʁgənvɛʁts	compound	morgen|wärts	0.0	0.2727272727272727	0.18181818181818182	mɔɾgənvɛɾts	mɔɾgɛnvɛɾts	0.36363636363636365	0.36363636363636365
mugelig	muːɡlɪk	muɡlik	muɡəlɪc	mugelɪc	compound	mugel|ig	0.16666666666666666	0.2857142857142857	0.42857142857142855	muɡəlɪk	mugelɪç	0.14285714285714285	0.42857142857142855
nachdrücklichst	naːxdʁʏklɪcst	naxdʁʏklɪcst	naxdɾyklɪkst	naxdʁʏklɪcst	compound	nachdrücklich|st	0.0	0.25	0.0	naxdʁʏklɪçst	naxdɾʏklɪçst	0.08333333333333333	0.16666666666666666
nachherig	naːxheːʁɪk	naxheɐik	naxhərɪc	naxɐɪc	compound	nachher|ig	0.25	0.375	0.6666666666666666	naxheʁɪk	naxheɐ̯ɪç	0.0	0.3333333333333333
nachmittelalterlich	naːxmɪtlʔaltɐlɪc	naxmɪtlaltɐlɪc	naxmɪtɛlaltɜlɪc	naxmɪtelaltɐlɪc	compound	nach|mittelalterlich	0.0	0.13333333333333333	0.06666666666666667	naxmɪtl̩altɐlɪç	naxmɪttelaltɐ̯lɪç	0.13333333333333333	0.23529411764705882
nadelbaumartig	naːdlbaʊmaːɐtɪc	nadlbaʊmaɐtɪk	nɑdəlbaʊmaɾtɪc	nadɛlbaomaʁtɪc	compound	nadelbaum|artig	0.07692307692307693	0.21428571428571427	0.21428571428571427	nadl̩baʊ̯maʁtɪk	nɑdɛlbaomaɾtɪç	0.26666666666666666	0.35714285714285715
nagut	naɡuːt	naɡut	nɑɡut	nagut	compound	na|gut	0.0	0.2	0.2	naɡut	nɑgut	0.0	0.4
namensgleich	naːmənsɡlaɪc	namənsɡlaɪc	nɑmənsɡlaɪc	namɛnsglaec	compound	namens|gleich	0.0	0.09090909090909091	0.2727272727272727	namənsɡlaɪ̯ç	nɑmɛnzglaeç	0.16666666666666666	0.5454545454545454
natriumhaltig	naːtʁiʊmhaltɪc	natʁiʊmhaltɪk	natɾiʊmhaltɪc	natʁɪʊmhaltɪc	compound	natrium|haltig	0.07692307692307693	0.07692307692307693	0.07692307692307693	natʁiʊmhaltɪk	natɾiʊmaltɪç	0.07692307692307693	0.25
nem	nəm	nəm	nem	nəm	compound	ne|m	0.0	0.3333333333333333	0.0	nəm	nəm	0.0	0.0
neunhundertfach	nɔɪnhʊndɐtfaχ	nɔɪnhʊndɐtfax	nɔønhʊndɜtfax	nɔɔʏnhʊndɛʁtfax	compound	neunhundert|fach	0.07692307692307693	0.23076923076923078	0.3333333333333333	nɔɪ̯nhʊndɐtfax	nɔønʊndɛɾtfax	0.14285714285714285	0.38461538461538464
neunhundertfacher	nɔɪnhʊndɐtfaxɐ	nɔɪnhʊndɐtfaxɜ	nɔønhʊndɜtfaxɜ	nɔɔʏnhʊndɛʁtfaxɐ	compound	neunhundert|facher	0.07142857142857142	0.21428571428571427	0.25	nɔɪ̯nhʊndɐtfaxɐ	nɔønʊndɛɾtfaxɐ̯	0.06666666666666667	0.3333333333333333
neunhundertjährig	nɔɪnhʊndɐtjɛːʁɪc	nɔɪnhʊndɐtjɛrɪc	nɔønhʊndɜtjɛrɪc	nɔɔʏnhʊndɛʁtjɛʁɪc	compound	neunhundert|jährig	0.06666666666666667	0.2	0.23529411764705882	nɔɪ̯nhʊndɐtjɛʁɪk	nɔønʊndɛɾtjɛɾɪç	0.125	0.4
neunhundertmal	nɔɪnhʊndɐtmaːl	nɔɪnhʊndɐtmal	nɔønhʊndɜtmɑl	nɔɔʏnhʊndɛʁtmal	compound	neunhundert|mal	0.0	0.23076923076923078	0.26666666666666666	nɔɪ̯nhʊndɐtmal	nɔønʊndɛɾtmal	0.07142857142857142	0.3076923076923077
neunhunderttausend	nɔʏnhʊndɐttaʊznt	nɔɪnhʊndɐttaʊznt	nɔønhʊndɜtaʊzənt	nɔɔʏnhʊndɛʁttaozɛnt	compound	neunhundert|tausend	0.0625	0.25	0.2631578947368421	nɔɪ̯nhʊndɐttaʊ̯zn̩t	nɔønʊndɛɾttaozɛnt	0.21052631578947367	0.35294117647058826
neuniederländisch	nɔɪniːdɐlɛndɪʃ	nɔɪnidɐlɛndɪʃ	nɔønidɜlɛndɪʃ	nɔɔʏnidɛʁlɛndɪʃ	compound	neu|niederländisch	0.0	0.15384615384615385	0.26666666666666666	nɔønidɜlɛndɪʃ	nɔønidɛɾlɛndɪʃ	0.15384615384615385	0.21428571428571427
neuntausendfach	nɔʏntaʊzntfaχ	nɔɪntaʊzntfax	nɔøntaʊzɛntfax	nɔɔʏntaozɛntfax	compound	neuntausend|fach	0.15384615384615385	0.21428571428571427	0.26666666666666666	nɔɪ̯ntaʊ̯zn̩tfax	nɔøntaozɛntfax	0.3125	0.2857142857142857
neuntausendste	nɔʏntaʊzntstə	nɔɪntaʊzntstə	nɔøntaʊzəndstə	nɔɔʏntaozɛndstə	compound	neuntausend|ste	0.07692307692307693	0.21428571428571427	0.26666666666666666	nɔɪ̯ntaʊ̯zn̩t͡stə	nɔøntaozɛndstə	0.29411764705882354	0.2857142857142857
neunundachtzigste	nɔɪnʊntaxtsɪcstə	nɔɪnʊntaxtsɪkstə	nɔønʊndaxtsɪcstə	nɔɔʏnʊndaxtsɪgstə	compound	neunundachtzig|ste	0.0625	0.125	0.23529411764705882	nɔɪ̯nʊntaxt͡sɪkstə	nɔønʊndaxtsɪgstə	0.16666666666666666	0.1875
neununddreissigmal	nɔɪnʊntdʁaɪsɪcmaːl	nɔɪnʊntdʁaɪsɪɡmal	nɔønʊndɾaɪsɪɡmɑl	nɔɔʏnʊndʁaeszɪkmal	compound	neun|unddreissi|g|mal	0.058823529411764705	0.3125	0.3333333333333333	nɔɪ̯nʊntdʁaɪ̯sɪɡmal	nɔønʊnddɾaeszɪkmal	0.15789473684210525	0.3333333333333333
neununddreissigstens	nɔɪnʊntdʁaɪsɪcstns	nɔɪnaɪʊntdʁaɪsɪcstns	nɔønʊndɾaɪsɪcstəns	nɔɔʏnʊndʁaeszɪgstɛns	compound	neun|unddreissigstens	0.1	0.2222222222222222	0.35	nɔɪ̯nʊntdʁaɪ̯sɪkstn̩s	nɔønʊnddɾaeszɪgstɛns	0.19047619047619047	0.35
neununddreißigfach	nɔɪnʊndʁaɪsɪcfax	nɔɪnʊntdʁaɪsɪkfax	nɔønʊndɾaɪsɪcfax	nɔɔʏnʊndʁaeszɪkfax	compound	neununddreißig|fach	0.11764705882352941	0.125	0.2777777777777778	nɔɪ̯nʊntdʁaɪ̯sɪçfax	nɔønʊnddɾaejɪkfax	0.21052631578947367	0.35294117647058826
neununddreißigfacher	nɔɪnʊntdʁaɪsɪcfaxɐ	nɔɪnʊntdʁaɪsɪkfaxɜ	nɔønʊndɾaɪsɪcfaxɜ	nɔɔʏnʊndʁaeszɪkfaxɐ	compound	neununddreißig|facher	0.1111111111111111	0.23529411764705882	0.3157894736842105	nɔønʊndɾaɪsɪçfaxɜ	nɔønʊnddɾaejɪkfaxɐ̯	0.29411764705882354	0.3684210526315789
neununddreißigjährig	nɔɪnʊndʁaɪsɪcjɛːʁɪc	nɔɪnʊntdʁaɪsɪkjɛrɪc	nɔønʊndɾaɪsɪɡjɛrɪc	nɔɔʏnʊndʁaeszɪkjɛʁɪc	compound	neununddreißig|jährig	0.15789473684210525	0.2222222222222222	0.25	nɔønʊndɾaɪsɪçjɛrɪç	nɔønʊnddɾaeʃɪkjɛɾɪç	0.2777777777777778	0.42105263157894735
neununddreißigmal	nɔɪnʊntdʁaɪsɪcmaːl	nɔɪnʊntdʁaɪsɪkmal	nɔønʊndɾaɪsɪɡmɑl	nɔɔʏnʊndʁaeszɪkmal	compound	neununddreißig|mal	0.058823529411764705	0.3125	0.3333333333333333	nɔønʊndɾaɪsɪçmɑl	nɔønʊnddɾaejɪkmal	0.3125	0.35294117647058826
neununddreißigminütig	nɔɪnʊntdʁaɪsɪcminyːtɪc	nɔɪnʊntdʁaɪsɪkminytɪc	nɔønʊndɾaɪsɪɡminytɪc	nɔɔʏnʊndʁaeszɪkmɪnytɪc	compound	neununddreißig|minütig	0.047619047619047616	0.2	0.3181818181818182	nɔɪ̯nʊntdʁaɪ̯sɪkminytɪk	nɔønʊnddɾaejɪkminytɪç	0.17391304347826086	0.3333333333333333
neununddreißigminütiger	nɔɪnʊntdʁaɪsɪcminyːtɪɡɐ	nɔɪnʊntdʁaɪsɪkminytɪgɜ	nɔønʊndɾaɪsɪɡminytɪɡɜ	nɔɔʏnʊndʁaeszɪkmɪnytɪgɐ	compound	neununddreißig|minütiger	0.13636363636363635	0.23809523809523808	0.34782608695652173	nɔɪ̯nʊntdʁaɪ̯sɪkminytɪɡɐ	nɔønʊnddɾaejɪkminytɪgɐ̯	0.125	0.34782608695652173
neununddreißigstens	nɔɪnʊntdʁaɪsɪcstns	nɔɪnʊntdʁaɪsɪkstns	nɔønʊndɾaɪsɪcstəns	nɔɔʏnʊndʁaeszɪgstɛns	compound	neununddreißigsten|s	0.05555555555555555	0.2222222222222222	0.35	nɔɪ̯nʊntdʁaɪ̯sɪkstn̩s	nɔønʊnddɾaejɪgstɛns	0.19047619047619047	0.3684210526315789
neununddreißigstündiger	nɔɪnʊntdʁaɪsɪcʃtʏndɪɡɐ	nɔɪnʊntdʁaɪsɪkʃtʏndɪceɐ	nɔønʊndɾaɪsɪcʃtyndɪɡɜ	nɔɔʏnʊndʁaeszɪgstʏndɪgɐ	compound	neununddreißig|stündig|er	0.13043478260869565	0.23809523809523808	0.34782608695652173	nɔɪ̯nʊntdʁaɪ̯sɪkʃtʏndɪɡɐ	nɔønʊnddɾaejɪgstʏndɪgɐ̯	0.125	0.391304347826087
neunundfünfzigfach	nɔɪnʊntfʏnftsɪcfax	nɔɪnʊntfʏnftsɪkfax	nɔønʊntfynftsɪcfax	nɔɔʏnʊntfʏnftsɪkfax	compound	neunundfünfzig|fach	0.05555555555555555	0.1111111111111111	0.15789473684210525	nɔɪ̯nʊntfʏnft͡sɪçfax	nɔønʊntfʏnftsɪkfax	0.15	0.1111111111111111
neunundfünfzigjährig	nɔɪnʊntfʏnftsɪcjɛːʁɪc	nɔɪnʊntfʏnftsɪkjɛrɪc	nɔønʊntfynftsɪɡjɛrɪc	nɔɔʏnʊntfʏnftsɪkjɛʁɪc	compound	neunundfünfzig|jährig	0.1	0.2	0.14285714285714285	nɔɪ̯nʊntfʏnft͡sɪkjɛʁɪk	nɔønʊntfʏnftsɪkjɛɾɪç	0.18181818181818182	0.2
neunundfünfzigmal	nɔɪnʊntfʏnftsɪcmaːl	nɔɪnʊntfʏnftsɪkmal	nɔønʊntfynftsɪɡmɑl	nɔɔʏnʊntfʏnftsɪkmal	compound	neunundfünfzig|mal	0.05555555555555555	0.2222222222222222	0.15789473684210525	nɔɪ̯nʊntfʏnft͡sɪkmal	nɔønʊntfʏnftsɪkmal	0.15	0.1111111111111111
neunundfünfzigste	nɔɪnʊntfʏnftsɪcstə	nɔɪnʊntfʏnftsɪkstə	nɔønʊntfynftsɪcstə	nɔɔʏnʊntfʏnftsɪgstə	compound	neunundfünfzig|ste	0.05555555555555555	0.1111111111111111	0.15789473684210525	nɔɪ̯nʊntfʏnft͡sɪkstə	nɔønʊntfʏnftsɪgstə	0.15	0.1111111111111111
neunundneunzigste	nɔɪnʊntnɔɪntsɪcstə	nɔɪnʊntnɔɪntsɪkstə	nɔønʊndnɔøntsɪcstə	nɔɔʏnʊndnɔɔʏntsɪgstə	compound	neunundneunzig|ste	0.05555555555555555	0.16666666666666666	0.3	nɔɪ̯nʊntnɔɪ̯nt͡sɪkstə	nɔønʊndnɔøntsɪgstə	0.19047619047619047	0.2222222222222222
neunundsechzigste	nɔɪnʊntzɛctsɪcstə	nɔɪnʊntzɛctsɪkstə	nɔønʊndzɛctsɪcstə	nɔɔʏnʊntzɛctsɪgstə	compound	neunundsechzig|ste	0.058823529411764705	0.11764705882352941	0.16666666666666666	nɔɪ̯nʊntzɛçt͡sɪkstə	nɔønʊntzɛçtsɪgstə	0.21052631578947367	0.17647058823529413
neunundsiebzigste	nɔɪnʊntziːptsɪcstə	nɔɪnʊntziptsɪkstə	nɔønʊndziptsɪcstə	nɔɔʏnʊntziptsɪgstə	compound	neunundsiebzig|ste	0.058823529411764705	0.11764705882352941	0.16666666666666666	nɔɪ̯nʊntzipt͡sɪkstə	nɔønʊntziptsɪgstə	0.15789473684210525	0.11764705882352941
neunundvierzigfach	nɔɪnʊntfɪɐtsɪcfax	nɔɪnʊntfɪʁtsɪkfax	nɔønʊndviɾtsɪcfax	nɔɔʏnʊntviʁtsɪkfax	compound	neunundvierzig|fach	0.11764705882352941	0.29411764705882354	0.3333333333333333	nɔɪ̯nʊntfɪʁt͡sɪkfax	nɔønʊntviɾtsɪkfax	0.21052631578947367	0.29411764705882354
neunundvierzigjährig	nɔɪnʊntfɪɐtsɪcjɛːʁɪc	nɔɪnʊntfɪʁtsɪkjɛrɪc	nɔønʊndviɾtsɪɡjɛrɪc	nɔɔʏnʊntviʁtsɪkjɛʁɪc	compound	neunundvierzig|jährig	0.15789473684210525	0.3684210526315789	0.3	nɔɪ̯nʊntfɪʁt͡sɪkjɛʁɪk	nɔønʊntviɾtsɪkjɛɾɪç	0.23809523809523808	0.3684210526315789
neunundvierzigmal	nɔɪnʊntfɪɐtsɪcmaːl	nɔɪnʊntfɪʁtsɪkmal	nɔønʊndviɾtsɪɡmɑl	nɔɔʏnʊntviʁtsɪkmal	compound	neunundvierzig|mal	0.11764705882352941	0.4117647058823529	0.3333333333333333	nɔɪ̯nʊntfɪʁt͡sɪkmal	nɔønʊntviɾtsɪkmal	0.21052631578947367	0.29411764705882354
neunundvierzigminütig	nɔɪnʊntfɪɐtsɪcminyːtɪc	nɔɪnʊntfɪʁtsɪkminytɪc	nɔønʊndviɾtsɪɡminytɪc	nɔɔʏnʊntviʁtsɪkmɪnytɪc	compound	neunundvierzig|minütig	0.09523809523809523	0.2857142857142857	0.3181818181818182	nɔɪ̯nʊntfɪʁt͡sɪkminytɪk	nɔønʊntviɾtsɪkminytɪç	0.21739130434782608	0.2857142857142857
neunundvierzigminütiger	nɔɪnʊntfɪɐtsɪcminyːtɪɡɐ	nɔɪnʊntfɪʁtsɪkminytɪgɜ	nɔønʊndviɾtsɪɡminytɪɡɜ	nɔɔʏnʊntviʁtsɪkmɪnytɪgɐ	compound	neunundvierzig|minütiger	0.18181818181818182	0.3181818181818182	0.34782608695652173	nɔɪ̯nʊntfɪʁt͡sɪkminytɪɡɐ	nɔønʊntviɾtsɪkminytɪgɐ̯	0.16666666666666666	0.30434782608695654
neunundvierzigste	nɔɪnʊntfɪʁtsɪcstə	nɔɪnʊntfɪʁtsɪkstə	nɔønʊndviɾtsɪcstə	nɔɔʏnʊntviʁtsɪgstə	compound	neunundvierzig|ste	0.058823529411764705	0.29411764705882354	0.2777777777777778	nɔɪ̯nʊntfɪʁt͡sɪkstə	nɔønʊntviɾtsɪgstə	0.15789473684210525	0.29411764705882354
neunundvierzigstens	nɔɪnʊntfɪʁtsɪkstns	nɔɪnʊntfɪʁtsɪkstns	nɔønʊndviɾtsɪcstəns	nɔɔʏnʊntviʁtsɪgstɛns	compound	neunundvierzig|sten|s	0.0	0.3684210526315789	0.3	nɔɪ̯nʊntfɪʁt͡sɪkstn̩s	nɔønʊntviɾtsɪgstɛns	0.14285714285714285	0.3157894736842105
neunundvierzigster	nɔɪnʊntfɪʁtsɪcstɐ	nɔɪnʊntfɪʁtsɪkʃteɐ	nɔønʊndviɾtsɪcstɜ	nɔɔʏnʊntviʁtsɪgstɐ	compound	neunundvierzig|ster	0.16666666666666666	0.35294117647058826	0.2777777777777778	nɔɪ̯nʊntfɪʁt͡sɪkstɐ	nɔønʊntviɾtsɪgstɐ̯	0.15789473684210525	0.3333333333333333
neunundzwanzigfach	nɔɪnʊnttsvantsɪcfax	nɔønʊnttsvantsɪcfax	nɔønʊnttsvantsɪcfax	nɔɔʏnʊnttsvantsɪkfax	compound	neunundzwanzig|fach	0.05263157894736842	0.05263157894736842	0.15	nɔønʊnttsvantsɪçfax	nɔønʊnttsvantsɪkfax	0.10526315789473684	0.10526315789473684
neunundzwanzigfacher	nɔɪnʊnttsvantsɪcfaxɐ	nɔønʊnttsvantsɪcfaxɜ	nɔønʊnttsvantsɪcfaxɜ	nɔɔʏnʊnttsvantsɪkfaxɐ	compound	neunundzwanzig|facher	0.1	0.1	0.14285714285714285	nɔønʊnttsvantsɪçfaxɜ	nɔønʊnttsvantsɪkfaxɐ̯	0.15	0.14285714285714285
neunundzwanzigjährig	nɔɪnʊnttsvantsɪcjɛːʁɪc	nɔønʊnttsvantsɪcjɛrɪc	nɔønʊnttsvantsɪɡjɛrɪc	nɔɔʏnʊnttsvantsɪkjɛʁɪc	compound	neunundzwanzig|jährig	0.09523809523809523	0.14285714285714285	0.13636363636363635	nɔønʊnttsvantsɪçjɛrɪç	nɔønʊnttsvantsɪkjɛɾɪç	0.19047619047619047	0.19047619047619047
neunundzwanzigmal	nɔɪnʊnttsvantsɪcmaːl	nɔønʊnttsvantsɪcmal	nɔønʊnttsvantsɪɡmɑl	nɔɔʏnʊnttsvantsɪkmal	compound	neunundzwanzig|mal	0.05263157894736842	0.15789473684210525	0.15	nɔønʊnttsvantsɪçmɑl	nɔønʊnttsvantsɪkmal	0.15789473684210525	0.10526315789473684
neunundzwanzigminütig	nɔɪnʊntsvantsɪcminyːtɪc	nɔønʊnttsvantsɪcminytɪc	nɔønʊnttsvantsɪɡminytɪc	nɔɔʏnʊnttsvantsɪkmɪnytɪc	compound	neunundzwanzig|minütig	0.08695652173913043	0.13043478260869565	0.20833333333333334	nɔønʊnttsvantsɪçminytɪç	nɔønʊnttsvantsɪkminytɪç	0.17391304347826086	0.17391304347826086
neunundzwanzigminütiger	nɔɪnʊntsvantsɪcminyːtɪɡɐ	nɔønʊnttsvantsɪcminytɪgɜ	nɔønʊnttsvantsɪɡminytɪɡɜ	nɔɔʏnʊnttsvantsɪkmɪnytɪgɐ	compound	neunundzwanzig|minütiger	0.16666666666666666	0.16666666666666666	0.24	nɔønʊnttsvantsɪçminytɪgɜ	nɔønʊnttsvantsɪkminytɪgɐ̯	0.20833333333333334	0.2
neunundzwanzigstens	nɔɪnʊnttsvantsɪcstns	nɔɪnʊnttsvantsɪkstns	nɔønʊnttsvantsɪcstəns	nɔɔʏnʊnttsvantsɪgstɛns	compound	neunundzwanzigsten|s	0.05	0.09523809523809523	0.18181818181818182	nɔɪ̯nʊntt͡svant͡sɪkstn̩s	nɔønʊnttsvantsɪgstɛns	0.20833333333333334	0.14285714285714285
neunundzwanzigstündig	nɔɪnʊnttsvantsɪcʃtʏndɪc	nɔønʊnttsvantsɪcʃtʏndɪc	nɔønʊnttsvantsɪcʃtyndɪc	nɔɔʏnʊnttsvantsɪgstʏndɪc	compound	neunundzwanzig|stündig	0.043478260869565216	0.08695652173913043	0.16666666666666666	nɔønʊnttsvantsɪçʃtʏndɪç	nɔønʊnttsvantsɪgstʏndɪç	0.13043478260869565	0.17391304347826086
neunundzwanzigstündiger	nɔɪnʊnttsvantsɪcʃtʏndɪɡɐ	nɔønʊnttsvantsɪcʃtʏndɪceɐ	nɔønʊnttsvantsɪcʃtyndɪɡɜ	nɔɔʏnʊnttsvantsɪgstʏndɪgɐ	compound	neunundzwanzig|stündig|er	0.12	0.125	0.2	nɔønʊnttsvantsɪçʃtʏndɪgɜ	nɔønʊnttsvantsɪgstʏndɪgɐ̯	0.16666666666666666	0.2
neunundzwanzigtägig	nɔɪnʊnttsvantsɪctɛːɡɪc	nɔønʊnttsvantsɪctɛɡɪk	nɔønʊnttsvantsɪctɛɡɪc	nɔɔʏnʊnttsvantsɪktɛgɪc	compound	neunundzwanzig|t|ä|gig	0.09523809523809523	0.047619047619047616	0.18181818181818182	nɔɪ̯nʊntt͡svant͡sɪçtɛɡɪç	nɔønʊnttsvantsɪktɛgɪç	0.20833333333333334	0.19047619047619047
neunundzwanzigtägiger	nɔɪnʊnttsvantsɪctɛːɡɪɡɐ	nɔɪnʊnttsvantsɪctɛɡɪɡɐ	nɔønʊnttsvantsɪctɛɡɪɡɜ	nɔɔʏnʊnttsvantsɪktɛgɪgɐ	compound	neun|und|zwanzigtägiger	0.0	0.09090909090909091	0.21739130434782608	nɔɪ̯nʊntt͡svant͡sɪçtɛɡɪɡɐ	nɔønʊnttsvantsɪktɛgɪgɐ̯	0.16	0.21739130434782608
neunzehneckiger	nɔɪntseːnɛkɪcɡɐ	nɔɪntsenɛkɪceɐ	nɔøntsenɛkɪɡɜ	nɔɔʏntsenɛkɪgɐ	compound	neunzehneckig|er	0.07142857142857142	0.23076923076923078	0.2857142857142857	nɔɪ̯nt͡senɛkɪɡɐ	nɔøntsenɛkɪgɐ̯	0.2	0.2857142857142857
neunzehnfach	nɔɪntseːnfax	nɔɪntsenfax	nɔøntsenfax	nɔɔʏntsenfax	compound	neunzehn|fach	0.0	0.09090909090909091	0.16666666666666666	nɔɪ̯nt͡senfax	nɔøntsenfax	0.15384615384615385	0.09090909090909091
neunzehnköpfig	nɔɪntseːnkœpfɪc	nɔɪntsenkœpfɪɡ	nɔøntsenkœpfɪc	nɔɔʏntseŋkœpfɪc	compound	neunzehn|köpfig	0.07142857142857142	0.07142857142857142	0.2	nɔɪ̯nt͡senkœp͡fɪk	nɔøntseŋkœpfɪç	0.23529411764705882	0.21428571428571427
neunzehnköpfiger	nɔɪntseːnkœpfɪɡɐ	nɔɪntsenkœpfɪɡɐ	nɔøntsenkœpfɪɡɜ	nɔɔʏntseŋkœpfɪgɐ	compound	neun|zehnköpfiger	0.0	0.13333333333333333	0.25	nɔɪ̯nt͡senkœp͡fɪɡɐ	nɔøntseŋkœpfɪgɐ̯	0.16666666666666666	0.25
neunzehnminütig	nɔɪntseːnminyːtɪc	nɔɪntsenminytɪc	nɔøntsenminytɪc	nɔɔʏntsenmɪnytɪc	compound	neunzehn|minütig	0.0	0.06666666666666667	0.1875	nɔɪ̯nt͡senminytɪk	nɔøntsenminytɪç	0.17647058823529413	0.13333333333333333
neunzehnseitig	nɔɪntseːnzaɪtɪc	nɔɪntsenzaɪtɪc	nɔøntsenzaɪtɪc	nɔɔʏntsenzəitɪc	compound	neunzehn|seitig	0.0	0.07142857142857142	0.26666666666666666	nɔɪ̯nt͡senzaɪ̯tɪk	nɔøntsenzəitɪç	0.23529411764705882	0.2857142857142857
neunzehntens	nɔɪntseːntəns	nɔɪntsentns	nɔøntsentəns	nɔɔʏntsentɛns	compound	neunzehnten|s	0.09090909090909091	0.08333333333333333	0.23076923076923078	nɔɪ̯nt͡sentəns	nɔøntsentɛns	0.14285714285714285	0.16666666666666666
neunzehntägig	nɔɪntseːntɛːɡɪc	nɔɪntsentɛɡɪk	nɔøntsentɛɡɪc	nɔɔʏntsentɛgɪc	compound	neun|zehntägig	0.07692307692307693	0.07692307692307693	0.21428571428571427	nɔɪ̯nt͡sentɛɡɪk	nɔøntsentɛgɪç	0.2	0.23076923076923078
neunzehntägiger	nɔɪntseːntɛːɡɪɡɐ	nɔɪntsentɛɡɪɡɐ	nɔøntsentɛɡɪɡɜ	nɔɔʏntsentɛgɪgɐ	compound	neun|zehntägiger	0.0	0.14285714285714285	0.26666666666666666	nɔɪ̯nt͡sentɛɡɪɡɐ	nɔøntsentɛgɪgɐ̯	0.125	0.26666666666666666
neunzehnwöchig	nɔɪntseːnvœcɪc	nɔɪntsenvœcɪc	nɔøntsenvœcɪc	nɔɔʏntsenvœcɪc	compound	neunzehn|wöchig	0.0	0.07692307692307693	0.14285714285714285	nɔɪ̯nt͡senvœçɪk	nɔøntsenvœçɪç	0.26666666666666666	0.23076923076923078
neunzigfach	nɔɪntsɪkfax	nɔɪntsɪkfax	nɔøntsɪcfax	nɔɔʏntsɪkfax	compound	neunzig|fach	0.0	0.18181818181818182	0.16666666666666666	nɔøntsɪçfax	nɔøntsɪkfax	0.18181818181818182	0.09090909090909091
neunzigfacher	nɔɪntsɪkfaxɐ	nɔɪntsɪkfaxɜ	nɔøntsɪcfaxɜ	nɔɔʏntsɪkfaxɐ	compound	neunzig|facher	0.08333333333333333	0.25	0.15384615384615385	nɔɪ̯nt͡sɪçfaxɐ	nɔøntsɪkfaxɐ̯	0.21428571428571427	0.15384615384615385
neunzigstündig	nɔɪntsɪcʃtʏndɪc	nɔɪntsɪkʃtʏndɪc	nɔøntsɪcʃtyndɪc	nɔɔʏntsɪgstʏndɪc	compound	neunzig|stündig	0.06666666666666667	0.13333333333333333	0.25	nɔɪ̯nt͡sɪkʃtʏndɪk	nɔøntsɪgstʏndɪç	0.23529411764705882	0.26666666666666666
neunzigtägig	nɔɪntsɪktɛːɡɪk	nɔɪntsɪktɛɡɪk	nɔøntsɪctɛɡɪc	nɔɔʏntsɪktɛgɪc	compound	neunzig|t|ä|gig	0.0	0.23076923076923078	0.2857142857142857	nɔɪ̯nt͡sɪçtɛɡɪk	nɔøntsɪktɛgɪç	0.2	0.23076923076923078
neunzigwöchig	nɔɪntsɪcvœcɪc	nɔɪntsɪkvœcɪc	nɔøntsɪɡvœcɪc	nɔɔʏntsɪkvœcɪc	compound	neunzig|wöchig	0.07692307692307693	0.15384615384615385	0.21428571428571427	nɔɪ̯nt͡sɪkvœçɪk	nɔøntsɪkvœçɪç	0.3333333333333333	0.3076923076923077
nichtrostend	nɪctʁɔstənt	nɪctʁɔstnt	nɪctɾɔstənt	nɪctʁɔstɛnt	compound	nicht|rostend	0.1	0.09090909090909091	0.09090909090909091	nɪçtʁɔstn̩t	nɪçtɾɔstɛnt	0.2727272727272727	0.2727272727272727
nieden	niːdn	niden	nidən	nidən	compound	nie|den	0.2	0.2	0.2	nidn̩	nidən	0.2	0.2
niederknieen	niːdɐkniːən	nidɐkniɛn	nidɜkniən	nidɛʁkniən	compound	niederknie|en	0.1111111111111111	0.1111111111111111	0.2	nidɐkniən	nidɛɾknijəən	0.0	0.3333333333333333
niederstarren	niːdɐʃtaʁən	nidɐʃtaʁən	nidɜstarən	nidɛʁstaʁʁən	compound	nieder|starren	0.0	0.3	0.3333333333333333	nidɐʃtaʁən	nidɛɾstaɾɾən	0.0	0.4166666666666667
niederwärts	niːdɐvɛʁts	nidɐvɛʁts	nidɜvɛɾts	nidɛʁvɛʁts	compound	nieder|wärts	0.0	0.2222222222222222	0.2	nidɐvɛʁt͡s	nidɛɾvɛɾts	0.1	0.3
nierig	niːʁɪk	niʁik	nirɪc	niʁɪc	compound	nie|r|ig	0.2	0.4	0.2	niʁɪk	niɐ̯ɪç	0.0	0.5
niobhaltig	nioːphaltɪc	niophaltɪk	nɪophaltɪc	nɪobaltɪc	compound	niob|haltig	0.1	0.1	0.3333333333333333	niɔphaltɪk	niopaltɪç	0.2	0.2222222222222222
nischt	nɪʃt	nɪʃt	nɪʃt	nɪʃt	compound	n|isch|t	0.0	0.0	0.0	nɪʃt	nɪʃt	0.0	0.0
norditalienisch	nɔʁtʔitaljɛːnɪʃ	nɔʁtitaliənɪʃ	nɔɾditɑlɪenɪʃ	nɔʁditalinɪʃ	compound	norditalien|isch	0.15384615384615385	0.38461538461538464	0.25	nɔʁtitali̯ənɪʃ	nɔɾditɑlinɪʃ	0.21428571428571427	0.4166666666666667
nullachtfuffzehn	nʊlʔaxtfʊftseːn	nʊlaxtfʊftsen	nʊlaxtfʊftsen	nʊllaxtfʊfftsen	compound	null|acht|f|uff|zehn	0.0	0.0	0.13333333333333333	nʊlaxtfʊft͡sen	nʊllaxtfʊfftsen	0.07142857142857142	0.13333333333333333
nussig	nʊsɪk	nʊsik	nʊsɪc	nʊszɪc	compound	nuss|ig	0.2	0.2	0.3333333333333333	nʊsɪç	nʊszɪç	0.2	0.3333333333333333
nuttig	nʊtɪk	nʊtik	nʊtɪc	nʊtɪc	compound	nutt|ig	0.2	0.2	0.2	nʊtɪk	nʊtɪç	0.0	0.2
nuttigen	nʊtɪɡn	nʊtɪɡn	nʊtɪɡən	nʊtɪgən	compound	nutt|igen	0.0	0.14285714285714285	0.2857142857142857	nʊtɪɡn̩	nʊtɪgən	0.14285714285714285	0.2857142857142857
nuttigste	nʊtɪkstə	nʊtikstə	nʊtɪcstə	nʊtɪgstə	compound	nutt|ig|ste	0.125	0.125	0.125	nʊtɪkstə	nʊtɪgstə	0.0	0.125
nuttigstem	nʊtɪkstəm	nʊtikstəm	nʊtɪcstəm	nʊtɪgstəm	compound	nutt|ig|ste|m	0.1111111111111111	0.1111111111111111	0.1111111111111111	nʊtɪkstəm	nʊtɪgstəm	0.0	0.1111111111111111
nuttigsten	nʊtɪkstn	nʊtikstn	nʊtɪcstən	nʊtɪgstən	compound	nutt|ig|sten	0.125	0.2222222222222222	0.2222222222222222	nʊtɪkstn̩	nʊtɪgstən	0.1111111111111111	0.2222222222222222
nuttigstes	nʊtɪkstəs	nʊtikstəs	nʊtɪcstəs	nʊtɪgstəs	compound	nutt|ig|ste|s	0.1111111111111111	0.1111111111111111	0.1111111111111111	nʊtɪkstəs	nʊtɪgstəs	0.0	0.1111111111111111
oja	oːja	oja	ojɑ	oja	compound	o|ja	0.0	0.3333333333333333	0.0	ojɑ	ojɑ	0.3333333333333333	0.3333333333333333
organismisch	ɔʁɡanɪsmɪʃ	ɔʁɡanɪsmɪʃ	ɔɾɡanɪsmɪʃ	ɔʁganɪsmɪʃ	compound	organ|is|misch	0.0	0.1	0.1	ɔʁɡanɪsmɪʃ	ɔɾgɑnɪsmɪʃ	0.0	0.3
organoleptisch	ɔʁɡanolɛptɪʃ	ɔʁɡanolɛptɪʃ	ɔɾɡanolɛptɪʃ	ɔʁganolɛptɪʃ	compound	organ|o|lept|isch	0.0	0.08333333333333333	0.08333333333333333	ɔʁɡanolɛptɪʃ	ɔɾgɑnolɛptɪʃ	0.0	0.25
ovovegetarisch	ovoveːɡetaːrɪʃ	ovoveɡetaʁɪʃ	ovoveɡetɑrɪʃ	ovovegətaʁɪʃ	compound	o|v|o|vegetarisch	0.08333333333333333	0.08333333333333333	0.25	ovovegetɑrɪʃ	ovovegetɑɾɪʃ	0.16666666666666666	0.25
pachtweise	paχtvaɪzə	paxtvaɪzə	paxtvaɪzə	paxtvaezə	compound	pacht|weise	0.1111111111111111	0.1111111111111111	0.2222222222222222	paxtvaɪzə	paxtvaezə	0.1111111111111111	0.2222222222222222
panendeistisch	panʔɛndeɪstɪʃ	panɛndeɪstɪʃ	pɑnəndaɪstɪʃ	panɛndəɪstɪʃ	compound	pan|en|deistisch	0.0	0.25	0.08333333333333333	panɛndeɪstɪʃ	pɑnɛndaestɪʃ	0.0	0.25
panentheistisch	panʔɛnteɪstɪʃ	panɛnteɪstɪʃ	pɑnəntaɪstɪʃ	panɛntəɪstɪʃ	compound	pan|en|theist|isch	0.0	0.25	0.08333333333333333	panɛnteɪstɪʃ	pɑnɛntaestɪʃ	0.0	0.25
pazifizieren	patsɪfitsiːʁən	patsifitsiʁən	pɑtsifitsirən	patsifitsiʁən	compound	pa|z|i|fi|zieren	0.07692307692307693	0.23076923076923078	0.07692307692307693	pat͡sifit͡siʁən	pɑtsifitsiɾen	0.2	0.3076923076923077
pfurzen	pfʊɐtsn	pfʊʁtsn	pf??tsən	pfʊʁtsən	compound	p|furzen	0.14285714285714285	0.375	0.25	p͡fʊʁt͡sn̩	pfʊɾtsən	0.4	0.25
phosphorhaltig	fɔsfoːɐhaltɪc	fɔsfoɐhaltɪk	fɔsfɔɾhaltɪc	fɔspɔʁaltɪc	compound	phosphor|haltig	0.08333333333333333	0.16666666666666666	0.36363636363636365	fɔsfoɐ̯haltɪk	fɔspɔɾaltɪç	0.15384615384615385	0.45454545454545453
pickig	pikik	pɪkik	pɪkɪc	pɪkɪc	compound	pick|ig	0.2	0.6	0.6	pɪkɪk	pɪkɪç	0.4	0.6
platinfarben	plaːtiːnfaʁbn	platinfaʁbm	plɑtɪnfaɾbən	platɪnfaʁbən	compound	platin|farben	0.09090909090909091	0.3333333333333333	0.16666666666666666	platinfaʁbn̩	plɑtɪnfaɾbən	0.08333333333333333	0.3333333333333333
polydeistisch	polydeɪstɪʃ	polideɪstɪʃ	polydaɪstɪʃ	polydaestɪʃ	compound	poly|deistisch	0.09090909090909091	0.09090909090909091	0.18181818181818182	polideɪstɪʃ	polydaestɪʃ	0.09090909090909091	0.18181818181818182
polyedrisch	poliʔeːdʁɪʃ	poliedʁɪʃ	polyɛdɾɪʃ	polvɛdʁɪʃ	compound	poly|e|drisch	0.0	0.3333333333333333	0.2222222222222222	poliedʁɪʃ	polydɾɪʃ	0.0	0.375
polygonalen	poliɡonaːlən	poliɡonalən	polyɡonɑlən	polygonalən	compound	polygonale|n	0.0	0.18181818181818182	0.18181818181818182	poliɡonalən	polygonalən	0.0	0.18181818181818182
polymerisieren	polimeʁiziːʁən	polimeɐiziʁən	polymerizirən	polymeʁiziʁən	compound	polymer|isieren	0.07692307692307693	0.23076923076923078	0.07692307692307693	polimeɐ̯iziʁən	polymeɾiziɾen	0.14285714285714285	0.3076923076923077
porig	poːʁɪk	poʁik	porɪc	poʁɪc	compound	po|r|ig	0.2	0.4	0.2	porɪç	poɾɪç	0.4	0.4
posttraumatisch	pɔsttʁaʊmaːtɪʃ	posttʁaʊmatɪʃ	pɔstɾaʊmɑtɪʃ	pɔsttʁaomatɪʃ	compound	post|traumatisch	0.07692307692307693	0.25	0.07692307692307693	pɔsttʁaʊ̯matɪʃ	pɔsttɾaomɑtɪʃ	0.07142857142857142	0.23076923076923078
preisverdächtig	pʁaɪsfɛɐdɛctɪc	pʁaɪsfɛɐdɛctɪk	pɾaɪsfɜdɛctɪc	pʁaesvɛʁdɛctɪc	compound	preis|verdächtig	0.07142857142857142	0.23076923076923078	0.21428571428571427	pɾaɪsfɜdɛçtɪç	pɾaesvɛɾdɛçtɪç	0.38461538461538464	0.42857142857142855
promigeil	pʁoːmiɡaɪl	pʁɔmiɡaɪl	pɾomɪɡaɪl	pʁomɪgəil	compound	promi|geil	0.1111111111111111	0.2222222222222222	0.4444444444444444	pʁomiɡaɪ̯l	pɾomɪgəil	0.1	0.5555555555555556
prädial	pʁɛːdiaːl	pʁɛdial	pɾɛdiɑl	pʁɛdial	compound	prä|dia|l	0.0	0.2857142857142857	0.0	pʁɛdi̯al	pɾɛdial	0.125	0.14285714285714285
präfaschistisch	pʁɛːfaʃɪstɪʃ	pʁɛfaʃɪstɪʃ	pɾɛfaʃɪstɪʃ	pʁɛfaʃɪstɪʃ	compound	prä|faschistisch	0.0	0.09090909090909091	0.0	pʁɛfaʃɪstɪʃ	pɾɛfaʃɪstɪʃ	0.0	0.09090909090909091
präfigieren	pʁɛfiɡiːʁən	pʁɛfiɡiʁən	pɾɛfɪɡirən	pʁɛfɪgiʁən	compound	prä|fi|gieren	0.0	0.3	0.2	pʁɛfiɡiʁən	pɾɛfɪgiɾen	0.0	0.5
prägefrisch	pʁɛːɡəfʁɪʃ	pʁɛɡəfʁɪʃ	pɾɛɡɛfrɪʃ	pʁɛgɛfʁɪʃ	compound	präge|frisch	0.0	0.3333333333333333	0.2222222222222222	pʁɛɡəfʁɪʃ	pɾɛgɛfɾɪʃ	0.0	0.4444444444444444
präkambrisch	pʁɛːkambʁɪʃ	pʁɛkambʁɪʃ	pɾɛkambɾɪʃ	pʁɛkambʁɪʃ	compound	prä|kambrisch	0.0	0.2	0.0	pʁɛkambʁɪʃ	pɾɛkambrɪʃ	0.0	0.2
präokkupieren	pʁɛʔɔkʊpiːʁən	pʁɛɔkupiʁən	pɾɛɔkupirən	pʁɛɔkupiʁən	compound	prä|okkupieren	0.09090909090909091	0.2727272727272727	0.09090909090909091	pʁɛɔkupiʁən	pɾɛokupiɾen	0.09090909090909091	0.45454545454545453
präpubertierend	pʁɛːpubɛʁtiːʁənt	pʁɛpubɛʁtiʁənt	pɾɛpubɛɾtirənt	pʁɛpubɛʁtiʁɛnt	compound	prä|pubertierend	0.0	0.21428571428571427	0.07142857142857142	pʁɛpubɛʁtiʁənt	pɾɛpubɛɾtiɾɛnt	0.0	0.2857142857142857
putrifizieren	putʁɪfitsiːʁən	pʊtʁifitsiʁən	pʊtɾifitsirən	pʊtʁifitsiʁən	compound	put|rif|i|zieren	0.15384615384615385	0.3076923076923077	0.15384615384615385	pʊtɾifitsirən	pʊtɾifitsiɾen	0.3076923076923077	0.38461538461538464
püttkern	pʏtkɐn	pʏtkɛʁn	pytkɜn	pʏttkɛʁn	compound	pütt|kern	0.2857142857142857	0.3333333333333333	0.375	pʏtkɛʁn	pʏttkɛɾn	0.2857142857142857	0.375
quarren	kvaʁən	kvaʁen	kvarən	kvuaʁʁən	compound	qua|r|ren	0.16666666666666666	0.16666666666666666	0.25	kvaʁən	kvaɾɾən	0.0	0.2857142857142857
querschießen	kveːɐʃiːsn	kveɐʃisn	kvɛɾʃisən	kvuɐʃiszən	compound	quer|schießen	0.0	0.3333333333333333	0.3	kveɐ̯ʃisn̩	kvɛɾʃipən	0.2	0.4444444444444444
querschlagen	kveːɐʃlaːɡn	kveɐʃlaɡn	kvɛɾʃlɑɡən	kvuɐʃlagən	compound	quer|schlagen	0.0	0.4	0.3	kveɐ̯ʃlaɡn̩	kvɛɾstslɑgən	0.18181818181818182	0.6666666666666666
rausbringen	ʁausbʁɪŋən	ʁaʊsbʁɪŋən	raʊsbɾɪŋən	ʁaosbʁɪŋən	compound	raus|bringen	0.1	0.3	0.1	ʁaʊ̯sbʁɪŋən	ɾaozbrɪŋən	0.18181818181818182	0.4
rausdrehen	ʁaʊsdʁeːən	ʁaʊsdʁeən	raʊsdɾeən	ʁaosdʁeən	compound	raus|drehen	0.0	0.2222222222222222	0.1111111111111111	ʁaʊ̯sdʁeən	ɾaozdɾeən	0.1	0.4444444444444444
rauskriegen	ʁaʊskʁiːɡən	ʁaʊskʁiɡn	raʊskɾiɡən	ʁaoskʁigən	compound	raus|kriegen	0.1111111111111111	0.2	0.2	ʁaʊ̯skʁiɡn̩	ɾaoskɾigən	0.2727272727272727	0.4
rechtdrehen	ʁɛctdʁeːən	ʁɛctdʁeən	rɛctdɾeən	ʁɛctdʁeən	compound	recht|drehen	0.0	0.2222222222222222	0.0	rɛçtdɾeən	ɾɛçtdɾeən	0.3333333333333333	0.3333333333333333
rechtstreu	ʁɛctstʁɔɪ	ʁɛctstʁɔɪ	rɛctstɾɔø	ʁɛctstʁɔɔʏ	compound	rechts|treu	0.0	0.3333333333333333	0.2	ʁɛçt͡stʁɔɪ̯	ɾɛçtstɾɔø	0.2727272727272727	0.4444444444444444
recyclingfähig	ʁisaɪklɪŋfɛːɪc	ʁisaɪklɪŋfɛɪk	resyklɪŋfɛɪc	ʁetsʏtslɪŋfɛɪc	compound	recycling|fähig	0.07692307692307693	0.3333333333333333	0.35714285714285715	ʁisaɪ̯klɪŋfɛɪk	ɾetsʏtslɪŋfɛɪç	0.14285714285714285	0.5
refundieren	ʁefʊndiːʁən	ʁefʊndiʁən	refʊndirən	ʁefʊndiʁən	compound	re|fundieren	0.0	0.2	0.0	ʁefʊndiʁən	ɾefʊndiɾen	0.0	0.3
republikflüchtig	ʁepubliːkflʏctɪk	ʁepublikflʏctɪk	republɪkflyctɪc	ʁepʊblɪkflʏctɪc	compound	republik|flüchtig	0.0	0.26666666666666666	0.2	ʁepublikflʏçtɪk	ɾepʊblɪkflʏçtɪç	0.06666666666666667	0.3333333333333333
retweeten	ʁiːtviːtn	ɹitwitɛn	rɛtvetən	ʁɛtvəətən	compound	retweet|en	0.375	0.5	0.4444444444444444	ɹitwitɛn	ɾɛtvəətən	0.375	0.5555555555555556
rhexigen	ʁɛksiɡeːn	ʁhɛksɪɡn	rɛksɪɡən	ʁeksigən	compound	r|hex|igen	0.375	0.375	0.375	ʁɛksiɡn̩	ɾheksɪgən	0.25	0.6666666666666666
rosenrot	ʁoːznʁoːt	ʁoznʁot	rozənrot	ʁozɛnʁot	compound	rosen|rot	0.0	0.375	0.125	ʁozn̩ʁot	ɾozɛnɾot	0.125	0.375
rotblau	ʁoːtblaʊ	ʁotblaʊ	rɔtblaʊ	ʁɔtblao	compound	rot|blau	0.0	0.2857142857142857	0.2857142857142857	ʁotblaʊ̯	ɾɔtblao	0.125	0.42857142857142855
rotgelb	ʁoːtɡɛlp	ʁotɡɛlp	rɔtɡɛlp	ʁɔtgɛlp	compound	rot|gelb	0.0	0.2857142857142857	0.2857142857142857	ʁotɡɛlp	ɾɔtgɛlp	0.0	0.42857142857142855
rothäutig	ʁoːthɔɪtɪk	ʁotɔɪtɪk	rɔtɔøtɪc	ʁɔtɔɔʏtɪc	compound	roth|äu|tig	0.125	0.625	0.4444444444444444	ʁotɔɪ̯tɪk	ɾɔtɔøtɪç	0.2222222222222222	0.625
rumeiern	rʊmaɪɐn	ʁumaɪɐn	rumaɪɜn	ʁuməiʁn	compound	rum|eiern	0.2857142857142857	0.2857142857142857	0.7142857142857143	ʁumaɪ̯ɐn	ɾumaeɛɾn	0.375	0.625
rumexperimentieren	ʁʊmʔɛkspeʁimɛntiːʁən	ʁumɛkspeʁimɛntiʁən	rumɛksperiməntirən	ʁumɛkspeʁimɛntiʁən	compound	rum|experimentieren	0.05555555555555555	0.2777777777777778	0.05555555555555555	ʁʊmɛkspeʁimɛntiʁən	ɾumɛkspeɾimɛntiɾen	0.0	0.2777777777777778
rumexperimentierend	ʁʊmʔɛkspeʁimɛntiːʁənt	ʁumɛkspeʁimɛntiʁənt	rumɛksperiməntirənt	ʁumɛkspeʁimɛntiʁɛnt	compound	rum|experimentierend	0.05263157894736842	0.2631578947368421	0.10526315789473684	rʊmɛkspɛɾɪməntirənt	ɾumɛkspeɾimɛntiɾɛnt	0.3157894736842105	0.2631578947368421
rumexperimentiert	ʁʊmʔɛkspeʁimɛntiːɐt	ʁumɛkspeʁimɛntiɐt	rumɛksperiməntiɾt	ʁumɛkspeʁimɛntiʁt	compound	rum|experimentiert	0.058823529411764705	0.29411764705882354	0.11764705882352941	rʊmɛkspɛɾɪməntiɾt	ɾumɛkspeɾimɛntiɾt	0.35294117647058826	0.23529411764705882
rumspringen	ʁʊmʃpʁɪŋən	ʁumʃpʁɪŋən	rʊmʃpɾɪŋən	ʁʊmʃpʁɪŋən	compound	rum|springen	0.1	0.2	0.0	ʁʊmʃpʁɪŋən	ɾʊmspɾɪŋən	0.0	0.3
runterdrücken	ʁʊntɐdʁʏkn	ʁʊntɐdʁʏkn	rʊntɜdɾykən	ʁʊntɛʁdʁʏkən	compound	runter|drücken	0.0	0.45454545454545453	0.25	ʁʊntɐdʁʏkn̩	ɾʊntɛɾdɾʏkən	0.09090909090909091	0.4166666666666667
runterkippen	ʁʊntɐkɪpən	ʁʊntɐkɪpn	rʊntɜkɪpən	ʁʊntɛʁkɪppən	compound	runter|kippen	0.1111111111111111	0.2	0.25	ʁʊntɐkɪpn̩	ɾʊntɛɾkɪppən	0.2	0.3333333333333333
runterkommen	ʁʊntɐkɔmən	ʁʊntɐkɔmən	rʊntɜkɔmən	ʁʊntɛʁkɔmmən	compound	runter|kommen	0.0	0.2	0.25	ʁʊntɐkɔmən	ɾʊntɛɾkɔmmən	0.0	0.3333333333333333
rückdrehen	ʁʏkdʁeːən	ʁʏkdʁeən	rykdɾeən	ʁʏkdʁeən	compound	rück|drehen	0.0	0.375	0.0	ʁʏkdʁeən	ɾʏkdɾeən	0.0	0.25
rügenswert	ʁyːɡənsveːɐt	ʁyɡnsveɐt	ryɡənsveɾt	ʁygɛnsvɛʁt	compound	rügens|wert	0.1111111111111111	0.2	0.4	rygənsveɾt	ɾygɛnsvɛɾt	0.3	0.5
sachgemäß	zaxɡəmɛːs	zaxɡəmɛs	zaxɡemɛs	zaxgəmɛss	compound	sach|gemäß	0.0	0.125	0.2222222222222222	zaxɡəmɛs	zaxgemɛs	0.0	0.25
sags	zaːks	zaks	zɑks	zaks	compound	sag|s	0.0	0.25	0.0	zɑks	zaks	0.25	0.0
sagts	zaːkts	zakts	zɑkts	zakts	compound	sagt|s	0.0	0.2	0.0	zɑkts	zakts	0.2	0.0
salzartig	zaltsʔaːɐtɪc	zaltsaɐtɪk	zaltsaɾtɪc	zaltsaʁtɪc	compound	salz|artig	0.1	0.1	0.1	zalt͡saɐ̯tɪk	zaltsaɾtɪç	0.25	0.2
saugefährlich	zaʊɡəfɛːɐlɪc	zaʊɡəfɛɐlɪc	zaʊɡefɛɾlɪc	zaogefɛʁlɪc	compound	sau|gefährlich	0.0	0.18181818181818182	0.36363636363636365	zaʊ̯ɡəfɛɐ̯lɪç	zaogefɛɾlɪç	0.23076923076923078	0.45454545454545453
saugefährliche	zaʊɡəfɛːɐlɪcə	zaʊɡəfɛɐlɪcə	zaʊɡefɛɾlɪcə	zaogefɛʁlɪcə	compound	sau|gefährliche	0.0	0.16666666666666666	0.3333333333333333	zaʊ̯ɡəfɛɐ̯lɪçə	zaogefɛɾlɪçə	0.21428571428571427	0.4166666666666667
schad	ʃaːt	ʃat	ʃɑt	ʃat	compound	sch|ad	0.0	0.3333333333333333	0.0	ʃɑt	ʃɑt	0.3333333333333333	0.3333333333333333
scheckigste	ʃɛkɪcstə	ʃɛkɪcstə	ʃɛkɪcstə	ʃɛkɪgstə	compound	scheckig|ste	0.0	0.0	0.125	ʃɛkɪkstə	ʃɛkɪgstə	0.125	0.125
scheckigstem	ʃɛkɪkstəm	ʃɛkɪkstəm	ʃɛkɪcstəm	ʃɛkɪgstəm	compound	sch|eckigstem	0.0	0.1111111111111111	0.1111111111111111	ʃɛkɪkstəm	ʃɛkɪgstəm	0.0	0.1111111111111111
scheckigsten	ʃɛkɪcstn	ʃɛkɪcstn	ʃɛkɪcstən	ʃɛkɪgstən	compound	scheckig|sten	0.0	0.1111111111111111	0.2222222222222222	ʃɛkɪkstn̩	ʃɛkɪgstən	0.2222222222222222	0.2222222222222222
scheckigstes	ʃɛkɪkstəs	ʃɛkɪkstəs	ʃɛkɪcstəs	ʃɛkɪgstəs	compound	sch|eckigstes	0.0	0.1111111111111111	0.1111111111111111	ʃɛkɪkstəs	ʃɛkɪgstəs	0.0	0.1111111111111111
schenkweise	ʃɛŋkvaɪzə	ʃɛŋkvaɪzə	ʃɛŋkvaɪzə	ʃɛŋkvaezə	compound	schenk|weise	0.0	0.0	0.1111111111111111	ʃɛŋkvaɪzə	ʃɛŋkvaezə	0.0	0.1111111111111111
schlachtfertig	ʃlaxtfɛʁtɪk	ʃlaxtfɛʁtɪk	ʃlaxtfɛɾtɪc	ʃlaxtfɛʁtɪc	compound	schlacht|fertig	0.0	0.18181818181818182	0.09090909090909091	ʃlaxtfɛʁtɪk	ʃlaxtfɛɾtɪç	0.0	0.18181818181818182
schlahn	ʃlaːn	ʃlan	ʃlɑn	ʃlan	compound	sch|lahn	0.0	0.25	0.0	ʃlan	ʃlɑn	0.0	0.25
schlammartig	ʃlamʔaːɐtɪc	ʃlamaɐtɪk	ʃlamaɾtɪc	ʃlammaʁtɪc	compound	schlamm|artig	0.1111111111111111	0.1111111111111111	0.2	ʃlamaɐ̯tɪk	ʃlammaɾtɪç	0.2	0.3
schleißig	ʃlaɪsɪk	ʃlaɪsik	ʃlaɪsɪc	ʃlaeszɪc	compound	schleiß|ig	0.14285714285714285	0.14285714285714285	0.375	ʃlaɪ̯sɪk	ʃlaezɪç	0.125	0.42857142857142855
schleuderförmig	ʃloʏdɐfœʁmɪc	ʃlɔɪdɐfœɾmɪc	ʃlɔødɜfœɾmɪc	ʃlɔɔʏdɛʁfœʁmɪc	compound	schleuder|förmig	0.25	0.3333333333333333	0.2857142857142857	ʃlɔɪ̯dɐfœʁmɪk	ʃlɔødɛɾfœɾmɪç	0.3076923076923077	0.46153846153846156
schnullen	ʃnʊlən	ʃnʊlən	ʃnʊlən	ʃnʊllən	compound	sch|nullen	0.0	0.0	0.14285714285714285	ʃnʊlən	ʃnʊllən	0.0	0.14285714285714285
schnurlos	ʃnuːʁloːs	ʃnuɐlos	ʃn??los	ʃnʊʁlos	compound	schnur|los	0.14285714285714285	0.2857142857142857	0.14285714285714285	ʃnuɐ̯los	ʃnuɐlos	0.25	0.14285714285714285
schwarzbrennen	ʃvaʁtsbʁɛnən	ʃvaʁtsbʁɛnən	ʃvaɾtsbɾɛnən	ʃvaʁtsbʁɛnnən	compound	schwarz|brennen	0.0	0.16666666666666666	0.07692307692307693	ʃvaʁt͡sbʁɛnən	ʃvaɾtsbrɛnnən	0.07692307692307693	0.23076923076923078
schwarzgrau	ʃvaʁtsɡʁaʊ	ʃvaʁtsɡʁaʊ	ʃvaɾtsɡɾaʊ	ʃvaʁtsgʁao	compound	schwarz|grau	0.0	0.2	0.2	ʃvaʁt͡sɡʁaʊ̯	ʃvaɾtsgɾao	0.16666666666666666	0.4
schwatt	ʃvat	ʃvat	ʃvat	ʃvat	compound	sch|watt	0.0	0.0	0.0	ʃvat	ʃvat	0.0	0.0
schwefelähnlich	ʃveːflɛːnlɪc	ʃveflɛnlɪc	ʃvefəlɛnlɪc	ʃvefelɛnlɪc	compound	schwefel|ähnlich	0.0	0.09090909090909091	0.09090909090909091	ʃvefl̩ɛnlɪç	ʃvefelɛnlɪç	0.18181818181818182	0.18181818181818182
sechsfüßig	zɛksfyːsɪc	zɛksfysɪc	zɛksfysɪc	zɛcsfʏszɪc	compound	sechs|f|ü|ßig	0.0	0.0	0.3	zɛksfʏsɪk	zɛçsfyzɪç	0.2222222222222222	0.3333333333333333
sechshundertjährig	zɛkshʊndɐtjɛːʁɪc	zɛkshʊndɐtjɛrɪc	zɛkshʊndɜtjɛrɪc	zɛcsʊndɛʁtjɛʁɪc	compound	sechshundert|jährig	0.06666666666666667	0.13333333333333333	0.26666666666666666	zɛkshʊndɐtjɛʁɪk	zɛçsʊndɛɾtjɛɾɪç	0.06666666666666667	0.4
sechshunderttausend	zɛkshʊndɐttaʊznt	zɛkshʊndɐttaʊznt	zɛkshʊndɜtaʊzənt	zɛcsʊndɛʁttaozɛnt	compound	sechshundert|tausend	0.0	0.1875	0.35294117647058826	zɛkshʊndɐttaʊ̯zn̩t	zɛçsʊndɛɾttaozɛnt	0.1111111111111111	0.35294117647058826
sechssprachig	zeksʃpʁaːχɪk	zɛksʃpʁaxik	zɛksʃpɾɑxɪc	zɛcsspʁaxɪc	compound	sechs|sprach|ig	0.2727272727272727	0.45454545454545453	0.45454545454545453	zɛksʃpʁaxɪk	zɛçsspɾaxɪç	0.18181818181818182	0.5454545454545454
sechstausendfach	zɛkstaʊzntfaχ	zɛkstaʊzntfax	zɛkstaʊzəntfax	zɛcstaozɛntfax	compound	sechstausend|fach	0.07692307692307693	0.14285714285714285	0.2857142857142857	zɛkstaʊ̯zn̩tfax	zɛçstaozɛntfax	0.2	0.2857142857142857
sechstausendste	zɛkstaʊzntstə	zɛkstaʊzntstə	zɛkstaʊzəndstə	zɛcstaozɛndstə	compound	sechstausend|ste	0.0	0.14285714285714285	0.2857142857142857	zɛkstaʊ̯zn̩t͡stə	zɛçstaozɛndstə	0.1875	0.2857142857142857
sechsundachtzigste	zɛksʊntaxtsɪcstə	zɛksʊntaxtsɪkstə	zɛksʊndaxtsɪcstə	zɛcsʊndaxtsɪgstə	compound	sechsundachtzig|ste	0.0625	0.0625	0.1875	zɛksʊntaxt͡sɪkstə	zɛksʊndaxtsɪgstə	0.11764705882352941	0.125
sechsunddreissigmal	zɛksʊntdʁaɪsɪcmaːl	zɛksʊntdʁaɪsɪɡmal	zɛksʊndɾaɪsɪɡmɑl	zɛcsʊndʁaeszɪkmal	compound	sechs|unddreissi|g|mal	0.058823529411764705	0.25	0.29411764705882354	zɛksʊndɾaɪsɪgmɑl	zɛksʊnddɾaeszɪkmal	0.25	0.2777777777777778
sechsunddreissigstens	zɛksʊntdʁaɪsɪcstns	zɛksaɪʊntdʁaɪsɪcstns	zɛksʊndɾaɪsɪcstəns	zɛcsʊndʁaeszɪgstɛns	compound	sechs|unddreissigstens	0.1	0.16666666666666666	0.3157894736842105	zɛksʊndɾaɪsɪçstəns	zɛksʊnddɾaeszɪgstɛns	0.2222222222222222	0.3
sechsunddreißigeckig	zɛksʊntdʁaɪsɪcɛkɪc	zɛksʊntdʁaɪsɪkɛkɪk	zɛksʊndɾaɪsɪɡɛkɪc	zɛcsʊndʁaeszɪgɛkɪc	compound	sechsunddreißig|eckig	0.1111111111111111	0.17647058823529413	0.2777777777777778	zɛksʊntdʁaɪ̯sɪɡəkɪk	zɛksʊnddɾaezigɛkɪç	0.21052631578947367	0.3888888888888889
sechsunddreißigeckiger	zɛksʊntdʁaɪsɪcɛkɪɡɐ	zɛksʊntdʁaɪsɪkɛkɪɡɐ	zɛksʊndɾaɪsɪɡɛkɪɡɜ	zɛcsʊndʁaeszɪgɛkɪgɐ	compound	sechsunddreißig|eckiger	0.05263157894736842	0.2222222222222222	0.3157894736842105	zɛksʊntdʁaɪ̯sɪɡəkɪɡɐ	zɛksʊnddɾaeazigɛkɪgɐ̯	0.15	0.42857142857142855
sechsunddreißigfach	zɛksʊntdʁaɪsɪcfax	zɛksʊntdʁaɪsɪkfax	zɛksʊndɾaɪsɪcfax	zɛcsʊndʁaeszɪkfax	compound	sechsunddreißig|fach	0.058823529411764705	0.125	0.29411764705882354	zɛksʊndɾaɪsɪçfax	zɛksʊnddɾaeɪkfax	0.1875	0.3125
sechsunddreißigfacher	zɛksʊntdʁaɪsɪcfaxɐ	zɛksʊntdʁaɪsɪkfaxɜ	zɛksʊndɾaɪsɪcfaxɜ	zɛcsʊndʁaeszɪkfaxɐ	compound	sechsunddreißig|facher	0.1111111111111111	0.17647058823529413	0.2777777777777778	zɛksʊndɾaɪsɪçfaxɜ	zɛksʊnddɾaeɪkfaxɐ̯	0.23529411764705882	0.3333333333333333
sechsunddreißigjährig	zɛksʊntdʁaɪsɪcjɛːʁɪc	zɛksʊntdʁaɪsɪkjɛrɪc	zɛksʊndɾaɪsɪɡjɛrɪc	zɛcsʊndʁaeszɪkjɛʁɪc	compound	sechsunddreißig|jährig	0.10526315789473684	0.2222222222222222	0.2631578947368421	zɛksʊntdʁaɪ̯sɪkjɛʁɪk	zɛksʊnddɾaeʃɪkjɛɾɪç	0.15	0.3684210526315789
sechsunddreißigmal	zɛksʊntdʁaɪsɪcmaːl	zɛksʊntdʁaɪsɪkmal	zɛksʊndɾaɪsɪɡmɑl	zɛcsʊndʁaeszɪkmal	compound	sechsunddreißig|mal	0.058823529411764705	0.25	0.29411764705882354	zɛksʊndɾaɪsɪçmɑl	zɛksʊnddɾaejɪkmal	0.25	0.29411764705882354
sechsunddreißigminütig	zɛksʊntdʁaɪsɪcminyːtɪc	zɛksʊntdʁaɪsɪkminytɪc	zɛksʊndɾaɪsɪɡminytɪc	zɛcsʊndʁaeszɪkmɪnytɪc	compound	sechsunddreißig|minütig	0.047619047619047616	0.15	0.2857142857142857	zɛksʊntdʁaɪ̯sɪkminytɪk	zɛksʊnddɾaejɪkminytɪç	0.13636363636363635	0.2857142857142857
sechsunddreißigminütiger	zɛksʊntdʁaɪsɪcminyːtɪɡɐ	zɛksʊntdʁaɪsɪkminytɪgɜ	zɛksʊndɾaɪsɪɡminytɪɡɜ	zɛcsʊndʁaeszɪkmɪnytɪgɐ	compound	sechsunddreißig|minütiger	0.13636363636363635	0.19047619047619047	0.3181818181818182	zɛksʊntdʁaɪ̯sɪkminytɪɡɐ	zɛksʊnddɾaejɪkminytɪgɐ̯	0.08695652173913043	0.30434782608695654
sechsunddreißigmonatig	zɛksʊntdʁaɪsɪcmoːnatɪc	zɛksʊntdʁaɪsɪkmonatɪc	zɛksʊndɾaɪsɪɡmonatɪc	zɛcsʊndʁaeszɪkmonatɪc	compound	sechsunddreißig|monatig	0.047619047619047616	0.15	0.23809523809523808	zɛksʊndɾaɪsɪçmonɑtɪç	zɛksʊnddɾaejɪkmonɑtɪç	0.25	0.3333333333333333
sechsunddreißigstens	zɛksʊntdʁaɪsɪcstns	zɛksʊntdʁaɪsɪkstns	zɛksʊndɾaɪsɪcstəns	zɛcsʊndʁaeszɪgstɛns	compound	sechsunddreißigsten|s	0.05555555555555555	0.16666666666666666	0.3157894736842105	zɛksʊntdʁaɪ̯sɪkstn̩s	zɛksʊnddɾaejɪgstɛns	0.15	0.3157894736842105
sechsunddreißigstündig	zɛksʊntdʁaɪsɪcʃtʏndɪc	zɛksʊntdʁaɪsɪkʃtʏndɪc	zɛksʊndɾaɪsɪcʃtyndɪc	zɛcsʊndʁaeszɪgstʏndɪc	compound	sechsunddreißig|stündig	0.047619047619047616	0.15	0.2857142857142857	zɛksʊntdʁaɪ̯sɪkʃtʏndɪk	zɛksʊnddɾaejɪgstʏndɪç	0.13636363636363635	0.3333333333333333
sechsunddreißigstündiger	zɛksʊntdʁaɪsɪcʃtʏndɪɡɐ	zɛksʊntdʁaɪsɪkʃtʏndɪceɐ	zɛksʊndɾaɪsɪcʃtyndɪɡɜ	zɛcsʊndʁaeszɪgstʏndɪgɐ	compound	sechsunddreißig|stündig|er	0.13043478260869565	0.19047619047619047	0.3181818181818182	zɛksʊntdʁaɪ̯sɪkʃtʏndɪɡɐ	zɛksʊnddɾaejɪgstʏndɪgɐ̯	0.08695652173913043	0.34782608695652173
sechsundfünfzigfach	zɛksʊntfʏnftsɪcfax	zɛksʊntfʏnftsɪkfax	zɛksʊntfynftsɪcfax	zɛcsʊntfʏnftsɪkfax	compound	sechsundfünfzig|fach	0.05555555555555555	0.05555555555555555	0.1111111111111111	zɛksʊntfʏnft͡sɪkfax	zɛksʊntfʏnftsɪkfax	0.10526315789473684	0.05555555555555555
sechsundfünfzigjährig	zɛksʊntfʏnftsɪcjɛːʁɪc	zɛksʊntfʏnftsɪkjɛrɪc	zɛksʊntfynftsɪɡjɛrɪc	zɛcsʊntfʏnftsɪkjɛʁɪc	compound	sechsundfünfzig|jährig	0.1	0.15	0.1	zɛksʊntfʏnft͡sɪkjɛʁɪk	zɛksʊntfʏnftsɪkjɛɾɪç	0.14285714285714285	0.15
sechsundfünfzigmal	zɛksʊntfʏnftsɪcmaːl	zɛksʊntfʏnftsɪkmal	zɛksʊntfynftsɪɡmɑl	zɛcsʊntfʏnftsɪkmal	compound	sechsundfünfzig|mal	0.05555555555555555	0.16666666666666666	0.1111111111111111	zɛksʊntfʏnft͡sɪkmal	zɛksʊntfʏnftsɪkmal	0.10526315789473684	0.05555555555555555
sechsundfünfzigste	zɛksʊntfʏnftsɪcstə	zɛksʊntfʏnftsɪkstə	zɛksʊntfynftsɪcstə	zɛcsʊntfʏnftsɪgstə	compound	sechsundfünfzig|ste	0.05555555555555555	0.05555555555555555	0.1111111111111111	zɛksʊntfʏnft͡sɪkstə	zɛksʊntfʏnftsɪgstə	0.10526315789473684	0.05555555555555555
sechsundneunzigste	zɛksʊntnɔɪntsɪcstə	zɛksʊndnɔøntsɪcstə	zɛksʊndnɔøntsɪcstə	zɛcsʊndnɔɔʏntsɪgstə	compound	sechsundneunzig|ste	0.1111111111111111	0.1111111111111111	0.2631578947368421	zɛksʊndnɔøntsɪçstə	zɛksʊndnɔøntsɪgstə	0.16666666666666666	0.16666666666666666
sechsundsechzigste	zɛksʊntzɛctsɪcstə	zɛksʊntzɛctsɪkstə	zɛksʊndzɛctsɪcstə	zɛcsʊntzɛctsɪgstə	compound	sechsundsechzig|ste	0.058823529411764705	0.058823529411764705	0.11764705882352941	zɛksʊntzɛçt͡sɪkstə	zɛksʊntzɛçtsɪgstə	0.16666666666666666	0.11764705882352941
sechsundsiebzigste	zɛksʊntziːptsɪcstə	zɛksʊntziptsɪkstə	zɛksʊndziptsɪcstə	zɛcsʊntziptsɪgstə	compound	sechsundsiebzig|ste	0.058823529411764705	0.058823529411764705	0.11764705882352941	zɛksʊntzipt͡sɪkstə	zɛksʊntziptsɪgstə	0.1111111111111111	0.058823529411764705
sechsundvierzigfach	zɛksʊntfɪɐtsɪcfax	zɛksʊntfɪʁtsɪkfax	zɛksʊndviɾtsɪcfax	zɛcsʊntviʁtsɪkfax	compound	sechsundvierzig|fach	0.11764705882352941	0.23529411764705882	0.29411764705882354	zɛksʊntfɪʁt͡sɪkfax	zɛksʊntviɾtsɪkfax	0.16666666666666666	0.23529411764705882
sechsundvierzigjährig	zɛksʊntfɪɐtsɪcjɛːʁɪc	zɛksʊntfɪʁtsɪkjɛrɪc	zɛksʊndviɾtsɪɡjɛrɪc	zɛcsʊntviʁtsɪkjɛʁɪc	compound	sechsundvierzig|jährig	0.15789473684210525	0.3157894736842105	0.2631578947368421	zɛksʊndviɾtsɪgjɛrɪç	zɛksʊntviɾtsɪkjɛɾɪç	0.3684210526315789	0.3157894736842105
sechsundvierzigmal	zɛksʊntfɪɐtsɪcmaːl	zɛksʊntfɪʁtsɪkmal	zɛksʊndviɾtsɪɡmɑl	zɛcsʊntviʁtsɪkmal	compound	sechsundvierzig|mal	0.11764705882352941	0.35294117647058826	0.29411764705882354	zɛksʊntfɪʁt͡sɪkmal	zɛksʊntviɾtsɪkmal	0.16666666666666666	0.23529411764705882
sechsundvierzigminütig	zɛksʊntfɪɐtsɪcminyːtɪc	zɛksʊntfɪʁtsɪkminytɪc	zɛksʊndviɾtsɪɡminytɪc	zɛcsʊntviʁtsɪkmɪnytɪc	compound	sechsundvierzig|minütig	0.09523809523809523	0.23809523809523808	0.2857142857142857	zɛksʊntfɪʁt͡sɪkminytɪk	zɛksʊntviɾtsɪkminytɪç	0.18181818181818182	0.23809523809523808
sechsundvierzigminütiger	zɛksʊntfɪɐtsɪcminyːtɪɡɐ	zɛksʊntfɪʁtsɪkminytɪgɜ	zɛksʊndviɾtsɪɡminytɪɡɜ	zɛcsʊntviʁtsɪkmɪnytɪgɐ	compound	sechsundvierzig|minütiger	0.18181818181818182	0.2727272727272727	0.3181818181818182	zɛksʊntfɪʁt͡sɪkminytɪɡɐ	zɛksʊntviɾtsɪkminytɪgɐ̯	0.13043478260869565	0.2608695652173913
sechsundvierzigste	zɛksʊntfɪʁtsɪcstə	zɛksʊntfɪʁtsɪkstə	zɛksʊndviɾtsɪcstə	zɛcsʊntviʁtsɪgstə	compound	sechsundvierzig|ste	0.058823529411764705	0.23529411764705882	0.23529411764705882	zɛksʊntfɪʁt͡sɪkstə	zɛksʊntviɾtsɪgstə	0.1111111111111111	0.23529411764705882
sechsundvierzigstens	zɛksʊntfɪʁtsɪkstns	zɛksʊntfɪʁtsɪkstns	zɛksʊndviɾtsɪcstəns	zɛcsʊntviʁtsɪgstɛns	compound	sechsundvierzig|sten|s	0.0	0.3157894736842105	0.2631578947368421	zɛksʊntfɪʁt͡sɪkstn̩s	zɛksʊntviɾtsɪgstɛns	0.1	0.2631578947368421
sechsundvierzigster	zɛksʊntfɪʁtsɪcstɐ	zɛksʊntfɪʁtsɪkʃteɐ	zɛksʊndviɾtsɪcstɜ	zɛcsʊntviʁtsɪgstɐ	compound	sechsundvierzig|ster	0.16666666666666666	0.29411764705882354	0.23529411764705882	zɛksʊntfɪʁt͡sɪkstɐ	zɛksʊntviɾtsɪgstɐ̯	0.1111111111111111	0.2777777777777778
sechsundvierzigstündig	zɛksʊntfɪɐtsɪcʃtʏndɪc	zɛksʊntfɪʁtsɪkʃtʏndɪc	zɛksʊndviɾtsɪcʃtyndɪc	zɛcsʊntviʁtsɪgstʏndɪc	compound	sechsundvierzig|stündig	0.09523809523809523	0.23809523809523808	0.2857142857142857	zɛksʊntfɪʁt͡sɪkʃtʏndɪk	zɛksʊntviɾtsɪgstʏndɪç	0.18181818181818182	0.2857142857142857
sechsundvierzigstündiger	zɛksʊntfɪɐtsɪcʃtʏndɪɡɐ	zɛksʊntfɪʁtsɪkʃtʏndɪceɐ	zɛksʊndviɾtsɪcʃtyndɪɡɜ	zɛcsʊntviʁtsɪgstʏndɪgɐ	compound	sechsundvierzig|stündig|er	0.17391304347826086	0.2727272727272727	0.3181818181818182	zɛksʊntfɪʁt͡sɪkʃtʏndɪɡɐ	zɛksʊntviɾtsɪgstʏndɪgɐ̯	0.13043478260869565	0.30434782608695654
sechsundzwanzigfach	zɛksʊnttsvantsɪcfax	zɛksʊnttsvantsɪcfax	zɛksʊnttsvantsɪcfax	zɛcsʊnttsvantsɪkfax	compound	sechsundzwanzig|fach	0.0	0.0	0.10526315789473684	zɛksʊnttsvantsɪçfax	zɛksʊnttsvantsɪkfax	0.05263157894736842	0.05263157894736842
sechsundzwanzigjährig	zɛksʊntsvantsɪcjɛːʁɪc	zɛksʊnttsvantsɪcjɛrɪc	zɛksʊnttsvantsɪɡjɛrɪc	zɛcsʊnttsvantsɪkjɛʁɪc	compound	sechsundzwanzig|jährig	0.09523809523809523	0.14285714285714285	0.14285714285714285	zɛksʊnttsvantsɪçjɛrɪç	zɛksʊnttsvantsɪkjɛɾɪç	0.19047619047619047	0.19047619047619047
sechsundzwanzigköpfig	zɛksʊntsvantsɪckœpfɪc	zɛksʊnttsvantsɪckœpfɪɡ	zɛksʊnttsvantsɪckœpfɪc	zɛcsʊnttsvantsɪkkœpfɪc	compound	sechsundzwanzig|köpfig	0.09090909090909091	0.045454545454545456	0.13636363636363635	zɛksʊnttsvantsɪçkœpfɪç	zɛksʊnttsvantsɪkkœpfɪç	0.13636363636363635	0.13636363636363635
sechsundzwanzigköpfiger	zɛksʊntsvantsɪckœpfɪɡɐ	zɛksʊnttsvantsɪckœpfɪɡeɐ	zɛksʊnttsvantsɪckœpfɪɡɜ	zɛcsʊnttsvantsɪkkœpfɪgɐ	compound	sechsundzwanzig|köpfig|er	0.08333333333333333	0.08695652173913043	0.17391304347826086	zɛksʊnttsvantsɪçkœpfɪgɜ	zɛksʊnttsvantsɪkkœpfɪgɐ̯	0.17391304347826086	0.16666666666666666
sechsundzwanzigmal	zɛksʔʊnttsvantsɪcmaːl	zɛksʊnttsvantsɪcmal	zɛksʊnttsvantsɪɡmɑl	zɛcsʊnttsvantsɪkmal	compound	sechsundzwanzig|mal	0.0	0.10526315789473684	0.10526315789473684	zɛksʊnttsvantsɪçmɑl	zɛksʊnttsvantsɪkmal	0.10526315789473684	0.05263157894736842
sechsundzwanzigminütig	zɛksʊntsvantsɪcminyːtɪc	zɛksʊnttsvantsɪcminytɪc	zɛksʊnttsvantsɪɡminytɪc	zɛcsʊnttsvantsɪkmɪnytɪc	compound	sechsundzwanzig|minütig	0.043478260869565216	0.08695652173913043	0.17391304347826086	zɛksʊnttsvantsɪçminytɪç	zɛksʊnttsvantsɪkminytɪç	0.13043478260869565	0.13043478260869565
sechsundzwanzigminütiger	zɛksʊntsvantsɪcminyːtɪɡɐ	zɛksʊnttsvantsɪcminytɪgɜ	zɛksʊnttsvantsɪɡminytɪɡɜ	zɛcsʊnttsvantsɪkmɪnytɪgɐ	compound	sechsundzwanzig|minütiger	0.125	0.125	0.20833333333333334	zɛksʊntt͡svant͡sɪkminytɪɡɐ	zɛksʊnttsvantsɪkminytɪgɐ̯	0.15384615384615385	0.16
sechsundzwanzigstens	zɛksʊnttsvantsɪcstns	zɛksʊnttsvantsɪkstns	zɛksʊnttsvantsɪcstəns	zɛcsʊnttsvantsɪgstɛns	compound	sechsundzwanzigsten|s	0.05	0.047619047619047616	0.14285714285714285	zɛksʊntt͡svant͡sɪkstn̩s	zɛksʊnttsvantsɪgstɛns	0.17391304347826086	0.09523809523809523
sechsundzwanzigstündig	zɛksʊntsvantsɪcʃtʏndɪc	zɛksʊnttsvantsɪcʃtʏndɪc	zɛksʊnttsvantsɪcʃtyndɪc	zɛcsʊnttsvantsɪgstʏndɪc	compound	sechsundzwanzig|stündig	0.043478260869565216	0.08695652173913043	0.17391304347826086	zɛksʊnttsvantsɪçʃtʏndɪç	zɛksʊnttsvantsɪgstʏndɪç	0.13043478260869565	0.17391304347826086
sechsundzwanzigstündiger	zɛksʊntsvantsɪcʃtʏndɪɡɐ	zɛksʊnttsvantsɪcʃtʏndɪceɐ	zɛksʊnttsvantsɪcʃtyndɪɡɜ	zɛcsʊnttsvantsɪgstʏndɪgɐ	compound	sechsundzwanzig|stündig|er	0.12	0.125	0.20833333333333334	zɛksʊnttsvantsɪçʃtʏndɪgɜ	zɛksʊnttsvantsɪgstʏndɪgɐ̯	0.16666666666666666	0.2
sechsundzwanzigwöchig	zɛksʊntsvantsɪcvœcɪc	zɛksʊnttsvantsɪcvœcɪc	zɛksʊnttsvantsɪɡvœcɪc	zɛcsʊnttsvantsɪkvœcɪc	compound	sechsundzwanzig|wöchig	0.047619047619047616	0.09523809523809523	0.14285714285714285	zɛksʊnttsvantsɪçvœçɪç	zɛksʊnttsvantsɪkvœçɪç	0.19047619047619047	0.19047619047619047
sechsundzwanzigwöchiger	zɛksʊntsvantsɪcvœcɪɡɐ	zɛksʊnttsvantsɪcvœcɪceɐ	zɛksʊnttsvantsɪɡvœcɪɡɜ	zɛcsʊnttsvantsɪkvœcɪgɐ	compound	sechsundzwanzig|wöchig|er	0.13043478260869565	0.13636363636363635	0.18181818181818182	zɛksʊnttsvantsɪçvœçɪgɜ	zɛksʊnttsvantsɪkvœçɪgɐ̯	0.22727272727272727	0.21739130434782608
sechzehneckiger	zɛctseːnɛkɪɡɐ	zɛctsenɛkɪceɐ	zɛctsenɛkɪɡɜ	zɛctsenɛkɪgɐ	compound	sechzehneckig|er	0.15384615384615385	0.08333333333333333	0.08333333333333333	zɛçt͡senɛkɪɡɐ	zɛçtsenɛkɪgɐ̯	0.15384615384615385	0.23076923076923078
sechzehnfach	zɛctseːnfax	zɛctsenfax	zɛctsenfax	zɛctsenfax	compound	sechzehn|fach	0.0	0.0	0.0	zɛçt͡senfax	zɛçtsenfax	0.18181818181818182	0.1
sechzehnköpfig	zɛctseːnkœpfɪc	zɛctsenkœpfɪɡ	zɛctsenkœpfɪc	zɛctseŋkœpfɪc	compound	sechzehn|köpfig	0.07692307692307693	0.0	0.07692307692307693	zɛçt͡senkœp͡fɪk	zɛçtseŋkœpfɪç	0.26666666666666666	0.23076923076923078
sechzehnköpfiger	zɛctseːnkœpfɪɡɐ	zɛctsenkœpfɪɡɐ	zɛctsenkœpfɪɡɜ	zɛctseŋkœpfɪgɐ	compound	sech|zehnköpfiger	0.0	0.07142857142857142	0.14285714285714285	zɛçt͡senkœp͡fɪɡɐ	zɛçtseŋkœpfɪgɐ̯	0.1875	0.26666666666666666
sechzehnmal	zɛctseːnmaːl	zɛctsenmal	zɛctsenmɑl	zɛctsenmal	compound	sechzehn|mal	0.0	0.1	0.0	zɛçt͡senmal	zɛçtsenmal	0.18181818181818182	0.1
sechzehnminütig	zɛctseːnminyːtɪc	zɛctsenminytɪc	zɛctsenminytɪc	zɛctsenmɪnytɪc	compound	sechzehn|minütig	0.0	0.0	0.07142857142857142	zɛçt͡senminytɪk	zɛçtsenminytɪç	0.2	0.14285714285714285
sechzehntens	zɛctseːntəns	zɛctsentns	zɛctsentəns	zɛctsentɛns	compound	sechzehnten|s	0.1	0.0	0.09090909090909091	zɛçt͡sentn̩s	zɛçtsentɛns	0.3333333333333333	0.18181818181818182
sechzehnwöchig	zɛctseːnvœcɪc	zɛctsenvœcɪc	zɛctsenvœcɪc	zɛctsenvœcɪc	compound	sechzehn|wöchig	0.0	0.0	0.0	zɛçt͡senvœçɪk	zɛçtsenvœçɪç	0.3076923076923077	0.25
sechzehnwöchiger	zɛctseːnvœcɪɡɐ	zɛctsenvœcɪɡɐ	zɛctsenvœcɪɡɜ	zɛctsenvœcɪgɐ	compound	sech|zehnwöchiger	0.0	0.07692307692307693	0.07692307692307693	zɛçt͡senvœçɪɡɐ	zɛçtsenvœçɪgɐ̯	0.21428571428571427	0.2857142857142857
sechzigmonatig	zɛctsɪcmoːnatɪc	zɛctsɪkmonatɪc	zɛctsɪɡmonatɪc	zɛctsɪkmonatɪc	compound	sechzig|monatig	0.07142857142857142	0.07142857142857142	0.07142857142857142	zɛçt͡sɪçmonatɪk	zɛçtsɪkmonɑtɪç	0.26666666666666666	0.2857142857142857
sechzigstündig	zɛctsɪcʃtʏndɪc	zɛctsɪkʃtʏndɪc	zɛctsɪcʃtyndɪc	zɛctsɪgstʏndɪc	compound	sechzig|stündig	0.07142857142857142	0.07142857142857142	0.14285714285714285	zɛçt͡sɪkʃtʏndɪk	zɛçtsɪgstʏndɪç	0.26666666666666666	0.2857142857142857
sechzigtausendste	zɛksɪctaʊzntstə	zɛksɪctaʊzntstə	zɛctsɪctaʊzəndstə	zɛctsɪktaozɛndstə	compound	sechzigtausend|ste	0.0	0.23529411764705882	0.35294117647058826	zɛksɪçtaʊzn̩t͡stə	zɛçtsɪktaozɛndstə	0.17647058823529413	0.35294117647058826
sechzigwöchig	zɛctsɪcvœcɪc	zɛctsɪkvœcɪc	zɛctsɪɡvœcɪc	zɛctsɪkvœcɪc	compound	sechzig|wöchig	0.08333333333333333	0.08333333333333333	0.08333333333333333	zɛçt͡sɪkvœçɪk	zɛçtsɪkvœçɪç	0.38461538461538464	0.3333333333333333
seids	zaɪts	zaɪts	zaɪts	zaets	compound	seid|s	0.0	0.0	0.2	zaɪ̯ts	zaets	0.16666666666666666	0.2
seitwärtig	zaɪtvɛʁtɪk	zaɪtvɛɐtik	zaɪtvɛɾtɪc	zaetvɛʁtɪc	compound	seit|wärt|ig	0.2	0.2	0.2	zaɪ̯tvɛʁtɪk	zaetvɛɾtɪç	0.09090909090909091	0.3
selenhaltig	zeleːnhaltɪc	zelenhaltɪk	zelənhaltɪc	zelɛnaltɪc	compound	selen|haltig	0.09090909090909091	0.09090909090909091	0.2	zelenhaltɪk	zelɛnaltɪç	0.09090909090909091	0.3
seligmachen	zeːlɪcmaxn	zelɪkmaxn	zelɪɡmaxən	zelɪkmaxən	compound	selig|machen	0.1111111111111111	0.2	0.2	zelɪkmaxn̩	zelɪkmaxən	0.2	0.2
semipermeabel	zeːmipɛʁmeaːbl	zemipɛʁmeabl	zemipɜmeɑbəl	zəmɪpɛʁməabəl	compound	semi|permeabel	0.0	0.3333333333333333	0.3076923076923077	zemipɛʁmeabl̩	zemipɛɾməɑbel	0.07692307692307693	0.3076923076923077
separatistisch	zepaʁatɪstɪʃ	zepaʁatɪstɪʃ	zeparatɪstɪʃ	zepaʁatɪstɪʃ	compound	separatist|isch	0.0	0.08333333333333333	0.0	zeparatɪstɪʃ	zepɑɾɑtɪstɪʃ	0.08333333333333333	0.25
servicieren	sœːɐvɪsiːʁən	zɛʁvɪkiʁən	zɛɾvisirən	zɛʁvitsiʁən	compound	se|r|vic|ieren	0.4	0.5	0.45454545454545453	zɛʁvɪsiʁən	zɛɾvitsiɾen	0.3	0.6363636363636364
sichs	zɪcs	zɪcs	zɪks	zɪcs	compound	sich|s	0.0	0.25	0.0	zɪçs	zɪks	0.25	0.25
siebenhunderttausend	ziːbenhʊndɐttaʊznt	zibnhʊndɐttaʊznt	zibənhʊndɜtaʊzənt	zibənʊndɛʁttaozɛnt	compound	siebenhundert|tausend	0.0625	0.23529411764705882	0.3333333333333333	zibn̩hʊndɐttaʊ̯zn̩t	zibɛnʊndɛɾttaozɛnt	0.21052631578947367	0.3333333333333333
siebenseitig	ziːbənzaɪtɪc	zibnzaɪtɪc	zibənzaɪtɪc	zibɛnzəitɪc	compound	sieben|seitig	0.1	0.0	0.2727272727272727	zibn̩zaɪtɪç	zibɛnzəitɪç	0.2727272727272727	0.36363636363636365
siebentausendfach	ziːbentaʊzntfaχ	zibntaʊzntfax	zibəntaʊzəntfax	zibɛntaozɛntfax	compound	siebentausend|fach	0.15384615384615385	0.2	0.26666666666666666	zibn̩taʊ̯zn̩tfax	zibɛntaozɛntfax	0.3125	0.26666666666666666
siebentausendste	ziːbentaʊzntstə	zibntaʊzntstə	zibəntaʊzəndstə	zibɛntaozɛndstə	compound	siebentausend|ste	0.07692307692307693	0.2	0.26666666666666666	zibn̩taʊ̯zn̩t͡stə	zibɛntaozɛndstə	0.29411764705882354	0.26666666666666666
siebenunddreissigmal	ziːbnʊntdʁaɪsɪcmaːl	zibnʊntdʁaɪsɪɡmal	zibənʊndɾaɪsɪɡmɑl	zibənʊndʁaeszɪkmal	compound	sieben|unddreissi|g|mal	0.058823529411764705	0.29411764705882354	0.2777777777777778	zibənʊndɾaɪsɪçmal	zibenʊnddɾaeszɪkmal	0.23529411764705882	0.3157894736842105
siebenunddreissigstens	ziːbmʊntdʁaɪsɪcstns	zibnaɪʊntdʁaɪsɪcstns	zibənʊndɾaɪsɪcstəns	zibənʊndʁaeszɪgstɛns	compound	sieben|unddreissigstens	0.15	0.2631578947368421	0.35	zibənʊndɾaɪsɪçstəns	zibenʊnddɾaeszɪgstɛns	0.3157894736842105	0.38095238095238093
siebenunddreißigfach	ziːbmʊndʁaɪsɪcfax	zibnʊntdʁaɪsɪkfax	zibənʊndɾaɪsɪcfax	zibənʊndʁaeszɪkfax	compound	siebenunddreißig|fach	0.17647058823529413	0.17647058823529413	0.2777777777777778	zibn̩ʊntdʁaɪ̯sɪçfax	zibenʊnddɾaeɪkfax	0.2631578947368421	0.4117647058823529
siebenunddreißigfacher	ziːbmʊntdʁaɪsɪcfaxɐ	zibnʊntdʁaɪsɪkfaxɜ	zibənʊndɾaɪsɪcfaxɜ	zibənʊndʁaeszɪkfaxɐ	compound	siebenunddreißig|facher	0.16666666666666666	0.2777777777777778	0.3157894736842105	zibn̩ʊntdʁaɪ̯sɪkfaxɐ	zibenʊnddɾaeɪkfaxɐ̯	0.2	0.42105263157894735
siebenunddreißigjährig	ziːbənʊntdʁaɪsɪcjɛːʁɪc	zibnʊntdʁaɪsɪkjɛrɪc	zibənʊndɾaɪsɪɡjɛrɪc	zibənʊndʁaeszɪkjɛʁɪc	compound	siebenunddreißig|jährig	0.15789473684210525	0.21052631578947367	0.2	zibn̩ʊntdʁaɪ̯sɪkjɛʁɪk	zibenʊnddɾaeʃɪkjɛɾɪç	0.23809523809523808	0.4
siebenunddreißigmal	ziːbnʊntdʁaɪsɪcmaːl	zibnʊntdʁaɪsɪkmal	zibənʊndɾaɪsɪɡmɑl	zibənʊndʁaeszɪkmal	compound	siebenunddreißig|mal	0.058823529411764705	0.29411764705882354	0.2777777777777778	zibn̩ʊntdʁaɪ̯sɪçmal	zibenʊnddɾaejɪkmal	0.15789473684210525	0.3333333333333333
siebenunddreißigminütig	ziːbnʊntdʁaɪsɪcminyːtɪc	zibnʊntdʁaɪsɪkminytɪc	zibənʊndɾaɪsɪɡminytɪc	zibənʊndʁaeszɪkmɪnytɪc	compound	siebenunddreißig|minütig	0.047619047619047616	0.19047619047619047	0.2727272727272727	zibn̩ʊntdʁaɪ̯sɪkminytɪk	zibenʊnddɾaeʃɪkminytɪç	0.17391304347826086	0.3181818181818182
siebenunddreißigminütiger	ziːbnʊntdʁaɪsɪcminyːtɪɡɐ	zibnʊntdʁaɪsɪkminytɪgɜ	zibənʊndɾaɪsɪɡminytɪɡɜ	zibənʊndʁaeszɪkmɪnytɪgɐ	compound	siebenunddreißig|minütiger	0.13636363636363635	0.22727272727272727	0.30434782608695654	zibn̩ʊntdʁaɪ̯sɪkminytɪɡɐ	zibenʊnddɾaejɪkminytɪgɐ̯	0.125	0.3333333333333333
siebenunddreißigstens	ziːbmʊntdʁaɪsɪcstns	zibnʊntdʁaɪsɪkstns	zibənʊndɾaɪsɪcstəns	zibənʊndʁaeszɪgstɛns	compound	siebenunddreißigsten|s	0.1111111111111111	0.2631578947368421	0.35	zibn̩ʊntdʁaɪ̯sɪkstn̩s	zibenʊnddɾaejɪgstɛns	0.23809523809523808	0.4
siebenunddreißigstündiger	ziːbmʊntdʁaɪsɪcʃtʏndɪɡɐ	zibnʊntdʁaɪsɪkʃtʏndɪceɐ	zibənʊndɾaɪsɪcʃtyndɪɡɜ	zibənʊndʁaeszɪgstʏndɪgɐ	compound	siebenunddreißig|stündig|er	0.17391304347826086	0.2727272727272727	0.34782608695652173	zibn̩ʊntdʁaɪ̯sɪkʃtʏndɪɡɐ	zibenʊnddɾaejɪgstʏndɪgɐ̯	0.16666666666666666	0.4166666666666667
siebenundfünfzigfach	ziːbnʊntfʏnftsɪcfax	zibnʊntfʏnftsɪkfax	zibənʊntfynftsɪcfax	zibənʊntfʏnftsɪkfax	compound	siebenundfünfzig|fach	0.05555555555555555	0.10526315789473684	0.10526315789473684	zibn̩ʊntfʏnft͡sɪçfax	zibenʊntfʏnftsɪkfax	0.15	0.10526315789473684
siebenundfünfzigjährig	ziːbnʊntfʏnftsɪcjɛːʁɪc	zibnʊntfʏnftsɪkjɛrɪc	zibənʊntfynftsɪɡjɛrɪc	zibənʊntfʏnftsɪkjɛʁɪc	compound	siebenundfünfzig|jährig	0.1	0.19047619047619047	0.09523809523809523	zibn̩ʊntfʏnft͡sɪkjɛʁɪk	zibenʊntfʏnftsɪkjɛɾɪç	0.18181818181818182	0.19047619047619047
siebenundfünfzigmal	ziːbnʊntfʏnftsɪcmaːl	zibnʊntfʏnftsɪkmal	zibənʊntfynftsɪɡmɑl	zibənʊntfʏnftsɪkmal	compound	siebenundfünfzig|mal	0.05555555555555555	0.21052631578947367	0.10526315789473684	zibn̩ʊntfʏnft͡sɪkmal	zibenʊntfʏnftsɪkmal	0.15	0.10526315789473684
siebenundfünfzigste	ziːbmʊntfʏnftsɪcstə	zibnʊntfʏnftsɪkstə	zibənʊntfynftsɪcstə	zibənʊntfʏnftsɪgstə	compound	siebenundfünfzig|ste	0.1111111111111111	0.15789473684210525	0.15789473684210525	zibn̩ʊntfʏnft͡sɪkstə	zibenʊntfʏnftsɪgstə	0.2	0.15789473684210525
siebenundneunzigste	ziːbmʊntnɔɪntsɪcstə	zibənʊndnɔøntsɪcstə	zibənʊndnɔøntsɪcstə	zibənʊndnɔɔʏntsɪgstə	compound	siebenundneunzig|ste	0.21052631578947367	0.21052631578947367	0.3	zibənʊndnɔøntsɪçstə	zibenʊndnɔøntsɪgstə	0.2631578947368421	0.2631578947368421
siebenundsechzigste	ziːbmʊntzɛctsɪcstə	zibnʊntzɛctsɪkstə	zibənʊndzɛctsɪcstə	zibənʊntzɛctsɪgstə	compound	siebenundsechzig|ste	0.11764705882352941	0.16666666666666666	0.16666666666666666	zibn̩ʊntzɛçt͡sɪkstə	zibenʊntzɛçtsɪgstə	0.2631578947368421	0.2222222222222222
siebenundsiebzigste	ziːbmʊntziːptsɪcstə	zibnʊntziptsɪkstə	zibənʊndziptsɪcstə	zibənʊntziptsɪgstə	compound	siebenundsiebzig|ste	0.11764705882352941	0.16666666666666666	0.16666666666666666	zibn̩ʊntzipt͡sɪkstə	zibenʊntziptsɪgstə	0.21052631578947367	0.16666666666666666
siebenundvierzigfach	ziːbnʊntfɪɐtsɪcfax	zibnʊntfɪʁtsɪkfax	zibənʊndviɾtsɪcfax	zibənʊntviʁtsɪkfax	compound	siebenundvierzig|fach	0.11764705882352941	0.2777777777777778	0.2777777777777778	zibn̩ʊntfɪʁt͡sɪkfax	zibenʊntviɾtsɪkfax	0.21052631578947367	0.2777777777777778
siebenundvierzigjährig	ziːbnʊntfɪɐtsɪcjɛːʁɪc	zibnʊntfɪʁtsɪkjɛrɪc	zibənʊndviɾtsɪɡjɛrɪc	zibənʊntviʁtsɪkjɛʁɪc	compound	siebenundvierzig|jährig	0.15789473684210525	0.35	0.25	zibn̩ʊntfɪʁt͡sɪkjɛʁɪk	zibenʊntviɾtsɪkjɛɾɪç	0.23809523809523808	0.35
siebenundvierzigmal	ziːbnʊntfɪɐtsɪcmaːl	zibnʊntfɪʁtsɪkmal	zibənʊndviɾtsɪɡmɑl	zibənʊntviʁtsɪkmal	compound	siebenundvierzig|mal	0.11764705882352941	0.3888888888888889	0.2777777777777778	zibn̩ʊntfɪʁt͡sɪkmal	zibenʊntviɾtsɪkmal	0.21052631578947367	0.2777777777777778
siebenundvierzigminütig	ziːbnʊntfɪɐtsɪcminyːtɪc	zibnʊntfɪʁtsɪkminytɪc	zibənʊndviɾtsɪɡminytɪc	zibənʊntviʁtsɪkmɪnytɪc	compound	siebenundvierzig|minütig	0.09523809523809523	0.2727272727272727	0.2727272727272727	zibn̩ʊntfɪʁt͡sɪkminytɪk	zibenʊntviɾtsɪkminytɪç	0.21739130434782608	0.2727272727272727
siebenundvierzigminütiger	ziːbnʊntfɪɐtsɪcminyːtɪɡɐ	zibnʊntfɪʁtsɪkminytɪgɜ	zibənʊndviɾtsɪɡminytɪɡɜ	zibənʊntviʁtsɪkmɪnytɪgɐ	compound	siebenundvierzig|minütiger	0.18181818181818182	0.30434782608695654	0.30434782608695654	zibn̩ʊntfɪʁt͡sɪkminytɪɡɐ	zibenʊntviɾtsɪkminytɪgɐ̯	0.16666666666666666	0.2916666666666667
siebenundvierzigste	ziːbmʊntfɪʁtsɪcstə	zibnʊntfɪʁtsɪkstə	zibənʊndviɾtsɪcstə	zibənʊntviʁtsɪgstə	compound	siebenundvierzig|ste	0.11764705882352941	0.3333333333333333	0.2777777777777778	zibn̩ʊntfɪʁt͡sɪkstə	zibenʊntviɾtsɪgstə	0.21052631578947367	0.3333333333333333
siebenundvierzigstens	ziːbmʊntfɪʁtsɪkstns	zibnʊntfɪʁtsɪkstns	zibənʊndviɾtsɪcstəns	zibənʊntviʁtsɪgstɛns	compound	siebenundvierzig|sten|s	0.05555555555555555	0.4	0.3	zibn̩ʊntfɪʁt͡sɪkstn̩s	zibenʊntviɾtsɪgstɛns	0.19047619047619047	0.35
siebenundvierzigster	ziːbmʊntfɪʁtsɪcstɐ	zibnʊntfɪʁtsɪkʃteɐ	zibənʊndviɾtsɪcstɜ	zibənʊntviʁtsɪgstɐ	compound	siebenundvierzig|ster	0.2222222222222222	0.3888888888888889	0.2777777777777778	zibn̩ʊntfɪʁt͡sɪkstɐ	zibenʊntviɾtsɪgstɐ̯	0.21052631578947367	0.3684210526315789
siebenundzwanzigeckig	ziːbmʔʊnttsvantsɪcɛkɪc	zibənʊnttsvantsɪcɛkɪk	zibənʊnttsvantsɪɡɛkɪc	zibənʊnttsvantsɪgɛkɪc	compound	siebenundzwanzig|eckig	0.14285714285714285	0.14285714285714285	0.14285714285714285	zibənʊnttsvantsɪçɛkɪç	zibenʊnttsvantsigɛkɪç	0.19047619047619047	0.23809523809523808
siebenundzwanzigfach	ziːbmʊnttsvantsɪcfax	zibənʊnttsvantsɪcfax	zibənʊnttsvantsɪcfax	zibənʊnttsvantsɪkfax	compound	siebenundzwanzig|fach	0.1	0.1	0.15	zibənʊnttsvantsɪçfax	zibenʊnttsvantsɪkfax	0.15	0.15
siebenundzwanzigfacher	ziːbmʊnttsvantsɪcfaxɐ	zibənʊnttsvantsɪcfaxɜ	zibənʊnttsvantsɪcfaxɜ	zibənʊnttsvantsɪkfaxɐ	compound	siebenundzwanzig|facher	0.14285714285714285	0.14285714285714285	0.14285714285714285	zibənʊnttsvantsɪçfaxɜ	zibenʊnttsvantsɪkfaxɐ̯	0.19047619047619047	0.18181818181818182
siebenundzwanzigjährig	ziːbənʊntsvantsɪcjɛːʁɪc	zibənʊnttsvantsɪcjɛrɪc	zibənʊnttsvantsɪɡjɛrɪc	zibənʊnttsvantsɪkjɛʁɪc	compound	siebenundzwanzig|jährig	0.09090909090909091	0.13636363636363635	0.09090909090909091	zibənʊnttsvantsɪçjɛrɪç	zibenʊnttsvantsɪkjɛɾɪç	0.18181818181818182	0.22727272727272727
siebenundzwanzigköpfiger	ziːbnʊntsvantsɪckœpfɪɡɐ	zibnʊntsvantsɪckœpfɪceɐ	zibənʊnttsvantsɪckœpfɪɡɜ	zibənʊnttsvantsɪkkœpfɪgɐ	compound	siebenundzwanzigköpfig|er	0.08695652173913043	0.125	0.16666666666666666	zibənʊnttsvantsɪçkœpfɪgɜ	zibenʊnttsvantsɪkkœpfɪgɐ̯	0.20833333333333334	0.2
siebenundzwanzigmal	ziːbmʔʊnttsvantsɪcmaːl	zibənʊnttsvantsɪcmal	zibənʊnttsvantsɪɡmɑl	zibənʊnttsvantsɪkmal	compound	siebenundzwanzig|mal	0.1	0.2	0.15	zibənʊnttsvantsɪçmɑl	zibenʊnttsvantsɪkmal	0.2	0.15
siebenundzwanzigminütig	ziːbnʊntsvantsɪcminyːtɪc	zibənʊnttsvantsɪcminytɪc	zibənʊnttsvantsɪɡminytɪc	zibənʊnttsvantsɪkmɪnytɪc	compound	siebenundzwanzig|minütig	0.08333333333333333	0.125	0.16666666666666666	zibənʊnttsvantsɪçminytɪç	zibenʊnttsvantsɪkminytɪç	0.16666666666666666	0.16666666666666666
siebenundzwanzigminütiger	ziːbnʊntsvantsɪcminyːtɪɡɐ	zibənʊnttsvantsɪcminytɪgɜ	zibənʊnttsvantsɪɡminytɪɡɜ	zibənʊnttsvantsɪkmɪnytɪgɐ	compound	siebenundzwanzig|minütiger	0.16	0.16	0.2	zibənʊnttsvantsɪçminytɪgɜ	zibenʊnttsvantsɪkminytɪgɐ̯	0.2	0.19230769230769232
siebenundzwanzigstens	ziːbmʊnttsvantsɪcstns	zibnʊnttsvantsɪkstns	zibənʊnttsvantsɪcstəns	zibənʊnttsvantsɪgstɛns	compound	siebenundzwanzigsten|s	0.1	0.13636363636363635	0.18181818181818182	zibn̩ʊntt͡svant͡sɪkstn̩s	zibenʊnttsvantsɪgstɛns	0.25	0.18181818181818182
siebenundzwanzigstündig	ziːbmʊnttsvantsɪcʃtʏndɪc	zibənʊnttsvantsɪcʃtʏndɪc	zibənʊnttsvantsɪcʃtyndɪc	zibənʊnttsvantsɪgstʏndɪc	compound	siebenundzwanzig|stündig	0.08333333333333333	0.125	0.16666666666666666	zibənʊnttsvantsɪçʃtʏndɪç	zibenʊnttsvantsɪgstʏndɪç	0.16666666666666666	0.20833333333333334
siebenundzwanzigstündiger	ziːbmʊnttsvantsɪcʃtʏndɪɡɐ	zibənʊnttsvantsɪcʃtʏndɪceɐ	zibənʊnttsvantsɪcʃtyndɪɡɜ	zibənʊnttsvantsɪgstʏndɪgɐ	compound	siebenundzwanzig|stündig|er	0.15384615384615385	0.16	0.2	zibənʊnttsvantsɪçʃtʏndɪgɜ	zibenʊnttsvantsɪgstʏndɪgɐ̯	0.2	0.23076923076923078
siebenundzwanzigwöchig	ziːbnʊntsvantsɪcvœcɪc	zibənʊnttsvantsɪcvœcɪc	zibənʊnttsvantsɪɡvœcɪc	zibənʊnttsvantsɪkvœcɪc	compound	siebenundzwanzig|wöchig	0.09090909090909091	0.13636363636363635	0.13636363636363635	zibənʊnttsvantsɪçvœçɪç	zibenʊnttsvantsɪkvœçɪç	0.22727272727272727	0.22727272727272727
siebenundzwanzigwöchiger	ziːbnʊntsvantsɪcvœcɪɡɐ	zibənʊnttsvantsɪcvœcɪceɐ	zibənʊnttsvantsɪɡvœcɪɡɜ	zibənʊnttsvantsɪkvœcɪgɐ	compound	siebenundzwanzig|wöchig|er	0.16666666666666666	0.17391304347826086	0.17391304347826086	zibənʊnttsvantsɪçvœçɪgɜ	zibenʊnttsvantsɪkvœçɪgɐ̯	0.2608695652173913	0.25
siebzehneckiger	ziːptseːnɛkɪɡɐ	ziptsenɛkɪceɐ	ziptsenɛkɪɡɜ	ziptsenɛkɪgɐ	compound	siebzehneckig|er	0.15384615384615385	0.08333333333333333	0.08333333333333333	zipt͡senɛkɪɡɐ	ziptsenɛkɪgɐ̯	0.07692307692307693	0.15384615384615385
siebzehnfach	ziːptseːnfax	ziptsenfax	ziptsenfax	ziptsenfax	compound	siebzehn|fach	0.0	0.0	0.0	zipt͡senfax	ziptsenfax	0.09090909090909091	0.0
siebzehnköpfig	ziːptseːnkœpfɪc	ziptsenkœpfɪɡ	ziptsenkœpfɪc	ziptseŋkœpfɪc	compound	siebzehn|köpfig	0.07692307692307693	0.0	0.07692307692307693	zipt͡senkœp͡fɪk	ziptseŋkœpfɪç	0.2	0.15384615384615385
siebzehnköpfiger	ziːptseːnkœpfɪɡɐ	ziptsenkœpfɪɡɐ	ziptsenkœpfɪɡɜ	ziptseŋkœpfɪgɐ	compound	sieb|zehnköpfiger	0.0	0.07142857142857142	0.14285714285714285	zipt͡senkœp͡fɪɡɐ	ziptseŋkœpfɪgɐ̯	0.125	0.2
siebzehnmal	ziːpseːnmaːl	ziptsenmal	ziptsenmɑl	ziptsenmal	compound	siebzehn|mal	0.1	0.2	0.1	zipt͡senmal	ziptsenmal	0.18181818181818182	0.1
siebzehnminütig	ziːptseːnminyːtɪc	ziptsenminytɪc	ziptsenminytɪc	ziptsenmɪnytɪc	compound	siebzehn|minütig	0.0	0.0	0.07142857142857142	zipt͡senminytɪk	ziptsenminytɪç	0.13333333333333333	0.07142857142857142
siebzehnseitig	ziːptseːnzaɪtɪc	ziptsenzaɪtɪc	ziptsenzaɪtɪc	ziptsenzəitɪc	compound	siebzehn|seitig	0.0	0.0	0.15384615384615385	zipt͡senzaɪ̯tɪk	ziptsenzəitɪç	0.2	0.23076923076923078
siebzehntens	ziːptseːntəns	ziptsentns	ziptsentəns	ziptsentɛns	compound	siebzehnten|s	0.1	0.0	0.09090909090909091	zipt͡sentəns	ziptsentɛns	0.08333333333333333	0.09090909090909091
siebzehnwöchig	ziːptseːnvœcɪc	ziptsenvœcɪc	ziptsenvœcɪc	ziptsenvœcɪc	compound	siebzehn|wöchig	0.0	0.0	0.0	zipt͡senvœçɪk	ziptsenvœçɪç	0.23076923076923078	0.16666666666666666
siebzigfach	ziːptsɪkfax	ziptsɪkfax	ziptsɪcfax	ziptsɪkfax	compound	siebzig|fach	0.0	0.1	0.0	zipt͡sɪçfax	ziptsɪkfax	0.18181818181818182	0.0
siebzigmonatig	ziːptsɪcmoːnatɪc	ziptsɪkmonatɪc	ziptsɪɡmonatɪc	ziptsɪkmonatɪc	compound	siebzig|monatig	0.07142857142857142	0.07142857142857142	0.07142857142857142	zipt͡sɪçmonatɪk	ziptsɪkmonɑtɪç	0.2	0.21428571428571427
siebzigstündig	ziːptsɪcʃtʏndɪc	ziptsɪkʃtʏndɪc	ziptsɪcʃtyndɪc	ziptsɪgstʏndɪc	compound	siebzig|stündig	0.07142857142857142	0.07142857142857142	0.14285714285714285	zipt͡sɪkʃtʏndɪk	ziptsɪgstʏndɪç	0.2	0.21428571428571427
siebzigtausendste	ziːbsɪctaʊzntstə	zibsɪctaʊzntstə	ziptsɪctaʊzəndstə	ziptsɪktaozɛndstə	compound	siebzigtausend|ste	0.0	0.23529411764705882	0.35294117647058826	zibsɪçtaʊzn̩t͡stə	ziptsɪktaozɛndstə	0.17647058823529413	0.35294117647058826
siebzigwöchig	ziːptsɪcvœcɪc	ziptsɪkvœcɪc	ziptsɪɡvœcɪc	ziptsɪkvœcɪc	compound	siebzig|wöchig	0.08333333333333333	0.08333333333333333	0.08333333333333333	zipt͡sɪkvœçɪk	ziptsɪkvœçɪç	0.3076923076923077	0.25
siem	ziːm	zim	zim	zijəm	compound	sie|m	0.0	0.0	0.4	zim	ziəm	0.0	0.25
sien	ziːn	zin	zin	zin	compound	sie|n	0.0	0.0	0.0	zin	ziən	0.0	0.25
silberfarbig	zɪlbɐfaʁbɪk	zɪlbɐfaʁbɪk	zɪlbɜfaɾbɪc	zɪlbɛʁfaʁbɪc	compound	silber|farbig	0.0	0.2727272727272727	0.25	zɪlbɐfaʁbɪk	zɪlbɛɾfaɾbɪç	0.0	0.3333333333333333
silberähnlich	zɪlbɐɛːnlɪc	zɪlbɐɛnlɪc	zɪlberɛnlɪc	zɪlbeʁɛnlɪc	compound	silber|ähnlich	0.0	0.18181818181818182	0.18181818181818182	zɪlbɐɛnlɪç	zɪlbeɾɛnlɪç	0.1	0.2727272727272727
silicathaltig	zilikaːthaltɪc	zilikathaltɪk	zilikataltɪc	zilikataltɪc	compound	silicat|haltig	0.07692307692307693	0.08333333333333333	0.08333333333333333	zilikathaltɪk	zilikataltɪç	0.07692307692307693	0.16666666666666666
sinds	zɪnts	zɪnts	zɪnts	zɪnts	compound	sind|s	0.0	0.0	0.0	zɪnts	zɪnts	0.0	0.0
sinnbefreit	zɪnbəfʁaɪt	zɪnbəfʁaɪt	zɪnbɛfraɪt	zɪnnbəfʁaet	compound	sinn|befreit	0.0	0.2	0.18181818181818182	zɪnbəfʁaɪ̯t	zɪnnbɛfɾəit	0.09090909090909091	0.45454545454545453
skandalträchtig	skandaːltʁɛctɪc	skandaltʁɛctɪk	skandaltɾɛctɪc	skandaltʁɛctɪc	compound	skandal|trächtig	0.07142857142857142	0.07142857142857142	0.0	skandaltʁɛçtɪk	skandaltɾɛçtɪç	0.14285714285714285	0.21428571428571427
solchergleichen	zɔlcɐɡlaɪcən	zɔlcɐɡlaɪcn	zɔlcɜɡlaɪcən	zɔlxɛʁglaecən	compound	solcher|gleichen	0.09090909090909091	0.08333333333333333	0.38461538461538464	zɔlçɐɡlaɪ̯çn̩	zɔlxɛɾglaeçən	0.3076923076923077	0.46153846153846156
spaßbefreit	ʃpaːsbəfʁaɪt	ʃpasbəfʁaɪt	ʃpasbɛfraɪt	ʃpassbɛfʁaet	compound	spaß|befreit	0.0	0.18181818181818182	0.25	ʃpasbəfʁaɪ̯t	ʃpasbɛfɾəit	0.08333333333333333	0.36363636363636365
spiegelgleich	ʃpiːɡəlɡlaɪc	ʃpiɡlɡlaɪc	ʃpiɡəlɡlaɪc	ʃpigɛlglaec	compound	spiegel|gleich	0.1	0.0	0.36363636363636365	ʃpigəlglaɪç	ʃpigɛlglaeç	0.2727272727272727	0.45454545454545453
staatähnlich	ʃtaːtɛːnlɪc	ʃtatɛnlɪc	ʃtɑtɛnlɪc	ʃtatɛnlɪc	compound	staat|ähnlich	0.0	0.1111111111111111	0.0	ʃtatɛnlɪç	ʃtatɛnlɪç	0.1111111111111111	0.1111111111111111
stantepe	ʃtantəpeː	stantəpe	ʃtantepə	ʃtantəpə	compound	st|ante|p|e	0.125	0.25	0.125	ʃtantəpə	ʃtantepə	0.125	0.25
sterbensmüde	toːtmyːdə	ʃtɛʁbnsmydə	ʃtɛɾbənsmydə	ʃtɛʁbɛnsmydə	compound	sterbens|müde	0.5454545454545454	0.5833333333333334	0.5833333333333334	ʃtɛɾbənsmydə	ʃtɛɾbɛnsmydə	0.5833333333333334	0.5833333333333334
sternenübersät	ʃtɛrnənyːbɐzɛːt	ʃtɛʁnənybɐzɛt	ʃtɛɾnənybɜzɛt	ʃtɛʁnenybɛʁzɛt	compound	sternen|übersät	0.07692307692307693	0.15384615384615385	0.2857142857142857	ʃtɛʁnənybɐzɛt	ʃtɛɾnenybɛɾzɛt	0.07692307692307693	0.2857142857142857
stiefväterlich	ʃtiːffɛːtɐlɪc	ʃtiffɛtɐlɪc	ʃtiffɛtɜlɪc	ʃtifvɛtɐlɪc	compound	stiefväter|lich	0.0	0.09090909090909091	0.09090909090909091	ʃtiffɛtɐlɪç	ʃtifvɛtɐ̯lɪç	0.09090909090909091	0.25
stinklangweilig	ʃtɪŋklaŋvaɪlɪk	ʃtɪŋklaŋvaɪlɪk	ʃtɪŋklaŋvaɪlɪc	ʃtɪŋklaŋvaelɪc	compound	stink|langweilig	0.0	0.07142857142857142	0.14285714285714285	ʃtɪŋklaŋvaɪ̯lɪk	ʃtɪŋklaŋvəilɪç	0.06666666666666667	0.21428571428571427
stylisch	staɪlɪʃ	styliʃ	ʃtylɪʃ	ʃtylɪʃ	compound	styli|sch	0.5	0.5	0.5	styliʃ	ʃtylɪʃ	0.5	0.5
suffigieren	zʊfiɡiːʁən	zʊfikiʁən	zʊfɪɡirən	zʊffɪgiʁən	compound	suff|ig|ieren	0.1111111111111111	0.2222222222222222	0.3	zʊfiɡiʁən	zʊffɪgiɾen	0.0	0.5
suizidgefährdet	zuitsiːtɡəfɛːɐdət	zuitsitɡəfɛɐdət	zuitsɪdɡefɛɾdət	zʊitsɪtgefɛʁdət	compound	suizid|gefährdet	0.0	0.26666666666666666	0.3333333333333333	zuit͡sitɡəfɛɐ̯dət	zuitsɪtgefɛɾdət	0.11764705882352941	0.26666666666666666
supertoll	zuːpɐtɔl	zupɐtɔl	zupɜtɔl	zupɛʁtɔll	compound	super|toll	0.0	0.14285714285714285	0.3333333333333333	zupɐtɔl	zupɛɾtɔll	0.0	0.3333333333333333
symbiotisch	zʏmbioːtɪʃ	zʏmbiotɪʃ	zymbɪotɪʃ	zʏmbɪotɪʃ	compound	sym|bio|tisch	0.0	0.2222222222222222	0.1111111111111111	zʏmbiotɪʃ	zʏmbiotɪʃ	0.0	0.0
symbolträchtig	zʏmboːltrɛctɪc	zʏmboltʁɛctɪk	zymbɔltɾɛctɪc	zʏmbɔltʁɛctɪc	compound	symbol|trächtig	0.15384615384615385	0.23076923076923078	0.15384615384615385	zʏmboltʁɛçtɪk	zʏmbɔltɾɛçtɪç	0.23076923076923078	0.3076923076923077
syndyastisch	zʏndyastɪʃ	zʏndyastɪʃ	zyndyastɪʃ	zʏndʏastɪʃ	compound	syn|dyas|tisch	0.0	0.1	0.1	zʏndyastɪʃ	zʏndyastɪʃ	0.0	0.0
säulenähnlich	zɔʏlənɛːnlɪc	zɔɪlənɛnlɪc	zɔølənɛnlɪc	zɔɔʏlenɛnlɪc	compound	säulen|ähnlich	0.09090909090909091	0.09090909090909091	0.16666666666666666	zɔɪ̯lənɛnlɪç	zɔølenɛnlɪç	0.25	0.2727272727272727
säulenähnliche	zɔɪlənʔɛːnlɪcə	zɔɪlənɛnlɪcə	zɔølənɛnlɪcə	zɔɔʏlenɛnlɪcə	compound	säulen|ähnliche	0.0	0.08333333333333333	0.23076923076923078	zɔɪ̯lənɛnlɪçə	zɔølenɛnlɪçə	0.15384615384615385	0.25
säulenähnlichem	zɔɪlənʔɛːnlɪcəm	zɔɪlənɛnlɪcm	zɔølənɛnlɪcəm	zɔɔʏlenɛnlɪcəm	compound	säulen|ähnlichem	0.08333333333333333	0.07692307692307693	0.21428571428571427	zɔɪ̯lənɛnlɪçm̩	zɔølenɛnlɪçəm	0.2857142857142857	0.23076923076923078
säulenähnlichen	zɔɪlənʔɛːnlɪcn	zɔɪlənɛnlɪcn	zɔølənɛnlɪcən	zɔɔʏlenɛnlɪcən	compound	säulen|ähnlichen	0.0	0.15384615384615385	0.2857142857142857	zɔɪ̯lənɛnlɪçn̩	zɔølenɛnlɪçən	0.21428571428571427	0.3076923076923077
säulenähnlicher	zɔɪlənʔɛːnlɪcɐ	zɔɪlənɛnlɪcɐ	zɔølənɛnlɪcɜ	zɔɔʏlenɛnlɪcɐ	compound	säulen|ähnlicher	0.0	0.16666666666666666	0.23076923076923078	zɔɪ̯lənɛnlɪçɐ	zɔølenɛnlɪçɐ̯	0.15384615384615385	0.3076923076923077
säulenähnliches	zɔɪlənʔɛːnlɪcəs	zɔɪlənɛnlɪcəs	zɔølənɛnlɪcəs	zɔɔʏlenɛnlɪcəs	compound	säulen|ähnliches	0.0	0.07692307692307693	0.21428571428571427	zɔɪ̯lənɛnlɪçəs	zɔølenɛnlɪçəs	0.14285714285714285	0.23076923076923078
süditalienisch	zyːtʔitaljɛːnɪʃ	zytitaliənɪʃ	zyditɑlɪenɪʃ	zyditalinɪʃ	compound	süditalien|isch	0.16666666666666666	0.3333333333333333	0.2727272727272727	zytitali̯ənɪʃ	zyditɑlinɪʃ	0.23076923076923078	0.36363636363636365
süditalienischer	zyːtʔitaljɛːnɪʃɐ	zytitalienɪʃɐ	zyditɑlɪenɪʃɜ	zyditalinɪʃɐ	compound	süd|italienischer	0.15384615384615385	0.38461538461538464	0.25	zytitali̯ənɪʃɐ	zyditɑlinɪʃɐ̯	0.21428571428571427	0.38461538461538464
südlibanesisch	zyːtlibaneːzɪʃ	zytlibanezɪʃ	zydlibanezɪʃ	zytlibanezɪʃ	compound	süd|libanesisch	0.0	0.08333333333333333	0.0	zytlibanezɪʃ	zʏdlibɑnezɪʃ	0.0	0.25
südlibanesischer	zyːtlibaneːzɪʃɐ	zytlibanezɪʃɐ	zydlibanezɪʃɜ	zytlibanezɪʃɐ	compound	süd|libanesischer	0.0	0.15384615384615385	0.0	zytlibanezɪʃɐ	zʏdlibɑnezɪʃɐ̯	0.0	0.2857142857142857
tafelig	taːflɪk	taflik	tɑfəlɪc	tafelɪc	compound	tafel|ig	0.16666666666666666	0.42857142857142855	0.2857142857142857	tafl̩ɪk	tɑfelɪç	0.14285714285714285	0.42857142857142855
tamam	tamaːm	tamam	tɑmɑm	tamam	compound	tam|am	0.0	0.4	0.0	tamam	tɑmɑm	0.0	0.4
tantig	tantɪk	tantik	tantɪc	tantɪc	compound	tant|ig	0.16666666666666666	0.16666666666666666	0.16666666666666666	tɛntɪk	tɑntɪç	0.16666666666666666	0.3333333333333333
tatenfroh	taːtnfroː	tatnfʁo	tɑtənfro	tatɛnfʁo	compound	taten|froh	0.14285714285714285	0.25	0.25	tatn̩fʁo	tɑtɛnfɾo	0.25	0.375
telisch	telɪʃ	telɪʃ	telɪʃ	telɪʃ	compound	tel|isch	0.0	0.0	0.0	telɪʃ	telɪʃ	0.0	0.0
teufelsrot	tɔɪflsʁoːt	tɔɪflsʁot	tɔøfəlsrot	tɔɔʏfɛlsʁot	compound	teufels|rot	0.0	0.3	0.2727272727272727	tɔɪ̯fl̩sʁot	tɔøfɛlsɾot	0.18181818181818182	0.3
theistisch	teʔɪstɪʃ	teɪstɪʃ	taɪstɪʃ	təɪstɪʃ	compound	theist|isch	0.0	0.14285714285714285	0.14285714285714285	teɪstɪʃ	taestɪʃ	0.0	0.2857142857142857
themseaufwärts	tɛmzəaʊfvɛʁts	tɛmzəaʊfvɛʁts	tɛmzeaʊfvɛɾts	tɛmzəaofvɛʁts	compound	themse|aufwärts	0.0	0.15384615384615385	0.07692307692307693	tɛmzəaʊ̯fvɛʁt͡s	tɛmzəaofvɛɾts	0.13333333333333333	0.15384615384615385
thermoelektrisch	tɛʁmoelɛktʁɪʃ	tɛʁmoelɛktʁɪʃ	tɛɾmoəlɛktɾɪʃ	tɛʁmɔelɛktʁɪʃ	compound	thermo|elektrisch	0.0	0.23076923076923078	0.07692307692307693	tɛɾmoelɛktɾɪʃ	tɛɾmoelɛktɾɪʃ	0.15384615384615385	0.15384615384615385
tiefenentspannt	tiːfnʔɛntʃpant	tifnɛntʃpant	tifenəntʃpant	tifenɛntspannt	compound	tiefen|entspannt	0.0	0.15384615384615385	0.21428571428571427	tifn̩ɛntʃpant	tifenɛntspannt	0.07692307692307693	0.21428571428571427
totkochen	toːtkɔxn	totkɔxn	tɔtkɔxən	tɔtkɔxən	compound	tot|kochen	0.0	0.25	0.25	totkɔxn̩	tɔtkɔxən	0.125	0.25
traden	trɛɪdn	tʁaden	tɾɑdən	tʁadən	compound	tra|den	0.6666666666666666	0.6666666666666666	0.6666666666666666	tʁaden	tɾɑdən	0.6666666666666666	0.6666666666666666
translozieren	tʁanslotsiːʁən	tʁanslotsiʁən	tɾanslotsirən	tʁanslotsiʁən	compound	trans|lo|zieren	0.0	0.15384615384615385	0.0	tʁanslot͡siʁən	tɾanslotsiɾen	0.07142857142857142	0.23076923076923078
transphobisch	tʁansfobɪʃ	tʁansfopɪʃ	tɾansfobɪʃ	tʁanʃpobɪʃ	compound	transphob|isch	0.1	0.1	0.2	tʁansfobɪʃ	tɾanzfobɪʃ	0.0	0.2
traubig	tʁaʊbɪk	tʁaʊbik	tɾaʊbɪc	tʁaobɪc	compound	trau|big	0.14285714285714285	0.2857142857142857	0.2857142857142857	tɾaʊbɪç	tɾaobɪç	0.2857142857142857	0.42857142857142855
traurigerweise	tʁaʊʁɪɡɐvaɪzə	tʁaʊʁɪɡɐvaɪzə	tɾaʊrɪɡɜvaɪzə	tʁauɐɪgɛʁvaezə	compound	trauriger|weise	0.0	0.23076923076923078	0.42857142857142855	tʁaʊ̯ʁɪɡɐvaɪ̯zə	tɾaoɾigɛɾvaezə	0.13333333333333333	0.5714285714285714
trochäisch	tʁoxɛːɪʃ	tʁɔxɛɪʃ	tɾɔxɛɪʃ	tʁɔxɛɪʃ	compound	t|roch|ä|isch	0.14285714285714285	0.2857142857142857	0.14285714285714285	tʁoxɛɪʃ	tɾɔxæɪʃ	0.0	0.42857142857142855
tschö	tʃøː	tʃø	tʃø	tʃɔʏ	compound	t|sch|ö	0.0	0.0	0.5	t͡ʃø	ʧø	0.25	1.0
turnusgemäß	tʊʁnʊsɡəmɛːs	tʊʁnʊsɡəmɛs	t??nʊsɡemɛs	tʊʁnʊsgəmɛss	compound	turnus|gemäß	0.0	0.2727272727272727	0.16666666666666666	tʊʁnʊsɡəmɛs	tʊɾnʊsgemɛs	0.0	0.2727272727272727
tweeten	tviːtn	tvitɛn	twetən	tvəətən	compound	tweet|en	0.16666666666666666	0.5	0.42857142857142855	tvitn̩	tvəətən	0.16666666666666666	0.42857142857142855
ugrisch	uːɡʀɪʃ	uɡʁɪʃ	ʊɡɾɪʃ	ʊgʁɪʃ	compound	u|g|r|isch	0.2	0.4	0.6	uɡʁɪʃ	ʊgɾɪʃ	0.2	0.6
umgewöhnen	ʊmɡəvøːnən	ʊmɡəvønən	ʊmɡəvønən	ʊmgəvɔʏnən	compound	um|gewöhnen	0.0	0.0	0.3	ʊmgəvønən	ʊmgəvønən	0.1111111111111111	0.1111111111111111
umgewöhnt	ʊmɡəvøːnt	ʊmɡəvønt	ʊmɡəvønt	ʊmgəvɔʏnt	compound	um|gewöhnt	0.0	0.0	0.3333333333333333	ʊmɡəvønt	ʊmgəvønt	0.0	0.125
umherbewegend	ʊmheːɐbəveːɡənd	ʊmheɐbəveɡnt	ʊmhɛɾbeveɡənt	ʊmheɐbevegɛnt	compound	umher|bewegend	0.16666666666666666	0.3076923076923077	0.3076923076923077	ʊmheɐ̯bəveɡn̩t	ʊmheɐ̯bəvɛkɛnt	0.2857142857142857	0.35714285714285715
umkristallisieren	ʊmkʁɪstaliziːʁən	ʊmkʁɪstaliziʁən	ʊmkɾɪstalizirən	ʊmkʁɪstalliziʁən	compound	um|kristallisieren	0.0	0.13333333333333333	0.0625	ʊmkʁɪstaliziʁən	ʊmkɾɪstalliziɾen	0.0	0.25
umlohen	ʊmloːən	ʊmloən	ʊmloən	ʊmloən	compound	um|lohen	0.0	0.0	0.0	ʊmloən	ʊmloən	0.0	0.0
umsatzsteuerfrei	ʊmzatsʃtɔʏɐfʁaɪ	ʊmzatsʃtɔɪɐfʁaɪ	ʊmzatsstɔøɜfraɪ	ʊmzatɛstɔɔʏɐfʁae	compound	umsatzsteuer|frei	0.06666666666666667	0.26666666666666666	0.25	ʊmzat͡sʃtɔɪ̯ɐfʁaɪ̯	ʊmzatsstɔøɛɾfɾae	0.2222222222222222	0.375
umsatzsteuerpflichtig	ʊmzatsʃtɔʏɐpflɪctɪc	ʊmzatsʃtɔɪɐpflɪctɪc	ʊmzatsstɔøɜpflɪctɪc	ʊmzatɛstɔɔʏɛʁpflɪctɪc	compound	umsatzsteuer|pflichtig	0.05263157894736842	0.15789473684210525	0.23809523809523808	ʊmzat͡sʃtɔɪ̯ɐpflɪçtɪç	ʊmzatsstɔøɛɾpflɪçtɪç	0.23809523809523808	0.3
umweltverträglich	ʊmvɛltfɛɐtʁɛːklɪc	ʊmvɛltfɛɐtʁɛklɪc	ʊmvɛltfɜtɾɛklɪc	ʊmvɛltvɛʁtʁɛglɪc	compound	umwelt|verträglich	0.0	0.2	0.1875	ʊmvɛltfɛɐ̯tʁɛklɪç	ʊmvɛltvɛɾtɾɛklɪç	0.11764705882352941	0.25
unabstreitbar	ʊnapʃtʁaɪtbaːɐ	ʊnapʃtʁaɪtbaɐ	ʊnapʃtɾaɪtbɑɾ	ʊnapstʁaetbaʁ	compound	un|ab|streitbar	0.0	0.23076923076923078	0.23076923076923078	ʊnapʃtʁaɪ̯tbaɐ̯	ʊnapʃtɾaetbaɽ	0.13333333333333333	0.23076923076923078
unamerikanisch	ʊnameʁikaːnɪʃ	ʊnameʁikanɪʃ	ʊnɑmerikɑnɪʃ	ʊnameʁikanɪʃ	compound	un|amerikanisch	0.0	0.25	0.0	ʊnameʁikanɪʃ	ʊnɑmeɾikɑnɪʃ	0.0	0.25
ungemäht	unɡəmɛːt	ʊnɡəmɛt	ʊnɡəmɛt	ʊngəmɛt	compound	un|gemäht	0.14285714285714285	0.14285714285714285	0.2857142857142857	ʊnɡəmɛt	ʊngəmɛt	0.14285714285714285	0.2857142857142857
ungestalt	ʊnɡəʃtalt	ʊnɡəʃtalt	ʊnɡəʃtalt	ʊngəʃtalt	compound	un|gestalt	0.0	0.0	0.1111111111111111	ʊnɡəʃtalt	ʊngəʃtalt	0.0	0.1111111111111111
ungewöhnlicherweise	ʊnɡəvøːnlɪcɐvaɪzə	ʊnɡəvønlɪcɐvaɪzə	ʊnɡəvønlɪcɜvaɪzə	ʊngəvɔʏnlɪcɛʁvaezə	compound	ungewöhnlicher|weise	0.0	0.0625	0.3333333333333333	ʊngəvønlɪçɜvaɪzə	ʊngəvønlɪçɛɾvaezə	0.1875	0.29411764705882354
ungustiös	ʊnɡʊstjøːs	ʊnɡʊstiøs	ʊnɡʊstiøs	ʊngʊstɪɔʏs	compound	un|gustiös	0.1111111111111111	0.1111111111111111	0.4	ʊngʊstiøs	ʊngʊstiøs	0.2222222222222222	0.2222222222222222
universitätsübergreifend	univɛʁzitɛːtsyːbɐɡʁaɪfnt	univɛʁzitɛtsybɐɡʁaɪfnt	univɛɾzitɛtsybɜɡɾaɪfənt	ʊnivɛʁzitɛtzybɛʁgʁaefɛnt	compound	universität|s|übergreifend	0.0	0.17391304347826086	0.2916666666666667	univɛʁzitɛtsybɐɡʁaɪ̯fn̩t	ʊnivɛɾzitɛtzybɛɾgɾaefɛnt	0.08333333333333333	0.375
unschmeichelhaft	ʊnʃmaɪcəlhaft	ʊnʃmaɪclhaft	ʊnʃmaɪcəlhaft	ʊnʃmaecɛlhaft	compound	un|schmeichelhaft	0.08333333333333333	0.0	0.15384615384615385	ʊnʃmaɪçəlhaft	ʊnʃmaeçelhaft	0.07692307692307693	0.23076923076923078
unsexy	ʊnsɛksi	ʊnsɛksi	ʊnzɛksi	ʊnzəkse	compound	un|sexy	0.0	0.14285714285714285	0.42857142857142855	ʊnzɛksɪ	ʊnzeksy	0.2857142857142857	0.42857142857142855
unstrukturiert	ʊnʃtʁʊktuʁiːʁt	ʊnʃtʁʊktuʁiɐt	ʊnʃtɾʊkturiɾt	ʊnʃtʁʊktuʁiʁt	compound	un|strukturiert	0.07692307692307693	0.23076923076923078	0.0	ʊnʃtɾʊkturiɾt	ʊnʃtɾʊktuɐiɾt	0.23076923076923078	0.23076923076923078
unterdes	ʊntɐdɛs	ʊntɐdɛs	ʊnteɾdəs	ʊntɛʁdəs	compound	unter|des	0.0	0.375	0.375	ʊntɐdɛs	ʊntɛɾdəs	0.0	0.375
unterwältigen	ʊntɐvɛltɪɡən	ʊntɐvɛltɪɡn	ʊntɜvɛltɪɡən	ʊntɛʁvɛltɪgən	compound	unter|wältigen	0.09090909090909091	0.08333333333333333	0.23076923076923078	ʊntɐvɛltɪɡn̩	ʊntɛɾvɛltɪgən	0.16666666666666666	0.23076923076923078
unterwärts	ʊntɐvɛʁts	ʊntɐvɛʁts	ʊntɜvɛɾts	ʊntɛʁvɛʁts	compound	unter|wärts	0.0	0.2222222222222222	0.2	ʊntɜvɛɾts	ʊntɛɾvɛɾts	0.2222222222222222	0.3
unweise	ʊnvaɪzə	ʊnvaɪzə	ʊnvaɪzə	ʊnvaezə	compound	un|weise	0.0	0.0	0.14285714285714285	ʊnvaɪzə	ʊnvaezə	0.0	0.14285714285714285
unwählbar	ʊnvɛːlbaːɐ	ʊnvɛlbaɐ	ʊnvɛlbɑɾ	ʊnvɛlbaʁ	compound	un|wählbar	0.0	0.25	0.125	ʊnvɛlbɑɾ	ʊnvɛlbaɽ	0.25	0.125
unwählbare	ʊnvɛːlbaːʁə	ʊnvɛlbaʁə	ʊnvɛlbɑrə	ʊnvɛlbaʁə	compound	un|wählbare	0.0	0.2222222222222222	0.0	ʊnvɛlbɑrə	ʊnvɛlbaɽə	0.2222222222222222	0.1111111111111111
unwählbarem	ʊnvɛːlbaːʁəm	ʊnvɛlbaʁəm	ʊnvɛlbɑrəm	ʊnvɛlbaʁəm	compound	un|wählbarem	0.0	0.2	0.0	ʊnvɛlbɑrəm	ʊnvɛlbaɽəm	0.2	0.1
unwählbaren	ʊnvɛːlbaːʁən	ʊnvɛlbaʁən	ʊnvɛlbɑrən	ʊnvɛlbaʁən	compound	un|wählbaren	0.0	0.2	0.0	ʊnvɛlbɑrən	ʊnvɛlbaɽən	0.2	0.1
unwählbarer	ʊnvɛːlbaːʁɐ	ʊnvɛlbaʁɐ	ʊnvɛlbɑrɜ	ʊnvɛlbaʁɐ	compound	un|wählbarer	0.0	0.3333333333333333	0.0	ʊnvɛlbɑrɜ	ʊnvɛlbaɽɐ̯	0.3333333333333333	0.2
unwählbares	ʊnvɛːlbaːʁəs	ʊnvɛlbaʁəs	ʊnvɛlbɑrəs	ʊnvɛlbaʁəs	compound	un|wählbares	0.0	0.2	0.0	ʊnvɛlbɑrəs	ʊnvɛlbaɽəs	0.2	0.1
verbrauchsteuerpflichtig	fɛɐbʁaʊxʃtɔʏɐpflɪctɪc	fɛɐbʁaʊxʃtɔɪɐpflɪctɪc	fɛɾbɾaʊxstɔøɜpflɪctɪc	fɛɐbʁaoxstɔɔʏɛʁpflɪctɪc	compound	verbrauchsteuer|pflichtig	0.047619047619047616	0.23809523809523808	0.21739130434782608	fɛɾbɾaʊxstɔøɜpflɪçtɪç	fɛɐ̯braoxstɔøɛɾpflɪçtɪç	0.3333333333333333	0.391304347826087
verchecken	fɛɐtʃɛkən	fɛɐtʃɛkn	fɛɾcɛkən	fɛɐcɛkən	compound	ver|checken	0.125	0.375	0.25	fɛɐ̯t͡ʃɛkn̩	fɛɐ̯çɛkən	0.36363636363636365	0.2222222222222222
verdreizehnfacht	fɛɐdraɪtseːnfaxt	fɛɐdʁaɪtsenfaxt	fɛɾdɾaɪtsenfaxt	fɛɐdʁaetsenfaxt	compound	ver|dreizehn|facht	0.06666666666666667	0.13333333333333333	0.13333333333333333	fɛɐ̯dʁaɪ̯t͡senfaxt	fɛɐ̯dɾaetsenfaxt	0.2222222222222222	0.1875
verdreizehnfachte	fɛɐdraɪtseːnfaxtə	fɛɐdʁaɪtsenfaxtə	fɛɾdɾaɪtsenfaxtə	fɛɐdʁaetsenfaxtə	compound	ver|dreizehn|fachte	0.0625	0.125	0.125	fɛɐ̯dʁaɪ̯t͡senfaxtɐ	fɛɐ̯dɾaetsenfaxtə	0.2631578947368421	0.17647058823529413
verdreißigfachen	fɛɐdʁaɪsɪcfaxən	fɛɐdʁaɪsɪcfaxn	fɛɾdɾaɪsɪcfaxən	fɛɐdʁaeszɪkfaxən	compound	ver|dreißigfachen	0.07142857142857142	0.13333333333333333	0.1875	fɛɾdɾaɪsɪçfaxən	fɛɐ̯dɾaejɪkfaxən	0.2	0.3125
verdreißigfacht	fɛɐdʁaɪsɪcfaxt	fɛɐdʁaɪsɪcfaxt	fɛɾdɾaɪsɪcfaxt	fɛɐdʁaeszɪkfaxt	compound	ver|dreißigfach|t	0.0	0.14285714285714285	0.2	fɛɐ̯dʁaɪ̯sɪkfaxt	fɛɐ̯dɾaejɪkfaxt	0.1875	0.3333333333333333
verdreißigfachte	fɛɐdʁaɪsɪcfaxtə	fɛɐdʁaɪsɪkfaxtə	fɛɾdɾaɪsɪcfaxtə	fɛɐdʁaeszɪkfaxtə	compound	ver|dreißig|fachte	0.06666666666666667	0.13333333333333333	0.1875	fɛɐ̯dʁaɪ̯sɪkfaxtə	fɛɐ̯dɾaejɪkfaxtə	0.17647058823529413	0.3125
verelffachen	fɛɐɛlffaxən	fɛɐɛlffaxn	fɛɾɛlfaxən	fɛɐɛlffaxən	compound	ver|elffachen	0.1	0.2	0.0	fɛɐ̯ɛlffaxn̩	fɛɐ̯ɛlffaxən	0.25	0.08333333333333333
verelffacht	fɛɐɛlffaxt	fɛɐɛlffaxt	fɛɾɛlfaxt	fɛɐɛlffaxt	compound	ver|elffach|t	0.0	0.2222222222222222	0.0	fɛɐ̯ɛlffaxt	fɛɐ̯ɛlffaxt	0.09090909090909091	0.09090909090909091
verelffachte	fɛɐɛlffaxtə	fɛɐɛlffaxtə	fɛɾɛlfaxtə	fɛɐɛlffaxtə	compound	ver|elf|fachte	0.0	0.2	0.0	fɛɐ̯ɛlffaxtə	fɛɐ̯ɛlffaxtə	0.08333333333333333	0.08333333333333333
verfallssüchtig	fɛɐfalszʏctɪc	fɛɐfalszʏctɪk	fɛɾfalsyctɪc	fɛɐfallszʏctɪc	compound	verfalls|süchtig	0.07692307692307693	0.25	0.07142857142857142	fɛɾfalsʏçtɪç	fɛɐ̯fallszʏçtɪç	0.3333333333333333	0.26666666666666666
verfallsüchtig	fɛɐfalzʏctɪc	fɛɐfalzʏctɪk	fɛɾfalzyctɪc	fɛɐfallzʏctɪc	compound	verfall|süchtig	0.08333333333333333	0.16666666666666666	0.07692307692307693	fɛɾfalzʏçtɪç	fɛɐ̯fallzʏçtɪç	0.25	0.2857142857142857
verfünfzehnfachen	fɛɐfʏnftseːnfaxən	fɛɐfʏnftsenfaxən	fɛɾfynftsenfaxən	fɛɐfʏnftsenfaxən	compound	ver|fünfzehnfachen	0.0	0.125	0.0	fɛɾfʏnftsənfaxən	fɛɐ̯fʏnftsenfaxən	0.125	0.058823529411764705
verfünfzehnfachend	fɛɐfʏnftseːnfaxənt	fɛɐfʏnftsenfaxənd	fɛɾfynftsenfaxənt	fɛɐfʏnftsenfaxɛnt	compound	ver|fünfzehnfachen|d	0.058823529411764705	0.11764705882352941	0.058823529411764705	fɛɾfʏnftsenfaxənt	fɛɐ̯fʏnftsenfaxɛnt	0.058823529411764705	0.1111111111111111
verfünfzehnfacht	fɛɐfʏnftseːnfaxt	fɛɐfʏnftsenfaxt	fɛɾfynftsenfaxt	fɛɐfʏnftsenfaxt	compound	ver|fünfzehnfach|t	0.0	0.13333333333333333	0.0	fɛɐ̯fʏnft͡senfaxt	fɛɐ̯fʏnftsenfaxt	0.11764705882352941	0.0625
vergrössern	fɛɐɡʁøːsɐn	fɛɐɡʁœsɐn	fɛɾɡɾœsɜn	fɛɐgʁœszɛʁn	compound	ver|g|rössern	0.1111111111111111	0.4444444444444444	0.45454545454545453	fɛɐ̯ɡʁœsɐn	fɛɐ̯gɾœszɛɾn	0.2	0.5833333333333334
vergöttlichen	fɛɐɡœtlɪcn	fɛɐɡœtlɪcn	fɛɾɡœtlɪcən	fɛɐgœtlɪcən	compound	ver|göttlichen	0.0	0.18181818181818182	0.18181818181818182	fɛɾgœtlɪçən	fɛɐ̯gœtlɪçən	0.36363636363636365	0.3333333333333333
verhoffenlich	fɛɐhɔfnlɪc	fɛɐhɔfnlɪc	fɛɾhɔfənlɪc	fɛɐhɔffɛnlɪc	compound	ver|hoffen|lich	0.0	0.18181818181818182	0.16666666666666666	fɛɾhɔfənlɪç	fɛɐ̯hɔffənlɪç	0.2727272727272727	0.3076923076923077
verhoffentlich	fɛɐhɔfntlɪc	fɛɐhɔfntlɪc	fɛɾhɔfəntlɪc	fɛɐhɔffɛntlɪc	compound	ver|hoffentlich	0.0	0.16666666666666666	0.15384615384615385	fɛɾhɔfəntlɪç	fɛɐ̯hɔffɛntlɪç	0.25	0.2857142857142857
verkehrsfähig	vɛrkeːrsfɛːɪk	fɛɐkeɐsfɛɪk	fɛɾkeɾsfɛɪc	fɛɐkeʁsfɛɪc	compound	verkehrs|fähig	0.2727272727272727	0.36363636363636365	0.36363636363636365	fɛɾkeɾsfɛɪk	fɛɐ̯keɾsfɛɪç	0.2727272727272727	0.4166666666666667
verkehrstauglich	vɛrkeːrstaʊklɪc	fɛɐkeɐstaʊklɪc	fɛɾkeɾstaʊklɪc	fɛɐkeʁstaoklɪc	compound	verkehrs|tauglich	0.21428571428571427	0.21428571428571427	0.2857142857142857	fɛɐ̯keɐ̯staʊ̯klɪç	fɛɐ̯keɾstaoklɪç	0.4117647058823529	0.4
verkugeln	fɛɐkuːɡln	fɛɐkuɡln	fɛɾkuɡəln	fɛɐkugɛln	compound	ver|kugeln	0.0	0.2222222222222222	0.2222222222222222	fɛɐ̯kuɡl̩n	fɛɐ̯kugɛln	0.2	0.3
verlohen	fɛɐloːən	fɛɐloən	fɛɾloən	fɛɐloən	compound	ver|lohen	0.0	0.14285714285714285	0.0	fɛɾloən	fɛɐ̯loən	0.14285714285714285	0.125
verlähmen	fɛɐlɛːmən	fɛɐlɛmən	fɛɾlɛmən	fɛɐlɛmən	compound	ver|lähmen	0.0	0.125	0.0	fɛɾlɛmən	fɛɐ̯lɛmən	0.125	0.1111111111111111
vermahnen	fɛɐmaːnən	fɛɐmanən	fɛɾmɑnən	fɛɐmanən	compound	ver|mahnen	0.0	0.25	0.0	fɛɾmɑnən	fɛɐ̯mɑnən	0.25	0.2222222222222222
verreissen	fɛɐʁaɪsn	fɛɐʁaɪszɛn	fɛɾraɪsən	fɛɐʁaeszən	compound	verreis|sen	0.2	0.3333333333333333	0.3	fɛɐ̯ʁaɪ̯sn̩	fɛɐ̯ɾaeszən	0.2727272727272727	0.45454545454545453
verscheissern	fɛɐʃaɪsɐn	fɛɐʃəɪseɐn	fɛɾʃaɪsɜn	fɛɐʃaeszɛʁn	compound	ver|sche|iss|ern	0.2	0.2222222222222222	0.36363636363636365	fɛɐ̯ʃaɪ̯sɐn	fɛɐ̯ʃaeszɛɾn	0.18181818181818182	0.4166666666666667
verschlemmen	fɛɐʃlɛmən	fɛɐʃlɛmən	fɛɾʃlɛmən	fɛɐʃlɛmmən	compound	ver|schlemmen	0.0	0.1111111111111111	0.1	fɛɾʃlɛmən	fɛɐ̯ʃlɛmmən	0.1111111111111111	0.18181818181818182
verstromen	fɛrʃtʁoːmən	fɛɐʃtʁomən	fɛɾʃtɾomən	fɛɐʃtʁomən	compound	ver|strome|n	0.1	0.2	0.1	fɛɾʃtɾomən	fɛɐ̯ʃtɾomən	0.2	0.2727272727272727
vervierzehnfachen	fɛɐfɪrtseːnfaxən	fɛɐfɪʁtsenfaxn	fɛɾfiɾtsenfaxən	fɛɐviʁtsenfaxən	compound	ver|vierzehn|fachen	0.14285714285714285	0.2	0.2	fɛɾfiɾtsenfaxən	fɛɐ̯viɾtsenfaxən	0.2	0.25
vervierzehnfachend	fɛɐfɪrtseːnfaxənt	fɛɐfɪʁtsenfaxnt	fɛɾfiɾtsenfaxənt	fɛɐviʁtsenfaxɛnt	compound	ver|vierzehn|fachend	0.13333333333333333	0.1875	0.25	fɛɾfiɾtsenfaxənt	fɛɐ̯viɾtsenfaxɛnt	0.1875	0.29411764705882354
vervierzehnfacht	fɛɐfɪrtseːnfaxt	fɛɐfɪʁtsenfaxt	fɛɾfiɾtsenfaxt	fɛɐviʁtsenfaxt	compound	ver|vierzehn|facht	0.07142857142857142	0.21428571428571427	0.21428571428571427	fɛɐ̯fɪʁt͡senfaxt	fɛɐ̯viɾtsenfaxt	0.1875	0.26666666666666666
vervierzehnfachte	fɛɐfɪrtseːnfaxtə	fɛɐfɪʁtsenfaxtə	fɛɾfiɾtsenfaxtə	fɛɐviʁtsenfaxtə	compound	ver|vierzehn|fachte	0.06666666666666667	0.2	0.2	fɛɾfiɾtsenfaxtə	fɛɐ̯viɾtsenfaxtə	0.2	0.25
verwringen	feʁvʁɪŋən	fɛɐvʁɪŋən	fɛɾvrɪŋən	fɛɐvʁɪŋən	compound	ver|wringen	0.2222222222222222	0.3333333333333333	0.2222222222222222	fɛɾvrɪŋən	fɛɐ̯vɾɪŋən	0.3333333333333333	0.4
verzehnten	fɛɐtseːntn	fɛɐtsentn	fɛɾtsentən	fɛɐtsentən	compound	ver|zehnten	0.0	0.2	0.1	fɛɐ̯t͡sentn̩	fɛɐ̯tsentən	0.25	0.18181818181818182
verzwölffachen	fɛɐtsvœlffaxən	fɛɐtsvœlffaxn	fɛɾtsvœlfaxən	fɛɐtsvœlffaxən	compound	ver|zwölffachen	0.07692307692307693	0.15384615384615385	0.0	fɛɐ̯t͡svœlffaxn̩	fɛɐ̯tsvœlffaxən	0.25	0.06666666666666667
verzwölffacht	fɛɐtsvœlffaxt	fɛɐtsvœlffaxt	fɛɾtsvœlfaxt	fɛɐtsvœlffaxt	compound	ver|zwölffach|t	0.0	0.16666666666666666	0.0	fɛɐ̯t͡svœlffaxt	fɛɐ̯tsvœlffaxt	0.13333333333333333	0.07142857142857142
verzwölffachte	fɛɐtsvœlffaxtə	fɛɐtsvœlffaxtə	fɛɾtsvœlfaxtə	fɛɐtsvœlffaxtə	compound	ver|zwölf|fachte	0.0	0.15384615384615385	0.0	fɛɐ̯t͡svœlffaxtə	fɛɐ̯tsvœlffaxtə	0.125	0.06666666666666667
vielbeschäftigt	fiːlbəʃɛftɪkt	filbəʃɛftɪkt	filbəʃɛftɪct	vilbɛʃɛftɪkt	compound	viel|beschäftigt	0.0	0.08333333333333333	0.16666666666666666	filbəʃɛftɪçt	vilbɛʃɛftɪkt	0.08333333333333333	0.16666666666666666
vielbeschäftigte	fiːlbəʃɛftɪctə	filbəʃɛftɪctə	filbəʃɛftɪctə	vilbɛʃɛftɪktə	compound	viel|beschäftigte	0.0	0.0	0.23076923076923078	filbəʃɛftɪçtə	vilbɛʃɛftɪktə	0.07692307692307693	0.23076923076923078
vielbeschäftigtem	fiːlbəʃɛftɪctəm	filbəʃɛftɪctəm	filbəʃɛftɪctəm	vilbɛʃɛftɪktəm	compound	viel|beschäftigtem	0.0	0.0	0.21428571428571427	filbəʃɛftɪçtəm	vilbɛʃɛftɪktəm	0.07142857142857142	0.21428571428571427
vielbeschäftigten	fiːlbəʃɛftɪktn	filbəʃɛftɪktn	filbəʃɛftɪctən	vilbɛʃɛftɪktən	compound	viel|beschäftigten	0.0	0.14285714285714285	0.21428571428571427	filbəʃɛftɪçtən	vilbɛʃɛftɪktən	0.14285714285714285	0.21428571428571427
vielbeschäftigter	fiːlbəʃɛftɪctɐ	filbəʃɛftɪctɐ	filbəʃɛftɪctɜ	vilbɛʃɛftɪktɐ	compound	viel|beschäftigter	0.0	0.07692307692307693	0.23076923076923078	filbəʃɛftɪçtɐ	vilbɛʃɛftɪktɐ̯	0.07692307692307693	0.2857142857142857
vielbeschäftigtes	fiːlbəʃɛftɪktəs	filbəʃɛftɪktəs	filbəʃɛftɪctəs	vilbɛʃɛftɪktəs	compound	viel|beschäftigtes	0.0	0.07142857142857142	0.14285714285714285	filbəʃɛftɪçtəs	vilbɛʃɛftɪktəs	0.07142857142857142	0.14285714285714285
vierfüßig	fiːɐfyːsɪc	fiɐfysɪc	fiɾfysɪc	viʁfʏszɪc	compound	vier|f|ü|ßig	0.0	0.125	0.4444444444444444	fiɐ̯fʏsɪk	viɾfyzɪç	0.3333333333333333	0.5
vierhundertjährig	fiːɐhʊndɐtjɛːʁɪc	fiɐhʊndɐtjɛrɪc	fiɾhʊndɜtjɛrɪc	viʁʊndɛʁtjɛʁɪc	compound	vierhundert|jährig	0.07142857142857142	0.21428571428571427	0.35714285714285715	fiɐ̯hʊndɐtjɛʁɪk	viɾʊndɛɾtjɛɾɪç	0.13333333333333333	0.5
vierhunderttausend	fiːɐhʊndɐttaʊznt	fiɐhʊndɐttaʊznt	fiɾhʊndɜtaʊzənt	viʁʊndɛʁttaozɛnt	compound	vierhundert|tausend	0.0	0.26666666666666666	0.4375	fiɐ̯hʊndɐttaʊ̯zn̩t	viɾʊndɛɾttaozɛnt	0.16666666666666666	0.4375
viertausendfach	fiːɐtaʊzntfaχ	fiɐtaʊzntfax	fiɾtaʊzɛntfax	viʁtaozɛntfax	compound	viertausend|fach	0.08333333333333333	0.23076923076923078	0.38461538461538464	fiɐ̯taʊ̯zn̩tfax	viɾtaozɛntfax	0.26666666666666666	0.38461538461538464
viertausendste	fiːɐtaʊzntstə	fiɐtaʊzntstə	fiɾtaʊzəndstə	viʁtaozɛndstə	compound	viertausend|ste	0.0	0.23076923076923078	0.38461538461538464	fiɐ̯taʊ̯zn̩t͡stə	viɾtaozɛndstə	0.25	0.38461538461538464
vierundachtzigste	fiːɐʊntaxtsɪcstə	fiɐʊntaxtsɪkstə	firʊndaxtsɪcstə	viʁʊndaxtsɪgstə	compound	vierundachtzig|ste	0.06666666666666667	0.13333333333333333	0.26666666666666666	fiɐ̯ʊntaxt͡sɪkstə	viɾʊndaxtsɪgstə	0.17647058823529413	0.26666666666666666
vierunddreissigmal	fiːɐʊntdʁaɪsɪcmaːl	fiɐʊntdʁaɪsɪɡmal	firʊndɾaɪsɪɡmɑl	viʁʊndʁaeszɪkmal	compound	vier|unddreissi|g|mal	0.0625	0.3333333333333333	0.375	fiɐ̯ʊntdʁaɪ̯sɪɡmal	viɾʊnddɾaeszɪkmal	0.16666666666666666	0.4117647058823529
vierunddreissigstens	fiːɐʊntdʁaɪsɪcstns	fiɐaɪʊntdʁaɪsɪcstns	firʊndɾaɪsɪcstəns	viʁʊndʁaeszɪgstɛns	compound	vier|unddreissigstens	0.10526315789473684	0.23529411764705882	0.3888888888888889	fiɐ̯ʊntdʁaɪ̯sɪkstn̩s	viɾʊnddɾaeszɪgstɛns	0.2	0.42105263157894735
vierunddreißigfach	fiːɐʊntdʁaɪsɪcfax	fiɐʊntdʁaɪsɪkfax	firʊndɾaɪsɪcfax	viʁʊndʁaeszɪkfax	compound	vierunddreißig|fach	0.0625	0.2	0.375	fiɐ̯ʊntdʁaɪ̯sɪçfax	viɾʊnddɾaejɪkfax	0.16666666666666666	0.4375
vierunddreißigfacher	fiːɐʊntdʁaɪsɪcfaxɐ	fiɐʊntdʁaɪsɪkfaxɜ	firʊndɾaɪsɪcfaxɜ	viʁʊndʁaeszɪkfaxɐ	compound	vierunddreißig|facher	0.11764705882352941	0.25	0.35294117647058826	fiɐ̯ʊntdʁaɪ̯sɪkfaxɐ	viɾʊnddɾaejɪkfaxɐ̯	0.15789473684210525	0.4444444444444444
vierunddreißigjährig	fiːɐʊntdʁaɪsɪcjɛːʁɪc	fiɐʊntdʁaɪsɪkjɛrɪc	firʊndɾaɪsɪɡjɛrɪc	viʁʊndʁaeszɪkjɛʁɪc	compound	vierunddreißig|jährig	0.1111111111111111	0.29411764705882354	0.3333333333333333	fiɐ̯ʊntdʁaɪ̯sɪkjɛʁɪk	viɾʊnddɾaeʃɪkjɛɾɪç	0.2	0.5
vierunddreißigmal	fiːɐʊntdʁaɪsɪcmaːl	fiɐʊntdʁaɪsɪkmal	firʊndɾaɪsɪɡmɑl	viʁʊndʁaeszɪkmal	compound	vierunddreißig|mal	0.0625	0.3333333333333333	0.375	fiɐ̯ʊntdʁaɪ̯sɪkmal	viɾʊnddɾaeʃɪkmal	0.16666666666666666	0.4375
vierunddreißigminütig	fiːɐʊntdʁaɪsɪcminyːtɪc	fiɐʊntdʁaɪsɪkminytɪc	firʊndɾaɪsɪɡminytɪc	viʁʊndʁaeszɪkmɪnytɪc	compound	vierunddreißig|minütig	0.05	0.21052631578947367	0.35	fiɐ̯ʊntdʁaɪ̯sɪkminytɪk	viɾʊnddɾaeʃɪkminytɪç	0.18181818181818182	0.4
vierunddreißigminütiger	fiːɐʊntdʁaɪsɪcminyːtɪcɡɐ	fiɐʊntdʁaɪsɪkminytɪgɜ	firʊndɾaɪsɪɡminytɪɡɜ	viʁʊndʁaeszɪkmɪnytɪgɐ	compound	vierunddreißig|minütiger	0.19047619047619047	0.3	0.42857142857142855	fiɐ̯ʊntdʁaɪ̯sɪkminytɪɡɐ	viɾʊnddɾaejɪkminytɪgɐ̯	0.17391304347826086	0.45454545454545453
vierunddreißigstens	fiːɐʊntdʁaɪsɪcstns	fiɐʊntdʁaɪsɪkstns	firʊndɾaɪsɪcstəns	viʁʊndʁaeszɪgstɛns	compound	vierunddreißigsten|s	0.058823529411764705	0.23529411764705882	0.3888888888888889	fiɐ̯ʊntdʁaɪ̯sɪkstn̩s	viɾʊnddɾaeʃɪgstɛns	0.2	0.4444444444444444
vierunddreißigtägig	fiːɐʊntdʁaɪsɪctɛːɡɪc	fiɐʊntdʁaɪsɪktɛɡɪk	firʊndɾaɪsɪctɛɡɪc	viʁʊndʁaeszɪktɛgɪc	compound	vierunddreißig|t|ä|gig	0.1111111111111111	0.17647058823529413	0.3888888888888889	fiɐ̯ʊntdʁaɪ̯sɪktɛɡɪk	viɾʊnddɾaeʃɪktɛgɪç	0.2	0.5
vierunddreißigtägiger	fiːɐʊntdʁaɪsɪctɛːɡɪɡɐ	fiɐʊntdʁaɪsɪktɛɪɡɐ	firʊndɾaɪsɪctɛɡɪɡɜ	viʁʊndʁaeszɪktɛgɪgɐ	compound	vierunddreißig|t|ä|giger	0.1111111111111111	0.2222222222222222	0.42105263157894735	fiɐ̯ʊntdʁaɪ̯sɪktɛɡɪɡɐ	viɾʊnddɾaeʃɪktɛgɪgɐ̯	0.14285714285714285	0.5
vierundfünfzigfach	fɪɐʊntfʏnftsɪcfax	fiɐʊntfʏnftsɪkfax	firʊntfynftsɪcfax	viʁʊntfʏnftsɪkfax	compound	vierundfünfzig|fach	0.11764705882352941	0.17647058823529413	0.23529411764705882	firʊndfʏnftsɪçfax	viɾʊntfʏnftsɪkfax	0.23529411764705882	0.23529411764705882
vierundfünfzigjährig	fɪɐʊntfʏnftsɪcjɛːʁɪc	fiɐʊntfʏnftsɪkjɛrɪc	firʊntfynftsɪɡjɛrɪc	viʁʊntfʏnftsɪkjɛʁɪc	compound	vierundfünfzig|jährig	0.15789473684210525	0.2631578947368421	0.21052631578947367	fiɐ̯ʊntfʏnft͡sɪkjɛʁɪk	viɾʊntfʏnftsɪkjɛɾɪç	0.23809523809523808	0.3157894736842105
vierundfünfzigmal	fɪɐʊntfʏnftsɪcmaːl	fiɐʊntfʏnftsɪkmal	firʊntfynftsɪɡmɑl	viʁʊntfʏnftsɪkmal	compound	vierundfünfzig|mal	0.11764705882352941	0.29411764705882354	0.23529411764705882	fiɐ̯ʊntfʏnft͡sɪçmal	viɾʊntfʏnftsɪkmal	0.21052631578947367	0.23529411764705882
vierundfünfzigminütig	fɪɐʊntfʏnftsɪcminyːtɪc	fiɐʊntfʏnftsɪkminytɪc	firʊntfynftsɪɡminytɪc	viʁʊntfʏnftsɪkmɪnytɪc	compound	vierundfünfzig|minütig	0.09523809523809523	0.19047619047619047	0.23809523809523808	fiɐ̯ʊntfʏnft͡sɪkminytɪk	viɾʊntfʏnftsɪkminytɪç	0.21739130434782608	0.23809523809523808
vierundfünfzigminütiger	fɪɐʊntfʏnftsɪcminyːtɪɡɐ	fiɐʊntfʏnftsɪkminytɪgɜ	firʊntfynftsɪɡminytɪɡɜ	viʁʊntfʏnftsɪkmɪnytɪgɐ	compound	vierundfünfzig|minütiger	0.18181818181818182	0.22727272727272727	0.2727272727272727	fiɐ̯ʊntfʏnft͡sɪkminytɪɡɐ	viɾʊntfʏnftsɪkminytɪgɐ̯	0.16666666666666666	0.2608695652173913
vierundfünfzigste	fiːɐʊntfʏnftsɪcstə	fiɐʊntfʏnftsɪkstə	firʊntfynftsɪcstə	viʁʊntfʏnftsɪgstə	compound	vierundfünfzig|ste	0.058823529411764705	0.11764705882352941	0.17647058823529413	fiɐ̯ʊntfʏnft͡sɪkstə	viɾʊntfʏnftsɪgstə	0.15789473684210525	0.17647058823529413
vierundneunzigste	fiːɐʊntnɔɪntsɪcstə	firʊndnɔøntsɪcstə	firʊndnɔøntsɪcstə	viʁʊndnɔɔʏntsɪgstə	compound	vierundneunzig|ste	0.17647058823529413	0.17647058823529413	0.3333333333333333	firʊndnɔøntsɪçstə	viɾʊndnɔøntsɪgstə	0.23529411764705882	0.29411764705882354
vierundsiebzigste	fiːɐʊntziːptsɪcstə	fiɐʊntziptsɪkstə	firʊndziptsɪcstə	viʁʊntziptsɪgstə	compound	vierundsiebzig|ste	0.0625	0.125	0.1875	fiɐ̯ʊntzipt͡sɪkstə	viɾʊntziptsɪgstə	0.16666666666666666	0.1875
vierundvierzigfach	fɪɐʊntfɪɐtsɪcfax	fiɐʊntfɪʁtsɪkfax	firʊndviɾtsɪcfax	viʁʊntviʁtsɪkfax	compound	vierundvierzig|fach	0.1875	0.375	0.4375	fiɐ̯ʊntfɪʁt͡sɪkfax	viɾʊntviɾtsɪkfax	0.2777777777777778	0.4375
vierundvierzigjährig	fɪɐʊntfɪɐtsɪcjɛːʁɪc	fiɐʊntfɪʁtsɪkjɛrɪc	firʊndviɾtsɪɡjɛrɪc	viʁʊntviʁtsɪkjɛʁɪc	compound	vierundvierzig|jährig	0.2222222222222222	0.4444444444444444	0.3888888888888889	fiɐ̯ʊntfɪʁt͡sɪkjɛʁɪk	viɾʊntviɾtsɪkjɛɾɪç	0.3	0.5
vierundvierzigmal	fɪɐʊntfɪɐtsɪcmaːl	fiɐʊntfɪʁtsɪkmal	firʊndviɾtsɪɡmɑl	viʁʊntviʁtsɪkmal	compound	vierundvierzig|mal	0.1875	0.5	0.4375	fiɐ̯ʊntfɪʁt͡sɪkmal	viɾʊntviɾtsɪkmal	0.2777777777777778	0.4375
vierundvierzigminütig	fɪɐʊntfɪɐtsɪcminyːtɪc	fiɐʊntfɪʁtsɪkminytɪc	firʊndviɾtsɪɡminytɪc	viʁʊntviʁtsɪkmɪnytɪc	compound	vierundvierzig|minütig	0.15	0.35	0.4	fiɐ̯ʊntfɪʁt͡sɪkminytɪk	viɾʊntviɾtsɪkminytɪç	0.2727272727272727	0.4
vierundvierzigminütiger	fɪɐʊntfɪɐtsɪcminyːtɪɡɐ	fiɐʊntfɪʁtsɪkminytɪgɜ	firʊndviɾtsɪɡminytɪɡɜ	viʁʊntviʁtsɪkmɪnytɪgɐ	compound	vierundvierzig|minütiger	0.23809523809523808	0.38095238095238093	0.42857142857142855	fiɐ̯ʊntfɪʁt͡sɪkminytɪɡɐ	viɾʊntviɾtsɪkminytɪgɐ̯	0.21739130434782608	0.4090909090909091
vierundvierzigste	fiːɐʊntfɪʁtsɪcstə	fiɐʊntfɪʁtsɪkstə	firʊndviɾtsɪcstə	viʁʊntviʁtsɪgstə	compound	vierundvierzig|ste	0.0625	0.3125	0.3125	fiɐ̯ʊntfɪʁt͡sɪkstə	viɾʊntviɾtsɪgstə	0.16666666666666666	0.375
vierundvierzigstens	fiːɐʊntfɪʁtsɪkstns	fiɐʊntfɪʁtsɪkstns	firʊndviɾtsɪcstəns	viʁʊntviʁtsɪgstɛns	compound	vierundvierzig|sten|s	0.0	0.3888888888888889	0.3333333333333333	fiɐ̯ʊntfɪʁt͡sɪkstn̩s	viɾʊntviɾtsɪgstɛns	0.15	0.3888888888888889
vierundvierzigster	fiːɐʊntfɪʁtsɪcstɐ	fiɐʊntfɪʁtsɪkʃteɐ	firʊndviɾtsɪcstɜ	viʁʊntviʁtsɪgstɐ	compound	vierundvierzig|ster	0.17647058823529413	0.375	0.3125	fiɐ̯ʊntfɪʁt͡sɪkstɐ	viɾʊntviɾtsɪgstɐ̯	0.16666666666666666	0.4117647058823529
vierundzwanzigeckiger	fiːɐʊnttsvantsɪcɛkɪɡɐ	fiɐʊnttsvantsɪcɛkɪceɐ	firʊnttsvantsɪɡɛkɪɡɜ	viʁʊnttsvantsɪgɛkɪgɐ	compound	vierundzwanzigeckig|er	0.09523809523809523	0.15	0.2	firʊnttsvantsɪçɛkɪgɜ	viɾʊnttsvantsigɛkɪgɐ̯	0.2	0.2857142857142857
vierundzwanzigfach	fiːɐʊnttsvantsɪcfax	firʊnttsvantsɪcfax	firʊnttsvantsɪcfax	viʁʊnttsvantsɪkfax	compound	vierundzwanzig|fach	0.05555555555555555	0.05555555555555555	0.16666666666666666	firʊnttsvantsɪçfax	viɾʊnttsvantsɪkfax	0.1111111111111111	0.16666666666666666
vierundzwanzigjährig	fiːɐʊnttsvantsɪcjɛːʁɪc	firʊnttsvantsɪcjɛrɪc	firʊnttsvantsɪɡjɛrɪc	viʁʊnttsvantsɪkjɛʁɪc	compound	vierundzwanzig|jährig	0.1	0.15	0.15	firʊnttsvantsɪçjɛrɪç	viɾʊnttsvantsɪkjɛɾɪç	0.2	0.25
vierundzwanzigköpfig	fiːɐʊnttsvantsɪckœpfɪc	firʊnttsvantsɪckœpfɪɡ	firʊnttsvantsɪckœpfɪc	viʁʊnttsvantsɪkkœpfɪc	compound	vierundzwanzig|köpfig	0.09523809523809523	0.047619047619047616	0.14285714285714285	firʊnttsvantsɪçkœpfɪç	viɾʊnttsvantsɪkkœpfɪç	0.14285714285714285	0.19047619047619047
vierundzwanzigköpfiger	fɪɐʊntsvantsɪckœpfɪɡɐ	firʊnttsvantsɪckœpfɪɡeɐ	firʊnttsvantsɪckœpfɪɡɜ	viʁʊnttsvantsɪkkœpfɪgɐ	compound	vierundzwanzig|köpfig|er	0.17391304347826086	0.18181818181818182	0.2727272727272727	firʊnttsvantsɪçkœpfɪgɜ	viɾʊnttsvantsɪkkœpfɪgɐ̯	0.2727272727272727	0.30434782608695654
vierundzwanzigmal	fiːɐʊnttsvantsɪcmaːl	firʊnttsvantsɪcmal	firʊnttsvantsɪɡmɑl	viʁʊnttsvantsɪkmal	compound	vierundzwanzig|mal	0.05555555555555555	0.16666666666666666	0.16666666666666666	firʊnttsvantsɪçmɑl	viɾʊnttsvantsɪkmal	0.16666666666666666	0.16666666666666666
vierundzwanzigminütig	fiːɐʊnttsvantsɪcminyːtɪc	firʊnttsvantsɪcminytɪc	firʊnttsvantsɪɡminytɪc	viʁʊnttsvantsɪkmɪnytɪc	compound	vierundzwanzig|minütig	0.045454545454545456	0.09090909090909091	0.18181818181818182	firʊnttsvantsɪçminytɪç	viɾʊnttsvantsɪkminytɪç	0.13636363636363635	0.18181818181818182
vierundzwanzigmonatig	fiːɐʊnttsvantsɪcmoːnatɪc	firʊnttsvantsɪcmonatɪc	firʊnttsvantsɪɡmonatɪc	viʁʊnttsvantsɪkmonatɪc	compound	vierundzwanzig|monatig	0.045454545454545456	0.09090909090909091	0.13636363636363635	firʊnttsvantsɪçmonɑtɪç	viɾʊnttsvantsɪkmonɑtɪç	0.18181818181818182	0.22727272727272727
vierundzwanzigstens	fiːɐʊnttsvantsɪcstns	fiɐʊnttsvantsɪkstns	firʊnttsvantsɪcstəns	viʁʊnttsvantsɪgstɛns	compound	vierundzwanzigsten|s	0.05263157894736842	0.1	0.2	fiɐ̯ʊntt͡svant͡sɪkstn̩s	viɾʊnttsvantsɪgstɛns	0.21739130434782608	0.2
vierundzwanzigtägig	fiːɐʊnttsvantsɪctɛːɡɪc	firʊnttsvantsɪctɛɡɪk	firʊnttsvantsɪctɛɡɪc	viʁʊnttsvantsɪktɛgɪc	compound	vierundzwanzig|t|ä|gig	0.1	0.05	0.2	fiɐ̯ʊntt͡svant͡sɪçtɛɡɪç	viɾʊnttsvantsɪktɛgɪç	0.21739130434782608	0.25
vierundzwanzigtägiger	fiːɐʊnttsvantsɪctɛːɡɪɡɐ	fiɐʊnttsvantsɪctɛɡɪɡɐ	firʊnttsvantsɪctɛɡɪɡɜ	viʁʊnttsvantsɪktɛgɪgɐ	compound	vier|und|zwanzigtägiger	0.0	0.09523809523809523	0.23809523809523808	firʊnttsvantsɪçtɛgɪgɜ	viɾʊnttsvantsɪktɛgɪgɐ̯	0.23809523809523808	0.2727272727272727
vierundzwanzigwöchig	fiːɐʊnttsvantsɪcvœcɪc	firʊnttsvantsɪcvœcɪc	firʊnttsvantsɪɡvœcɪc	viʁʊnttsvantsɪkvœcɪc	compound	vierundzwanzig|wöchig	0.05	0.1	0.15	firʊnttsvantsɪçvœçɪç	viɾʊnttsvantsɪkvœçɪç	0.2	0.25
vierundzwanzigwöchiger	fɪɐʊntsvantsɪcvœcɪɡɐ	firʊnttsvantsɪcvœcɪceɐ	firʊnttsvantsɪɡvœcɪɡɜ	viʁʊnttsvantsɪkvœcɪgɐ	compound	vierundzwanzig|wöchig|er	0.22727272727272727	0.23809523809523808	0.2857142857142857	firʊnttsvantsɪçvœçɪgɜ	viɾʊnttsvantsɪkvœçɪgɐ̯	0.3333333333333333	0.36363636363636365
vierzehneckig	fɪʁtseːnɛkɪc	fɪʁtsenɛkik	fiɾtsenɛkɪc	viʁtsenɛkɪc	compound	vierzehneck|ig	0.18181818181818182	0.18181818181818182	0.18181818181818182	fɪʁt͡senɛkɪk	viɾtsenɛkɪç	0.16666666666666666	0.36363636363636365
vierzehneckiger	fɪʁtseːnɛkɪɡɐ	fɪʁtsenɛkɪɡɐ	fiɾtsenɛkɪɡɜ	viʁtsenɛkɪgɐ	compound	vierzehn|eckiger	0.0	0.25	0.25	fɪʁt͡senɛkɪɡɐ	viɾtsenɛkɪgɐ̯	0.07692307692307693	0.38461538461538464
vierzehnfach	fɪrtseːnfax	fɪʁtsenfax	fiɾtsenfax	viʁtsenfax	compound	vierzehn|fach	0.1	0.2	0.3	fiɾtsenfax	viɾtsenfax	0.2	0.3
vierzehnköpfig	fɪʁtseːnkœpfɪc	fɪʁtsenkœpfɪɡ	fiɾtsenkœpfɪc	viʁtseŋkœpfɪc	compound	vierzehn|köpfig	0.07692307692307693	0.15384615384615385	0.23076923076923078	fɪʁt͡senkœp͡fɪk	viɾtseŋkœpfɪç	0.2	0.38461538461538464
vierzehnköpfiger	fɪʁtseːnkœpfɪɡɐ	fiɐtsenkœpfɪɡɐ	fiɾtsenkœpfɪɡɜ	viʁtseŋkœpfɪgɐ	compound	vier|zehnköpfiger	0.14285714285714285	0.21428571428571427	0.2857142857142857	fɪʁt͡senkœp͡fɪɡɐ	viɾtseŋkœpfɪgɐ̯	0.125	0.4
vierzehnmal	fɪrtseːnmaːl	fɪʁtsenmal	fiɾtsenmɑl	viʁtsenmal	compound	vierzehn|mal	0.1	0.3	0.3	fiɾtsenmɑl	viɾtsenmal	0.3	0.3
vierzehnminütig	fɪʁtseːnminyːtɪc	fɪʁtsenminytɪc	fiɾtsenminytɪc	viʁtsenmɪnytɪc	compound	vierzehn|minütig	0.0	0.14285714285714285	0.21428571428571427	fɪʁt͡senminytɪk	viɾtsenminytɪç	0.13333333333333333	0.2857142857142857
vierzehntens	fɪʁtseːntəns	fɪʁtsentns	fiɾtsentəns	viʁtsentɛns	compound	vierzehnten|s	0.1	0.18181818181818182	0.2727272727272727	fɪʁt͡sentn̩s	viɾtsentɛns	0.25	0.36363636363636365
vierzehntäglich	fɪʁtseːntɛːklɪc	fɪʁtsentɛklɪc	fiɾtsentɛklɪc	viʁtsentɛglɪc	compound	vierzehn|täglich	0.0	0.15384615384615385	0.23076923076923078	fɪʁt͡sentɛklɪç	viɾtsentɛklɪç	0.14285714285714285	0.3076923076923077
vierzehnwöchig	fɪʁtseːnvœcɪc	fɪʁtsenvœcɪc	fiɾtsenvœcɪc	viʁtsenvœcɪc	compound	vierzehn|wöchig	0.0	0.16666666666666666	0.16666666666666666	fɪʁt͡senvœçɪk	viɾtsenvœçɪç	0.23076923076923078	0.4166666666666667
vierzigmonatig	fɪɐtsɪcmoːnatɪc	fiʁtsɪkmonatɪc	fiɾtsɪɡmonatɪc	viʁtsɪkmonatɪc	compound	vierzig|monatig	0.21428571428571427	0.21428571428571427	0.2857142857142857	fɪʁt͡sɪkmonatɪk	viɾtsɪkmonɑtɪç	0.26666666666666666	0.42857142857142855
vierzigstens	fɪʁtsɪcstns	fɪʁtsɪkstns	fiɾtsɪcstəns	viʁtsɪgstɛns	compound	vierzigsten|s	0.09090909090909091	0.25	0.3333333333333333	fɪʁt͡sɪkstn̩s	viɾtsɪgstɛns	0.23076923076923078	0.4166666666666667
vierzigstündig	fɪɐtsɪcʃtʏndɪc	fiʁtsɪkʃtʏndɪc	fiɾtsɪcʃtyndɪc	viʁtsɪgstʏndɪc	compound	vierzig|stündig	0.21428571428571427	0.21428571428571427	0.35714285714285715	fɪʁt͡sɪkʃtʏndɪk	viɾtsɪgstʏndɪç	0.26666666666666666	0.42857142857142855
vierzigtausendste	fiːɐsɪctaʊzntstə	fiɐsɪctaʊzntstə	fiɾtsɪctaʊzəndstə	viʁtsɪktaozɛndstə	compound	vierzigtausend|ste	0.0	0.23529411764705882	0.4117647058823529	fiɐ̯sɪçtaʊzn̩t͡stə	viɾtsɪktaozɛndstə	0.2222222222222222	0.4117647058823529
vierzigtägig	fɪɐtsɪktɛːɡɪk	fiʁtsɪktɛɡɪk	fiɾtsɪctɛɡɪc	viʁtsɪktɛgɪc	compound	vierzig|t|ä|gig	0.16666666666666666	0.3333333333333333	0.4166666666666667	fiʁt͡sɪktɛɡɪk	viɾtsɪktɛgɪç	0.23076923076923078	0.4166666666666667
vierzigwöchig	fɪɐtsɪcvœcɪc	fiʁtsɪkvœcɪc	fiɾtsɪɡvœcɪc	viʁtsɪkvœcɪc	compound	vierzig|wöchig	0.25	0.25	0.3333333333333333	fɪʁt͡sɪkvœçɪk	viɾtsɪkvœçɪç	0.38461538461538464	0.5
vollgefedert	fɔlɡəfeːdɐt	fɔlɡəfedɐt	fɔlɡəfedɜt	vɔllgəfedɛʁt	compound	voll|gefedert	0.0	0.1	0.4166666666666667	fɔlɡəfedɐt	vɔllgefedɛɾt	0.0	0.5
vollgemacht	fɔlɡəmaxt	fɔlɡəmaxt	fɔlɡəmaxt	vɔllgəmaxt	compound	voll|gemacht	0.0	0.0	0.3	fɔlɡəmaxt	vɔllgemaxt	0.0	0.4
vorankündigen	foːɐankʏndɪɡn	foʁankʏndɪɡn	forankyndɪɡən	foɐʁaŋkʏndɪgən	compound	voran|kündigen	0.08333333333333333	0.23076923076923078	0.2857142857142857	foʁankʏndɪɡn̩	foɐɾankʏndɪgən	0.15384615384615385	0.21428571428571427
vorausahnen	foʁaʊsʔaːnən	foʁaʊsanən	foraʊsɑnən	foɐʁaozanən	compound	voraus|ahnen	0.0	0.2	0.2727272727272727	foʁaʊ̯sanən	foɐɾaosɑnən	0.09090909090909091	0.36363636363636365
vorausahnend	foʁaʊsaːnənt	foʁaʊsanənt	foraʊsɑnənt	foɐʁaozanɛnt	compound	voraus|ahnend	0.0	0.18181818181818182	0.3333333333333333	foʁaʊ̯sanənt	foɐɾaosɑnɛnt	0.08333333333333333	0.4166666666666667
vorausgehabt	foʁaʊsɡəhaːbt	foʁaʊsɡəhapt	foraʊsɡəhɑpt	foɐʁaosgəhapt	compound	voraus|gehabt	0.08333333333333333	0.25	0.3076923076923077	foraʊsgəhɑpt	foɐɾaosgəhapt	0.3333333333333333	0.38461538461538464
voraushaben	foʁaʊshaːbən	foʁaʊshabn	foraʊshɑbən	foɐʁaoshabən	compound	voraus|haben	0.1	0.18181818181818182	0.16666666666666666	foʁaʊ̯shabn̩	foɐɾaoshɑbən	0.25	0.3333333333333333
vorauslaufen	foʁaʊslaʊfən	foʁaʊslaʊfn	foraʊslaʊfən	foɐʁaoslaofən	compound	voraus|laufen	0.09090909090909091	0.08333333333333333	0.23076923076923078	foʁaʊ̯slaʊ̯fn̩	foɐɾaoslaofən	0.2857142857142857	0.3076923076923077
vorfordern	foːɐfɔʁdɐn	foɐfɔʁdɐn	foɾfɔɾdɜn	foɐfɔʁdɛʁn	compound	vor|fordern	0.0	0.3333333333333333	0.2	foɐ̯fɔʁdɐn	foɐ̯fɔɾdɛɾn	0.1	0.36363636363636365
vorkantsche	foːɐkantʃə	foɐkantʃə	foɾkantʃə	foɐkantʃə	compound	vor|kant|sche	0.0	0.1111111111111111	0.0	foɐ̯kant͡ʃə	foɐ̯kantʃə	0.18181818181818182	0.1
vorkantscher	foːɐkantʃɐ	foɐkantʃeɐ	foɾkantʃɜ	foɐkantʃɐ	compound	vor|kant|scher	0.1	0.2222222222222222	0.0	foɐ̯kant͡ʃɐ	foɐ̯kantʃɐ̯	0.18181818181818182	0.18181818181818182
vorletzt	foːɐlɛtst	foɐlɛtst	foɾlɛtst	foɐlɛtst	compound	vor|letzt	0.0	0.125	0.0	foɐ̯lɛt͡st	foɐ̯lɛtst	0.2	0.1111111111111111
vorstellig	foːɐʃtɛlɪc	foɐʃtɛlɪc	foɾʃtɛlɪc	foɐʃtɛllɪc	compound	vor|stellig	0.0	0.1111111111111111	0.1	foɾʃtɛlɪç	foɐ̯ʃtɛllɪç	0.2222222222222222	0.2727272727272727
waldechtig	valdɛctɪk	valdəctɪk	valdɛctɪc	valdɛctɪc	compound	walde|ch|tig	0.1111111111111111	0.1111111111111111	0.1111111111111111	valtɛçtɪk	valdɛçtɪç	0.2222222222222222	0.2222222222222222
waschelnass	vaʃlnas	vaʃəlnas	vaʃɛlnas	vaʃɛlnass	compound	wasche|l|nass	0.125	0.125	0.2222222222222222	vaʃl̩nas	vaʃɛlnass	0.125	0.2222222222222222
wasserstoffähnlich	vasɐʃtɔfɛːnlɪc	vasɐʃtɔfɛnlɪc	vasɜʃtɔfɛnlɪc	vaszɛʁstɔffɛnlɪc	compound	wasserstoff|ähnlich	0.0	0.07692307692307693	0.3125	vasɐʃtɔfɛnlɪç	vaszɛɾstɔffɛnlɪç	0.07692307692307693	0.375
weißgrau	vaɪsɡʁaʊ	vaɪsɡʁaʊ	vaɪsɡɾaʊ	vaeszgʁao	compound	weiß|grau	0.0	0.125	0.4444444444444444	vaɪ̯sɡʁaʊ̯	vaeʃgɾao	0.2	0.625
wers	veːɐs	veɐs	veɾs	vɛʁs	compound	wer|s	0.0	0.25	0.5	veɐ̯s	vɛɾs	0.2	0.5
wievielmal	viːfiːlmaːl	vivilmal	vivilmɑl	vivilmal	compound	wieviel|mal	0.125	0.25	0.125	vivilmɑl	vivilmal	0.25	0.125
wills	vɪls	vɪls	vɪls	vɪlls	compound	will|s	0.0	0.0	0.2	vɪls	vɪlls	0.0	0.2
willt	vɪlt	vɪlt	vɪlt	vɪllt	compound	will|t	0.0	0.0	0.2	vɪlt	vɪllt	0.0	0.2
windwärts	vɪntvɛʁts	vɪntvɛʁts	vɪndvɛɾts	vɪntvɛʁts	compound	wind|wärts	0.0	0.2222222222222222	0.0	vɪntvɛʁt͡s	vɪntvɛɾts	0.1	0.1111111111111111
winkelgleich	vɪŋkəlɡlaɪc	vɪŋkəlɡlaɪc	vɪnkəlɡlaɪc	vɪŋkɛlglaec	compound	winkel|gleich	0.0	0.09090909090909091	0.2727272727272727	vɪnkəlglaɪç	vɪŋkɛlglaeç	0.2727272727272727	0.36363636363636365
wirs	viːɐs	viɐs	viɾs	vɪʁs	compound	wir|s	0.0	0.25	0.5	viɾs	vɪɾs	0.25	0.5
witzigerweise	vɪtsɪɡɐvaɪzə	vɪtsɪɡɐvaɪzə	vɪtsɪɡɜvaɪzə	vɪtsɪgɛʁvaezə	compound	witziger|weise	0.0	0.08333333333333333	0.3076923076923077	vɪtsɪgɜvaɪzə	vɪtsigɛɾvaezə	0.16666666666666666	0.38461538461538464
wodrauf	voːdʁaʊf	vodʁaʊf	vɔdɾaʊf	vɔdʁaof	compound	wo|drauf	0.0	0.2857142857142857	0.2857142857142857	vodʁaʊ̯f	vɔdɾaof	0.125	0.42857142857142855
woll	vɔl	vɔl	vɔl	vɔll	compound	w|oll	0.0	0.0	0.25	vɔl	vɔll	0.0	0.25
wortlastig	vɔrtlastɪk	vɔʁtlastik	vɔɾtlastɪc	vɔʁtlastɪc	compound	wort|last|ig	0.2	0.2	0.2	vɔʁtlastɪk	vɔɾtlastɪç	0.1	0.2
währschaft	vɛːrʃaft	vɛɐʃaft	vɛɾʃaft	vɛʁstshaft	compound	währ|schaft	0.14285714285714285	0.14285714285714285	0.5	vɛɾʃaft	vɛɾstshaft	0.14285714285714285	0.5
wär	vɛːr	vɛʁ	vɛɾ	vɛ	compound	w|ä|r	0.3333333333333333	0.3333333333333333	0.5	vɛʁ	vɛɐ̯	0.3333333333333333	0.5
zehnsprachig	tseːnʃpʁaːχɪk	tsenʃpʁaxik	tsenʃpɾɑxɪc	tsenspʁaxɪc	compound	zehn|sprach|ig	0.18181818181818182	0.36363636363636365	0.2727272727272727	t͡senʃpʁaxɪk	tsenspɾaxɪç	0.16666666666666666	0.36363636363636365
zehntausendfach	tseːntaʊzntfaχ	tsentaʊzntfax	tsentaʊzɛntfax	tsentaozɛntfax	compound	zehntausend|fach	0.07692307692307693	0.14285714285714285	0.21428571428571427	t͡sentaʊ̯zn̩tfax	tsentaozɛntfax	0.25	0.21428571428571427
zeisen	tsaɪzn	tsaɪzn	tsaɪzən	tsaezən	compound	z|eisen	0.0	0.14285714285714285	0.2857142857142857	t͡saɪ̯zn̩	tsaezən	0.3333333333333333	0.2857142857142857
zeitdiagnostisch	tsaɪtdiaɡnɔstɪʃ	tsaɪtdiaɡnɔstɪʃ	tsaɪtdiaɡnɔstɪʃ	tsaetdiagnɔstɪʃ	compound	zeit|diagnostisch	0.0	0.0	0.13333333333333333	t͡saɪ̯tdiaɡnɔstɪʃ	tsaetdiagnɔstɪʃ	0.11764705882352941	0.13333333333333333
zentrifugieren	tsɛntʁifuɡiːʁən	tsɛntʁifukiʁən	tsɛntɾifuɡirən	tsɛntʁifugiʁən	compound	zen|tri|fug|ieren	0.07142857142857142	0.14285714285714285	0.07142857142857142	t͡sɛntʁifuɡiʁən	tsɛntɾifugiɾen	0.06666666666666667	0.2857142857142857
zertreiben	tsɛɐtʁaɪbn	tseɐtʁaɪbn	tsɛɾtɾaɪbən	tsɛɐtʁaebən	compound	zer|treiben	0.1	0.2727272727272727	0.18181818181818182	t͡sɛɐ̯tʁaɪ̯bm̩	tsɛɐ̯tɾaebən	0.35714285714285715	0.3333333333333333
zinnfarbig	tsɪnfaʁbɪc	tsɪnfaʁbɪk	tsɪnfaɾbɪc	tsɪnnfaʁbɪc	compound	zinn|farbig	0.1	0.1	0.09090909090909091	t͡sɪnfaʁbɪk	tsɪnnfaɾbɪç	0.18181818181818182	0.2727272727272727
zirkelhaft	tsɪɐklhaft	tsɪʁklhaft	tsɪɾkəlhaft	tsɪʁkɛlhaft	compound	zirkel|haft	0.1	0.18181818181818182	0.18181818181818182	tsɪɾkəlhaft	tsɪɾkelhaft	0.18181818181818182	0.18181818181818182
zirkelschlüssig	tsɪɐklʃlʏsɪk	tsɪʁklʃlʏsɪk	tsɪɾkəlʃlysɪc	tsɪʁkɛlstslʏszɪc	compound	zirkel|schlüssig	0.08333333333333333	0.3076923076923077	0.4375	tsɪɾkəlʃlʏsɪç	tsɪɾkɛlstslʏszɪç	0.23076923076923078	0.4375
zufallsabhängig	tsuːfalsʔaphɛŋɪc	tsufalsaphɛŋɪk	tsufalzaphɛŋɪc	tsufallzapɛŋɪc	compound	zufalls|abhängig	0.07142857142857142	0.07142857142857142	0.21428571428571427	tsufalzaphɛŋɪç	tsufallzapɛŋɪç	0.14285714285714285	0.2857142857142857
zufallsabhängigen	tsuːfalsʔaphɛŋɪɡn	tsufalsaphɛŋɪɡn	tsufalzaphɛŋɪɡən	tsufallzapɛŋɪgən	compound	zufalls|abhängigen	0.0	0.125	0.3125	tsufalzaphɛŋɪgən	tsufallzapɛŋɪgən	0.1875	0.3125
zugängig	tsuːɡɛŋɪk	tsuɡɛŋɪk	tsuɡɛŋɪc	tsugɛŋɪc	compound	zu|gängig	0.0	0.125	0.25	t͡suɡɛŋɪk	tsugɛŋɪç	0.1111111111111111	0.25
zugängigen	tsuːɡɛŋɪɡn	tsuɡɛŋɪɡn	tsuɡɛŋɪɡən	tsugɛŋɪgən	compound	zu|gängigen	0.0	0.1	0.3	tsugɛŋɪgən	tsugɛŋɪgən	0.3	0.3
zugängigste	tsuːɡɛŋɪcstə	tsuɡɛŋɪkstə	tsuɡɛŋɪcstə	tsugɛŋɪgstə	compound	zu|gängigste	0.09090909090909091	0.0	0.18181818181818182	t͡suɡɛŋɪkstə	tsugɛŋɪgstə	0.16666666666666666	0.18181818181818182
zugängigstem	tsuːɡɛŋɪcstəm	tsuɡɛŋɪkstəm	tsuɡɛŋɪcstəm	tsugɛŋɪgstəm	compound	zu|gängigstem	0.08333333333333333	0.0	0.16666666666666666	t͡suɡɛŋɪkstəm	tsugɛŋɪgstəm	0.15384615384615385	0.16666666666666666
zugängigsten	tsuːɡɛŋɪcstn	tsuɡɛŋɪkstn	tsuɡɛŋɪcstən	tsugɛŋɪgstən	compound	zu|gängigsten	0.09090909090909091	0.08333333333333333	0.25	t͡suɡɛŋɪkstn̩	tsugɛŋɪgstən	0.23076923076923078	0.25
zugängigster	tsuːɡɛŋɪcstɐ	tsuɡɛŋɪkstɐ	tsuɡɛŋɪcstɜ	tsugɛŋɪgstɐ	compound	zu|gängigster	0.09090909090909091	0.09090909090909091	0.18181818181818182	t͡suɡɛŋɪkstɐ	tsugɛŋɪgstɐ̯	0.16666666666666666	0.25
zugängigstes	tsuːɡɛŋɪcstəs	tsuɡɛŋɪkstəs	tsuɡɛŋɪcstəs	tsugɛŋɪgstəs	compound	zu|gängigstes	0.08333333333333333	0.0	0.16666666666666666	t͡suɡɛŋɪkstəs	tsugɛŋɪgstəs	0.15384615384615385	0.16666666666666666
zun	tsuːn	tsun	tsun	tsun	compound	zu|n	0.0	0.0	0.0	t͡sun	tsun	0.2	0.0
zusammengestrebt	tsuːzamənʃtʁeːbən	tsuzamənɡəʃtʁept	tsuzamənɡəʃtɾept	tsuzammɛŋɛstʁɛpt	compound	zusammen|gestrebt	0.3125	0.375	0.5625	tsuzaməngəʃtɾept	tsuzammɛŋɛstɾɛpt	0.375	0.625
zusammenpassendsten	tsuzamənpasntstn	tsuzamənpasntstn	tsuzamənpasəndstən	tsuzammɛnpaszɛndstən	compound	zusammenpassend|sten	0.0	0.16666666666666666	0.3	tsuzamənpasəndstən	tsuzammɛnpaszɛndstən	0.16666666666666666	0.3
zusammenreissen	tsuzamənʁaɪsən	tsuzamənnʁaɪsən	tsuzamənraɪsən	tsuzammɛnʁaeszən	compound	zusammen|reissen	0.06666666666666667	0.07142857142857142	0.25	t͡suzamənnʁaɪsən	tsuzammɛnɾaeszən	0.125	0.3125
zusammenspinnen	tsuzamənʃpɪnən	tsuzamənʃpɪnən	tsuzamənʃpɪnən	tsuzammɛnspɪnnən	compound	zusammen|spinnen	0.0	0.0	0.25	t͡suzamənʃpɪnən	tsuzammɛnspɪnnən	0.06666666666666667	0.25
zusammenstreben	tsuːzamənʃtʁeːbən	tsuzamənʃtʁebn	tsuzamənʃtɾebən	tsuzammɛnstʁebən	compound	zusammen|streben	0.07142857142857142	0.06666666666666667	0.1875	tsuzamənʃtɾebən	tsuzammɛnstɾebən	0.06666666666666667	0.25
zusammenstrebend	tsuːzamənʃtʁeːbənt	tsuzamənʃtʁebnt	tsuzamənʃtɾebənt	tsuzammɛnstʁebɛnt	compound	zusammen|strebend	0.06666666666666667	0.0625	0.23529411764705882	tsuzamənʃtɾebənt	tsuzammɛnstɾebɛnt	0.0625	0.29411764705882354
zuvorsagen	tsufoːɐzaːɡn	tsufoɐzaɡn	tsufoɾzɑɡən	tsufoɐzagən	compound	zuvor|sagen	0.0	0.2727272727272727	0.18181818181818182	tsufoɾzɑgən	tsufoɐ̯zɑgən	0.36363636363636365	0.3333333333333333
zwangseinweisen	tsvaŋsʔaɪnvaɪzən	tsvaŋsaɪnvaɪzn	tsvaŋzaɪnvaɪzən	tsvaŋzaenvaezən	compound	zwangs|einweisen	0.07142857142857142	0.06666666666666667	0.2	tsvaŋzaɪnvaɪzən	tsvaŋzaenvaezən	0.06666666666666667	0.2
zwanzigeckiger	tsvantsɪcɛkɪcɡɐ	tsvantsɪcɛkɪceɐ	tsvantsɪɡɛkɪɡɜ	tsvantsɪgɛkɪgɐ	compound	zwanzigeckig|er	0.06666666666666667	0.21428571428571427	0.21428571428571427	t͡svant͡sɪkɛkɪɡɐ	tsvantsigɛkɪgɐ̯	0.25	0.3333333333333333
zwanzigmonatig	tsvantsɪcmoːnatɪc	tsvantsɪkmonatɪc	tsvantsɪɡmonatɪc	tsvantsɪkmonatɪc	compound	zwanzig|monatig	0.0625	0.0625	0.0625	t͡svant͡sɪkmonatɪk	tsvantsɪkmonɑtɪç	0.2222222222222222	0.1875
zwanzigseitig	tsvantsiczaɪtɪc	tsvantsɪkzaɪtɪc	tsvantsɪɡzaɪtɪc	tsvantsɪkzəitɪc	compound	zwanzig|seitig	0.13333333333333333	0.13333333333333333	0.26666666666666666	t͡svant͡sɪkzaɪ̯tɪk	tsvantsɪkzəitɪç	0.3333333333333333	0.3333333333333333
zwanzigtausendste	tsvantsɪctaʊzntstə	tsvantsɪktaʊzntstə	tsvantsɪctaʊzəndstə	tsvantsɪktaozɛndstə	compound	zwanzigtausend|ste	0.05555555555555555	0.10526315789473684	0.21052631578947367	t͡svant͡sɪktaʊ̯zn̩t͡stə	tsvantsɪktaozɛndstə	0.2608695652173913	0.21052631578947367
zwanzigtägig	tsvantsɪktɛːɡɪk	tsvantsɪktɛɡɪk	tsvantsɪctɛɡɪc	tsvantsɪktɛgɪc	compound	zwanzig|t|ä|gig	0.0	0.14285714285714285	0.14285714285714285	t͡svant͡sɪçtɛɡɪç	tsvantsɪktɛgɪç	0.25	0.14285714285714285
zwanzigwöchig	tsvantsicvœcɪc	tsvantsɪkvœcɪc	tsvantsɪɡvœcɪc	tsvantsɪkvœcɪc	compound	zwanzig|wöchig	0.14285714285714285	0.14285714285714285	0.14285714285714285	t͡svant͡sɪkvœçɪk	tsvantsɪkvœçɪç	0.375	0.2857142857142857
zweifelfrei	tsvaɪflfʁaɪ	tsvaɪflfʁaɪ	tsvaɪfəlfraɪ	tsvaefɛlfʁae	compound	zweifel|frei	0.0	0.16666666666666666	0.25	tsvaɪfəltɾaɪ	tsvaefɛlfɾae	0.25	0.3333333333333333
zweihundertjährig	tsvaɪhʊndɐtjɛːʁɪc	tsvaɪhʊndɐtjɛrɪc	tsvaɪhʊndɜtjɛrɪc	tsvaeʊndɛʁtjɛʁɪc	compound	zweihundert|jährig	0.0625	0.125	0.25	t͡svaɪ̯hʊndɐtjɛʁɪk	tsvaeʊndɛɾtjɛɾɪç	0.16666666666666666	0.375
zweihunderttausend	tsvaɪhʊndɐttaʊznt	tsvaɪhʊndɐttaʊznt	tsvaɪhʊndɜtaʊzənt	tsvaeʊndɛʁttaozɛnt	compound	zweihundert|tausend	0.0	0.17647058823529413	0.3333333333333333	tsvaɪhʊndɜttaʊzənt	tsvaeʊndɛɾttaozɛnt	0.1111111111111111	0.3333333333333333
zweitausendfach	tsvaɪtaʊzntfaχ	tsvaɪtaʊzntfax	tsvaɪtaʊzɛntfax	tsvaetaozɛntfax	compound	zweitausend|fach	0.07142857142857142	0.13333333333333333	0.26666666666666666	tsvaɪtaʊzɛntfax	tsvaetaozɛntfax	0.13333333333333333	0.26666666666666666
zweitausendste	tsvaɪtaʊzntstə	tsvaɪtaʊzntstə	tsvaɪtaʊzəndstə	tsvaetaozɛndstə	compound	zweitausend|ste	0.0	0.13333333333333333	0.26666666666666666	tsvaɪtaʊzɛntstə	tsvaetaozɛndstə	0.06666666666666667	0.26666666666666666
zweiundachtzigste	tsvaɪʊntaxtsɪcstə	tsvaɪʊntaxtsɪkstə	tsvaɪʊndaxtsɪcstə	tsvaeʊndaxtsɪgstə	compound	zweiundachtzig|ste	0.058823529411764705	0.058823529411764705	0.17647058823529413	t͡svaɪ̯ʊntaxt͡sɪkstə	tsvaeʊndaxtsɪgstə	0.2	0.17647058823529413
zweiunddreissigeckig	tsvaɪʊntdʁaɪsɪcɛkɪc	tsvaɪʊntdʁaɪsɪcɛkɪc	tsvaɪʊndɾaɪsɪɡɛkɪc	tsvaeʊndʁaeszɪgɛkɪc	compound	zwei|und|dreissigeckig	0.0	0.16666666666666666	0.2631578947368421	t͡svaɪ̯ʊntdʁaɪ̯szɪkɪk	tsvaeʊnddɾaeszigɛkɪç	0.3333333333333333	0.4
zweiunddreissigeckiger	tsvaɪʊntdʁaɪsɪcɛkɪcɡɐ	tsvaɪʊntdʁaɪsɪɡɛkɪɡɐ	tsvaɪʊndɾaɪsɪɡɛkɪɡɜ	tsvaeʊndʁaeszɪgɛkɪgɐ	compound	zwei|unddreissi|g|eckiger	0.1	0.2631578947368421	0.35	t͡svaɪ̯ʊntdʁaɪ̯szɪkɪɡɐ	tsvaeʊnddɾaeszigɛkɪgɐ̯	0.3181818181818182	0.45454545454545453
zweiunddreissigmal	tsvaɪʊntdʁaɪsɪcmaːl	tsvaɪʊntdʁaɪsɪɡmal	tsvaɪʊndɾaɪsɪɡmɑl	tsvaeʊndʁaeszɪkmal	compound	zwei|unddreissi|g|mal	0.05555555555555555	0.23529411764705882	0.2777777777777778	t͡svaɪ̯ʊntdʁaɪ̯sɪɡmal	tsvaeʊnddɾaeszɪkmal	0.19047619047619047	0.3157894736842105
zweiunddreissigstens	tsvaɪʊntdʁaɪsɪcstns	tsvaɪaɪʊntdʁaɪsɪcstns	tsvaɪʊndɾaɪsɪcstəns	tsvaeʊndʁaeszɪgstɛns	compound	zwei|unddreissigstens	0.09523809523809523	0.15789473684210525	0.3	t͡svaɪ̯ʊntdʁaɪ̯sɪkstn̩s	tsvaeʊnddɾaeszɪgstɛns	0.21739130434782608	0.3333333333333333
zweiunddreißigeckig	tsvaɪʊntdʁaɪsɪcɛkɪc	tsvaɪʊntdʁaɪsɪkɛkɪk	tsvaɪʊndɾaɪsɪɡɛkɪc	tsvaeʊndʁaeszɪgɛkɪc	compound	zweiunddreißig|eckig	0.10526315789473684	0.16666666666666666	0.2631578947368421	t͡svaɪ̯ʊntdʁaɪ̯sɪɡəkɪk	tsvaeʊnddɾaejagɛkɪç	0.2727272727272727	0.42105263157894735
zweiunddreißigeckiger	tsvaɪʊntdʁaɪsɪcɛkɪɡɐ	tsvaɪʊntdʁaɪsɪkɛkɪɡɐ	tsvaɪʊndɾaɪsɪɡɛkɪɡɜ	tsvaeʊndʁaeszɪgɛkɪgɐ	compound	zweiunddreißig|eckiger	0.05	0.21052631578947367	0.3	t͡svaɪ̯ʊntdʁaɪ̯sɪɡəkɪɡɐ	tsvaeʊnddɾaejigɛkɪgɐ̯	0.21739130434782608	0.42857142857142855
zweiunddreißigjährig	tsvaɪʊntdʁaɪsɪcjɛːʁɪc	tsvaɪʊntdʁaɪsɪkjɛrɪc	tsvaɪʊndɾaɪsɪɡjɛrɪc	tsvaeʊndʁaeszɪkjɛʁɪc	compound	zweiunddreißig|jährig	0.1	0.21052631578947367	0.25	t͡svaɪ̯ʊntdʁaɪ̯sɪkjɛʁɪk	tsvaeʊnddɾaeʃɪkjɛɾɪç	0.21739130434782608	0.4
zweiunddreißigmal	tsvaɪʊntdʁaɪsɪcmaːl	tsvaɪʊntdʁaɪsɪkmal	tsvaɪʊndɾaɪsɪɡmɑl	tsvaeʊndʁaeszɪkmal	compound	zweiunddreißig|mal	0.05555555555555555	0.23529411764705882	0.2777777777777778	t͡svaɪ̯ʊntdʁaɪ̯sɪkmal	tsvaeʊnddɾaejɪkmal	0.19047619047619047	0.3333333333333333
zweiunddreißigminütig	tsvaɪʊntdʁaɪsɪcminyːtɪc	tsvaɪʊntdʁaɪsɪkminytɪc	tsvaɪʊndɾaɪsɪɡminytɪc	tsvaeʊndʁaeszɪkmɪnytɪc	compound	zweiunddreißig|minütig	0.045454545454545456	0.14285714285714285	0.2727272727272727	t͡svaɪ̯ʊntdʁaɪ̯sɪkminytɪk	tsvaeʊnddɾaejɪkminytɪç	0.2	0.3181818181818182
zweiunddreißigminütiger	tsvaɪʊntdʁaɪsɪcminyːtɪɡɐ	tsvaɪʊntdʁaɪsɪkminytɪgɜ	tsvaɪʊndɾaɪsɪɡminytɪɡɜ	tsvaeʊndʁaeszɪkmɪnytɪgɐ	compound	zweiunddreißig|minütiger	0.13043478260869565	0.18181818181818182	0.30434782608695654	t͡svaɪ̯ʊntdʁaɪ̯sɪkminytɪɡɐ	tsvaeʊnddɾaejɪkminytɪgɐ̯	0.15384615384615385	0.3333333333333333
zweiunddreißigstens	tsvaɪʊntdʁaɪsɪcstns	tsvaɪʊntdʁaɪsɪkstns	tsvaɪʊndɾaɪsɪcstəns	tsvaeʊndʁaeszɪgstɛns	compound	zweiunddreißigsten|s	0.05263157894736842	0.15789473684210525	0.3	t͡svaɪ̯ʊntdʁaɪ̯sɪkstn̩s	tsvaeʊnddɾaejɪgstɛns	0.21739130434782608	0.35
zweiunddreißigstündig	tsvaɪʊntdʁaɪsɪcʃtʏndɪc	tsvaɪʊntdʁaɪsɪkʃtʏndɪc	tsvaɪʊndɾaɪsɪcʃtyndɪc	tsvaeʊndʁaeszɪgstʏndɪc	compound	zweiunddreißig|stündig	0.045454545454545456	0.14285714285714285	0.2727272727272727	t͡svaɪ̯ʊntdʁaɪ̯sɪkʃtʏndɪk	tsvaeʊnddɾaejɪgstʏndɪç	0.2	0.36363636363636365
zweiunddreißigstündiger	tsvaɪʊntdʁaɪsɪcʃtʏndɪɡɐ	tsvaɪʊntdʁaɪsɪkʃtʏndɪceɐ	tsvaɪʊndɾaɪsɪcʃtyndɪɡɜ	tsvaeʊndʁaeszɪgstʏndɪgɐ	compound	zweiunddreißig|stündig|er	0.125	0.18181818181818182	0.30434782608695654	t͡svaɪ̯ʊntdʁaɪ̯sɪkʃtʏndɪɡɐ	tsvaeʊnddɾaejɪgstʏndɪgɐ̯	0.15384615384615385	0.375
zweiunddreißigtägig	tsvaɪʊntdʁaɪsɪctɛːɡɪc	tsvaɪʊntdʁaɪsɪktɛɡɪk	tsvaɪʊndɾaɪsɪctɛɡɪc	tsvaeʊndʁaeszɪktɛgɪc	compound	zweiunddreißig|t|ä|gig	0.1	0.10526315789473684	0.3	t͡svaɪ̯ʊntdʁaɪ̯sɪktɛɡɪk	tsvaeʊnddɾaeɪ̯çɪçtɛɡɪç	0.21739130434782608	0.36363636363636365
zweiunddreißigtägiger	tsvaɪʊntdʁaɪsɪctɛːɡɪɡɐ	tsvaɪʊntdʁaɪsɪktɛɪɡɐ	tsvaɪʊndɾaɪsɪctɛɡɪɡɜ	tsvaeʊndʁaeszɪktɛgɪgɐ	compound	zweiunddreißig|t|ä|giger	0.1	0.15	0.3333333333333333	t͡svaɪ̯ʊntdʁaɪ̯sɪktɛɡɪɡɐ	tsvaeʊnddɾaeɪ̯çɪçtɛgɪgɐ̯	0.16666666666666666	0.4166666666666667
zweiundfünfzigfach	tsvaɪʊntfʏnftsɪcfax	tsvaɪʊntfʏnftsɪkfax	tsvaɪʊntfynftsɪcfax	tsvaeʊntfʏnftsɪkfax	compound	zweiundfünfzig|fach	0.05263157894736842	0.05263157894736842	0.10526315789473684	t͡svaɪ̯ʊntfʏnft͡sɪçfax	tsvaeʊntfʏnftsɪkfax	0.18181818181818182	0.10526315789473684
zweiundfünfzigjährig	tsvaɪʊntfʏnftsɪcjɛːʁɪc	tsvaɪʊntfʏnftsɪkjɛrɪc	tsvaɪʊntfynftsɪɡjɛrɪc	tsvaeʊntfʏnftsɪkjɛʁɪc	compound	zweiundfünfzig|jährig	0.09523809523809523	0.14285714285714285	0.09523809523809523	t͡svaɪ̯ʊntfʏnft͡sɪkjɛʁɪk	tsvaeʊntfʏnftsɪkjɛɾɪç	0.20833333333333334	0.19047619047619047
zweiundfünfzigmal	tsvaɪʊntfʏnftsɪcmaːl	tsvaɪʊntfʏnftsɪkmal	tsvaɪʊntfynftsɪɡmɑl	tsvaeʊntfʏnftsɪkmal	compound	zweiundfünfzig|mal	0.05263157894736842	0.15789473684210525	0.10526315789473684	t͡svaɪ̯ʊntfʏnft͡sɪçmal	tsvaeʊntfʏnftsɪkmal	0.18181818181818182	0.10526315789473684
zweiundfünfzigminütig	tsvaɪʊntfʏnftsɪcminyːtɪc	tsvaɪʊntfʏnftsɪkminytɪc	tsvaɪʊntfynftsɪɡminytɪc	tsvaeʊntfʏnftsɪkmɪnytɪc	compound	zweiundfünfzig|minütig	0.043478260869565216	0.08695652173913043	0.13043478260869565	t͡svaɪ̯ʊntfʏnft͡sɪkminytɪk	tsvaeʊntfʏnftsɪkminytɪç	0.19230769230769232	0.13043478260869565
zweiundfünfzigminütiger	tsvaɪʊntfʏnftsɪcminyːtɪɡɐ	tsvaɪʊntfʏnftsɪkminytɪgɜ	tsvaɪʊntfynftsɪɡminytɪɡɜ	tsvaeʊntfʏnftsɪkmɪnytɪgɐ	compound	zweiundfünfzig|minütiger	0.125	0.125	0.16666666666666666	t͡svaɪ̯ʊntfʏnft͡sɪkminytɪɡɐ	tsvaeʊntfʏnftsɪkminytɪgɐ̯	0.14814814814814814	0.16
zweiundfünfzigste	tsvaɪʊntfʏnftsɪcstə	tsvaɪʊntfʏnftsɪkstə	tsvaɪʊntfynftsɪcstə	tsvaeʊntfʏnftsɪgstə	compound	zweiundfünfzig|ste	0.05263157894736842	0.05263157894736842	0.10526315789473684	t͡svaɪ̯ʊntfʏnft͡sɪkstə	tsvaeʊntfʏnftsɪgstə	0.18181818181818182	0.10526315789473684
zweiundfünfzigstens	tsvaɪʊntfʏnftsɪcstns	tsvaɪʊntfʏnftsɪkstns	tsvaɪʊntfynftsɪcstəns	tsvaeʊntfʏnftsɪgstɛns	compound	zweiundfünfzig|sten|s	0.05	0.09523809523809523	0.14285714285714285	t͡svaɪ̯ʊntfynft͡sɪçstn̩s	tsvaeʊntfʏnftsɪgstɛns	0.25	0.14285714285714285
zweiundneunzigste	tsvaɪʊntnɔɪntsɪcstə	tsvaɪʊntnɔɪntsɪkstə	tsvaɪʊndnɔøntsɪcstə	tsvaeʊndnɔɔʏntsɪgstə	compound	zweiundneunzig|ste	0.05263157894736842	0.10526315789473684	0.25	t͡svaɪ̯ʊntnɔɪ̯nt͡sɪkstə	tsvaeʊndnɔøntsɪgstə	0.21739130434782608	0.21052631578947367
zweiundsechzigfach	tsvaɪʊntzɛctsɪcfax	tsvaɪʊntzɛctsɪkfax	tsvaɪʊndzɛctsɪcfax	tsvaeʊntzɛctsɪkfax	compound	zweiundsechzig|fach	0.05555555555555555	0.05555555555555555	0.1111111111111111	t͡svaɪ̯ʊntzɛçt͡sɪkfax	tsvaeʊntzɛçtsɪkfax	0.23809523809523808	0.16666666666666666
zweiundsechzigjährig	tsvaɪʊntzɛctsɪcjɛːʁɪc	tsvaɪʊntzɛctsɪkjɛrɪc	tsvaɪʊndzɛctsɪɡjɛrɪc	tsvaeʊntzɛctsɪkjɛʁɪc	compound	zweiundsechzig|jährig	0.1	0.15	0.1	t͡svaɪ̯ʊntzɛçt͡sɪkjɛʁɪk	tsvaeʊntzɛçtsɪkjɛɾɪç	0.2608695652173913	0.25
zweiundsechzigste	tsvaɪʊntzɛctsɪcstə	tsvaɪʊntzɛctsɪkstə	tsvaɪʊndzɛctsɪcstə	tsvaeʊntzɛctsɪgstə	compound	zweiundsechzig|ste	0.05555555555555555	0.05555555555555555	0.1111111111111111	t͡svaɪ̯ʊntzɛçt͡sɪçstə	tsvaeʊntzɛçtsɪgstə	0.23809523809523808	0.16666666666666666
zweiundsiebzigste	tsvaɪʊntziːptsɪcstə	tsvaɪʊntziptsɪkstə	tsvaɪʊndziptsɪcstə	tsvaeʊntziptsɪgstə	compound	zweiundsiebzig|ste	0.05555555555555555	0.05555555555555555	0.1111111111111111	t͡svaɪ̯ʊntzipt͡sɪkstə	tsvaeʊntziptsɪgstə	0.19047619047619047	0.1111111111111111
zweiundvierzigfach	tsvaɪʊntfɪɐtsɪcfax	tsvaɪʊntfiɐtsɪkfax	tsvaɪʊndviɾtsɪcfax	tsvaeʊntviʁtsɪkfax	compound	zweiundvierzig|fach	0.1111111111111111	0.2222222222222222	0.2777777777777778	t͡svaɪ̯ʊntfɪʁt͡sɪkfax	tsvaeʊntviɾtsɪkfax	0.23809523809523808	0.2777777777777778
zweiundvierzigjährig	tsvaɪʊntfɪɐtsɪcjɛːʁɪc	tsvaɪʊntfiɐtsɪkjɛrɪc	tsvaɪʊndviɾtsɪɡjɛrɪc	tsvaeʊntviʁtsɪkjɛʁɪc	compound	zweiundvierzig|jährig	0.15	0.3	0.25	t͡svaɪ̯ʊntfiɐ̯t͡sɪkjɛʁɪk	tsvaeʊntviɾtsɪkjɛɾɪç	0.2916666666666667	0.35
zweiundvierzigmal	tsvaɪʊntfɪɐtsɪcmaːl	tsvaɪʊntfiɐtsɪkmal	tsvaɪʊndviɾtsɪɡmɑl	tsvaeʊntviʁtsɪkmal	compound	zweiundvierzig|mal	0.1111111111111111	0.3333333333333333	0.2777777777777778	t͡svaɪ̯ʊntfɪʁt͡sɪkmal	tsvaeʊntviɾtsɪkmal	0.23809523809523808	0.2777777777777778
zweiundvierzigminütig	tsvaɪʊntfɪɐtsɪcminyːtɪc	tsvaɪʊntfiɐtsɪkminytɪc	tsvaɪʊndviɾtsɪɡminytɪc	tsvaeʊntviʁtsɪkmɪnytɪc	compound	zweiundvierzig|minütig	0.09090909090909091	0.22727272727272727	0.2727272727272727	t͡svaɪ̯ʊntfiɐ̯t͡sɪkminytɪk	tsvaeʊntviɾtsɪkminytɪç	0.2692307692307692	0.2727272727272727
zweiundvierzigminütiger	tsvaɪʊntfɪɐtsɪcminyːtɪɡɐ	tsvaɪʊntfiɐtsɪkminytɪgɜ	tsvaɪʊndviɾtsɪɡminytɪɡɜ	tsvaeʊntviʁtsɪkmɪnytɪgɐ	compound	zweiundvierzig|minütiger	0.17391304347826086	0.2608695652173913	0.30434782608695654	t͡svaɪ̯ʊntfiɐ̯t͡sɪkminytɪɡɐ	tsvaeʊntviɾtsɪkminytɪgɐ̯	0.2222222222222222	0.2916666666666667
zweiundvierzigstens	tsvaɪʊntfɪʁtsɪkstns	tsvaɪʊntfɪʁtsɪkstns	tsvaɪʊndviɾtsɪcstəns	tsvaeʊntviʁtsɪgstɛns	compound	zweiundvierzigsten|s	0.0	0.3	0.25	t͡svaɪ̯ʊntfɪʁt͡sɪkstn̩s	tsvaeʊntviɾtsɪgstɛns	0.17391304347826086	0.3
zweiundzwanzigeckig	tsvaɪʊnttsvantsɪcɛkɪc	tsvaɪʊnttsvantsɪcɛkɪk	tsvaɪʊnttsvantsɪɡɛkɪc	tsvaeʊnttsvantsɪgɛkɪc	compound	zweiundzwanzig|eckig	0.047619047619047616	0.047619047619047616	0.09523809523809523	t͡svaɪ̯ʊntt͡svant͡sɪkɛkɪk	tsvaeʊnttsvantsigɛkɪç	0.24	0.19047619047619047
zweiundzwanzigfach	tsvaɪʊnttsvantsɪcfax	tsvaɪʊnttsvantsɪcfax	tsvaɪʊnttsvantsɪcfax	tsvaeʊnttsvantsɪkfax	compound	zweiundzwanzig|fach	0.0	0.0	0.1	tsvaɪʊnttsvantsɪçfax	tsvaeʊnttsvantsɪkfax	0.05	0.1
zweiundzwanzigjährig	tsvaɪʊnttsvantsɪcjɛːʁɪc	tsvaɪʊnttsvantsɪcjɛrɪc	tsvaɪʊnttsvantsɪɡjɛrɪc	tsvaeʊnttsvantsɪkjɛʁɪc	compound	zweiundzwanzig|jährig	0.045454545454545456	0.09090909090909091	0.09090909090909091	tsvaɪʊnttsvantsɪçjɛrɪç	tsvaeʊnttsvantsɪkjɛɾɪç	0.13636363636363635	0.18181818181818182
zweiundzwanzigköpfig	tsvaɪʊnttsvantsɪckœpfɪc	tsvaɪʊnttsvantsɪckœpfɪɡ	tsvaɪʊnttsvantsɪckœpfɪc	tsvaeʊnttsvantsɪkkœpfɪc	compound	zweiundzwanzig|köpfig	0.043478260869565216	0.0	0.08695652173913043	tsvaɪʊnttsvantsɪçkœpfɪç	tsvaeʊnttsvantsɪkkœpfɪç	0.08695652173913043	0.13043478260869565
zweiundzwanzigköpfiger	tsvaɪnʊntsvantsɪckœpfɪɡɐ	tsvaɪʊnttsvantsɪckœpfɪɡeɐ	tsvaɪʊnttsvantsɪckœpfɪɡɜ	tsvaeʊnttsvantsɪkkœpfɪgɐ	compound	zweiundzwanzig|köpfig|er	0.12	0.125	0.20833333333333334	tsvaɪʊnttsvantsɪçkœpfɪgɜ	tsvaeʊnttsvantsɪkkœpfɪgɐ̯	0.20833333333333334	0.24
zweiundzwanzigmal	tsvaɪʊnttsvantsɪcmaːl	tsvaɪʊnttsvantsɪcmal	tsvaɪʊnttsvantsɪɡmɑl	tsvaeʊnttsvantsɪkmal	compound	zweiundzwanzig|mal	0.0	0.1	0.1	tsvaɪʊnttsvantsɪçmɑl	tsvaeʊnttsvantsɪkmal	0.1	0.1
zweiundzwanzigminütig	tsvaɪʊntsvantsɪcminyːtɪc	tsvaɪʊnttsvantsɪcminytɪc	tsvaɪʊnttsvantsɪɡminytɪc	tsvaeʊnttsvantsɪkmɪnytɪc	compound	zweiundzwanzig|minütig	0.041666666666666664	0.08333333333333333	0.16666666666666666	tsvaɪʊnttsvantsɪçminytɪç	tsvaeʊnttsvantsɪkminytɪç	0.125	0.16666666666666666
zweiundzwanzigminütiger	tsvaɪʊntsvantsɪcminyːtɪɡɐ	tsvaɪʊnttsvantsɪcminytɪgɜ	tsvaɪʊnttsvantsɪɡminytɪɡɜ	tsvaeʊnttsvantsɪkmɪnytɪgɐ	compound	zweiundzwanzig|minütiger	0.12	0.12	0.2	tsvaɪʊnttsvantsɪçminytɪgɜ	tsvaeʊnttsvantsɪkminytɪgɐ̯	0.16	0.19230769230769232
zweiundzwanzigstens	tsvaɪʔʊnttsvantsɪcstns	tsvaɪʊnttsvantsɪkstns	tsvaɪʊnttsvantsɪcstəns	tsvaeʊnttsvantsɪgstɛns	compound	zweiundzwanzigsten|s	0.047619047619047616	0.045454545454545456	0.13636363636363635	tsvaɪʊnttsvantsɪçstəns	tsvaeʊnttsvantsɪgstɛns	0.09090909090909091	0.13636363636363635
zweiundzwanzigstündig	tsvaɪʊnttsvantsɪcʃtʏndɪc	tsvaɪʊnttsvantsɪcʃtʏndɪc	tsvaɪʊnttsvantsɪcʃtyndɪc	tsvaeʊnttsvantsɪgstʏndɪc	compound	zweiundzwanzig|stündig	0.0	0.041666666666666664	0.125	tsvaɪʊnttsvantsɪçʃtʏndɪç	tsvaeʊnttsvantsɪgstʏndɪç	0.08333333333333333	0.16666666666666666
zweiundzwanzigstündiger	tsvaɪʊntsvantsɪcʃtʏndɪɡɐ	tsvaɪʊnttsvantsɪcʃtʏndɪceɐ	tsvaɪʊnttsvantsɪcʃtyndɪɡɜ	tsvaeʊnttsvantsɪgstʏndɪgɐ	compound	zweiundzwanzig|stündig|er	0.11538461538461539	0.12	0.2	tsvaɪʊnttsvantsɪçʃtʏndɪgɜ	tsvaeʊnttsvantsɪgstʏndɪgɐ̯	0.16	0.23076923076923078
zweiundzwanzigwöchig	tsvaɪʊntsvantsɪcvœcɪc	tsvaɪʊnttsvantsɪcvœcɪc	tsvaɪʊnttsvantsɪɡvœcɪc	tsvaeʊnttsvantsɪkvœcɪc	compound	zweiundzwanzig|wöchig	0.045454545454545456	0.09090909090909091	0.13636363636363635	tsvaɪʊnttsvantsɪçvœçɪç	tsvaeʊnttsvantsɪkvœçɪç	0.18181818181818182	0.22727272727272727
zweiundzwanzigwöchiger	tsvaɪʊntsvantsɪcvœcɪɡɐ	tsvaɪʊnttsvantsɪcvœcɪceɐ	tsvaɪʊnttsvantsɪɡvœcɪɡɜ	tsvaeʊnttsvantsɪkvœcɪgɐ	compound	zweiundzwanzig|wöchig|er	0.125	0.13043478260869565	0.17391304347826086	tsvaɪʊnttsvantsɪçvœçɪgɜ	tsvaeʊnttsvantsɪkvœçɪgɐ̯	0.21739130434782608	0.25
zwölfmonatlich	tsvœlfmoːnatlɪc	tsvœlfmonatlɪc	tsvœlfmonɑtlɪc	tsvœlfmonatlɪc	compound	zwölf|monatlich	0.0	0.07142857142857142	0.0	t͡svœlfmonatlɪç	tsvœlfmonɑtlɪç	0.13333333333333333	0.14285714285714285
zähfließend	tsɛːfliːsnt	tsɛflisnt	tsɛflisənt	tsɛfliszɛnt	compound	zäh|fließend	0.0	0.1	0.18181818181818182	t͡sɛflisn̩t	tsɛflisɛnt	0.18181818181818182	0.1
zünftigste	tsʏnftɪkstə	tsʏnftɪkstə	tsynftɪcstə	tsʏnftɪgstə	compound	zünftig|ste	0.0	0.18181818181818182	0.09090909090909091	t͡sʏnftɪkstə	tsʏnftɪgstə	0.08333333333333333	0.09090909090909091
zünftigstem	tsʏnftɪkstəm	tsʏnftɪkstəm	tsynftɪcstəm	tsʏnftɪgstəm	compound	zünftig|ste|m	0.0	0.16666666666666666	0.08333333333333333	t͡sʏnftɪkstəm	tsʏnftɪgstəm	0.07692307692307693	0.08333333333333333
zünftigsten	tsʏnftɪkstn	tsʏnftɪkstn	tsynftɪcstən	tsʏnftɪgstən	compound	zünftig|sten	0.0	0.25	0.16666666666666666	t͡sʏnftɪkstn̩	tsʏnftɪgstən	0.15384615384615385	0.16666666666666666
zünftigstes	tsʏnftɪkstəs	tsʏnftɪkstəs	tsynftɪcstəs	tsʏnftɪgstəs	compound	zünftig|ste|s	0.0	0.16666666666666666	0.08333333333333333	t͡sʏnftɪkstəs	tsʏnftɪgstəs	0.07692307692307693	0.08333333333333333
Ährchen	ɛːrcən	ɛʁcən	ɛɾcən	ɛʁcən	compound	äh|r|chen	0.2	0.2	0.2	ɛʁçən	ɛɾçən	0.4	0.4
Änderungsrate	ɛndəʁʊŋsʁaːtə	ɛndəʁʊŋsʁatə	ɛnderʊŋsrɑtə	ɛndɐʊŋsʁatə	compound	änderung|s|rate	0.0	0.3333333333333333	0.18181818181818182	ɛndəʁʊŋsʁatə	ɛndeɾʊŋsɾɑtə	0.0	0.3333333333333333
Ängstigungen	ɛŋstɪɡʊŋən	ɛŋstɪɡʊŋɛn	ɛŋstɪɡʊŋən	ɛŋstɪgʊŋən	compound	ängstigung|en	0.1	0.0	0.1	ɛŋstɪɡʊŋən	ɛŋstɪgʊŋən	0.0	0.1
Ästling	ɛstlɪŋ	ɛstlɪŋ	ɛstlɪŋ	ɛstlɪŋ	compound	äst|l|ing	0.0	0.0	0.0	ɛstlɪŋ	ɛstlɪŋ	0.0	0.0
Ätznatron	ɛtsnaːtʁɔn	ɛtsnatʁɔn	ɛtsnatɾon	ɛtsnatʁon	compound	ätz|natron	0.0	0.2222222222222222	0.1111111111111111	ɛt͡snatʁɔn	ɛtsnatɾon	0.1	0.2222222222222222
Ökonomist	øːkonomɪst	økonomɪst	økonomɪst	økonomɪst	compound	ökonom|ist	0.0	0.0	0.0	økonomɪst	økonomɪst	0.0	0.0
Ölauge	øːlʔaʊɡə	ølaʊɡə	ølaʊɡə	œlaogə	compound	öl|auge	0.0	0.0	0.5	ølaʊ̯ɡə	ølaogə	0.14285714285714285	0.3333333333333333
Ölberg	øːlbɛʁk	ølbɛʁk	œlbɛɾk	œlbɛʁk	compound	öl|berg	0.0	0.3333333333333333	0.16666666666666666	ølbɛʁk	œlbɛɾk	0.0	0.3333333333333333
Ölschläger	øːlʃlɛːɡɐ	ølʃlɛɡɐ	œlʃlɛɡɜ	œlstslɛgɐ	compound	öl|schläger	0.0	0.2857142857142857	0.5555555555555556	ølʃlɛɡɐ	œlstslɛgɐ̯	0.0	0.6
Überabzählbarkeit	yːbɐʔaptsɛːlbaːɐkaɪt	ybɐaptsɛlbaɐkaɪt	ybɜaptsɛlbaɾkaɪt	ybeʁaptsɛlbaʁkəit	compound	überabzählbar|keit	0.0	0.125	0.29411764705882354	ybɐapt͡sɛlbaɐ̯kaɪ̯t	ybeɾaptsɛlbaɾkəit	0.15789473684210525	0.29411764705882354
Überblendeffekt	yːbɐblɛndɛfɛkt	ybɐblɛntɛfɛkt	ybɜblɛndɛfɛkt	ybɛʁblɛndɛffɛkt	compound	überblend|effekt	0.07692307692307693	0.07692307692307693	0.2	ybɐblɛntɛfɛkt	ybɛɾblɛndɛffɛkt	0.07692307692307693	0.2
Überblendregler	yːbɐblɛndʁeːɡlɐ	ybɐblɛntʁeɡlɐ	ybɜblɛndɾɛɡlɜ	ybɛʁblɛndʁɛglɐ	compound	überblend|regler	0.07692307692307693	0.3076923076923077	0.2857142857142857	ybɐblɛntʁeɡlɐ	ybɛɾblɛndɾɛglɐ̯	0.07692307692307693	0.4
Übergangsjacke	yːbɐɡaŋsjakə	ybɐɡaŋsjakə	ybɜɡaŋsjakə	ybɛʁgaŋsjakə	compound	übergangs|jacke	0.0	0.09090909090909091	0.25	ybɐɡaŋsjakə	ybɛɾgaŋsjakə	0.0	0.25
Übergangsritus	yːbɐɡaŋsʁiːtʊs	ybɐɡaŋsʁitʊs	ybɜɡaŋsritʊs	ybɛʁgaŋsʁitus	compound	übergangs|ritus	0.0	0.16666666666666666	0.3076923076923077	ybɐɡaŋsʁitʊs	ybɛɾgaŋsɾitus	0.0	0.38461538461538464
Überholer	yːbɐhoːlɐ	ybɐholəʁ	ybɜholɜ	ybɛʁolɐ	compound	überhole|r	0.25	0.2857142857142857	0.2857142857142857	ybɐholɐ	ybɛɾolɐ̯	0.0	0.375
Überlebensdauer	yːbɐleːbnsdaʊɐ	ybɐlebnsdaʊɐ	ybɜlebənsdaʊɜ	ybɛʁlebɛnsdaoɐ	compound	überlebens|dauer	0.0	0.23076923076923078	0.2857142857142857	ybɐlebn̩sdaʊ̯ɐ	ybɛɾlebɛnsdaoɐ̯	0.14285714285714285	0.3333333333333333
Übernervosität	yːbɐnɛʁvozitɛːt	ybɐnɛʁvozitɛt	ybɜnɛɾvozitɛt	ybɛʁnɛʁvozitɛt	compound	über|nervosität	0.0	0.15384615384615385	0.14285714285714285	ybɐnɛʁvozitɛt	ybɛɾnɛɾvozitɛt	0.0	0.21428571428571427
Überrollkäfig	yːbɐʁɔlkɛːfɪc	ybɐʁɔlkɛfɪk	ybɜrɔlkɛfɪc	ybɛʁʁɔllkɛfɪc	compound	überroll|käfig	0.09090909090909091	0.18181818181818182	0.23076923076923078	ybɐʁɔlkɛfɪk	ybɛɾɾɔllkɛfɪç	0.09090909090909091	0.38461538461538464
Überrollschutz	yːbɐʁɔlʃʊts	ybɐʁɔlʃʊts	ybɜrɔlʃʊts	ybɛʁʁɔllʃʊts	compound	überroll|schutz	0.0	0.2	0.25	ybɐʁɔlʃʊt͡s	ybɛɾɾɔllʃʊts	0.09090909090909091	0.3333333333333333
Überschuldungen	yːbɐʃʊldʊŋən	ybɐʃʊldʊŋɛn	ybɜʃʊldʊŋən	ybɛʁʃʊldʊŋən	compound	überschuldung|en	0.09090909090909091	0.09090909090909091	0.16666666666666666	ybɐʃʊldʊŋən	ybɛɾʃʊldʊŋən	0.0	0.16666666666666666
Übersetzungswissenschaft	yːbɐzɛtsʊŋsvɪsənʃaft	ybɐzɛtsʊŋsvɪsnʃaft	ybɜzɛtsʊŋsvɪsənʃaft	ybɛʁzɛtsʊŋsvɪszɛnstshaft	compound	übersetzung|s|wissenschaft	0.05555555555555555	0.05263157894736842	0.3333333333333333	ybɐzɛt͡sʊŋsvɪsn̩ʃaft	ybɛɾzɛtsʊŋsvɪszɛnstshaft	0.15	0.3333333333333333
Übersetzungswörterbuch	yːbɐzɛtsʊŋsvœʁtɐbuːx	ybɐzɛtsʊŋsvœʁtɐbux	ybɜzɛtsʊŋsvœɾtɜbʊx	ybɛʁzɛtsʊŋsvœʁtɛʁbʊx	compound	übersetzungswörter|buch	0.0	0.2222222222222222	0.25	ybɐzɛt͡sʊŋsvœʁtɐbux	ybɛɾzɛtsʊŋsvœɾtɛɾbʊx	0.05263157894736842	0.3
Übersetzungswörterbuche	yːbɐzɛtsʊŋsvœʁtɐbuːxə	ybɐzɛtsʊŋsvœʁtɐbuxə	ybɜzɛtsʊŋsvœɾtɜbʊxə	ybɛʁzɛtsʊŋsvœʁtɛʁbʊxə	compound	übersetzungswörter|buche	0.0	0.21052631578947367	0.23809523809523808	ybɐzɛt͡sʊŋsvœʁtɐbuxə	ybɛɾzɛtsʊŋsvœɾtɛɾbʊxə	0.05	0.2857142857142857
Übersetzungswörterbuches	yːbɐzɛtsʊŋsvœʁtɐbuːxəs	ybɐzɛtsʊŋsvœʁtɐbuxəs	ybɜzɛtsʊŋsvœɾtɜbʊxəs	ybɛʁzɛtsʊŋsvœʁtɛʁbʊxəs	compound	übersetzungswörter|buches	0.0	0.2	0.22727272727272727	ybɐzɛt͡sʊŋsvœʁtɐbuxəs	ybɛɾzɛtsʊŋsvœɾtɛɾbʊxəs	0.047619047619047616	0.2727272727272727
Übersetzungswörterbuchs	yːbɐzɛtsʊŋsvœʁtɐbuːxs	ybɐzɛtsʊŋsvœʁtɐbuxs	ybɜzɛtsʊŋsvœɾtɜbʊxs	ybɛʁzɛtsʊŋsvœʁtɛʁbʊks	compound	übersetzungswörter|buchs	0.0	0.21052631578947367	0.2857142857142857	ybɐzɛt͡sʊŋsvœʁtɐbuxs	ybɛɾzɛtsʊŋsvœɾtɛɾbʊks	0.05	0.3333333333333333
Übersetzungswörterbücher	yːbɐzɛtsʊŋsvœʁtɐbyːcɐ	ybɐzɛtsʊŋsvœʁtɐbycɐ	ybɜzɛtsʊŋsvœɾtɜbycɜ	ybɛʁzɛtsʊŋsvœʁtɛʁbʏcɐ	compound	übersetzungswörter|bücher	0.0	0.21052631578947367	0.23809523809523808	ybɐzɛt͡sʊŋsvœʁtɐbyçɐ	ybɛɾzɛtsʊŋsvœɾtɛɾbʏçɐ̯	0.1	0.36363636363636365
Übersetzungswörterbüchern	yːbɐzɛtsʊŋsvœʁtɐbyːcɐn	ybɐzɛtsʊŋsvœʁtɐbycɐn	ybɜzɛtsʊŋsvœɾtɜbycɜn	ybɛʁzɛtsʊŋsvœʁtɛʁbʏcɛʁn	compound	übersetzungswörter|büchern	0.0	0.2	0.30434782608695654	ybɐzɛt͡sʊŋsvœʁtɐbyçɐn	ybɛɾzɛtsʊŋsvœɾtɛɾbʏçɛɾn	0.09523809523809523	0.391304347826087
Überspitztheit	yːbɐʃpɪtsthaɪt	ybɐʃpɪtsthaɪt	ybɜʃpɪtstaɪt	ybɛʁspɪtstəit	compound	überspitzt|heit	0.0	0.16666666666666666	0.46153846153846156	ybɐʃpɪt͡sthaɪ̯t	ybɛɾspɪtstəit	0.13333333333333333	0.46153846153846156
Übertrager	yːbɐtʁaːɡɐ	ybɐtʁaɡəʁ	ybɜtɾɑɡɜ	ybɛʁtʁagɐ	compound	übertrage|r	0.2222222222222222	0.5	0.3333333333333333	ybɐtʁaɡəʁ	ybɛɾtɾɑgɐ̯	0.2222222222222222	0.6
Überträger	yːbɐtʁɛːɡɐ	ybɐtʁɛɡəʁ	ybɜtɾɛɡɜ	ybɛʁtʁɛgɐ	compound	überträge|r	0.2222222222222222	0.375	0.3333333333333333	ybɐtʁɛɡɐ	ybɛɾtɾɛgɐ̯	0.0	0.5
Überweiser	yːbɐvaɪzɐ	ybɐvaɪzəʁ	ybɜvaɪzɜ	ybɛʁvaezɐ	compound	überweise|r	0.2222222222222222	0.25	0.3333333333333333	ybɐvaɪ̯zɐ	ybɛɾvaezɐ̯	0.1111111111111111	0.4
Überweiserinnen	yːbɐvaɪzəʁɪnən	ybɐvaɪzəʁɪnnən	ybɜvaɪzerɪnən	ybɛʁvaezeʁɪnnən	compound	überweiserin|nen	0.07142857142857142	0.23076923076923078	0.3333333333333333	ybɐvaɪ̯zəʁɪnən	ybɛɾvaezeɾɪnnən	0.07142857142857142	0.4
Überweisers	yːbɐvaɪzɐs	ybɐvaɪseɐs	ybɜvaɪzɜs	ybɛʁvaezɛʁs	compound	überweis|ers	0.2	0.2222222222222222	0.45454545454545453	ybɐvaɪ̯zɐs	ybɛɾvaezɛɾs	0.1	0.45454545454545453
Überwältiger	yːbɐvɛltɪɡɐ	ybɐvɛltɪɡəʁ	ybɜvɛltɪɡɜ	ybɛʁvɛltɪgɐ	compound	überwältige|r	0.18181818181818182	0.2	0.2727272727272727	ybɐvɛltɪɡɐ	ybɛɾvɛltɪgɐ̯	0.0	0.3333333333333333
Übungsbuch	yːbʊŋsbuːx	ybʊŋsbux	ybʊŋsbʊx	ybʊŋsbʊx	compound	übung|s|buch	0.0	0.125	0.125	ybʊŋsbux	ybʊŋsbʊx	0.0	0.125
ätschibätschi	ɛːtʃibɛːtʃi	ɛtʃibɛtʃi	ɛtʃibɛtʃi	ɛtʃibɛtʃi	compound	ätsch|i|bä|t|schi	0.0	0.0	0.0	ɛt͡ʃɪbɛt͡ʃi	ɛʧibɛʧi	0.2727272727272727	0.5714285714285714
çöp	tʃœp	tʃœp	søp	tsœp	compound	[]	0.0	1.0	0.25	ʃøp	t͡ʃøp	0.6666666666666666	0.4
überhochmetzt	ʏbɐhɔxmɛtst	ybɐhoxmɛtst	ybɜhoxmɛtst	ybɛʁɔxmɛtst	compound	über|hoch|metz|t	0.18181818181818182	0.2727272727272727	0.2727272727272727	ybɜhɔxmɛtst	ybɛɾɔxmɛtst	0.18181818181818182	0.2727272727272727
überlegenswert	ʔyːbɐleːɡŋsveːɐt	ybɐleɡnsveɐt	ybɜleɡənsveɾt	ybɛʁlegɛnsvɛʁt	compound	überlegen|s|wert	0.08333333333333333	0.3076923076923077	0.5	ybɜlegənsveɾt	ybɛɾlegɛnsvɛɾt	0.38461538461538464	0.5
überschallen	yːbɐʃalən	ybɐʃalɛn	ybɜʃalən	ybɛʁʃallən	compound	überschall|en	0.125	0.125	0.3	ybɜʃalən	ybɛɾʃallən	0.125	0.3
überteuert	yːbɐtɔɪɐt	ybɐtɔɪɐt	ybɜtɔøɜt	ybɛʁtɔɔʏɐt	compound	über|teuer|t	0.0	0.375	0.4	ybɐtɔɪ̯ɐt	ybɛɾtɔøɛɾt	0.1111111111111111	0.5
überwärts	yːbɐvɛʁts	ybɐvɛʁts	ybɜvɛɾts	ybɛʁvɛʁts	compound	über|wärts	0.0	0.25	0.2222222222222222	ybɜvɛɾts	ybɛɾvɛɾts	0.25	0.3333333333333333
