grapheme	label	olaph	espeak	gruut	olaph_source	olaph_splits	olaph_per	espeak_per	gruut_per	olaph_llm	byt5	olaph_llm_per	byt5_per
'Murica	mɝəkə	mʊɹikɑ	mjʊɹɹɪkə	mʊɹɪkə	compound	muri|ca	0.6666666666666666	0.625	0.5	mʊɹɪkə	mɝikə	0.5	0.2
'akikiki	ɑkɪkiːki	ɑkikiki	əkɪkɪki	ækɪkɪki	compound	aki|kiki	0.14285714285714285	0.2857142857142857	0.2857142857142857	ɑkɪki	əkɪkiki	0.4	0.14285714285714285
'dswounds	dzwundz	dswənds	diswəndz	dswəndz	compound	d|swound|s	0.42857142857142855	0.375	0.2857142857142857	diɛsdəbəjuəʊndz	dɪswəndz	0.6666666666666666	0.375
'emselves	əmsɛlvz	ɛmzɛlvz	ɛmsɛlvz	ɛmzəlvz	compound	ems|elves	0.2857142857142857	0.14285714285714285	0.42857142857142855	ɪmsɛlvz	ɛmsɛlvz	0.14285714285714285	0.14285714285714285
'll	əl	ll	ɛlɛl	l	compound	l|l	0.5	0.75	1.0	əl	li	0.0	1.0
'sfar	sfɑːɹ	sfɑ	ɛsfɑɹ	sfɚ	compound	s|far	0.3333333333333333	0.2	0.6666666666666666	ɛsfɑɹ	sfɑɹ	0.2	0.0
'splode	sploʊd	sfləʊd	spləʊd	spləʊd	compound	sp|lode	0.16666666666666666	0.0	0.0	spləʊd	spləʊd	0.0	0.0
'swounds	zwundz	swənds	swəndz	swəndz	compound	swound|s	0.5	0.3333333333333333	0.3333333333333333	swundz	swəndz	0.16666666666666666	0.3333333333333333
'tisn't	tɪznt	tɪznt	tɪsənt	tɪsnɪt	compound	tis|nt	0.0	0.3333333333333333	0.3333333333333333	tɪsənt	tɪzənt	0.3333333333333333	0.16666666666666666
'tshall	tʃəl	tʃæl	tiʃɔl	ʃəl	compound	t|shall	0.25	0.4	0.3333333333333333	tʃɔl	tʃɔl	0.25	0.25
'ud	əd	əd	ʌd	ʌd	compound	u|d	0.0	0.5	0.5	əd	əd	0.0	0.0
'ull	əl	əll	ʌl	ʌl	compound	ul|l	0.3333333333333333	0.5	0.5	ʌl	əl	0.5	0.0
AIgiarism	eɪaɪdʒəɹɪzm	eɪaɪʒɪɝism	əɪdʒɚɹɪzəm	eɪɡɪɹɪzəm	compound	ai|gi|aris|m	0.5	0.5	0.5555555555555556	eɪd͡ʒɪɹɪzəm	eɪdʒɝɪzəm	0.45454545454545453	0.5555555555555556
Abbottabad	æbətəbɑːd	æbətəbɑd	æbəɾəbɑd	æbɑtəbəd	compound	abbott|abad	0.0	0.125	0.25	əbɒtəbæd	əbɑtəbæd	0.375	0.375
Abcde	æbsədiː	eɪbisidə	əbkdɛ	əbkd	compound	abc|de	0.625	0.8	1.0	æbsid	æbsdi	0.4	0.2
Abergele	æbəɹɡɛli	æbɝɡɛli	æbɚdʒɛl	əbɚɡl	compound	aberg|el|e	0.2857142857142857	0.5714285714285714	1.0	æbəɹd͡ʒɛl	æbɝdʒil	0.4444444444444444	0.7142857142857143
Abrus	eɪbɹəs	æbɹəs	əbɹuz	əbɹəs	compound	ab|rus	0.4	0.8	0.4	əbɹəs	eɪbɹəs	0.4	0.0
Abudefduf	æbudɛfdəf	əbʌdɛfduf	əbjudɪfdʌf	əbudfdʌf	compound	abud|ef|du|f	0.3333333333333333	0.4	0.375	æbudəfduf	əbudɪfdəf	0.2222222222222222	0.2222222222222222
Abydene	æbɪdiːn	əbaɪdin	əbaɪdin	əbaɪdɪn	compound	aby|dene	0.2857142857142857	0.2857142857142857	0.42857142857142855	əbaɪdɪn	ɛbədin	0.42857142857142855	0.3333333333333333
Acalepha	ækəlifə	ækəlɜfə	əkælɛfə	ækəlɛfə	compound	acaleph|a	0.14285714285714285	0.42857142857142855	0.14285714285714285	əkəlɛfə	ækəlɛfə	0.2857142857142857	0.14285714285714285
Acanthocereus	əkænθoʊsɪɹiəs	əkænθəʊsɛɹɪəs	əkənθəʊsɹɪəs	əkænθəʊsɚjuz	compound	acanth|o|cereus	0.15384615384615385	0.25	0.4166666666666667	əkæn.θəsɪɹ.i.əs	əkænθəsɪɹiəs	0.26666666666666666	0.08333333333333333
Acanthopteri	ækənθɑptəɹi	ækənθɑptɜaɪ	əkænθəptɚɹi	əkænθɑptɚi	compound	acanthopt|er|i	0.2727272727272727	0.36363636363636365	0.4	əkæn.θəptɝ.i	ɑkɑnθəʊptɛɹi	0.5	0.4166666666666667
Acanthopterygii	ækənθɑptəɹɪdʒiaɪ	ækənθɑptɛɹɪʒɪaɪ	əkænθəptɚɹɪdʒɪaɪ	əkænθɑptɚɪdʒi	compound	acanthopt|ery|gi|i	0.2	0.3125	0.46153846153846156	əkæn.θəptɝ.ə.d͡ʒiaɪ	əkænθəptɛɹədʒi	0.47368421052631576	0.5
Acarus	ækəɹəs	ækəɹəs	əkɑɹɹəs	əkɑɹəs	compound	aca|rus	0.0	0.42857142857142855	0.3333333333333333	əkəɹəs	ækɝəs	0.16666666666666666	0.4
Achillean	ækɪliːən	əkɪliən	ətʃɪliən	ætʃɪlən	compound	achillea|n	0.14285714285714285	0.375	0.42857142857142855	əʃɪliən	ətʃɪliən	0.2857142857142857	0.375
Actium	æktiəm	æktiəm	æktiəm	æktiəm	compound	act|ium	0.0	0.0	0.0	æktɪəm	ækʃəm	0.16666666666666666	0.4
Adjara	ədʒɑːɹə	æddʒɑɹə	ədʒɑɹɹə	ɑjɑɹə	compound	ad|jara	0.2857142857142857	0.14285714285714285	0.6	ədʒɑɹə	ɑdjɑɹə	0.0	0.3333333333333333
Aegriff	eɪɡɹɪf	eɪɡɹɪf	iɡɹɪf	eɪɡɹɪf	compound	ae|griff	0.0	0.4	0.0	iɡɹɪf	eɪɡɹɪf	0.4	0.0
Aelita	aɪlitə	eɪlitə	eɪliɾə	eɪlɪtə	compound	ae|lita	0.16666666666666666	0.3333333333333333	0.3333333333333333	aɪlɪtə	ɛlitə	0.16666666666666666	0.4
Aethelred	æθəlɹɛd	əɛθəlɹɛd	iθɛlɹɪd	eɪθɛlɹɪd	compound	a|ethelred	0.25	0.42857142857142855	0.5	eɪθəlɹɛd	iθəlɹd	0.25	0.3333333333333333
Agenor	ədʒiːnɔː	eɪdʒənɔ	eɪdʒɛnɚ	ɪdʒɛnɚ	compound	agen|or	0.42857142857142855	0.5714285714285714	0.5	əd͡ʒɛnɚ	ædʒənɝ	0.42857142857142855	0.5
Aiea	aɪeɪə	eɪaɪi	eɪəə	eɪi	compound	ai|ea	0.6	0.75	1.0	aɪiə	aɪiə	0.5	0.5
Aintree	eɪntɹiː	eɪntɹi	eɪntɹi	eɪntɹi	compound	aint|ree	0.0	0.0	0.0	eɪntɹi	eɪntɹi	0.0	0.0
Aitkin	eɪkɪn	eɪtkɪn	eɪtkɪn	ɛtkɪn	compound	ait|kin	0.16666666666666666	0.16666666666666666	0.4	aɪtkɪn	eɪtkɪn	0.3333333333333333	0.16666666666666666
Ajeanie	ədʒiːni	ədʒini	eɪdʒəni	eɪʒəni	compound	a|jeanie	0.0	0.42857142857142855	0.5	əd͡ʒini	ədʒini	0.14285714285714285	0.0
Alces	ælsiːz	ælkiz	ælsᵻz	əlsz	compound	alc|es	0.2	0.2	0.5	ælsɪs	ælsɪz	0.4	0.2
Alcmena	ælkmiːnə	ælkminə	ælkminə	əlkminə	compound	alc|mena	0.0	0.0	0.14285714285714285	ælməniə	ælkminə	0.42857142857142855	0.0
Alcmene	ælkmiːni	ælkmin	ælkmin	əlkmin	compound	alc|mene	0.16666666666666666	0.16666666666666666	0.3333333333333333	ælkmin	ælkmin	0.16666666666666666	0.16666666666666666
Alcyone	ælsaɪəni	ælkjɒni	ælsɪəʊn	əlsiəʊn	compound	alc|yon|e	0.5714285714285714	0.42857142857142855	0.7142857142857143	ælsaɪwʌn	ælsiəʊn	0.375	0.5714285714285714
Aldermaston	ɔːldəmɑːstən	ɔldəmæstən	ɔldɚmæstən	ældɚməstən	compound	alder|maston	0.1	0.2	0.3	ɔldəmæstən	ɔldɝməstən	0.1	0.2
Aldershot	ɔːldəɹʃɒt	ɔldəzhɒt	ɔldɚʃɑt	ældɚʃət	compound	alders|hot	0.25	0.42857142857142855	0.5714285714285714	ɔldəʃɒt	ɔldɝʃɑt	0.14285714285714285	0.42857142857142855
Algiz	ɑlɡiːz	ælgɪz	ældʒɪz	ældʒɪz	compound	alg|iz	0.6	0.6666666666666666	0.6666666666666666	ælgɪz	ælɡɪz	0.6	0.4
Alize	əliz	ɑlizi	əlaɪz	əlaɪz	compound	ali|ze	0.4	0.4	0.4	əlaɪz	əlaɪz	0.4	0.4
Aljunied	ældʒuːnɪd	ældʒunid	əldʒʌnid	əldʒunid	compound	al|ju|nied	0.125	0.375	0.25	ɔld͡ʒunid	ældʒənid	0.3333333333333333	0.25
Allamakee	æləməki	æləmæki	æləmæki	ələmeɪki	compound	allam|akee	0.14285714285714285	0.14285714285714285	0.375	æləməki	æləməki	0.0	0.0
Almiros	ɑlmɪɹɒs	ælmɪɹəʊz	ɔlmiəɹəʊz	ælmɪɹəʊz	compound	al|miros	0.5	0.6666666666666666	0.5	ɑlmɪɹɒs	ælmɝəʊz	0.0	0.7142857142857143
Almondbury	ɑːməndbəɹɪ	ɒlməndbɛɹi	ɔlməndbɛɹi	ælməndbɚi	compound	almond|bury	0.4	0.4	0.5555555555555556	ɒlməndbɛɹi	ɔlməndbɛɹi	0.4	0.4
Almondsbury	ɑːməndzbəɹɪ	ɒlməndzbɛɹi	ɔlməndsbɛɹi	ælməndzbɚi	compound	almonds|bury	0.36363636363636365	0.45454545454545453	0.5	ɒlməndzbəɹi	ɔlməndzbɛɹi	0.2727272727272727	0.36363636363636365
Alnwick	ænɪk	ælnwɪk	əlnwɪk	ælnwɪk	compound	aln|wick	0.3333333333333333	0.5	0.3333333333333333	ælnwɪk	ælnwɪk	0.3333333333333333	0.3333333333333333
Alpish	ælpɪʃ	ælpɪʃ	ælpɪʃ	ælpɪʃ	compound	alp|ish	0.0	0.0	0.0	ælpɪʃ	ælpɪʃ	0.0	0.0
Altess	ɑltɛs	ɑltɛs	ɔltɛs	æltɪs	compound	alt|ess	0.0	0.2	0.4	ɒltɛs	ɔltəs	0.2	0.4
Amalec	æməlɛk	əmɑlɛk	əmeɪlək	əməlɪk	compound	amal|ec	0.3333333333333333	0.5714285714285714	0.3333333333333333	æməlɛk	æməlɛk	0.0	0.0
Amalek	æməlɛk	əmɑlɛk	əmeɪlək	əmɑlɛk	compound	amal|ek	0.3333333333333333	0.5714285714285714	0.3333333333333333	əmeɪlɛk	æməlɛk	0.42857142857142855	0.0
Amalthean	æməlθiːən	æməlθiən	əmælθiən	əmælθən	compound	amalthea|n	0.0	0.25	0.42857142857142855	æmælθiən	æməlθin	0.125	0.14285714285714285
Amaltheian	æməlθiːən	əmɑlθiən	əmælθeɪən	əmælðaɪən	compound	amal|theia|n	0.25	0.4444444444444444	0.5555555555555556	æmælθiən	æməlθaɪən	0.125	0.2222222222222222
Amapá	ɑːməpɑː	ɑməpɑ	æməpɑ	əməp	compound	[]	0.0	0.2	0.5	amapʌ	æməpɑ	0.6	0.2
Amee	eɪmi	eɪmi	æmi	eɪmi	compound	ame|e	0.0	0.6666666666666666	0.0	əmi	æmi	0.6666666666666666	0.6666666666666666
Americanised	æmɛɹɪkənaɪzd	əmɛɹəkənaɪzd	əmɛɹɪkænaɪzd	əmɛɹɪkənɪsd	compound	american|ise|d	0.16666666666666666	0.16666666666666666	0.2727272727272727	əmɛɹɪkənaɪzd	əmɛɹəkənaɪzd	0.08333333333333333	0.16666666666666666
Amerithrax	əmɛɹɪθɹæks	əmɛɹiθɹæks	æmɚɹɪθɹæks	əmɚɪθɹæks	compound	ameri|thrax	0.1	0.2	0.2222222222222222	əmɛɹɪθɹæks	æmɝɪθɹæks	0.0	0.3333333333333333
Ameritrash	əmɛɹɪtɹæʃ	əmɛɹitɹæʃ	æmɚɹɪtɹæʃ	əmɚɪtɹæʃ	compound	ameri|trash	0.1111111111111111	0.2222222222222222	0.25	əmɛɹɪtɹæʃ	æmɝɪtɹæʃ	0.0	0.375
Amfilohia	æmfɪləʊhaɪə	æmfaɪləʊhaɪə	æmfɪləʊhiə	æmfaɪləʊhiə	compound	am|filo|hi|a	0.08333333333333333	0.2	0.2727272727272727	æmfɪləʊhiə	æmfɪləʊhiə	0.2	0.2
Amfilokhia	æmfɪləʊkaɪə	æmfaɪləʊkhaɪə	æmfɪlɑkhiə	æmfɪlɑkiə	compound	am|filo|k|hi|a	0.15384615384615385	0.4	0.4444444444444444	æmfɪlɒkɪə	æmfɪləʊkiə	0.3333333333333333	0.2
Amygism	eɪmidʒɪzəm	eɪmigɪzəm	æmaɪdʒɪzəm	æmɪɡɪzəm	compound	amy|g|ism	0.2222222222222222	0.4	0.625	æmɪd͡ʒɪzəm	ɛmədʒɪzəm	0.4	0.3333333333333333
Anaxarete	ənæksəɹɛti	ænæksæɹɪti	ænəksæɹit	ənæksɚit	compound	anax|arete	0.3	0.5555555555555556	0.5	ænæksəɹit	ænəksɝit	0.3333333333333333	0.75
Andriivka	əndɹiːjɪvkə	ændɹijɪvk	ændɹɪɪvkə	ændɹiɪvkə	compound	and|ri|ivka	0.2222222222222222	0.3333333333333333	0.2222222222222222	ændɹiɪvkə	ændɹiɪvkə	0.2222222222222222	0.2222222222222222
Andriyivka	əndɹiːjɪvkə	ændɹijivkə	ændɹɪjɪvkə	ændɹaɪɪvkə	compound	and|ri|yi|vka	0.2	0.2	0.3	ændɹiɪvkə	ændɹijɪvkə	0.2222222222222222	0.1
Anglophilic	æŋɡləfɪlɪk	æŋɡləʊfɪlɪk	æŋɡləfɪlɪk	æŋɡləfɪlɪk	compound	anglo|philic	0.09090909090909091	0.0	0.0	æŋɡləfɪlɪk	æŋɡləfɪlɪk	0.0	0.0
Anich	ænɪtʃ	ænitʃ	ænɪʃ	ænɪk	compound	ani|ch	0.2	0.25	0.5	ænɪk	ænɪtʃ	0.5	0.0
Ankang	ɑːnkɑŋ	ənkæŋ	æŋkæŋ	æŋkæŋ	compound	an|kang	0.4	0.6	0.6	æŋkæŋ	æŋkæŋ	0.6	0.6
Anling	ɑːnlɪŋ	ənlɪŋ	ænlɪŋ	ænlɪŋ	compound	an|ling	0.2	0.2	0.2	ænlɪŋ	ænlɪŋ	0.2	0.2
Anlu	ɑːnluː	ənlu	ænlu	ənlu	compound	an|lu	0.25	0.25	0.25	ɑnlʊ	ænlu	0.25	0.25
Annam	ænæm	ænəm	ænəm	ænəm	compound	anna|m	0.25	0.25	0.25	ænəm	ænəm	0.25	0.25
Annamite	ænəmaɪt	ænəmaɪt	ænəmaɪt	ænəmɪt	compound	anna|mite	0.0	0.0	0.16666666666666666	ænəmaɪt	ænəmaɪt	0.0	0.0
Anning	ɑːnnɪŋ	ænɪŋ	ænɪŋ	ænɪŋ	compound	ann|ing	0.5	0.5	0.5	ənɪŋ	ænɪŋ	0.5	0.5
Anping	ɑːnpɪŋ	ənpɪŋ	ænpɪŋ	ænpɪŋ	compound	an|ping	0.2	0.2	0.2	ænpɪŋ	ænpɪŋ	0.2	0.2
Anput	ɑːnpʊt	ənpʊt	ænpʊt	ænpət	compound	an|put	0.2	0.2	0.4	ænpʊt	ænpət	0.2	0.4
Anqing	ɑːntʃɪŋ	ənkɪŋ	æŋkɪŋ	æŋkɪŋ	compound	an|qing	0.6	0.8	0.8	æŋkɪŋ	æŋkɪŋ	0.8	0.8
Anthean	ænθiːən	ænθiən	ænθiən	ænθən	compound	anthea|n	0.0	0.0	0.2	ænθiən	ænθiən	0.0	0.0
Antigonish	æntɪɡənɪʃ	æntɪɡəʊniɛseɪtʃ	æntɪɡɑnɪʃ	æntɪɡənɪʃ	compound	antigo|ni|sh	0.4	0.1111111111111111	0.0	æntɪɡənɪʃ	æntɪɡɑnɪʃ	0.0	0.1111111111111111
Antillean	æntɪliən	æntɪliən	æntɪlin	æntɪlən	compound	antill|ean	0.0	0.14285714285714285	0.14285714285714285	æntəlɪən	æntɪlin	0.25	0.14285714285714285
Antiochian	æntiɑkiən	æntiɑkiən	æntɪɑkiən	ænʃətʃiən	compound	antioch|ian	0.0	0.1111111111111111	0.4444444444444444	æntiɒkɪən	æntiəʊkiən	0.2222222222222222	0.2
Antiope	æntaɪəpi	æntiəʊp	æntɪəʊp	æntiəʊp	compound	anti|ope	0.5714285714285714	0.42857142857142855	0.5714285714285714	æntɪəʊp	æntiəʊp	0.42857142857142855	0.5714285714285714
Anxin	ɑːnʃiːn	ənʃɪn	æŋksɪn	ænzɪn	compound	an|xin	0.4	0.8333333333333334	0.6	æŋʃɪn	æŋksɪn	0.6	0.8333333333333334
Anze	ɑːndzʌ	ənzi	ænz	ænz	compound	an|ze	0.75	1.0	1.0	ænzeɪ	ænz	0.8	1.0
Aomen	aʊmən	əəʊmɛn	eɪəmɛn	æmən	compound	a|omen	0.5	0.5	0.25	eɪəmn	əmən	0.6	0.0
Apostolos	əpɒstəlɪs	æpəstələʊz	əpɔstələʊz	əpɑstəʊləʊz	compound	apostol|os	0.5	0.4	0.45454545454545453	əpɒstɒləs	əpɑstələʊs	0.2222222222222222	0.3
Apurímac	ɑpuɹimɑk	ɑpuɹimɑk	əpjʊɹɹɪmæk	əpɚmək	compound	[]	0.0	0.6	0.8333333333333334	əpʊɹɪmæk	æpjɝimæk	0.5	0.5
Aquaforte	ækwəfɔɹt	ækwəfɔɹt	ækwəfoɹɾeɪ	əkwəfɔɹt	compound	aqua|forte	0.0	0.4	0.125	ækwəfɔt	ækwəfɔɹt	0.14285714285714285	0.0
Arabana	ʌɹəbʌnə	æɹəbænə	æɹəbɑnə	ɔɹəbənə	compound	arab|ana	0.2857142857142857	0.2857142857142857	0.2857142857142857	əɹəbænə	ɑɹəbænə	0.2857142857142857	0.2857142857142857
Aras	æɹæs	æɹəs	ɑɹɹəz	ɑɹəz	compound	ara|s	0.25	0.8	0.75	əɹæs	ɑɹəz	0.25	0.75
Aratus	əɹeɪtəs	æɹətəs	æɹæɾəs	ɑɹətəs	compound	ara|tus	0.5	0.6666666666666666	0.5	æɹətəs	ɝeɪtəs	0.5	0.3333333333333333
Araxes	əɹæksiːz	ɑɹæksiz	æɹæksᵻz	ɑɹæksɪz	compound	ar|axes	0.14285714285714285	0.2857142857142857	0.2857142857142857	əɹæksɪz	ɝæksɪz	0.14285714285714285	0.5
Argentinan	ɑɹdʒɪntiːnən	ɑɹdʒəntinən	ɑɹdʒəntɪnən	ɑɹdʒɛntɪnən	compound	argentina|n	0.09090909090909091	0.18181818181818182	0.18181818181818182	ɑɹd͡ʒəntaɪnən	ɑɹdʒəntinən	0.3076923076923077	0.09090909090909091
Arielian	æɹiiːliən	æɹiəliən	æɹiliən	ɑɹiliən	compound	ariel|ian	0.125	0.14285714285714285	0.2857142857142857	ɛɹiliən	ɛɹiliən	0.2857142857142857	0.2857142857142857
Arkansasan	ɑːɹkənsɔːn	ɑɹkənsɑən	ɑɹkənsæsən	ɑɹkənsəsən	compound	arkansas|an	0.2222222222222222	0.3	0.3	ɑɹkənsəsən	ɑɹkænsəsən	0.3	0.4
Arrernte	aɹəndə	ɑɹɜɹnti	ɚɹɜnt	ɛɹɚnt	compound	arr|ern|te	0.7142857142857143	0.8	0.8	ɑɹəɹnteɪ	ɝɝnti	0.625	1.0
Arun	ɑːɹʊn	ɑɹən	æɹʌn	ɑɹən	compound	ar|un	0.25	0.5	0.25	ɑɹun	ɑɹən	0.25	0.25
Arverni	ɑːɹvɜːɹnaɪ	ɑɹvɹni	ɑɹvɚni	ɑɹvɚni	compound	arve|r|ni	0.5	0.6666666666666666	0.6666666666666666	ɑɹvəɹnaɪ	ɑɹvɛɹni	0.125	0.42857142857142855
Asenath	æsɪnæθ	æzɛnəθ	æsɛnət	əsɛnəθ	compound	as|ena|th	0.5	0.5	0.5	əsɛnəθ	eɪsənæθ	0.5	0.42857142857142855
Ashfield	æʃfiːld	æʃfild	æʃfild	æʃfild	compound	ash|field	0.0	0.0	0.0	æʃfild	æʃfild	0.0	0.0
Ashina	ɑːʃiːnə	æʃinə	æʃɪnə	æʃinə	compound	ash|ina	0.2	0.4	0.2	əʃɪnə	əʃinə	0.4	0.2
Ashwick	æʃwɪk	æʃwɪk	æʃwɪk	æʃwɪk	compound	ash|wick	0.0	0.0	0.0	æʃwɪk	æʃwɪk	0.0	0.0
Athamas	æθəmæs	æθəmæs	æθɑməz	æθəməz	compound	atha|mas	0.0	0.5	0.3333333333333333	əθəməz	əθɑməz	0.5	0.6666666666666666
Athenianism	əθiːniənɪzəm	əθiniənɪzəm	æθiniənɪzəm	æθiniənɪzəm	compound	athenian|ism	0.0	0.09090909090909091	0.09090909090909091	əθiniənɪzəm	əθiniənɪzəm	0.0	0.0
Attleborough	ætəlbəɹə	ætəlbɝəʊʌɡ	əɾəlbʌɹəʊ	ætləbɚəʊ	compound	attleboro|ugh	0.4	0.4444444444444444	0.625	ætəlbəɹə	ætəlbɝəʊ	0.0	0.375
Australianise	ɒstɹeɪljənaɪz	ɔstɹeɪljənaɪz	ɔstɹeɪliənaɪz	əstɹəliənɪs	compound	australian|ise	0.07692307692307693	0.15384615384615385	0.5454545454545454	ɔstɹeɪlɪənaɪz	ɔstɹeɪljənaɪz	0.15384615384615385	0.07692307692307693
Australianize	ɒstɹeɪljənaɪz	ɔstɹeɪljənaɪz	ɔstɹeɪliənaɪz	əstɹəliənaɪz	compound	australian|ize	0.07692307692307693	0.15384615384615385	0.3333333333333333	ɔstɹeɪlɪənaɪz	ɔstɹeɪljənaɪz	0.15384615384615385	0.07692307692307693
Austronesia	ɒstɹəniːʒə	ɔstɹəniziə	ɔstɹəʊniʒə	əstɹənsiə	compound	austron|es|ia	0.3	0.2	0.3333333333333333	ɔstɹiniə	ɔstɹəʊniʒə	0.375	0.2
Avonmouth	eɪvənmaʊθ	eɪvɑnməθ	eɪvɑnməθ	əvɑnməθ	compound	avon|mouth	0.125	0.125	0.42857142857142855	eɪvɒnməθ	ævənməθ	0.125	0.2857142857142857
Axmouth	æksməθ	æksməθ	æksməθ	æksməθ	compound	ax|mouth	0.0	0.0	0.0	æksməθ	æksməθ	0.0	0.0
Ayrab	eɪɹæb	eɪɹæb	ɛɹæb	eɪɹəb	compound	ayr|ab	0.0	0.5	0.2	əɹæb	ɛɹəb	0.5	0.75
Azal	əzɑl	əzæl	æzəl	əzəl	compound	az|al	0.25	0.5	0.25	əzæl	eɪzəl	0.25	0.6
Azazel	æzəzɛl	əzəzɛl	æzeɪzəl	əzəzəl	compound	az|az|el	0.16666666666666666	0.42857142857142855	0.3333333333333333	əzəzɛl	æzəzəl	0.16666666666666666	0.16666666666666666
Badajoz	bɑːdəhoʊs	bɑdədʒəʊz	bædədʒɑz	bædədʒəz	compound	bada|jo|z	0.3333333333333333	0.625	0.625	bədʒəʊz	bædədʒɑz	0.5714285714285714	0.625
Badelaide	bædəleɪd	bædəleɪd	beɪdleɪd	bædɛleɪd	compound	b|adelaide	0.0	0.375	0.125	bədɛleɪd	bædəleɪd	0.25	0.0
Bagri	bɑːɡɹi	bæɡɹi	bæɡɹi	bæɡɹi	compound	bag|ri	0.2	0.2	0.2	bəɡɹi	bæɡɹi	0.2	0.2
Baháʼism	bəhɑːɪzm	pahaɪzəm	biəeɪtʃɑᵻdʒɛktɪvaɪɛsɛm	bɑɪzəm	compound	[]	0.5	0.7727272727272727	0.5	bəhɑɪzəm	bəhɑsɪzəm	0.125	0.2222222222222222
Baháʼu'lláh	bəhɑːʊlɑː	pahaɵlɔ	biəeɪtʃɑᵻdʒɛktɪvjuɛlɛlɑeɪtʃ	bɑul	compound	[]	0.7142857142857143	0.8148148148148148	1.0	bəhɑwəllɔ	bəhələ	0.4444444444444444	0.5
Baicheng	baɪtʃɛŋ	bɑɪtʃɛŋ	beɪtʃɛŋ	beɪtʃɪŋ	compound	ba|ich|eng	0.14285714285714285	0.14285714285714285	0.2857142857142857	baɪtʃɛŋ	beɪkɪŋ	0.0	0.6666666666666666
Baihe	baɪhi	bɑaɪhi	beɪh	beɪh	compound	ba|i|he	0.16666666666666666	0.5	0.5	baɪhi	baɪh	0.0	0.25
Baishan	baɪʃæn	bɑɪʃən	beɪʃən	beɪʃən	compound	ba|ish|an	0.3333333333333333	0.3333333333333333	0.3333333333333333	baɪʃən	baɪʃən	0.16666666666666666	0.16666666666666666
Baiyang	baɪjæŋ	bɑaɪjæŋ	beɪjɑŋ	beɪjɑŋ	compound	ba|i|yang	0.14285714285714285	0.3333333333333333	0.3333333333333333	baɪjæŋ	baɪjæŋ	0.0	0.0
Balaam	beɪləm	bɑləæm	bælɑm	bɑlɑm	compound	bala|am	0.5	0.6	0.6	bəlam	bəlɑm	0.6	0.6
Balaton	bælətɒn	bælætɒn	bælætən	bælətən	compound	balat|on	0.14285714285714285	0.2857142857142857	0.14285714285714285	bælətən	bælətən	0.14285714285714285	0.14285714285714285
Ballarat	bæləɹæt	bæləɹæt	bæləɹæt	bælɚət	compound	balla|rat	0.0	0.0	0.5	bɑləɹæt	bælɝæt	0.14285714285714285	0.3333333333333333
Ballindine	bælɪndaɪn	bælɪndaɪn	bælɪndaɪn	bælɪndɪn	compound	ballin|dine	0.0	0.0	0.125	bælindaɪn	bælɪndaɪn	0.1111111111111111	0.0
Ballybunion	bælibʌniən	bɔlibʌnɪən	bælɪbjuniən	bæljbjunjən	compound	bally|bunion	0.2	0.2727272727272727	0.36363636363636365	bælɪbʌnjən	bælɪbjunjən	0.2	0.36363636363636365
Ballymena	bælimiːnə	bɔliminə	bælɪminə	bælimənə	compound	bally|mena	0.125	0.125	0.125	bælɪminə	bæləminə	0.125	0.125
Bandersnatch	bændəɹsnætʃ	bændəɹznætʃ	bændɚsnætʃ	bændɚznætʃ	compound	banders|natch	0.09090909090909091	0.2	0.3	bændəɹsnæt͡ʃ	bændɝsnætʃ	0.08333333333333333	0.2
Banzhudang	bændʒudæŋ	bænʒudæŋ	bænʒjudæŋ	bænhudæŋ	compound	ban|zhu|dang	0.125	0.2222222222222222	0.25	bænʒudæŋ	bænzhudæŋ	0.125	0.2222222222222222
Baode	baʊdi	bədə	beɪɑd	beɪd	compound	bao|de	0.25	0.8	0.75	bəd	bəəʊd	0.3333333333333333	0.6
Baoding	baʊdɪŋ	bədɪŋ	beɪɑdɪŋ	bædɪŋ	compound	bao|ding	0.0	0.42857142857142855	0.2	bədɪŋ	bədɪŋ	0.0	0.0
Baoji	baʊdʒiː	bədʒi	beɪɑdʒi	bædʒi	compound	bao|ji	0.0	0.42857142857142855	0.2	bəd͡ʒi	bədʒi	0.16666666666666666	0.0
Baoshan	baʊʃæn	bəʃæn	beɪɑʃən	bæʃən	compound	bao|shan	0.0	0.5714285714285714	0.4	bəʃən	bəʃən	0.2	0.2
Baoting	baʊtɪŋ	bətɪŋ	beɪɑɾɪŋ	bætɪŋ	compound	bao|ting	0.0	0.5714285714285714	0.2	bətɪŋ	bətɪŋ	0.0	0.0
Baryakin	bəɹjakɪn	bɑjækɪn	bɑɹɹɪækɪn	bɛɹieɪkɪn	compound	bar|yakin	0.42857142857142855	0.4444444444444444	0.4444444444444444	bɑɹiækɪn	bɛɹiɑkɪn	0.375	0.375
Baryakina	bəɹjakɪnə	bɑjækɪnə	bɑɹɹɪəkinə	bɛɹieɪkinə	compound	bar|yakin|a	0.375	0.5	0.5	bɑɹiɑkɪnə	bɑɹjəkinə	0.3333333333333333	0.3333333333333333
Bassaleg	bæsælɛɡ	bæsəlɛɡ	bæseɪləɡ	bæsələɡ	compound	bassa|leg	0.14285714285714285	0.375	0.2857142857142857	bæsəliɡ	bæsəlɛɡ	0.2857142857142857	0.14285714285714285
Batesian	beɪtsiən	beɪtsiən	beɪtiʒən	beɪtɛʃən	compound	bates|ian	0.0	0.25	0.25	beɪsiən	bətiʒən	0.14285714285714285	0.5714285714285714
Batken	bætkɛn	bætkɛn	bætkən	bætkən	compound	bat|ken	0.0	0.16666666666666666	0.16666666666666666	bætkən	bætkən	0.16666666666666666	0.16666666666666666
Battlefielder	bætəlfiːldɚ	bætəlfildɜ	bæɾəlfildɚ	bætləfildɚ	compound	battlefield|er	0.1	0.1	0.2	bætəlfildə	bætəlfildɝ	0.1	0.1
Baybayin	baɪbajin	beɪbeɪɪn	beɪbeɪɪn	beɪbeɪən	compound	bay|bay|in	0.5	0.5	0.5	bəbaɪɪn	beɪbeɪɪn	0.5714285714285714	0.5
Bazhong	bɑːdʒɒŋ	bæzhɒŋ	bæʒɑŋ	bæzɑŋ	compound	baz|hong	0.5	0.6	0.8	bɑʒɒŋ	bæzhɔŋ	0.2	0.6666666666666666
Beaconsfield	biːkənzfiːld	bikənzfild	bikənsfild	bikənsfild	compound	beacons|field	0.0	0.1	0.1	bikənzfild	bikənsfild	0.0	0.1
Beeb	biːb	bib	bib	bib	compound	bee|b	0.0	0.0	0.0	bib	bib	0.0	0.0
Beej	biːdʒ	bidʒ	bidʒ	bi	compound	bee|j	0.0	0.0	1.0	bɪd͡ʒ	bidʒ	0.4	0.0
Bei'an	beɪɑn	biiən	beɪən	biən	compound	be|ian	0.6	0.2	0.75	beɪɑn	baɪən	0.0	0.4
Bellburns	bɛlbɝnz	bɛlbɜnz	bɛlbɜnz	bɛlbɚnz	compound	bell|burns	0.14285714285714285	0.14285714285714285	0.14285714285714285	bɛlbɜɹnz	bɛlbɝnz	0.25	0.0
Belleoram	bəlɔːɹəm	bɛlɔɹəm	bɛlɪoɹæm	bɛlɚɹəm	compound	belle|oram	0.14285714285714285	0.5	0.2857142857142857	bɛləɹəm	bɛliɝæm	0.2857142857142857	0.5714285714285714
Belogorovka	bɪləɡɔːɹəfkə	bɛləʊɡəʊɹəʊvkə	bᵻlɑɡoɹɑvkə	bɛləɡɚɑvkə	compound	belo|go|ro|vka	0.42857142857142855	0.45454545454545453	0.5	bɛləɡəɹəfkə	bɪlɑɡɝɑvkə	0.18181818181818182	0.5
Belorussianism	bɛləɹʌʃənɪzəm	bɛləʊɹʌʃənɪzəm	bᵻloɹənɪzəm	bɛlɔɹəsiənɪzəm	compound	belorussian|ism	0.07142857142857142	0.36363636363636365	0.2857142857142857	bɪlɒɹʌʃiənɪzəm	bɛlɝəʃənɪzəm	0.21428571428571427	0.25
Benadryl	bɛnədɹɪl	bɛnədɹaɪl	bɛnədɹɪl	bɛnədɹil	compound	bena|dry|l	0.1111111111111111	0.0	0.125	bɛnədɹaɪl	bɛnədɹɪl	0.1111111111111111	0.0
Benbecula	bɛnbɛkjʊlə	bɛnbɛkjulə	bɛnbɛkjʊlə	bɛnbɪkjələ	compound	ben|bec|ula	0.1	0.0	0.2	bɛnbɛkjʊlə	bɛnbəkjulə	0.0	0.2
Bendemeer	bɛndəmɪɚ	bɛndəmeə	bɛndɪmɪɹ	bɛndɪmɚ	compound	bend|em|eer	0.25	0.25	0.2857142857142857	bɛndəmɪəɹ	bɛndɪmɪɹ	0.2222222222222222	0.25
Benjaminite	bɛndʒəmɪnaɪt	bɛndʒəmɪnaɪt	bɛndʒəmɪnaɪt	bɛndʒəmɪnɪt	compound	benjamin|ite	0.0	0.0	0.09090909090909091	bɛnd͡ʒɪnaɪt	bɛndʒæmənaɪt	0.2727272727272727	0.16666666666666666
Benjamite	bɛndʒəmaɪt	bɛndʒəmaɪt	bɛndʒəmaɪt	bɛndʒəmɪt	compound	benja|mite	0.0	0.0	0.1111111111111111	bɛnd͡ʒəmaɪt	bɛndʒəmaɪt	0.09090909090909091	0.0
Berden	bɜːɹdən	bɜɹdɛn	bɜdən	bɚdən	compound	ber|den	0.16666666666666666	0.2	0.4	bɜɹdən	bɝdən	0.0	0.4
Berkhamsted	bɜːɹkəmstɛd	bɜkhæmztɛd	bɜkhæmstᵻd	bɚkhæmstɪd	compound	berk|hams|ted	0.4	0.4	0.5	bəɹkəmɛstɪd	bɝkhæmstɪd	0.2727272727272727	0.5
Berytus	bɛɹɪtəs	bɜɹjtəs	bɜɹɪɾəs	bɚitəs	compound	ber|y|tus	0.2857142857142857	0.2857142857142857	0.5	bəɹɪtəs	bɛɹɪtəs	0.14285714285714285	0.0
Bethan	bɛθən	bɛθən	bɛθən	bɛθən	compound	beth|an	0.0	0.0	0.0	bɛθən	bɛθən	0.0	0.0
Bethphage	bɛθfeɪdʒ	bɛθfeɪdʒ	bɛθfɪdʒ	bɛθfɪdʒ	compound	beth|phage	0.0	0.14285714285714285	0.14285714285714285	bɛθfeɪd͡ʒ	bɛθfɪdʒ	0.1111111111111111	0.14285714285714285
Beyhive	biːhaɪv	beɪhaɪv	beɪhaɪv	baɪhaɪv	compound	bey|hive	0.2857142857142857	0.2857142857142857	0.2857142857142857	beɪhaɪv	beɪhaɪv	0.2857142857142857	0.2857142857142857
Bidencare	baɪdənkɛɚ	baɪdənkeə	baɪdɛŋkɛɹ	baɪdɪŋkɑɹ	compound	biden|care	0.2222222222222222	0.3333333333333333	0.4444444444444444	baɪdənkɛəɹ	baɪdənkɛɹ	0.2	0.1111111111111111
Biełaruś	bɛlɑɹus	bɛlɑɹus	bilɑɹɹəs	biɑɹu	compound	[]	0.0	0.375	0.6	bɪəɹuʃ	bɪwɑɹuɕ	0.6666666666666666	0.42857142857142855
Binhai	bɪnhaɪ	bɪnhaɪ	bɪnhaɪ	bɪnheɪ	compound	bin|hai	0.0	0.0	0.16666666666666666	bɪnhaɪ	bɪnhaɪ	0.0	0.0
Binjai	biːndʒaɪ	bɪndʒaɪ	bɪndʒaɪ	bɪndʒeɪ	compound	bin|jai	0.14285714285714285	0.14285714285714285	0.2857142857142857	bɪnd͡ʒaɪ	bɪndʒaɪ	0.25	0.14285714285714285
Binkie	bɪŋki	bɪŋki	bɪŋki	bɪŋki	compound	bink|ie	0.0	0.0	0.0	bɪŋki	bɪŋki	0.0	0.0
Binks	bɪŋks	bɪŋks	bɪŋks	bɪŋks	compound	bink|s	0.0	0.0	0.0	bɪŋks	bɪŋks	0.0	0.0
Biscay	bɪskeɪ	bɪskeɪ	bɪskeɪ	bɪskeɪ	compound	bis|cay	0.0	0.0	0.0	bɪskeɪ	bɪskeɪ	0.0	0.0
Bischofswerda	bɪʃɔfsvɛɹdə	bɪʃəfswɜɹdə	baɪskɑfswɚdə	bɪʃəfswɚdə	compound	bischof|swerd|a	0.2727272727272727	0.5833333333333334	0.4	bɪʃəʊfsvɚdə	bɪʃɔfswɝdə	0.36363636363636365	0.3
Bishan	biːʃɑːn	bɪʃən	bɪʃən	bɪʃən	compound	bish|an	0.4	0.4	0.4	bɪʃən	bɪʃən	0.4	0.4
Bizerte	bɪzɝt	bɪzɝt	bɪzɚt	baɪzɚt	compound	biz|erte	0.0	0.2	0.3333333333333333	bɪzɜɹt	bɪzɝt	0.3333333333333333	0.0
Blithedale	blaɪθdeɪl	blaɪðdeɪl	blaɪðdeɪl	blɪðɪdəl	compound	blithe|dale	0.1111111111111111	0.1111111111111111	0.625	blaɪðdeɪl	blɪθədeɪl	0.1111111111111111	0.2222222222222222
Bloomsday	bluːmzdeɪ	blumzdeɪ	blumsdeɪ	blumzdeɪ	compound	blooms|day	0.0	0.125	0.0	blʌmsdeɪ	blumzdeɪ	0.25	0.0
Bluebeardesque	bluːbɪɹdɛsk	blubiɹdɛsk	blubɪɹdɛsk	blubɛɹdɪsk	compound	bluebeard|esque	0.1	0.0	0.2	blʊbɪɹdɛsk	blubɝdɛsk	0.1	0.2222222222222222
Blyton	blaɪtən	blaɪtən	blaɪtən	blaɪtən	compound	bly|ton	0.0	0.0	0.0	blaɪtən	blaɪtən	0.0	0.0
Bo'ness	boʊnɛs	bəʊnzs	bɑnəs	bəʊznɪs	compound	bones|s	0.16666666666666666	0.6	0.2857142857142857	bəʊnɛs	bəʊnəs	0.0	0.16666666666666666
Boadicea	bəʊədɪsiːə	bəʊədaɪsə	bəʊdaɪsiə	bəʊdɪsə	compound	boa|dice|a	0.2222222222222222	0.2222222222222222	0.2857142857142857	bəʊədisə	bəʊædɪʃə	0.25	0.375
Bodhipathapradīpa	bəʊdɪpɑːtəpɹədiːpə	bəʊdɪpɑtəpɹədipə	bɑdhɪpæθəpɹædɪpə	bɑdɪpəθəpɹədpə	compound	[]	0.0	0.4375	0.35714285714285715	bɒdɪpəθæpɹədɪpə	bɑdipəθæpɹədipə	0.4	0.4
Bodrum	bəʊdɹʊm	bɒdɹʌm	bɑdɹəm	bɑdɹəm	compound	bod|rum	0.5	0.5	0.5	bɒdɹəm	bɑdɹəm	0.5	0.5
Bonavista	boʊnəvɪstə	bəʊnəvɪstə	bɑnəvɪstə	bəʊnəvɪstə	compound	bona|vista	0.0	0.2222222222222222	0.0	bənəvɪstə	bəʊnəvɪstə	0.1111111111111111	0.0
Bonbright	bɔnbɹaɪt	bɑnbɹaɪt	bɑnbɹaɪt	bɑnbɹaɪt	compound	bon|bright	0.125	0.125	0.125	bɒnbɹaɪt	bɑnbɹaɪt	0.125	0.125
Borikén	boʊɹikɛn	bəʊɹikɛn	boɹɪkeɪn	bɔɹɪkən	compound	[]	0.0	0.625	0.5714285714285714	bəɹɪkɛn	bɔɹɪkən	0.2857142857142857	0.5714285714285714
Borki	bɔɹkɪ	bɔɹkaɪ	boɹki	bɔɹki	compound	bork|i	0.16666666666666666	0.4	0.2	bɔɹkɪ	bɔɹki	0.0	0.2
Bosniac	bɒznɪæk	bɑzniək	bɑsniæk	bɑsniək	compound	bosnia|c	0.42857142857142855	0.42857142857142855	0.5714285714285714	bəʊzniæk	bɑzniæk	0.375	0.2857142857142857
Botwood	bɒtwʊd	bɔtwʊd	bɑtwʊd	bɑtwʊd	compound	bot|wood	0.16666666666666666	0.16666666666666666	0.16666666666666666	bɒtwʊd	bɑtwʊd	0.0	0.16666666666666666
Boudica	bəʊdɪkə	bədeɪə	budɪkə	bədɪkə	compound	boud|ic|a	0.5	0.3333333333333333	0.16666666666666666	bədɪkə	budikə	0.16666666666666666	0.5
Brackenridge	bɹækənɹɪdʒ	bɹækənɹɪdʒ	bɹækənɹɪdʒ	bɹækɛnɹɪdʒ	compound	bracken|ridge	0.0	0.0	0.1	bɹækənɹɪd͡ʒ	bɹækənɹɪdʒ	0.09090909090909091	0.0
Brangelina	bɹændʒəlinə	bɹæŋɪlinə	bɹeɪndʒɪlinə	bɹændʒəlinə	compound	brang|elina	0.4444444444444444	0.25	0.0	bɹæŋɡɛlɪnə	bɹæŋɡəlinə	0.5	0.3
Breage	bɹeɪɡ	bɹiɪd	bɹidʒ	bɹidʒ	compound	brea|ge	0.4	0.6	0.6	bɹidʒ	bɹidʒ	0.6	0.6
Brega	bɹeɪɡə	bɹiɡə	bɹɛɡə	bɹiɡə	compound	b|rega	0.4	0.4	0.4	bɹɛɡə	bɹeɪɡə	0.4	0.0
Bremain	bɹɪmeɪn	bɹɛmeɪn	bɹɛmeɪn	bɹɛmeɪn	compound	brem|ain	0.14285714285714285	0.14285714285714285	0.14285714285714285	bɹɪmeɪn	bɹimeɪn	0.0	0.14285714285714285
Brewin	bɹuːɪn	bɹuɪn	bɹuɪn	bɹuɪn	compound	brew|in	0.0	0.0	0.0	bɹuɪn	bɹuɪn	0.0	0.0
Bri	bɹiː	bɹi	bɹaɪ	bɹi	compound	b|ri	0.0	0.5	0.0	bɹi	bɹaɪ	0.0	0.5
Bri'ish	bɹɪʔɪʃ	bɹiɪʃ	bɹɪɪʃ	bɹaɪzʃ	compound	b|ri|ish	0.2	0.0	0.3333333333333333	bɹiɪʃ	bɹaɪɪʃ	0.2	0.16666666666666666
Bridlington	bɹɪdlɪŋtən	bɹaɪdlɪŋtən	bɹaɪdlɪŋtən	bɹɪdlɪŋtən	compound	bridling|ton	0.09090909090909091	0.09090909090909091	0.0	bɹaɪdlɪŋtən	bɹɪdlɪŋtən	0.09090909090909091	0.0
Brissie	bɹɪzi	bɹɪsi	bɹɪsi	bɹɪsi	compound	briss|ie	0.2	0.2	0.2	bɹɪsi	bɹɪsi	0.2	0.2
Brisvegan	bɹɪzveɪɡən	bɹɪsviɡən	bɹɪsvɛɡən	bɹɪsvəɡən	compound	bris|vegan	0.3333333333333333	0.3333333333333333	0.3333333333333333	bɹɪsveɪɡən	bɹɪsvɪɡən	0.1	0.2222222222222222
Brisvegas	bɹɪzveɪɡəs	bɹɪsveɪɡəs	bɹɪsvɛɡəz	bɹɪsvəɡəz	compound	bris|vegas	0.1	0.4444444444444444	0.4444444444444444	bɹɪsveɪɡəs	bɹɪsveɪɡəz	0.1	0.2
Brokenhead	bɹoʊkənhɛd	bɹəʊkənhɛd	bɹəʊkənhɛd	bɹəʊkənhəd	compound	broken|head	0.0	0.0	0.1	bɹəʊkənhɛd	bɹəʊkənhɛd	0.0	0.0
Brokskat	bɹɒkskæt	bɹɑkskæt	bɹɑkskæt	bɹɑkskət	compound	brok|skat	0.125	0.125	0.25	bɹɒskæt	bɹɑkskæt	0.14285714285714285	0.125
Bromford	bɹɒmfəɹd	bɹɑmfɔd	bɹɑmfɚd	bɹɑmfɚd	compound	brom|ford	0.42857142857142855	0.42857142857142855	0.42857142857142855	bɹɒmfəɹd	bɹɑmfɝd	0.0	0.42857142857142855
Brulé	bɹuːleɪ	bɹuleɪ	bɹuleɪ	bɹʌl	compound	[]	0.0	0.0	0.75	bɹuleɪ	bɹuleɪ	0.0	0.0
Brunellian	bɹuːnɛliən	bɹunɛliən	bɹʌnɛliən	bɹʌnɛliən	compound	brunelli|an	0.0	0.1111111111111111	0.1111111111111111	bɹʌnɪliən	bɹunɛliən	0.2222222222222222	0.0
Brăila	bɹəiːlə	bɹəilə	bɹeɪlə	bɹilə	compound	[]	0.0	0.3333333333333333	0.2	bɹaɪlə	bɹəilə	0.3333333333333333	0.0
Bucha	buːtʃə	bətʃə	bʌtʃə	bʌtʃə	compound	buch|a	0.2	0.2	0.2	bʌt͡ʃə	butʃə	0.3333333333333333	0.0
Bukhara	bukɑːɹə	bukhɛɹə	bʌkɑɹɹə	bʌkhɑɹə	compound	bu|k|hara	0.2857142857142857	0.2857142857142857	0.2857142857142857	bukhɛɹə	bukɑɹə	0.2857142857142857	0.0
Bullmastiff	bʊlmæstɪf	bʊlmɑstɪf	bʊlməstɪf	bʊlməstɪf	compound	bull|mastiff	0.1111111111111111	0.1111111111111111	0.1111111111111111	bʊlmæstɪf	bʊlmæstɪf	0.0	0.0
Bullo	bʊləʊ	bʊləʊ	bʊləʊ	bʌləʊ	compound	bull|o	0.0	0.0	0.2	bʊləʊ	bʊləʊ	0.0	0.0
Bunbury	bʌnbəɹɪ	bʌnbɛɹi	bʌnbɛɹi	bʌnbɚi	compound	bun|bury	0.2857142857142857	0.2857142857142857	0.5	bʌnbəɹɪ	bənbɛɹi	0.0	0.42857142857142855
Burnmouth	bɜːɹnməθ	bɜnməθ	bɜnməθ	bɚnməθ	compound	burn|mouth	0.16666666666666666	0.16666666666666666	0.3333333333333333	bɜɹnməθ	bɝnməθ	0.0	0.3333333333333333
Byelorussian	bjɛləɹʌʃən	bɛləʊɹəʃən	baɪɪloɹʌʃən	bilɔɹəsiən	compound	byelorussia|n	0.3	0.36363636363636365	0.6	baɪəlɔɹəʃən	baɪlɝəʃən	0.45454545454545453	0.5555555555555556
Byronism	baɪɹənɪzm	baɪɹənɪzəm	baɪɹənɪzəm	baɪɹənɪzəm	compound	byron|ism	0.1	0.1	0.1	baɪɹənɪzəm	baɪɹənɪzəm	0.1	0.1
Byzantiac	baɪzantɪak	bɪzæntiək	bɪzæntɪæk	baɪzəntiək	compound	byzant|ia|c	0.4444444444444444	0.3333333333333333	0.3	bɪzæntɪæk	bɪzæntiæk	0.3333333333333333	0.4444444444444444
Bábí	bɑːbi	bapi	bæbaɪ	bb	compound	[]	0.5	0.6	1.0	bɑbi	baɪbi	0.0	0.4
Będzin	bɛndʒɪn	bɛndʒɪn	bɛdzɪn	bɪdʒzɪn	compound	[]	0.0	0.3333333333333333	0.42857142857142855	bɛnt͡ʃɪn	bɛndzɪn	0.375	0.14285714285714285
Caden	keɪdn	keɪdn	kædən	keɪdən	compound	cade|n	0.0	0.6	0.16666666666666666	keɪdən	keɪdən	0.16666666666666666	0.16666666666666666
Caernarfonshire	kɑːɹnɑːɹvənʃɪɚ	kɑɹnɑɹvənʃaɪə	kɛɹnɑɹfənʃɚ	kɛɹnɚfɑnʃaɪɚ	compound	caernarfon|shire	0.15384615384615385	0.2727272727272727	0.5	kɑnəɹfənʃəɹ	kɛɹnɑɹfənʃɝ	0.45454545454545453	0.36363636363636365
Caerwys	kaɪəɹwɪs	kɑɛɹujs	kɛɹwaɪz	kɛwɪz	compound	ca|erw|y|s	0.7142857142857143	0.7142857142857143	1.0	kɑɹwɪʃ	kɛɹwɪz	0.6666666666666666	0.6666666666666666
Caicos	keɪkɒs	kaɪkɔs	keɪkəʊz	kaɪkəʊz	compound	cai|cos	0.3333333333333333	0.42857142857142855	0.5714285714285714	kaɪkɒs	keɪkəʊz	0.16666666666666666	0.42857142857142855
Caius	kiːz	kaɪʌs	keɪəs	keɪəs	compound	cai|us	0.8	0.8	0.8	kaɪəs	keɪəs	0.8	0.8
Calderbrook	kɔːldəɹbɹʊk	kɔldɝbɹʊk	kɔldɚbɹʊk	kældɚbɹʊk	compound	calder|brook	0.2222222222222222	0.2222222222222222	0.3333333333333333	kɔldəɹbɹʊk	kɔldɝbɹʊk	0.0	0.2222222222222222
Caliban	kælɪbæn	kælibæn	kælɪbən	kæləbən	compound	cali|ban	0.14285714285714285	0.14285714285714285	0.2857142857142857	kælɪbæn	kælɪbən	0.0	0.14285714285714285
Caltech	kæltɛk	kæltɛk	kɔltɛk	kæltɛk	compound	cal|tech	0.0	0.16666666666666666	0.0	kæltək	kæltɛk	0.16666666666666666	0.0
Calypsoan	kælɪpsoʊən	kælɪpsəʊən	kælɪpsəʊn	kəlipsəʊən	compound	calypso|an	0.0	0.1111111111111111	0.2	kælɪpsəʊən	kælɪpsəʊn	0.0	0.1111111111111111
Cambois	kæməs	kæmbwɑ	kæmbwɑ	kæmbɔɪz	compound	cam|bois	0.5	0.5	0.5714285714285714	kæmbwɑ	kæmbwɑ	0.5	0.5
Campbellton	kæmbəltən	kæmbəltən	kæmpbɛltən	kæmpbɛltən	compound	campbell|ton	0.0	0.2	0.2	kæmbəltɒn	kæmpbəltən	0.1111111111111111	0.1
Canadarian	kænədɛəɹiən	kænədəɹiən	kænədɛɹiən	kænədɑɹiən	compound	canada|rian	0.1	0.1	0.2	kənədɛɹi.ən	kænədɛɹiən	0.2727272727272727	0.1
Canadianise	kəneɪdiənaɪz	kəneɪdiənaɪz	kəneɪdiənaɪz	kæneɪdiənɪs	compound	canadian|ise	0.0	0.0	0.2727272727272727	kəneɪ.di.ən.aɪz	kəneɪdiənaɪz	0.2	0.0
Canara	kænəɹə	kænəɹɑ	kænɑɹɹə	kænɑɹə	compound	cana|ra	0.16666666666666666	0.2857142857142857	0.16666666666666666	kənɛəɹə	kənɑɹə	0.2857142857142857	0.3333333333333333
Candian	kændɪən	kændiən	kændiən	kændiən	compound	candia|n	0.14285714285714285	0.14285714285714285	0.14285714285714285	kænədiən	kændiən	0.25	0.14285714285714285
Canossa	kənɒsə	kænɑsə	kænɑsə	kænəsə	compound	can|ossa	0.3333333333333333	0.3333333333333333	0.3333333333333333	kənɒsə	kənɑsə	0.0	0.16666666666666666
Cantabria	kæntæbɹiə	kæntæbɹiə	kæntæbɹiə	kæntəbɹiə	compound	cantabri|a	0.0	0.0	0.1111111111111111	kæntæbɹiə	kæntæbɹiə	0.0	0.0
Caratacus	kəɹætəkəs	kæɹætəkəs	kæɹətækəs	kɑɹətəkəs	compound	carat|a|cus	0.1111111111111111	0.3333333333333333	0.2222222222222222	kæɹətækəs	kɛɹətækəs	0.3333333333333333	0.3333333333333333
Carbonear	kɑɹbəniɚ	kɑɹbəʊnɑɹ	kɑɹbəʊnɑɹ	kɑɹbəʊnɚ	compound	carbone|ar	0.3333333333333333	0.3333333333333333	0.25	kɑɹbəniəɹ	kɑɹbəʊnɪɹ	0.2222222222222222	0.3333333333333333
Carinthia	kəɹɪnθiə	kæɹɪnθiə	kæɹɪnθiə	kɛɹɪnθiə	compound	carin|thi|a	0.125	0.125	0.125	kəɹɪnθiə	kɝɪnθiə	0.0	0.2857142857142857
Carriacou	kæɹəkuː	kɑɹiəku	kæɹɪæku	kɛɹiəkəʊ	compound	carr|ia|cou	0.2857142857142857	0.2857142857142857	0.5	kɑɹiɑku	kɛɹiəku	0.42857142857142855	0.2857142857142857
Casamance	kæzəmæns	kɑsəmæns	kæsæməns	kæsəməns	compound	casa|mance	0.25	0.375	0.25	kəzəmæns	kæzəməns	0.125	0.125
Catilinarian	kætɪlɪnɛəɹiən	kætɪlinəɹiən	kæɾɪlɪnɛɹiən	kætɪlɪnɑɹiən	compound	cat|il|ina|rian	0.16666666666666666	0.16666666666666666	0.16666666666666666	kæɾɪlɪneəɹiən	kætələnɛɹiən	0.15384615384615385	0.25
Caucasity	kɔːkæsɪti	kəkæsɪti	kɔkæsᵻɾi	kɔkəsɪti	compound	cau|cas|ity	0.125	0.25	0.125	kɔkəsɪti	kɔkæsəti	0.125	0.125
Celbridge	sɛlbɹɪdʒ	sɛlbɹɪdʒ	sɛlbɹɪdʒ	sɛlbɹɪdʒ	compound	cel|bridge	0.0	0.0	0.0	sɛlbɹɪd͡ʒ	sɛlbɹɪdʒ	0.1111111111111111	0.0
Ceresian	səɹiːziən	sɪɹiziən	səɹiʒən	sɛɹiʃən	compound	ceres|ian	0.125	0.2857142857142857	0.42857142857142855	sɪəɹiʒən	sɝiʒən	0.375	0.6666666666666666
Cervidae	səɹvədi	sɜɹvədeɪ	sɜvɪdi	sɚvɪdeɪ	compound	cervid|ae	0.375	0.5	0.7142857142857143	sɜɹvɪdeɪ	sɝvədeɪ	0.5	0.5714285714285714
Cervus	səɹvəs	sɹvus	sɜvəs	sɚvəs	compound	ce|r|vu|s	0.4	0.4	0.4	sɜvəs	sɝvəs	0.4	0.4
Chagatai	tʃɑːɡətaɪ	tʃɑgətaɪ	tʃæɡətaɪ	tʃæɡəteɪ	compound	chaga|tai	0.125	0.125	0.25	tʃəɡətaɪ	tʃæɡətaɪ	0.125	0.125
Chalcidice	kælsɪdɪsi	kælsɪdaɪs	tʃælsɪdɪs	tʃælsɪdɪs	compound	chalcid|ice	0.2222222222222222	0.3333333333333333	0.3333333333333333	kælsidɪs	tʃælsədɪs	0.25	0.4444444444444444
Chalcolithic	kælkoʊlɪθɪk	tʃælkəʊlɪθɪk	tʃælkəlɪθɪk	tʃælkəlɪθɪk	compound	ch|alco|lithic	0.16666666666666666	0.2727272727272727	0.2727272727272727	tʃælkəlɪθɪk	tʃælkəlɪθɪk	0.2727272727272727	0.2727272727272727
Chalvey	tʃɑːvi	tʃælvi	tʃæveɪ	tʃælvi	compound	ch|alvey	0.3333333333333333	0.5	0.3333333333333333	t͡ʃælivi	tʃælvi	0.5	0.3333333333333333
Chambersian	tʃeɪmbɜːɹziən	tʃeɪmbɝziən	tʃeɪmbɚsiən	tʃæmbɚʃən	compound	chambers|ian	0.18181818181818182	0.2727272727272727	0.6666666666666666	t͡ʃæmbəɹsiən	tʃæmbɝʒən	0.4166666666666667	0.6666666666666666
Changde	tʃæŋdi	tʃæŋdə	tʃæŋd	tʃæŋd	compound	chang|de	0.16666666666666666	0.2	0.2	tʃɑŋdeɪ	tʃæŋd	0.42857142857142855	0.2
Changfeng	tʃæŋfɛŋ	tʃæŋfɛŋ	tʃæŋfɛŋ	tʃæŋfɛŋ	compound	chang|feng	0.0	0.0	0.0	t͡ʃɑŋfɛŋ	tʃæŋfɛŋ	0.25	0.0
Changhai	tʃæŋhaɪ	tʃæŋhaɪ	tʃæŋhaɪ	tʃæŋheɪ	compound	chang|hai	0.0	0.0	0.14285714285714285	tʃæŋhaɪ	tʃæŋhaɪ	0.0	0.0
Changhua	tʃæŋhwɑ	tʃæŋhuə	tʃæŋhjuə	tʃæŋhuə	compound	chang|hua	0.2857142857142857	0.375	0.2857142857142857	tʃɑŋɡwɑ	tʃæŋhjuə	0.2857142857142857	0.375
Changji	tʃæŋdʒiː	tʃæŋdʒi	tʃæŋdʒi	tʃæŋdʒi	compound	chang|ji	0.0	0.0	0.0	t͡ʃɑŋd͡ʒi	tʃæŋdʒi	0.3333333333333333	0.0
Changle	tʃæŋlʌ	tʃæŋlə	tʃæŋɡəl	tʃæŋɡəl	compound	chang|le	0.16666666666666666	0.42857142857142855	0.42857142857142855	tʃæŋɡəl	tʃæŋɡəl	0.42857142857142855	0.42857142857142855
Changning	tʃæŋnɪŋ	tʃæŋnɪŋ	tʃæŋnɪŋ	tʃæŋnɪŋ	compound	chang|ning	0.0	0.0	0.0	tʃɑŋnɪŋ	tʃæŋnɪŋ	0.14285714285714285	0.0
Changping	tʃɑŋpɪŋ	tʃæŋpɪŋ	tʃæŋpɪŋ	tʃæŋpɪŋ	compound	chang|ping	0.14285714285714285	0.14285714285714285	0.14285714285714285	t͡ʃæŋpɪŋ	tʃæŋpɪŋ	0.25	0.14285714285714285
Changshu	tʃæŋʃu	tʃæŋʃu	tʃæŋʃu	tʃæŋʃu	compound	chang|shu	0.0	0.0	0.0	tʃɑŋʃu	tʃæŋʃu	0.16666666666666666	0.0
Changwu	tʃæŋwu	tʃæŋwu	tʃæŋwu	tʃæŋwu	compound	chang|wu	0.0	0.0	0.0	t͡ʃɑŋwu	tʃæŋwu	0.2857142857142857	0.0
Changxing	tʃæŋʃɪŋ	tʃæŋʃɪŋ	tʃæŋksɪŋ	tʃæŋɡksɪŋ	compound	chang|xing	0.0	0.25	0.3333333333333333	tʃɑŋʃɪŋ	tʃæŋksɪŋ	0.14285714285714285	0.25
Changyang	tʃæŋjæŋ	tʃæŋjæŋ	tʃæŋjɑŋ	tʃændʒiæŋ	compound	chang|yang	0.0	0.14285714285714285	0.4444444444444444	tʃɑŋjɑŋ	tʃæŋjæŋ	0.2857142857142857	0.0
Changyuan	tʃæŋwɑn	tʃæŋjuən	tʃæŋjuən	tʃændʒjuən	compound	chang|yuan	0.375	0.375	0.6	t͡ʃɑŋd͡ʒuɑn	tʃæŋjuən	0.5454545454545454	0.375
Changzhi	tʃæŋdʒiː	tʃæŋdʒi	tʃæŋʒaɪ	tʃændʒi	compound	chang|zhi	0.0	0.42857142857142855	0.14285714285714285	t͡ʃɑŋd͡ʒi	tʃæŋʒi	0.3333333333333333	0.16666666666666666
Chanhe	tʃænhʌ	tʃænhi	tʃænh	tʃænh	compound	chan|he	0.16666666666666666	0.2	0.2	t͡ʃæni	tʃænh	0.5	0.2
Chaoyang	tʃaʊjæŋ	tʃəjæŋ	keɪɔɪæŋ	tʃeɪjɑŋ	compound	chao|yang	0.0	0.7142857142857143	0.42857142857142855	tʃəjæŋ	tʃəjæŋ	0.0	0.0
Charonean	kæɹəniːən	kɛɹəniən	tʃæɹəʊniən	tʃɑɹəʊnən	compound	charon|ean	0.125	0.3	0.5555555555555556	kæɹəniən	kɝəʊniən	0.0	0.375
Charontean	kəɹɒntɪən	kɛɹəntin	tʃæɹɔntiən	tʃɑɹɑntən	compound	charon|tean	0.5	0.5	0.5555555555555556	t͡ʃəɹəntin	kɛɹəntiən	0.6	0.3333333333333333
Charontian	kəɹɒntɪən	kɛɹəntjɑn	tʃæɹɔnʃən	tʃɑɹɑnʃən	compound	charon|tian	0.4444444444444444	0.6666666666666666	0.6666666666666666	kəɹɒntiən	kɝɑnʃən	0.1111111111111111	0.7142857142857143
Cheam	tʃiːm	tʃim	tʃim	tʃim	compound	chea|m	0.0	0.0	0.0	t͡ʃim	tʃim	0.2	0.0
Chels	tʃɛls	tʃɛlz	tʃɛlz	tʃɛlz	compound	ch|els	0.2	0.2	0.2	tʃɛlz	tʃɛlz	0.2	0.2
Cheng'an	tʃɛŋɑn	tʃɛŋən	tʃɛŋən	tʃɛŋzən	compound	cheng|an	0.16666666666666666	0.16666666666666666	0.2857142857142857	tʃɛŋɡɑn	tʃɛŋən	0.14285714285714285	0.16666666666666666
Chengcheng	tʃæŋtʃæŋ	tʃɛŋtʃɛŋ	tʃɛŋtʃɛŋ	tʃɛŋtʃɪŋ	compound	cheng|cheng	0.25	0.25	0.25	tʃɛŋtʃɛŋ	tʃɛŋtʃɛŋ	0.25	0.25
Chengde	tʃɛŋdə	tʃɛŋdə	tʃɛŋd	tʃɛŋd	compound	cheng|de	0.0	0.2	0.2	tʃɛŋdeɪ	tʃɛŋd	0.2857142857142857	0.2
Chenggu	tʃɛŋɡu	tʃɛŋɡu	tʃɛŋɡu	tʃɛŋɡu	compound	cheng|gu	0.0	0.0	0.0	tʃɛŋɡu	tʃɛŋɡu	0.0	0.0
Chengzhong	tʃʌŋdʒɒŋ	tʃɛŋʒɒŋ	tʃɛŋʒɑŋ	tʃɛŋzɑŋ	compound	cheng|zhong	0.2857142857142857	0.42857142857142855	0.5714285714285714	t͡ʃɛŋd͡ʒəʊ	tʃɛŋzhɔŋ	0.5	0.5
Cherine	ʃɪɹiːn	ʃɛɹini	tʃɛɹin	tʃɚin	compound	cheri|ne	0.3333333333333333	0.3333333333333333	0.6	ʃəɹin	kɛɹɪn	0.2	0.6
Chicanx	tʃɪkæŋks	tʃikənks	ʃᵻkeɪŋks	tʃɪkənz	compound	chica|n|x	0.375	0.5	0.5714285714285714	ʃɪkæŋks	tʃɪkəŋks	0.14285714285714285	0.125
Chinaboy	tʃaɪnəbɔɪ	tʃaɪnəbɔɪ	tʃaɪnəbɔɪ	tʃɪnəbɔɪ	compound	china|boy	0.0	0.0	0.125	t͡ʃaɪnəbɔɪ	tʃɪnəbɔɪ	0.1	0.125
Chinkland	tʃɪŋklænd	tʃɪŋklænd	tʃɪŋklənd	tʃɪŋklənd	compound	chink|land	0.0	0.1111111111111111	0.1111111111111111	t͡ʃɪŋklənd	tʃɪŋklənd	0.2	0.1111111111111111
Chișinău	kɪʃɪnaʊ	kɪʃɪnə	tʃɪsɪnə	tʃaɪɪnu	compound	[]	0.0	0.42857142857142855	0.7142857142857143	t͡ʃɪʃinəwə	kiʃinəw	0.6	0.42857142857142855
Chongming	tʃɒŋmɪŋ	tʃɔŋmɪŋ	tʃɑŋəmɪŋ	tʃɔŋmɪŋ	compound	chong|ming	0.14285714285714285	0.25	0.14285714285714285	tʃɔŋmɪŋ	tʃɔŋmɪŋ	0.14285714285714285	0.14285714285714285
Chongyang	tʃɔŋjæŋ	tʃɔŋjæŋ	tʃəŋjɑŋ	tʃɑndʒiæŋ	compound	chong|yang	0.0	0.2857142857142857	0.5555555555555556	tʃɔŋjæŋ	tʃɑŋjæŋ	0.0	0.14285714285714285
Chrishall	kɹɪshɔːl	kɹɪshɔl	kɹɪʃɔl	kɹɪʃəl	compound	chris|hall	0.0	0.3333333333333333	0.5	kɹɪshɔl	kɹɪʃəl	0.0	0.5
Christianism	kɹɪstʃənɪzm	kɹɪstʃənɪzəm	kɹɪstʃnɪzəm	kɹɪstiənɪzəm	compound	christian|ism	0.08333333333333333	0.18181818181818182	0.16666666666666666	kɹɪstʃənɪzəm	kɹɪstʃənɪzəm	0.08333333333333333	0.08333333333333333
Chunhua	tʃuːnhwɑː	tʃənhuə	tʃʌnhjuə	tʃʌnhuə	compound	chun|hua	0.42857142857142855	0.5	0.42857142857142855	tʃʊŋhjuə	tʃənhjuə	0.625	0.5
Chwezi	tʃweɪzi	tʃwizi	sieɪtʃwɛzi	tʃwɛzi	compound	ch|we|zi	0.3333333333333333	0.6	0.3333333333333333	t͡ʃwɛzi	tʃwɛzi	0.42857142857142855	0.3333333333333333
Chéticamp	ʃɛtɪkæmp	ʃɛtɪkæmp	ʃeɪɾɪkæmp	tʃɪtɪkəmp	compound	[]	0.0	0.3333333333333333	0.3333333333333333	t͡ʃɛtɪkæmp	tʃeɪtikæmp	0.2	0.4
Cimbom	dʒimbom	siaɪmbɑm	sɪmbəm	sɪmbəm	compound	ci|m|bom	0.625	0.6666666666666666	0.6666666666666666	t͡ʃɪmbəm	sɪmbəm	0.625	0.6666666666666666
Clarenville	klæɹənvɪl	klæɹənvɪl	klæɹənvɪl	klɛɹənvɪl	compound	claren|ville	0.0	0.0	0.1111111111111111	klæɹənvɪl	klɛɹənvɪl	0.0	0.1111111111111111
Clausewitz	klɔːzəwɪts	klɔzwɪts	klɔswɪts	klɔswɪts	compound	clause|witz	0.125	0.25	0.25	klɔzəwɪts	kləswɪts	0.0	0.375
Cleistocactus	klaɪstoʊkæktəs	kəlɪstʊkæktəs	klɛstəkæktəs	klɛstəʊkəktəs	compound	cle|ist|oc|actus	0.23076923076923078	0.25	0.23076923076923078	klaɪstəkeɪkəs	klaɪstəkæktəs	0.3076923076923077	0.07692307692307693
Clevedon	kliːvdən	klivdɒn	klɛvɛdən	klɛvdən	compound	cleve|don	0.14285714285714285	0.25	0.14285714285714285	klɪvədən	klɛvədən	0.25	0.25
Closworth	klɒzwəɹθ	kləʊzwɜθ	klɑswɜθ	klɑswɚθ	compound	clos|worth	0.5	0.5714285714285714	0.5714285714285714	kləʊzwɜθ	klɑswɝθ	0.5	0.5714285714285714
Clovelly	kləvɛli	kləʊvllɪ	kləʊvəli	kləʊvli	compound	clove|l|ly	0.375	0.25	0.2857142857142857	klʌvəli	kləvəli	0.2857142857142857	0.14285714285714285
Cobh	kəʊv	kɒbh	kɑb	kɑb	compound	cob|h	0.75	1.0	1.0	kɒbh	kɑb	0.75	1.0
Cockermouth	kɒkəɹməθ	kɒkəməθ	kɑkɚməθ	kɑkɚməθ	compound	cocker|mouth	0.14285714285714285	0.42857142857142855	0.42857142857142855	kɒkəɹməθ	kɑkɝməθ	0.0	0.42857142857142855
Colac	kəʊlæk	kəʊlək	kɑlæk	kəʊlək	compound	cola|c	0.16666666666666666	0.4	0.16666666666666666	kəʊlæk	kəʊlæk	0.0	0.0
Coldham	kəʊldəm	kəʊldhæm	kəʊldæm	kɑldəm	compound	cold|ham	0.25	0.14285714285714285	0.3333333333333333	kəʊldəm	kəʊldhəm	0.0	0.125
Coleford	kəʊlfəɹd	kəʊlfɔd	kəʊlfɚd	kəʊlfɚd	compound	cole|ford	0.2857142857142857	0.2857142857142857	0.2857142857142857	kəlfɚd	kəʊlfɝd	0.5	0.2857142857142857
Collyridian	kɒlɪɹɪdiən	kɒliɹɪdiən	kɑlɪɹɪdiən	kɔljaɪdiən	compound	colly|rid|ian	0.1	0.1	0.3	kɒlɪɹɪdiən	kɑlɪɹɪdiən	0.0	0.1
Complute	kɒmpluːt	kɑmplut	kəmplut	kəmplut	compound	comp|lute	0.14285714285714285	0.14285714285714285	0.14285714285714285	kəmplut	kəmplut	0.14285714285714285	0.14285714285714285
Conche	kɒntʃ	kɒntʃi	kəntʃɛ	kɑntʃ	compound	conch|e	0.16666666666666666	0.3333333333333333	0.2	kɒnt͡ʃeɪ	kɑntʃ	0.375	0.2
Connop	kɒnəp	kɒnɑp	kənɑp	kɑnəp	compound	conn|op	0.2	0.4	0.2	kɒnɒp	kɑnəp	0.2	0.2
Connverse	kɑnvɝs	kɒnvɜs	kənvɜs	kənvɚs	compound	conn|verse	0.3333333333333333	0.3333333333333333	0.3333333333333333	kɒnvɜɹs	kənvɝs	0.42857142857142855	0.16666666666666666
Cordano	kɔːɹdɑːnəʊ	kɔɹdənəʊ	kɔɹdɑnəʊ	kɔɹdənəʊ	compound	corda|no	0.125	0.0	0.125	kɔɹdɑnəʊ	kɔɹdɑnəʊ	0.0	0.0
Cosmas	kɔzmæs	kəʊzməs	kɑzməz	kəʊzməz	compound	cosma|s	0.42857142857142855	0.5	0.5714285714285714	kɒzməs	kɑzməz	0.3333333333333333	0.5
Cossall	kɒsɔːl	kɒsɔl	kɑsɔl	kɑsəl	compound	coss|all	0.0	0.2	0.4	kɒsəl	kɑsəl	0.2	0.4
Cottlesville	kɒtəlzvɪl	kɑtəlsvɪl	kɑɾəlzvɪl	kɑtlzvɪl	compound	cottle|s|ville	0.2222222222222222	0.2222222222222222	0.25	kɒtəlzvɪl	kɑtəlzvɪl	0.0	0.1111111111111111
Coug	kuːɡ	kug	kəɡ	kə	compound	cou|g	0.3333333333333333	0.3333333333333333	1.0	kug	kəɡ	0.3333333333333333	0.3333333333333333
Courland	kʊəɹlənd	kʊɹlænd	kɜlənd	kɚlənd	compound	cour|land	0.2857142857142857	0.5	0.5	kʊɹlænd	kɔɹlənd	0.2857142857142857	0.2857142857142857
Covelo	koʊvəloʊ	kəʊvələʊ	kɑviləʊ	kʌvləʊ	compound	covel|o	0.0	0.42857142857142855	0.5	kəvɛləʊ	kəʊvɛləʊ	0.2857142857142857	0.125
CrASBO	kɹæzbəʊ	kɹæsbəʊ	siɑɹəsbəʊ	kɹæsbəʊ	compound	c|ras|bo	0.14285714285714285	0.5555555555555556	0.14285714285714285	kɹæsbəʊ	kɹæsbu	0.14285714285714285	0.5
Craiglockhart	kɹeɪɡlɒkɑɹt	kɹeɪɡlɑkhɑɹt	kɹeɪɡləkhɑɹt	kɹeɪɡlɑkhɑɹt	compound	craig|lockhart	0.16666666666666666	0.16666666666666666	0.16666666666666666	kɹeɪglɑkhɑɹt	kɹeɪɡləkhɑɹt	0.25	0.16666666666666666
Crapaud	kɹæpoʊ	kɹæpɔd	kɹæpɔd	kɹæpɔd	compound	crap|aud	0.3333333333333333	0.3333333333333333	0.3333333333333333	kɹəpɔd	kɹəpɔd	0.5	0.5
Crashaw	kɹæʃɔː	kɹæʃɔ	kɹæʃɔ	kɹæʃɔ	compound	crash|aw	0.0	0.0	0.0	kɹæʃɔ	kɹæʃɔ	0.0	0.0
Cressidian	kɹɛsɪdiən	kɹɛsaɪdiən	kɹɛsɪdiən	kɹɛsɪdiən	compound	cress|id|ian	0.1	0.0	0.0	kɹɛsɪdiən	kɹɪsɪdiən	0.0	0.1111111111111111
Crewkerne	kɹuːkəɹn	kɹukɜɹn	kɹukɚn	kɹəkɚn	compound	crew|kerne	0.14285714285714285	0.3333333333333333	0.5	kɹʊkəɹn	kɹukɝn	0.14285714285714285	0.3333333333333333
Crich	kɹaɪtʃ	kɹɪtʃ	kɹɪtʃ	kɹɪk	compound	c|rich	0.2	0.2	0.75	kɹɪk	kɹɪtʃ	0.75	0.2
Cristian	kɹɪstjən	kɹɪstiən	kɹɪstʃən	kɹɪstiən	compound	cristi|an	0.125	0.125	0.125	kɹɪstiən	kɹɪstʃən	0.125	0.125
Croatology	kɹəʊætɒlədʒɪ	kɹəʊɑtɒlədʒi	kɹəʊətɑlədʒi	kɹəʊtɑlədʒi	compound	croat|ology	0.16666666666666666	0.25	0.2727272727272727	kɹəʊətəlɒd͡ʒi	kɹəʊətɑlədʒi	0.38461538461538464	0.25
Cumbernauld	kʌmbəɹnɔːld	kʌmbənɔld	kʌmbɚnɔld	kʌmbɚnəld	compound	cumber|n|auld	0.1111111111111111	0.2222222222222222	0.3333333333333333	kʌmbəɹnɔld	kəmbɝnɔld	0.0	0.3333333333333333
Cupidian	kjuːpɪdiən	kjupɪdiən	kjupɪdiən	kjupɪdiən	compound	cupid|ian	0.0	0.0	0.0	kjupɪdiən	kjupɪdiən	0.0	0.0
Cupidinian	kjuːpɪdɪniən	kjupɪdɪniən	kjupɪdɪniən	kjupɪdɪniən	compound	cupid|in|ian	0.0	0.0	0.0	kjupɪdɪniən	kjupədɪniən	0.0	0.09090909090909091
Cybelean	sɪbəliːən	sɪbəliən	saɪbɪliən	saɪbilən	compound	cybele|an	0.0	0.2222222222222222	0.375	saɪbɪliən	saɪbəlin	0.2222222222222222	0.25
Cynthian	sɪnθiən	sɪnθiən	sɪnθiən	sɪnθiən	compound	cynthia|n	0.0	0.0	0.0	sɪnθiən	sɪnθiən	0.0	0.0
Częstochowa	tʃɛnstəkəʊvə	tʃɛnstəkəʊvə	sizɛstətʃəə	tʃɑstəʊtʃəʊə	compound	[]	0.0	0.7272727272727273	0.5	tʃɛstɒkəʊə	tʃɛnstəkəə	0.3	0.2
Dabrowskian	dəmbɹɒfskiən	dəbɹɔfskiən	dæbɹəskiən	dæbɹɔfskiən	compound	dabrowski|an	0.18181818181818182	0.4	0.2727272727272727	dəbɹəskjən	dəbɹəskiən	0.4	0.3
Dadan	dɑdɑn	dɑdən	dædən	dædən	compound	dada|n	0.2	0.4	0.4	dɑdən	dədæn	0.2	0.4
Dadra	dɑːdɹɑː	dædɹɑ	dædɹə	dædɹə	compound	dad|ra	0.2	0.4	0.4	dɑdɹə	dædɹə	0.2	0.4
Daedalian	dɪdeɪliən	didəliən	dideɪliən	deɪdəliən	compound	daedal|ian	0.375	0.1111111111111111	0.3333333333333333	didəlɪən	dɛdeɪliən	0.5	0.1111111111111111
Daenerys	deɪnɛɹɪs	deɪniɹɪs	dinɚɹiz	deɪnɚiz	compound	dae|ne|rys	0.125	0.7142857142857143	0.5714285714285714	dænjəɹis	dɛnɝiz	0.625	1.0
Dalston	dɔːlstən	dɔlstən	dælstən	dælstən	compound	d|alston	0.0	0.14285714285714285	0.14285714285714285	dɔlstɒn	dɔlstən	0.14285714285714285	0.0
Dalí	dɑːli	dɑli	dɑli	dəl	compound	[]	0.0	0.0	0.6666666666666666	dɑli	dəli	0.0	0.25
Danbo	dænbəʊ	dænbəʊ	dænbəʊ	dænbəʊ	compound	dan|bo	0.0	0.0	0.0	dɑnbəʊ	dænbəʊ	0.16666666666666666	0.0
Dancheng	dæntʃɛŋ	dæntʃɛŋ	dæntʃɛŋ	dæntʃɪŋ	compound	dan|cheng	0.0	0.0	0.14285714285714285	dænt͡ʃɛŋ	dæntʃɪŋ	0.125	0.14285714285714285
Danfeng	dɑnfʌŋ	dænfɛŋ	dænfɛŋ	dænfɪŋ	compound	dan|feng	0.3333333333333333	0.3333333333333333	0.3333333333333333	dænfɛŋ	dænfɛŋ	0.3333333333333333	0.3333333333333333
Dangyang	dæŋjæŋ	dæŋjæŋ	dæŋjɑŋ	dændʒiæŋ	compound	dang|yang	0.0	0.16666666666666666	0.5	dæŋjæŋ	dæŋjæŋ	0.0	0.0
Danjiangkou	dɑndʒɑŋkoʊ	dændʒɑŋkəʊə	dændʒjɑŋku	dændʒiɑŋkə	compound	dan|jiang|ko|u	0.18181818181818182	0.4	0.3	dænd͡ʒiɑŋkə	dændʒiæŋku	0.36363636363636365	0.5
Danshui	dænʃweɪ	dænzhuɪ	dænʃjui	dænʃu	compound	dans|hui	0.42857142857142855	0.42857142857142855	0.6	dɒnʃu	dænʃui	0.8	0.5
Daozang	daʊzæŋ	dəzæŋ	deɪəzæŋ	dæzɑŋ	compound	dao|zang	0.0	0.2857142857142857	0.4	dəzæŋ	dəzæŋ	0.0	0.0
Dasharatha	dɑːʃɒɹɒtɒ	dæʃɑɹæθə	dæʃəɹæθə	dæʃɑɹəθə	compound	dash|ar|atha	0.625	0.625	0.625	dæʃəɹɑθə	dæʃɝɑθə	0.625	0.8571428571428571
Dawlish	dɔːlɪʃ	dɔlɪʃ	dɔlɪʃ	dɔlɪʃ	compound	daw|lish	0.0	0.0	0.0	dɔlɪʃ	dɔlɪʃ	0.0	0.0
Daykin	deɪkɪn	deɪkɪn	deɪkɪn	deɪkɪn	compound	day|kin	0.0	0.0	0.0	deɪkɪn	deɪkɪn	0.0	0.0
Dazhou	dɑdʒoʊ	dɑʒu	dæʒu	dæhə	compound	da|zhou	0.75	1.0	1.0	dɑd͡ʒəʊ	dəzu	0.14285714285714285	1.25
De'ang	dəɑŋ	ding	dɛæŋ	dizæŋ	compound	dean|g	0.75	0.5	0.6	dɛəŋ	diæŋ	0.5	0.5
DeFi	diːfaɪ	dɛfaɪ	dəfaɪ	dɪfi	compound	def|i	0.2	0.2	0.75	dɛfaɪ	dɛfi	0.2	0.75
Deimian	daɪmiən	dəaɪmiən	deɪmiən	dimiən	compound	de|im|ian	0.125	0.14285714285714285	0.3333333333333333	daɪmiən	daɪɪmiən	0.0	0.125
Dena'ina	dənaːinə	dinəinə	dɛnəɪnə	dinəzɪnə	compound	dena|ina	0.2857142857142857	0.42857142857142855	0.5	dɪnaɪnə	dɪnɑinə	0.2857142857142857	0.2857142857142857
Dench	dɛntʃ	dɛntʃ	dɛntʃ	dɛntʃ	compound	den|ch	0.0	0.0	0.0	dɛnt͡ʃ	dɛntʃ	0.16666666666666666	0.0
Dengfeng	dɛŋfɛŋ	dɛŋfɛŋ	dɛŋfɛŋ	dɛŋɡfɛŋ	compound	deng|feng	0.0	0.0	0.14285714285714285	dɛŋfɛŋ	dɛŋfɛŋ	0.0	0.0
Dereham	dɪəɹəm	dɪəhæm	dɛɹɪhæm	dɛɹhəm	compound	dere|ham	0.3333333333333333	0.7142857142857143	0.5	dɪəɹəm	dɛɹɪhæm	0.0	0.7142857142857143
Desdemonan	dɛzdəmoʊnən	dɛzdəməʊnən	dᵻsdɛməʊnən	dɛsdəmənən	compound	desdemona|n	0.0	0.2727272727272727	0.2	dɛzdəməʊnən	dɛsdɪməʊnən	0.0	0.18181818181818182
Desdemonian	dɛzdəmoʊniən	dɛsdɪməʊniən	dᵻsdɪməʊniən	dɛsdəməniən	compound	des|demonian	0.16666666666666666	0.25	0.18181818181818182	dɛzdəmiəʊniən	dɛsdəməʊniən	0.07692307692307693	0.08333333333333333
Dewsbury	djuːzbəɹi	djuzbɛɹi	dusbɛɹi	duzbɚi	compound	dews|bury	0.125	0.42857142857142855	0.5	djuzbəɹi	duzbɛɹi	0.0	0.2857142857142857
Diadochi	daɪædəkaɪ	diədɒkhaɪ	daɪədɑtʃi	diɑdəʊtʃi	compound	dia|doc|hi	0.5555555555555556	0.5555555555555556	0.7777777777777778	daɪədɒkaɪ	daɪədəʊtʃi	0.2222222222222222	0.5
Dimorphos	daɪmɔːɹfəs	daɪmɔɹfəʊz	dɪmoɹfəʊz	dɪmɔɹfəʊz	compound	di|morphos	0.2	0.4444444444444444	0.3333333333333333	dɪmɔɹfɒs	dɪmɔɹfəʊz	0.25	0.3333333333333333
Dingxiang	diŋʒeɪŋ	dɪŋʃiɑŋ	dɪŋksjæŋ	dɪŋɡksiæŋ	compound	ding|xiang	0.5714285714285714	0.625	0.6666666666666666	dɪŋʃiɑŋ	dɪŋʃiæŋ	0.5714285714285714	0.5714285714285714
Dinorwig	dɪnɔɹwɪɡ	dɪnɔɹwɪɡ	dɪnoɹwɪɡ	dɪnɔɹwɪɡ	compound	din|orwig	0.0	0.125	0.0	dɪnɔɹwɪɡ	dɪnɔɹwɪɡ	0.0	0.0
Diné	dɪneɪ	dɪneɪ	dɪneɪ	dɪn	compound	[]	0.0	0.0	0.6666666666666666	dɪneɪ	dɪneɪ	0.0	0.0
Dionysia	daɪənaɪsiə	daɪənjsiə	daɪənɪʒə	daɪəniziə	compound	dion|y|si|a	0.2222222222222222	0.375	0.3333333333333333	daɪənɪziə	daɪənɪʒə	0.2222222222222222	0.375
Disibodenberg	dɪzɪbəʊdənbɛɹk	daɪzaɪbiəʊdənbɜɡ	dɪsɪbəʊdɛnbɜɡ	dɪsəbəʊdənbɚɡ	compound	dis|ib|oden|berg	0.375	0.38461538461538464	0.38461538461538464	dɪsɪbəndənbɜɹɡ	dɪsɪbəʊdənbɝɡ	0.2857142857142857	0.3076923076923077
DjVu	diːdʒeɪvu	didʒeɪvu	didʒeɪvu	dʌvu	compound	dj|vu	0.0	0.0	1.25	d͡ʒeɪvi	dʒivu	0.42857142857142855	0.8
Dolbadarn	dɔlbadəɹn	dɑlbædɑɹn	dɑlbədɑɹn	dəʊlbədɑɹn	compound	dol|bad|arn	0.3333333333333333	0.3333333333333333	0.4	dɒlbədɑɹn	dəʊlbədɑɹn	0.3333333333333333	0.4
Dong'an	dɔŋæn	dɒŋɡən	dɑŋən	dɔŋzən	compound	donga|n	0.5	0.4	0.3333333333333333	dɔŋɑn	dɔŋən	0.2	0.2
Dongcheng	dʊŋtʃʌŋ	dɒŋtʃɛŋ	dəŋtʃɛŋ	dɔŋtʃɪŋ	compound	dong|cheng	0.2857142857142857	0.2857142857142857	0.2857142857142857	dɔŋtʃɛŋ	dɔŋtʃɛŋ	0.2857142857142857	0.2857142857142857
Donggang	dɔŋɡæŋ	dɒŋɡæŋ	dɑŋɡæŋ	dɑŋɡæŋ	compound	dong|gang	0.16666666666666666	0.16666666666666666	0.16666666666666666	dɔŋɡæŋ	dɔŋɡæŋ	0.0	0.0
Dongguan	dʊŋɡwɑn	dɒŋɡwɑn	dɑŋɡjuən	dɑŋɡʒən	compound	dong|guan	0.14285714285714285	0.5	0.42857142857142855	dɔŋɡwɑn	dɔŋɡwən	0.14285714285714285	0.2857142857142857
Dongjin	dɔŋdʒɪn	dɒŋdʒɪn	dɑŋdʒɪn	dɔŋdʒən	compound	dong|jin	0.14285714285714285	0.14285714285714285	0.14285714285714285	dɔŋd͡ʒɪn	dɔŋdʒɪn	0.125	0.0
Dongsong	dɒŋsɒŋ	dɒŋzɔŋ	dɑŋsɔŋ	dɔŋzɔŋ	compound	dongs|ong	0.3333333333333333	0.3333333333333333	0.5	dɔŋsɔŋ	dɔŋsɔŋ	0.3333333333333333	0.3333333333333333
Dongxiang	dɔŋʃɒŋ	dɒŋʃiɑŋ	dɑŋksjæŋ	dɔŋɡksiæŋ	compound	dong|xiang	0.42857142857142855	0.625	0.5555555555555556	dɔŋʃiɑŋ	dɔŋʃæŋ	0.2857142857142857	0.16666666666666666
Dongyin	dɔŋjɪn	dɒŋjɪn	dɑŋiɪn	dɑndʒiɪn	compound	dong|yin	0.16666666666666666	0.3333333333333333	0.625	dɔŋd͡ʒɪn	dɑŋjɪn	0.375	0.16666666666666666
Dorsetshire	dɔːɹsɪtʃɪɚ	dɔɹsɪtʃaɪə	doɹsɛtʃɚ	dɔɹsɛʃhaɪɚ	compound	dorset|shire	0.2	0.375	0.4	dɔɹsɪtʃəɹ	dɔɹsɪtʃɝ	0.2222222222222222	0.25
Doubs	duː	dəbs	dʌbz	dəbz	compound	doub|s	0.75	0.75	0.75	dəts	dəbz	0.75	0.75
Dre	dɹeɪ	dɹi	dɹi	dɹ	compound	dr|e	0.6666666666666666	0.6666666666666666	1.0	dɹi	dɹi	0.6666666666666666	0.6666666666666666
Drizzy	dɹɪzi	dɹɪzi	dɹɪzi	dɹɪzi	compound	dr|izzy	0.0	0.0	0.0	dɹɪzi	dɹɪzi	0.0	0.0
Drogheda	dɹɒhɪdə	dɹɑɡheɪdə	dɹɑɡhɛdə	dɹɑɡidə	compound	dr|og|heda	0.3333333333333333	0.375	0.42857142857142855	dɹɒɡədə	dɹəʊɡeɪdə	0.2857142857142857	0.4444444444444444
Droitwich	dɹɔɪtwɪtʃ	dɹɔɪtwɪtʃ	dɹɔɪtwɪtʃ	dɹɔɪtwɪtʃ	compound	droit|wich	0.0	0.0	0.0	dɹɔɪtwɪt͡ʃ	dɹɔɪtwɪtʃ	0.1	0.0
Dua	duːə	duə	duə	du	compound	du|a	0.0	0.0	0.5	duə	duə	0.0	0.0
Dudinka	duːdɪnkə	dudɪŋkə	dudɪŋkə	dudɪŋkə	compound	du|dinka	0.14285714285714285	0.14285714285714285	0.14285714285714285	dudɪŋkə	dudɪŋkə	0.14285714285714285	0.14285714285714285
Dullaghan	dʌləhæn	dʌlæɡhæn	dʌlæɡən	dʌləən	compound	dull|ag|han	0.25	0.42857142857142855	0.3333333333333333	dʌləɡən	dələɡən	0.2857142857142857	0.42857142857142855
Dulwichian	dʌlwɪtʃiən	dəlwɪtʃiən	dʌlwɪkiən	dʌlwɪtʃiən	compound	dulwich|ian	0.1	0.2222222222222222	0.0	dulwɪt͡ʃən	dəlwɪtʃən	0.3	0.2222222222222222
Dumpsville	dʌmpsvɪl	dʌmpsvɪl	dʌmpzvɪl	dʌmpsvɪl	compound	dumps|ville	0.0	0.125	0.0	dʌmpsvɪl	dəmpsvɪl	0.0	0.125
Dunhuang	dʊnhwæŋ	dʌnhwæŋ	dʌnhwɑŋ	dʌnhjuɑŋ	compound	dun|huang	0.14285714285714285	0.2857142857142857	0.5	dʊnhwɑŋ	dənhuæŋ	0.14285714285714285	0.2857142857142857
Dunhuangologist	dʊnhwæŋɒlɒdʒɪst	dʌnhwæŋəʊləʊdʒɪst	dʌnhjuəŋɡɑlədʒɪst	dʌnhjuɑŋɡələdʒɪst	compound	dun|huang|olo|gist	0.29411764705882354	0.4117647058823529	0.4117647058823529	dʌnhwɒŋɡəlɪst	dənhwəŋɡɑlədʒɪst	0.5384615384615384	0.3125
Dunhuangology	dʊnhwæŋɒlɒdʒi	dʌnhwæŋɒlədʒi	dʌnhjuəŋɡɑlədʒi	dʌnhjuɑŋɡələdʒi	compound	dun|huang|ology	0.15384615384615385	0.4666666666666667	0.4666666666666667	dʊnwɑŋɡɒləd͡ʒi	dənhwəŋɡɑlədʒi	0.35714285714285715	0.35714285714285715
Duntroon	dʌntɹuːn	dʌntɹun	dʌntɹun	dʌntɹun	compound	dunt|roon	0.0	0.0	0.0	dʌntɹun	dəntɹun	0.0	0.14285714285714285
Durrës	dʊɹəs	dʊɹəs	dɜɹɛz	dʊɹz	compound	[]	0.0	0.6	0.5	dʊɹəs	dɝəz	0.0	0.75
Dysnomia	dɪsnəʊmiə	dɪsnəʊmiə	dɪsnəʊmiə	dɪznəmiə	compound	dy|s|nomi|a	0.0	0.0	0.25	dɪsnəʊmiə	dɪsnəʊmiə	0.0	0.0
Dysnomian	dɪsnoʊmiən	dɪsnəʊmiən	dɪsnəʊmiən	dɪznəmiən	compound	dy|s|nomi|an	0.0	0.0	0.2222222222222222	dɪsnəʊmiən	dɪsnəʊmiən	0.0	0.0
Eastleigh	iːstli	istli	isli	iæstlaɪ	compound	east|leigh	0.0	0.25	0.42857142857142855	istli	istli	0.0	0.0
Ecbatana	ɛkbætənə	ɛkbeɪtənə	ɛkbətɑnə	ɪkbətənə	compound	ec|batan|a	0.2222222222222222	0.25	0.25	ɛkbatənə	ɛkbətænə	0.125	0.25
Edenbridge	iːdənbɹɪdʒ	idənbɹɪdʒ	ɛdənbɹɪdʒ	ɪdənbɹɪdʒ	compound	eden|bridge	0.0	0.1111111111111111	0.1111111111111111	ɪdənbɹɪd͡ʒ	idənbɹɪdʒ	0.2	0.0
Edirne	ɛdiɹnɛ	idiɹni	ɛdɜn	ɛdɚn	compound	edi|r|ne	0.3333333333333333	0.75	0.75	ɛdɚn	ɛdɝn	0.75	0.75
Edkins	ɛdkɪnz	ɛdkɪnz	ɛdkɪnz	ɛdkənz	compound	ed|kins	0.0	0.0	0.16666666666666666	ɛdkɪnz	ɛdkɪnz	0.0	0.0
Edmundston	ɛdməndstən	ɛdməndztən	ɛdmʌndstən	ɪdmʌndstən	compound	edmunds|ton	0.1	0.1	0.2	ɛdməndstən	ɛdməndstən	0.0	0.0
Eilish	eɪlɪʃ	eɪlɪʃ	aɪlɪʃ	aɪlɪʃ	compound	ei|lish	0.0	0.2	0.2	ilɪʃ	aɪlɪʃ	0.5	0.2
Elagabalus	ɛləɡæbələs	ɛləɡɑbəlus	ᵻlæɡəbæləs	ɛlæɡəbələs	compound	ela|gaba|lu|s	0.2	0.4	0.2	ɛləɡəbæləs	ɛləɡæbələs	0.2	0.0
Elara	ɛləɹə	ɛləɹɑ	ᵻlɑɹɹə	ɛlɑɹə	compound	ela|ra	0.2	0.5	0.2	ɛləɹə	ɛlɑɹə	0.0	0.2
Elarian	ɛlɛəɹiən	ɛləɹiən	ᵻlɛɹiən	ɛlɑɹiən	compound	ela|rian	0.14285714285714285	0.2857142857142857	0.2857142857142857	ɪlɛɹiən	ɪlɛɹiən	0.2857142857142857	0.2857142857142857
Elbląg	ɛlblɔŋk	ɛlblɔŋk	ɛlblæɡ	ɛlbəlɡ	compound	[]	0.0	0.5	0.6666666666666666	ɛlbəŋ	ɛlblɔŋɡ	0.6	0.14285714285714285
Electrian	ɪlɛktɹiən	ɪlɛktɹiən	ᵻlɛktɹiən	ɛlɛktɹiən	compound	elect|rian	0.0	0.1111111111111111	0.1111111111111111	ɪlɛktɹiən	ɪlɛktɹiən	0.0	0.0
Elginism	ɛlɡɪnɪzəm	ɛldʒɪnɪzəm	ɛldʒɪnɪzəm	ɛldʒɪnɪzəm	compound	elgin|ism	0.2	0.2	0.2	ɛld͡ʒɪnɪzəm	ɛldʒənɪzəm	0.2727272727272727	0.3
Elginist	ɛlɡɪnɪst	ɛldʒɪnɪst	ɛldʒɪnɪst	ɛldʒɪnɪst	compound	elgin|ist	0.2222222222222222	0.2222222222222222	0.2222222222222222	ɛld͡ʒɪnɪst	ɛldʒənɪst	0.3	0.3333333333333333
Elmsdale	ɛlmzdeɪl	ɛlmzdeɪl	ɛlmsdeɪl	ɛlmzdəl	compound	elms|dale	0.0	0.125	0.2857142857142857	ɛlmzdeɪl	ɛlmzdeɪl	0.0	0.0
Elo	ɛloʊ	ɛləʊ	ᵻləʊ	iləʊ	compound	el|o	0.0	0.25	0.25	ɛləʊ	ɛləʊ	0.0	0.0
Eloi	iːlɔɪ	ɛlɔɪ	ᵻlɔɪ	ɛlɔɪ	compound	el|oi	0.25	0.25	0.25	ɛləʊi	ɛlɔɪ	0.8	0.25
Eloïse	ɛləʊiːz	ɛləʊiz	ᵻlɑis	iləʊs	compound	[]	0.0	0.8	0.6	ɛləʊiz	ɛləʊiz	0.0	0.0
Elu	hɛluː	ɛlə	ᵻlu	ɪlu	compound	el|u	0.6666666666666666	0.6666666666666666	0.6666666666666666	ɪlu	ɛlu	0.6666666666666666	0.3333333333333333
Elyssa	əlɪsə	ilɪsə	ɛlɪsə	ɛlɪsə	compound	e|lyssa	0.2	0.2	0.2	ɪlɪsə	ɪlɪsə	0.2	0.2
Eme	ɛmeɪ	əmi	ɪmɛ	ɪm	compound	em|e	1.0	1.0	1.5	əm	im	1.5	1.5
Emon	iːmɒn	iməʊn	ɪmɑn	ɪmən	compound	emo|n	0.4	0.5	0.5	ɪmɒn	imən	0.25	0.25
Emsworth	ɛmzwəɹθ	ɛmzwɜθ	ɛmswɜθ	ɛmzwɚθ	compound	ems|worth	0.3333333333333333	0.5	0.3333333333333333	ɛmzwɚθ	ɛmzwɝθ	0.3333333333333333	0.3333333333333333
Engerland	ɪŋɡəlænd	ɛŋɡɝlænd	ɛndʒɜlənd	ɪŋɡɚlənd	compound	enger|land	0.25	0.6666666666666666	0.25	ɛŋɡəɹlənd	ɛŋɡɝlənd	0.3333333333333333	0.375
Englee	ɛnɡəliː	ɛŋɡəli	ɪŋɡli	ɪŋɡli	compound	engle|e	0.16666666666666666	0.6	0.6	ɪŋɡəl	ɛŋɡli	0.6	0.4
Enkidu	ɛnkɪdu	ɛnkɪdə	ɛŋkɪdu	ɛŋkɪdʒu	compound	en|kid|u	0.16666666666666666	0.16666666666666666	0.2857142857142857	ɛnkɪdu	ɛŋkɪdu	0.0	0.16666666666666666
Enniskillen	ɛnɪskɪlən	ɛnɪskɪlən	ɛnɪskɪlən	ɛnɪskɪlən	compound	ennis|killen	0.0	0.0	0.0	ɛnɪskɪlən	ɛnɪskɪlən	0.0	0.0
Enumclaw	inʌmklɔ	inʌmklɔ	ɪnʌmklɔ	ɪnʌməlɔ	compound	enum|claw	0.0	0.14285714285714285	0.2857142857142857	ɪnʌmklɔ	ɛnəmklɔ	0.14285714285714285	0.2857142857142857
Enzedder	ɛnzɛdɚ	ɛnzɛdɚ	ɛnzdɚ	ɛnzdɚ	compound	enz|edder	0.0	0.2	0.2	ɛnzɛdɚ	ɪnzɛdɝ	0.0	0.3333333333333333
Ephraimite	ifɹəmaɪt	ifɹəmaɪt	ɛfɹeɪmaɪt	ɛfɹeɪmɪt	compound	ephraim|ite	0.0	0.3333333333333333	0.5	ɛfɹeɪmaɪt	ifɹəmaɪt	0.3333333333333333	0.0
Epiphanes	ɛpɪfəniːz	ɛpɪfeɪns	ɛpɪfeɪnz	ɛpɪfənz	compound	epi|phane|s	0.5	0.375	0.14285714285714285	ɪpɪfeɪnz	ɛpəfeɪnz	0.5	0.5
Eratosthenian	ɛɹətəsθiːniən	ɛɹəɾəʊsθiniən	ɪɹæɾəsθiniən	ɚɑtɑsθiniən	compound	erato|sthenia|n	0.15384615384615385	0.25	0.36363636363636365	ɛɹəɾəsθiniən	ɪɹətəsθiniən	0.08333333333333333	0.08333333333333333
Erdenet	ɜːɹdɪnɛt	ɜɹdɛnɛt	ɜdənɛt	ɚdɪnɪt	compound	erd|en|et	0.14285714285714285	0.3333333333333333	0.5	ɜɹdənɛt	ɝdənɛt	0.14285714285714285	0.5
Erewash	ɛɹəwɒʃ	eəwɒʃ	ɪrwɑʃ	ɛɹwɔʃ	compound	ere|wash	0.4	0.8	0.4	ɪɹuɒʃ	ɛɹwɑʃ	0.6	0.4
Erice	ɛəɹɪtʃeɪ	ɛɹɪki	ɛɹɪs	ɛɹaɪs	compound	eric|e	1.0	1.25	1.2	ɛɹɪs	ɛɹɪs	1.25	1.25
Esholt	ɛʃəʊlt	ɛʃəʊlt	ɛʃəʊlt	ɛʃəʊlt	compound	esh|olt	0.0	0.0	0.0	ɛʃɒlt	ɛʃəʊlt	0.4	0.0
Etan	eɪtɑːn	eɪɾən	ɛtən	ɪtən	compound	eta|n	0.4	0.75	0.5	eɪtæn	itən	0.2	0.75
Eudaimonia	juːdɪməʊnɪə	ijudaɪməʊniə	judeɪməʊniə	judeɪməniə	compound	eu|daimon|ia	0.25	0.18181818181818182	0.3	judaɪməʊnɪə	judəməʊniə	0.09090909090909091	0.2
Euhemerus	juːhiːməɹəs	ijuhimɹəs	juhɪmɚɹəs	juɪmɚəs	compound	eu|heme|rus	0.2222222222222222	0.2222222222222222	0.5714285714285714	juhiməɹəs	juhɛmɝəs	0.0	0.375
Eupithecia	jupɪθɛkiə	juaɪθɛkiə	jupɪθiʃə	jupɪθitʃiə	compound	eup|ith|ec|ia	0.1111111111111111	0.375	0.3	jupɪθiʃə	jupɪθiʃə	0.375	0.375
Euryale	jʊɹaɪəli	juɹieɪl	juɹɪeɪl	ɚiəl	compound	eury|ale	0.7142857142857143	0.7142857142857143	1.5	jʊɹiəl	juɹiɑli	0.5	0.5714285714285714
Evangelina	ɪvændʒəliːnə	ivændʒəlinə	ɪvændʒɪlinə	ɪvændʒəlinə	compound	evangel|ina	0.09090909090909091	0.09090909090909091	0.0	ɪvænd͡ʒɪlɪnə	ɛvɑndʒəlinə	0.25	0.18181818181818182
Evanton	ɛvəntən	ɛvəntən	ɪvæntən	ɪvæntən	compound	evan|ton	0.0	0.2857142857142857	0.2857142857142857	ɪvəntən	ɛvəntən	0.14285714285714285	0.0
Evie	ɛviː	ɛvi	ɛvi	ɛvi	compound	ev|ie	0.0	0.0	0.0	ɛvi	ivi	0.0	0.3333333333333333
Exe	ɛks	ɛksi	iɛksi	ɪɡz	compound	ex|e	0.25	0.4	1.0	ɛksi	ɛks	0.25	0.0
Exmouth	ɛksməθ	ɛksməθ	ɛksməθ	ɛksməθ	compound	ex|mouth	0.0	0.0	0.0	ɛksməθ	ɛksməθ	0.0	0.0
ExoMars	ɛksoʊmɑːɹz	ɛksəʊmɑɹs	ɛɡzəʊmɑɹz	ɛksəmɚz	compound	ex|omar|s	0.1111111111111111	0.2222222222222222	0.42857142857142855	ɛɡzəmɑɹz	ɛksəʊmɑɹz	0.375	0.0
Eyemouth	aɪməθ	aɪməθ	aɪməθ	iməθ	compound	eye|mouth	0.0	0.0	0.5	aɪməθ	aɪməθ	0.0	0.0
Eyetie	aɪtaɪ	aɪtaɪ	aɪɾi	iɛti	compound	eye|tie	0.0	0.75	1.0	aɪti	aɪəti	0.5	0.6
Fabergé	fæbəɹʒeɪ	fæbəɹʒeɪ	fæbɚɡeɪ	feɪbɚɡ	compound	[]	0.0	0.42857142857142855	1.1666666666666667	fɑbəɹʒeɪ	feɪbɝʒeɪ	0.125	0.5
Fafnir	fɑːfnɪɚ	fɑfnɪɹ	fæfnɪɹ	fæfnɚ	compound	fa|f|nir	0.16666666666666666	0.3333333333333333	0.4	fæfnɪɹ	fæfnɝ	0.3333333333333333	0.6
Fakestine	feɪkəstaɪn	feɪkstaɪn	feɪkstin	feɪkstɪn	compound	fakes|tine	0.1111111111111111	0.375	0.25	feɪkstaɪn	feɪkstaɪn	0.1111111111111111	0.1111111111111111
Fakestinian	feɪkəstɪniən	feɪkstɪniən	feɪkstɪniən	feɪkstɪniən	compound	fakes|tin|ian	0.09090909090909091	0.09090909090909091	0.09090909090909091	fəkɛstɪniən	feɪkstɪniən	0.2727272727272727	0.09090909090909091
Fareham	fɛəɹəm	feəhæm	fɛɹhæm	fɑɹhəm	compound	fare|ham	0.5	0.5	0.5	fɛəɹəm	fɛɹhæm	0.0	0.5
Featherstonehaugh	fɪəɹstənhɔː	fɛðɝstəʊnhɔ	fɛðɚstəʊnhɔ	fɛðɚstəʊnhɔ	compound	featherstone|haugh	0.36363636363636365	0.36363636363636365	0.36363636363636365	fɛðɚstəʊnhɔ	fɛðɝstəʊnhə	0.36363636363636365	0.45454545454545453
Fermoy	fəɹmɔɪ	fɝmɔɪ	fɜmɔɪ	fɚmɔɪ	compound	ferm|oy	0.4	0.4	0.4	fɚməʊj	fɝmɔɪ	0.8333333333333334	0.4
Ferryland	fɛɹilænd	fɛɹilænd	fɛɹɪlænd	fɛɹilænd	compound	ferry|land	0.0	0.125	0.0	fɛɹɪlænd	fɛɹilænd	0.125	0.0
Fidelma	fɪdɛlmə	fɪdɛlmɑ	fᵻdɛlmə	faɪdəlmə	compound	fidel|ma	0.14285714285714285	0.14285714285714285	0.25	fɪdɛlmə	fɪdɛlmə	0.0	0.0
Filipowski	fɪlɪpaʊski	fɪlɪpəʊski	fɪlɪpəski	fɪlɪpɔfski	compound	filip|ow|ski	0.1	0.0	0.2	fɪlɪpɔfski	fɪlɪpɔfski	0.2	0.2
Firhill	fɪɹhɪl	fɜhɪl	fɜhɪl	fɚhɪl	compound	fir|hill	0.4	0.4	0.4	fɜɹhɪl	fɝhɪl	0.16666666666666666	0.4
Flatrock	flætɹɒk	flætɹɒk	flætɹɑk	flætɹɑk	compound	flat|rock	0.0	0.14285714285714285	0.14285714285714285	flætɹɒk	flætɹək	0.0	0.14285714285714285
Flitwick	flɪtɪk	flɪtwɪk	flɪtwɪk	flɪtwɪk	compound	flit|wick	0.14285714285714285	0.14285714285714285	0.14285714285714285	flɪtwɪk	flɪtwɪk	0.14285714285714285	0.14285714285714285
Folkestone	foʊkstən	fəʊkstəʊn	fəʊkstəʊn	fɑlkɛstəʊn	compound	folkes|tone	0.1111111111111111	0.1111111111111111	0.4	fəʊkstəʊn	fəʊkstəʊn	0.1111111111111111	0.1111111111111111
Fongshan	fɔŋʃɑn	fɔŋʃæn	fɑŋʃən	fɔŋʃən	compound	fong|shan	0.16666666666666666	0.3333333333333333	0.16666666666666666	fɔŋʃən	fɔŋʃən	0.16666666666666666	0.16666666666666666
Fordingbridge	fɔːɹdɪŋbɹɪdʒ	fɔdɪŋbɹɪdʒ	fɔɹdɪŋbɹɪdʒ	fɔɹdɪŋbɹɪdʒ	compound	fording|bridge	0.1	0.0	0.0	fɔɹdɪŋbɹɪd͡ʒ	fɔɹdɪŋbɹɪdʒ	0.08333333333333333	0.0
Forteau	fɔɹtoʊ	fɔɹtəʊ	fɔɹɾəʊ	fɔɹti	compound	forte|au	0.0	0.16666666666666666	0.4	fɔɹtəʊ	fɔɹtəʊ	0.0	0.0
FrankenSAM	fɹaŋkənsam	fɹæŋkənsæm	fɹæŋkənɛseɪɛm	fɹæŋkənsəm	compound	franken|sam	0.2	0.38461538461538464	0.2	fɹæŋkənsəm	fɹæŋkənsaɪm	0.2	0.18181818181818182
Frecklington	fɹɛklɪŋtən	fɹɛklɪŋtən	fɹɛklɪŋtən	fɹɛklɪŋtən	compound	freckling|ton	0.0	0.0	0.0	fɹɛklɪŋtən	fɹɛklɪŋtən	0.0	0.0
Frederician	fɹɛdəɹɪsiən	fɹɛdɹɪkiən	fɹɛdɚɹɪʃən	fɹɛdɚɪʃən	compound	frederic|ian	0.2	0.3	0.4444444444444444	fɹɛdɚɪkən	fɹɛdɝɪʃən	0.4444444444444444	0.4444444444444444
Fregean	fɹeɪɡiən	fɹɛɡiən	fɹɛdʒiən	fɹidʒən	compound	f|reg|ean	0.2857142857142857	0.375	0.5714285714285714	fɹɪd͡ʒiən	fɹɛdʒən	0.4444444444444444	0.5714285714285714
Froehle	fɹeɪli	fɹəʊɛl	fɹəʊhəl	fɹəʊhəl	compound	fro|ehle	0.6666666666666666	0.7142857142857143	0.7142857142857143	fɹəʊəl	fɹəʊl	0.6666666666666666	0.6
Froude	fɹuːd	fɹəʊud	fɹəd	fɹəd	compound	fro|ude	0.3333333333333333	0.25	0.25	fɹəd	fɹəd	0.25	0.25
Fu'an	fuɑn	fuən	fʌən	fuən	compound	fua|n	0.25	0.5	0.25	fuɑn	fuən	0.0	0.25
Fuegian	fjueɪɡiən	fuɛɡiən	fjudʒən	fuɡiən	compound	fu|egi|an	0.42857142857142855	0.5714285714285714	0.5	fjʊd͡ʒiən	fueɪdʒiən	0.4444444444444444	0.3333333333333333
Fukang	fuːkæŋ	fukæŋ	fjukæŋ	fjukæŋ	compound	fu|kang	0.0	0.16666666666666666	0.16666666666666666	fukæŋ	fukæŋ	0.0	0.0
Fuxing	fuʃɪŋ	fuʃɪng	fʌksɪŋ	fjuksɪŋ	compound	fuxin|g	0.3333333333333333	0.5	0.42857142857142855	fʊʃɪŋ	fəksɪŋ	0.2	0.5
Gadianton	ɡædiæntən	gædiæntɔn	ɡeɪdiəntən	ɡeɪdiəntən	compound	gadi|anton	0.2222222222222222	0.3	0.3	ɡədaɪəntɒn	ɡeɪdiæntən	0.5	0.2
Galatean	ɡælətiːən	ɡæleɪtiən	ɡæleɪtiən	ɡæleɪʃən	compound	galatea|n	0.2222222222222222	0.2222222222222222	0.375	ɡəleɪ.ʃən	ɡælətiən	0.5555555555555556	0.0
Gambell	ɡæmbəl	ɡæmbɛl	ɡæmbɛl	ɡæmbɛl	compound	gamb|ell	0.16666666666666666	0.16666666666666666	0.16666666666666666	ɡæmbɛl	ɡæmbəl	0.16666666666666666	0.0
Gandino	ɡandiːnəʊ	ɡændinəʊ	ɡændinəʊ	ɡændɪnəʊ	compound	gan|dino	0.125	0.125	0.25	gɑndinəʊ	ɡɑndinəʊ	0.25	0.125
Ganymedean	ɡænəmiːdiən	ɡænəmidən	ɡænaɪmdiən	ɡænjmidən	compound	ganymede|an	0.1111111111111111	0.3	0.2222222222222222	ɡənɪmidiən	ɡænəmidiən	0.2	0.0
Ganymedian	ɡænəmiːdiən	ɡænjmidiən	ɡænaɪmidiən	ɡænjmdiən	compound	gan|y|median	0.1	0.18181818181818182	0.2222222222222222	ɡænɪmidiən	ɡænəmidiən	0.1	0.0
Garstang	ɡɑːɹstəŋ	ɡɑɹstæŋ	ɡɑɹstæŋ	ɡɑɹstæŋ	compound	garst|ang	0.14285714285714285	0.14285714285714285	0.14285714285714285	ɡɑɹstæŋ	ɡɑɹstæŋ	0.14285714285714285	0.14285714285714285
Gaultois	ɡɒltəs	ɡɔltɔɪs	ɡɔltwɑ	ɡɔltɔɪz	compound	gault|oi|s	0.42857142857142855	0.5	0.5714285714285714	ɡɔltwɑ	ɡɔltwəs	0.5	0.2857142857142857
Gauxholme	ɡaʊksəm	ɡəʊkshəʊlm	ɡɔkshəʊm	ɡɔhhəʊlm	compound	gau|x|holme	0.4	0.375	0.625	ɡɔhɒlm	ɡəkshəʊlm	0.6666666666666666	0.3333333333333333
Gazaean	ɡɑːziən	ɡɑzəiən	ɡæziən	ɡeɪzəən	compound	gaza|ean	0.14285714285714285	0.16666666666666666	0.42857142857142855	ɡəziən	ɡəziən	0.16666666666666666	0.16666666666666666
Generica	dʒənɛɹɪkə	dʒənɛɹɪkə	dʒənɛɹɪkə	dʒɛnɚɪkə	compound	generic|a	0.0	0.0	0.375	dʒənɛɹɪkə	dʒɛnɝikə	0.0	0.5
Ghey	dʒaɪ	aɪu	ɡeɪ	ɡi	compound	gh|ey	1.0	1.0	2.0	d͡ʒeɪ	ɡeɪ	0.4	1.0
Gigeresque	ɡiɡəɹɛsk	ɡaɪɡɝɛsk	dʒaɪdʒɹɛsk	dʒɪdʒɚsk	compound	giger|esque	0.5	0.6	0.75	d͡ʒaɪɡɚɛsk	ɡɪdʒɝɛsk	0.7	0.5
Ginnan	ɡənɑn	dʒɪnən	dʒɪnən	dʒɪnən	compound	ginn|an	0.6666666666666666	0.6666666666666666	0.6666666666666666	dʒɪnən	ɡɪnən	0.6666666666666666	0.4
Glencoe	ɡlɛnkəʊ	ɡlɛnkəʊ	ɡlɛŋkəʊ	ɡlɛŋkəʊ	compound	glen|coe	0.0	0.14285714285714285	0.14285714285714285	ɡlɛnkəʊ	ɡlɛnkəʊ	0.0	0.0
Glenealy	ɡlɛniːli	ɡlɛnili	ɡlɛniəli	ɡlinəli	compound	glen|ealy	0.0	0.125	0.2857142857142857	ɡlɛnili	ɡlinili	0.0	0.14285714285714285
Godalming	ɡɒdəlmɪŋ	ɡəʊdəlmɪŋ	ɡəʊdælmɪŋ	ɡəʊdəlmɪŋ	compound	goda|l|ming	0.2222222222222222	0.3333333333333333	0.2222222222222222	ɡədælmɪŋ	ɡəʊdəlmɪŋ	0.25	0.2222222222222222
Gong'an	ɡɔŋɑn	ɡɒŋən	ɡɔŋən	ɡɑŋzən	compound	gong|an	0.4	0.2	0.5	ɡɔŋɡən	ɡɑŋən	0.3333333333333333	0.4
Gorgias	ɡɔɹdʒiəs	ɡɔɹdʒiəs	ɡoɹdʒəz	ɡɔɹɡiəz	compound	gorg|ia|s	0.0	0.42857142857142855	0.42857142857142855	ɡɔɹd͡ʒiəs	ɡɔɹdʒəz	0.1111111111111111	0.2857142857142857
Gosewehr	ɡoʊzwɛɚ	ɡəʊzwɛɹ	ɡəʊsweɪɚ	ɡəʊswɛɹ	compound	gose|wehr	0.14285714285714285	0.375	0.2857142857142857	ɡəʊswɛɹ	ɡəʊzwɛɹ	0.2857142857142857	0.14285714285714285
Gourock	ɡʊəɹək	ɡəʊəɹɒk	ɡɜɹɑk	ɡɔɹɑk	compound	go|u|rock	0.2857142857142857	0.6	0.6	ɡəɹək	ɡʊɹək	0.2	0.2
Gravesend	ɡɹeɪvzɛnd	ɡɹeɪvzɛnd	ɡɹeɪvsɛnd	ɡɹeɪvsənd	compound	graves|end	0.0	0.1111111111111111	0.2222222222222222	ɡɹeɪvzɛnd	ɡɹeɪvzɛnd	0.0	0.0
Greeklish	ɡɹiːklɪʃ	ɡɹiklɪʃ	ɡɹiklɪʃ	ɡɹiklɪʃ	compound	greek|lish	0.0	0.0	0.0	ɡɹiklɪʃ	ɡɹiklɪʃ	0.0	0.0
Greenspond	ɡɹiːnzpɒnd	ɡɹinspɑnd	ɡɹinspɑnd	ɡɹinspɑnd	compound	greenspon|d	0.2222222222222222	0.2222222222222222	0.2222222222222222	ɡɹinspɒnd	ɡɹinspɑnd	0.1111111111111111	0.2222222222222222
Grenville	ɡɹɛnvɪl	ɡɹɛnvɪl	ɡɹɛnvɪl	ɡɹɛnvɪl	compound	gren|ville	0.0	0.0	0.0	ɡɹɛnvɪl	ɡɹɛnvɪl	0.0	0.0
Greymouth	ɡɹeɪməθ	ɡɹeɪməθ	ɡɹeɪməθ	ɡɹiməθ	compound	grey|mouth	0.0	0.0	0.3333333333333333	ɡɹeɪməθ	ɡɹeɪməθ	0.0	0.0
Guaraní	ɡwɑːɹəniː	ɡwɑɹəni	ɡæɹɑni	ɡwɑɹən	compound	guara|ní	0.0	0.5	0.16666666666666666	ɡwɑɹəni	ɡwɑɹəni	0.0	0.0
Guildford	ɡɪlfəd	ɡɪldfɔd	ɡɪldfɚd	ɡwɪldfɚd	compound	guild|ford	0.2857142857142857	0.2857142857142857	0.375	ɡɪldfɔɹd	ɡɪldfɝd	0.375	0.2857142857142857
Gwent	ɡwɛnt	ɡwɛnt	ɡwɛnt	ɡwɛnt	compound	gwen|t	0.0	0.0	0.0	ɡwɛnt	ɡwɛnt	0.0	0.0
Gyton	ɡaɪtən	ɡatən	dʒaɪtən	dʒaɪtən	compound	gy|ton	0.2	0.2857142857142857	0.2857142857142857	d͡ʒaɪtən	dʒaɪtən	0.375	0.2857142857142857
Gülenist	ɡjulənɪst	ɡjulənɪst	ɡulənɪst	ɡlinɪst	compound	[]	0.0	0.125	0.42857142857142855	ɡulənɪst	ɡjulənɪst	0.125	0.0
Haftarah	həftɑːɹɑː	hæftəɹɑ	hæftæɹə	hæftɚɑ	compound	hafta|rah	0.2857142857142857	0.42857142857142855	0.5	hæftɑɹə	hæftɑɹə	0.2857142857142857	0.2857142857142857
Hai'an	haɪɑn	haɪən	heɪən	heɪən	compound	hai|an	0.2	0.4	0.4	haɪɑn	haɪən	0.0	0.2
Halewood	heɪlwʊd	heɪlwʊd	heɪlwʊd	hælwʊd	compound	hale|wood	0.0	0.0	0.3333333333333333	heɪlwʊd	heɪlwʊd	0.0	0.0
Hallatrow	hælətɹəʊ	hælətɹəʊ	hælətɹəʊ	hælətɹəʊ	compound	halla|trow	0.0	0.0	0.0	hælətrəʊ	hælətɹəʊ	0.125	0.0
Hamazaki	hɑməzɑki	hɑməzɑki	həmeɪzæki	hæmɑzɑki	compound	hama|zaki	0.0	0.4444444444444444	0.25	hɑmɑzɑki	hɑmɑzɑki	0.125	0.125
Hania	hɑniə	hæniə	heɪniə	hæniə	compound	hani|a	0.2	0.3333333333333333	0.2	hɑnjə	heɪniə	0.2	0.3333333333333333
Hanoian	hənɔɪən	hænɔɪən	hænɔɪən	hænɔɪən	compound	hanoi|an	0.14285714285714285	0.14285714285714285	0.14285714285714285	hənɔɪən	hənɔɪən	0.0	0.0
Hanzi	hændzi	hænzi	hænzi	hænzi	compound	han|zi	0.2	0.2	0.2	hɒnzi	hænzi	0.4	0.2
Harlescott	hɑːɹlskɒt	hɑɹəlskɑt	hɑɹlɪskɑt	hɑɹləskɑt	compound	harle|scott	0.2222222222222222	0.2222222222222222	0.2222222222222222	hɑɹəlskɒt	hɑɹləskɑt	0.1111111111111111	0.2222222222222222
Harwich	hæɹɪtʃ	hɑɹwɪtʃ	hæɹɪdʒ	hɑɹwɪtʃ	compound	har|wich	0.2857142857142857	0.3333333333333333	0.2857142857142857	hɑɹwɪt͡ʃ	hɑɹwɪtʃ	0.375	0.2857142857142857
Hasdrubal	hæzdɹʊbəl	hæzdɹəbæl	hæsdɹubəl	hæsdɹəbəl	compound	has|drub|al	0.2222222222222222	0.2222222222222222	0.2222222222222222	həsdɹubəl	hæzdɹubəl	0.3333333333333333	0.1111111111111111
Hawick	hɔɪk	hɔɪk	hæwɪk	həɪk	compound	haw|ick	0.0	0.4	0.25	hɔɪk	hɔɪk	0.0	0.0
Hazelbrook	heɪzəlbɹʊk	heɪzəlbɹʊk	heɪzɪlbɹʊk	hæzəlbɹʊk	compound	hazel|brook	0.0	0.1	0.2222222222222222	heɪzbɹʊk	hæzəlbɹʊk	0.25	0.2222222222222222
Hebbville	hɛbvɪl	hɛbvɪl	hɛbvɪl	hɛbvɪl	compound	hebb|ville	0.0	0.0	0.0	hɛbvɪl	hɛbvɪl	0.0	0.0
Hebean	hiːbiːən	hibən	hɛbin	heɪbən	compound	hebe|an	0.2	0.4	0.5	hibin	hɪbin	0.2	0.4
Hebraean	hiːbɹiːən	hibɹiən	hɛbɹiən	hɛbɹeɪən	compound	he|brae|an	0.0	0.14285714285714285	0.375	hibɹiən	hɛbɹiən	0.0	0.14285714285714285
Heighington	haɪɪŋtən	haɪɪŋtən	heɪɪŋtən	haɪɪŋtən	compound	heigh|ing|ton	0.0	0.125	0.0	heɪɪŋtən	haɪɪŋtən	0.125	0.0
Hektorian	hɛktɔːɹiən	hiktɔɹiən	hɛktoɹiən	hɛktɚiən	compound	he|k|torian	0.1111111111111111	0.1111111111111111	0.25	hɛktoɹ.i.ən	hɛktɔɹiən	0.2727272727272727	0.0
Heloise	hɛləʊiːz	hɛləʊaɪz	hɛlɔɪs	hɛlɔɪs	compound	helo|ise	0.25	0.6666666666666666	0.6666666666666666	hɛlɔɪz	hɛlwəs	0.5	0.6666666666666666
Helvétius	hɛlviʃəs	hɛlviʃəs	hɛlveɪɾɪəs	hɛlvtiəs	compound	[]	0.0	0.4	0.25	hɛlvɛʃəs	hɛlveɪʃəs	0.125	0.2222222222222222
Heyting	heɪtɪŋ	heɪtɪŋ	heɪɾɪŋ	haɪtɪŋ	compound	hey|ting	0.0	0.16666666666666666	0.16666666666666666	heɪɾɪŋ	heɪtɪŋ	0.16666666666666666	0.0
Himyaritic	hɪmjəɹɪtɪk	hɪmjɑɹɪtɪk	hɪmjɑɹɹɪɾɪk	hɪmiɑɹɪtɪk	compound	him|yar|itic	0.1	0.2727272727272727	0.2	hɪmɪɹɪtɪk	hɪmjɝɪtɪk	0.2222222222222222	0.2222222222222222
Hirono	hɪɹoʊnoʊ	hɪɹəʊnəʊ	haɪɚnəʊ	hɪɹənəʊ	compound	hiro|no	0.0	0.5714285714285714	0.14285714285714285	hɪɹəʊnəʊ	hɪɹəʊnəʊ	0.0	0.0
Hiʻiaka	hɪiːjəkə	hɪijəkə	eɪtʃaɪlɛɾɚtubibiaɪəkeɪə	haɪiəkə	compound	[]	0.0	0.782608695652174	0.2857142857142857	haɪiəkə	hiɑkə	0.2857142857142857	0.6
Hlyboke	hlɪbɔːkeɪ	hlɪbəʊk	eɪtʃlaɪbəʊk	lɪbəʊk	compound	h|ly|boke	0.5714285714285714	0.8181818181818182	0.8333333333333334	laɪbəʊk	hlaɪbəʊk	0.8571428571428571	0.625
Ho'oleilana	həʊəʊleɪlɑːnə	hulɪlɑnə	hɑəʊlɪlɑnə	həʊəʊlilənə	compound	hoole|ilana	0.625	0.3	0.2727272727272727	hɒləlɒnə	həʊəʊleɪlɑnə	0.875	0.0
Hokshan	hɒkʃɑːn	hɔkʃæn	hɑkʃən	hɑkʃən	compound	hok|shan	0.3333333333333333	0.3333333333333333	0.3333333333333333	hɒkʃən	hɑkʃən	0.16666666666666666	0.3333333333333333
Holker	hoʊlkɚ	həʊlkɝ	hɑlkɚ	hɑlkɚ	compound	ho|l|ker	0.16666666666666666	0.4	0.4	həʊlkəɹ	həʊlkɝ	0.2857142857142857	0.16666666666666666
Holodomor	hɒlədəmɔːɹ	hɑləʊdɑmɔ	hɑlədɑmɚ	həʊlɑdəmɚ	compound	holo|dom|or	0.4444444444444444	0.5	0.5555555555555556	hɒlədɒmɔɹ	hɑlədəmɝ	0.1111111111111111	0.375
Hongtong	hɒŋtɒŋ	hɒŋtɒŋ	hɑŋtɑŋ	hɔŋtɔŋ	compound	hong|tong	0.0	0.3333333333333333	0.3333333333333333	hɔŋtɔŋ	hɔŋtɔŋ	0.3333333333333333	0.3333333333333333
Hongze	hɒŋzə	hɒŋzi	hɑŋz	hɔŋɡz	compound	hong|ze	0.2	0.5	0.6	hɔŋzi	hɔŋz	0.4	0.5
Honington	hɒnɪŋtən	həʊnɪŋtən	həʊnɪŋtən	həʊnɪŋtən	compound	honing|ton	0.2222222222222222	0.2222222222222222	0.2222222222222222	hənɪŋtən	hɑnɪŋtən	0.125	0.125
Hopsford	hɒpsfəɹd	hɒpsfɔd	hɑpsfɚd	hɑpsfɚd	compound	hops|ford	0.2857142857142857	0.42857142857142855	0.42857142857142855	hɒpsfəd	hɑpsfɝd	0.14285714285714285	0.42857142857142855
Hsinpei	ʃɪnbeɪ	hsɪnpeɪ	eɪtʃsɪnpeɪ	hsɪnpi	compound	h|sin|pei	0.42857142857142855	0.5	0.8333333333333334	sɪnpeɪ	sɪnpaɪ	0.3333333333333333	0.5
Huai'an	hwaɪɑn	huəiən	hjueɪən	hjueɪən	compound	hua|ian	0.6666666666666666	0.5714285714285714	0.5714285714285714	hwaɪɑn	hwaɪən	0.0	0.16666666666666666
Huawei	hwɑːweɪ	huəweɪ	hjuəweɪ	hwəʊi	compound	hua|wei	0.3333333333333333	0.42857142857142855	0.8	huweɪ	hwɑwaɪ	0.4	0.16666666666666666
Hufflepuff	hʌfəlpʌf	hʌfəlpʌf	hʌfəlpʌf	hʌfəlpəf	compound	huffle|puff	0.0	0.0	0.125	hʌfəlpʌf	həfəlpəf	0.0	0.25
Hughesian	hjuziɪn	hjuziən	hjuiʒən	hʌɡɛʃən	compound	hughes|ian	0.14285714285714285	0.42857142857142855	0.7142857142857143	hjuʒiziən	hjuɡiʒən	0.3333333333333333	0.375
Hui'an	hweɪɑn	hujən	hjuɪən	hwiən	compound	huia|n	0.8	0.5	0.6	hweɪɑn	huiən	0.0	0.8
Hundersfield	hɒnəɹzfiːld	hʌndəɹsfild	hʌndɚsfild	hʌndɚsfild	compound	hunder|s|field	0.2727272727272727	0.4	0.4	hʌndɚsfild	həndɝsfild	0.4	0.4
Hunei	huneɪ	hʌneɪ	hʌneɪ	hjuni	compound	hun|ei	0.2	0.2	0.6	hʌnaɪ	hjunaɪ	0.4	0.3333333333333333
Hunslet	hʌnzlət	hʌnzlɛt	hʌnslɪt	hʌnsəlt	compound	huns|let	0.14285714285714285	0.2857142857142857	0.42857142857142855	hʌnslɪt	hənslət	0.2857142857142857	0.2857142857142857
Hurghada	həɹɡɑːdə	hɝɡɑdə	hɜɡɑdə	hɚɡədə	compound	hur|ghada	0.3333333333333333	0.3333333333333333	0.5	hɝɡɑdə	hɝɡhɑdə	0.3333333333333333	0.42857142857142855
Hœnir	heɪnɪɹ	heɪnɪɹ	həʊnɪɹ	hnɚ	compound	[]	0.0	0.3333333333333333	1.3333333333333333	hɛnɪɹ	hɛnɪɹ	0.4	0.4
I'd've	aɪdəv	aɪdvi	aɪdəv	aɪɪdɪv	compound	id|ve	0.4	0.0	0.3333333333333333	aɪdɪv	aɪdəv	0.2	0.0
I'dn't've	aɪdəntəv	aɪdntvi	aɪdəntəv	aɪdnɪtɪv	compound	id|nt|ve	0.42857142857142855	0.0	0.375	ɪdəntəv	aɪdəntəv	0.14285714285714285	0.0
Iga	iːɡə	ɪɡə	ɪɡə	ɪɡə	compound	ig|a	0.3333333333333333	0.3333333333333333	0.3333333333333333	ɪɡə	iɡə	0.3333333333333333	0.0
Inagua	ɪnɑɡwə	ɪnɑɡwə	ɪnɑɡwə	ɪnæɡə	compound	in|agua	0.0	0.0	0.4	ɪnəɡwə	ɪnɑɡwə	0.16666666666666666	0.0
Inchbonnie	ɪntʃbɒni	ɪntʃbɒni	ɪntʃbɑni	ɪntʃbɑni	compound	inch|bonnie	0.0	0.125	0.125	ɪnt͡ʃbʌni	ɪntʃbɑni	0.2222222222222222	0.125
Indochinamon	ɪndoʊtʃaɪnəmɑn	ɪndəʊtʃaɪnəmɑn	ɪndɑtʃaɪnəmən	ɪndəʊkɪnəmən	compound	indochina|mon	0.0	0.23076923076923078	0.3333333333333333	ɪndəʊtʃɪnəmɔn	ɪndəʊkɪnəmən	0.15384615384615385	0.3333333333333333
Innisfail	ɪnɪsfeɪl	ɪnɪsfeɪl	ɪnnɪsfeɪl	ɪnɪsfeɪl	compound	innis|fail	0.0	0.1111111111111111	0.0	ɪnɪsfeɪl	ɪnɪsfeɪl	0.0	0.0
Instow	ɪnstəʊ	ɪnztəʊ	ɪnstəʊ	ɪnstəʊ	compound	ins|tow	0.16666666666666666	0.0	0.0	ɪnstə	ɪnstəʊ	0.2	0.0
Invercargill	ɪnvəɹkɑːɹɡɪl	ɪnvɝkɑɹɡɪl	ɪnvɜkɑɹɡɪl	ɪnvɚkɑɹɡɪl	compound	in|ver|cargill	0.2	0.2	0.2	ɪnvɜɹkɑɹɡɪl	ɪnvɝkɑɹɡəl	0.09090909090909091	0.3
Iolo	jɒləʊ	aɪəʊləʊ	aɪələʊ	iəʊləʊ	compound	io|lo	0.5714285714285714	0.5	0.5	iələʊ	iəʊləʊ	0.4	0.5
Irukandji	ɪɹəkændʒi	ɪɹukænddʒi	ɜɹukændʒi	ɪɹukəndʒi	compound	ir|uk|and|ji	0.2	0.2222222222222222	0.2222222222222222	ɪɹʊkænd͡ʒi	ɪɹukɑndʒi	0.2	0.2222222222222222
Isleta	ɪzlɛtə	aɪlətə	aɪlɛɾə	ɪsəltə	compound	islet|a	0.5	0.5	0.5	aɪlətə	ɪsleɪtə	0.5	0.42857142857142855
Ismene	ɪzmiːni	ɪzmin	ɪsmin	ɪzəmən	compound	is|mene	0.2	0.4	0.5	ɪsmin	ɪzmin	0.4	0.2
Ithacan	ɪθəkən	ɪθəkən	ɪθækən	ɪθəkən	compound	ithaca|n	0.0	0.16666666666666666	0.0	ɪθəkən	aɪθəkən	0.0	0.14285714285714285
Iuka	aɪjuːkə	aɪukə	ɪjukə	jukə	compound	i|uk|a	0.2	0.2	0.5	jukə	jukə	0.5	0.5
Iuliyanov	juːliɑːnɒv	aɪjulijɑnəʊv	ɪjʊlɪjənɑv	julɪjənəv	compound	i|uli|yano|v	0.4166666666666667	0.6	0.4444444444444444	julɪjɑnɔf	julijɑnɑv	0.4444444444444444	0.2222222222222222
Ivybridge	aɪvibɹɪdʒ	aɪvibɹɪdʒ	ɪvɪbɹɪdʒ	ɪvɪbɹɪdʒ	compound	ivy|bridge	0.0	0.25	0.25	aɪvibɹɪd͡ʒ	aɪvibɹɪdʒ	0.1	0.0
JPEG'd	dʒeɪpɛɡd	dʒeɪpɛgd	dʒeɪpɛɡd	dʒpɛɡɪd	compound	jpeg|d	0.125	0.0	0.42857142857142855	dʒeɪpɛgd	dʒipɛɡd	0.125	0.2857142857142857
Jaiswal	dʒɑːjəsəvɑːl	dʒaɪswɑl	dʒeɪswəl	dʒeɪswəl	compound	jai|swa|l	0.625	0.75	0.75	d͡ʒaɪswəl	dʒeɪzwəl	0.7777777777777778	0.75
Janeite	dʒeɪnaɪt	dʒeɪnaɪt	dʒæneɪt	dʒeɪnit	compound	jane|ite	0.0	0.42857142857142855	0.2857142857142857	d͡ʒeɪnaɪt	dʒænaɪt	0.1111111111111111	0.2857142857142857
Janjina	jɑːnjɪnə	dʒændʒɪnə	dʒændʒɪnə	dʒændʒinə	compound	jan|jina	0.5555555555555556	0.5555555555555556	0.6666666666666666	d͡ʒænd͡ʒɪnə	dʒɑndʒinə	0.6363636363636364	0.5555555555555556
Japanophilia	dʒəpænəfɪliə	dʒəpænəʊfɪliə	dʒæpənəfɪliə	dʒæpənəfɪliə	compound	japan|o|philia	0.07692307692307693	0.16666666666666666	0.16666666666666666	d͡ʒəpənəʊfɪliə	dʒæpənəfɪliə	0.21428571428571427	0.16666666666666666
Japhug	dʒɑːpuːk	dʒæphʌɡ	dʒæfʌɡ	jæfəɡ	compound	jap|hug	0.5714285714285714	0.6666666666666666	1.2	d͡ʒæfʌɡ	dʒæfəɡ	0.7142857142857143	0.6666666666666666
Japland	dʒæplænd	dʒæplænd	dʒæplənd	dʒæplənd	compound	jap|land	0.0	0.125	0.125	d͡ʒæplænd	dʒæplənd	0.1111111111111111	0.125
Japonia	dʒæpəʊniə	dʒæpəʊniə	dʒæpəʊniə	jɑpəʊniə	compound	jap|oni|a	0.0	0.0	0.375	d͡ʒəpəniə	dʒəpəʊniə	0.3333333333333333	0.1111111111111111
Javanka	dʒəvɑːŋkə	dʒəvɑnkɑ	dʒɑvæŋkə	jɑvæŋkə	compound	javan|ka	0.25	0.25	0.5714285714285714	dʒəvɑŋkə	jəvæŋkə	0.0	0.42857142857142855
Jaysus	dʒeɪzəs	dʒeɪzʌs	dʒeɪsəs	dʒeɪsəs	compound	jays|us	0.14285714285714285	0.14285714285714285	0.14285714285714285	dʒeɪsəs	dʒeɪsəs	0.14285714285714285	0.14285714285714285
Jaén	hɑeɪn	hɑeɪn	dʒæeɪn	dʒɑn	compound	[]	0.0	0.5	1.0	dʒəneɪn	dʒeɪn	0.5714285714285714	0.4
Jeacock	dʒeɪkɒk	dʒiəkɒk	dʒikɑk	dʒikɑk	compound	je|a|cock	0.2857142857142857	0.5	0.5	d͡ʒikɒk	dʒikɑk	0.42857142857142855	0.5
Jedburgh	dʒɛdbəɹə	dʒɛdbɜɡ	dʒɛdbɜɡ	dʒɛdbɚɡ	compound	jed|burgh	0.42857142857142855	0.42857142857142855	0.42857142857142855	dʒɛdbɜɹɡ	dʒɛdbɝɡ	0.25	0.42857142857142855
Jedek	dʒədɛk	dʒɛdɛk	dʒɛdɛk	dʒɛdɪk	compound	jed|ek	0.16666666666666666	0.16666666666666666	0.3333333333333333	d͡ʒɛdɛk	dʒɛdɪk	0.2857142857142857	0.3333333333333333
Jenglish	dʒɪŋɡlɪʃ	dʒɪŋɡlɪʃ	dʒɪŋɡlɪʃ	dʒɛŋɡlɪʃ	compound	j|english	0.0	0.0	0.125	d͡ʒeɪɪŋɡlɪʃ	dʒɛŋɡlɪʃ	0.2727272727272727	0.125
Jesusian	dʒiːzuːziən	dʒizəsiən	dʒɛsuʒən	dʒɛsuʃən	compound	jesus|ian	0.2222222222222222	0.5	0.5	d͡ʒɛzjusiən	dʒəsuʒən	0.36363636363636365	0.5
JewBu	dʒuːbuː	dʒubu	dʒubu	dʒubu	compound	jew|bu	0.0	0.0	0.0	d͡ʒubu	dʒubu	0.16666666666666666	0.0
Jian'an	dʒiænɑn	dʒiənən	dʒaɪənən	dʒiɑnzən	compound	jian|an	0.2857142857142857	0.5	0.375	dʒiənæn	dʒiənən	0.2857142857142857	0.2857142857142857
Jiang'an	dʒɑŋɑn	dʒɑŋən	dʒjɑŋən	dʒiɑŋzən	compound	jiang|an	0.16666666666666666	0.2857142857142857	0.375	d͡ʒiɑŋɡən	dʒiəŋən	0.4444444444444444	0.42857142857142855
Jiangdong	dʒɑŋdɒŋ	dʒɑŋdɒŋ	dʒjɑŋdɑŋ	dʒiæŋdɔŋ	compound	jiang|dong	0.0	0.25	0.375	d͡ʒiɑŋdɔŋ	dʒiəŋdɔŋ	0.3333333333333333	0.375
Jiangling	dʒɑŋlɪŋ	dʒɑŋlɪŋ	dʒjɑŋɡəlɪŋ	dʒiæŋɡlɪŋ	compound	jiang|ling	0.0	0.3	0.3333333333333333	d͡ʒɑŋlɪŋ	dʒaɪəŋɡlɪŋ	0.125	0.4
Jiangmen	dʒɑŋmɛn	dʒɑŋmɛn	dʒjɑŋmɛn	dʒiæŋmən	compound	jiang|men	0.0	0.125	0.375	d͡ʒiɑŋmɛn	dʒiəŋmən	0.2222222222222222	0.375
Jiangnan	dʒɑŋnɑn	dʒɑŋnæn	dʒjɑŋnən	dʒiæŋnən	compound	jiang|nan	0.14285714285714285	0.25	0.375	d͡ʒiændnæn	dʒiæŋnən	0.6	0.375
Jiangwan	dʒɑŋwɑn	dʒɑŋwæn	dʒjɑŋwən	dʒiæŋwən	compound	jiang|wan	0.14285714285714285	0.25	0.375	d͡ʒɑŋwɑn	dʒiəŋwɑn	0.125	0.25
Jiangyin	dʒɑŋjɪn	dʒɑŋjɪn	dʒjɑŋiɪn	dʒiɑndʒiɪn	compound	jiang|yin	0.0	0.25	0.5	dʒiɑŋdʒɪn	dʒiæŋjɪn	0.3333333333333333	0.25
Jinfeng	dʒɪnfɛŋ	dʒɪnfɛŋ	dʒɪnfɛŋ	dʒɪnfɪŋ	compound	jin|feng	0.0	0.0	0.14285714285714285	dʒɪnfɛŋ	dʒɪnfɪŋ	0.0	0.14285714285714285
Jing'an	dʒɪŋæn	dʒɪŋən	dʒɪŋən	dʒɪŋzən	compound	jing|an	0.16666666666666666	0.16666666666666666	0.2857142857142857	d͡ʒɪŋən	dʒɪŋən	0.2857142857142857	0.16666666666666666
Jingbian	dʒɪŋbiæn	dʒɪŋbiən	dʒɪŋbiən	dʒɪŋbiən	compound	jing|bian	0.125	0.125	0.125	d͡ʒɪŋbiən	dʒɪŋbiən	0.2222222222222222	0.125
Jingchuan	dʒɪŋtʃwɑn	dʒɪŋtʃuɑn	dʒɪŋtʃjuən	dʒɪŋtʃuən	compound	jing|chuan	0.1111111111111111	0.3	0.2222222222222222	d͡ʒɪŋt͡ʃuən	dʒɪŋtʃuən	0.36363636363636365	0.2222222222222222
Jinghong	dʒɪŋhɔŋ	dʒɪŋhɒŋ	dʒɪŋhɑŋ	dʒɪŋɑŋ	compound	jing|hong	0.14285714285714285	0.14285714285714285	0.3333333333333333	d͡ʒɪŋhɔŋ	dʒɪŋhɔŋ	0.125	0.0
Jinghu	dʒɪŋhu	dʒɪŋhu	dʒɪŋhu	dʒɪŋhu	compound	jing|hu	0.0	0.0	0.0	d͡ʒɪŋhju	dʒɪŋhu	0.25	0.0
Jingmen	dʒɪŋmɛn	dʒɪŋmɛn	dʒɪŋmɛn	dʒɪŋmən	compound	jing|men	0.0	0.0	0.14285714285714285	d͡ʒɪŋmɛn	dʒɪŋmən	0.125	0.14285714285714285
Jingsha	dʒɪŋʃɑ	dʒɪŋʃɑ	dʒɪŋʃə	dʒɪŋʃə	compound	jing|sha	0.0	0.16666666666666666	0.16666666666666666	d͡ʒɪŋʃə	dʒɪŋʃə	0.2857142857142857	0.16666666666666666
Jingshan	dʒɪŋʃæn	dʒɪŋʃæn	dʒɪŋʃən	dʒɪŋʃən	compound	jing|shan	0.0	0.14285714285714285	0.14285714285714285	d͡ʒɪŋʃən	dʒɪŋʃən	0.25	0.14285714285714285
Jingyang	dʒɪŋjæŋ	dʒɪŋjæŋ	dʒɪŋjɑŋ	dʒɪŋiæŋ	compound	jing|yang	0.0	0.14285714285714285	0.14285714285714285	d͡ʒɪŋd͡ʒjæŋ	dʒɪŋjæŋ	0.36363636363636365	0.0
Jingyuan	dʒɪŋwɑn	dʒɪŋjuən	dʒɪŋjuən	dʒɪŋjuən	compound	jing|yuan	0.375	0.375	0.375	d͡ʒɪŋd͡ʒuɑn	dʒɪŋjuən	0.45454545454545453	0.375
Jinhu	dʒɪnhuː	dʒɪnhu	dʒɪnhu	dʒɪnhu	compound	jin|hu	0.0	0.0	0.0	d͡ʒɪnhu	dʒɪnhu	0.14285714285714285	0.0
Jinhua	dʒɪnhwɑː	dʒɪnhuə	dʒɪnhjuə	dʒɪnhjuə	compound	jin|hua	0.2857142857142857	0.375	0.375	dʒɪnhjuə	dʒɪnhjuə	0.375	0.375
Jining	dʒinɪŋ	dʒɪnɪŋ	dʒaɪnɪŋ	dʒɪnɪŋ	compound	jin|ing	0.16666666666666666	0.2857142857142857	0.16666666666666666	dʒaɪnɪŋ	dʒaɪnɪŋ	0.2857142857142857	0.2857142857142857
Jinmen	dʒɪnmɛn	dʒɪnmɛn	dʒɪnmɛn	dʒɪnmən	compound	jin|men	0.0	0.0	0.14285714285714285	d͡ʒɪnmɛn	dʒɪnmən	0.125	0.14285714285714285
Jinshan	dʒɪnʃɑn	dʒinʃɑn	dʒɪnʃən	dʒɪnʃən	compound	jinsha|n	0.14285714285714285	0.14285714285714285	0.14285714285714285	d͡ʒɪnʃən	dʒɪnʃən	0.25	0.14285714285714285
Jinshui	dʒɪnʃweɪ	dʒɪnzhuɪ	dʒɪnʃjui	dʒɪnʃu	compound	jins|hui	0.375	0.375	0.5	dʒɪnʃu	dʒɪnʃui	0.5	0.42857142857142855
Jintai	dʒɪntaɪ	dʒɪntaɪ	dʒɪntaɪ	dʒɪnteɪ	compound	jin|tai	0.0	0.0	0.14285714285714285	d͡ʒɪntaɪ	dʒɪntaɪ	0.125	0.0
Jinyuan	dʒɪnwɑn	dʒɪnjuən	dʒɪnjuən	dʒɪnjuən	compound	jin|yuan	0.375	0.375	0.375	d͡ʒɪnjʊən	dʒɪnjuən	0.4444444444444444	0.375
Jinzhong	dʒɪndʒɔŋ	dʒɪnʒɒŋ	dʒɪnʒɑŋ	dʒɪnzhɑŋ	compound	jin|zhong	0.2857142857142857	0.2857142857142857	0.375	d͡ʒɪnd͡ʒəʊŋ	dʒɪnzhɔŋ	0.36363636363636365	0.25
Jinzhu	dʒɪndʒu	dʒɪnʒu	dʒɪnʒu	dʒɪnzhu	compound	jin|zhu	0.16666666666666666	0.16666666666666666	0.2857142857142857	d͡ʒɪnd͡ʒu	dʒɪnzu	0.2222222222222222	0.3333333333333333
Jishan	dʒiʃɑn	dʒiʃæn	dʒɪʃən	dʒɪʃən	compound	ji|shan	0.16666666666666666	0.3333333333333333	0.3333333333333333	dʒiʃən	dʒɪʃən	0.16666666666666666	0.3333333333333333
Joab	dʒəʊæb	dʒəʊæb	dʒəʊæb	dʒəʊb	compound	jo|ab	0.0	0.0	0.2	d͡ʒəʊb	dʒəʊb	0.3333333333333333	0.2
Jochebed	jɒkɪbɛd	dʒəʊtʃɛbɛd	dʒɑtʃɛbd	dʒɑkəbd	compound	jo|cheb|ed	0.7	0.75	0.7142857142857143	d͡ʒɒkɪbɛd	dʒɑkəbɛd	0.3333333333333333	0.5
Judaica	dʒudeɪɪkə	dʒudeɪɪkə	dʒudeɪkə	dʒudeɪkə	compound	judaic|a	0.0	0.125	0.125	dʒudeɪɪkə	dʒudaɪkə	0.0	0.25
Judaical	dʒuːdeɪɪkəl	dʒudeɪɪkæl	dʒudeɪɪkəl	dʒudeɪkəl	compound	judaic|al	0.1	0.0	0.1111111111111111	d͡ʒudeɪɪkəl	dʒudeɪkəl	0.09090909090909091	0.1111111111111111
Judean	dʒudiːən	dʒudiən	dʒudiən	dʒudən	compound	judea|n	0.0	0.0	0.16666666666666666	dʒudiən	dʒudiən	0.0	0.0
Judeophilia	dʒuːdiːəʊfɪlɪə	dʒudeɪəʊfɪliə	dʒudeɪəʊfɪliə	dʒudəʊfɪliə	compound	judeo|philia	0.23076923076923078	0.23076923076923078	0.18181818181818182	dʒudiɒfɪliə	dʒudiəʊfɪliə	0.2727272727272727	0.08333333333333333
Julietian	dʒuːliɛtiən	dʒuliɛtiən	dʒulaɪəʃən	dʒulieɪʃən	compound	juliet|ian	0.0	0.4	0.3	d͡ʒuliʃən	dʒuliiʃən	0.4444444444444444	0.3333333333333333
Jungdahl	jʊŋdɑːl	jʊŋdɑl	jʊŋdɑl	dʒʌŋdɑl	compound	jung|dahl	0.0	0.0	0.42857142857142855	dʒʌŋdɑl	dʒəŋdɑl	0.42857142857142855	0.42857142857142855
Junonian	dʒuːnoʊniən	dʒunəʊniən	dʒunəʊniən	dʒunəʊniən	compound	juno|nian	0.0	0.0	0.0	d͡ʒunənɪən	dʒunəʊniən	0.3	0.0
Jurong	dʒuːɹɒŋ	dʒɜɹɔŋ	dʒjʊɹɹɔŋ	dʒɚɑŋ	compound	jur|ong	0.3333333333333333	0.5	0.6	dʒʊɹɔŋ	dʒʊɹɔŋ	0.3333333333333333	0.3333333333333333
Jyothis	dʒoʊtɪs	dʒaɪəʊtihɪz	dʒaɪɑθɪz	dʒiɑθɪz	compound	jy|ot|his	0.45454545454545453	0.625	0.5714285714285714	d͡ʒaɪəθɪs	dʒaɪəθɪs	0.5555555555555556	0.5
Jèrriais	ʒɛɹieɪ	ʒɛɹieɪ	dʒɛɹɪaɪz	dʒɪɹiz	compound	[]	0.0	0.5	0.6666666666666666	dʒɛɹiə	dʒɛɹieɪz	0.5	0.25
Jõgeva	jəʊɡɪvə	jəʊɡɪvə	dʒəʊdʒvə	dʒɡɪvə	compound	[]	0.0	0.5	0.5	jɒɡəvə	jɑɡəvɑ	0.5	0.6666666666666666
Kabukicho	kəbuːkiːtʃoʊ	kæbukitʃəʊ	kæbjukɪtʃəʊ	kæbjukɪkəʊ	compound	kabuki|cho	0.1	0.2727272727272727	0.5	kəbukɪt͡ʃəʊ	kæbukitʃəʊ	0.18181818181818182	0.1
Kabylian	kəbɪljən	kəbɪliən	kæbɪliən	kəbɪliən	compound	kabylia|n	0.125	0.25	0.125	kəbɪliən	kəbɪliən	0.125	0.125
Kadiivka	kədiːjɪvkə	kædijɪvk	keɪdɪɪvkə	kædʒɪvkə	compound	kadi|ivka	0.25	0.4444444444444444	0.375	kədɪəvkə	kədivkə	0.375	0.2857142857142857
Kajkavian	kaɪkɑːviən	kɑdʒkɑviən	kædʒkeɪviən	kædʒkɑviən	compound	ka|j|ka|vian	0.3	0.45454545454545453	0.3	kɑkəviən	kaɪkeɪviən	0.375	0.2
Kangding	kɒŋdɪŋ	kæŋdɪŋ	kæŋdɪŋ	kæŋdɪŋ	compound	kang|ding	0.16666666666666666	0.16666666666666666	0.16666666666666666	kæŋdɪŋ	kæŋdɪŋ	0.16666666666666666	0.16666666666666666
Kangean	kaŋean	kæŋiən	kændʒiən	kændʒən	compound	kang|ean	0.5	0.75	0.7142857142857143	keɪnd͡ʒiən	kæŋɡiən	0.8	0.5714285714285714
Kanuri	kənuːɹi	kɑnuɹi	kænjʊɹɹi	kænʊɹi	compound	kanu|ri	0.16666666666666666	0.5	0.3333333333333333	kənʊɹi	kənʊɹi	0.16666666666666666	0.16666666666666666
Karaism	kæɹəɪzəm	kɛɹəɪzəm	kæɹeɪɪzəm	kɑɹeɪzm	compound	kara|ism	0.125	0.2222222222222222	0.42857142857142855	kəɹeɪɪzəm	kɝeɪɪzəm	0.3333333333333333	0.375
Karakalpakstan	kɑɹəkɑlpɑkstæn	kɑɹəkɑlpɑkstæn	kæɹəkælpəkstɑn	kɑɹəkəlpəkstən	compound	karakalpak|stan	0.0	0.2857142857142857	0.21428571428571427	kəɹəkælpəkstæn	kɛɹəkælpəkstæn	0.21428571428571427	0.21428571428571427
Karakax	kɑɹəkɑʃ	kɛɹəkɑks	kæɹəkæks	kɑɹəkæks	compound	kara|ka|x	0.375	0.5	0.375	kəɹəkɑks	kɛɹəkæks	0.375	0.5
Kare	kɑːɹeɪ	kɑɹeɪ	kɛɹ	kɑɹ	compound	ka|re	0.0	1.0	0.6666666666666666	kɑɹeɪ	kɛɹ	0.0	1.0
Kashan	kɑːʃɑːn	kæʃən	kæʃən	kæʃən	compound	kasha|n	0.4	0.4	0.4	kæʃən	kæʃən	0.4	0.4
Katriese	kətɹis	kætɹiz	kætɹɪs	kætɹiz	compound	kat|riese	0.3333333333333333	0.3333333333333333	0.3333333333333333	kətɹiz	kətɹiz	0.16666666666666666	0.16666666666666666
Kaylee	keɪli	keɪli	keɪli	keɪli	compound	kay|lee	0.0	0.0	0.0	keɪli	keɪli	0.0	0.0
Kayleigh	keɪli	keɪli	keɪli	keɪlaɪ	compound	kay|leigh	0.0	0.0	0.3333333333333333	keɪleɪ	keɪleɪ	0.3333333333333333	0.3333333333333333
Kazi	kɑːzi	kɑzi	kæzi	kɑzi	compound	ka|zi	0.0	0.25	0.0	kɑzi	kɑzi	0.0	0.0
Kels	kɛls	kɛlz	kɛlz	kɛlz	compound	k|els	0.25	0.25	0.25	kɛlz	kɛlz	0.25	0.25
KenKen	kɛnkɛn	kɛnkɛn	kɛnkɛn	kɛŋkən	compound	ken|ken	0.0	0.0	0.3333333333333333	kɛŋkɛn	kɛŋkən	0.16666666666666666	0.3333333333333333
Kennebunk	kɛnibʌŋk	kɛnibʌŋk	kɛnɪbʌŋk	kɛnəbʌŋk	compound	kenn|e|bunk	0.0	0.125	0.125	kɛnɪbʌŋk	kɛnəbəŋk	0.125	0.25
Kenpeitai	kɛnpeɪtaɪ	kɛnpeɪtaɪ	kɛnpeɪtaɪ	kɛnpiteɪ	compound	ken|pei|tai	0.0	0.0	0.375	kɛnpeɪtaɪ	kɛnpaɪtaɪ	0.0	0.1111111111111111
Kentville	kɛntvɪl	kɛntvɪl	kɛntvɪl	kɛntvɪl	compound	kent|ville	0.0	0.0	0.0	kɛntvɪl	kɛntvɪl	0.0	0.0
Keramik	kɪɹamɪk	kɛɹəmɪk	kɛɹəmɪk	kɚɑmɪk	compound	kera|mi|k	0.2857142857142857	0.2857142857142857	0.5	kəɹæmɪk	kɝæmɪk	0.2857142857142857	0.5
Kerouacian	kɛɹʊækiən	kɛɹuækiən	kɛrwɑʃiən	kɚəeɪʃən	compound	kerouac|ian	0.1111111111111111	0.4444444444444444	0.75	kəɹueɪʃən	kɛɹueɪʃən	0.5555555555555556	0.4444444444444444
Kerouackian	kɛɹʊækiən	kɛɹuækkiən	kərwɑkiən	kɚəɑkiən	compound	kerouac|kian	0.2	0.4444444444444444	0.5	kəɹəkiən	kɛɹuækiən	0.375	0.1111111111111111
Kesteven	kɛstəvən	kɛstivən	kɛstivən	kɛstɪvən	compound	ke|steven	0.125	0.125	0.125	kɛstɪvən	kɛstɪvən	0.125	0.125
Keszthely	kɛsteɪ	kɛszðəlɪ	kɛszðli	kɛʃθɛli	compound	ke|s|z|the|ly	0.5	0.5714285714285714	0.7142857142857143	kɛʃðəli	kɛsθəli	0.7142857142857143	0.5714285714285714
Keturah	kɪtʊəɹə	kɛtʊɹəh	kɛtʃɚɹə	kɛtɚə	compound	ketura|h	0.42857142857142855	0.42857142857142855	0.8	kɛtʊɹə	kətʊɹə	0.3333333333333333	0.3333333333333333
Kev	kɛv	kɛv	kɛv	kɪv	compound	ke|v	0.0	0.0	0.3333333333333333	kɛv	kɛv	0.0	0.0
Kevaughn	kəvɔːn	kɛvɔn	kɛvɔn	kɛvɔn	compound	ke|vaughn	0.2	0.2	0.2	kɛvɔn	kɛvɔn	0.2	0.2
Keynesianist	keɪnziənɪst	keɪnziənɪst	kiniziənɪst	kaɪnsiənɪst	compound	keynesian|ist	0.0	0.2727272727272727	0.18181818181818182	keɪnziənɪst	kiniʒənɪst	0.0	0.4
Kez	kɛz	kɛz	kɛz	kɛz	compound	ke|z	0.0	0.0	0.0	kɛz	kɛz	0.0	0.0
Khayyamian	kaɪjæmiən	kheɪjæmiən	kɑjjeɪmiən	keɪjəmiən	compound	k|hay|yam|ian	0.2	0.4	0.2222222222222222	kaɪjæmiən	keɪjeɪmiən	0.0	0.3
Khnum	kənuːm	khnʌm	keɪeɪtʃnʌm	knəm	compound	k|h|num	0.4	0.7	0.5	kʌnəm	knəm	0.4	0.5
Kidbrooke	kɪdbɹʊk	kɪdbɹʊk	kɪdbɹʊk	kɪdbɹʊk	compound	kid|brooke	0.0	0.0	0.0	kɪdbɹʊk	kɪdbɹʊk	0.0	0.0
Killadelphia	kɪlədɛlfiə	kɪlədɛlfiə	kɪleɪdlfiə	kɪlədɪlfiə	compound	kill|adelphia	0.0	0.3	0.1	kɪlədɛlfiə	kɪlədɛlfiə	0.0	0.0
Killybegs	kɪlibɛɡz	kɪlibɛɡz	kɪlibɛɡz	kɪljbəɡz	compound	killy|begs	0.0	0.0	0.25	kɪlɪbɛɡz	kɪlibɛɡz	0.125	0.0
Kilncadzow	kɪlkeɪɡi	kɪlnkædzəʊ	kɪlŋkædzəʊ	kɪlŋkædʒəʊ	compound	kiln|cad|z|ow	0.6	0.6	0.6	kɪlnkædzə	kɪlnkədzəʊ	0.5555555555555556	0.6
Kinleith	kɪnliːθ	kɪnliθ	kɪnliθ	kɪnliθ	compound	kin|leith	0.0	0.0	0.0	kɪnliθ	kɪnlaɪθ	0.0	0.2857142857142857
Kinross	kɪnɹɒs	kɪnɹɑs	kɪnɹɔs	kɪnɹəs	compound	kin|ross	0.16666666666666666	0.16666666666666666	0.16666666666666666	kɪnɹɒs	kɪnɹɔs	0.0	0.16666666666666666
Kirkheaton	kəɹkhiːtən	kɝkhitən	kɜkhitən	kɚkhitən	compound	kirk|heaton	0.25	0.25	0.25	kɜɹkitən	kɝkhitən	0.25	0.25
Kitinen	kɪtɪnɛn	kɪtɪnɛn	kɪtaɪnən	kɪtɪnən	compound	kit|in|en	0.0	0.25	0.14285714285714285	kɪtɪnən	kɪtɪnən	0.14285714285714285	0.14285714285714285
Kizh	kɪtʃ	kaɪəɹ	kɪʒ	ki	compound	ki|zh	0.6	0.6666666666666666	1.5	kɪʒ	kɪʒ	0.6666666666666666	0.6666666666666666
Klytia	klɪtiə	klɪtiə	klaɪʃə	klɪʃə	compound	k|ly|tia	0.0	0.5	0.4	klɪtiə	klɪʃə	0.0	0.4
Kosraean	koʊʃaɪən	kɒsɹeɪən	kəsɹiən	kɔsɹeɪən	compound	kos|rae|an	0.5	0.5714285714285714	0.5	kɒsɹiən	kɑsɹiɑn	0.7142857142857143	0.8571428571428571
Kotlyne	kɒtlɪneɪ	kɑtlaɪn	kɑtlaɪn	kɑtlaɪn	compound	kot|lyne	0.5714285714285714	0.5714285714285714	0.5714285714285714	kɒtlin	kɑtlaɪn	0.5	0.5714285714285714
Kpelle	kəpɛlə	kpɛl	keɪpɛl	kpɛl	compound	k|pelle	0.5	0.5	0.5	kəpɛl	kpɛl	0.2	0.5
Kuenssberg	kuːnsbɝɡ	kuɛnzsbɜɡ	kjuənsbɜɡ	kjuənsbɚɡ	compound	ku|ens|s|berg	0.3333333333333333	0.3333333333333333	0.3333333333333333	kunsbɜɡ	kjunsbɝɡ	0.14285714285714285	0.125
Kulturträger	kʊltuːɹtɹɛːɡɚ	kʊltuətʁɛɡə	kʌltɚtɹɛɡɚ	kʌltʃɚtɚɡɚ	compound	[]	0.2727272727272727	0.3	0.5	kʊltʊɹtɹɛɡɚ	kəltɝtɹɛɡɝ	0.09090909090909091	0.4
Kumara	kuːməɹə	kumɑɹə	kjumɑɹɹə	kumɑɹə	compound	kumar|a	0.16666666666666666	0.375	0.16666666666666666	kuməɹə	kumɑɹə	0.0	0.16666666666666666
Kurow	kuːɹaʊ	kuɹəʊ	kjʊɹɹəʊ	kʊɹəʊ	compound	ku|row	0.2	0.5714285714285714	0.4	kʊɹəʊ	kjʊɹəʊ	0.4	0.5
Kurrupuwu	ɡuɹubuwu	kuɹɹupuwu	kɜɹupuwu	kjɚəpuu	compound	ku|r|ru|pu|wu	0.3333333333333333	0.375	0.8571428571428571	kəɹupəwʊ	kɝupuwu	0.625	0.5714285714285714
Kurukh	kʊɹʊk	kuɹuk	kjʊɹɹʌk	kɚʌk	compound	ku|rukh	0.4	0.42857142857142855	0.75	kʊɹuk	kjʊɹʊk	0.2	0.16666666666666666
Kuvasz	kuvas	kuvæsz	kjuvæsz	kuvɑʒ	compound	ku|vas|z	0.3333333333333333	0.42857142857142855	0.4	kʊvɑʃ	kjuvəʃ	0.6	0.5
Kwietniewo	kfjɛtnjɛvɔː	kwiɛtnaɪwəʊ	kwaɪətnjuəʊ	kwɪtnjuəʊ	compound	k|wi|et|nie|wo	0.6363636363636364	0.6363636363636364	0.6666666666666666	kwitnwəʊ	kwitniwəʊ	0.875	0.7777777777777778
Kyla	kaɪlə	kaɪlə	kaɪlə	kilə	compound	kyl|a	0.0	0.0	0.5	kɪlə	kaɪlə	0.25	0.0
Labourite	leɪbəɹaɪt	leɪbəaɪt	leɪbɚɹɪt	ləbɔɹɪt	compound	labour|ite	0.125	0.25	0.5714285714285714	leɪbɹɪt	læbɝaɪt	0.2857142857142857	0.5714285714285714
Lacedaemon	læsədiːmən	leɪsdimən	leɪsdimən	leɪsdeɪmən	compound	lace|daemon	0.3333333333333333	0.3333333333333333	0.5	læsɪdimən	leɪsdimən	0.1111111111111111	0.3333333333333333
Lamarck	ləmɑːɹk	ləmɑɹk	læmɑɹk	læmɑɹk	compound	lamar|ck	0.0	0.16666666666666666	0.16666666666666666	ləmɑɹk	læmɑɹk	0.0	0.16666666666666666
Landammann	lændəmæn	lændæmən	lændæmən	lændæmən	compound	land|ammann	0.25	0.25	0.25	lændəmən	lændəmən	0.125	0.125
Laniakea	lɑːniəkeɪə	lɑnieɪkə	lænɪeɪkiə	lænieɪkə	compound	lani|ake|a	0.375	0.6666666666666666	0.5	lɒnjækɪə	lænieɪkiə	0.5	0.5555555555555556
Laocoön	leɪɒkoʊɒn	leɪɒkɵɒn	leɪəkɑɜn	lækəʊn	compound	[]	0.25	0.5	0.6666666666666666	ləkəʊən	lɑəʊkəʊøn	0.5714285714285714	0.4444444444444444
Laputan	ləpjuːtən	ləpjutən	læpətæn	læpətən	compound	laputa|n	0.0	0.5714285714285714	0.42857142857142855	lɒpʊtɒn	læpjətən	0.5714285714285714	0.25
Latinxs	lətiːnɛksɪz	lətinɛks	læɾɪŋksz	lætɪŋks	compound	latinx|s	0.25	0.75	0.8571428571428571	leɪtɪŋksɪz	lætɪŋksɪz	0.5	0.4444444444444444
Laugharne	lɑːɹn	lɑfɑɹn	læfɑɹn	lɔhɑɹn	compound	laugh|arne	0.3333333333333333	0.3333333333333333	0.3333333333333333	lɔfɑɹn	lɔɹn	0.3333333333333333	0.25
Laurasiatheria	lɔːɹeɪʃiəθɪəɹiə	lɔɹeɪʒəθɪɹiə	lɔɹeɪsaɪəθɜɹiə	lɔɹeɪʃəθɛɹiə	compound	laurasia|theria	0.25	0.35714285714285715	0.25	lɔɹəsaɪəθəɹiə	lɔɹeɪziəθɪɹiə	0.38461538461538464	0.15384615384615385
Leaderfoot	lɛdəɹfʊt	lidəfʊt	lidɚfʊt	lidɚfut	compound	leader|foot	0.2857142857142857	0.42857142857142855	0.5714285714285714	lɪdəɹfʊt	lidɝfʊt	0.125	0.42857142857142855
Leadon	lɛdən	lɛdɒn	lidɑn	lidən	compound	lead|on	0.2	0.4	0.2	lɛdɒn	lidən	0.2	0.2
LegCo	lɛdʒkəʊ	lɛɡkəʊ	lɛɡkəʊ	lɛɡkəʊ	compound	leg|co	0.3333333333333333	0.3333333333333333	0.3333333333333333	lɛɡkəʊ	lɛɡkəʊ	0.3333333333333333	0.3333333333333333
Leintwardine	lɛntwəɹdaɪn	lintwɑɹdaɪn	leɪntwɚdin	laɪntwɚdɪn	compound	lein|twa|r|dine	0.18181818181818182	0.6	0.5	leɪntwɔɹdaɪn	laɪntwɔɹdɪn	0.25	0.36363636363636365
Lemuel	lɛmjəwəl	lɛməɛl	lɛmjul	lɛmul	compound	lem|u|el	0.5	0.5	0.8	lɛmjuəl	lɛmjuəl	0.2857142857142857	0.2857142857142857
Letterkenny	lɛtɚkɛni	lɛtəkɛni	lɛɾɚkɛni	lɛtɚkəni	compound	letter|kenny	0.125	0.125	0.125	lɛtəɹkɛni	lɛtɝkɛni	0.2222222222222222	0.125
Levenmouth	lɛvənməθ	livənməθ	lɛvɛnməθ	lɛvənməθ	compound	leven|mouth	0.125	0.125	0.0	lɛvənməθ	lɛvənməθ	0.0	0.0
Lewes	luːɪs	luiz	luz	luz	compound	lew|es	0.5	0.6666666666666666	0.6666666666666666	luz	luz	0.6666666666666666	0.6666666666666666
Leyburn	leɪbɜːɹn	leɪbɜn	leɪbɜn	libɚn	compound	ley|burn	0.16666666666666666	0.16666666666666666	0.8	leɪbɜn	leɪbɝn	0.16666666666666666	0.3333333333333333
Lhotse	loʊtseɪ	lhɒtsi	lɑtsi	lhɑts	compound	l|hots|e	0.6666666666666666	0.8	0.8	lɒtsi	lɑts	0.8	1.0
Liberland	liːbəɹlænd	laɪbəlænd	lɪbɚlənd	laɪbɚlənd	compound	liber|land	0.3333333333333333	0.5	0.5555555555555556	lɪbəɹlənd	lɪbɝlənd	0.2222222222222222	0.5
Liberlander	liːbəɹlændɚ	laɪbəlændə	lɪbɚləndɚ	laɪbɚləndɚ	compound	liber|lander	0.4	0.4444444444444444	0.5	lɪbəɹlændəɹ	lɪbɝlændɝ	0.2727272727272727	0.4444444444444444
Lichfield	lɪtʃfiːld	lɪtʃfild	lɪtʃfild	lɪtʃfild	compound	lich|field	0.0	0.0	0.0	lɪt͡ʃfild	lɪtʃfild	0.1111111111111111	0.0
Lin'an	lɪnɑn	linən	lɪnən	lɪnzən	compound	lina|n	0.4	0.2	0.3333333333333333	lɪnɑn	lɪnən	0.0	0.2
Lindal	lɪndəl	lɪndəl	lɪndəl	lɪndəl	compound	linda|l	0.0	0.0	0.0	lɪndəl	lɪndəl	0.0	0.0
Lippershey	lɪpəɹsheɪ	lɪpɝzheɪ	lɪpɚʃi	lɪpɚʃi	compound	lippers|hey	0.375	1.0	1.0	lɪpəɹʃeɪ	lɪpɝʃi	0.25	1.0
Liskeard	lɪskɑːɹd	lɪskɑɹd	lɪskɪɹd	lɪskɛɹd	compound	liske|ard	0.0	0.14285714285714285	0.14285714285714285	lɪskɑɹd	lɪskɝd	0.0	0.3333333333333333
Litong	litɔŋ	lɪtɔŋ	lɪɾɑŋ	laɪtɔŋ	compound	lit|ong	0.2	0.6	0.3333333333333333	litəŋ	lɪtɔŋ	0.2	0.2
Littleborough	lɪtəlbəɹɹə	lɪtəlbʌɹə	lɪɾəlbʌɹəʊ	lɪtləbɚəʊ	compound	little|borough	0.2222222222222222	0.4	0.5555555555555556	lɪtəlbəɹə	lɪtəlbɝəʊ	0.1111111111111111	0.4444444444444444
Liu'an	liuɑn	ljuən	lɪʌən	ljuən	compound	liu|an	0.4	0.6	0.4	liwɑn	liuən	0.2	0.2
Lixin	liʃɪn	laɪʃɪn	lɪksɪn	lɪksɪn	compound	li|xin	0.3333333333333333	0.5	0.5	lɪksɪn	lɪksɪn	0.5	0.5
Llandeilo	hlændaɪləʊ	llændaɪləʊ	ɬændeɪləʊ	lændiləʊ	compound	l|lande|ilo	0.1	0.3333333333333333	0.375	lændaɪləʊ	lɑndeɪləʊ	0.1111111111111111	0.3333333333333333
Llanrumney	hlænɹʌmni	llænɹəmni	ɬænɹʌmni	lənɹʌmni	compound	l|lan|rumney	0.2222222222222222	0.25	0.25	lænɹəmzi	lænɹəmni	0.375	0.25
Lockeport	lɒkpɔɹt	lɑkpɔt	lɑkɪpoɹt	lɑkɪpɚt	compound	locke|port	0.3333333333333333	0.375	0.5714285714285714	lɒkpɔt	lɑkɪpɔɹt	0.16666666666666666	0.25
Locrian	ləʊkɹiən	ləʊkɹiən	lɑkɹiən	lɑkɹiən	compound	loc|rian	0.0	0.2857142857142857	0.2857142857142857	ləʊkɹiən	ləʊkɹiən	0.0	0.0
Lodz	lɒdz	lɑdz	lɑdz	lɑdz	compound	lod|z	0.25	0.25	0.25	lɒd͡ʒɪz	lɑdz	0.42857142857142855	0.25
Loglan	lɒɡlæn	lɒɡlæn	lɔɡlən	lɑɡlən	compound	log|lan	0.0	0.3333333333333333	0.3333333333333333	lɒɡlən	lɑɡlən	0.16666666666666666	0.3333333333333333
Lojban	loʊʒbæn	ləʊdʒbæn	lɑdʒbən	lɑdʒbən	compound	lo|j|ban	0.125	0.42857142857142855	0.42857142857142855	lɒd͡ʒbæn	lɔɪbən	0.375	0.6666666666666666
Londraville	lɑndɹəvɪl	lɑndɹəvɪl	lɑndɹəvɪl	lɑndɹəvɪl	compound	lon|dr|a|ville	0.0	0.0	0.0	lɒndɹəvɪl	lɑndɹəvɪl	0.1111111111111111	0.0
Longde	lɔŋdə	lɒŋdə	lɔŋd	lɔŋd	compound	long|de	0.2	0.25	0.25	lɔŋdeɪ	lɔŋd	0.3333333333333333	0.25
Longdon	lɒŋdən	lɒŋdɒn	lɔŋdən	lɔŋdən	compound	long|don	0.16666666666666666	0.16666666666666666	0.16666666666666666	lɒŋdən	lɔŋdən	0.0	0.16666666666666666
Longhope	lɒŋhəʊp	lɒŋhəʊp	lɔŋhəʊp	lɔŋhəʊp	compound	long|hope	0.0	0.14285714285714285	0.14285714285714285	lɒŋhəʊp	lɔŋhəʊp	0.0	0.14285714285714285
Longwick	lɒŋwɪk	lɒŋwɪk	lɔŋwɪk	lɔŋwɪk	compound	long|wick	0.0	0.16666666666666666	0.16666666666666666	lɒŋwɪk	lɔŋwɪk	0.0	0.16666666666666666
Longyan	lɔŋjæn	lɒŋjæn	lɔŋɪən	lɑndʒiən	compound	long|yan	0.16666666666666666	0.3333333333333333	0.75	lɒŋjən	lɔŋjən	0.3333333333333333	0.16666666666666666
Lossiemouth	lɒsiməθ	lɒsiməθ	lɔsɪməθ	lɑsiməθ	compound	loss|ie|mouth	0.0	0.2857142857142857	0.14285714285714285	lɒsiməθ	lɑsiməθ	0.0	0.14285714285714285
Loughborough	lʌfbəɹə	lʌfbʌɹə	lʌfbəɹəʊ	lɔbɚəʊ	compound	lough|borough	0.14285714285714285	0.125	0.8333333333333334	ləbəɹəʊ	ləbɝəʊ	0.42857142857142855	0.8333333333333334
Loughton	laʊtən	lʌftən	lɔtən	lɔtən	compound	lough|ton	0.3333333333333333	0.2	0.2	lətən	lətən	0.0	0.0
Lowestoft	loʊəstɒft	ləʊəstɒft	ləʊɪstɔft	ləɛstɔft	compound	lowest|oft	0.0	0.2222222222222222	0.375	ləʊəstɒft	ləʊstɔft	0.0	0.25
Lowton	ləʊtən	ləʊtən	ləʊtən	ləʊtən	compound	low|ton	0.0	0.0	0.0	ləʊtən	ləʊtən	0.0	0.0
Lucedale	luːsdeɪl	lusdeɪl	lusɪdeɪl	lusdəl	compound	luce|dale	0.0	0.125	0.3333333333333333	lʌsdeɪl	lusədeɪl	0.14285714285714285	0.125
Lukan	lukən	lukən	lukən	lukən	compound	luka|n	0.0	0.0	0.0	lukən	lukən	0.0	0.0
Lunabelle	luːnəbɛl	lunəbɛl	luneɪbɛl	lunəbɛl	compound	luna|belle	0.0	0.25	0.0	lunəbɛl	lunəbɛl	0.0	0.0
Lupercus	luːpɜːɹkəs	lupɝkəs	lupɚkəs	lupɚkəs	compound	luper|cus	0.2857142857142857	0.2857142857142857	0.2857142857142857	lʌpəɹkəs	lupɝkəs	0.25	0.2857142857142857
Luserna	luːzɛəɹnə	luzɑɹɛneɪ	lusɚnə	lusɚnə	compound	luse|rna	0.5555555555555556	0.6666666666666666	0.6666666666666666	luzəɹnə	lusɛɹnə	0.14285714285714285	0.2857142857142857
Lusophobia	luːsəfəʊbɪə	lusəʊfəʊbiə	lusəfəʊbiə	lusəfəʊbiə	compound	lu|so|phobia	0.18181818181818182	0.1	0.1	lusəfəʊbiə	lusəfəʊbiə	0.1	0.1
Lut	lut	lut	lʌt	lʌt	compound	lu|t	0.0	0.3333333333333333	0.3333333333333333	lʌt	lət	0.3333333333333333	0.3333333333333333
Lutetian	luːtiːʃən	lutiʃiən	lutɛʃən	luteɪʃən	compound	lutetia|n	0.125	0.14285714285714285	0.25	luʃən	lutiʃən	0.4	0.0
Lviv	ləviːv	lvɪv	ɛlvaɪv	lvɪv	compound	l|viv	0.5	0.6666666666666666	0.5	lvɪv	ɛlvɪv	0.5	0.6
Lymington	lɪmɪŋtən	lɪmɪŋtən	laɪmɪŋtən	laɪmɪŋtən	compound	ly|ming|ton	0.0	0.1111111111111111	0.1111111111111111	lɪmɪŋtən	lɪmɪŋtən	0.0	0.0
Lymm	lɪm	lɪm	lɪm	lɪm	compound	ly|mm	0.0	0.0	0.0	lɪm	lɪm	0.0	0.0
Lynemouth	laɪnməθ	laɪnməθ	laɪnɛməθ	laɪnəməθ	compound	lyne|mouth	0.0	0.125	0.125	lɪmnəθ	laɪnməθ	0.5	0.0
Lynwood	lɪnwʊd	lɪnwʊd	lɪnwʊd	lɪnwʊd	compound	lyn|wood	0.0	0.0	0.0	lɪnwʊd	lɪnwʊd	0.0	0.0
Lyonesse	liːɒnɛs	laɪənɛs	laɪəʊnəs	liəʊnəs	compound	lyon|esse	0.42857142857142855	0.625	0.42857142857142855	laɪənis	laɪənɛs	0.5714285714285714	0.42857142857142855
Lyptsi	lɪptsi	lɪptsi	lɪptsi	lɪptsi	compound	ly|p|t|si	0.0	0.0	0.0	lɪpt͡si	lɪptsi	0.14285714285714285	0.0
Lyrid	lɪɹɪd	lɪɹɪd	lɪɹɪd	lɪɹɪd	compound	ly|rid	0.0	0.0	0.0	lɪɹɪd	lɪɹɪd	0.0	0.0
MacSpaunday	məkspɔːndeɪ	mækspɔndeɪ	mækspɔndeɪ	mækspəndeɪ	compound	macs|pau|n|day	0.1	0.1	0.2	mækspɔndeɪ	məkspɔndeɪ	0.1	0.0
Macca's	mækəz	mækkæs	mækəz	mækəz	compound	mac|cas	0.5	0.0	0.0	mækəz	mækəz	0.0	0.0
Macclesfield	mækəlzfiːld	mækəlsfild	mækəlsfild	mækəlɛsfild	compound	mac|cle|s|field	0.1	0.1	0.18181818181818182	mækəlsfild	məklɛsfild	0.1	0.4
Macolyte	mækəlaɪt	mækəlaɪt	mækəlaɪt	mækəlaɪt	compound	m|acolyte	0.0	0.0	0.0	mækəlaɪt	mækəlaɪt	0.0	0.0
Maecenatism	mʌɪsiːnətɪzəm	meɪsɛnætɪzəm	misənətɪzəm	məsənətɪzəm	compound	mae|cen|at|ism	0.25	0.2727272727272727	0.2727272727272727	meɪsinətəɹɪzəm	misənətɪzəm	0.21428571428571427	0.2727272727272727
Maghull	məɡʌl	mæɡhʌl	mæɡhʌl	mæɡəl	compound	mag|hull	0.3333333333333333	0.3333333333333333	0.4	mæɡəl	mæɡhʊl	0.4	0.5
Makah	məkɑː	mɑkəh	mækə	meɪkə	compound	maka|h	0.6	0.5	0.6	məkə	mɑkə	0.25	0.5
Makiyivka	mɑːkiːɪvkə	mɑkijivkə	mækɪjɪvkə	meɪkɪjɪvkə	compound	maki|yi|vka	0.2222222222222222	0.3333333333333333	0.4	mɑkɪjɪvkə	mɑkijɪvkə	0.2222222222222222	0.1111111111111111
Malmaison	mælmeɪzɒn	mælmeɪzən	mælmeɪsən	mælmeɪsən	compound	mal|maison	0.1111111111111111	0.2222222222222222	0.2222222222222222	mælmeɪzən	mɑlmeɪzən	0.1111111111111111	0.2222222222222222
Manchin	mæntʃɪn	mæŋkhɪn	mæntʃɪn	mæntʃɪn	compound	manc|hin	0.42857142857142855	0.0	0.0	mæŋkɪn	mæntʃɪn	0.5	0.0
Manchukuo	mæntʃʊəkuːəʊ	mæntʃukuəʊ	mæntʃukjuəʊ	mæntʃukuəʊ	compound	manchu|kuo	0.2	0.2727272727272727	0.2	mænt͡ʃukuəʊ	mɑntʃukuəʊ	0.2727272727272727	0.3
Manchukuoan	mæntʃuːkwəʊən	mæntʃukuəʊən	mæntʃukjuəʊn	mæntʃukuəʊn	compound	manchu|kuo|an	0.08333333333333333	0.25	0.18181818181818182	mæntʃukuəʊən	mæntʃukuəʊən	0.08333333333333333	0.08333333333333333
Mancur	mænsɚ	mæŋkɝ	mæŋkɜ	mæŋkɚ	compound	manc|ur	0.6	0.6	0.4	mæŋkɚ	mænkɝ	0.4	0.4
Mangalica	mɑŋɡəliːtsə	mæŋɡəlɪkə	mæŋɡælɪkə	mæŋɡəlɪkə	compound	manga|lic|a	0.4444444444444444	0.5555555555555556	0.4444444444444444	mæŋɡəlɪkə	mɑŋɡɑlɪkə	0.4444444444444444	0.4444444444444444
Manjuristics	mændʒəɹɪstɪks	mændʒʊɹɪstɪks	mændʒʊɹɹɪstɪks	mændʒɚɪstɪks	compound	man|juristic|s	0.07692307692307693	0.14285714285714285	0.16666666666666666	mænd͡ʒəɹɪstɪks	mændʒɝɪstɪks	0.07142857142857142	0.16666666666666666
Manks	mæŋks	mæŋks	mæŋks	mæŋks	compound	mank|s	0.0	0.0	0.0	mæŋks	mæŋks	0.0	0.0
Manti	mæntaɪ	mæntaɪ	mænti	mænti	compound	mant|i	0.0	0.4	0.4	mænti	mænti	0.4	0.4
Mantsi	mɑntsi	mæntsi	mæntsi	mæntsi	compound	mant|si	0.16666666666666666	0.16666666666666666	0.16666666666666666	mæntsi	mæntsi	0.16666666666666666	0.16666666666666666
Manxie	mæŋksi	mæŋksi	mæŋksi	mænzi	compound	manx|ie	0.0	0.0	0.6	mæŋksi	mæŋksi	0.0	0.0
Marah	mɑːɹə	mɑɹəh	mæɹə	mɑɹɑ	compound	mara|h	0.2	0.25	0.25	məɹə	mɛɹə	0.25	0.25
Margaretian	mɑːɹɡəɹɛtiən	mɑɹɡɝɪtiən	mɑɹɡəɹɛʃən	mɑɹɡɚiʃən	compound	margaret|ian	0.3	0.2	0.5555555555555556	mɑɹɡəɹɛʃən	mɑɹɡɝiʃən	0.2	0.5555555555555556
Marquezian	mɑːɹkɛziən	mɑɹkɛziən	mɑɹkwiziən	mɑɹkwɛziən	compound	marquez|ian	0.0	0.2	0.1	mɑɹkɛziən	mɑɹkwiziən	0.0	0.2
Marut	mɑːɹuːt	mɑɹut	mɑɹɹʌt	mɑɹət	compound	maru|t	0.0	0.3333333333333333	0.2	mɑɹut	mɝət	0.0	0.75
Maryborough	mɛɹibəɹə	mɛɹibʌɹə	mɛɹɪbʌɹəʊ	mɛɹibɚəʊ	compound	mary|borough	0.125	0.3333333333333333	0.375	mɛɹibəɹə	mɛɹibɝəʊ	0.0	0.375
Massingbird	mæsɪŋbɜːɹd	mæsɪŋbɜd	mæsɪŋbɜd	mæsɪŋbɚd	compound	massing|bird	0.125	0.125	0.25	mæsɪŋbɜɹd	mæsɪŋbɝd	0.0	0.25
Maybach	maɪbɑːk	meɪbɑx	meɪbɑx	meɪbæk	compound	may|bach	0.3333333333333333	0.3333333333333333	0.3333333333333333	meɪbɑx	meɪbɑk	0.3333333333333333	0.16666666666666666
Maykop	maɪkɒp	meɪkɒp	meɪkəp	meɪkəp	compound	may|kop	0.16666666666666666	0.3333333333333333	0.3333333333333333	meɪkɒp	meɪkɑp	0.16666666666666666	0.3333333333333333
Maynooth	mənuːθ	meɪnuθ	meɪnuθ	meɪnuθ	compound	may|noo|th	0.3333333333333333	0.3333333333333333	0.3333333333333333	meɪnuθ	meɪnuθ	0.3333333333333333	0.3333333333333333
Mayreau	maɪɹəʊ	meɪɹəʊ	meɪɹəʊ	meɪɹi	compound	mayr|eau	0.16666666666666666	0.16666666666666666	0.6	meɪɹəʊ	meɪɹəʊ	0.16666666666666666	0.16666666666666666
Meaburn	miːbɜːɹn	mibɜn	mibɜn	mibɚn	compound	mea|burn	0.2	0.2	0.4	mibɜn	mibɝn	0.2	0.4
Meadowbank	mɛdəʊbaŋk	mɛdəʊbæŋk	mɛdəʊbæŋk	midəʊbæŋk	compound	meadow|bank	0.1111111111111111	0.1111111111111111	0.2222222222222222	mɛdəʊbæŋk	midəʊbæŋk	0.1111111111111111	0.2222222222222222
Meanjin	miændʒɪn	mindʒɪn	mindʒɪn	mindʒən	compound	mean|jin	0.14285714285714285	0.14285714285714285	0.2857142857142857	mind͡ʒɪn	miændʒɪn	0.25	0.0
Mechitarist	mɛkɪtɑɹɪst	mɛkitɑɹɪst	mɛtʃɪtɑɹɹɪst	mɛkɪtɚɪst	compound	mech|itar|ist	0.1	0.25	0.2222222222222222	mɛkɪtəɹɪst	mɛkətɝɪst	0.1	0.3333333333333333
Medhurst	mɛdhɜːɹst	mɛdhɜst	mɛdhɜst	mɛdhɚst	compound	med|hurst	0.14285714285714285	0.14285714285714285	0.2857142857142857	mɛdhɚst	mɛdhɝst	0.2857142857142857	0.2857142857142857
Medway	mɛdweɪ	mɛdweɪ	mɛdweɪ	mɛdweɪ	compound	med|way	0.0	0.0	0.0	mɛdweɪ	mɛdweɪ	0.0	0.0
Megalesian	mɛɡəliːziən	mɛɡəlɛsiən	mɛɡəliʒən	mɛɡəliʃən	compound	mega|lesi|an	0.2	0.2222222222222222	0.2222222222222222	mɛɡəliziən	mɛɡəliʒən	0.0	0.2222222222222222
Mendeleev	mɛndəleɪəf	mɛndəliv	mɛndɪliv	mɛndɪliv	compound	mendel|ee|v	0.5	0.625	0.625	mɛndɛliv	mɛndɪliv	0.625	0.625
Messia	mɛsiə	mɛsiə	mɛʃə	mɛsiə	compound	messi|a	0.0	0.5	0.0	mɛsiə	mɛsiə	0.0	0.0
Methana	mɛθeɪnə	mɛθænə	mɛθɑnə	mɛθənə	compound	meth|ana	0.3333333333333333	0.3333333333333333	0.3333333333333333	mɛθənə	mɛθɑnə	0.3333333333333333	0.3333333333333333
Mi'kmaq	mɪkmæk	mɪkmɑkw	mɪkmæk	mɪkmək	compound	mi|k|ma|q	0.2857142857142857	0.0	0.16666666666666666	mɪkmɑk	mɪkmæk	0.16666666666666666	0.0
Michelangelesque	maɪkəlændʒəlɛsk	maɪkəlændʒəlɪskju	mɪtʃɪlændʒɪlɛsk	mɪkəlændʒɛləsk	compound	michel|angeles|que	0.17647058823529413	0.3333333333333333	0.21428571428571427	mɪkəlændʒɪlɛsk	mɪkəlæŋɡəlɛsk	0.14285714285714285	0.3076923076923077
Middlemarch	mɪdəlmɑːtʃ	mɪdəlmɑtʃ	mɪdəlmɑɹk	mɪdlɛmɑɹk	compound	middle|march	0.0	0.2222222222222222	0.4444444444444444	mɪdəlmɑɹt͡ʃ	mɪdəlmɑɹk	0.18181818181818182	0.2222222222222222
Mildenhall	mʌldənhɔːl	maɪldənhɔl	maɪldənhɔl	mɪldənhəl	compound	milden|hall	0.2	0.2	0.2222222222222222	maɪldənhɔl	maɪldənhɔl	0.2	0.2
Milwaukie	mɪlwɔːkiː	mɪlwɔki	mɪlwɔki	mɪlwɔki	compound	mil|wauk|ie	0.0	0.0	0.0	mɪlwɔki	mɪlwɔki	0.0	0.0
Mimantean	mɪmæntiən	mɪmæntiən	mɪməntiən	mɪməntən	compound	mim|ante|an	0.0	0.1111111111111111	0.25	mɪməntiən	mɪmæntiən	0.1111111111111111	0.0
Mimantian	mɪmæntiən	mɪmæntiən	mɪmænʃən	mɪmənʃən	compound	mim|anti|an	0.0	0.25	0.375	mɪmɛntiən	mɪmænʃən	0.1111111111111111	0.25
Minaean	mɪniːən	mɪniən	mɪniən	minəən	compound	minae|an	0.0	0.0	0.3333333333333333	mɪniən	mɪniən	0.0	0.0
Miquelon	mɪkəlɒn	mɪkwɛlɒn	mɪkwɛlən	mikələn	compound	mi|quel|on	0.25	0.375	0.2857142857142857	mɪkəlɒn	mɪklən	0.0	0.3333333333333333
Mirach	maɪɹæk	mɪɹækh	mɪɹætʃ	mɪɹətʃ	compound	mirac|h	0.3333333333333333	0.5	0.6666666666666666	mɪɹək	mɪɹək	0.4	0.4
Miscouche	mɪskʊʃ	mɪskuʃ	mɪskətʃ	mɪskɔtʃ	compound	mis|couche	0.16666666666666666	0.2857142857142857	0.2857142857142857	mɪskət͡ʃ	mɪskutʃ	0.375	0.2857142857142857
Missourah	məzɝə	mɪsəəɑ	mɪsəɚɹə	mɪsɔɹə	compound	miss|our|ah	0.6666666666666666	0.5714285714285714	0.6666666666666666	məzʊəɹə	mɪzʊɹə	0.42857142857142855	0.5
Missouran	məzɝən	mɪsəəən	mɪsəɚɹən	mɪsɔɹən	compound	miss|our|an	0.5714285714285714	0.5	0.5714285714285714	mɪsʊɹən	mɪzʊɹən	0.5714285714285714	0.42857142857142855
Mixe	miheɪ	mɪksi	mɪks	mɪks	compound	mix|e	0.8	1.0	1.0	mɪksɚ	mɪks	0.8	1.0
Miyakawa	miːjəkɑːwə	mɪjəkɑwə	mɪjəkɑwə	maɪjəkəwə	compound	mi|ya|kawa	0.125	0.125	0.3333333333333333	mɪjɑkəwə	miəkɑwə	0.375	0.14285714285714285
Miz	mɪz	mɪz	mɪz	maɪz	compound	mi|z	0.0	0.0	0.25	mɪz	mɪz	0.0	0.0
Mizzou	məzu	mɪzu	mɪzu	mɪzəʊ	compound	mi|zz|ou	0.25	0.25	0.6	mɪzu	mɪzu	0.25	0.25
Mogollon	moʊɡəjoʊn	mɒɡəʊllɑn	mɑɡɑlən	mɑɡɑlən	compound	mog|ol|lon	0.6666666666666666	0.7142857142857143	0.7142857142857143	mɒɡəlɒn	məʊɡɑlən	0.7142857142857143	0.375
Montagovian	mɒntəɡəʊvɪən	məntæɡəʊviən	mɔntəɡəʊviən	mɑntəɡəʊviən	compound	montag|o|vian	0.25	0.16666666666666666	0.16666666666666666	mɑntəgəʊviən	mɑntəɡəʊviən	0.25	0.16666666666666666
Montjuïc	mɒntʒuːiːk	mɒntʒuik	mɔntdʒəik	mɑntjuk	compound	[]	0.0	0.3333333333333333	0.42857142857142855	mɒntʒuɪk	mɑntʃuɪk	0.125	0.375
Montseny	mɒntseɪn	mɑntsɛnj	mɔntsɛni	mɑntsɛni	compound	monts|en|y	0.5	0.5	0.5	mɒntsi	mɑntsəni	0.5	0.5
Moragan	məɹɑɡən	mɔɹɑɡən	mɔɹæɡən	mɑɹəɡən	compound	moraga|n	0.14285714285714285	0.2857142857142857	0.2857142857142857	mɔɹəɡæn	mɔɹəɡən	0.42857142857142855	0.2857142857142857
Morian	mɔəɹiən	mɔɹiən	mɔɹiən	mɔɹiən	compound	moria|n	0.16666666666666666	0.16666666666666666	0.16666666666666666	mɔɹiən	mɔɹiən	0.16666666666666666	0.16666666666666666
Mornington	mɔːnɪŋtən	mɔnɪŋtən	mɔɹnɪŋtən	mɔɹnɪŋtən	compound	morning|ton	0.0	0.1111111111111111	0.1111111111111111	mɔɹnɪŋtən	mɔɹnɪŋtən	0.1111111111111111	0.1111111111111111
Mosedale	məʊzdeɪl	məʊzdeɪl	məʊsdeɪl	məʊzdəl	compound	mose|dale	0.0	0.125	0.2857142857142857	məʊzdeɪl	məʊzdeɪl	0.0	0.0
Moshoryne	mɒʃɔːɹɪneɪ	mɒʃɔɹini	mɑʃoɹaɪn	məʊʃɚaɪn	compound	mosh|ory|ne	0.375	0.625	0.75	mɒʃəɹaɪn	mɑʃɝaɪn	0.5	0.7142857142857143
Mses	mɪzəz	mɪziz	ɛmsɛᵻz	mzz	compound	ms|es	0.2	0.6666666666666666	0.6666666666666666	mɪzɪz	ɛmsɛs	0.2	1.0
Mss	mɪzəz	mɪzs	ɛmɛsɛs	ms	compound	ms|s	0.5	0.8333333333333334	2.0	mɪzs	ɛmsiɛs	0.5	0.8333333333333334
Mthwakazi	əmtwɑːkɑːzi	ɛmθwʌkəzi	ɛmθwækɑzi	mθwəkəzi	compound	mth|waka|zi	0.4444444444444444	0.3333333333333333	0.5	mθwɑkəzi	mθwɑkɑzi	0.375	0.25
Mtskheta	mətskeɪtə	məntskeɪtɑ	ɛmtəskhɛɾə	mtskitə	compound	mt|s|khe|ta	0.2	0.6	0.42857142857142855	mt͡skɛtə	ɛmtskitə	0.5	0.5
Mullingar	mʌlɪnɡɑːɹ	mʌlɪŋɑɹ	mʌlɪŋɡɚ	mʌlɪŋɡɚ	compound	mulling|ar	0.2857142857142857	0.42857142857142855	0.42857142857142855	mʌlɪŋɡɚ	məlɪŋɡɝ	0.42857142857142855	0.5714285714285714
Munchausenism	mʊŋkhaʊzənɪzəm	məntʃəzɪnɪzəm	mʌntʃəsinɪzəm	mʌntʃəsənɪzəm	compound	munchausen|ism	0.38461538461538464	0.46153846153846156	0.38461538461538464	mʌnt͡ʃəsɛnɪzəm	məntʃəznɪzəm	0.5	0.4166666666666667
Munji	mʊndʒi	məndʒi	mʌndʒi	mʌndʒi	compound	mun|ji	0.16666666666666666	0.16666666666666666	0.16666666666666666	mʌnd͡ʒi	məndʒi	0.2857142857142857	0.16666666666666666
Munslow	mʌnzləʊ	mənzləʊ	mʌnsləʊ	mʌnsləʊ	compound	muns|low	0.14285714285714285	0.14285714285714285	0.14285714285714285	mʌnsləʊ	mənsləʊ	0.14285714285714285	0.2857142857142857
Muntenia	mʊntɛniə	məntɛniə	mʌntiniə	mʌntiniə	compound	munt|en|ia	0.125	0.25	0.25	mʌntɛniə	məntiniə	0.125	0.25
Murat	mʊɹɑt	mʊɹət	mjʊɹɹæt	mʊɹət	compound	mura|t	0.2	0.42857142857142855	0.2	mʊɹɑt	mjʊɹæt	0.0	0.3333333333333333
Murupara	muːɹuːpɑːɹə	muɹupɛɹə	mjʊɹɹupɑɹɹə	mʊɹupɑɹə	compound	mu|ru|para	0.125	0.36363636363636365	0.125	mʊɹupɑɹə	mʊɹupɑɹə	0.125	0.125
Muslima	mʊzlɪmə	məzləmə	mʌslɪmə	mʌslɪmə	compound	muslim|a	0.2857142857142857	0.2857142857142857	0.2857142857142857	məslimə	məslimə	0.42857142857142855	0.42857142857142855
Musselburgh	mʌsəlbəɹə	mʌsəlbɜɡ	mʌsɪlbɜɡ	mʌsəlbɚɡ	compound	mussel|burgh	0.375	0.5	0.375	mʌsəlbɜɹɡ	məsəlbɝɡ	0.2222222222222222	0.5
Mx	məks	mks	ɛmɛks	mks	compound	m|x	0.3333333333333333	0.4	0.3333333333333333	mks	ɛmkiɛks	0.3333333333333333	0.5714285714285714
Myell	maɪəl	maɪɛl	maɪɛl	miɛl	compound	my|ell	0.2	0.2	0.75	maɪəl	maɪəl	0.0	0.0
Mykolaivka	mɪkɒlaɪɪvkə	mɪkəlɑjɪvkɑ	maɪkəleɪvkə	maɪkəʊlɑivkə	compound	mykolaiv|ka	0.36363636363636365	0.36363636363636365	0.5	maɪkəlaɪvə	maɪkəleɪvkə	0.4	0.36363636363636365
Myland	maɪlənd	maɪlənd	maɪlænd	maɪlənd	compound	mylan|d	0.0	0.14285714285714285	0.0	maɪlænd	maɪlənd	0.14285714285714285	0.0
Mänti	mænti	mænti	mɛnti	mʌnti	compound	[]	0.0	0.2	0.2	mɛnti	mænti	0.2	0.0
N'Djamena	əndʒɑːmeɪnɑː	ndidʒeɪɑmɛnə	ɛndʒeɪmnə	ndjəminə	compound	n|dj|amen|a	0.6666666666666666	0.5555555555555556	0.75	ənd͡ʒəmeɪnə	ɛndʒəminə	0.2727272727272727	0.5555555555555556
Naevian	niːvɪən	niviən	niviən	nɑiviən	compound	nae|vian	0.16666666666666666	0.16666666666666666	0.2857142857142857	neɪviən	nəiviən	0.42857142857142855	0.2857142857142857
Naguey	naɡəj	næɡjui	neɪɡi	næɡi	compound	nag|uey	0.6666666666666666	0.8	0.75	neɪɡi	neɪɡi	0.8	0.8
Naiadian	neɪædiən	neɪædiən	neɪeɪdiən	neɪədiən	compound	naiad|ian	0.0	0.2222222222222222	0.125	naɪədiən	naɪeɪdiən	0.25	0.3333333333333333
Nalani	nəlɑni	nɑlɑni	nælɑni	nələni	compound	na|lani	0.16666666666666666	0.16666666666666666	0.16666666666666666	nəlɑni	nɑlɑni	0.0	0.16666666666666666
Namaka	nɑːməkə	nɑməkɑ	næmɑkə	næməkə	compound	nama|ka	0.16666666666666666	0.3333333333333333	0.16666666666666666	nəmɑkə	nɑmɑkə	0.3333333333333333	0.16666666666666666
Naphtalite	næftəlaɪt	næftəlaɪti	næftəlaɪt	næftəlaɪt	compound	naphtali|te	0.1	0.0	0.0	næftəlaɪt	næftəlaɪt	0.0	0.0
Narvik	nɑːɹvɪk	nɑɹvɪk	nɑɹvɪk	nɑɹvɪk	compound	na|r|vik	0.0	0.0	0.0	nɑɹvɪk	nɑɹvɪk	0.0	0.0
Navan	nævən	nɑvən	nævæn	nɑvən	compound	nava|n	0.2	0.2	0.2	nævən	neɪvən	0.0	0.3333333333333333
Nazist	nɑːtsiɪst	nɑtsizt	næzɪst	næzɪst	compound	nazis|t	0.2857142857142857	0.6666666666666666	0.6666666666666666	nɑzist	neɪzɪst	0.5	0.5714285714285714
Nehushtan	nəhʊʃtən	nihʌʃtən	nɛhʌʃtən	nhʌʃtən	compound	ne|husht|an	0.25	0.25	0.2857142857142857	nəhʊʃtæn	nɪhʊʃtən	0.125	0.125
Neihu	neɪhu	niaɪhu	nihu	nihu	compound	ne|i|hu	0.3333333333333333	0.5	0.5	neɪhu	naɪhu	0.0	0.2
Neith	niːɪθ	niaɪθ	niθ	niθ	compound	ne|ith	0.2	0.3333333333333333	0.3333333333333333	naɪθ	niθ	0.25	0.3333333333333333
Nemesian	nəmiːʒiən	nəmiʒiən	nɛmiʒən	nɛmɛʃən	compound	nemesia|n	0.0	0.2857142857142857	0.5714285714285714	nɛmɛziən	nəmiʒən	0.375	0.14285714285714285
Neoarctia	nioʊɑɹktiə	niəʊɑktiə	niəʊɑɹkʃə	nuɚktiə	compound	neo|arc|tia	0.1111111111111111	0.2222222222222222	0.7142857142857143	nɪəɹktɪə	niəʊɑɹkʃə	0.5	0.2222222222222222
Nephi	niːfaɪ	nɛphaɪ	nɛfaɪ	nɛfi	compound	nep|hi	0.5	0.2	0.75	nɛfi	nɛfi	0.75	0.75
Nephite	niːfaɪt	nɛphaɪt	nɛfaɪt	nɛfaɪt	compound	nep|hite	0.42857142857142855	0.16666666666666666	0.16666666666666666	nɛfaɪt	nɛfaɪt	0.16666666666666666	0.16666666666666666
Nerchinsk	nɛɹtʃɪnsk	nɜtʃɪnzk	nɜtʃɪnsk	nɚtʃɪnsk	compound	ner|chins|k	0.375	0.25	0.25	nɜɹt͡ʃɪnsk	nɝtʃɪnsk	0.2	0.25
Nereidean	nɛɹiɪdiən	nɛɹeɪdiən	nɛɹeɪdiən	nɛɹaɪdən	compound	nereid|ean	0.1111111111111111	0.1111111111111111	0.25	nəɹaɪdiən	nɝaɪdiən	0.2222222222222222	0.375
Nereidian	nɛɹiɪdiən	nɛɹeɪdiən	nəɹeɪdiən	nɛɹidiən	compound	nereid|ian	0.1111111111111111	0.2222222222222222	0.125	nəɹaɪdiən	nɝaɪdiən	0.2222222222222222	0.375
Nestriga	nɪstɹiːɡə	nɛstɹiɡə	nɛstɹɪɡə	nɛstɹiɡə	compound	nest|riga	0.125	0.25	0.125	nɛstɹɪɡə	nɛstɹiɡə	0.25	0.125
Newcastleton	njukasəltən	nukæsəltən	nukəsəltən	nukæstlɛtən	compound	newcastle|ton	0.2	0.2	0.36363636363636365	nukæsəltɒn	nukæsəltən	0.3	0.2
Newholm	njuːhəʊm	njuhəʊm	nuhəʊm	nuhɔm	compound	new|holm	0.0	0.16666666666666666	0.6	nuhəʊm	nuhəʊlm	0.16666666666666666	0.2857142857142857
Newquay	njuːkiː	njuki	nuki	nukweɪ	compound	new|quay	0.0	0.25	0.6666666666666666	nukeɪ	nukweɪ	0.6	0.6666666666666666
Newtownards	njuːtnɑːɹdz	nutənɑɹdz	nutənɑɹdz	nutənɚdz	compound	newtown|ards	0.2222222222222222	0.2222222222222222	0.5	nutənɑdz	nutənɝdz	0.375	0.5
Ngaree	ŋaːɹɪː	əŋɑɹi	əŋɡæɹi	ŋɡɛɹi	compound	nga|ree	0.6	0.6666666666666666	0.6	ɛŋɡəɹi	ŋɛɹi	0.6666666666666666	0.5
Ngaruawahia	ŋɑːɹuːəwɑːhiːə	əŋɑɹuəwɑiə	əŋɡɑɹɹuəwæhiə	ŋɡɑɹjɑwəhiə	compound	nga|rua|wah|ia	0.2	0.3076923076923077	0.36363636363636365	əŋɡəɹuəwəhiə	ŋɛɹuəwɑhiə	0.3333333333333333	0.1
Nicephorus	naɪsifəɹəs	naɪsfəʊɹəs	naɪsfoɹəs	naɪsəfɔɹəs	compound	nice|pho|rus	0.2	0.2222222222222222	0.2	naɪsɪfəɹəs	naɪsɛfɝəs	0.1	0.3333333333333333
Nicholforest	nɪkəlfɒɹɪst	nɪkɔlfɒɹɪst	nɪʃəlfɔɹɪst	nɪkəlfɚst	compound	nichol|forest	0.09090909090909091	0.18181818181818182	0.3333333333333333	nɪkəlfɔɹɪst	nɪkəʊlfɔɹəst	0.09090909090909091	0.25
Nilean	naɪlən	naɪlən	nɪliən	naɪlən	compound	nile|an	0.0	0.3333333333333333	0.0	naɪliən	nɪliən	0.14285714285714285	0.3333333333333333
Ningbo	nɪŋbəʊ	nɪŋbəʊ	nɪŋbəʊ	nɪŋbəʊ	compound	ning|bo	0.0	0.0	0.0	nɪŋbəʊ	nɪŋbəʊ	0.0	0.0
Nintendinitis	nɪntɛndɪnaɪtɪs	nɪntɛndɪnaɪtɪs	nɪntəndɪnaɪɾɪs	nɪntɛndɪnɪtɪs	compound	nin|tendinitis	0.0	0.14285714285714285	0.07692307692307693	nɪntɛndɪnɪtɪs	nɪntəndənaɪtɪs	0.07692307692307693	0.14285714285714285
Nipawin	nɪpəwɪn	nipəwɪn	nɪpəwɪn	nɪpeɪɪn	compound	nipa|win	0.14285714285714285	0.0	0.2857142857142857	nɪpəwɪn	nɪpəwɪn	0.0	0.0
Nisibis	nɪsəbɪs	nɪsibɪs	nɪzᵻbɪs	nɪsɪbɪs	compound	nisi|bis	0.14285714285714285	0.2857142857142857	0.14285714285714285	nɪsibɪs	nɪsibɪs	0.14285714285714285	0.14285714285714285
Niuean	njuːeɪən	niuweɪən	nɪjuən	njuən	compound	niue|an	0.25	0.5	0.4	nɪuiən	niuiən	0.5	0.5
Northwich	nɔːθwɪtʃ	nɔθwɪtʃ	nɔɹθwɪtʃ	nɔɹθwɪtʃ	compound	north|wich	0.0	0.125	0.125	nɔθwɪt͡ʃ	nɔɹθwɪtʃ	0.125	0.125
Nove	nəʊveɪ	nəʊvi	nəʊv	nəʊv	compound	nov|e	0.4	0.5	0.5	nəʊv	nəʊv	0.5	0.5
Nuku'alofa	nukuəloʊfə	nukuələʊfɑ	nukəələʊfə	nukuələʊfə	compound	nu|ku|alo|fa	0.1	0.1	0.0	nukuələʊfə	nukuələʊfə	0.0	0.0
Nuneaton	nəniːtən	nənitən	nʌnitən	nunətən	compound	nun|eaton	0.0	0.14285714285714285	0.2857142857142857	nʌnətən	nunieɪtən	0.2857142857142857	0.3333333333333333
Nutbush	nʌtbʊʃ	nʌtbʊʃ	nʌtbʊʃ	nʌtbʌʃ	compound	nut|bush	0.0	0.0	0.16666666666666666	nʌtbʊʃ	nətbʊʃ	0.0	0.16666666666666666
Nutella	nʌtɛlə	nʌtɛlə	nutɛlə	nutɛlə	compound	nut|ella	0.0	0.16666666666666666	0.16666666666666666	nʌtɛlə	nutɛlə	0.0	0.16666666666666666
O'odham	ɔʔɔtam	udhæm	əʊɑdæm	əʊɑdəm	compound	oo|d|ham	0.8	0.8333333333333334	0.8333333333333334	əʊdəm	udhæm	0.8	0.8
Oberonian	dæfnɪdiən	əʊbɝɑniən	əʊbɹəʊniən	əʊbɚəʊniən	compound	oberon|ian	0.6666666666666666	0.7	0.7	əʊbəɹəʊniən	əʊbɝəʊniən	0.7272727272727273	0.7
Occopirmus	ʊkəpɪɹməs	ʊkɒpɪɹməs	ɑkəpɜməs	ɑksəpɚməs	compound	oc|cop|ir|mus	0.1111111111111111	0.375	0.4444444444444444	ɒkəpɪɹməs	ɑkəpɝməs	0.1111111111111111	0.375
Ogwen	ɔɡwɛn	ɑɡwɛn	ɑɡwən	ɑɡwɛn	compound	og|wen	0.2	0.4	0.2	ɒɡwɛn	ɑɡwən	0.2	0.4
Oise	wɑːz	ɔɪseɪ	ɔɪs	ɔɪs	compound	oi|se	1.0	1.0	1.0	wɑz	ɔɪz	0.0	0.6666666666666666
Ojai	oʊhaɪ	əʊjəaɪ	ɑdʒaɪ	əʊdʒeɪ	compound	oja|i	0.3333333333333333	0.6	0.5	əʊd͡ʒeɪ	əʊdʒaɪ	0.5714285714285714	0.3333333333333333
Okeanos	əʊkeɪənɒs	əʊkænjəʊs	əʊkɑnəʊz	əʊkənəʊz	compound	oke|ano|s	0.5555555555555556	0.625	0.625	əʊkiənəʊz	əʊkinəʊz	0.5555555555555556	0.625
Okehampton	oʊkhæmptən	əʊkhæmptən	əʊkhæmptən	əʊkhæmptən	compound	oke|hampton	0.0	0.0	0.0	əʊkəhæmptən	əʊkhæmptən	0.09090909090909091	0.0
Olacaceae	oʊləkeɪʃieɪ	əʊləkeɪseɪ	ɑləkeɪsi	əʊlækəsi	compound	ola|cace|ae	0.2	0.625	0.75	əleɪkeɪsi	əʊləkəsii	0.6666666666666666	0.5555555555555556
Olenye	əlɛnjeɪ	ɑlənjɛ	əʊlnaɪ	əʊlɛni	compound	olen|ye	0.6666666666666666	0.6666666666666666	0.6666666666666666	əʊlinaɪ	əʊləni	0.5714285714285714	0.8333333333333334
Onehunga	ɒniːhʌŋə	wɒnhʌŋə	wʌnhʌŋɡə	əʊnhʌŋɡə	compound	one|hung|a	0.2857142857142857	0.5	0.5	wɒnhʌŋɡə	ɑnɪhəŋɡə	0.375	0.5
Ophelian	əʊfiːliən	əfiljən	ɑfiliən	əfɛliən	compound	ophelia|n	0.2857142857142857	0.2857142857142857	0.2857142857142857	əʊfɛliən	əfiliən	0.125	0.14285714285714285
Oroch	ɔːɹɔtʃ	ɔɹəʊtʃ	oɹɑk	ɔɹɑk	compound	oro|ch	0.3333333333333333	1.0	0.75	ɔɹɒk	ɔɹək	0.75	0.75
Orontian	ɔːɹɒntiən	ɔɹəʊntiən	oɹɔnʃən	ɔɹɑnʃən	compound	oro|nt|ian	0.2222222222222222	0.5714285714285714	0.42857142857142855	ɔɹɒntiən	ɝɑnʃən	0.0	0.8333333333333334
Otatara	əʊtɑːtɑːɹɑː	əʊtətɑɹə	əʊɾətɑɹɹə	əʊtətɑɹə	compound	ota|tara	0.25	0.4444444444444444	0.25	əʊtətɑɹə	əʊtətɑɹə	0.25	0.25
Otautau	əʊtaʊtaʊ	əʊtəʌtəʊ	ɑɾətə	əʊtɔtə	compound	ota|ut|au	0.25	0.6	0.16666666666666666	əʊtɔtɔ	əʊtɔtə	0.3333333333333333	0.16666666666666666
Otira	əʊtiːɹɑː	əʊtiaɪɹə	ɑtiəɹə	əʊtɪɹə	compound	ot|ira	0.375	0.6666666666666666	0.3333333333333333	əʊtɪɹə	əʊtiɹə	0.3333333333333333	0.16666666666666666
Otranto	oʊtɹɑntoʊ	əʊtiɹɑntəʊ	ɑtɹæntəʊ	ətɹæntəʊ	compound	ot|rant|o	0.1	0.375	0.25	ɒtɹəntɒ	əʊtɹɑntəʊ	0.7142857142857143	0.0
Ouachita	wɑːʃɪtɑː	uɑtʃitɑ	wɑtʃiɾə	əɑtʃɪtə	compound	ou|achi|ta	0.42857142857142855	0.5714285714285714	0.42857142857142855	wɑt͡ʃɪtə	wɑkitə	0.375	0.5
Ouarzazate	wɑːzəzɑːt	uɑɹzɑzɑti	wɑəzæzeɪt	əɑɹzəzət	compound	ou|ar|zaza|te	0.4444444444444444	0.4444444444444444	0.375	wɑɹzəzɑt	wɔɹzəzeɪt	0.125	0.4444444444444444
P'ent'ay	pɛnteɪ	pɛntəj	piɛnteɪ	psɛntseɪ	compound	penta|y	0.3333333333333333	0.14285714285714285	0.25	pɛnteɪ	pɛnteɪ	0.0	0.0
PEGylate	pɛɡɪleɪt	pɛɡɪleɪt	piidʒaɪleɪt	pɛdʒəleɪt	compound	peg|yl|ate	0.0	0.45454545454545453	0.3333333333333333	pɛɡəleɪt	pidʒəleɪt	0.125	0.4444444444444444
PEGylation	pɛɡɪleɪʃən	pɛɡɪleɪʃən	piidʒaɪleɪʃən	pɛdʒəleɪʃən	compound	peg|yl|ation	0.0	0.38461538461538464	0.2727272727272727	pɛɡəleɪʃən	pidʒəleɪʃən	0.1	0.36363636363636365
Pactolus	pæktəʊləs	pæktəʊlus	pæktɑləs	pæktəʊləs	compound	pacto|lu|s	0.1111111111111111	0.25	0.0	pæktɒləs	pæktələs	0.25	0.125
Paeroa	paɪɹəʊə	paɪɹəʊə	pɛɹəʊə	pɛɹəʊ	compound	pae|roa	0.0	0.3333333333333333	0.6	paɪɹəʊə	pɛɹəʊə	0.0	0.3333333333333333
Palaung	pəlaʊŋ	pæləɛŋ	pælɔŋ	pæləŋ	compound	palau|ng	0.3333333333333333	0.4	0.2	pəlɔŋ	pəlɔŋ	0.2	0.2
Palk	pɔːlk	pælk	pælk	pɑk	compound	pal|k	0.25	0.25	0.6666666666666666	pɔk	pɔk	0.3333333333333333	0.3333333333333333
Pancasila	pantʃəsilə	pænkæsilə	pæŋkəsɪlə	pæŋkəsɪlə	compound	pan|cas|ila	0.4444444444444444	0.5555555555555556	0.5555555555555556	pænkaɪsələ	pæŋkəsilə	0.5	0.4444444444444444
Pandoran	pændɔːɹən	pændɔɹən	pændoɹən	pændɚən	compound	pandora|n	0.0	0.125	0.2857142857142857	pændɔɹæn	pændɝən	0.125	0.2857142857142857
Panyu	pænju	pænju	pænɪu	pænju	compound	pan|yu	0.0	0.2	0.0	pɑnjʊ	pænju	0.4	0.0
Papakura	pɑːpəkuːɹə	pəpɑkuɹɑ	pæpəkjʊɹɹə	pæpəkɚə	compound	papa|ku|ra	0.375	0.4	0.42857142857142855	pəpəkuɹə	pɑpɑkʊɹə	0.125	0.25
Paraparaumu	paɹəpaɹəuːmuː	pɛɹəpɛɹəʊmu	pæɹəpæɹəmu	pɑɹəpɑɹəmu	compound	para|para|umu	0.2727272727272727	0.3	0.3	pəɹəpəɹəmu	pɛɹəpɝəmu	0.3	0.4444444444444444
Parthenope	pɑːɹθɛnəpi	pɑɹθɛnəʊpii	pɑɹθənəʊp	pɑɹθənəʊp	compound	parth|eno|pe	0.18181818181818182	0.3333333333333333	0.3333333333333333	pɑɹθənəʊp	pɑɹθənəʊp	0.3333333333333333	0.3333333333333333
Pasdong	pasdoŋ	pæsdɒŋ	pæsdɑŋ	pæsdɑŋ	compound	pas|dong	0.3333333333333333	0.3333333333333333	0.3333333333333333	pɑsdɔŋ	pɑsdɔŋ	0.3333333333333333	0.3333333333333333
Pasiphaëan	pæsɪfeɪiːən	pæsɪfeɪiən	pæsɪfæɛən	pæsɪfəən	compound	[]	0.0	0.3333333333333333	0.375	pəsɪfəiən	pæsəfeɪən	0.3333333333333333	0.2222222222222222
Paulton	pɔːltən	pɔltən	pɔltən	pɔltən	compound	paul|ton	0.0	0.0	0.0	pɔltən	pɔltən	0.0	0.0
Pavlodar	pɑːvlədɑːɹ	pɑvlɑdɑɹ	pævlədɑɹ	pævləʊdɚ	compound	pa|v|lod|ar	0.125	0.125	0.5	pævəlɒdɚ	pævlədɑɹ	0.625	0.125
Pedernales	pɝdɪnælɪs	pedɝnəleɪ	pɛdɚneɪlz	pɛdɚnəlz	compound	ped|erna|les	0.5555555555555556	0.6666666666666666	0.625	pɛdɚneɪlz	pɛdɝneɪlz	0.6666666666666666	0.6666666666666666
Penarth	pɛnɑːɹθ	pɛnɑɹθ	pɛnɑɹθ	pɛnɚθ	compound	pen|arth	0.0	0.0	0.4	pɛnɑɹθ	pɛnɑɹθ	0.0	0.0
Penglai	pɛŋlaɪ	pɛŋlaɪ	pɪŋɡlaɪ	pɛŋɡleɪ	compound	peng|lai	0.0	0.2857142857142857	0.2857142857142857	pɛŋlaɪ	pɛŋɡlaɪ	0.0	0.14285714285714285
Pennfield	pɛnfiːld	pɛnfild	pɛnfild	pɛnfild	compound	penn|field	0.0	0.0	0.0	pɛnfild	pɛnfild	0.0	0.0
Pentraeth	pɛntɹaɪθ	pɛntɹeɪθ	pɛntɹiθ	pɛntɹeɪθ	compound	pent|rae|th	0.125	0.2857142857142857	0.125	pɛntɹiθ	pɛntɹəθ	0.2857142857142857	0.2857142857142857
Pepys	piːps	pɛpjs	pɛpiz	pɛpiz	compound	pep|y|s	0.4	0.6	0.6	pɛpiz	pɛpiz	0.6	0.6
Pepysian	piːpsiən	pɛpjsiɑn	pɛpɪʒən	pɛpɪʃən	compound	pep|y|sian	0.375	0.42857142857142855	0.42857142857142855	pɛpɪʃən	pəpɪʒən	0.42857142857142855	0.42857142857142855
Perioikoi	pɛɹiɔɪkɔɪ	pɛɹiɔɪkɔɪ	pɪɹiɔɪkɔɪ	pɛɹiikəʊ	compound	peri|oik|oi	0.0	0.1111111111111111	0.5	pɪɹiɔɪkɔɪ	pɪɹiəʊɪkɔɪ	0.1111111111111111	0.3
Peterview	piːtɚvjuː	pitəvju	piɾɚvju	pɛtɚvju	compound	peter|view	0.14285714285714285	0.14285714285714285	0.14285714285714285	pətjuvju.	pɛtɝvju	0.4444444444444444	0.2857142857142857
Petone	pɛtəʊni	pitəʊni	pɛtəʊn	pɛtəʊn	compound	peto|ne	0.14285714285714285	0.16666666666666666	0.16666666666666666	pɛtəni	pətəʊn	0.16666666666666666	0.3333333333333333
Pfaffian	fæfɪən	fæfiən	fæfiən	fæfiən	compound	pfaff|ian	0.16666666666666666	0.16666666666666666	0.16666666666666666	fəfiən	fæfiən	0.3333333333333333	0.16666666666666666
Pharrell	fəɹɛl	fɑɹɛl	fæɹəl	fɛɹɛl	compound	pharr|ell	0.2	0.4	0.2	fɑɹeɪl	fæɹəl	0.5	0.4
Phocian	fəʊʃən	fəʊʃin	fəʊʃiən	fəʊʃən	compound	pho|cian	0.16666666666666666	0.14285714285714285	0.0	fəʊsiən	fəʊʃən	0.2857142857142857	0.0
Phoebean	fiːbiːən	fibiən	fəʊbin	fəʊbən	compound	phoebe|an	0.0	0.5	0.5	fibin	fəʊbin	0.2	0.5
Phthiotis	fθioʊtɪs	flθiəʊtɪs	fθɪəʊɾiz	fθiətɪs	compound	ph|thi|otis	0.1111111111111111	0.5	0.14285714285714285	θaɪətəs	fθiəʊtɪs	0.7142857142857143	0.0
Pikachu	piːkətʃuː	pikətʃu	pɪkætʃu	pɪkətʃu	compound	pika|chu	0.0	0.2857142857142857	0.14285714285714285	pɪkətu	pɪkɑtʃu	0.3333333333333333	0.2857142857142857
Ping'an	pɪŋɑn	pɪŋən	pɪŋən	pɪŋzən	compound	ping|an	0.2	0.2	0.3333333333333333	pɪŋɑn	pɪŋən	0.0	0.2
Pingcheng	pɪŋtʃɛŋ	pɪŋtʃɛŋ	pɪŋtʃɛŋ	pɪŋtʃɪŋ	compound	ping|cheng	0.0	0.0	0.14285714285714285	pɪŋtʃɛŋ	pɪŋtʃɛŋ	0.0	0.0
Pingding	pɪŋdɪŋ	pɪŋdɪŋ	pɪŋdɪŋ	pɪŋdɪŋ	compound	ping|ding	0.0	0.0	0.0	pɪŋdɪŋ	pɪŋdɪŋ	0.0	0.0
Pinggu	pɪŋɡu	pɪŋɡu	pɪŋɡu	pɪŋɡu	compound	ping|gu	0.0	0.0	0.0	pɪŋɡu	pɪŋɡu	0.0	0.0
Pinglu	pɪŋlu	pɪŋlu	pɪŋɡlu	pɪŋlu	compound	ping|lu	0.0	0.16666666666666666	0.0	pɪŋlu	pɪŋɡlu	0.0	0.16666666666666666
Pingstone	pɪŋstəʊn	pɪŋztəʊn	pɪŋstəʊn	pɪŋstəʊn	compound	pings|tone	0.125	0.0	0.0	pɪŋstəʊn	pɪŋstəʊn	0.0	0.0
Pingyu	pɪŋju	pɪŋju	pɪŋɪu	pɪŋju	compound	ping|yu	0.0	0.2	0.0	pɪŋju	pɪŋju	0.0	0.0
Pinware	pɪnwɛɚ	pɪnwɛɹ	pɪnwɛɹ	pɪnwɔɹ	compound	pin|ware	0.16666666666666666	0.16666666666666666	0.3333333333333333	pɪnwɛɹ	pɪnwɛɹ	0.16666666666666666	0.16666666666666666
Plautdietsch	plaʊtditʃ	plɔtditʃ	plɔtdaɪətʃ	plətiətsk	compound	plaut|dietsch	0.125	0.4	0.4444444444444444	plətdɪtʃ	plətditʃ	0.125	0.0
Pliushchivka	plʊʃtʃiːvkə	pljuʃtʃivkə	plɪəʃtʃɪvkə	plaɪəʃtʃɪvkə	compound	p|liu|shchi|vka	0.18181818181818182	0.2727272727272727	0.3333333333333333	plɪuʃt͡ʃɪvkə	pliuʃtʃɪvkə	0.3333333333333333	0.2727272727272727
Pocasset	pəkɑsət	pəʊkæsɛt	pɑkəsɛt	pəʊkəsɪt	compound	po|cass|et	0.375	0.42857142857142855	0.375	pɒkɪsɪt	pəʊkəsɛt	0.42857142857142855	0.375
Pogranichny	pəʊɡɹənɪtʃni	pɑɡɹænitʃni	pɑɡɹənɪʃni	pɑɡɹænɪkni	compound	pog|rani|ch|ny	0.36363636363636365	0.3	0.5	pəɡɹænɪtʃni	pɑɡɹənɪtʃni	0.18181818181818182	0.18181818181818182
Pohrebky	pɔːhɹɛbki	pəʊɹɛbki	pəʊɹɛbki	pɑɹəbki	compound	poh|reb|ky	0.25	0.25	0.42857142857142855	pəɹɛbki	pɝɛbki	0.2857142857142857	0.5
Pokhrel	pəʊkɹɛl	pəʊkeɪtʃɑɹɛl	pɑkhɹəl	pɑkɹəl	compound	po|k|hr|el	0.4166666666666667	0.5714285714285714	0.5	pɒkɹəl	pɑkɹəl	0.5	0.5
Polistes	pəlɪstiz	pəlɪstis	pəlists	pəʊlɪstɪs	compound	polis|te|s	0.125	0.42857142857142855	0.3333333333333333	pəlɪstiz	pɑlɪsts	0.0	0.42857142857142855
Polybian	pəlɪbiən	pəlɪbiən	pɑlɪbiən	pəʊlibaɪən	compound	poly|bian	0.0	0.125	0.4	pɒlɪbiən	pəlɪbiən	0.125	0.0
Pontrhydyfen	pɒntɹʌdəvɛn	pɑntɹɪtdɪfɛn	pɔntɹɪdaɪfən	pɑntɹaɪdaɪfən	compound	pont|rhy|dy|fen	0.4166666666666667	0.5	0.5384615384615384	pɒntɹɪdɪfɛn	pɑntɹaɪdaɪfən	0.2727272727272727	0.5384615384615384
Popocatépetl	pɒpəkætɛpɛtəl	pɒpəkætɛpɛtəl	pɑpəkæɾeɪpɛɾəl	pɑpəkətpɛtl	compound	[]	0.0	0.35714285714285715	0.36363636363636365	pəpəkatɛpɛtl̩	pəʊpəʊkætəpɛtəl	0.3076923076923077	0.26666666666666666
Portishead	pɔːtɪshɛd	pɔɹtɪshɛd	poɹɾɪshɛd	pɔɹtɪʃid	compound	portis|head	0.1111111111111111	0.3333333333333333	0.5	pɔɹɾɪshɛd	pɔɹtɪshɛd	0.2222222222222222	0.1111111111111111
Poteau	poʊtoʊ	pəʊtəʊ	pəʊɾə	pəʊti	compound	pote|au	0.0	0.4	0.4	pətəʊ	pəʊtəʊ	0.2	0.0
PrSM	pɹɪsəm	pɹsm	piɑɹɛsɛm	pɹsm	compound	p|r|s|m	0.5	0.5	0.5	piɑsm	pɝɛsəm	0.6	0.3333333333333333
Praxitelean	pɹæksɪtəliːən	pɹæksaɪtɛliən	pɹæksaɪtliən	pɹæksɪtɛlən	compound	p|rax|itel|ean	0.15384615384615385	0.16666666666666666	0.18181818181818182	pɹæksɪlɪəɹin	pɹæksətɛliən	0.3333333333333333	0.16666666666666666
Prokletije	pɹəʊklɛtieɪ	pɹəʊklɛtaɪdʒeɪi	pɹɑklɪtaɪdʒ	pɹɑklɛtaɪdʒ	compound	pro|k|let|ij|e	0.3333333333333333	0.6363636363636364	0.5454545454545454	pɹɒklɪtɪjə	pɹɑkəltaɪdʒ	0.6	0.7272727272727273
Puckian	pʌkiən	pʌkiən	pʌkiən	pʌkiən	compound	puck|ian	0.0	0.0	0.0	pʌkiən	pəkiən	0.0	0.16666666666666666
Pukekohe	pʊkiːkəʊiː	pjukkəʊi	pjukɪkəʊh	pjukkəʊh	compound	puke|koh|e	0.375	0.4444444444444444	0.5	pʊkəkəʊheɪ	pjukəkəʊh	0.4	0.4444444444444444
Punggol	pɒŋɡəʊl	pʌŋɡəʊl	pʌŋɡɑl	pʌŋɡəl	compound	pung|go|l	0.14285714285714285	0.5	0.3333333333333333	pʌŋɡɒl	pəŋɡəl	0.5	0.3333333333333333
Pythonista	paɪθənɪstə	paɪθənɪstə	paɪθənɪstə	pɪθənɪstə	compound	python|ist|a	0.0	0.0	0.1111111111111111	paɪθənɪstə	paɪθənɪstə	0.0	0.0
Qadian	kɑːdɪjɑːn	kɑdiən	keɪdiən	keɪdiən	compound	qadi|an	0.5	0.7142857142857143	0.7142857142857143	kədiən	keɪdiən	0.6666666666666666	0.7142857142857143
Qapla'	kæplæʔ	kwæflæ	kæplə	kæplə	compound	q|ap|la	0.3333333333333333	0.2	0.2	kəplə	kæplə	0.4	0.2
Qatabanian	kætəbɑniən	kætəbɑniən	kæɾəbeɪniən	kætəbəniən	compound	qataban|ian	0.0	0.2727272727272727	0.1	kætəbeɪniən	kætəbeɪniən	0.18181818181818182	0.18181818181818182
Qibin	tʃibɪn	kaɪbɪn	kɪbɪn	kɪbɪn	compound	qi|bin	0.5	0.6	0.6	kɪbɪn	kɪbɪn	0.6	0.6
Qin'an	tʃɪnɑn	kɪnən	kɪnən	kɪnzən	compound	qin|an	0.6	0.6	0.6666666666666666	tʃɪnnæn	kɪnən	0.2857142857142857	0.6
Qingpu	tʃɪŋpu	kɪŋpu	kɪŋpu	kɪŋpu	compound	qing|pu	0.4	0.4	0.4	tʃɪŋpʊ	kɪŋpu	0.16666666666666666	0.4
Qu'Appelle	kəpɛl	kwæppɛl	kwæpɛl	kuəpəl	compound	qua|p|pelle	0.42857142857142855	0.3333333333333333	0.3333333333333333	kwəpɛl	kwɑpəl	0.16666666666666666	0.5
Quiggin	kwɪɡɪn	kwɪɡɪn	kwɪɡɪn	kwɪɡɪn	compound	quigg|in	0.0	0.0	0.0	kwɪɡɪn	kwɪɡɪn	0.0	0.0
Quinkan	kwɪŋkən	kwɪŋkən	kwɪŋkən	kwɪŋkən	compound	quink|an	0.0	0.0	0.0	kwɪŋkən	kwɪŋkən	0.0	0.0
Qujing	tʃuːdʒɪŋ	kudʒɪŋ	kwədʒɛɪŋ	kdʒɪŋ	compound	qu|jing	0.3333333333333333	0.5	0.6	kɒd͡ʒɪŋ	kwdʒɪŋ	0.5714285714285714	0.5
Qulin	kjuːlɪn	kulɪn	kwəlɪn	klɪn	compound	qu|lin	0.2	0.3333333333333333	0.5	kwɪlɪn	kjulɪn	0.3333333333333333	0.0
Qur'an	kəɹæn	kuɹæn	kwɚɹæn	kɚzən	compound	qu|ran	0.2	0.3333333333333333	0.6	kʊɹɑn	kɝən	0.4	0.75
Rabbinism	ɹæbɪnɪzəm	ɹæbaɪnɪzəm	ɹæbɪnɪzəm	ɹæbɪnɪzəm	compound	rabbi|n|ism	0.1	0.0	0.0	ɹæbɪnɪzəm	ɹæbənɪzəm	0.0	0.1111111111111111
Radelaide	ɹædəleɪd	ɹædəleɪd	ɹeɪdleɪd	ɹædɛleɪd	compound	radel|aide	0.0	0.375	0.125	ɹədəleɪd	ɹædəleɪd	0.125	0.0
Raisinet	ɹeɪzənɛt	ɹeɪzənɛt	ɹeɪsɪnɛt	ɹeɪsɪnt	compound	raisin|et	0.0	0.25	0.42857142857142855	ɹeɪzɪnɛt	ɹeɪzənɛt	0.125	0.0
Rakaia	ɹakaɪɑː	ɹækeɪaɪə	ɹækeɪə	ɹeɪkeɪə	compound	rak|ai|a	0.5	0.5	0.5714285714285714	ɹəkaɪə	ɹəkaɪə	0.3333333333333333	0.3333333333333333
Ramah	ɹɑːmɑ	ɹɑməh	ɹæmə	ɹæmə	compound	rama|h	0.4	0.5	0.5	ɹɑmə	ɹæmə	0.25	0.5
Ramaytush	ɹɑːmaɪtuʃ	ɹɑməjtʊʃ	ɹæmeɪtʌʃ	ɹæmeɪʊʃ	compound	rama|y|tush	0.375	0.375	0.5714285714285714	ɹəmaɪtʊʃ	ɹeɪmeɪtʊʃ	0.25	0.4444444444444444
Ramea	ɹæmiə	ɹeɪmə	ɹeɪmiə	ɹeɪmi	compound	rame|a	0.6	0.3333333333333333	0.6	ɹəmiə	ɹəmiə	0.2	0.2
Ranihar	ɹɑːniːhɑːɹ	ɹænihɑɹ	ɹænɪhɑɹ	ɹænihɚ	compound	rani|har	0.14285714285714285	0.2857142857142857	0.5	ɹənɪhɑɹ	ɹænɪhɑɹ	0.2857142857142857	0.2857142857142857
Ranulph	ɹænəlf	ɹɑnəlf	ɹænʌlf	ɹænʌlf	compound	ra|nulph	0.16666666666666666	0.16666666666666666	0.16666666666666666	ɹænʌlf	ɹænəlf	0.16666666666666666	0.0
Ratass	ɹətæs	ɹætæs	ɹæɾæs	ɹætəs	compound	rat|ass	0.2	0.4	0.4	ɹɑtəs	ɹeɪtəs	0.4	0.5
Rathlin	ɹæθlɪn	ɹæθlɪn	ɹæθlɪn	ɹæθlɪn	compound	rath|lin	0.0	0.0	0.0	ɹæθlɪn	ɹæθlɪn	0.0	0.0
Rathmines	ɹæθmaɪnz	ɹæθmaɪnz	ɹæθmaɪnz	ɹæθmaɪnz	compound	rath|mines	0.0	0.0	0.0	ɹæθmaɪnz	ɹæθmaɪnz	0.0	0.0
Raurimu	ɹaʊɹiːmuː	ɹəɹɪmu	ɹɔɹɪmu	ɹɔɹɪmu	compound	rau|rimu	0.16666666666666666	0.3333333333333333	0.3333333333333333	ɹəɹimu	ɹɔɹimu	0.0	0.16666666666666666
Ravenclaw	ɹeɪvənklɔː	ɹeɪvənklɔ	ɹeɪvəŋklɔ	ɹeɪvənəlɔ	compound	raven|claw	0.0	0.1111111111111111	0.1111111111111111	ɹeɪvənklɔ	ɹeɪvənklɔ	0.0	0.0
Ravenslee	ɹeɪvənzli	ɹeɪvənzli	ɹeɪvənsli	ɹeɪvənsli	compound	ravens|lee	0.0	0.1111111111111111	0.1111111111111111	ɹeɪvənzli	ɹævənsli	0.0	0.375
Reaganaut	ɹeɪɡənnɔːt	ɹeɪɡənəʊt	ɹiɡənɔt	ɹiɡənət	compound	reagan|au|t	0.2222222222222222	0.42857142857142855	0.5714285714285714	ɹeɪɡənət	ɹiɡənət	0.25	0.5714285714285714
Reaganauts	ɹeɪɡənnɔːts	ɹeɪɡənəʌts	ɹiɡənɔts	ɹiɡənəts	compound	reagan|a|uts	0.2	0.375	0.5	ɹiɡənɔts	ɹiɡənəts	0.375	0.5
Rebackk	ɹiːbæk	ɹibæk	ɹᵻbækk	ɹɛbækk	compound	reback|k	0.0	0.3333333333333333	0.3333333333333333	ɹɪbæk	ɹibæk	0.2	0.0
Redruth	ɹədɹuːθ	ɹɛdɹuθ	ɹidɹuθ	ɹɛdɹuθ	compound	red|ruth	0.16666666666666666	0.16666666666666666	0.16666666666666666	ɹɛdɹuθ	ɹidɹuθ	0.16666666666666666	0.16666666666666666
Rehal	ɹeɪhəl	ɹihəl	ɹᵻhæl	ɹihəl	compound	reha|l	0.4	0.6	0.4	ɹɪhəl	ɹihæl	0.2	0.6
Reidville	ɹiːdvɪl	ɹidvɪl	ɹidvɪl	ɹidvɪl	compound	reid|ville	0.0	0.0	0.0	ɹidvɪl	ɹaɪdvɪl	0.0	0.2857142857142857
Remuera	ɹɛmuːɪəɹə	ɹɛməiəɹə	ɹᵻmjuɹə	ɹɛmjuɹə	compound	rem|u|era	0.25	0.5714285714285714	0.42857142857142855	ɹəmjuɹə	ɹɛmjuɹə	0.5714285714285714	0.42857142857142855
Renat	ɹənɑːt	ɹinət	ɹᵻnæt	ɹɛnət	compound	rena|t	0.4	0.4	0.4	ɹɪnɑt	ɹɛnət	0.2	0.4
Rhemish	ɹiːmɪʃ	ɹɛmɪʃ	ɹɛmɪʃ	ɹɛmɪʃ	compound	rhem|ish	0.2	0.2	0.2	ɹɛmɪʃ	ɹɛmɪʃ	0.2	0.2
Rhene	hɹiːniː	ɑɹeɪtʃɛni	ɹin	ɹin	compound	rh|en|e	0.6666666666666666	0.6666666666666666	0.6666666666666666	ɹin	ɹin	0.6666666666666666	0.6666666666666666
Rhinelander	ɹaɪnlændɚ	ɹaɪnlændɜ	ɹaɪnləndɚ	ɹɪnləndɚ	compound	rhineland|er	0.1111111111111111	0.1111111111111111	0.25	ɹaɪnlændɚ	ɹaɪnlændɝ	0.0	0.1111111111111111
Roblox	ɹoʊblɒks	ɹɑbəlɒks	ɹɑblɑks	ɹɑblɑks	compound	robl|ox	0.375	0.42857142857142855	0.42857142857142855	ɹəʊblɒks	ɹɑblɑks	0.0	0.42857142857142855
Roganite	ɹoʊɡənaɪt	ɹəʊɡənaɪt	ɹɑɡənaɪt	ɹəʊɡənɪt	compound	rogan|ite	0.0	0.25	0.125	ɹəʊɡənaɪt	ɹəʊɡənaɪt	0.0	0.0
Romagnol	ɹoʊmənjoʊl	ɹəʊmæɡnəʊl	ɹɑməɡnɑl	ɹɑməɡnəl	compound	ro|magno|l	0.3	0.75	0.625	ɹɒmnəɡɒl	ɹəʊməɡnɑl	0.75	0.4444444444444444
Roraima	ɹəʊɹaɪmə	ɹəʊɹɑimɑ	ɹoɹeɪmə	ɹɔɹeɪmə	compound	ro|rai|ma	0.375	0.42857142857142855	0.42857142857142855	ɹɔɹeɪmə	ɹɔɹeɪmə	0.42857142857142855	0.42857142857142855
Rosalindian	ɹɒzəlɪndiən	ɹɑzəlɪndiən	ɹəʊzəlɪndiən	ɹəʊsəlɪndiən	compound	rosalind|ian	0.09090909090909091	0.16666666666666666	0.25	ɹəʊzəlɪndiən	ɹəʊzəlɪndiən	0.16666666666666666	0.16666666666666666
Roswellian	ɹɒzwɛliən	ɹɑswɛliən	ɹəswɛliən	ɹɑswɛliən	compound	roswell|ian	0.2222222222222222	0.2222222222222222	0.2222222222222222	ɹɑswɛliən	ɹəswɛljən	0.2222222222222222	0.3333333333333333
Rothes	ɹɒθɪs	ɹəʊðs	ɹɑðz	ɹʌðɪz	compound	rothe|s	0.6	1.0	0.6	ɹəʊðz	ɹəʊðz	0.8	0.8
Rowcliffe	ɹəʊklɪf	ɹəʊklɪf	ɹəʊklɪf	ɹəʊklɪf	compound	row|cliffe	0.0	0.0	0.0	ɹəʊklɪf	ɹəʊklɪf	0.0	0.0
Roxburgh	ɹɒksbəɹə	ɹɑksbɜɡ	ɹɑksbɜɡ	ɹɑksbɚɡ	compound	rox|burgh	0.5714285714285714	0.5714285714285714	0.5714285714285714	ɹɒksbɜɹɡ	ɹɑksbɝɡ	0.25	0.5714285714285714
Ruapehu	ɹuːəpeɪhuː	ɹuəpeɪə	ɹueɪphu	ɹueɪphu	compound	rua|peh|u	0.2857142857142857	0.42857142857142855	0.42857142857142855	ɹuəpeɪ	ɹuəpeɪhu	0.3333333333333333	0.0
Ruicheng	ɹweɪtʃʌŋ	ɹuɪtʃɛŋ	ɹuɪtʃɛŋ	ɹutʃɪŋ	compound	ru|ich|eng	0.42857142857142855	0.42857142857142855	0.6666666666666666	ɹut͡ʃʌŋ	ɹutʃɛŋ	0.5714285714285714	0.6666666666666666
Rusyn	ɹuːsɪn	ɹəsɪn	ɹʌsɪn	ɹəsɪn	compound	rus|yn	0.2	0.2	0.2	ɹɪsɪn	ɹusɪn	0.2	0.0
Ryukyu	ɹiuːkjuː	ɹiukju	rjukɪu	ɹiəkju	compound	ryu|kyu	0.0	0.5	0.16666666666666666	ɹiukju	ɹiukju	0.0	0.0
Ryukyuan	ɹjuːkjuːən	ɹiukjuən	rjukjuən	ɹiəkjuən	compound	ryu|kyu|an	0.125	0.125	0.25	ɹiukjʊən	ɹiukjuən	0.25	0.125
SMOrc	smɔɹk	smɔɹk	ɛsɛmɔɹk	smɔɹk	compound	s|mor|c	0.0	0.2857142857142857	0.0	smɔɹk	smɔɹk	0.0	0.0
Saanich	sænɪtʃ	sɑænitʃ	sɑnɪʃ	sɑænɪk	compound	sa|ani|ch	0.2857142857142857	0.4	0.5	sænɪt͡ʃ	sɑnɪtʃ	0.14285714285714285	0.16666666666666666
Salii	sæliiː	sæli	sælɪaɪ	sæli	compound	sal|ii	0.25	0.5	0.25	seɪli	səli	0.6	0.5
Salishan	seɪlɪʃən	seɪlɪʃən	sælɪʃən	sælɪʃən	compound	salish|an	0.0	0.2857142857142857	0.2857142857142857	səlɪʃən	sælɪʃən	0.2857142857142857	0.2857142857142857
Saljūqian	sældʒuːkiən	sældʒukiən	sældʒukiən	sɑldʒiʒən	compound	[]	0.0	0.0	0.4444444444444444	sɑlʒukaɪən	sældʒukiən	0.4	0.0
Samothrace	sæməθɹeɪs	sæməθɹeɪs	sæməθɹeɪs	sæməθɹəs	compound	samoth|race	0.0	0.0	0.25	sæmɒθɹeɪs	sæməθɹeɪs	0.1111111111111111	0.0
Samothraki	sæməθɹækiː	sæməθɹæki	sæməθɹæki	sæməθɹeɪki	compound	samoth|raki	0.0	0.0	0.2	sæmɒθɹɪki	səməθɹɑki	0.2222222222222222	0.2222222222222222
Sanico	səniko	sænikəʊ	sænɪkəʊ	sænɪkəʊ	compound	sani|co	0.42857142857142855	0.5714285714285714	0.5714285714285714	sænɪkəʊ	sɑnikəʊ	0.5714285714285714	0.42857142857142855
Sarkeesian	sɑːɹkiːziən	sɑɹkiziən	sɑɹkiʒən	sɑɹkiʃən	compound	sark|ees|ian	0.0	0.25	0.25	sɑɹkɪʃən	sɑɹkiʒən	0.375	0.25
Saroyan	səɹɔɪən	sɑɹɔɪən	sæɹɔɪən	sɑɹɔɪən	compound	sar|oy|an	0.14285714285714285	0.14285714285714285	0.14285714285714285	səɹɔɪən	sɝɔɪən	0.0	0.3333333333333333
Savai'i	səvaɪji	sɑvəi	sæveɪi	sæveɪz	compound	sava|ii	0.8	0.5	0.6666666666666666	sævaɪ	sɑvɑii	0.6	0.6666666666666666
Schengen	ʃɛŋən	ɛtʃɛŋən	ʃɛndʒən	ʃɛndʒən	compound	sch|engen	0.2857142857142857	0.42857142857142855	0.42857142857142855	ʃəŋən	ʃɛŋən	0.2	0.0
Schurz	ʃʊɹts	ʃɝz	ʃɜz	ʃɚz	compound	schur|z	1.3333333333333333	1.3333333333333333	1.3333333333333333	ʃɝz	ʃɝts	1.3333333333333333	0.5
SecDef	sɛkdɛf	sɛkdɛf	sɛkdɛf	sɛkdɪf	compound	sec|def	0.0	0.0	0.16666666666666666	sɛkdɛf	sɛkdɛf	0.0	0.0
Seleucian	sɪljuːsɪən	sɪluʃən	sɛluʃiən	sɛluʃən	compound	seleucia|n	0.42857142857142855	0.5	0.5714285714285714	səlɛuʃən	səluʃən	0.5	0.5714285714285714
Seljook	sɛldʒuːk	sɛldʒʊk	sɛldʒʊk	sɛldʒʊk	compound	sel|jook	0.14285714285714285	0.14285714285714285	0.14285714285714285	sɛld͡ʒʊk	sɛldʒʊk	0.25	0.14285714285714285
Seljookian	sɛldʒukiən	sɛldʒʊkiən	sɛldʒʊkiən	sɛldʒʊkiən	compound	sel|jook|ian	0.1	0.1	0.1	sɛld͡ʒʊkiən	sɛldʒʊkiən	0.18181818181818182	0.1
Seljouk	sɛldʒuːk	sɛldʒəʊuk	sɛldʒək	sɛljək	compound	sel|jo|uk	0.2222222222222222	0.14285714285714285	0.5	sɛld͡ʒuk	sɛldʒuk	0.125	0.0
Seljoukian	sɛldʒukiən	sɛldʒəʊukiən	sɛldʒəkiən	sɛldʒɔɪkiən	compound	sel|jo|uk|ian	0.16666666666666666	0.1	0.18181818181818182	sɛld͡ʒukjən	sɛldʒukiən	0.18181818181818182	0.0
Seljuckian	sɛldʒʌkiən	sɛldʒukiən	sɛldʒʌkiən	sɛldʒʌkiən	compound	sel|ju|ck|ian	0.1	0.0	0.0	sɛld͡ʒʌkiən	sɛldʒəkiən	0.09090909090909091	0.1
Semey	sɪmeɪ	simj	sɛmi	sɛmi	compound	seme|y	0.75	0.75	0.75	sɛmi	sɛmi	0.75	0.75
Sengkang	sɛŋkɑːŋ	sɛŋkæŋ	sɛŋkæŋ	sɛŋkæŋ	compound	seng|kang	0.16666666666666666	0.16666666666666666	0.16666666666666666	sɛŋkɑŋ	sɛŋkæŋ	0.0	0.16666666666666666
Serangoon	səɹæŋɡuːn	seɪɹæŋɡun	sɛɹəŋɡun	sɚæŋɡun	compound	se|rangoon	0.2222222222222222	0.25	0.2857142857142857	sɛɹəŋɡun	sɛɹənɡun	0.25	0.375
Sercquiais	sɛəɹkijeɪ	sɜɹkkiaɪz	sɜkwɪaɪz	sɚkwwiz	compound	ser|c|qui|ais	0.6666666666666666	0.875	1.0	sɚkwaɪz	sɝkwieɪ	1.0	0.7142857142857143
Sergipe	sɜːɹʒiːpi	sɛɹdʒipii	sɜdʒaɪp	sɚdʒɪp	compound	sergi|pe	0.3333333333333333	0.5714285714285714	0.6666666666666666	sɜɹd͡ʒɪp	sɝdʒɪp	0.5	0.6666666666666666
Setebos	sɛtɛbʌs	sɛtɛbəʊz	sɛtibəʊz	sɛtbəʊz	compound	set|eb|os	0.375	0.5	0.5714285714285714	sɛteɪbəʊz	sɛtəbəʊz	0.5555555555555556	0.5
Setebosian	sɛtɛbɒsiən	seɪtɛbəʊsiɑn	sɛɾɪbəʊʒən	sɛtbəʊʃən	compound	se|tebo|sian	0.4166666666666667	0.5	0.4444444444444444	sɛtəbəʊsiən	sɛtəbəʊʒən	0.2727272727272727	0.4
Sevan	sevɑːn	seɪvən	sɛvæn	sɛvən	compound	sev|an	0.3333333333333333	0.4	0.4	seɪvən	sɛvən	0.3333333333333333	0.4
Shahbag	ʃɑːbɑːɡ	ʃɑbæɡ	ʃɑbæɡ	ʃæhbəɡ	compound	shah|bag	0.2	0.2	0.5	ʃɑbæg	ʃɑbæɡ	0.4	0.2
Shakopee	ʃɑːkəpiː	ʃækəʊpi	ʃækəʊpi	ʃeɪkəʊpi	compound	shako|pee	0.2857142857142857	0.2857142857142857	0.375	ʃəkəpi	ʃækəpi	0.16666666666666666	0.16666666666666666
Shakra	ʃɑːkɹə	ʃɑkɹɑ	ʃækɹə	ʃækɹə	compound	sha|kra	0.2	0.2	0.2	ʃəkɹə	ʃækɹə	0.2	0.2
Shalë	ʃalə	ʃalə	ʃælɛ	ʃəl	compound	[]	0.0	0.5	0.6666666666666666	ʃəleɪ	ʃælə	0.6	0.25
Shanyang	ʃænjæŋ	ʃænjæŋ	ʃænjɑŋ	ʃænjæŋ	compound	shan|yang	0.0	0.16666666666666666	0.0	ʃɑnjæŋ	ʃənjæŋ	0.16666666666666666	0.16666666666666666
Shaoguan	ʃaʊɡwɑn	ʃəɡwɑn	ʃeɪɑɡjuən	ʃeɪɡən	compound	shao|guan	0.0	0.6666666666666666	0.6666666666666666	ʃəɡwɑn	ʃəɡwɑn	0.0	0.0
Shaoxing	ʃaʊʃɪŋ	ʃəʃɪŋ	ʃeɪɑksɪŋ	ʃeɪzɪŋ	compound	shao|xing	0.0	0.625	0.5	ʃəʃɪŋ	ʃəɑksɪŋ	0.0	0.42857142857142855
Shaviana	ʃeɪviænə	ʃeɪviənə	ʃæviɑnə	ʃeɪviənə	compound	shavian|a	0.125	0.42857142857142855	0.125	ʃəviənə	ʃɑviɑnə	0.42857142857142855	0.42857142857142855
Shenqiu	ʃʌntʃjoʊ	ʃɛntʃu	ʃɛŋkɪu	ʃɛnʃu	compound	shen|qiu	0.6666666666666666	1.1666666666666667	1.0	ʃɛntʃu	ʃɛnkiu	0.6666666666666666	1.0
Sherbrooke	ʃɝbɹʊk	ʃɝbɹʊk	ʃɜbɹʊk	ʃɚbɹuk	compound	sher|brooke	0.0	0.16666666666666666	0.3333333333333333	ʃɜɹbɹʊk	ʃɝbɹʊk	0.2857142857142857	0.0
Shevchenko	ʃeɪvtʃɛnkɔː	ʃivtʃɛnkəʊ	ʃɛvtʃɛŋkəʊ	ʃɛvtʃɛŋkəʊ	compound	she|v|chen|ko	0.4	0.5	0.5	ʃɛvt͡ʃɛŋkəʊ	ʃɛvtʃɛŋkəʊ	0.5454545454545454	0.5
Shichahai	ʃɪtʃɑːhaɪ	ʃitʃɑhaɪ	ʃɪtʃəhaɪ	ʃɪtʃəheɪ	compound	shi|cha|hai	0.125	0.125	0.25	ʃɪt͡ʃəhaɪ	ʃɪtʃəhaɪ	0.2222222222222222	0.125
Shilha	ʃɪlhɑ	ʃilhɑ	ʃɪlhə	ʃɪlhə	compound	shi|l|ha	0.2	0.2	0.2	ʃɪlɑ	ʃɪlhə	0.25	0.2
Shillingstone	ʃɪlɪŋstən	ʃɪlɪŋztəʊn	ʃɪlɪŋstəʊn	ʃɪlɪŋstəʊn	compound	shillings|tone	0.2	0.1	0.1	ʃɪlɪŋstəʊn	ʃɪlɪŋstəʊn	0.1	0.1
Shinar	ʃaɪnɑːɹ	ʃɪnɑɹ	ʃɪnɑɹ	ʃɪnɚ	compound	shin|ar	0.2	0.2	0.75	ʃɪnɑɹ	ʃɪnɑɹ	0.2	0.2
Shinigami	ʃɪnɪɡɑːmi	ʃɪnɪɡɑmi	ʃaɪnɪɡɑmi	ʃɪnɪɡəmi	compound	shin|ig|ami	0.0	0.1111111111111111	0.125	ʃɪnɪɡəmi	ʃiniɡɑmi	0.125	0.25
Shio	ʃiɔ	ʃiəʊ	ʃiəʊ	ʃiəʊ	compound	shi|o	0.5	0.5	0.5	ʃiəʊ	ʃiəʊ	0.5	0.5
Shitmas	ʃɪtməs	ʃɪtmæs	ʃɪtməz	ʃɪtməz	compound	shit|mas	0.16666666666666666	0.16666666666666666	0.16666666666666666	ʃɪtmæs	ʃɪtməz	0.16666666666666666	0.16666666666666666
Shunem	ʃunəm	ʃʌnəm	ʃʌnəm	ʃʌnəm	compound	shun|em	0.2	0.2	0.2	ʃunəm	ʃunəm	0.0	0.0
Shuntak	ʃʌntæk	ʃʌntæk	ʃʌntæk	ʃʌntək	compound	shunt|ak	0.0	0.0	0.16666666666666666	ʃʌntæk	ʃəntək	0.0	0.3333333333333333
Shushan	ʃuːʃæn	ʃʌʃən	ʃʌʃən	ʃʌʃən	compound	shush|an	0.4	0.4	0.4	ʃuʃən	ʃəʃən	0.2	0.4
Shymkent	ʃɪmkɛnt	ʃaɪmkɛnt	ʃaɪmkənt	ʃɪmənt	compound	shy|m|kent	0.125	0.25	0.3333333333333333	ʃaɪmkɛnt	ʃɪmkənt	0.125	0.14285714285714285
Sianfu	siːɑnfu	siɑnfu	saɪənfu	saɪənfu	compound	sian|fu	0.0	0.42857142857142855	0.42857142857142855	ʃiɑnfu	siɑnfu	0.16666666666666666	0.0
Sibsey	sɪbzi	sɪbzu	sɪbsi	sɪbsi	compound	sibs|ey	0.2	0.2	0.2	sɪbsɪ	sɪbsi	0.4	0.2
Siccawei	sɪːkəweɪ	sɪkəweɪ	sɪkəweɪ	sɪtʃəwi	compound	sicca|wei	0.0	0.0	0.5714285714285714	sɪkəweɪ	sɪkəwaɪ	0.0	0.14285714285714285
Sidmouth	sɪdməθ	sɪdməθ	sɪdməθ	sɪdməθ	compound	sid|mouth	0.0	0.0	0.0	sɪdməθ	sɪdməθ	0.0	0.0
Silifke	sɪlɪfkeɪ	sɪlɪfkɛ	sɪlɪfk	sɪlɪfk	compound	sil|if|ke	0.2857142857142857	0.3333333333333333	0.3333333333333333	sɪlɪk	sɪlɪfki	0.6	0.2857142857142857
Silves	sɪlvəs	sɪlvis	sɪlvz	sɪlvz	compound	sil|ve|s	0.16666666666666666	0.4	0.4	sɪlvɛs	sɪlvz	0.16666666666666666	0.4
Simeonite	sɪmiənaɪt	sɪmiənaɪt	saɪmənaɪt	saɪmənɪt	compound	simeon|ite	0.0	0.2222222222222222	0.375	sɪmiənaɪt	sɪmiənaɪt	0.0	0.0
Sinesian	saɪniːziən	saɪnziən	saɪniʒən	saɪnʃən	compound	sines|ian	0.125	0.25	0.42857142857142855	sɪniziən	sɪniʒən	0.125	0.42857142857142855
Singaporized	sɪŋəpɔɹaɪzd	sɪŋəpɔɹaɪzd	sɪŋɡəpɚɹaɪzd	sɪŋəpɚaɪzd	compound	singaporize|d	0.0	0.16666666666666666	0.2	sɪŋɡəpɔɹaɪzd	sɪŋɡəpɝaɪzd	0.08333333333333333	0.2727272727272727
Singaporizes	sɪŋəpɔɹaɪzəz	sɪŋəpɔɹaɪzs	sɪŋɡəpɚɹaɪzᵻz	sɪŋəpɚaɪzz	compound	singaporize|s	0.18181818181818182	0.23076923076923078	0.3	sɪŋɡəpɔɹaɪzɪz	sɪŋɡəpɝaɪzɪz	0.15384615384615385	0.3333333333333333
Sinopean	saɪnəpiːən	saɪnəʊpiən	sɪnəʊpiən	sɪnəʊpən	compound	sino|pean	0.1	0.2222222222222222	0.375	sɪnəpiən	sɪnəpiən	0.125	0.125
Sinophobic	saɪnəfəʊbɪk	saɪnəʊfəʊbɪk	sɪnəfəʊbɪk	sɪnəfəbɪk	compound	sino|phobic	0.08333333333333333	0.1	0.2222222222222222	saɪnəfəʊbɪk	sɪnəfɑbɪk	0.0	0.3333333333333333
Siraya	səɹaɪə	siɹeɪə	sɜɹeɪə	sɪɹeɪə	compound	si|raya	0.3333333333333333	0.3333333333333333	0.3333333333333333	sɪɹaɪə	sɪɹɑjə	0.16666666666666666	0.5
Skamania	skəmeɪniə	skɑmeɪniə	skæmeɪniə	skæməniə	compound	ska|mania	0.1111111111111111	0.1111111111111111	0.375	skeɪmeɪniə	skəmeɪniə	0.2	0.0
Skelmersdale	skɛlməzdeɪl	skɛlmɝzdeɪl	skɛlmɚsdeɪl	skɛlmɚzdəl	compound	s|kelm|ers|dale	0.09090909090909091	0.18181818181818182	0.3	skɛlmɚsdeɪl	skɛlmɝzdeɪl	0.18181818181818182	0.09090909090909091
Skidegate	skɪdɪɡɪt	skɪdiɡeɪt	skaɪdɡeɪt	skaɪdəɡeɪt	compound	skid|e|gate	0.2222222222222222	0.3333333333333333	0.3	skɪdɪɡeɪt	skaɪdɡeɪt	0.1111111111111111	0.3333333333333333
Skopostheorie	skəʊpəʊsteɪəɹiː	skɑpəʊsthiɔɹi	skɑpəʊsthɪɚɹi	skɑpɑsθuɹi	compound	skop|ost|he|ori|e	0.38461538461538464	0.3076923076923077	0.8	skɒpɒsθiəɹi	skəpɑsθiɝi	0.6363636363636364	0.8
Skuld	skʊld	skuld	skʌld	skʌld	compound	s|ku|l|d	0.2	0.2	0.2	skʌld	skəld	0.2	0.2
Slavia	slɑːviə	slɑviə	slɑviə	sleɪviə	compound	slavi|a	0.0	0.0	0.2857142857142857	sleɪviə	sleɪviə	0.2857142857142857	0.2857142857142857
Slavonicism	sləvɒnɪsɪzm	sləvɑnɪkɪzəm	slævɑnɪsɪzəm	sleɪvənɪsɪzəm	compound	slavonic|ism	0.25	0.25	0.3076923076923077	sləvɒnɪsɪzəm	sləvɑnəsɪzəm	0.08333333333333333	0.25
Sleipnir	sleipnɪɹ	sleɪpnɪɹ	sleɪpnɪɹ	slipnɚ	compound	s|lei|p|nir	0.125	0.125	0.5	slaɪpnɪɹ	slaɪpnɝ	0.25	0.5714285714285714
Sliema	sliːmə	slimə	sliɛmə	slimə	compound	s|liem|a	0.0	0.16666666666666666	0.0	slaɪmə	slimə	0.3333333333333333	0.0
Smyrnaean	smɝniːən	smɝnəiən	smaɪəniən	smɪɹnəən	compound	smyrna|ean	0.125	0.3333333333333333	0.375	smɝniən	smɝniən	0.0	0.0
Sneetch	sniːtʃ	snitʃ	snitʃ	snitʃ	compound	snee|tch	0.0	0.0	0.0	snɪtʃ	snitʃ	0.2	0.0
Socinian	soʊsɪniːən	səʊʃɪniən	səsɪniən	səsɪniən	compound	soc|in|ian	0.1111111111111111	0.125	0.125	səsɪniən	səsɪniən	0.125	0.125
Soham	səʊəm	səʊæm	səʊhæm	səʊəm	compound	soh|am	0.2	0.3333333333333333	0.0	səʊəm	səʊhəm	0.0	0.16666666666666666
Sokil	sɔːkɪl	sɑkɪl	sɑkɪl	səʊkəl	compound	sok|il	0.2	0.2	0.5	sɒkɪl	səʊkəl	0.2	0.5
Sopwith	sɒpwɪθ	sɒpwɪð	sɑpwɪθ	sɑpwɪθ	compound	sop|with	0.16666666666666666	0.16666666666666666	0.16666666666666666	sɒpwɪð	sɑpwɪθ	0.16666666666666666	0.16666666666666666
Southwark	sʌðək	səθwɔɹk	səθwɔɹk	səθwɚk	compound	south|wark	0.7142857142857143	0.7142857142857143	0.6666666666666666	səθwɔɹk	səθwɔɹk	0.7142857142857143	0.7142857142857143
Soyoos	suːjuːs	səʊjuz	sɔɪuz	sɔɪuz	compound	so|yoos	0.5	0.6	0.6	sɔɪuz	sɔɪuz	0.6	0.6
Spatialism	speɪʃəlɪzəm	speɪʃəlɪzəm	speɪʃɪəlɪzəm	speɪʃəlɪzəm	compound	spatial|ism	0.0	0.08333333333333333	0.0	speɪʃəlɪzəm	speɪʃəlɪzəm	0.0	0.0
Spotland	spɒtlænd	spɒtlænd	spɑtlənd	spɑtlənd	compound	spot|land	0.0	0.25	0.25	spɒtlænd	spɑtlənd	0.0	0.25
Spuffy	spʌfi	spʌfi	spʌfi	spʌfi	compound	s|puffy	0.0	0.0	0.0	spʌfi	spəfi	0.0	0.2
Squeenix	skwiːnɪks	skwinɪks	skwinɪks	skwinɪks	compound	squee|nix	0.0	0.0	0.0	skwɪnɪks	skwinɪks	0.125	0.0
Stanislaus	stænɪslɔːs	stænɪsləs	stænɪsləs	stænɪsləs	compound	stanis|lau|s	0.1111111111111111	0.1111111111111111	0.1111111111111111	stænɪsləs	stænɪsləs	0.1111111111111111	0.1111111111111111
Stansfeld	stænzfiːld	stænzfɛld	stænsfɛld	stænsfɛld	compound	stans|feld	0.1111111111111111	0.2222222222222222	0.2222222222222222	stænsfɛld	stænsfɛld	0.2222222222222222	0.2222222222222222
Stephanonian	stɛfənoʊniən	stɛfənəʊniən	stɛfənəʊniən	stɛfənəniən	compound	stephan|oni|an	0.0	0.0	0.09090909090909091	stɪfæn.ə.ni.ən	stɛfənəʊniən	0.35714285714285715	0.0
Stewiacke	stjuːiæk	stjuiəki	stuɪæki	stuiək	compound	stew|ia|ck|e	0.25	0.42857142857142855	0.3333333333333333	stjuiæk	stuiæk	0.0	0.16666666666666666
Stilbon	stɪlbɒn	stɪlbɒn	stɪlbən	stɪlbən	compound	stilb|on	0.0	0.14285714285714285	0.14285714285714285	stɪlbən	stɪlbən	0.14285714285714285	0.14285714285714285
Stornoway	stɔɹnəweɪ	stɔɹnəʊweɪ	stoɹnəweɪ	stɔɹnəʊweɪ	compound	stor|noway	0.1	0.1111111111111111	0.1	stɔɹnəweɪ	stɔɹnəʊweɪ	0.0	0.1
Strathclyde	stɹæθklaɪd	stɹæθklaɪd	stɹæθklaɪd	stɹæθklaɪd	compound	strath|clyde	0.0	0.0	0.0	stɹæθklaɪd	stɹæθklaɪd	0.0	0.0
Strontian	stɹɒntiːən	stɹɑnʃiən	stɹɔnʃən	stɹənʃən	compound	strontia|n	0.2222222222222222	0.375	0.375	stɹɒntiən	stɹɑnʃən	0.0	0.375
Stubbington	stʌbɪŋtən	stʌbɪŋtən	stʌbɪŋtən	stʌbɪŋtən	compound	stubbing|ton	0.0	0.0	0.0	stʌbɪŋtən	stəbɪŋtən	0.0	0.1111111111111111
Sunakism	suːnækɪzəm	sunækɪzəm	sʌneɪkɪzəm	suneɪkɪzəm	compound	sunak|ism	0.0	0.3	0.2	sʌnəkɪzəm	sunəkɪzəm	0.2222222222222222	0.1111111111111111
Sunakite	suːnækaɪt	sunækaɪt	sʌnəkaɪt	sunəkɪt	compound	sunak|ite	0.0	0.25	0.2857142857142857	sʌnəkaɪt	sunəkaɪt	0.25	0.125
Sunita	suːniːtə	sunitɑ	sjuniɾə	sənɪtə	compound	suni|ta	0.16666666666666666	0.2857142857142857	0.3333333333333333	sʊnɪtə	sunitə	0.3333333333333333	0.0
Supes	suːps	sups	sups	supz	compound	supe|s	0.0	0.0	0.25	sups	sups	0.0	0.0
Sutekh	suːtɛk	sutɛkh	suɾɛk	sutɪk	compound	su|tek|h	0.16666666666666666	0.2	0.2	sutɛk	sutɛk	0.0	0.0
Swadesh	swɑːdɛʃ	swɑdɛʃ	swɑdɛʃ	sweɪdʃ	compound	swad|esh	0.0	0.0	0.5	swɑdɛʃ	swɑdɛʃ	0.0	0.0
Swanage	swɒnɪdʒ	swɒneɪdʒ	swɑnɪdʒ	swɑnɪdʒ	compound	swan|age	0.125	0.14285714285714285	0.14285714285714285	swɒnɪd͡ʒ	swɑnɪdʒ	0.125	0.14285714285714285
Swarga	swʌɹɡə	swɔɹɡə	swɔɹɡə	swɔɹɡə	compound	s|warga	0.16666666666666666	0.16666666666666666	0.16666666666666666	swɑɹɡə	swɔɹɡə	0.16666666666666666	0.16666666666666666
Swithun	swɪðən	swɪðən	swɪðʌn	swɪθən	compound	s|with|un	0.0	0.16666666666666666	0.16666666666666666	swɪðən	swɪθən	0.0	0.16666666666666666
Sylvian	sɪlviən	sɪlviən	sɪlviən	sɪlviən	compound	sylvia|n	0.0	0.0	0.0	sɪlvɪən	sɪlviən	0.14285714285714285	0.0
Syrphidae	səɹfədi	sɜɹfədeɪ	sɪəfɪdi	sɪɹfɪdeɪ	compound	syrphid|ae	0.375	0.42857142857142855	0.5	sɪɹfɪdeɪ	sɝfɪdeɪ	0.5	0.7142857142857143
Tadesse	tɑdɛsə	tædɛs	teɪdəs	teɪdɪs	compound	tad|esse	0.4	0.6666666666666666	0.6666666666666666	tædis	tədɛs	0.6	0.4
Tai'an	taɪɑn	taɪən	teɪən	teɪzən	compound	tai|an	0.2	0.4	0.5	taɪɑn	taɪən	0.0	0.2
Taihape	tʌɪhapi	taɪhæpi	teɪheɪp	teɪheɪp	compound	tai|hap|e	0.2857142857142857	0.5714285714285714	0.5714285714285714	taɪheɪp	taɪheɪp	0.5714285714285714	0.5714285714285714
Taihoku	taɪhɒku	taɪhɔkə	teɪhəʊku	teɪhəʊku	compound	tai|hok|u	0.2857142857142857	0.375	0.375	taɪhɔkʊ	taɪhəʊku	0.2857142857142857	0.25
Taiqian	taɪtʃjæn	taɪdʒɪn	teɪkiən	tɑiʃən	compound	tai|qian	0.5714285714285714	0.7142857142857143	0.8333333333333334	taɪkɛn	teɪkiən	0.6666666666666666	0.7142857142857143
Taizhong	taɪʒɔŋ	taɪʒɒŋ	teɪʒɑŋ	teɪzɑŋ	compound	tai|zhong	0.16666666666666666	0.3333333333333333	0.5	taɪʒɒŋ	taɪzhɔŋ	0.16666666666666666	0.2857142857142857
Taizhou	taɪdʒoʊ	taɪʒu	teɪʒu	teɪhə	compound	tai|zhou	0.6	0.8	0.8	taɪd͡ʒəʊ	taɪzhu	0.125	0.6666666666666666
Takaka	tɪkɑːkɑː	tɑkəkɑ	tækɑkə	tækəkə	compound	taka|ka	0.3333333333333333	0.3333333333333333	0.5	tɑkɑkə	təkɑkə	0.3333333333333333	0.3333333333333333
Takanawa	tɑkənɑwə	tɑkɑnɑwə	tækənɑwə	teɪkənəwə	compound	ta|kanawa	0.125	0.125	0.3333333333333333	tɒkənɑwə	tɑkənɑwə	0.125	0.0
Tamar	tɑːmɑɹ	tɑməɹ	tæmɚ	tæmɚ	compound	tama|r	0.2	0.75	0.75	tæmɚ	tæmɝ	0.75	0.75
Tamilism	tamilɪzəm	tæmɪlɪzəm	tæmɪlɪzəm	tæməlɪzəm	compound	tamil|ism	0.2222222222222222	0.2222222222222222	0.2222222222222222	tæmɪlɪzəm	tæməlɪzəm	0.2222222222222222	0.2222222222222222
Tampines	tæmpəniːs	tæmpɪniz	tæmpaɪnz	tæmpaɪnz	compound	tampin|es	0.25	0.5	0.5	tæmpaɪnz	tæmpaɪnz	0.5	0.5
Tamworth	tæmwəɹθ	tæmwɜθ	tæmwɜθ	tæmwɚθ	compound	tam|worth	0.3333333333333333	0.3333333333333333	0.3333333333333333	tæmwəɹθ	tæmwɝθ	0.0	0.3333333333333333
Tangyin	tæŋjɪn	tæŋiɪn	tæŋiɪn	tændʒiɪn	compound	tangy|in	0.16666666666666666	0.16666666666666666	0.5	tæŋd͡ʒɪn	tæŋjɪn	0.375	0.0
Tanit	tɑːnɪt	tɑnit	tænɪt	tænɪt	compound	tani|t	0.2	0.2	0.2	tɑnɪt	tænɪt	0.0	0.2
Tarrafal	tɑːɹəfɑːl	tɑɹæfæl	tæɹæfəl	tɛɹəfəl	compound	tarr|af|al	0.2857142857142857	0.42857142857142855	0.2857142857142857	tæɹəfəl	tɛɹəfəl	0.2857142857142857	0.2857142857142857
Tarragona	tæɹəɡəʊnə	tæɹəɡənə	tæɹəɡənə	tɛɹəɡəʊnə	compound	tarragon|a	0.125	0.125	0.1111111111111111	tæɹəɡəʊnə	tɑɹəɡəʊnə	0.0	0.1111111111111111
Tasburgh	teɪzbəɹə	tæsbɜɡ	tæsbɜɡ	tæsbɚɡ	compound	tas|burgh	1.0	1.0	1.0	tæsbɜɹɡ	tæsbɝɡ	0.7142857142857143	1.0
Taswegian	tæzwiːdʒiən	tæswidʒiɑn	tæswidʒən	tæswɛɡiən	compound	tas|we|gian	0.2	0.2222222222222222	0.4444444444444444	tæzweɪd͡ʒən	təswidʒən	0.36363636363636365	0.3333333333333333
Taymanitic	taɪmənɪtɪk	teɪmənɪtɪk	teɪmənɪɾɪk	teɪmənɪtɪk	compound	tayman|itic	0.1	0.2	0.1	teɪmənɪtɪk	teɪmənɪtɪk	0.1	0.1
Tcl	tɪkəl	tkl	tisiɛl	tkl	compound	t|c|l	0.6666666666666666	0.6666666666666666	0.6666666666666666	tiɛkɛl	tisiɛl	0.5	0.6666666666666666
Tcler	tɪkəlɚ	tkəlɹ	tiklɜ	tklɚ	compound	t|cle|r	0.4	0.6	0.5	tklɚ	tiklɝ	0.5	0.6
Tehama	təheɪmə	tihɑmə	tɛhɑmə	tɛəmə	compound	te|hama	0.5	0.5	0.8	tihɑmə	tɛhɑmə	0.5	0.5
Teign	tiːn	tiɡn	teɪn	taɪn	compound	teig|n	0.25	0.5	0.5	teɪn	taɪn	0.5	0.5
Temuka	tiːmuːkə	tɛmukə	tɛmjukə	tɛmjukə	compound	tem|uk|a	0.16666666666666666	0.2857142857142857	0.2857142857142857	tɛmukə	tɛmukə	0.16666666666666666	0.16666666666666666
Tenasserim	tənæsəɹɪm	tɛnæsɹɪm	tɛnəsɚɹɪm	tinəsɚɪm	compound	ten|asse|rim	0.25	0.3333333333333333	0.5	tɛnəsɛɹɪm	tɛnæsɝɪm	0.3333333333333333	0.375
Teochew	tioʊtʃuː	teɪəʊtʃju	tɪɑtʃu	tutʃu	compound	teo|chew	0.3333333333333333	0.5	0.6	tɪəʃu	tiəʊtʃu	0.6	0.0
Teonaht	teɪoʊnɑːθ	teɪəʊnɑt	tɪɑnɑt	təʊnɑt	compound	teo|nah|t	0.125	0.6666666666666666	0.5	tinɑt	tiənɑt	1.0	0.6666666666666666
Termez	tɛəɹmɛz	tɝmɛz	tɜmɛz	tɚmɛz	compound	ter|mez	0.6	0.6	0.6	tɜɹmɪz	tɝmɛz	0.5	0.6
Terrenceville	tɛɹənsvɪl	tɛɹənsvɪl	tɛɹənsvɪl	tɛɹənsɛvɪl	compound	terrence|ville	0.0	0.0	0.1	tɛɹənsvɪl	tɛɹənsvɪl	0.0	0.0
Tewahedo	tɛwəhɛdoʊ	teɪwəhidəʊ	tuəhidəʊ	tuəhdəʊ	compound	tewa|hed|o	0.3	0.375	0.42857142857142855	teɪwəheɪdəʊ	tɛwəhidəʊ	0.36363636363636365	0.1111111111111111
Thalassian	θəlæsiən	θælæsiən	θælæʃən	θələsiən	compound	thal|ass|ian	0.125	0.42857142857142855	0.125	θəlæsiən	θəlæʃən	0.0	0.2857142857142857
Thamirabarani	tɑːməɹəbʌɹəni	θæmaɪɹəbæɹɑni	θæmɚɹæbəɹɑni	θæmɚəbɚəni	compound	tham|ira|barani	0.46153846153846156	0.5	0.6	θæmɪɹæbəɹənaɪ	θæmɪɹəbɝɑni	0.5384615384615384	0.5454545454545454
Thaxted	θækstɪd	θækstɛd	θækstᵻd	θækstd	compound	th|axt|ed	0.14285714285714285	0.14285714285714285	0.16666666666666666	θækstɪd	θækstɪd	0.0	0.0
Theropoda	θiɹəpɑːdə	θɛɹəpɒdə	ðɚɹəpəʊdə	θɛɹəpəʊdə	compound	theropod|a	0.25	0.4444444444444444	0.3333333333333333	θəɹɑpədə	θɝəʊpəʊdə	0.375	0.5555555555555556
Thirkill	θɜːɹkɪl	θiɹkɪl	θɜkɪl	θɚkɪl	compound	thi|r|kill	0.16666666666666666	0.2	0.4	θɜɹkɪl	θɝkɪl	0.0	0.4
Throwendham	θɹəʊəndəm	θɹəʊɛndhæm	θɹəʊɪndæm	θɹəʊɛndhæm	compound	throw|end|ham	0.3	0.2222222222222222	0.3	θɹəʊəndəm	θɹəʊɛndhəm	0.0	0.2
Throwendish	θɹəʊəndɪʃ	θɹəʊɛndɪʃ	θɹəʊɪndɪʃ	θɹəʊɛndɪʃ	compound	throw|end|ish	0.1111111111111111	0.1111111111111111	0.1111111111111111	θɹəʊɛndɪʃ	θɹəʊɛndɪʃ	0.1111111111111111	0.1111111111111111
Thunderdome	θʌndɚdəʊm	θʌndədəʊm	θʌndɚdəʊm	θʌndɚdəʊm	compound	thunder|dome	0.1111111111111111	0.0	0.0	θʌndəɹdəʊm	θəndɝdəʊm	0.2	0.2222222222222222
Thwaites	θweɪts	θweɪts	θweɪts	θwaɪts	compound	thwaite|s	0.0	0.0	0.16666666666666666	θweɪ̯ts	θweɪts	0.14285714285714285	0.0
Tiantongyuan	tjɛntʊŋjuɛn	tjɑntɒŋjuən	tjæntəŋjuən	ʃəntəndʒjuən	compound	tian|tong|yuan	0.2727272727272727	0.2727272727272727	0.6666666666666666	tjɒntʊŋjuɑn	taɪəntɑŋjuən	0.18181818181818182	0.4166666666666667
Tiksi	tɪksi	tɪksi	tɪksi	tɪksi	compound	tik|si	0.0	0.0	0.0	tɪksi	tɪksi	0.0	0.0
Timaru	tɪməɹu	tɪməɹə	tɪmɑɹɹu	tɪmɑɹu	compound	timar|u	0.16666666666666666	0.2857142857142857	0.16666666666666666	tɪməɹu	tɪmɑɹu	0.0	0.16666666666666666
Timbuktoo	tɪmbʌktuː	tɪmbuktu	tɪmbəktu	tɪmbəktu	compound	timb|uk|too	0.125	0.125	0.125	tɪmbəktu	tɪmbəktu	0.125	0.125
Timișoara	timiʃwɑɹɑ	timiʃwɑɹɑ	tɪmɪsoɹə	tɪmiəʊɹə	compound	[]	0.0	0.75	0.625	tɪmiʃɔɹɑ	tɪmiʃœɑɹə	0.375	0.3333333333333333
Tinian	tɪniən	tɪniən	tɪniən	tɪniən	compound	tin|ian	0.0	0.0	0.0	tɪniən	tɪniən	0.0	0.0
Tippecanoe	tɪpikənuː	tɪpikənu	tɪpɪkænəʊ	tɪpɪkənəʊ	compound	tipp|e|canoe	0.0	0.4444444444444444	0.3333333333333333	tɪpikənəʊ	tɪpəkənəʊ	0.2222222222222222	0.3333333333333333
Titanian	tɪtɑːniən	tɪtɑniən	tɪtɑniən	tɪtəniən	compound	titania|n	0.0	0.0	0.125	taɪtænɪən	tɪteɪniən	0.3333333333333333	0.2222222222222222
Titianesque	tɪʃənɛsk	tɪʃənɛsk	tɪʃiənɛsk	tɪʃənsk	compound	titian|esque	0.0	0.1111111111111111	0.14285714285714285	tiʃiənɛsk	tɪʃənɛsk	0.2222222222222222	0.0
Tkachuk	kətʃʌk	kætʃuk	tikætʃʌk	tkætʃək	compound	tkach|uk	0.3333333333333333	0.375	0.42857142857142855	t͡ʃʌk	tkɑtʃək	0.6	0.42857142857142855
Tlaloc	tləloʊk	tlælʊk	tilælɑk	tlælək	compound	t|lal|oc	0.3333333333333333	0.5714285714285714	0.3333333333333333	tleɪlɒk	tlælək	0.5714285714285714	0.3333333333333333
Toadlena	toʊdlinə	təʊdlinə	təʊdəlnə	təʊdəlnə	compound	toad|lena	0.0	0.25	0.25	tɔdləna	təʊdlinə	0.5714285714285714	0.0
Todmorden	tɒdmɔːdən	tɒdmɔɹdən	tɑdmoɹdən	tɑdmɚdən	compound	tod|morden	0.1111111111111111	0.3333333333333333	0.25	tɒdmɔɹdən	tɑdmɔɹdən	0.1111111111111111	0.2222222222222222
Tokoroa	təʊkəʊɹəʊə	tukəʊɹəʊə	tɑkoɹəʊə	təʊkɚəʊ	compound	to|ko|roa	0.2222222222222222	0.5	0.5714285714285714	tɒkəɹəʊə	təʊkɝəʊə	0.375	0.375
Tooele	tuːɛlə	tuɛli	tuɛl	tul	compound	too|el|e	0.2	0.25	0.6666666666666666	tuli	tul	0.5	0.6666666666666666
Totnes	tɒtnɛs	tɒtnɛs	tɑtnɪz	tɑtnz	compound	tot|nes	0.0	0.5	0.6	tɒtnɪs	təʊtnz	0.16666666666666666	0.6666666666666666
Trantifa	tɹæntiːfə	tɹæntɪfə	tɹæntɪfə	tɹæntɪfə	compound	trant|if|a	0.125	0.125	0.125	tɹæntɪfə	tɹæntifə	0.125	0.0
Treverbyn	tɹɪvɜːɹbɪn	tɹeɪvɜɹbin	tɹᵻvɜbɪn	tɹɛvɚbɪn	compound	tre|verby|n	0.2	0.25	0.375	tɹɛvəɹbɪn	tɹɛvɝbɪn	0.2222222222222222	0.375
Trewin	tɹuːɪn	tɹuɪn	tɹuɪn	tɹuɪn	compound	trew|in	0.0	0.0	0.0	tɹuɪn	tɹuɪn	0.0	0.0
Triadology	tɹaɪədɒlədʒi	tɹaɪædɒlədʒi	tɹaɪədɑlədʒi	tɹaɪədɑlədʒi	compound	triad|ology	0.08333333333333333	0.08333333333333333	0.08333333333333333	tɹaɪədɒləd͡ʒi	tɹaɪədɑlədʒi	0.07692307692307693	0.08333333333333333
Tricity	tɹaɪsɪti	tɹaɪsɪti	tɹaɪsᵻɾi	tɹɪsɪti	compound	tri|city	0.0	0.25	0.14285714285714285	tɹaɪsɪti	tɹɪsəti	0.0	0.2857142857142857
Trilene	tɹʌɪliːn	tɹaɪlin	tɹaɪlin	tɹaɪln	compound	tri|lene	0.14285714285714285	0.14285714285714285	0.3333333333333333	tɹaɪlin	tɹɪlin	0.14285714285714285	0.16666666666666666
Trinitytide	tɹɪnɪtitaɪd	tɹɪnɪtitaɪd	tɹɪnɪtɪɾaɪd	tɹɪnɪtɪtaɪd	compound	trinity|tide	0.0	0.18181818181818182	0.09090909090909091	tɹɪnɪtitɪd	tɹɪnətitaɪd	0.1	0.09090909090909091
Trivandrumite	tɹɪvændɹəmaɪt	tɹəvændɹəmaɪt	tɹaɪvəndɹumaɪt	tɹaɪvəndɹəmɪt	compound	trivandrum|ite	0.07692307692307693	0.21428571428571427	0.23076923076923078	tɹaɪvændɹəmaɪt	tɹaɪvændɹəmaɪt	0.07142857142857142	0.07142857142857142
Truk	tɹuːk	tɹuk	tɹʌk	tɹʌk	compound	t|ru|k	0.0	0.25	0.25	tɹʊk	tɹək	0.25	0.25
Trumpism	tɹʌmpɪsm	tɹʌmpɪzəm	tɹʌmpɪzəm	tɹʌmpɪzəm	compound	trump|ism	0.2222222222222222	0.2222222222222222	0.2222222222222222	tɹʌmpɪzəm	tɹəmpɪzəm	0.2222222222222222	0.3333333333333333
Trumpland	tɹʌmplænd	tɹʌmplænd	tɹʌmplənd	tɹʌmplænd	compound	trump|land	0.0	0.1111111111111111	0.0	tɹʌmplənd	tɹəmplənd	0.1111111111111111	0.2222222222222222
Trumpology	tɹʌmpɒlədʒi	tɹʌmpɒlədʒi	tɹʌmpɑlədʒi	tɹʌmpɑlədʒi	compound	trump|ology	0.0	0.09090909090909091	0.09090909090909091	tɹʌmpɒləd͡ʒi	tɹəmpɑlədʒi	0.08333333333333333	0.18181818181818182
Trumpublican	tɹʌmpʌblɪkən	tɹʌmpʌblɪkən	tɹʌmpəblɪkən	tɹʌmpəblɪkən	compound	t|rum|publican	0.0	0.08333333333333333	0.08333333333333333	tɹʌmpʌblɪkən	tɹəmpəblɪkən	0.0	0.16666666666666666
Trumpublicans	tɹʌmpʌblɪkənz	tɹʌmpʌblɪkənz	tɹʌmpəblɪkənz	tɹʌmpəblɪkənz	compound	t|rum|publicans	0.0	0.07692307692307693	0.07692307692307693	tɹəmpəblɪkənz	tɹəmpəblɪkənz	0.15384615384615385	0.15384615384615385
Tsetserleg	tsɛtsəɹlɛɡ	tsɛtsiɹlɛɡ	tsɛtsɚlɛɡ	tsɛtsɚləɡ	compound	tsetse|r|leg	0.1	0.2222222222222222	0.3333333333333333	tsɛtsɜlɛɡ	tsɛtsɝlɛɡ	0.2222222222222222	0.2222222222222222
Tuatapere	tuːɑːtapəɹiː	tuɑtəpɝ	tuətæpɚ	tʃuətəpɚ	compound	tu|ata|pere	0.5714285714285714	0.7142857142857143	0.75	tjutəpɪəɹ	tuətæpɝ	0.5555555555555556	0.7142857142857143
Tumxuk	tʌmʃʊk	tʌmzuk	tʌmksʌk	tʌmksək	compound	tum|xu|k	0.3333333333333333	0.42857142857142855	0.42857142857142855	tʌmʃʊk	təmʃʊk	0.0	0.16666666666666666
Turkiye	tʊəɹkɪə	tɜɹkijɛ	tɜkɪaɪ	tɚkaɪi	compound	turki|ye	0.7142857142857143	0.8333333333333334	0.8333333333333334	tɜɹkijeɪ	tɝkij	0.75	1.0
Tutuila	tuːtuiːlə	tutuilə	tuɾuɪlə	tutʃuələ	compound	tutu|ila	0.0	0.2857142857142857	0.25	tutuilə	tutuilə	0.0	0.0
Tuvan	tuːvən	tuvən	tuvæn	tuvən	compound	tuva|n	0.0	0.2	0.0	tʃuvən	tuvən	0.16666666666666666	0.0
Tweedmouth	twiːdməθ	twidməθ	twidməθ	twidməθ	compound	tweed|mouth	0.0	0.0	0.0	twidməθ	twidməθ	0.0	0.0
Tyrsenian	tɜːɹsiːniən	tɪɹsɛniən	tɪəsiniən	tɪɹsɛniən	compound	tyr|sen|ian	0.2222222222222222	0.2222222222222222	0.2222222222222222	taɪɹsɛniən	tɝsiniən	0.3	0.25
Tánaiste	tɔːnɪʃtə	tɣɑnɣəʃtjə	tæneɪst	tneɪst	compound	[]	0.5	0.5714285714285714	0.6666666666666666	tænəɪst	tænəɪst	0.5714285714285714	0.5714285714285714
Ubert	jubɝt	jubɝt	jubɚt	ʌbɚt	compound	uber|t	0.0	0.2	0.75	jubɜɹt	jubɝt	0.3333333333333333	0.0
Uchina	uːtʃinɑː	ətʃaɪnə	ʌtʃaɪnə	ʌkɪnə	compound	u|china	0.5714285714285714	0.5714285714285714	1.0	ut͡ʃɪnə	jukinə	0.42857142857142855	0.6666666666666666
Uelen	weɪlɛn	əɛlɛn	julən	ulən	compound	u|el|en	0.6	0.8	1.0	julən	ulən	0.8	1.0
Umbrielian	ʌmbɹiɛliən	ʌmbɹiəliən	ʌmbɹiliən	ʌmbɹiliən	compound	umbriel|ian	0.1	0.1111111111111111	0.1111111111111111	ʌmbɹɪliən	əmbɹiliən	0.2222222222222222	0.2222222222222222
Uniat	juːniːæt	juniæt	junɪæt	juniət	compound	uni|at	0.0	0.16666666666666666	0.16666666666666666	juniæt	juniæt	0.0	0.0
Uphall	ʌphɔːl	ʌphɔl	ʌphɔl	ʌfəl	compound	up|hall	0.0	0.0	0.75	ʌphɔl	əphɔl	0.0	0.2
Upholland	ʌphɒlənd	ʌphɑlənd	ʌphɑlənd	ʌfələnd	compound	up|holland	0.125	0.125	0.42857142857142855	ʌphɒlənd	əphɑlənd	0.0	0.25
Usanian	juːseɪniən	juseɪniən	juzeɪniən	ʌsæniən	compound	usania|n	0.0	0.1111111111111111	0.5714285714285714	juzənɪən	juseɪniən	0.5	0.0
Uskmouth	ʌskməθ	ʌskməθ	ʌskməθ	ʌskməθ	compound	us|k|mouth	0.0	0.0	0.0	ʌskməθ	æskməθ	0.0	0.16666666666666666
Ussuri	uːsʊəɹi	juɛsɛsjɝi	ʌʃɚɹi	ʌsɚi	compound	uss|uri	0.6666666666666666	0.8	1.0	usʊɹi	uʃʊɹi	0.2	0.4
Uyghuristan	wiɡəɹɪstɑːn	wigʊɹɪstən	aɪɡhjʊɹɹɪstæn	waɪɚɪstən	compound	uyghur|ist|an	0.3	0.5384615384615384	0.5555555555555556	juɡuɹɪstæn	aɪɡɝɪstən	0.4	0.5555555555555556
Valencian	vəlɛnsiən	vəlɛnsiən	vəlɛnʃiən	veɪlənʃən	compound	valencia|n	0.0	0.1111111111111111	0.5555555555555556	vəlɛnsiən	vəlɛnʃən	0.0	0.25
Varsovian	vɑːɹsəʊviən	vɑɹzəʊviən	vɑɹsəʊviən	vɑɹsəʊviən	compound	vars|o|vian	0.1	0.0	0.0	vɑɹsəʊviən	vɑɹsəʊviən	0.0	0.0
Velestinon	vɛlɛstɪnɒn	vilɛstɪnɒn	vɛlɪstɪnən	vɛlɛstɪnən	compound	ve|lest|in|on	0.1	0.2	0.1	vɛlɪstɪnən	vɛlɛstɪnən	0.2	0.1
Verascope	vɪəɹəskəʊp	vɛɹəzkəʊp	vɛɹəskəʊp	vɚəskəʊp	compound	veras|cope	0.3333333333333333	0.2222222222222222	0.375	vəɹəskəʊp	vɛɹəskəʊp	0.1111111111111111	0.2222222222222222
Vestan	vɛstən	vɛstən	vɛstən	vɛstən	compound	vesta|n	0.0	0.0	0.0	vɛstæn	vɛstən	0.16666666666666666	0.0
Vestian	vɛstiən	vɛstiən	vɛstʃən	vɛstiən	compound	vest|ian	0.0	0.14285714285714285	0.0	vɛstɪən	vɛstʃən	0.14285714285714285	0.14285714285714285
Vetreno	vɛtɹɪnə	vɛtɹinəʊ	vɛtɹɛnəʊ	vɛtɹinəʊ	compound	vet|reno	0.25	0.25	0.25	vɛtɹɛnəʊ	vɛtɹinəʊ	0.25	0.25
Veurne	vɜːɹnə	viɜni	vjuən	vɚn	compound	ve|urn|e	0.6	0.8	1.0	vɜɹn	vɝn	0.25	1.0
Vidian	vɪdiən	vɪdiən	vɪdiən	vɪdiən	compound	vid|ian	0.0	0.0	0.0	vɪdiən	vɪdiən	0.0	0.0
Viossa	vɪjoʊsə	vaɪɑsə	vaɪɑsə	vaɪəsə	compound	vi|ossa	0.6666666666666666	0.6666666666666666	0.5	vaɪɒsə	viəʊsə	0.6666666666666666	0.3333333333333333
Volodymyr	vəlɒdɪmiɚ	vɑlɒdɪmjɹ	vɑlədɪmɚ	vəʊlədɪmɚ	compound	vol|od|ym|y|r	0.3333333333333333	0.375	0.3333333333333333	vɑlɒdɪmi	vəʊləʊdimɪɹ	0.25	0.5454545454545454
WANs	wæns	wæns	wænz	wɑnz	compound	wan|s	0.0	0.25	0.5	wɑnz	wɑnz	0.5	0.5
Wabana	wəbænə	wɑbænə	wɑbɑnə	wəbənə	compound	wab|ana	0.16666666666666666	0.3333333333333333	0.16666666666666666	wəbænə	wəbænə	0.0	0.0
Waiau	waɪaʊ	waɪəʊ	weɪə	weɪə	compound	wai|au	0.2	0.25	0.25	waɪə	waɪə	0.0	0.0
Waihi	waɪhiː	waɪhaɪ	weɪhaɪ	weɪi	compound	wai|hi	0.3333333333333333	0.5	0.5	waɪhi	waɪhi	0.0	0.0
Waikiwi	wʌɪkiːwi	waɪkiwi	weɪkɪwi	weɪkiwi	compound	wai|kiwi	0.14285714285714285	0.2857142857142857	0.14285714285714285	waɪkiwi	weɪkiwi	0.14285714285714285	0.14285714285714285
Waimate	wʌɪmati	waɪmeɪt	weɪmeɪt	weɪmeɪt	compound	wai|mate	0.5714285714285714	0.5714285714285714	0.5714285714285714	weɪmeɪt	weɪmət	0.5714285714285714	0.5
Wairoa	wʌɪɹəʊə	waɪɹəʊə	wɛɹəʊə	weɪɹəʊ	compound	wai|roa	0.14285714285714285	0.3333333333333333	0.3333333333333333	waɪɹəʊə	weɪɹəʊə	0.14285714285714285	0.14285714285714285
Wang'an	wɑŋæn	wæŋən	wæŋɡən	wɔŋzən	compound	wang|an	0.4	0.5	0.5	wɑŋɡɑn	wæŋən	0.3333333333333333	0.4
Wangan	wɒŋən	wæŋən	wæŋɡən	wɔŋɡən	compound	wang|an	0.2	0.3333333333333333	0.3333333333333333	wæŋɡən	wæŋɡən	0.3333333333333333	0.3333333333333333
Waterlooville	wɔːtəɹluːvɪl	wɔtəluvɪl	wɔɾɚluvɪl	weɪtɚluvəl	compound	waterloo|ville	0.1111111111111111	0.3333333333333333	0.5	wɔtəlɔvɪl	wɔtɝluvɪl	0.2222222222222222	0.2222222222222222
Wałęsa	vəwɛnsə	vawɛwsa	weɪlsə	wɔsə	compound	[]	0.42857142857142855	0.8333333333333334	1.0	vəwɛləsə	vɔwɛnsə	0.25	0.14285714285714285
WeChat	wiːtʃæt	witʃæt	witʃæt	wɛtʃət	compound	we|chat	0.0	0.0	0.3333333333333333	wɪt͡ʃæt	wɛtʃæt	0.2857142857142857	0.16666666666666666
Wealdstone	wiːldstən	wildztəʊn	wildstəʊn	wildstəʊn	compound	wealds|tone	0.2222222222222222	0.1111111111111111	0.1111111111111111	wildstəʊn	wildstəʊn	0.1111111111111111	0.1111111111111111
Wearhead	wɪəɹhɛd	wɛɹhɛd	wɛɹhɛd	wɛɹhəd	compound	wear|head	0.3333333333333333	0.3333333333333333	0.5	wɛɹhɛd	wɛɹhɛd	0.3333333333333333	0.3333333333333333
Wearmouth	wɪəɹməθ	wɛɹməθ	wɛɹməθ	wɛɹməθ	compound	wear|mouth	0.3333333333333333	0.3333333333333333	0.3333333333333333	wɛɹməθ	wɛɹməθ	0.3333333333333333	0.3333333333333333
Weitchpec	wɛtʃpɛk	weɪtʃpɛk	waɪtʃpɛk	waɪtʃpɛk	compound	wei|tch|pec	0.25	0.25	0.25	waɪt͡ʃpɛk	waɪtʃpɛk	0.3333333333333333	0.25
Welshpool	wɛlʃpuːl	wɛlʃpul	wɛlʃpul	wɛlʃpul	compound	welsh|pool	0.0	0.0	0.0	wɛlʃpul	wɛlʃpul	0.0	0.0
Welwood	wɛlwʊd	wɛlwʊd	wɛlwʊd	wɛlwʊd	compound	w|elwood	0.0	0.0	0.0	wɛlwʊd	wɛlwʊd	0.0	0.0
Westphalians	wɛstfeɪljənz	wɛstfeɪljəns	wɛstfeɪliənz	wɛstfəliənz	compound	westphalian|s	0.08333333333333333	0.08333333333333333	0.2727272727272727	wɛstfəliənz	wɛstfeɪljənz	0.2727272727272727	0.0
Westrip	wɛstɹɪp	wɛstɹɪp	wɛstɹɪp	wɛstɹɪp	compound	west|rip	0.0	0.0	0.0	wɛstɹɪp	wɛstɹɪp	0.0	0.0
Westville	wɛstvɪl	wɛstvɪl	wɛstvɪl	wɛstvɪl	compound	west|ville	0.0	0.0	0.0	wɛstvɪl	wɛstvɪl	0.0	0.0
Weybridge	weɪbɹɪdʒ	weɪbɹɪdʒ	weɪbɹɪdʒ	waɪbɹɪdʒ	compound	wey|bridge	0.0	0.0	0.125	weɪbɹɪd͡ʒ	weɪbɹɪdʒ	0.1111111111111111	0.0
Whalsay	wɔːlzi	wɑlseɪ	wælseɪ	wælseɪ	compound	wha|l|say	0.6666666666666666	0.6666666666666666	0.6666666666666666	wɔlseɪ	wɔlseɪ	0.5	0.5
Whatling	wɒtlɪŋ	wɒtlɪŋ	wʌɾəlɪŋ	wætlɪŋ	compound	what|ling	0.0	0.42857142857142855	0.16666666666666666	wɒθlɪŋ	hwɑtlɪŋ	0.16666666666666666	0.2857142857142857
Whewell	hjuːəl	fjuɛl	wjuɛl	wuəl	compound	whew|ell	0.4	0.4	0.5	weɪwɛl	hwɛwɛl	0.8333333333333334	0.6666666666666666
Whewellian	hjuːwɛliən	fjuɛliən	wjuɛliən	wuɛliən	compound	whew|ell|ian	0.25	0.25	0.42857142857142855	fjuɛliən	wɛwɛljən	0.25	0.5
Whitbourne	wɪtbɚn	wɪtbɔn	wɪtboɹn	wɪtbɔɹn	compound	whit|bourne	0.16666666666666666	0.2857142857142857	0.2857142857142857	wɪtbɔɹn	wɪtbɝn	0.2857142857142857	0.16666666666666666
Whitechurch	waɪttʃɜːɹtʃ	waɪttʃɜtʃ	waɪtɛkɜtʃ	waɪttʃɚtʃ	compound	white|church	0.1111111111111111	0.3333333333333333	0.2222222222222222	waɪt͡ʃɜɹt͡ʃ	hwaɪtʃɝtʃ	0.18181818181818182	0.4444444444444444
Whiteway	waɪtweɪ	waɪtweɪ	waɪtweɪ	waɪtweɪ	compound	white|way	0.0	0.0	0.0	waɪtweɪ	hwaɪtweɪ	0.0	0.125
Whitwick	wɪtwɪk	wɪtwɪk	wɪtwɪk	wɪtwɪk	compound	whit|wick	0.0	0.0	0.0	wɪtwɪk	hwɪtwɪk	0.0	0.14285714285714285
Wickfield	wɪkfiːld	wɪkfild	wɪkfild	wɪkfild	compound	wick|field	0.0	0.0	0.0	wɪkfild	wɪkfild	0.0	0.0
Winklevoss	wɪŋkəlvɒs	wɪŋkəlvɔs	wɪŋklɪvɑs	wɪŋkəlvəs	compound	winkle|voss	0.1111111111111111	0.3333333333333333	0.1111111111111111	wɪŋkəlvɔs	wɪŋkəlvɔs	0.1111111111111111	0.1111111111111111
Winterland	wɪntɚlænd	wɪntəlænd	wɪntɚlənd	wɪntɚlənd	compound	winter|land	0.1111111111111111	0.1111111111111111	0.1111111111111111	wɪntɚlənd	wɪntɝlənd	0.1111111111111111	0.2222222222222222
Winwick	wɪnɪk	wɪnwɪk	wɪnwɪk	wɪnwɪk	compound	win|wick	0.16666666666666666	0.16666666666666666	0.16666666666666666	wɪnwɪk	wɪnwɪk	0.16666666666666666	0.16666666666666666
Wishkah	wɪʃkɑː	wɪʃkɑ	wɪʃkə	wɪʃkə	compound	wish|kah	0.0	0.2	0.2	wɪʃkɑ	wɪʃkə	0.0	0.2
Withybrook	wɪðibɹʊk	wɪðibɹʊk	wɪθaɪbɹʊk	wɪθɪbɹʊk	compound	withy|brook	0.0	0.3333333333333333	0.25	wɪðibɹʊk	wɪθibɹʊk	0.0	0.125
Wodonga	wədɒŋɡə	wəʊdɒŋɡə	wɑdɑŋɡə	wəʊdɑŋɡə	compound	wo|donga	0.125	0.2857142857142857	0.25	wɒdɒŋɡə	vəʊdɑŋɡə	0.14285714285714285	0.375
Wolfville	wʊlfvɪl	wʊlfvɪl	wʊlfvɪl	wɔlfvɪl	compound	wolf|ville	0.0	0.0	0.14285714285714285	wʊlfvɪl	wʊlfvɪl	0.0	0.0
Woolfian	wʊlfiən	wʊlfiən	wʊlfiən	wʊlfiən	compound	woolf|ian	0.0	0.0	0.0	wʊlfɪən	wʊlfiən	0.14285714285714285	0.0
Woolfish	wʊlfiʃ	wʊlfɪʃ	wʊlfɪʃ	wʊlfɪʃ	compound	woolf|ish	0.16666666666666666	0.16666666666666666	0.16666666666666666	wʊlfɪʃ	wʊlfɪʃ	0.16666666666666666	0.16666666666666666
Workington	wɜːɹkɪŋtən	wɜkɪŋtən	wɜkɪŋtən	wɚkɪŋtən	compound	working|ton	0.125	0.125	0.25	wɜkɪŋtən	wɝkɪŋtən	0.125	0.25
Wuhu	wuːhuː	wuhu	wuhu	wuu	compound	wu|hu	0.0	0.0	0.3333333333333333	wuhə	wuhu	0.25	0.0
Wujiaqu	wuːdʒiɑːtʃuː	wudʒiəku	wudʒɪɑk	wuʒək	compound	wu|jia|qu	0.375	0.5714285714285714	1.2	wud͡ʒiɑkwi	wudʒiæk	0.4	0.5714285714285714
Wytheville	wɪθvɪl	waɪðvɪl	waɪðvɪl	waɪðɛvəl	compound	wythe|ville	0.2857142857142857	0.2857142857142857	0.5	waɪðəvɪl	waɪðvɪl	0.375	0.2857142857142857
Xanten	sɑːntən	ʃɑntɛn	zænn	ɡzæntən	compound	xan|ten	0.3333333333333333	1.0	0.42857142857142855	zæntən	zæntən	0.3333333333333333	0.3333333333333333
Xian'an	ʃiænɑn	zjɑnən	zaɪənən	ʒiɑnzən	compound	xian|an	0.6666666666666666	0.7142857142857143	0.5714285714285714	ʃiənæn	ʒiənən	0.3333333333333333	0.5
Xianbei	ʃjænbeɪ	zjɑnbiaɪ	zaɪənbeɪ	ksiænbi	compound	xian|be|i	0.5	0.5	0.7142857142857143	ʃinbeɪ	ʒiənbaɪ	0.3333333333333333	0.5714285714285714
Xiang'an	ʃiɑŋæn	ʃiɑŋən	zaɪəŋən	ksiæŋzən	compound	xiang|an	0.16666666666666666	0.7142857142857143	0.625	ʃiɑŋɡɑn	ʒiɑŋən	0.2857142857142857	0.3333333333333333
Xianggang	ʃjɑːŋɡɑːŋ	ʃiɑŋɡæŋ	zaɪəŋɡæŋ	ksiæŋɡæŋ	compound	xiang|gang	0.2857142857142857	0.625	0.625	ʃiɑŋɡɑŋ	ʒiæŋɡæŋ	0.14285714285714285	0.5714285714285714
Xibe	sibe	ɹəʊmənɪlɛvənbi	zaɪb	zaɪb	compound	xi|be	0.9285714285714286	1.0	1.0	ʃib	zaɪb	0.6666666666666666	1.0
Xin'an	ʃɪnɑn	ʃɪnən	zɪnən	ksɪnzən	compound	xin|an	0.2	0.4	0.5714285714285714	ʃɪnɑn	zɪnən	0.0	0.4
Xinan	ʃinæn	ʃɪnən	zɪnən	ksɪnən	compound	xin|an	0.4	0.6	0.6666666666666666	ʃɪnɑn	zaɪnən	0.4	0.6666666666666666
Xinchengzi	ʃɪntʃʌŋdzɪ	ʃɪntʃɛŋzi	zɪntʃɛŋɡzi	ksɪntʃɪŋɡzi	compound	xin|cheng|zi	0.3333333333333333	0.4	0.45454545454545453	ʃɪntʃɛŋzi	ksɪntʃɛŋzi	0.3333333333333333	0.5
Xinfeng	ʃɪnfɛŋ	ʃɪnfɛŋ	zɪnfɛŋ	ksɪnfɪŋ	compound	xin|feng	0.0	0.16666666666666666	0.42857142857142855	ʃɪnfɛŋ	zɪnfɛŋ	0.0	0.16666666666666666
Xinfu	ʃɪnfu	ʃɪnfu	zɪnfu	ksɪnfu	compound	xin|fu	0.0	0.2	0.3333333333333333	ʃɪnfʊ	zɪnfu	0.2	0.2
Xing'an	ʃɪŋɑːn	ʃɪŋən	zɪŋən	ksɪŋzən	compound	xing|an	0.2	0.4	0.5714285714285714	ʃɪŋɑn	zɪŋən	0.0	0.4
Xingcheng	ʃɪŋtʃɛŋ	ʃɪŋtʃɛŋ	zɪŋtʃɛŋ	ksɪŋtʃɪŋ	compound	xing|cheng	0.0	0.14285714285714285	0.375	ʃɪŋtʃɛŋ	zɪŋtʃɛŋ	0.0	0.14285714285714285
Xingguo	ʃɪŋɡwoʊ	ʃɪŋɡuəʊ	zɪŋɡjuəʊ	ksɪŋdʒuəʊ	compound	xing|gu|o	0.14285714285714285	0.375	0.5555555555555556	ʃɪŋɡuəʊ	zɪŋɡwəʊ	0.14285714285714285	0.14285714285714285
Xinghualing	ʃɪŋhwɑlɪŋ	ʃɪŋhuəlɪŋ	zɪŋhjueɪlɪŋ	ksɪŋhuəlɪŋ	compound	xing|hua|ling	0.2222222222222222	0.45454545454545453	0.4	ʃɪŋɡwɑlɪŋ	zɪŋhjuəlɪŋ	0.1111111111111111	0.4
Xingjiang	ʃɪŋdʒiæŋ	ʃɪŋdʒɑŋ	zɪŋdʒjɑŋ	ksɪŋdʒiɑŋ	compound	xing|jiang	0.2857142857142857	0.375	0.3333333333333333	ʃɪŋd͡ʒiɑŋ	zɪŋdʒiɑŋ	0.2222222222222222	0.25
Xingping	ʃɪŋpɪŋ	ʃɪŋpɪŋ	zɪŋpɪŋ	ksɪŋɡpɪŋ	compound	xing|ping	0.0	0.16666666666666666	0.375	ʃɪŋpɪŋ	zɪŋpɪŋ	0.0	0.16666666666666666
Xingqing	ʃɪŋtʃɪŋ	ʃɪŋkɪŋ	zɪŋkɪŋ	ksɪŋɡkɪŋ	compound	xing|qing	0.3333333333333333	0.5	0.5	ʃɪŋtʃɪŋ	zɪŋkɪŋ	0.0	0.5
Xingshan	ʃɪŋʃɑn	ʃɪŋʃæn	zɪŋʃən	ksɪŋʃən	compound	xing|shan	0.16666666666666666	0.3333333333333333	0.42857142857142855	ʃɪŋʃən	zɪŋʃən	0.16666666666666666	0.3333333333333333
Xingyang	ʃɪŋjæŋ	ʃɪŋjæŋ	zɪŋjɑŋ	zɪndʒiæŋ	compound	xing|yang	0.0	0.3333333333333333	0.625	ʃɪŋjæŋ	zɪŋjæŋ	0.0	0.16666666666666666
Xiong'an	ʃjɒŋɑːn	ʒɔŋən	kʃəŋæn	ʒɔŋzən	compound	xiong|an	0.8	0.6666666666666666	0.8333333333333334	ʃjɔŋɡɑn	ʒɔŋən	0.2857142857142857	0.8
Xuhui	ʃuːhweɪ	zuhuɪ	zjuhjui	juhi	compound	xu|hui	0.6	0.7142857142857143	1.0	ʃuhwi	zuhui	0.4	0.8
Yandex	jandɛks	jændɛks	jændɛks	jændɪks	compound	yan|dex	0.14285714285714285	0.14285714285714285	0.2857142857142857	jændɛks	jændɛks	0.14285714285714285	0.14285714285714285
Yangpu	jæŋpu	jæŋpu	jɑŋpu	jæŋpu	compound	yang|pu	0.0	0.2	0.0	jæŋpʊ	jæŋpu	0.2	0.0
Yangshupu	jæŋʃupu	jæŋʃupu	jɑŋʃupu	jæŋʃupu	compound	yang|shu|pu	0.0	0.14285714285714285	0.0	jɑŋʃupʊ	jæŋʃupu	0.2857142857142857	0.0
Yangxin	jɑnʃiːn	jæŋʃɪn	jɑŋksɪn	jæŋɡksɪn	compound	yang|xin	0.5	0.5714285714285714	0.75	jæŋʃɪn	jæŋksɪn	0.5	0.7142857142857143
Yangzi	jæŋzi	jæŋzi	jɑŋzi	jæŋɡzi	compound	yang|zi	0.0	0.2	0.16666666666666666	jɑŋd͡ʒi	jæŋzi	0.5714285714285714	0.0
Yanhu	jænhu	jænhu	jænhu	jænhu	compound	yan|hu	0.0	0.0	0.0	jɑnhu	jænhu	0.2	0.0
Yanji	jændʒiː	jændʒi	jændʒi	jændʒi	compound	yan|ji	0.0	0.0	0.0	jænd͡ʒi	jændʒi	0.14285714285714285	0.0
Yanqing	jɑːntʃɪŋ	jænkɪŋ	jæŋkɪŋ	jæŋkɪŋ	compound	yan|qing	0.5	0.6666666666666666	0.6666666666666666	jɑnkɪŋ	jæŋkɪŋ	0.3333333333333333	0.6666666666666666
Yapton	jæptən	jæptən	jæptən	jæptən	compound	yap|ton	0.0	0.0	0.0	jæptən	jæptən	0.0	0.0
Yayan	jɑːjɑːn	jɑjɑn	jeɪən	jeɪən	compound	yaya|n	0.0	0.6	0.6	jaɪən	jaɪən	0.6	0.6
Yerkish	jɜːɹkɪʃ	jɜɹkɪʃ	jɜkɪʃ	jɚkɪʃ	compound	yerk|ish	0.0	0.2	0.4	jɜɹkɪʃ	jɝkɪʃ	0.0	0.4
Yichang	jiːtʃɑŋ	jitʃæŋ	jɪtʃæŋ	jɪʃæŋ	compound	yi|chang	0.16666666666666666	0.3333333333333333	0.6	itʃɑŋ	jaɪtʃæŋ	0.2	0.42857142857142855
Yiwu	jiːwuː	jiwu	jɪwu	jiwu	compound	yi|wu	0.0	0.25	0.0	jiwʌ	jiwu	0.25	0.0
Yiyuan	ijuən	jijuən	jɪjuən	jɪjuən	compound	yi|yuan	0.16666666666666666	0.3333333333333333	0.3333333333333333	jijʊən	jijuən	0.3333333333333333	0.16666666666666666
Yolŋu	juːlŋʊ	julŋʊ	jɑlnu	jəlu	compound	[]	0.0	0.6	0.75	jɒlʊŋɡu	jɑlənu	0.5714285714285714	0.6666666666666666
Yongchang	jɔŋtʃæŋ	jɔŋtʃæŋ	jɑŋtʃæŋ	jɔŋtʃæŋ	compound	yong|chang	0.0	0.14285714285714285	0.0	jɔŋt͡ʃɑŋ	jɔŋtʃæŋ	0.25	0.0
Yongcheng	jɔŋtʃɛŋ	jɔŋtʃɛŋ	jɑŋtʃɛŋ	jɔŋtʃɪŋ	compound	yong|cheng	0.0	0.14285714285714285	0.14285714285714285	jɔŋtʃɛŋ	jɔŋtʃɛŋ	0.0	0.0
Yongchun	jɔŋtʃən	jɔŋtʃən	jɑŋtʃʌn	jɔŋtʃən	compound	yong|chun	0.0	0.2857142857142857	0.0	jɔŋt͡ʃʌn	jɔŋkən	0.25	0.3333333333333333
Yongding	jɔŋdɪŋ	jɔŋdɪŋ	jɑŋdɪŋ	jɔŋdɪŋ	compound	yong|ding	0.0	0.16666666666666666	0.0	jɔŋdɪŋ	jɔŋdɪŋ	0.0	0.0
Yonge	jʊŋ	jɔŋi	jɑndʒ	jɑndʒ	compound	yong|e	0.5	0.8	0.8	jʌŋ	jɔŋ	0.3333333333333333	0.3333333333333333
Yongji	jɔŋdʒi	jɔŋdʒi	jɑŋdʒi	jɔŋdʒi	compound	yong|ji	0.0	0.16666666666666666	0.0	jɔŋd͡ʒi	jɔŋdʒi	0.14285714285714285	0.0
Yongning	jɔŋnɪŋ	jɔŋnɪŋ	jɑŋnɪŋ	jɔŋnɪŋ	compound	yong|ning	0.0	0.16666666666666666	0.0	jʊŋnɪŋ	jɔŋnɪŋ	0.16666666666666666	0.0
Yongshan	jɔŋʃæn	jɔŋʃæn	jɑŋʃən	jɔŋʃən	compound	yong|shan	0.0	0.3333333333333333	0.16666666666666666	jɔŋʃɑn	jɔŋʃən	0.16666666666666666	0.16666666666666666
Ypresian	iːpɹɛziən	ipɹəiən	ɪpɹiʒən	ɪpɹiʃən	compound	ypres|ian	0.2857142857142857	0.5714285714285714	0.5714285714285714	pɹiʒɪn	ɪpɹiʒən	0.8333333333333334	0.5714285714285714
Ys	iːs	js	waɪz	ɪz	compound	y|s	0.5	1.0	1.0	js	aɪz	0.5	1.0
Yumpsville	jʌmpsvɪl	jʌmpsvɪl	jʌmpzvɪl	jʌmpsvɪl	compound	y|umps|ville	0.0	0.125	0.0	jʌmpsvɪl	jəmpsvɪl	0.0	0.125
Yumrembam	jʌmɹɛmbæm	jʌmɹɛmbæm	jumɹɪmbæm	jʌmɹəmbəm	compound	yum|rem|bam	0.0	0.2222222222222222	0.2222222222222222	jʌmɹɛmbəm	jəmɹɪmbæm	0.1111111111111111	0.2222222222222222
Yuzhong	juːdʒɒŋ	juʒɒŋ	juʒɑŋ	juɑŋ	compound	yu|zhong	0.2	0.4	0.75	juʒɒŋ	juzhɔŋ	0.2	0.5
Zagrebian	zɑɡɹɛbiən	zɑɡɹɛbiən	zæɡɹibiən	zæɡɹibiən	compound	zagreb|ian	0.0	0.2222222222222222	0.2222222222222222	zəɡɹɛbiən	zəɡɹibiən	0.1111111111111111	0.2222222222222222
Zaporizhia	zɑːpəɹiːʒiə	zæpɔɹidʒiə	zæpoɹɪʒiə	zɑpɚaɪziə	compound	zap|ori|zhi|a	0.3	0.3333333333333333	0.4444444444444444	zɑpəɹiʒə	zɑpɔɹiʒiə	0.125	0.1111111111111111
Zawra'	zawɹaːʔ	zɑwɹɑ	zɔɹə	zɔɹə	compound	za|w|ra	0.4	0.75	0.75	zɑwɹɑ	zɔɹə	0.4	0.75
Zerahiah	zɛɹəhaɪə	zɛɹəhaɪɑ	zɛɹəhaɪə	zɚəhaɪə	compound	zera|hi|ah	0.125	0.0	0.2857142857142857	zəɹəhaɪə	zɛɹəhiə	0.125	0.2857142857142857
Zhangzi	dʒɑŋdʒiː	ʒæŋzi	ʒæŋzi	zæŋɡzi	compound	zhang|zi	0.8	0.8	0.8333333333333334	d͡ʒɑŋd͡ʒi	ʒæŋzi	0.2222222222222222	0.8
Zhen'an	dʒɛnɑn	zɛnən	ʒɛnən	zɛnzən	compound	zhen|an	0.6	0.4	0.6666666666666666	zɛnæn	ʒɛnən	0.6	0.4
Zhonglu	ʒɔŋlu	ʒɒŋlu	ʒɑŋɡlu	zɑŋlu	compound	zhong|lu	0.2	0.3333333333333333	0.4	d͡ʒɑŋlu	ʒɑŋɡlu	0.42857142857142855	0.3333333333333333
Zhongmu	dʒɔŋmu	ʒɒŋmu	ʒɑŋmu	zɑŋmu	compound	zhong|mu	0.4	0.4	0.6	d͡ʒɒŋmu	ʒɑŋmu	0.2857142857142857	0.4
Zhongnanhai	dʒʊŋnɑnhaɪ	ʒɒŋnænhaɪ	ʒɑŋnənhaɪ	zɔŋnənheɪ	compound	zhong|nan|hai	0.3333333333333333	0.3333333333333333	0.5555555555555556	ʒɒŋnɑnhaɪ	ʒɑŋnənhaɪ	0.2222222222222222	0.3333333333333333
Zhongning	dʒɔŋnɪŋ	ʒɒŋnɪŋ	ʒɑŋnɪŋ	zɔŋnɪŋ	compound	zhong|ning	0.3333333333333333	0.3333333333333333	0.3333333333333333	ʒɒŋnɪŋ	ʒɔŋnɪŋ	0.3333333333333333	0.16666666666666666
Zhongsha	dʒʊŋʃɑː	ʒɒŋʃɑ	ʒɑŋʃə	zɑŋʃə	compound	zhong|sha	0.4	0.6	0.8	ʒɔŋʃɑ	ʒɑŋʃə	0.4	0.6
Zhongwei	dʒɔŋweɪ	ʒɒŋweɪ	ʒɑŋweɪ	zɑŋwi	compound	zhong|wei	0.3333333333333333	0.3333333333333333	1.0	d͡ʒɒŋweɪ	ʒɔŋwaɪ	0.25	0.3333333333333333
Zhongyang	dʒɔŋjæŋ	ʒɒŋjæŋ	ʒəŋjɑŋ	zɑndʒiæŋ	compound	zhong|yang	0.3333333333333333	0.5	0.75	ʒɒŋjæŋ	ʒɑŋjæŋ	0.3333333333333333	0.3333333333333333
Zhongyuan	dʒɔŋjuɑn	ʒɒŋjuən	ʒɑŋjuən	zɑŋjuən	compound	zhong|yuan	0.42857142857142855	0.42857142857142855	0.5714285714285714	ʒɒŋjuɑn	ʒɑŋjuən	0.2857142857142857	0.42857142857142855
Zichang	dzɪtʃɑŋ	zɪtʃæŋ	zɪtʃæŋ	zɪʃæŋ	compound	zich|ang	0.3333333333333333	0.3333333333333333	0.6	zɪtʃɑŋ	zɪtʃæŋ	0.16666666666666666	0.3333333333333333
Zigong	dzɪɡɒŋ	zɪɡɔŋ	zɪɡɔŋ	zɪɡɑŋ	compound	zig|ong	0.4	0.4	0.4	dzɪɡɒŋ	zɪɡɔŋ	0.0	0.4
Zikawei	ziːkɑːweɪ	zɪkəweɪ	zɪkəweɪ	zɪkəwi	compound	zika|wei	0.2857142857142857	0.2857142857142857	0.6666666666666666	zɪkɑweɪ	zɪkəwaɪ	0.14285714285714285	0.42857142857142855
Zipfian	zɪpfiːən	zɪpfiən	zɪpfiən	zɪpfaɪən	compound	zipf|ian	0.0	0.0	0.25	zɪpfɪən	zɪpfiən	0.14285714285714285	0.0
Zizhong	dzɪdʒɒŋ	zɪzhɒŋ	zɪʒɑŋ	zɪzɑŋ	compound	ziz|hong	0.5	0.6	0.8	dzɪd͡ʒɔŋ	zɪzhɔŋ	0.25	0.6666666666666666
Zmiivka	zmiːjiːvkə	zmɪijɪvk	zimɪɪvkə	zmɪɪvkə	compound	z|mi|ivka	0.375	0.5	0.42857142857142855	zmiɪvkə	zmivkə	0.2857142857142857	0.3333333333333333
Zmiyovka	zmɪjɒfkə	zmɪjəʊvkə	zimɪjɑvkə	zmaɪʌvkə	compound	z|mi|yo|vka	0.3333333333333333	0.3333333333333333	0.5	zmiəvəkə	zmiəʊvkə	0.5	0.5
Zolian	zəʊlɪən	zəʊliən	zəʊliən	zəʊliən	compound	z|ol|ian	0.14285714285714285	0.14285714285714285	0.14285714285714285	zəʊliən	zəʊliən	0.14285714285714285	0.14285714285714285
Zuojhen	dzwoʊdʒʌn	zəəʊdʒeɪhɛn	zjuɑdʒhən	zuhən	compound	z|u|oj|hen	0.5454545454545454	0.6666666666666666	1.4	zud͡ʒɛn	zuəhən	0.8571428571428571	1.0
Zybyne	zɪbɪneɪ	zabaɪni	zaɪbaɪn	zaɪbaɪn	compound	zy|by|ne	0.5714285714285714	0.5714285714285714	0.5714285714285714	zaɪbaɪn	zaɪbaɪn	0.5714285714285714	0.5714285714285714
aatheist	eɪeɪθiɪst	ɑɑθiɪst	ɑθiɪst	ææθaɪst	compound	aa|theist	0.5714285714285714	0.6666666666666666	0.7142857142857143	eɪθɪɪst	ɑθiɪst	0.42857142857142855	0.6666666666666666
abarthroses	æbɑɹθɹoʊsiz	æbɑɹθɹəʊzɪz	əbɑɹθɹəʊzᵻz	əbɑɹθɹəʊzz	compound	ab|arth|roses	0.18181818181818182	0.2727272727272727	0.3	əbɑɹθɹəsᵻz	əbɑɹθɹəʊzɪz	0.3	0.2727272727272727
abarthrosis	æbɑɹθɹoʊsɪs	æbɑɹθɹəʊsɪs	əbɑɹθɹəʊsɪs	əbɑɹθɹəʊsɪz	compound	ab|arthrosis	0.0	0.09090909090909091	0.18181818181818182	əbɑɹθɹəʊsɪs	əbɑɹθɹəʊsəs	0.09090909090909091	0.18181818181818182
abayas	əbeɪjəz	əbaɪjəs	əbeɪəz	əbeɪəs	compound	abaya|s	0.2857142857142857	0.16666666666666666	0.3333333333333333	əbaɪəz	əbaɪəz	0.3333333333333333	0.3333333333333333
abbacies	abəsis	æbəsis	æbəsiz	æbəsiz	compound	abba|cie|s	0.16666666666666666	0.3333333333333333	0.3333333333333333	æbəsiz	æbəsiz	0.3333333333333333	0.3333333333333333
abelmosks	eɪbəlmɒsks	eɪbəlmɑsks	eɪbəlmɑsks	əbɛlməsks	compound	abelmosk|s	0.1	0.1	0.4444444444444444	æbəlmɔsks	æbəlmɑsks	0.3333333333333333	0.3333333333333333
abigeat	əbɪdʒiət	æbaɪdʒæt	æbaɪdʒæt	æbɪɡət	compound	ab|ige|at	0.5	0.5	0.6666666666666666	əbɪ.d͡ʒɪt	æbɪdʒiæt	0.4444444444444444	0.25
abite	əbaɪt	æbaɪt	æbaɪt	əbɪt	compound	ab|ite	0.2	0.2	0.25	əbaɪt	əbaɪt	0.0	0.0
ablactate	æblækteɪt	æblækteɪt	əblækteɪt	əblækteɪt	compound	ab|lactate	0.0	0.1111111111111111	0.1111111111111111	əblæktət	əblækteɪt	0.375	0.1111111111111111
ablur	əblɜːɹ	æblɜ	əblɜ	əblɚ	compound	ab|lur	0.5	0.25	0.5	əblɜɹ	əblɝ	0.0	0.5
abnegative	æbnɛɡətɪv	æbnɛɡətɪv	æbnɪɡətɪv	æbnəɡətɪv	compound	ab|negative	0.0	0.1111111111111111	0.1111111111111111	æbnɛɡ.ə.tɪv	æbnəɡətɪv	0.18181818181818182	0.1111111111111111
abolitional	æbəlɪʃənəl	æbəlɪʃənæl	æbəlɪʃənəl	əbəʊlɪʃənəl	compound	abolition|al	0.1	0.0	0.18181818181818182	æb.əlɪʃ.ən.əl	æbəlɪʃənəl	0.23076923076923078	0.0
abolla	əbɒlə	æbɒlə	əbɑlə	əbəʊlə	compound	ab|olla	0.2	0.2	0.3333333333333333	əbɒlə	əbɑlə	0.0	0.2
aborsement	əbɔːɹsmənt	əbɔɹsimənt	əbɔɹsmənt	əbɔɹsəmənt	compound	abor|semen|t	0.1	0.0	0.1	əbɔɹsmənt	əbɔɹsmənt	0.0	0.0
abortoriums	æbɔɹtɔəɹiəmz	æbɔɹtɔɹiəms	əbɔɹtoɹiəmz	əbɔɹtɚiəmz	compound	abortorium|s	0.18181818181818182	0.2727272727272727	0.4	əbɔɹtɔɹi.əmz	æbɝtɔɹiəmz	0.25	0.3
abrogationist	æbɹəɡeɪʃnɪst	æbɹəɡeɪʃənɪst	æbɹəɡeɪʃənɪst	əbɹəʊɡeɪʃənɪst	compound	abrogation|ist	0.07692307692307693	0.07692307692307693	0.21428571428571427	æbɹəgeɪʃənəst	æbɹəɡeɪʃənɪst	0.23076923076923078	0.07692307692307693
absatively	æbsətɪvli	æbzsətɪvlɪ	əbsæɾɪvli	əbzətɪvli	compound	abs|ative|ly	0.2	0.3333333333333333	0.2222222222222222	æb.sə.tɪv.li	æbsətɪvli	0.25	0.0
absement	æbsəmənt	æbzəmɛnt	əbsɛmənt	əbzmənt	compound	abs|em|ent	0.25	0.25	0.42857142857142855	əbsɛmənt	æbsəmənt	0.25	0.0
absinthial	æbsɪnθiəl	æbsɪnθʃəl	əbsɪnθɪəl	æbzɪnθiəl	compound	absinth|ial	0.1111111111111111	0.2222222222222222	0.1111111111111111	æbsɪŋ.θi.əl	æbsɪnθiəl	0.2727272727272727	0.0
absolutive	æbsəluːtɪv	æbsəlutaɪv	æbsəluɾɪv	əbsəlutɪv	compound	absolut|ive	0.1	0.1111111111111111	0.1111111111111111	æb.səlju.tɪv	æbsəlutɪv	0.25	0.0
absotively	æbsətɪvli	æbsəʊtɪvlɪ	əbsɑɾɪvli	əbsəʊtɪvli	compound	abso|tive|ly	0.2	0.3333333333333333	0.2	æb.səʊ.tɪv.li	æbsətɪvli	0.3076923076923077	0.0
abstractitious	æbstɹæktɪʃəs	æbstɹæktɪtəs	əbstɹəktɪʃəs	æbstɹæktɪʃəs	compound	abstract|it|ious	0.08333333333333333	0.16666666666666666	0.0	æbstɹæk.ʃə.ʃəs	æbstɹæktɪʃəs	0.2857142857142857	0.0
abulge	əbʌldʒ	əbʌldʒ	əbʌldʒ	əbʌldʒ	compound	a|bulge	0.0	0.0	0.0	əbʌldʒ	əbəldʒ	0.0	0.16666666666666666
aburn	əbɜːɹn	æbɜn	əbɜn	əbɚn	compound	ab|urn	0.5	0.25	0.5	əbɜɹn	əbɝn	0.0	0.5
abuseful	əbjusfʊl	əbjusfʊl	əbjusfəl	əbjusəfəl	compound	abuse|ful	0.0	0.125	0.2222222222222222	əbjusfəl	əbjusfəl	0.125	0.125
academentia	ækədɪmɛnʃə	ækədɪmɛnʃə	ækədᵻmɛnʃə	əkeɪdɪmɛnʃə	compound	aca|dementia	0.0	0.1	0.2727272727272727	æk.ədɛm.ən.ʃə	ækədəmɛnʃə	0.38461538461538464	0.1
acarus	ækəɹəs	ækəɹəs	əkɑɹɹəs	əkɑɹəs	compound	aca|rus	0.0	0.42857142857142855	0.3333333333333333	ækɚəs	ækɝəs	0.4	0.4
accelerationism	æksɛləɹeɪʃənɪzm	əksɛləɹeɪʃənɪzəm	əksɛlɚɹeɪʃənɪzəm	æksɛlɚeɪʃənɪzəm	compound	acceleration|ism	0.125	0.1875	0.2	æksɛl.əɹeɪ.ʃən.ɪz.m̩	æksɛlɝeɪʃənɪzəm	0.25	0.2
acclimatizational	əklaɪmətɪzeɪʃənəl	əklaɪməɾəzeɪʃənæl	əklaɪməɾᵻzeɪʃənəl	ækəlɪmətɪzeɪʃənəl	compound	acclimatization|al	0.17647058823529413	0.11764705882352941	0.17647058823529413	əklaɪmətaɪzeɪʃənəl	ækləmətəzeɪʃənəl	0.05555555555555555	0.25
accompt	əkɒmpt	əkɑmpt	əkɑmpt	ækəmpt	compound	a|c|compt	0.16666666666666666	0.16666666666666666	0.3333333333333333	ækəʊmpt	əkɑmpt	0.42857142857142855	0.16666666666666666
accouplement	əkʌpəlmənt	əkʌpəlmɛnt	əkʌplɪmənt	ækupəlmənt	compound	accouple|ment	0.1	0.2	0.2	əkʌpəlmənt	əkəpləmənt	0.0	0.3
accrimination	əkɹɪmɪneɪʃən	əkɹɪmᵻneɪʃən	əkɹɪmᵻneɪʃən	ækɹɪməneɪʃən	compound	a|c|crimination	0.08333333333333333	0.08333333333333333	0.16666666666666666	əkɹɪmɪneɪʃən	əkɹɪməneɪʃən	0.0	0.08333333333333333
accumulatio	əkʊmjulɑtio	ækjumjulətaɪəʊ	əkjumjʊleɪʃɪəʊ	ækəmjəleɪʃəʊ	compound	accu|mula|ti|o	0.5714285714285714	0.6428571428571429	0.6666666666666666	əkjum.jəleɪ.ʃi.əʊ	əkjumjəleɪʃiəʊ	0.6470588235294118	0.5714285714285714
acequia	əseɪkjə	eɪskiə	əsɛkwiə	eɪsikwiə	compound	ace|qui|a	0.6666666666666666	0.5714285714285714	0.75	əsɛkwiə	əsikwiə	0.5714285714285714	0.5714285714285714
acerglyn	eɪsəɹɡlɪn	eɪsɝɡlɪn	əsɜɡlɪn	əsɚɡlɪn	compound	acer|glyn	0.25	0.5714285714285714	0.5714285714285714	æsɚglɪn	æsɝɡlɪn	0.7142857142857143	0.5714285714285714
acerola	æsəɹəʊlə	əsɛɹəʊlæ	əsɚɹəʊlə	əsɛɹəʊlə	compound	acero|la	0.375	0.25	0.25	əsɛɹələʊ	æsɝəʊlə	0.5	0.2857142857142857
achievance	ətʃiːvəns	ətʃivəns	ətʃivəns	ætʃivəns	compound	achieva|nce	0.0	0.0	0.125	ət͡ʃi.vəns	ətʃivəns	0.2	0.0
achievings	ətʃiːvɪŋz	ətʃivɪŋs	ətʃivɪŋz	ætʃivɪŋz	compound	achieving|s	0.125	0.0	0.125	ətʃivɪŋz	ətʃivɪŋz	0.0	0.0
achronic	eɪkɹɒnɪk	əkɹɒnɪk	ətʃɹɑnɪk	ækɹənɪk	compound	a|chronic	0.2857142857142857	0.5	0.42857142857142855	əkɹɑnɪk	əkɹɑnɪk	0.42857142857142855	0.42857142857142855
acibenzolar	æsɪbɛnzəlɑːɹ	əsiaɪbɛnzəʊlɑ	əsaɪbənzəʊlɚ	eɪsɪbɛnzəʊlɚ	compound	a|ci|benzo|lar	0.38461538461538464	0.5	0.4166666666666667	əsaɪbɛnzəlɚ	æsəbɛnzəlɝ	0.36363636363636365	0.3
acidimeter	æsədɪmətɚ	æsɪdaɪmitə	əsɪdɪmᵻɾɚ	əsɪdaɪmɛtɚ	compound	acid|i|meter	0.4	0.4444444444444444	0.4	əsɪdəmiɾəɹ	əsɪdəmitɝ	0.7	0.5555555555555556
acks	æks	æks	æks	æks	compound	ack|s	0.0	0.0	0.0	æks	æks	0.0	0.0
acock	əkɒk	əkɒk	ækɑk	ækɑk	compound	a|cock	0.0	0.5	0.5	əkɑk	əkɑk	0.25	0.25
acop	əkɒp	əkɒp	ækəp	əkəp	compound	a|cop	0.0	0.5	0.25	əkɑp	eɪkəp	0.25	0.6
acoustooptics	əkuːstəʊɒptɪks	əkʌztuptɪks	əkustuptɪks	əkəstuptɪks	compound	a|cous|toop|tics	0.45454545454545453	0.2727272727272727	0.36363636363636365	əkəʊstuptɪks	ækəstəʊɑptɪks	0.4166666666666667	0.23076923076923078
acrocephalopolydactylous	ækɹəʊsɛfələʊpɒlidæktɪləs	ækɹəʊsɛpheɪləʊpɑlidæktələs	ækɹəʊsfəlɑpəlɪdəktɪləs	ɪkɹəʊsɛfələpəlidæktilɔs	compound	acro|cep|halo|polydactyl|ous	0.23076923076923078	0.2727272727272727	0.21739130434782608	æk.ɹə.sɛ.fə.ləʊ.pə.lɪdæk.tə.ləs	ækɹəsəfæləpəlaɪdæktələs	0.3548387096774194	0.34782608695652173
acroposthion	ækɹəʊpɒsθɪən	ækɹəʊpəʊsthaɪɒn	ækɹəpəʊsthiən	ɪkɹɑpɑsthaɪən	compound	acro|post|hi|on	0.4	0.46153846153846156	0.5384615384615384	ækɹəpəʊsθiən	ækɹəpɑsθiən	0.3333333333333333	0.2727272727272727
acroter	ækɹətɚ	ækɹəʊtɝ	ækɹəʊɾɚ	ɪkɹəʊtɚ	compound	acro|ter	0.2857142857142857	0.2857142857142857	0.2857142857142857	ækɹətɚ	əkɹəʊtɝ	0.0	0.42857142857142855
actinoid	æktɪnɔɪd	æktɪnɔɪd	æktɪnɔɪd	æktinɔɪd	compound	actin|oid	0.0	0.0	0.125	æktənɔɪd	æktənɔɪd	0.125	0.125
actionee	ækʃəniː	ækʃəni	ækʃəni	ækʃəni	compound	action|ee	0.0	0.0	0.0	ækʃəni	ækʃəni	0.0	0.0
actroid	æktɹɔɪd	æktɹɔɪd	æktɹɔɪd	æktɹɔɪd	compound	act|roid	0.0	0.0	0.0	æktɹɔɪd	əktɹɔɪd	0.0	0.14285714285714285
acyrologia	əsɪɹəlɒdʒiə	əsɪɹəʊləʊdʒiə	əkɪɹɑlədʒə	əsɪɹələʊʒə	compound	a|cyr|o|logia	0.23076923076923078	0.4	0.3	æk.əɹ.ələʊ.d͡ʒi.ə	æsɝələʊdʒiə	0.5882352941176471	0.45454545454545453
adarce	ədɑːɹsi	ədɑɹs	ədɑɹs	ədɑɹs	compound	adar|ce	0.2	0.2	0.2	ədɑɹs	ədɑɹs	0.2	0.2
adelopod	ədɛləpɒd	ədɛlɑpɒd	ədɛləpɑd	ædɛləpəd	compound	adel|op|od	0.125	0.125	0.25	ædəlɑpɑd	ədɛləpɑd	0.5	0.125
adhort	ædhɔːɹt	ædhɔɹt	ədhɔɹt	ædhɔɹt	compound	ad|hort	0.0	0.16666666666666666	0.0	ədɔɹt	ædhɔɹt	0.4	0.0
adiaphanous	ædɪæfənəs	ədaɪæfənəs	eɪdɪæfænəs	eɪdiəfənus	compound	a|diaphanous	0.2	0.3	0.5	ədaɪəfənəs	eɪdiæfənəs	0.3	0.3
adiaphoron	ædiæfəɹən	ɑdiəfəʊɹɑn	eɪdɪæfoɹɑn	eɪdiəfɚən	compound	adia|pho|ron	0.4	0.5	0.5555555555555556	ədaɪəfəɹən	eɪdiæfɝən	0.4	0.4444444444444444
adipocytokine	ædɪpəʊsaɪtəʊkaɪn	ædɪpəʊsaɪɾəkaɪn	ædɪpɑsɪtɑkaɪn	ædɪpəsitəkɪn	compound	ad|ip|o|cytokine	0.13333333333333333	0.38461538461538464	0.4166666666666667	æd.ɪ.pəʊ.saɪtəʊ.kaɪn	ædɪpəsaɪtəkin	0.2	0.3076923076923077
adjutor	ædʒətɚ	ædʒʌtɔ	ədʒuɾɚ	əjutɚ	compound	ad|jut|or	0.3333333333333333	0.5	0.8	ədʒuɾəɹ	ədʒutɝ	0.7142857142857143	0.5
admirability	ædmɪɹəbɪlɪti	ædmaɪɹəbɪlitaɪ	ədmaɪɚɹəbɪlᵻɾi	ædmɚəbɪlɪti	compound	admira|bili|ty	0.2857142857142857	0.35714285714285715	0.18181818181818182	ədmaɪɹəbɪləɾi	ædmɝəbɪlɪti	0.3076923076923077	0.18181818181818182
admirative	ædmaɪɹətɪv	ædmaɪɹətɪv	ædmɚɹətɪv	ædmɚeɪtɪv	compound	admira|tive	0.0	0.2222222222222222	0.4444444444444444	ədmaɪɹətɪv	ædmɪɹətɪv	0.1	0.1111111111111111
adriamycin	eɪdɹɪəmaɪsɪn	ɑdɹiəmaɪsɪn	ædɹɪəmaɪsɪn	ædɹiəmɪsɪn	compound	adria|my|cin	0.2727272727272727	0.18181818181818182	0.4	eɪdɹiəmaɪsɪn	ædɹiæməsɪn	0.08333333333333333	0.6
adstringent	ədstɹɪndʒənt	ædstɹɪndʒənt	ədstɹɪndʒənt	ædstɹɪndʒənt	compound	ad|stringent	0.08333333333333333	0.0	0.08333333333333333	ədstɹɪnd͡ʒənt	ədstɹɪndʒənt	0.07692307692307693	0.0
adustible	ədʌstɪbəl	ədʌstɪbəl	ədʌstᵻbəl	ædʌstɪbəl	compound	adust|ible	0.0	0.1111111111111111	0.1111111111111111	ədʌstəbəl	ədəstəbəl	0.1111111111111111	0.2222222222222222
advoke	ədvəʊk	ædvəʊkɛ	ædvək	ædvəʊk	compound	advo|ke	0.2857142857142857	0.4	0.16666666666666666	ədvəʊk	ədvəʊk	0.0	0.0
adward	ədwɔːɹd	ædwɔd	ədwɚd	ædwɚd	compound	ad|ward	0.4	0.4	0.6	ædwɚd	ædwɝd	0.6	0.6
adzed	ædzəd	ædzd	ædzd	ædzd	compound	adze|d	0.25	0.25	0.25	ædzd	ædzd	0.25	0.25
aerian	eɪɪɹiən	eɪiɑɹiən	ɛɹiən	ɛɹiən	compound	aer|ian	0.25	0.6	0.6	ɛɹiən	ɛɹiən	0.6	0.6
aeromancy	eəɹəmænsi	eɪɹəʊmənsi	ɛɹəʊmənsi	ɛɹəʊmənsi	compound	ae|romancy	0.3	0.4444444444444444	0.4444444444444444	ɛɹəʊmənsi	ɛɹəmənsi	0.4444444444444444	0.375
aes	eɪz	eɪs	eɪiɛs	əz	compound	ae|s	0.3333333333333333	0.6	1.0	eɪz	eɪz	0.0	0.0
afare	əfɛɚ	əfɑi	əfɛɹ	əfɑɹ	compound	afar|e	0.5	0.25	0.5	əfɛɹ	əfɛɹ	0.25	0.25
afelimomab	æfɛlɪməmæb	əfɛləməmæb	əfɛlɪmɑmæb	əfɛlɪməməb	compound	a|felim|omab	0.2	0.2	0.2	æfɪlɪməmæb	əfɛləməmæb	0.1	0.2
affectonym	əfɛktənɪm	əfɛktənɪm	əfɛktənɪm	æfɛktənim	compound	affect|onym	0.0	0.0	0.2222222222222222	æf.ə.ktə.nɪm	əfɛktənɪm	0.4166666666666667	0.0
affriended	əfɹɛndɪd	æffɹɛndᵻd	əfɹɛndᵻd	æfɹindɪd	compound	af|friended	0.3333333333333333	0.125	0.25	əfɹɛndᵻd	əfɹɛndɪd	0.125	0.0
affrighten	əfɹaɪtən	əfɹaɪtɛn	əfɹaɪn	æfɹaɪtən	compound	affright|en	0.125	0.3333333333333333	0.125	əfɹaɪtən	əfɹaɪtən	0.0	0.0
afta'	æftə	ɑftə	æftə	æftə	compound	aft|a	0.25	0.0	0.0	æftə	æftə	0.0	0.0
after't	æftɚt	ɑftət	æftɚt	æftɚɪt	compound	after|t	0.4	0.0	0.16666666666666666	æftɚt	æftɝt	0.0	0.2
agaricology	əɡæɹɪkɒlədʒi	æɡæɹɪkɒlədʒi	æɡəɹɪkɑlədʒi	əɡɑɹɪkələdʒi	compound	agaric|ology	0.08333333333333333	0.25	0.16666666666666666	ægəɹɪkɑlədʒi	æɡɝəkɑlədʒi	0.3333333333333333	0.45454545454545453
agateophobia	əɡeɪtiəʊfəʊbiə	æɡeɪtəʊfəʊbiə	æɡeɪɾəfəʊbiə	æɡeɪʃəʊfəʊbiə	compound	agate|o|phobia	0.15384615384615385	0.3333333333333333	0.23076923076923078	ægətɑfəʊbiə	æɡətiəfəʊbiə	0.6363636363636364	0.3333333333333333
agateware	æɡətwɛɚ	æɡeɪtwɛɹ	æɡeɪtwɛɹ	æɡætwɔɹ	compound	agate|ware	0.375	0.375	0.42857142857142855	ægəteɪwɛɹ	æɡətwɛɹ	0.4444444444444444	0.14285714285714285
aggest	ədʒɛst	æɡdʒɛst	æɡɪst	æɡɪst	compound	ag|gest	0.2857142857142857	0.8	0.8	əgɛst	æɡɪst	0.4	0.8
agha	ɑːɡɑː	æɡhɑ	æɡhə	æɡə	compound	ag|ha	0.5	0.75	0.6666666666666666	ægə	æɡə	1.0	0.6666666666666666
agible	ædʒɪbəl	æɡɪbəl	eɪdʒᵻbəl	æɡɪbəl	compound	ag|ible	0.3333333333333333	0.375	0.3333333333333333	ædʒəbəl	ædʒəbəl	0.14285714285714285	0.14285714285714285
agnathia	æɡneɪθiə	æɡnəθiə	æɡnæθiə	æɡnæθiə	compound	agnath|ia	0.2857142857142857	0.2857142857142857	0.2857142857142857	ægnæθiə	æɡnæθiə	0.42857142857142855	0.2857142857142857
agnogenic	æɡnədʒɛnɪk	æɡnəʊdʒɛnɪk	æɡnəʊdʒɛnɪk	æɡnədʒɛnɪk	compound	ag|no|genic	0.09090909090909091	0.09090909090909091	0.0	ægnəd͡ʒɛnɪk	æɡnədʒɛnɪk	0.18181818181818182	0.0
agonothetes	əɡəʊnəθiːtiz	æɡɒnəʊtihɛtiz	æɡənɑθits	əɡɑnəθɪts	compound	agon|ot|het|es	0.5384615384615384	0.5555555555555556	0.5555555555555556	ægənəθits	æɡənəθits	0.5555555555555556	0.4444444444444444
agrihood	æɡɹɪhʊd	æɡɹihʊd	æɡɹihʊd	æɡɹihʊd	compound	agri|hood	0.14285714285714285	0.14285714285714285	0.14285714285714285	ægɹɪhʊd	æɡɹɪhʊd	0.14285714285714285	0.0
aguinaldo	ɑːɡɪnɑːldoʊ	əɡɪnɑldəʊ	æɡwɪnældəʊ	æɡwinəldəʊ	compound	a|guin|aldo	0.1111111111111111	0.3	0.4	əgɪnɑldəʊ	ɑɡinɑldəʊ	0.2222222222222222	0.1111111111111111
aguise	əɡaɪz	əɡaɪz	æɡaɪz	æɡwis	compound	a|guise	0.0	0.2	0.8	əgaɪz	əɡwaɪz	0.2	0.16666666666666666
agush	əɡʌʃ	æɡʌʃ	æɡʌʃ	əɡʊʃ	compound	ag|ush	0.25	0.25	0.25	əgʌʃ	æɡəʃ	0.25	0.5
ahemeral	eɪhɛməɹəl	əhəmiəɹəl	æhɪmɚɹəl	əhɛmɚəl	compound	ahem|era|l	0.4444444444444444	0.5	0.5714285714285714	əeməɹəl	əhɛmɝəl	0.5714285714285714	0.5714285714285714
ahis	ɑhiz	ɑhis	ɑhaɪz	əhɪz	compound	ahi|s	0.25	0.4	0.5	ɑhiz	æhɪs	0.0	0.75
ahiya	ɑhiə	ɑhijə	æhɪjə	eɪijə	compound	ahi|ya	0.2	0.6	0.6	əhaɪə	əhiə	0.6	0.25
ahlie	əlaɪ	ɑli	ɑli	ɑli	compound	ahl|ie	1.0	1.0	1.0	ɑli	ɑli	1.0	1.0
ahlspiess	ɔːlspiːʃ	ɑlspiz	ɑlspɪs	ɑlspis	compound	ahl|spiess	0.3333333333333333	0.5	0.3333333333333333	ɑlspiɪs	ɑlspiəs	0.42857142857142855	0.42857142857142855
ahorseback	əhɔːɹsbæk	əhɔɹsbæk	æhoɹsɛbæk	əhɔɹsəbæk	compound	ahorse|back	0.0	0.3333333333333333	0.1111111111111111	əhɔɹsbæk	əhɔɹsbæk	0.0	0.0
ahull	əhʌl	əhʌl	æhʌl	əhʌl	compound	a|hull	0.0	0.25	0.0	əhʌl	əhəl	0.0	0.25
aibohphobia	aɪbəʊfəʊbiə	eɪaɪbəʊfəʊbiə	eɪbəʊfəʊbiə	eɪbəʊhfəʊbiə	compound	ai|boh|phobia	0.15384615384615385	0.09090909090909091	0.16666666666666666	eɪaɪbəfəʊbiə	aɪbəʊfəʊbiə	0.25	0.0
aillts	aɪlts	eɪlts	eɪlts	eɪlts	compound	aillt|s	0.2	0.2	0.2	eɪlts	eɪlts	0.2	0.2
ailurophiliac	aɪlʊɹəfɪliæk	aɪlʊɹəfɪliək	eɪlʊɹɹəfɪliæk	eɪlɚəfɪliək	compound	ailurophilia|c	0.08333333333333333	0.15384615384615385	0.36363636363636365	eɪ.lɚ.əfɪ.li.æk	eɪlɝəʊfɪliæk	0.4	0.3333333333333333
ain'tcha	eɪntʃə	eɪnttʃɑ	eɪnttʃə	eɪnztʃə	compound	aint|cha	0.2857142857142857	0.14285714285714285	0.14285714285714285	eɪnt͡ʃə	eɪntʃə	0.14285714285714285	0.0
aisleway	aɪlweɪ	aɪəlweɪ	eɪslweɪ	eɪsəlweɪ	compound	aisle|way	0.14285714285714285	0.2857142857142857	0.375	aɪlsweɪ	eɪzəlweɪ	0.14285714285714285	0.375
akara	ækəɹə	ækəɹɑ	ækɑɹɹə	əkɑɹə	compound	aka|ra	0.2	0.3333333333333333	0.4	ækɚə	əkɑɹə	0.5	0.4
akhund	əkuːnd	ɑkənd	ækhʌnd	ækhʌnd	compound	akh|und	0.4	0.5	0.5	əkʌnd	əkənd	0.2	0.2
aknee	əniː	ækni	ækni	ækni	compound	ak|nee	0.5	0.5	0.5	əni	ækni	0.0	0.5
akropolis	ækɹɒpɒlɪs	ækɹəʊpəlɪs	ækɹɑpəliz	ɪkɹəpəʊlɪs	compound	ak|ro|polis	0.3	0.4444444444444444	0.4	əkɹɒpəlɪs	əkɹɑpəlɪs	0.2222222222222222	0.3333333333333333
akroposthion	ækɹəʊpɒsθɪən	ækɹəʊpəʊsthaɪɒn	ækɹəpəʊsthiən	ɪkɹəpɑsthaɪən	compound	ak|ro|post|hi|on	0.4	0.46153846153846156	0.46153846153846156	ækɹəpɑsθiən	ækɹəpɑsθiən	0.2727272727272727	0.2727272727272727
aks	æks	æks	æks	æks	compound	ak|s	0.0	0.0	0.0	æks	æks	0.0	0.0
alanyl	ælənɪl	ælənɪl	əlænaɪl	ələnəl	compound	alan|yl	0.0	0.42857142857142855	0.3333333333333333	ælənɪl	ælənəl	0.0	0.16666666666666666
alary	eɪləɹi	eɪlɑɹj	əlɑɹɹi	əlɑɹi	compound	alar|y	0.3333333333333333	0.6666666666666666	0.6	əlɛɹi	əlɛɹi	0.6	0.6
albescence	ælbɛsəns	ælbɛsəns	ælbɛsəns	ælbɛsəns	compound	alb|escence	0.0	0.0	0.0	ælbesəns	ælbɛsəns	0.125	0.0
albiness	ælbaɪnɛs	ælbaɪnzs	ælbinəs	ælbɪns	compound	albines|s	0.125	0.42857142857142855	0.3333333333333333	ɔl.bɪn.əs	ælbinəs	0.5555555555555556	0.42857142857142855
albumblatt	ælbəmblæt	ælbəmblæt	ælbəmblæt	ælbəmblæt	compound	album|blatt	0.0	0.0	0.0	ɔlbəmblat	ælbəmblæt	0.2222222222222222	0.0
alcatote	ælkətəʊt	ælkətəʊt	ælkətəʊt	əlkətəʊt	compound	alca|tote	0.0	0.0	0.125	ælkətəʊt	ælkətəʊt	0.0	0.0
alcotest	ælkətɛst	ælkəʊtɛst	ælkəʊtɪst	əlkəʊtɪst	compound	alco|test	0.1111111111111111	0.2222222222222222	0.3333333333333333	ælkətɛst	ælkətɛst	0.0	0.0
alegal	eɪliːɡəl	eɪlɡæl	əliɡəl	əlɛɡəl	compound	ale|gal	0.3333333333333333	0.3333333333333333	0.5	əligəl	ælɪɡəl	0.5	0.5
alferes	ælfɛɹɪs	ælfeəs	əlfɜz	ælfɚz	compound	alf|ere|s	0.5	1.0	0.8	ælfəɹiz	ælfɝz	0.42857142857142855	0.8
alienans	eɪliənænz	eɪliənænz	eɪliənənz	əlinənz	compound	alien|ans	0.0	0.1111111111111111	0.5714285714285714	eɪliənənz	eɪlinənz	0.1111111111111111	0.25
aligot	æliɡoʊ	ælɪɡəʊti	əlɪɡət	ælɪɡət	compound	alig|ot	0.375	0.5	0.3333333333333333	ælɪɡɒt	ælɪɡət	0.5	0.3333333333333333
alim	ɑːlɪm	ɑlim	ælɪm	əlɪm	compound	ali|m	0.25	0.25	0.25	ælɪm	ælɪm	0.25	0.25
aliquant	ælɪkwɒnt	ɑlikwɒnt	ælikwənt	ælikwɑnt	compound	ali|quant	0.25	0.25	0.25	ælɪkwənt	ælɪkwənt	0.125	0.125
alkalied	ælkəlaɪd	ælkəlaɪɛd	ælkælid	ælkəlid	compound	alkali|ed	0.1111111111111111	0.42857142857142855	0.2857142857142857	ælkəlaɪd	ælkəlid	0.0	0.2857142857142857
alkie	ælki	ælki	ælki	ælki	compound	alk|ie	0.0	0.0	0.0	ɔlkaɪ	ɔki	0.6	0.6666666666666666
allecret	ælɪkɹɛt	ɔlɛkɹɛt	əlɛkɹɪt	əlɪkɹɪt	compound	all|ec|ret	0.2857142857142857	0.42857142857142855	0.2857142857142857	ælɪkɹɪt	æləkɹɛt	0.14285714285714285	0.14285714285714285
alleyed	ælid	æliɛd	ælɪd	əlid	compound	alley|ed	0.2	0.25	0.25	æleɪd	əleɪd	0.4	0.6
allistic	ælɪstɪk	ælɪstɪk	ælɪstɪk	ælɪstɪk	compound	allis|tic	0.0	0.0	0.0	əlɪstɪk	əlɪstɪk	0.14285714285714285	0.14285714285714285
allomorphy	æləmɔːɹfi	æləmɔɹfj	æləmoɹfi	ələmɔɹfi	compound	allomorph|y	0.125	0.125	0.125	əlɑmɔɹfi	æləmɔɹfi	0.25	0.0
allosexual	æloʊsɛkʃuəl	æləʊsɛkʃuəl	æləʊskʃuəl	ələʊskʃuəl	compound	allo|sexual	0.0	0.1	0.2	æl.əʊsɛk.ʃu.əl	æləsɛkʃuəl	0.21428571428571427	0.1
allotope	ælətəʊp	əlɒtəʊp	əlɑɾəʊp	ələʊtəʊp	compound	allot|ope	0.2857142857142857	0.42857142857142855	0.25	ælətəʊp	ælətəʊp	0.0	0.0
almude	ælmuːdə	ɑlmud	ɔlmjud	əlmud	compound	alm|ude	0.4	0.5	0.4	ɑlmud	ælmjud	0.4	0.3333333333333333
alphametic	ælfəmɛtɪk	ælfəmɛtɪk	ælfəmɛɾɪk	ælfəmɛtɪk	compound	alpha|metic	0.0	0.1111111111111111	0.0	ælfəmɛtɪk	ælfəmɛtɪk	0.0	0.0
alquifou	ælkɪfuː	ælkifu	əlkwɪfu	əlkwɪfəʊ	compound	al|qui|fou	0.16666666666666666	0.2857142857142857	0.5	ælkɪfə	ælkwəfu	0.16666666666666666	0.2857142857142857
altbier	ɑltbɪɹ	ɑltbiə	ɔltbiɚ	æltbaɪɚ	compound	alt|bier	0.3333333333333333	0.5	0.42857142857142855	ɑlt.bɪɚ	ɔltbiɝ	0.2857142857142857	0.5
alumnx	æləmɛks	æləmnks	əlʌmŋks	əlʌmŋks	compound	alum|n|x	0.14285714285714285	0.42857142857142855	0.42857142857142855	əlʌmnəks	ələmŋks	0.5	0.2857142857142857
alveus	ælviəs	ælviʌs	ælvɪəs	ælvis	compound	al|ve|us	0.16666666666666666	0.16666666666666666	0.2	ælviəs	ælvəs	0.0	0.2
amalgama	əmælɡəmə	əmælɡæmə	əməlɡɑmə	əmɑlɡəmə	compound	amalgam|a	0.125	0.25	0.125	əmælgəmə	ɑmɑlɡɑmə	0.125	0.375
amanitin	æmənaɪtɪn	ɑmənɪtɪn	æmənɪtɪn	əmænɪtɪn	compound	aman|it|in	0.25	0.125	0.375	æmənɪtɪn	əmænətɪn	0.125	0.5
amarantine	æməɹæntɪn	æməɹæntɪni	æmɚɹæntin	əmɑɹæntɪn	compound	amarant|in|e	0.1	0.2222222222222222	0.2222222222222222	æməɹæntin	æmɝæntin	0.1111111111111111	0.375
amarevole	ɑːməɹɛvəleɪ	əmɑɹɛvəʊl	æmɛɹvəʊl	əmɛɹɛvəʊl	compound	amar|ev|ole	0.5555555555555556	0.75	0.5555555555555556	ɑmɑɹɛvəʊli	æmɝɛvəl	0.4	0.7142857142857143
ambassadrix	æmbæsədɹɪks	æmbæsədɹɪks	æmbəsædɹɪks	æmbəsədɹɪks	compound	am|bassa|d|rix	0.0	0.18181818181818182	0.09090909090909091	æmbəsædɹɪks	æmbæsədɹɪks	0.18181818181818182	0.0
ambatch	æmbætʃ	æmbætʃ	æmbætʃ	æmbætʃ	compound	am|batch	0.0	0.0	0.0	æmbætʃ	æmbætʃ	0.0	0.0
ambiamorous	æmbɪæməɹəs	æmbɪæməɹəs	æmbɪæmɚɹəs	æmbiəmɚus	compound	ambi|amorous	0.0	0.1	0.5555555555555556	æmbɪæməɹəs	æmbiæmɝəs	0.0	0.3333333333333333
ambilineal	æmbɪlɪniəl	æmbɪlɪniəl	æmbɪlɪniəl	æmbɪlɪnəl	compound	ambi|lineal	0.0	0.0	0.1111111111111111	æmbəlɪniəl	æmbələnil	0.1	0.3333333333333333
ambisinistrous	æmbɪsɪnɪstɹəs	æmbɪsɪnɪstɹəs	æmbɪsɪnɪstɹəs	æmbɪsɪnɪstɹəs	compound	ambi|sinistrous	0.0	0.0	0.0	æmbɪsɪnɪstɹəs	æmbɪzənɪstɹəs	0.0	0.15384615384615385
ambisyllabic	æmbɪsɪlæbɪk	æmbɪsɪlæbɪk	æmbɪsɪlæbɪk	æmbɪsɪləbɪk	compound	ambi|syllabic	0.0	0.0	0.09090909090909091	æmbəsəlæbɪk	æmbɪsəlæbɪk	0.18181818181818182	0.09090909090909091
ambitransitive	æmbɪtɹænzɪtɪv	æmbɪtɹænsɪtɪv	æmbɪtɹænsᵻtɪv	æmbɪtɹənzɪtɪv	compound	ambi|transitive	0.07692307692307693	0.15384615384615385	0.07692307692307693	æmbɪtɹænsɪtɪv	æmbətɹænzətɪv	0.07692307692307693	0.15384615384615385
ambrisentan	æmbɹɪsɛntæn	æmbɹaɪzntæn	æmbɹɪsɛntən	æmbɹɪsɛntən	compound	am|brise|ntan	0.2727272727272727	0.09090909090909091	0.09090909090909091	æmbɹɪs.n̩tæn	æmbɹɪzɛntən	0.16666666666666666	0.18181818181818182
ambsace	æmzeɪs	æmzeɪs	æmbseɪs	æmbseɪs	compound	ambs|ace	0.0	0.2857142857142857	0.2857142857142857	æm.sbeɪs	æmseɪs	0.375	0.16666666666666666
aminopyralid	əmiːnəʊpɪɹəlɪd	əminəʊpaɪɹælɪd	əmɪnəpɪɹəlɪd	əmɪnəpjɹəlɪd	compound	amino|pyralid	0.14285714285714285	0.16666666666666666	0.25	əmɪn.əpɪɹ.əl.ɪd	əmɪnəpaɪɹəlɪd	0.3333333333333333	0.23076923076923078
amoebal	əmiːbəl	əmibəl	əmibəl	əməʊbəl	compound	amoeba|l	0.0	0.0	0.2857142857142857	əmibəl	əməʊbəl	0.0	0.2857142857142857
ampacity	æmpæsɪti	æmpəsɪti	æmpæsᵻɾi	æmpəsɪti	compound	amp|a|city	0.125	0.25	0.125	æmpæsəɾi	æmpæsəti	0.25	0.125
amphoe	ɑmpəʊ	æmphəʊ	æmfəʊ	æmfəʊ	compound	amp|hoe	0.3333333333333333	0.4	0.4	æmfəʊ	æmfəʊ	0.4	0.4
amping	æmpɪŋ	æmpɪŋ	æmpɪŋ	æmpɪŋ	compound	amp|ing	0.0	0.0	0.0	æmpɪŋ	æmpɪŋ	0.0	0.0
amthamine	æmθəmiːn	æmθəmin	æmθəmin	æmθəmɪn	compound	am|th|amine	0.0	0.0	0.14285714285714285	æmθəmɪn	æmθəmaɪn	0.14285714285714285	0.25
amylaceous	æmɪleɪʃəs	æmɪlbeɪʃəs	æmɪleɪʃəs	əmileɪsus	compound	amyl|aceous	0.1	0.0	0.4444444444444444	æməleɪʃəs	æməleɪʃəs	0.1111111111111111	0.1111111111111111
anabranch	ænəbɹɑːntʃ	ænəbɹɑntʃ	ænəbɹæntʃ	ənəbɹæntʃ	compound	ana|branch	0.0	0.1111111111111111	0.2222222222222222	ænəbɹæŋk	ænəbɹæntʃ	0.5	0.1111111111111111
anadrome	ænədɹoʊm	ænədɹəʊm	ænədɹəʊm	ənædɹəʊm	compound	ana|drome	0.0	0.0	0.25	ænədɹəʊm	ænədɹəʊm	0.0	0.0
anaerophyte	əneɪəɹəʊfaɪt	ənɛɹəʊfaɪt	ænɛɹəfaɪt	ənɚɹəfaɪt	compound	an|aerophyte	0.3	0.5555555555555556	0.4444444444444444	ənɛɹ.əfaɪt	ənɛɹəfaɪt	0.5	0.4444444444444444
anagrind	ænəɡɹɪnd	ænəɡɹaɪnd	ænəɡɹaɪnd	ænæɡɹɪnd	compound	ana|grind	0.1111111111111111	0.1111111111111111	0.125	ænəgɹaɪnd	ænəɡɹaɪnd	0.2222222222222222	0.1111111111111111
analgesias	ænəldʒiːzɪəz	ænəldʒiziəs	ænəldʒiʒəz	ənældʒɛsiəz	compound	analgesia|s	0.18181818181818182	0.2	0.45454545454545453	ænəldʒiziəz	ænəldʒiʒəz	0.09090909090909091	0.2
analize	eɪnəlaɪz	eɪnəlaɪz	eɪnəlaɪz	ənəlaɪz	compound	anal|ize	0.0	0.0	0.2857142857142857	ænəlaɪz	ænəlaɪz	0.2857142857142857	0.2857142857142857
analphabet	ænælfəbɛt	ənælfəbɛt	ænəlfəbɛt	ənælfəbɪt	compound	an|alphabet	0.1111111111111111	0.1111111111111111	0.2222222222222222	ænəlfæbət	ænəlfəbɛt	0.3333333333333333	0.1111111111111111
analysises	ənælɪsɪsɪz	ənæləsɪsiz	ənæləsɪsᵻz	ənəlisaɪzz	compound	analysis|es	0.2	0.2	0.5	ənæl.ə.sɪs.ɪz	ænələsaɪzɪz	0.3076923076923077	0.45454545454545453
anamorphoscope	ænəmɔːfəskəʊp	ænəmɔɹfəʊzkəʊp	ænəmoɹfəskəʊp	ənəmɔɹfəskəʊp	compound	ana|morphos|cope	0.21428571428571427	0.15384615384615385	0.15384615384615385	ənæmɚfɑskəʊp	ænəmɔɹfəskəʊp	0.3333333333333333	0.07692307692307693
anankastic	ænənkæstɪk	ənænkæsteɪ	ænəŋkæstɪk	ənæŋkæstɪk	compound	anan|kast|ic	0.4	0.1	0.3	ənæŋkæstɪk	ænənkæstɪk	0.3	0.0
and'll	ændl	ændll	ændəl	ændɪl	compound	and|l|l	0.2	0.2	0.2	ændəll	ændəl	0.3333333333333333	0.2
androsphinx	ændɹəsfɪŋks	ændɹəʊsfɪŋks	ændɹəsfɪŋks	ændɹəʊsfɪŋ	compound	andro|sphinx	0.08333333333333333	0.0	0.3	ændɹəʊsfɪŋks	ændɹəsfɪŋks	0.08333333333333333	0.0
anecdatum	ænɪkdeɪtəm	eɪnkdeɪtəm	eɪŋkdeɪɾəm	ænɛkdətəm	compound	ane|c|datum	0.3	0.4	0.3333333333333333	ənɛkdəɾəm	ænɪkdeɪtəm	0.5555555555555556	0.0
anelace	ænəleɪs	eɪnleɪs	eɪnleɪs	ənɛləs	compound	ane|lace	0.42857142857142855	0.42857142857142855	0.6666666666666666	eɪnleɪs	ænəleɪs	0.42857142857142855	0.0
anepigraph	anɛpɪɡɹɑːf	ənɛpɪɡɹæf	eɪnpɪɡɹæf	ənɛpɪɡɹəf	compound	an|epigraph	0.2222222222222222	0.4444444444444444	0.2222222222222222	ænəpɪgɹæf	ænəpəɡɹæf	0.4444444444444444	0.4444444444444444
angiitis	ændʒiaɪtɪs	ændʒiaɪtɪs	æŋɡɪaɪɾɪs	ændʒiɪtɪs	compound	angi|itis	0.0	0.5555555555555556	0.1111111111111111	ændʒiaɪəs	ændʒiitɪs	0.2222222222222222	0.2222222222222222
angioedema	ændʒiəʊɪdiːmə	ændʒiəʊɪdimə	æŋɡɪəʊdᵻmə	ændʒiəʊdɪmə	compound	angio|edema	0.0	0.6	0.18181818181818182	ændʒiəʊɪdimə	æŋdʒiəʊɛdəmə	0.0	0.25
angolar	æŋɡəlɑːɹ	æŋɡəʊləɹ	æŋɡəʊlɚ	æŋɡəʊlɚ	compound	angola|r	0.25	0.42857142857142855	0.42857142857142855	æŋɡələɹ	æŋɡəlɝ	0.14285714285714285	0.3333333333333333
anhele	ənhiːl	ənhil	ænhɛl	ænhɛl	compound	an|hele	0.0	0.4	0.4	ænəl	ænhil	0.75	0.2
anight	ənaɪt	ənait	ænɪt	ænaɪt	compound	anigh|t	0.2	0.5	0.2	ənaɪt	ənaɪt	0.0	0.0
animagus	ænɪmeɪɡəs	ænɪməɡəs	ænɪmæɡəs	ænɪməɡəs	compound	anima|gus	0.25	0.25	0.25	ænɪmæɡəs	ænəmeɪɡəs	0.25	0.1111111111111111
animat	ænɪmət	ænɪmət	ænɪmæt	ænɪmət	compound	anima|t	0.0	0.16666666666666666	0.0	ænəmæt	ænəmæt	0.3333333333333333	0.3333333333333333
anipal	ænɪpæl	ænipæl	ænɪpəl	ənɪpəl	compound	ani|pal	0.16666666666666666	0.16666666666666666	0.3333333333333333	ænɪpəl	ænɪpəl	0.16666666666666666	0.16666666666666666
anisocytosis	ənaɪsəʊsaɪtəʊsɪs	ænɪzəʊsaɪtəʊsɪs	ænɪsɑsɪtəʊsɪs	ənɪsəsaɪtəʊsɪz	compound	anis|o|cytosis	0.2	0.38461538461538464	0.21428571428571427	ænəsɑsaɪtəʊsɪs	ænɪsəsaɪtəʊsəs	0.35714285714285715	0.2857142857142857
aniṭ	ʌnɪt	ʌnɪt	əɛnaɪlɛɾɚwʌnisɪksdi	əni	compound	[]	0.0	0.8421052631578947	1.0	ænit	ænitʃ	0.5	0.6
annoyant	ənɔɪənt	ənɔɪænt	ənɔɪənt	ænɔɪənt	compound	annoy|ant	0.14285714285714285	0.0	0.14285714285714285	ənɔɪənt	ənɔɪənt	0.0	0.0
anotherguess	ənʌðəɹɡɪs	ənʌðəɡɛs	ænəðɜɡɛs	ənɑðɚɡɛs	compound	another|guess	0.25	0.625	0.5	ənʌðəɹgɛs	ənɑθɝɡɛs	0.2222222222222222	0.625
antanagoge	æntænəɡəʊdʒi	æntænəɡəʊdʒi	æntənæɡəʊdʒ	æntənəɡəʊɡ	compound	ant|anagoge	0.0	0.2727272727272727	0.4	æntænəgəʊdʒ	æntænəɡəʊdʒ	0.18181818181818182	0.09090909090909091
antaphrodisiac	æntæfɹədɪzɪæk	æntæfɹədɪsɪæk	æntəfɹədɪsiæk	æntəfɹəʊdɪsiək	compound	ant|aphrodisiac	0.07692307692307693	0.23076923076923078	0.35714285714285715	æntəfɹədɪsiæk	æntæfɹədɪziæk	0.23076923076923078	0.07692307692307693
antependium	æntɪpɛndiəm	æntipɛndiəm	æntɪpɛndiəm	æntɪpɛndiəm	compound	ante|pend|ium	0.09090909090909091	0.0	0.0	æntɪpɛndiəm	æntəpɛndiəm	0.0	0.09090909090909091
antevolate	æntɛvɑleɪt	æntivɑleɪt	æntɪvɑleɪt	æntɛvəleɪt	compound	ante|vol|ate	0.1	0.1	0.1	æntɪvɒleɪt	æntɛvəleɪt	0.2	0.1
antiae	æntiaɪ	æntieɪ	æntɪi	ænti	compound	anti|ae	0.16666666666666666	0.6	0.5	æntiaɪ	æntieɪ	0.0	0.16666666666666666
antiapple	æntiæpəl	æntiæpəl	æntɪæpəl	æntiəpəl	compound	anti|apple	0.0	0.125	0.125	æntɪæpəl	æntiæpəl	0.125	0.0
antibiotical	æntaɪbaɪɒtɪkəl	æntɪbaɪɒtɪkæl	æntɪbaɪɑɾɪkəl	æntɪbiɑtɪkəl	compound	antibiotic|al	0.15384615384615385	0.23076923076923078	0.3333333333333333	æntɪbaɪɑɾɪkəl	æntɪbiɑtɪkəl	0.23076923076923078	0.3333333333333333
anticausotic	æntikɔːzɒtɪk	æntɪkəzɒtɪk	æntɪkɔsɑɾɪk	æntɪkəsətɪk	compound	antic|aus|otic	0.18181818181818182	0.36363636363636365	0.36363636363636365	æntɪkɔzɑɾɪk	æntɪkəsɑtɪk	0.2727272727272727	0.36363636363636365
antigerbil	æntidʒɜːɹbɪl	æntidʒɜbɪl	æntɪdʒɜbəl	æntɪɡɚbɪl	compound	anti|gerbil	0.1	0.3	0.5555555555555556	æntɪɡɚbɪl	æntɪdʒɝbəl	0.5555555555555556	0.4
antired	æntiɹɛd	æntiɹɛd	æntɪɹɛd	æntaɪɚd	compound	anti|red	0.0	0.14285714285714285	0.42857142857142855	æntɪɹd	æntaɪɝd	0.3333333333333333	0.42857142857142855
antiscriptural	æntɪskɹɪptʃəɹəl	æntiskɹɪptʃəɹəl	æntɪskɹɪptʃɚɹəl	æntɪskɹɪptʃɚəl	compound	anti|scriptural	0.06666666666666667	0.06666666666666667	0.14285714285714285	æntɪskɹɪptʃəɹəl	æntɪskɹɪptʃɝəl	0.0	0.14285714285714285
antispinward	æntiːspɪnwɜɹd	æntizpɪnwɔd	æntɪspɪnwɚd	æntɪspɪnwɚd	compound	antis|pin|ward	0.2727272727272727	0.2727272727272727	0.2727272727272727	æntɪspɪnwəɹd	æntɪspɪnwɝd	0.16666666666666666	0.2727272727272727
antwacky	æntwæki	æntwæki	æntwæki	æntwɛki	compound	ant|wacky	0.0	0.0	0.14285714285714285	æntwæki	æntwæki	0.0	0.0
anubandha	ənʊbʌndə	ənəbændə	ænubændhə	ænubændhə	compound	an|u|bandh|a	0.25	0.4444444444444444	0.4444444444444444	ənubəndə	ænjubændə	0.25	0.4444444444444444
apagoge	æpəɡəʊdʒi	æfəɡəʊdʒi	əpæɡəʊdʒ	æpɑɡəʊɡ	compound	ap|agoge	0.1111111111111111	0.375	0.5714285714285714	əpægədʒ	æpəɡəʊdʒ	0.7142857142857143	0.125
apefly	eɪpflaɪ	eɪpflaɪ	eɪpɪflaɪ	æpɛfli	compound	ape|fly	0.0	0.125	0.8333333333333334	eɪpflaɪ	eɪpflaɪ	0.0	0.0
apert	əpɜːɹt	eɪpəɹt	æpɚt	əpɚt	compound	aper|t	0.5	0.75	0.5	eɪpəɹt	əpɝt	0.5	0.5
apizza	əbiːts	əpitsə	əpɪzə	əpɪzə	compound	a|pizza	0.3333333333333333	0.8	0.8	əpitsə	əpitsə	0.3333333333333333	0.3333333333333333
apoastron	æpəʊæstɹən	eɪpiəʊæstɹəʊn	əpəʊstɹɑn	ɑpɔstɹən	compound	apo|astro|n	0.3076923076923077	0.3333333333333333	0.5	əpəʊstɹən	əpəʊstɹən	0.2222222222222222	0.2222222222222222
apodixis	æpəʊdaɪksɪs	əpɑdaɪksɪs	əpədɪksɪs	əpɑdɪksɪz	compound	apod|i|xis	0.3	0.3333333333333333	0.5555555555555556	əpɑdɪksɪs	æpədɪksɪs	0.4444444444444444	0.2222222222222222
apojove	æpədʒəuv	eɪpiəʊdʒəʊv	əpɑdʒəʊv	əpəʊhəʊv	compound	apo|jove	0.45454545454545453	0.375	0.5	əpəʊvəʊv	əpəʊdʒəʊv	0.5	0.3333333333333333
apostrophed	əpɒstɹəfiːd	əpɒstɹəfid	əpɔstɹɑft	əpɑstɹəft	compound	apostrophe|d	0.0	0.4444444444444444	0.3333333333333333	əpɔstɹəfəd	əpɑstɹəft	0.2	0.3333333333333333
appam	əpɑm	æpæm	æpæm	æpəm	compound	app|am	0.5	0.5	0.5	æpəm	əpæm	0.5	0.25
apparitor	əpæɹitɚ	æfpæɹɪtɚ	æpɚɹɪɾɚ	æpɚɪtɚ	compound	ap|paritor	0.375	0.5714285714285714	0.6666666666666666	æpəɹɪɾəɹ	əpɛɹətɝ	0.75	0.42857142857142855
appendment	əpɛndmənt	əpɛndmɛnt	əpɛndmənt	æpəndmənt	compound	append|ment	0.1111111111111111	0.0	0.2222222222222222	əpɛndmənt	əpɛndmənt	0.0	0.0
appled	æpəld	æpəld	əpəld	æpəld	compound	apple|d	0.0	0.2	0.0	æpəld	æpəld	0.0	0.0
appom	ɑpɒm	æpɒm	əpɑm	æpəm	compound	app|om	0.25	0.5	0.5	æpəm	əpɑm	0.5	0.5
appraisings	əpɹeɪzɪŋz	əpɹeɪzɪŋs	əpɹeɪzɪŋz	æpɹeɪsɪŋz	compound	appraising|s	0.1111111111111111	0.0	0.2222222222222222	əpɹeɪzɪŋz	əpɹeɪzɪŋz	0.0	0.0
approximal	əpɹɒksɪməl	æfpɹɒksɪməl	əpɹɑksɪməl	æpɹɑksɪməl	compound	ap|proximal	0.18181818181818182	0.1	0.2	æpɹɑk.sɪ.məl	əpɹɑksəməl	0.3333333333333333	0.2
apronym	æpɹənɪm	eɪpɹənɪm	eɪpɹənɪm	əpɹənim	compound	apron|ym	0.25	0.25	0.2857142857142857	æpɹənɪm	æpɹənɪm	0.0	0.0
aprosopia	æpɹəsəʊpɪə	əpɹəʊsəʊpiə	eɪpɹəsəʊpiə	əpɹəʊsəpiə	compound	a|proso|pia	0.2727272727272727	0.2727272727272727	0.4	əpɹəʊsəʊ.pi.ə	æpɹəsəʊpiə	0.38461538461538464	0.1
aptotic	æptɒtɪk	æptətɪk	æptɑɾɪk	æptətɪk	compound	apto|tic	0.14285714285714285	0.2857142857142857	0.14285714285714285	æptɑɾɪk	æptɑtɪk	0.2857142857142857	0.14285714285714285
apud	æpəd	əpʊd	əpʌd	əpt	compound	a|pud	0.5	0.5	1.0	əpʊd	əpəd	0.5	0.25
apuff	əpʌf	əpʌf	əpʌf	æpʌf	compound	a|puff	0.0	0.0	0.25	əpʌf	əpəf	0.0	0.25
aquabatics	ækwəbætɪks	ækwəbɑtɪks	ækwəbæɾɪks	əkwəbætɪks	compound	aqua|ba|tics	0.1	0.1	0.1	əkwæbætɪks	ækwəbætɪks	0.2	0.0
aquabib	eɪkwəbɪb	ækwəbɪb	ækwəbɪb	əkweɪbɪb	compound	aqua|bib	0.2857142857142857	0.2857142857142857	0.5	ækwəbɪb	ækwəbɪb	0.2857142857142857	0.2857142857142857
aquafauna	ækwəfɔːnə	ækwəfɔnə	ækwəfɔnə	əkwəfɔnə	compound	aqua|fauna	0.0	0.0	0.125	ækwəfɔnə	ækwəfɔnə	0.0	0.0
aquan	ækwən	ækwən	ækwən	əkwən	compound	aqua|n	0.0	0.0	0.2	ækwən	ækwən	0.0	0.0
araca	ɑɹəsɑ	æɹəkɑ	æɹɑkə	ɑɹɑkə	compound	ara|ca	0.4	0.8	0.6	əɹækə	ɝɑkə	0.8	1.0
arachnidism	əɹæknɪdɪzm	əɹæknɪdɪzəm	ɚɹæknɪdɪzəm	ɑɹæknɪdɪzəm	compound	arachnid|ism	0.09090909090909091	0.18181818181818182	0.18181818181818182	əɹæknədɪzəm	ɝæknədɪzəm	0.18181818181818182	0.4
arachnoidian	əɹæknɔɪdɪən	əɹæknɔɪdiən	ɚɹəknɔɪdiən	ɑɹæknɔɪdiən	compound	arachnoid|ian	0.09090909090909091	0.2727272727272727	0.18181818181818182	əɹæknəɪdiən	ɛɹəknɔɪdiən	0.18181818181818182	0.2727272727272727
arbuscle	ɑːbʌsəl	ɑbʌskəl	ɑɹbʌskəl	ɑɹbəskl	compound	arb|us|cle	0.14285714285714285	0.25	0.42857142857142855	ɑɹbʌskəl	ɑɹbəskəl	0.25	0.375
arcanist	ɑːɹkeɪnɪst	ɑɹkənɪst	ɑɹkənɪst	ɑɹkənɪst	compound	arca|nist	0.25	0.25	0.25	ɑɹkənɪst	ɑɹkənɪst	0.25	0.25
archconfraternity	ɑːɹtʃkɒnfɹətɜːɹnɪti	ɑtʃkɑnfɹətɜɹnəɾi	ɑɹtʃkɑnfɹətɜnᵻɾi	ɑɹkkənfɹeɪtɚnɪti	compound	arch|confraternity	0.25	0.25	0.4375	ɑɹtʃkɑnfɹətɜɹɾi	ɑɹkkənfɹətɝnəti	0.26666666666666666	0.4
archgrandmaster	ɑːɹtʃɡɹændmɑːstə	ɑtʃɡɹændmɑstə	ɑɹtʃɡɹændmæstɚ	ɑɹkɡɹændməstɚ	compound	arch|grandmaster	0.07692307692307693	0.14285714285714285	0.3076923076923077	ɑɹtʃgɹændmæstɚ	ɑɹkɡɹændmæstɝ	0.21428571428571427	0.3076923076923077
arcsch	ɑːɹkəʊsɛtʃ	ɑkstʃ	ɑɹkʃ	ɑɹkʃ	compound	arcs|ch	0.8	1.25	1.25	ɑɹksɛtʃ	ɑɹkʃ	0.2857142857142857	1.25
arcsinh	ɑːɹksaɪnʃ	ɑɹksɪnh	ɑɹksɪn	ɑɹksɪn	compound	arcsin|h	0.2857142857142857	0.3333333333333333	0.3333333333333333	ɑɹksɪn	ɑɹksɪn	0.3333333333333333	0.3333333333333333
arctogaeal	ɑɹktədʒiəl	ɑɹktəʊdʒiəl	ɑɹktəɡiəl	ɑɹktəʊɡəəl	compound	arctogaea|l	0.09090909090909091	0.2222222222222222	0.3	ɑɹktəʊdʒiəl	ɑɹktəɡiəl	0.09090909090909091	0.2222222222222222
arenilitic	əɹiːnɪlɪtɪk	ɑɹənɪlɪtɪk	æɹənɪlɪɾɪk	ɑɹɛnɪlɪtɪk	compound	aren|il|itic	0.2	0.3	0.2	æɹ.ə.nɪlɪt.ɪk	ɛɹənəlɪtɪk	0.38461538461538464	0.3
arew	əɹəʊ	ɑɹw	æɹu	ɛɹu	compound	are|w	1.0	1.0	1.0	ɛɹw	ɝju	1.0	1.3333333333333333
arhythmical	əɹɪðmɪkəl	əɹɪðmɪkəl	ɑɹhɪθmɪkəl	ɑɹɪθmɪkəl	compound	a|rhythmical	0.0	0.3	0.2222222222222222	əɹɪðmɪkəl	ɝhɪθmɪkəl	0.0	0.3333333333333333
aripple	əɹɪpəl	əɹɪpəl	æɹɪpəl	ɛɹɪpəl	compound	a|ripple	0.0	0.16666666666666666	0.16666666666666666	əɹɪpəl	ɝɪpəl	0.0	0.4
armageddons	ɑːɹməɡɛdənz	ɑɹməɡɛdəns	ɑɹməɡɛdənz	ɑɹmədʒdənz	compound	armageddon|s	0.1	0.0	0.2	ɑɹməɡɛdənz	ɑɹmədʒɛdənz	0.0	0.18181818181818182
arrangings	əɹeɪndʒɪŋz	əɹeɪndʒɪŋs	ɚɹeɪndʒɪŋz	ɛɹæŋɪŋz	compound	arranging|s	0.1	0.1	0.8571428571428571	əɹeɪndʒɪŋz	ɝeɪndʒɪŋz	0.0	0.2222222222222222
arrect	əɹɛkt	ɑɹɛkt	ɚɹɛkt	ɛɹɛkt	compound	arr|ect	0.2	0.2	0.2	əɹɛkt	ɝɛkt	0.0	0.5
arrivant	əɹaɪvənt	ɑɹaɪvənt	ɚɹɪvənt	ɛɹɪvənt	compound	arr|ivan|t	0.125	0.2857142857142857	0.2857142857142857	əɹɪvənt	ɛɹɪvənt	0.14285714285714285	0.2857142857142857
arrowmaker	æɹəʊmeɪkɚ	æɹəʊmeɪkə	æɹəʊmeɪkɚ	ɛɹəʊmeɪkɚ	compound	arrow|maker	0.1111111111111111	0.0	0.1111111111111111	ɛɹəʊmeɪkɚ	ɝəʊmeɪkɝ	0.1111111111111111	0.375
arsesmart	ɑːsmɑːt	ɑɹsɪzmɑt	ɑɹsɪsmɑɹt	ɑɹsɪzmɑɹt	compound	arses|mart	0.375	0.4444444444444444	0.4444444444444444	ɑɹsɛsmɑɹt	ɑɹsɪsmɑɹt	0.4444444444444444	0.4444444444444444
arsinh	ɑːɹsaɪnʃ	ɑɹsɪnh	ɑɹsɪn	ɑɹsɪn	compound	ar|sin|h	0.3333333333333333	0.4	0.4	ɑɹsɪn	ɑɹsɪn	0.4	0.4
ascientific	eɪsaɪəntɪfɪk	əsaɪəntɪfɪk	əsʃəntɪfɪk	æʃɛntɪfɪk	compound	a|scientific	0.18181818181818182	0.4	0.6666666666666666	eɪɛsɛsaɪɛntɪfɪk	æsiəntɪfɪk	0.26666666666666666	0.4
asearch	əsɜːɹtʃ	əsɜtʃ	æsɜtʃ	eɪsɛɹk	compound	a|search	0.2	0.4	0.8333333333333334	əsɜɹtʃ	əsɝtʃ	0.0	0.4
aseitous	əsiːɪtəs	əseɪtəs	æseɪɾəs	eɪsitəs	compound	a|seit|ous	0.14285714285714285	0.42857142857142855	0.42857142857142855	əsaɪɾəs	əsitəs	0.2857142857142857	0.16666666666666666
aseity	əsiːɪti	əseɪɾi	æseɪɾi	eɪsiti	compound	a|seity	0.3333333333333333	0.5	0.5	əsiɾi	əsiti	0.4	0.2
asonant	eɪsoʊnənt	əsəʊnənt	əsɑnənt	əsənənt	compound	a|sonant	0.25	0.5714285714285714	0.42857142857142855	æsənənt	æzənənt	0.42857142857142855	0.5714285714285714
asparaginyl	æspəɹædʒənɪl	æspæɹədʒɪnɪl	əspæɹədʒɪnaɪl	æspɑɹədʒənəl	compound	asp|ara|gin|yl	0.25	0.38461538461538464	0.25	æspəɹəd͡ʒɪnɪl	æspɝædʒənəl	0.23076923076923078	0.2727272727272727
aspec	eɪspɛk	æspɛk	æspɛk	æspɪk	compound	asp|ec	0.4	0.4	0.6	æspɛk	æspɛk	0.4	0.4
asperge	əspɜːɹdʒ	əspɜɪd	əspɜdʒ	æspɚdʒ	compound	asper|ge	0.3333333333333333	0.16666666666666666	0.5	əspɜɹdʒ	əspɝdʒ	0.0	0.3333333333333333
aspersory	əspɜːɹsəɹɪ	əspɜsɔɹj	əspɜsɚɹi	æspɚsɔɹi	compound	asper|sor|y	0.375	0.375	0.625	əspɜɹsəɹi	æspɝsɝi	0.1111111111111111	0.8571428571428571
aspirationalism	æspəɹeɪʃənəlɪzəm	æspəɹeɪʃənəlɪzəm	æspɚɹeɪʃənəlɪzəm	æspɚeɪʃənəlɪzəm	compound	aspirational|ism	0.0	0.0625	0.13333333333333333	æspəɹeɪʃənəlɪzəm	æspɝæʃənəlɪzəm	0.0	0.2857142857142857
assertory	əsɜːɹtəɹi	əsɜtɔɹi	əsɜɾɚɹi	æsɚtɚi	compound	assert|ory	0.2857142857142857	0.42857142857142855	0.8333333333333334	əsɝ.tə.ɹi	əsɝtɝi	0.3333333333333333	0.6666666666666666
assfuck	æsfʌk	æsfʌk	əsfʌk	æsfʌk	compound	ass|fuck	0.0	0.2	0.0	æsfʌk	əsfək	0.0	0.4
assuetude	æswɪtjuːd	æsəeɪtjud	əsuɾud	əsutud	compound	ass|u|etude	0.2222222222222222	0.8333333333333334	0.6666666666666666	əsu.ətud	əsutud	0.625	0.6666666666666666
asswagon	æswæɡən	æswæɡən	əswæɡən	æsweɪɡən	compound	ass|wagon	0.0	0.14285714285714285	0.25	æswægən	əswæɡən	0.14285714285714285	0.14285714285714285
astand	əstænd	æstænd	əstænd	æstænd	compound	ast|and	0.16666666666666666	0.0	0.16666666666666666	əstænd	əstænd	0.0	0.0
astrand	əstɹænd	æstɹænd	æstɹænd	æstɹænd	compound	ast|rand	0.14285714285714285	0.14285714285714285	0.14285714285714285	əstɹænd	əstɹænd	0.0	0.0
astripotent	æstɹɪpətənt	æstɹipəʊtənt	æstɹɪpəʊtənt	æstɹɪpəʊtənt	compound	ast|ri|potent	0.16666666666666666	0.08333333333333333	0.08333333333333333	əstɹɪpətənt	əstɹɪpətənt	0.09090909090909091	0.09090909090909091
astroanthropology	æstɹəænθɹəpɑːlədʒi	æstɹəʊænθɹəpɒlədʒi	æstɹəʊnθɹəpɑlədʒi	æstɹəʊnθɹəpɑlədʒi	compound	astro|anthropology	0.1111111111111111	0.058823529411764705	0.058823529411764705	æstɹəʊænθɹəpɑlədʒi	æstɹəʊænθɹəpɑlədʒi	0.05555555555555555	0.05555555555555555
astroarchitecture	æstɹəɑɹkətɛktʃɚ	æstɹəʊɑkɪtɛktʃə	æstɹoɹtʃaɪtktʃɚ	æstɹɔɹtʃɪtɪktʃɚ	compound	astro|architecture	0.26666666666666666	0.4666666666666667	0.4	æstɹəʊɑɹkətɛktʃəɹ	æstɹəʊɑɹkətɛktʃɝ	0.17647058823529413	0.125
astrobotany	æstɹəbɒtənɪ	æstɹəʊbɒtəni	æstɹəbɑtəni	æstɹəbəʊtəni	compound	astro|botany	0.16666666666666666	0.18181818181818182	0.25	æstɹəbɑtəni	əstɹɑbəteɪni	0.18181818181818182	0.5
astrogeography	æstɹədʒɪɒɡɹəfi	æstɹəʊdʒɪɒɡɹəfi	æstɹəʊdʒɑɡɹəfi	æstɹəʊdʒəʊɡɹəfi	compound	astro|geography	0.06666666666666667	0.21428571428571427	0.2	æstɹəʊdʒiɑgɹəfi	æstɹəʊdʒiɑɡɹəfi	0.26666666666666666	0.2
astrogeometry	æstɹədʒiːɑmɛtɹi	æstɹəʊdʒiɒmətɹi	æstɹəʊdʒɑmətɹi	æstɹəʊdʒəʊmɪtɹi	compound	astro|geometry	0.2	0.21428571428571427	0.26666666666666666	æstɹəʊdʒiɑmətɹi	əstɹəʊdʒiɑmətɹi	0.13333333333333333	0.2
astrohistory	æstɹəhɪstəɹi	æstɹəʊhɪstəɹi	æstɹəʊhɪstɚɹi	æstɹəʊɪstɔɹi	compound	astro|history	0.07692307692307693	0.15384615384615385	0.16666666666666666	æstɹəʊhɪstəɹi	æstɹəʊhɪstɝi	0.07692307692307693	0.25
astrolinguistics	æstɹəlɪŋɡwɪstɪks	æstɹəʊlɪŋɡwɪstɪks	æstɹəʊlɪŋɡwɪstɪks	æstɹəʊlɪŋɡwɪstɪks	compound	astro|linguistics	0.058823529411764705	0.058823529411764705	0.058823529411764705	æstɹəlɪŋgwɪstɪks	æstɹəʊlɪŋɡwɪstɪks	0.0625	0.058823529411764705
astrophilosophy	æstɹəfɪlɒsəfi	æstɹəʊfɪlɒsəfi	æstɹəfɪlɑsəfi	æstɹəfɪləʊsəfi	compound	astro|philosophy	0.07142857142857142	0.07692307692307693	0.14285714285714285	æstɹəʊfɪləsɔfi	æstɹəfəlɑsəfi	0.21428571428571427	0.15384615384615385
astrotechnology	əstɹɑtɛknɒlədʒi	æstɹəʊtɛknɒlədʒi	æstɹəʊtɛknɑlədʒi	æstɹəʊtɪknələdʒi	compound	astro|technology	0.1875	0.25	0.3125	æstɹəʊtɛknɑlədʒi	æstɹəʊtɛknɑlədʒi	0.25	0.25
astrotypic	æstɹəʊtɪpɪk	æstɹəʊtaɪpɪk	æstɹətɪpɪk	æstɹətipɪk	compound	astro|ty|pic	0.08333333333333333	0.1	0.2	æstɹətɪpɪk	æstɹətɪpɪk	0.1	0.1
astrozoology	æstɹəzəʊɒlədʒi	æstɹəʊzuɒlədʒi	æstɹəzuɑlədʒi	æstɹəʊzulədʒi	compound	astro|zoology	0.21428571428571427	0.23076923076923078	0.3076923076923077	æstɹəʊzuɑləd͡ʒi	æstɹəʊzuɑlədʒi	0.3333333333333333	0.2857142857142857
asweve	əswiːv	æzwiv	əswɛv	æswɛv	compound	as|weve	0.4	0.2	0.4	əswiv	əswiv	0.0	0.0
ateknia	eɪtɛkniə	eɪtɛkniə	eɪtkniə	ætɛkniə	compound	atek|ni|a	0.0	0.14285714285714285	0.2857142857142857	ətɛkniə	ətɛkniə	0.2857142857142857	0.2857142857142857
atelomyelia	ætəloʊmaɪiːliə	eɪtləʊmaɪəlaɪə	eɪtləmɪiliə	ətɛləmiliə	compound	ate|lo|my|elia	0.42857142857142855	0.45454545454545453	0.5	eɪɾələʊmaɪiliə	ætələʊmiɛliə	0.21428571428571427	0.25
athrill	əθɹɪl	əθɹɪl	æθɹɪl	æθɹɪl	compound	a|thrill	0.0	0.2	0.2	əθɹɪl	əθɹɪl	0.0	0.0
athrob	əθɹɒb	əθɹɒb	æθɹɑb	æθɹəb	compound	a|throb	0.0	0.4	0.4	æθɹɒb	əθɹɑb	0.2	0.2
atinkle	ətɪŋkəl	ætɪŋkəl	ætɪŋkəl	ætɪŋkəl	compound	at|inkle	0.14285714285714285	0.14285714285714285	0.14285714285714285	ətɪŋkəl	ətɪŋkəl	0.0	0.0
atlasite	ætləsaɪt	ætləsaɪt	ætləsaɪt	ætləsɪt	compound	atlas|ite	0.0	0.0	0.14285714285714285	ætləsaɪt	ætləsaɪt	0.0	0.0
atled	ətlɛd	ætlɛd	æɾəld	ætəld	compound	at|led	0.2	0.8	0.6	æɾəld	eɪtəld	0.8	0.6666666666666666
atomgrad	ætəmɡɹæd	ætəmɡɹæd	æɾəmɡɹæd	ətɑmɡɹəd	compound	atom|grad	0.0	0.125	0.375	æɾəmɡɹæd	ətɑmɡɹæd	0.125	0.25
atrip	ətɹɪp	ætɹɪp	ætɹɪp	ætɹɪp	compound	at|rip	0.2	0.2	0.2	eɪtɹɪp	eɪtɹɪp	0.3333333333333333	0.3333333333333333
atropia	ətɹəʊpiə	ætɹəʊpiə	ætɹəʊpiə	ətɹəʊpiə	compound	at|ro|pia	0.125	0.125	0.0	eɪtɹəʊpiə	ətɹəʊpiə	0.2222222222222222	0.0
attakid	ætəkɪd	ætəkɪd	ətækɪd	ætəkɪd	compound	atta|kid	0.0	0.3333333333333333	0.0	ətækɪd	ætəkɪd	0.3333333333333333	0.0
attercop	ætəkɒp	ætəkɒp	ətɜkəp	ætɚkəp	compound	atter|cop	0.0	0.5	0.3333333333333333	æɾəɹkɑp	ætɝkɑp	0.42857142857142855	0.3333333333333333
attritive	ətɹaɪtɪv	ətɹɪtaɪv	ətɹɪɾɪv	ætɹɪtɪv	compound	attrit|ive	0.25	0.2857142857142857	0.2857142857142857	ətɹɪtɪv	ætɹətɪv	0.14285714285714285	0.42857142857142855
atwain	ətweɪn	ætweɪn	ætweɪn	ætweɪn	compound	at|wain	0.16666666666666666	0.16666666666666666	0.16666666666666666	ətɔɪn	ətweɪn	0.4	0.0
atwinkle	ətwɪŋkəl	ætwɪŋkəl	ætwɪŋkəl	ætwɪŋkəl	compound	at|winkle	0.125	0.125	0.125	ətwɪŋkəl	ətwɪŋkəl	0.0	0.0
atwirl	ətwɜːɹl	ətwɜl	ætwɜl	ætwɚl	compound	a|twirl	0.2	0.4	0.6	ətwɝl	ətwɝl	0.4	0.4
atwist	ətwɪst	ætwɪst	ætwɪst	ætwɪst	compound	at|wist	0.16666666666666666	0.16666666666666666	0.16666666666666666	ətwɪst	ætwɪst	0.0	0.16666666666666666
atwitch	ətwɪtʃ	ætwɪtʃ	ætwɪtʃ	ætwɪtʃ	compound	at|witch	0.16666666666666666	0.16666666666666666	0.16666666666666666	ətwɪtʃ	ætwɪtʃ	0.0	0.16666666666666666
aufeis	aʊfaɪs	əʊfaɪs	ɔfeɪz	ɔfiz	compound	au|feis	0.16666666666666666	0.6	1.0	əfeɪz	ɔfaɪz	0.4	0.4
aufruf	ʊfɹʊf	əʊfɹəf	ɔfɹʌf	ɔfɹəf	compound	au|f|ruf	0.3333333333333333	0.4	0.4	əfɹuf	ɔfɹəf	0.4	0.4
aula	ɔːlə	ɔlə	ɔlə	ɔlə	compound	aul|a	0.0	0.0	0.0	ɔlə	ɔlə	0.0	0.0
auletris	ɔːliːtɹɪs	ɔlitɹɪs	ɔlɪtɹɪs	ɔlɛtɹɪz	compound	aul|e|tris	0.0	0.14285714285714285	0.2857142857142857	ɔlɛtɹɪs	ɔlətɹɪs	0.14285714285714285	0.14285714285714285
aurothiomalate	ɔːɹəʊθaɪəʊmæleɪt	əʊɹɔθaɪəʊmæleɪt	ɔɹəθɪɑməleɪt	ɔɹəʊθiəməleɪt	compound	au|roth|io|malate	0.26666666666666666	0.4166666666666667	0.3076923076923077	ɔɹəʊθaɪ.əmæl.eɪt	ɔɹəʊθiɑməleɪt	0.1875	0.38461538461538464
autocratrices	ɔtəʊkɹætɹɪsiːz	ɔtəʊkɹætɹaɪsɪz	ɔɾəʊkɹeɪtɹɪsiz	ɔtəkɹætɹɪsz	compound	autocrat|rices	0.14285714285714285	0.21428571428571427	0.18181818181818182	ɔɾəʊkɹætɹɪsiz	ɔtəkɹætɹəsɪz	0.07692307692307693	0.25
autoecious	ɔːtiːʃəs	ɔtəʊɛkəs	ɔɾəʊɛʃəs	ɔtəʊʃəʊs	compound	auto|ec|ious	0.5	0.5	0.375	ɔtəʊɪʃəs	ɔtəʊiʃəs	0.375	0.25
autogerminal	ɔːtədʒɜːɹmɪnəl	ɔtəʊdʒɜmɪnəl	ɔɾəʊdʒɜmɪnəl	ɔtəʊɡɚmənəl	compound	auto|germinal	0.16666666666666666	0.25	0.45454545454545453	ɔɾəʊdʒɜɹmənəl	ɔtədʒɝmənəl	0.23076923076923078	0.2727272727272727
autology	ɔːtɒlədʒɪ	ɔtəʊlədʒɪ	ɔɾəʊlɔɡi	ɔtələdʒi	compound	auto|logy	0.2222222222222222	0.875	0.25	ɔtɒlədʒɪ	ɔtɑlədʒi	0.0	0.25
autonepiophilia	ɔːtəʊniːpiəʊfɪliə	ɔtənɛpɪəʊfɪliə	ɔtɑnɪpɪəfɪliə	ɔtənpjəfɪliə	compound	auton|epi|o|philia	0.21428571428571427	0.38461538461538464	0.3333333333333333	ɔtəʊnɛpɪəfɪliə	ɔtənɛpiəfɪliə	0.21428571428571427	0.23076923076923078
autoselect	ɔːtəʊsɪlɛkt	ɔtəʊzɪlɛkt	ɔɾəʊsᵻlɛkt	ɔtəʊsəlɛkt	compound	autos|elect	0.1	0.2	0.1	ɔtəʊzɪlɛkt	ɔtəʊsəlɛkt	0.1	0.1
autotopagnosia	ɔːtəʊtɒpæɡnəʊziə	ɔtəʊtɒpæɡnəʊziə	ɔɾəʊtɑpəɡnəʊʒə	ɔtəʊtəpæɡnəʊsiə	compound	auto|top|agnosia	0.0	0.35714285714285715	0.13333333333333333	ɔɾəʊtɑpəgnəʊsiə	ɔtəʊtəʊpæɡnəʊsiə	0.3333333333333333	0.1875
auxometer	ɔːksɒmɪtə	ɔksəʊmitə	ɔksɑmɪɾɚ	əkəʊmɛtɚ	compound	auxo|meter	0.3333333333333333	0.375	0.625	ɔksɑməɾəɹ	ɔksɑmətɝ	0.4444444444444444	0.375
auxotrophism	ɔːksətɹəʊfɪzəm	ɔksətɹɑfɪzəm	ɔksətɹɑfɪzəm	əkətɹəfɪzəm	compound	auxotroph|ism	0.16666666666666666	0.16666666666666666	0.2727272727272727	ɔksətɹɑfɪzəm	ɔksətɹəʊfɪzəm	0.16666666666666666	0.0
avalent	eɪveɪlənt	eɪvəlɛnt	ævələnt	əvələnt	compound	ava|lent	0.375	0.5714285714285714	0.5714285714285714	eɪvələnt	ævələnt	0.25	0.5714285714285714
avapritinib	eɪvəpɹɪtɪnɪb	eɪvəpɹaɪtɪnaɪbi	ævəpɹɪtɪnɪb	əvæpɹɪtɪnəb	compound	ava|pri|tin|ib	0.2	0.18181818181818182	0.36363636363636365	əvæp.ɹətɪn.ɪb	əvæpɹətənɪb	0.46153846153846156	0.45454545454545453
avoidings	əvɔɪdɪŋz	əvɔɪdɪŋs	əvɔɪdɪŋz	ɑvɔɪdɪŋz	compound	avoiding|s	0.125	0.0	0.125	əvɔɪdɪŋz	əvɔɪdɪŋz	0.0	0.0
avoke	əvəʊk	ɑvəʊkɛ	ævəʊk	ɑvəʊk	compound	avo|ke	0.3333333333333333	0.2	0.2	əvəʊk	əvəʊk	0.0	0.0
avolition	eɪvəlɪʃən	əvəlɪʃən	ævəlɪʃən	əvəʊlɪʃən	compound	a|volition	0.25	0.25	0.3333333333333333	ævəlɪʃən	ævəlɪʃən	0.25	0.25
aweather	əwɛðɚ	əwɛðə	ɔæðɚ	əʊɛðɚ	compound	a|weather	0.2	0.75	0.2	əwɛðɚ	əwɛðɝ	0.0	0.2
awesometastic	ɔsmtæstɪk	ɔsʌmtæstɪk	ɔsəʊmteɪstɪk	əwɛsəmtæstɪk	compound	awesome|tastic	0.1	0.3333333333333333	0.3333333333333333	ɔsʌm.təstæstɪk	ɔsɑmətæstɪk	0.35714285714285715	0.18181818181818182
awreck	əɹɛk	ɔɹk	ɔɹɛk	ɔɹɛk	compound	awre|ck	0.6666666666666666	0.25	0.25	əɹɛk	ɔɹɪk	0.0	0.5
awreet	ɔːɹiːt	ɔɹɛt	ɔɹit	ɔɹit	compound	awre|et	0.25	0.0	0.0	əɹit	ɝit	0.25	0.6666666666666666
ayat	aɪjɑt	aɪæt	aɪæt	eɪət	compound	ay|at	0.5	0.5	0.75	aɪət	aɪæt	0.5	0.5
ayin	aɪɪn	aɪɪn	aɪɪn	eɪɪn	compound	ay|in	0.0	0.0	0.25	aɪɪn	aɪɪn	0.0	0.0
ayoo	eɪoʊ	eɪəʊəʊ	aɪu	eɪu	compound	ayo|o	0.3333333333333333	1.0	0.6666666666666666	əju	aɪu	1.3333333333333333	1.0
ayuh	eɪə	ɑjuh	əjə	eɪu	compound	ayu|h	1.0	0.6666666666666666	0.3333333333333333	eɪju	aɪu	0.5	0.6666666666666666
azapirone	eɪzəpaɪɹəʊn	əzeɪpiaɪɹəʊn	æzəpaɪɚn	əzɑpɚəʊn	compound	az|api|rone	0.4166666666666667	0.625	0.75	əzəpɪɹəʊn	æzəpɝəʊni	0.3333333333333333	0.6666666666666666
azyme	æzaɪm	əzaɪm	eɪzaɪm	əzim	compound	a|zyme	0.2	0.3333333333333333	0.75	eɪzaɪm	əzaɪm	0.3333333333333333	0.2
azymous	əzaɪməs	əzɪməs	eɪzɪməs	əziməs	compound	az|ym|ous	0.16666666666666666	0.42857142857142855	0.3333333333333333	əzaɪməs	eɪzɪməs	0.0	0.42857142857142855
aëroport	eɪəɹəpɔɹt	eɪəɹəpɔɹt	æɪɹɑpoɹt	əɹəpɚt	compound	[]	0.0	0.5	0.6666666666666666	ɛɹəʊpɔɹt	eɪɹəpɔɹt	0.5	0.125
b'lieve	bliːv	bliv	biliv	bɪliv	compound	b|lieve	0.0	0.2	0.2	blɪv	bəliv	0.25	0.2
babygrow	beɪbiːɡɹəʊ	beɪbiɡɹəʊ	beɪbɪɡɹəʊ	bæbɪɡɹəʊ	compound	baby|grow	0.0	0.1111111111111111	0.375	beɪbigɹəʊ	beɪbiɡɹəʊ	0.1111111111111111	0.0
backfisch	bækfɪʃ	bækfɪʃ	bækfɪʃ	bækfɪʃ	compound	back|fisch	0.0	0.0	0.0	bækfɪʃ	bækfɪʃ	0.0	0.0
backness	bæknɪs	bæknes	bæknəs	bæknəs	compound	back|ness	0.16666666666666666	0.16666666666666666	0.16666666666666666	bæknəs	bæknəs	0.16666666666666666	0.16666666666666666
backread	bækɹiːd	bækɹid	bækɹid	bækɹid	compound	back|read	0.0	0.0	0.0	bækɹid	bækɹɛd	0.0	0.16666666666666666
backslang	bækslæŋ	bækslæŋ	bækslæŋ	bækslæŋ	compound	backs|lang	0.0	0.0	0.0	bækslæŋ	bækslæŋ	0.0	0.0
backthrust	bækθɹʌst	bækθɹʌst	bækθɹʌst	bækθɹʌst	compound	back|thrust	0.0	0.0	0.0	bæktɹʌst	bækθɹəst	0.125	0.125
backthrusting	bækθɹʌstɪŋ	bækθɹʌstɪŋ	bækθɹʌstɪŋ	bækθɹʌstɪŋ	compound	back|thrusting	0.0	0.0	0.0	bæktɹʌstɪŋ	bækθɹəstɪŋ	0.1	0.1
backtick	bæktɪk	bæktɪk	bæktɪk	bæktɪk	compound	back|tick	0.0	0.0	0.0	bæktɪk	bæktɪk	0.0	0.0
bacterin	bæktəɹɪn	bæktɛɹɪn	bæktɚɹɪn	bæktɚɪn	compound	bact|erin	0.125	0.125	0.2857142857142857	bæktəɹən	bæktɝɪn	0.125	0.2857142857142857
bacteriophobia	bæktɪəɹɪəʊfəʊbɪə	bæktɜaɪəʊfəʊbiə	bæktɪɹiəfəʊbiə	bæktɚiəfəʊbiə	compound	bact|er|io|phobia	0.26666666666666666	0.2857142857142857	0.46153846153846156	bæktɪɹiəfəʊbiə	bæktɪɹiəʊfəʊbiə	0.2857142857142857	0.2
bacteriotherapy	bæktɪəɹɪəʊθeɹəpi	bæktɜaɪəʊθɛɹəpi	bæktɪɹiəʊθɪɹəpi	bæktɛɹiəθɚəpi	compound	bact|er|io|therapy	0.26666666666666666	0.2	0.46153846153846156	bæktɪɹiəθɛɹəpi	bæktɪɹiəʊθɛɹəpi	0.2857142857142857	0.2
badinerie	bædɪnɹi	bədinɹi	bædɪnɚɹi	bædɪnɛɹi	compound	badine|ri|e	0.2857142857142857	0.125	0.125	bædinəɹi	bædənɝi	0.25	0.2857142857142857
baff	bæf	bæf	bæf	bæf	compound	b|aff	0.0	0.0	0.0	bæf	bæf	0.0	0.0
bajuband	bɑːdʒuːbɑːnd	bɑdʒubænd	bædʒubænd	bədʒubænd	compound	ba|ju|band	0.1111111111111111	0.2222222222222222	0.2222222222222222	bədʒubənd	bædʒəbænd	0.2222222222222222	0.3333333333333333
bakemeat	beɪkmiːt	beɪkmit	beɪkmit	beɪkmət	compound	bake|meat	0.0	0.0	0.14285714285714285	beɪkmit	beɪkmit	0.0	0.0
balanitis	bælənaɪtɪs	beɪlənaɪtɪs	bælənaɪɾɪs	bələnɪtɪs	compound	balan|itis	0.18181818181818182	0.1	0.2222222222222222	bælənaɪɾəs	bælənaɪtɪs	0.2	0.0
balebos	bɑːləbɒs	beɪlbɑs	bælibəʊz	beɪlbəʊz	compound	bale|bos	0.5714285714285714	0.625	0.75	bəleɪbəʊz	bəlibəʊz	0.6666666666666666	0.625
baleboste	bɑːləbɒstə	beɪlbɑsti	beɪlbɑst	beɪlbəst	compound	bale|bost|e	0.5555555555555556	0.625	0.625	beɪlbəsti	beɪlbəʊst	0.5555555555555556	0.6666666666666666
balise	bəliːz	bɑlizi	bælaɪz	bælɪs	compound	balis|e	0.3333333333333333	0.5	0.6	bɑlaɪz	bəlaɪz	0.5	0.3333333333333333
ballooner	bəluːnɚ	bəlunɜ	bælunɚ	bælunɚ	compound	balloon|er	0.16666666666666666	0.16666666666666666	0.16666666666666666	bəlunəɹ	bəlunɝ	0.2857142857142857	0.16666666666666666
bambuterol	bæmbjuːtəɹɒl	bæmbjutɹəʊl	bæmbjuɾɚɹɑl	bæmbjutɚəl	compound	bambute|rol	0.2727272727272727	0.2727272727272727	0.3	bæmbjutəɹɒl	bæmbjutɝɑl	0.0	0.3
bamp	bæmp	bæmp	bæmp	bæmp	compound	bam|p	0.0	0.0	0.0	bæmp	bæmp	0.0	0.0
bandolierwise	bændəlɪəɹwaɪz	bændəliəwaɪz	bændəʊlɪɹwaɪz	bændəʊliɚwaɪz	compound	bandolier|wise	0.16666666666666666	0.15384615384615385	0.3076923076923077	bændəlɪɹwaɪz	bændəʊljɝwaɪz	0.08333333333333333	0.3076923076923077
bangarang	bæŋəɹæŋ	bæŋgəɹæŋ	bæŋɡəɹæŋ	bæŋɡɚɑŋ	compound	banga|rang	0.125	0.125	0.42857142857142855	bæŋgəɹæŋ	bæŋɡɝæŋ	0.125	0.2857142857142857
banjeonse	bændʒʌnseɪ	bændʒiɑnseɪ	bændʒɪɑns	bændʒəns	compound	ban|jeon|se	0.18181818181818182	0.4444444444444444	0.375	bændʒɪns	bændʒəns	0.375	0.375
banjouke	bændʒəʊjuːk	bændʒəʊjuk	bændʒək	bændʒək	compound	banjo|uke	0.0	0.42857142857142855	0.42857142857142855	bændʒuk	bændʒuk	0.42857142857142855	0.42857142857142855
bankshall	bæŋkshɔːl	bæŋkshɔl	bæŋkʃɔl	bæŋkʃəl	compound	banks|hall	0.0	0.2857142857142857	0.42857142857142855	bæŋkshəl	bæŋkʃɔl	0.125	0.2857142857142857
baptizand	bæptɪzænd	bæptɪzænd	bæptɪzænd	bæptaɪzənd	compound	bapt|iz|and	0.0	0.0	0.2	bæptaɪzənd	bæptɪzænd	0.2	0.0
barefast	bɛəɹfɑːst	beəfɑst	bɛɹfæst	bɛɹfæst	compound	bare|fast	0.2857142857142857	0.2857142857142857	0.2857142857142857	bɛɹfæst	bɛɹfæst	0.2857142857142857	0.2857142857142857
bareheadedness	bɛəɹhɛdɪdnəs	beəhɛdɪdnes	bɛɹhɪdᵻdnəs	bɑɹhidɪdnəs	compound	bareheaded|ness	0.2727272727272727	0.2727272727272727	0.2727272727272727	bɛɹhɛdᵻdnəs	bɛɹhɛdɪdnəs	0.18181818181818182	0.09090909090909091
bartisan	bɑːtɪzæn	bɑtɪsən	bɑɹɾɪsən	bɑɹtɪsən	compound	b|artisan	0.2857142857142857	0.5	0.375	bɑɹtɪsən	bɑɹtɪsən	0.375	0.375
baso	beɪsəʊ	bɑsəʊ	bɑsəʊ	bɑsəʊ	compound	ba|so	0.4	0.4	0.4	bɑsəʊ	bɑsəʊ	0.4	0.4
basslines	beɪslaɪnz	beɪslaɪns	bæslaɪnz	bæslaɪnz	compound	bassline|s	0.1111111111111111	0.25	0.25	bæslaɪnz	bæslaɪnz	0.25	0.25
bassooning	bəsuːnɪŋ	bæsunɪŋ	bæsunɪŋ	bæsunɪŋ	compound	bassoon|ing	0.14285714285714285	0.14285714285714285	0.14285714285714285	bəsunɪŋ	bəsunɪŋ	0.0	0.0
bat'leth	bætlɛθ	bætlɛθ	bætləθ	bætɪlɛθ	compound	bat|leth	0.0	0.16666666666666666	0.14285714285714285	bætlɪθ	bætlɪθ	0.16666666666666666	0.16666666666666666
batlet	bætlət	bætlɛt	bætlɪt	bætəlt	compound	bat|let	0.16666666666666666	0.16666666666666666	0.3333333333333333	bætlɪt	bætlət	0.16666666666666666	0.0
batta	bʌtə	bætə	bæɾə	bætə	compound	batt|a	0.25	0.5	0.25	bætə	bætə	0.25	0.25
baygall	beɪɡɔːl	beɪɡɔl	beɪɡɔl	beɪɡəl	compound	bay|gall	0.0	0.0	0.16666666666666666	beɪgəl	beɪɡəl	0.3333333333333333	0.16666666666666666
bayhead	beɪhɛd	beɪhɛd	beɪhɛd	beɪhəd	compound	bay|head	0.0	0.0	0.16666666666666666	beɪhɛd	beɪhɛd	0.0	0.0
bdelloid	dɛlɔɪd	bdɛlɔɪd	bidɛlɔɪd	bdɛlɔɪd	compound	b|dell|oid	0.14285714285714285	0.25	0.14285714285714285	bdɛlɔɪd	bdɛlɔɪd	0.14285714285714285	0.14285714285714285
beable	biːəbl	bibəl	bibəl	bibəl	compound	bea|ble	0.4	0.4	0.4	biləbəl	bibəl	0.2857142857142857	0.4
beaking	biːkɪŋ	bikɪŋ	bikɪŋ	bikɪŋ	compound	beak|ing	0.0	0.0	0.0	bikɪŋ	bikɪŋ	0.0	0.0
beaksedge	biːksɛdʒ	biksɛdʒ	biksɛdʒ	biksɛdʒ	compound	beaks|edge	0.0	0.0	0.0	biksɛdʒ	biksɛdʒ	0.0	0.0
beatifical	biːətɪfɪkəl	biətɪfɪkæl	biətɪfɪkəl	bitɪfɪkəl	compound	beatific|al	0.1	0.0	0.1111111111111111	biətɪfɪkəl	biətɪfɪkəl	0.0	0.0
beautility	bjuːtɪləti	bijutɪlɪti	bjutɪlᵻɾi	bijutɪlɪti	compound	bea|utility	0.2	0.2222222222222222	0.2	bəjutɪlɪti	bjutɪləti	0.2	0.0
bebless	biblɛs	biblɛs	bibləs	bɛbəls	compound	be|bless	0.0	0.16666666666666666	0.5	bᵻblɛs	bɪblɛs	0.16666666666666666	0.16666666666666666
becastled	bɪkæsəld	bikæsəld	bᵻkæsəld	bɛkəstld	compound	be|castled	0.125	0.125	0.375	bᵻkæsəld	bɪkæsəld	0.125	0.0
bectumomab	bɛktuːməmæb	bɛktʌməmæb	bɛktumɑmæb	bɛktuməməb	compound	bec|tum|omab	0.1	0.1	0.1	bɛktuməmæb	bɛktəməʊmæb	0.0	0.18181818181818182
bedo	bəduː	bɛdəʊ	bᵻdəʊ	bidəʊ	compound	bed|o	0.6	0.6	0.6	bidəʊ	beɪdəʊ	0.6	0.6666666666666666
bedquilt	bɛdkwɪlt	bɛdkwɪlt	bɛdkwɪlt	bɛdkwɪlt	compound	bed|quilt	0.0	0.0	0.0	bɛdkwɪlt	bɛdkwɪlt	0.0	0.0
bedrivel	bidɹɪvəl	bidɹɪvəl	bɛdɹɪvəl	bɛdɹɪvəl	compound	be|drivel	0.0	0.125	0.125	bᵻdɹɪvəl	bɪdɹɪvəl	0.125	0.125
bedrum	bidɹʌm	bɛdɹʌm	bɛdɹəm	bɛdɹəm	compound	bed|rum	0.16666666666666666	0.3333333333333333	0.3333333333333333	bɛdɹəm	bɛdɹəm	0.3333333333333333	0.3333333333333333
beflea	bɪfliː	bifli	bᵻfliə	bɛfli	compound	be|flea	0.2	0.3333333333333333	0.2	bᵻfli	bɪfliə	0.2	0.16666666666666666
before't	bɪfɔːɹt	bɪfɔt	bᵻfoɹt	bɛfɔɹiz	compound	before|t	0.2	0.3333333333333333	0.42857142857142855	bəfɔɹt	bɪfɔɹət	0.16666666666666666	0.14285714285714285
befuzzle	bɪfʌzəl	bifʌzəl	bᵻfʌzəl	bəfʌzəl	compound	be|fuzzle	0.14285714285714285	0.14285714285714285	0.14285714285714285	bᵻfʌzəl	bɪfəzəl	0.14285714285714285	0.14285714285714285
beken	bəkɛn	bikɛn	bᵻkɛn	bɛkən	compound	be|ken	0.2	0.2	0.4	bɛkən	bikən	0.4	0.4
bellyless	bɛliləs	bɛliles	bɛlɪləs	bɛlaɪləs	compound	belly|less	0.14285714285714285	0.14285714285714285	0.25	bɛliləs	bɛliləs	0.0	0.0
belotecan	bɛlɒtɪkæn	bɛləʊtikæn	bᵻləʊtkən	bɛləʊtɪkən	compound	belote|can	0.3	0.5555555555555556	0.3	bɛlətɛkən	bɪləʊtkən	0.3333333333333333	0.5555555555555556
belovedness	bɪlʌvɪdnɪs	bɪləvdnes	bᵻlʌvdnəs	bɛləʊvdnəs	compound	beloved|ness	0.3333333333333333	0.3333333333333333	0.5	bəlʌvdnəs	bɪləvədnəs	0.3333333333333333	0.3
bemean	bɪmiːn	bɛmiən	bᵻmiən	bɛmən	compound	bem|ean	0.3333333333333333	0.3333333333333333	0.4	bəmin	bɪmin	0.2	0.0
benegro	bɪniːɡɹəʊ	bɛnəɡɹəʊ	bɛnɪɡɹəʊ	bɛnɛɡɹəʊ	compound	bene|gro	0.25	0.25	0.25	bənɛgɹəʊ	bɛnɛɡɹəʊ	0.375	0.25
benocclusion	bɛnəkluːʒən	bɛnəkluʒən	bᵻnəkluʒən	bɛnəkəluʒən	compound	ben|occlusion	0.0	0.1	0.09090909090909091	bɛnəkluʒən	bɛnəkluʒən	0.0	0.0
benzopyrazine	bɛnzəʊpaɪɹəziːn	bɛnzəʊpaɹɑzin	bɛnzəpɪɹeɪzin	bɛnzəpɚəzin	compound	benzo|py|ra|zine	0.15384615384615385	0.3076923076923077	0.36363636363636365	bɛnzəʊpɪɹəzin	bɛnzəpaɪɹəzin	0.07692307692307693	0.07692307692307693
beour	bijɔɹ	biəə	beɪɚ	buɚ	compound	be|our	0.75	1.0	1.3333333333333333	biʊɹ	bɔɹ	0.5	0.6666666666666666
beprose	bɪpɹəʊz	bipɹəʊz	bɛpɹəʊz	bɛpɹəʊz	compound	be|prose	0.14285714285714285	0.14285714285714285	0.14285714285714285	bᵻpɹəʊz	bɪpɹəʊz	0.14285714285714285	0.0
berbere	bɝbɝɹi	bɝbɝi	bɜbɚ	bɚbɚ	compound	berber|e	0.2	1.0	1.0	bɜɹbəɹ	bɝbɝ	0.6666666666666666	0.5
berdash	bəɹdæʃ	bɜɹdæʃ	bɜdæʃ	bɚdəʃ	compound	ber|dash	0.16666666666666666	0.4	0.6	bɜɹdæʃ	bɝdæʃ	0.16666666666666666	0.4
beremeal	bɪəmiːl	bɪɹmil	bɛɹɪmiəl	bɚiməl	compound	bere|meal	0.16666666666666666	0.5	0.5	bᵻɹimil	bɛɹɪmil	0.42857142857142855	0.42857142857142855
berlinite	bəɹlɪnaɪt	bɜlɪnaɪt	bɜlɪnaɪt	bɚlɪnaɪt	compound	berlin|ite	0.25	0.25	0.25	bɜɹlənaɪt	bɝlənaɪt	0.2222222222222222	0.375
besalted	bɪsɑltɪd	bisɒltɪd	bᵻzɔltᵻd	bɛsəltɪd	compound	be|salted	0.25	0.5	0.25	bᵻsɔltᵻd	bɪsɔltɪd	0.375	0.125
beserk	bəzɜːɹk	bizɜk	bᵻsɜk	bɛsɚk	compound	bes|erk	0.4	0.6	0.8	bᵻsɜɹk	bɪzɝk	0.3333333333333333	0.6
besow	bɪsəʊ	bizəʊ	bᵻsəʊ	bɛsəʊ	compound	bes|ow	0.4	0.2	0.2	bᵻsəʊ	bɪsəʊ	0.2	0.0
beswathe	bɪsweɪð	bisweɪð	bᵻswɑth	bɛswəθ	compound	be|swathe	0.14285714285714285	0.5714285714285714	0.6666666666666666	bᵻsweɪð	bɪswɔð	0.14285714285714285	0.3333333333333333
betalain	biːtəleɪn	bitəleɪn	beɪɾəleɪn	bɛtəleɪn	compound	beta|lain	0.0	0.3333333333333333	0.125	bɛɾəleɪn	bɛtəleɪn	0.25	0.125
betossed	bɪtɒsɪd	bᵻtɔsɛd	bᵻtɔst	bitəst	compound	betoss|ed	0.42857142857142855	0.6666666666666666	0.6666666666666666	bᵻtɔst	bɪtɔst	0.6666666666666666	0.5
bewile	bɪwaɪl	biwaɪl	bᵻwaɪl	bwaɪl	compound	be|wile	0.16666666666666666	0.16666666666666666	0.2	bᵻwaɪl	bɪwaɪl	0.16666666666666666	0.0
bewill	bɪwɪl	biwɪl	bᵻwɪl	bwɪl	compound	be|will	0.2	0.2	0.25	bᵻwɪl	bɪwɪl	0.2	0.0
bewind	bəwaɪnd	biwaɪnd	bᵻwɪnd	bwɪnd	compound	be|wind	0.14285714285714285	0.3333333333333333	0.4	bᵻwɪnd	bɪwaɪnd	0.3333333333333333	0.14285714285714285
bewish	bɪwɪʃ	biwɪʃ	bᵻwɪʃ	bwɪʃ	compound	be|wish	0.2	0.2	0.25	bᵻwɪʃ	bɪwɪʃ	0.2	0.0
beword	bɪwɜːɹd	biwɜd	bᵻwɜd	buɚd	compound	be|word	0.4	0.4	1.0	bᵻwɜɹd	bɪwɝd	0.16666666666666666	0.4
beworry	bɪwʌɹi	biwʌɹi	bᵻwʌɹi	bwɔɹi	compound	be|worry	0.16666666666666666	0.16666666666666666	0.4	bᵻwɔɹi	bɪwɝi	0.3333333333333333	0.4
bewray	bɪɹeɪ	biɹeɪ	bᵻɹeɪ	bɛɹeɪ	compound	be|wray	0.2	0.2	0.2	bᵻɹeɪ	bɛɹeɪ	0.2	0.2
beyearn	bɪjɜːɹn	beɪɜn	beɪɜn	biɚn	compound	bey|earn	0.6	0.6	1.0	beɪɑɹn	baɪɝn	0.5	0.8
beyellowed	bɪjɛləʊd	bijɛləʊd	beɪɪləʊd	baɪləʊd	compound	be|yellowed	0.125	0.375	0.42857142857142855	bᵻjɛləʊd	baɪɛləʊd	0.125	0.25
beyelp	bɪjɛlp	bijɛlp	beɪɛlp	baɪəlp	compound	be|yelp	0.16666666666666666	0.3333333333333333	0.5	beɪɛlp	baɪlp	0.3333333333333333	0.6
biacid	baɪæsɪd	baɪæsɪd	baɪəsɪd	biəsɪd	compound	bi|acid	0.0	0.14285714285714285	0.5	baɪəsɪd	baɪəsɪd	0.14285714285714285	0.14285714285714285
biangle	baɪæŋɡəl	baɪæŋɡəl	baɪəŋɡəl	biæŋɡəl	compound	bi|angle	0.0	0.125	0.2857142857142857	baɪəŋgəl	baɪæŋɡəl	0.25	0.0
bibliothecal	bɪbliəθiːkəl	bɪbliəθikəl	bɪblɪɑθɛkəl	bɪblaɪəθɪkəl	compound	bibliotheca|l	0.0	0.2727272727272727	0.25	bɪbliəθikəl	bɪbliəʊθəkəl	0.0	0.16666666666666666
biffo	bɪfəʊ	bɪfəʊ	bɪfəʊ	bɪfəʊ	compound	biff|o	0.0	0.0	0.0	bɪfəʊ	bɪfəʊ	0.0	0.0
biflagellated	baɪflædʒəleɪtɪd	baɪflædʒələtd	baɪfleɪdʒəleɪɾᵻd	bɪfləɡɛleɪtd	compound	biflagellate|d	0.23076923076923078	0.25	0.5	baɪflædʒəleɪɾᵻd	baɪflədʒəleɪtɪd	0.13333333333333333	0.06666666666666667
bigheadedness	bɪɡhɛdɪdnəs	bɪɡhɛdɛdnes	bɪɡhɪdᵻdnəs	baɪhidɪdnəs	compound	bighead|ed|ness	0.18181818181818182	0.18181818181818182	0.2727272727272727	bɪghɛdᵻdnəs	bɪɡhɛdɪdnəs	0.18181818181818182	0.0
bilin	baɪlɪn	bɪlin	bɪlɪn	bɪlɪn	compound	bili|n	0.4	0.2	0.2	bɪlɪn	bɪlɪn	0.2	0.2
bimillennial	baɪmɪlɛniəl	baɪmɪlɛnɪəl	baɪmɪlɛnɪəl	bɪmələniəl	compound	bi|millennial	0.09090909090909091	0.09090909090909091	0.3	baɪmɪlɛniəl	bɪməlɛniəl	0.0	0.2
bingpot	bɪŋpɒt	bɪŋpɒt	bɪŋpɑt	bɪŋɡpət	compound	bing|pot	0.0	0.16666666666666666	0.2857142857142857	bɪŋpɑt	bɪŋpɑt	0.16666666666666666	0.16666666666666666
bioanalytics	baɪoʊænəlɪtɪks	baɪəʊænəlɪtɪks	baɪəʊænəlɪɾɪks	biəʊnəlitɪks	compound	bio|analytics	0.0	0.07142857142857142	0.3333333333333333	baɪəʊænəlɪɾɪks	baɪəʊænəlɪtɪks	0.07142857142857142	0.0
biolet	baɪəlɛt	baɪəʊlɛt	baɪəʊlɛt	baɪəʊlɪt	compound	bio|let	0.125	0.125	0.25	baɪəlɪt	baɪəʊlɛt	0.14285714285714285	0.125
biomimetics	baɪəʊmɪmɛtɪks	baɪəʊməmɛɾɪks	baɪəʊmaɪmɛɾɪks	biɑmɪmɛtɪks	compound	biomimetic|s	0.15384615384615385	0.14285714285714285	0.36363636363636365	baɪəʊmɪmətɪks	baɪəʊməmɛtɪks	0.07692307692307693	0.07692307692307693
bioturbated	baɪəʊtɜːɹbeɪtɪd	baɪəʊtʊɹbeɪtɪd	baɪəʊtɜbeɪɾᵻd	biəʊtɚbeɪtd	compound	bio|tur|bated	0.07142857142857142	0.23076923076923078	0.45454545454545453	baɪəʊtɜɹbeɪɾᵻd	baɪəʊtɝbeɪtɪd	0.14285714285714285	0.15384615384615385
bipennated	baɪpɛneɪtɪd	baɪpɛneɪtd	baɪpɛneɪɾᵻd	baɪpɛneɪtd	compound	bi|pennate|d	0.1	0.18181818181818182	0.1	baɪpɛneɪɾᵻd	baɪpəneɪtɪd	0.18181818181818182	0.09090909090909091
birdo	bɜːɹdəʊ	bɜdəʊ	bɜdəʊ	bɪɹdəʊ	compound	bird|o	0.2	0.2	0.16666666666666666	bɜɹdəʊ	bɝdəʊ	0.0	0.4
bisphenol	bɪsfiːnɒl	bɪsfɛnɒl	baɪsfɛnɑl	bɪsfənəl	compound	bis|phenol	0.125	0.3333333333333333	0.25	bɪsfənɔl	bɪsfənɑl	0.25	0.25
bitchlet	bɪtʃlət	bɪtʃlɛt	bɪtʃlɪt	bɪtʃlɪt	compound	bitch|let	0.14285714285714285	0.14285714285714285	0.14285714285714285	bɪtʃlɪt	bɪtʃlət	0.14285714285714285	0.0
bitings	baɪtɪŋz	baɪtɪŋs	baɪɾɪŋz	bɪtɪŋz	compound	biting|s	0.14285714285714285	0.14285714285714285	0.16666666666666666	baɪɾɪŋz	baɪtɪŋz	0.14285714285714285	0.0
bitplane	bɪtpleɪn	bɪtpleɪn	bɪtpleɪn	bɪtplən	compound	bit|plane	0.0	0.0	0.2857142857142857	bɪtpleɪn	bɪtpleɪn	0.0	0.0
bixie	bɪksi	bɪksi	bɪksi	bɪksi	compound	bix|ie	0.0	0.0	0.0	bɪksi	bɪksi	0.0	0.0
bizbabble	bɪzbæbəl	bɪzbæbəl	bɪzbæbəl	bɪzbəbəl	compound	biz|babble	0.0	0.0	0.125	bɪzbæbəl	bɪzbæbəl	0.0	0.0
biznesses	bɪznɪsɪz	bɪznɪsiz	bɪznəsᵻz	bɪznɛsɪz	compound	bizness|es	0.125	0.25	0.125	bɪznəsᵻz	bɪznəsɪz	0.25	0.125
blacklash	blæklæʃ	blæklæʃ	blæklæʃ	blæklæʃ	compound	black|lash	0.0	0.0	0.0	blæklæʃ	blæklæʃ	0.0	0.0
blanchability	blɑːntʃəbɪlɪti	blɑntʃəbɪləti	blæntʃəbɪlᵻɾi	blæntʃəbɪlɪti	compound	blanch|ability	0.07692307692307693	0.23076923076923078	0.07692307692307693	blæŋkəbɪləɾi	blæntʃəbɪləti	0.5	0.15384615384615385
bleen	bliːn	blin	blin	blin	compound	blee|n	0.0	0.0	0.0	blin	blin	0.0	0.0
blessure	blɛsjʊɚ	blɛsjuɹ	blɛʃɚ	blɛsɚ	compound	bless|ure	0.2857142857142857	0.6	0.4	blɛʃəɹ	blɛʃɝ	0.6666666666666666	0.8
bliaut	bliːoʊ	bliət	blaɪəʌt	blaɪət	compound	b|liau|t	0.2	0.5714285714285714	0.5	blət	blaɪɔt	0.5	0.6666666666666666
blike	blaɪk	blaɪk	blaɪk	blaɪk	compound	b|like	0.0	0.0	0.0	blaɪk	blaɪk	0.0	0.0
blime	blaɪmi	blaɪm	blaɪm	blaɪm	compound	b|lime	0.2	0.2	0.2	blaɪm	blaɪm	0.2	0.2
blinkie	blɪŋki	blɪŋki	blɪŋki	blɪŋki	compound	blink|ie	0.0	0.0	0.0	blɪŋki	blɪŋki	0.0	0.0
blogtastic	blɒɡtæstɪk	blɒɡtæstɪk	bləɡteɪstɪk	blɑɡtæstɪk	compound	blog|tastic	0.0	0.2727272727272727	0.1	blɔɡtæstɪk	blɑɡtæstɪk	0.1	0.1
blueb	bluːb	blub	blub	blub	compound	blue|b	0.0	0.0	0.0	blub	blub	0.0	0.0
blueshift	bluːʃɪft	bluʃɪft	bluʃɪft	bluʃɪft	compound	blue|shift	0.0	0.0	0.0	bluʃɪft	bluʃɪft	0.0	0.0
blustrification	blʌstɹɪfɪkeɪʃən	bləstɹɪfɪkeɪʃən	blʌstɹɪfɪkeɪʃən	blʌstɹɪfɪkeɪʃən	compound	blust|rif|ication	0.06666666666666667	0.0	0.0	blʌstɹɪfɪkeɪʃən	bləstɹəfəkeɪʃən	0.0	0.2
blynx	blɪŋks	blɪŋks	blɪŋks	blɪŋks	compound	b|lynx	0.0	0.0	0.0	blɪŋks	blɪŋks	0.0	0.0
bo's'n	bəʊsn	bɑsn	bɑsn	bəʊzɪn	compound	bos|n	0.5	0.5	0.3333333333333333	bəʊzən	bəʊzən	0.3333333333333333	0.3333333333333333
boet	bʊt	bəʊt	bəʊt	bəʊt	compound	boe|t	0.25	0.25	0.25	bəʊt	bəʊt	0.25	0.25
boingy	bɔɪŋɡiː	bɔɪŋj	bəʊɪŋi	bɔɪndʒi	compound	boing|y	0.4	0.5	0.42857142857142855	bɔɪŋi	bəʊɪndʒi	0.2	0.625
boli	bəʊlaɪ	bɑlaɪ	bəʊli	bəʊli	compound	bol|i	0.4	0.4	0.4	bəʊli	bəʊli	0.4	0.4
boln	boʊln	bɑln	bɑln	bɑln	compound	bol|n	0.5	0.5	0.5	bəʊln	bəʊln	0.0	0.0
bonaci	boʊnəsi	bəʊnəsiaɪ	bɑnəsaɪ	bɑnəsi	compound	bona|ci	0.2222222222222222	0.5714285714285714	0.3333333333333333	bəʊnəsi	bəʊnɑtʃi	0.0	0.375
bonify	bəʊnɪfaɪ	bəʊnifa	bɑnᵻfaɪ	bəʊnəfi	compound	boni|fy	0.2857142857142857	0.42857142857142855	0.42857142857142855	bɑnəfaɪ	bɑnəfaɪ	0.42857142857142855	0.42857142857142855
booba	buːbə	bubə	bubə	bubə	compound	boob|a	0.0	0.0	0.0	bubə	bubə	0.0	0.0
booch	buːtʃ	butʃ	butʃ	buk	compound	boo|ch	0.0	0.0	0.6666666666666666	butʃ	butʃ	0.0	0.0
bookfluencer	bʊkfluənsɚ	bʊkfluənsɹ	bʊkfluənsɚ	bʊkflunsɚ	compound	book|fluence|r	0.1	0.0	0.1111111111111111	bʊkflusəɹ	bʊkfluənsɝ	0.4444444444444444	0.1
booklist	bʊklɪst	bʊklɪst	bʊklɪst	bʊklɪst	compound	book|list	0.0	0.0	0.0	bʊklɪst	bʊklɪst	0.0	0.0
bookstaff	bʊkstæf	bʊkstæf	bʊkstæf	bʊkstæf	compound	books|taff	0.0	0.0	0.0	bʊkstæf	bʊkstæf	0.0	0.0
bookstave	bʊksteɪv	bʊksteɪv	bʊksteɪv	bʊksteɪv	compound	book|stave	0.0	0.0	0.0	bʊksteɪv	bʊksteɪv	0.0	0.0
bootleggery	buːtlɛɡəɹi	butlɛɡəj	buɾəlɡɚɹi	butleɪɡɚi	compound	bootlegger|y	0.25	0.4444444444444444	0.4444444444444444	butlɛgəɹi	butlɛɡɝi	0.1111111111111111	0.25
borgo	bɔːɹɡəʊ	bɔɹɡəʊ	boɹɡəʊ	bɔɹɡəʊ	compound	borg|o	0.0	0.16666666666666666	0.0	bɔɹgəʊ	bɔɹɡəʊ	0.16666666666666666	0.0
bottable	bɒtəbəl	bɑtəbəl	bɑɾəbəl	bɑtəbəl	compound	botta|ble	0.14285714285714285	0.2857142857142857	0.14285714285714285	bɑɾəbəl	bɑtəbəl	0.2857142857142857	0.14285714285714285
bottlenose	bɒtəlnəʊz	bɒtəlnəʊz	bɑtəlnəʊz	bɑtlənəʊz	compound	bottle|nose	0.0	0.1111111111111111	0.3333333333333333	bɑtəlnəʊz	bɑtəlnəʊz	0.1111111111111111	0.1111111111111111
bouget	buːdʒɛt	budʒt	bəɡɪt	bəɡɪt	compound	bouge|t	0.2	0.8	0.8	bəgɪt	buʒɛt	0.8	0.2
bouquetin	bukətæn	bukeɪɪn	bəkwɪtɪn	bəkwɛtɪn	compound	bouquet|in	0.42857142857142855	0.5	0.5	bukeɪtɪn	bukətɪn	0.375	0.14285714285714285
bourgeoisify	bʊəɹʒwɑːzifaɪ	bʊɹʒwɑtɪf	bɜdʒɪəɪsᵻfaɪ	bɔɹdʒɔɪsəfi	compound	bourgeois|ify	0.5555555555555556	0.6666666666666666	0.8181818181818182	bəɹd͡ʒɔɪzəfaɪ	bɔɹdʒɔɪzəfaɪ	0.46153846153846156	0.5
bourride	bəɹiːd	bɜɹaɪd	bɜɹaɪd	bɔɚaɪd	compound	bour|ride	0.5	0.5	0.6666666666666666	bɔɹaɪd	bʊɹaɪd	0.5	0.5
bowlo	bəʊləʊ	bəʊləʊ	bəʊləʊ	bəʊləʊ	compound	bowl|o	0.0	0.0	0.0	bəʊləʊ	bəʊləʊ	0.0	0.0
boyed	bɔɪd	bɔɪd	bɔɪd	bɔɪd	compound	boye|d	0.0	0.0	0.0	bɔɪd	bɔɪd	0.0	0.0
boymilk	bɔɪmɪlk	bɔɪmɪlk	bɔɪmɪlk	bɔɪməlk	compound	boy|milk	0.0	0.0	0.14285714285714285	bɔɪmɪlk	bɔɪmɪlk	0.0	0.0
bozone	bəʊzəʊn	bəʊzəʊni	bɑzəʊn	bəʊzəʊn	compound	bozo|ne	0.125	0.3333333333333333	0.0	bəʊzəʊn	bəʊzəʊni	0.0	0.125
braggie	bɹæɡi	bɹæɡi	bɹæɡi	bɹæɡi	compound	bragg|ie	0.0	0.0	0.0	bɹægi	bɹæɡi	0.2	0.0
brahmadanda	bɹɑːmədʌndə	bɹɑmədændə	bɹɑmədændə	bɹɑmədændə	compound	brahma|danda	0.1	0.1	0.1	bɹɑmədɑndə	bɹɑmədændə	0.1	0.1
brahminical	bɹəmɪnəkəl	bɹɑmɪnɪkəl	bɹɑmɪnɪkəl	bɹɑmɪnɪkəl	compound	brahmin|ical	0.2	0.2	0.2	bɹɑmɪnɪkəl	bɹəmɪnɪkəl	0.2	0.1
breakfasty	bɹɛkfəsti	bɹɛkfəstj	bɹeɪkfəsti	bɹikfəsti	compound	breakfast|y	0.1111111111111111	0.2	0.1111111111111111	bɹɛkfəsti	bɹeɪkfæsti	0.0	0.3
breakthru	bɹeɪkθɹuː	bɹeɪkθɹu	bɹeɪkθɹu	bɹɛkθɹu	compound	break|thru	0.0	0.0	0.2857142857142857	bɹeɪkθɹu	bɹeɪkθɹu	0.0	0.0
breatharianism	bɹɛθɛəɹiənɪzəm	bɹɛθɛɹiənɪzəm	bɹɛθɛɹiənɪzəm	bɹiθɑɹiənɪzəm	compound	breatharian|ism	0.07692307692307693	0.07692307692307693	0.23076923076923078	bɹəθɛɹiənɪzəm	bɹɛθɝiənɪzəm	0.15384615384615385	0.25
bretesse	bɹɛtɛs	bɹɛtɛs	bɹɛɾɛs	bɹɛtɛs	compound	bret|esse	0.0	0.16666666666666666	0.0	bɹɛtiz	bɹitɛs	0.3333333333333333	0.16666666666666666
bricole	bɹɪkəʊl	bɹɪkəʊl	bɹɪkəʊl	bɹɪkəʊl	compound	bric|ole	0.0	0.0	0.0	bɹɪkəʊl	bɹɪkəʊl	0.0	0.0
bridgmanite	bɹɪdʒmənaɪt	bɹɪdʒmənaɪt	bɹɪdʒmənaɪt	bɹɪdʒmənɪt	compound	bridgman|ite	0.0	0.0	0.1	bɹɪdʒmənaɪt	bɹɪdʒmənaɪt	0.0	0.0
brierberry	bɹaɪəɹbɛɹi	bɹaɪəbɛɹi	bɹaɪɚbɛɹi	bɹaɪɚbɛɹi	compound	brier|berry	0.1111111111111111	0.2222222222222222	0.2222222222222222	bɹaɪəɹbɛɹi	bɹɪɹbɛɹi	0.0	0.25
briggle	bɹɪɡəl	bɹɪɡəl	bɹɪɡəl	bɹɪɡəl	compound	b|riggle	0.0	0.0	0.0	bɹɪgəl	bɹɪɡəl	0.16666666666666666	0.0
brille	bɹɪlə	bɹɪli	bɹɪl	bɹɪl	compound	brill|e	0.2	0.25	0.25	bɹɪl	bɹɪl	0.25	0.25
brisure	bɹɪzjʊɚ	bɹɪsjuɹ	bɹɪʒɚ	bɹɪʒɚ	compound	bris|ure	0.42857142857142855	0.6	0.6	bɹaɪʒəɹ	bɹɪʒɝ	0.7142857142857143	0.8
brivet	bɹɪvɪt	bɹɪvɪt	bɹɪvɪt	bɹaɪvt	compound	b|rivet	0.0	0.0	0.3333333333333333	bɹaɪvɪt	bɹɪvət	0.14285714285714285	0.16666666666666666
broadswordsman	bɹɔːdsɔɹdzmæn	bɹɔdsɔdzmæn	bɹɔdsoɹdzmən	bɹəʊdzwɚdzmən	compound	broadswords|man	0.09090909090909091	0.16666666666666666	0.46153846153846156	bɹɔdsɔdzmən	bɹɔdswɝdzmən	0.18181818181818182	0.25
broadswordsmanship	bɹɔːdsɔɹdzmænʃɪp	bɹɔdsɔdzmænʃɪp	bɹɔdsoɹdzmənʃɪp	bɹəʊdzwɚdzmænʃɪp	compound	broadswords|manship	0.07142857142857142	0.13333333333333333	0.3125	bɹɔdsɔɹdsmənʃɪp	bɹɔdzwɝdzmənʃɪp	0.13333333333333333	0.26666666666666666
bromatology	bɹəʊmətɒlədʒi	bɹəʊmətulədʒɪ	bɹɑmətɑlədʒi	bɹəʊmətɑlədʒi	compound	broma|to|logy	0.15384615384615385	0.25	0.07692307692307693	bɹəʊmətɑlədʒi	bɹəʊmətɑlədʒi	0.07692307692307693	0.07692307692307693
buaze	bwɑːzeɪ	bijueɪzi	bjueɪz	bjueɪz	compound	bua|ze	0.625	0.6666666666666666	0.6666666666666666	buz	bweɪz	1.3333333333333333	0.6
bubblegrunge	bʌbəlɡɹʌndʒ	bʌbəlɡɹʌndʒ	bʌbəlɡɹʌndʒ	bʌbəlɡɹʌndʒ	compound	bubble|grunge	0.0	0.0	0.0	bʌbəlgɹʌndʒ	bəbəlɡɹəndʒ	0.09090909090909091	0.18181818181818182
bubele	bʊbələ	bubəli	bjubɛl	bjubl	compound	bubel|e	0.3333333333333333	0.6666666666666666	0.8	bubəl	bjubəl	0.4	0.5
buccopalatal	bʌkoʊpælətəl	bukəʊpæləɾəl	bʌkəpælæɾəl	bʌkəpələtəl	compound	bucco|palatal	0.16666666666666666	0.2727272727272727	0.18181818181818182	bʌkɑpəleɪɾəl	bəkɑpəleɪtəl	0.5	0.5
budoo	bʊduː	bʌdu	bjudu	budu	compound	bud|oo	0.25	0.4	0.25	budəʊ	budu	0.6	0.25
bugmail	bʌɡmeɪl	bʌɡmeɪl	bʌɡmeɪl	bʌɡmeɪl	compound	bug|mail	0.0	0.0	0.0	bʌgmeɪl	bəɡmeɪl	0.14285714285714285	0.14285714285714285
bulbaceous	bʌlbeɪʃəs	bʌlbbeɪʃəs	bʌlbeɪʃəs	bʌlbeɪsus	compound	bulb|aceous	0.1	0.0	0.2222222222222222	bəleɪ.ʃəs	bəlbeɪʃəs	0.3333333333333333	0.1111111111111111
bulbiform	bʌlbɪfɔːm	bʌlbɪfɔm	bʌlbɪfɔɹm	bʌlbɪfɚm	compound	bulb|iform	0.0	0.1111111111111111	0.125	bʌlbɪfɔɹm	bəlbɪfɔɹm	0.1111111111111111	0.2222222222222222
bulerias	buləɹiəs	bulɜɹiəs	bjʊlɪɹiəz	bjulɚiəz	compound	bu|ler|ia|s	0.125	0.4444444444444444	0.5	bulɪɹiəz	bjulɪɹiəz	0.25	0.3333333333333333
bulette	buːlɛt	bulɛti	bjʊlɛt	bjulɛt	compound	bu|lett|e	0.16666666666666666	0.3333333333333333	0.16666666666666666	bjulɛt	bjulɛt	0.16666666666666666	0.16666666666666666
bullcrap	bʊlkɹæp	bʊlkɹæp	bʊlkɹæp	bʊlkɹəp	compound	bull|crap	0.0	0.0	0.14285714285714285	bʊlkɹæp	bʊlkɹæp	0.0	0.0
bulldyke	bʊldaɪk	bʊldaɪk	bʊldaɪk	bʊldaɪk	compound	bull|dyke	0.0	0.0	0.0	bʊldaɪk	bʊldaɪk	0.0	0.0
bullswool	bʊlzwʊl	bʊlzwʊl	bʊlswʊl	bʌlzwul	compound	bulls|wool	0.0	0.14285714285714285	0.2857142857142857	bʊlzwʊl	bʊlzwʊl	0.0	0.0
bumfluff	bʌmflʌf	bʌmflʌf	bʌmflʌf	bʌmflʌf	compound	bumf|luff	0.0	0.0	0.0	bʌmflʌf	bəmfləf	0.0	0.2857142857142857
bumtastic	bʌmtæstɪk	bʌmtæstɪk	bʌmteɪstɪk	bʌmtæstɪk	compound	bum|tastic	0.0	0.2	0.0	bʌmtæstɪk	bəmtæstɪk	0.0	0.1111111111111111
buncha	bʌntʃə	bʌntʃə	bʌntʃə	bʌntʃə	compound	bunch|a	0.0	0.0	0.0	bʌntʃə	bəntʃə	0.0	0.16666666666666666
butterbrot	bʊtəɹbɹoʊt	bʌtəbɹɑt	bʌɾɚbɹɑt	bʌtɚbɹət	compound	butter|brot	0.5	0.75	0.5	bʌɾəɹbɹɑt	bətɝbɹɑt	0.4444444444444444	0.625
buttfuck	bʌtfʌk	bʌtfʌk	bʌtfʌk	bʌtfʌk	compound	butt|fuck	0.0	0.0	0.0	bʌtfʌk	bətfək	0.0	0.3333333333333333
buttonology	bʌtənɒlədʒi	bʌtənɒlədʒi	bʌnɑlədʒi	bʌtənələdʒi	compound	button|ology	0.0	0.3333333333333333	0.09090909090909091	bʌtnɑlədʒi	bətənɑlədʒi	0.2	0.18181818181818182
buttonquail	bʌtɜnkweɪl	bʌtənkweɪl	bʌnkweɪl	bʌtəŋkweɪl	compound	button|quail	0.1	0.25	0.2	bʌtnkweɪl	bətənkweɪl	0.1111111111111111	0.2
buycott	baɪkɒt	baɪkɑt	baɪkɑt	baɪkɑt	compound	buy|cott	0.16666666666666666	0.16666666666666666	0.16666666666666666	baɪkɑt	baɪkɑt	0.16666666666666666	0.16666666666666666
buzzie	bʌzi	bʌzi	bʌzi	butsi	compound	buzz|ie	0.0	0.0	0.6	bʌzi	bəzi	0.0	0.25
by't	baɪt	baɪt	baɪt	biɪt	compound	by|t	0.0	0.0	0.25	baɪt	baɪt	0.0	0.0
byen	bjɛn	baɪn	baɪən	bin	compound	bye|n	0.5	0.6	0.6666666666666666	baɪən	baɪən	0.6	0.6
byhove	bɪhəʊv	baɪhəʊv	baɪhəʊv	bihəʊv	compound	by|hove	0.14285714285714285	0.14285714285714285	0.16666666666666666	baɪhəʊv	baɪhəʊv	0.14285714285714285	0.14285714285714285
c'mere	kəmɪɹ	kmiə	simɪɹ	kɪmɚ	compound	c|mere	0.75	0.4	0.75	simɪɹ	simɪɹ	0.4	0.4
c'waam	tʃwɑm	kwɑæm	siwɑm	kwɔm	compound	c|wa|am	0.6	0.4	0.75	kɑm	kwɑm	1.0	0.5
cabalize	kəbɑːlaɪz	kəbælaɪz	kəbɑlaɪz	kæbəlaɪz	compound	cabal|ize	0.125	0.0	0.25	kəbɑlaɪz	keɪbəlaɪz	0.0	0.3333333333333333
cabasset	kæbəsɛt	kæbæsɛt	kæbəsɛt	kəbəsɪt	compound	cab|asset	0.14285714285714285	0.0	0.2857142857142857	kəbæsɛt	kəbæsət	0.2857142857142857	0.42857142857142855
cabré	kəbɹeɪ	kəbɹeɪ	kæbɹeɪ	kəbɹ	compound	[]	0.0	0.16666666666666666	0.5	kəbɹeɪ	kəbɹeɪ	0.0	0.0
cack	kæk	kæk	kæk	kæk	compound	cac|k	0.0	0.0	0.0	kæk	kæk	0.0	0.0
cacoethic	kakəʊiːθik	kækəʊɛθɪk	kækəʊθɪk	keɪkəʊθɪk	compound	cac|o|ethic	0.3333333333333333	0.375	0.4444444444444444	kækəθɛɾɪk	kækəʊɛθɪk	0.5555555555555556	0.3333333333333333
cacoethical	kakəʊiːθɪkəl	kækəʊɛθɪkəl	kækəʊθɪkəl	keɪkəʊθɪkəl	compound	cac|o|ethical	0.18181818181818182	0.2	0.2727272727272727	kækəɛθɪkəl	kækəʊɛθɪkəl	0.3	0.18181818181818182
cacoethically	kakəʊiːθɪkəli	kækəʊɛθɪkli	kækəʊθɪkli	keɪkəʊθɪkəli	compound	cac|o|ethically	0.2727272727272727	0.3	0.25	kækəθɪkəli	kækəʊɛθɪkli	0.3	0.2727272727272727
cacoethics	kakəʊɛθɪks	kækəʊɛθɪks	kækəʊθɪks	keɪkəʊθɪks	compound	cac|o|ethics	0.1	0.2222222222222222	0.3	kækəθɛtɪks	kækəʊɛθɪks	0.3	0.1
cacolet	kakolɛt	kɑkɑlɪt	kækɑlɪt	kækəlt	compound	ca|colet	0.42857142857142855	0.42857142857142855	0.5	kækəlɪt	kækəlɛt	0.42857142857142855	0.2857142857142857
caddr	kɑdədɚ	kædɹ	kædɚ	kædɚ	compound	cad|dr	1.0	0.75	0.75	kædɚ	kædɝ	0.75	1.0
cadherin	kædhɪəɹɪn	kædhɛɹɪn	kædhɚɹɪn	kædɚɪn	compound	cad|herin	0.25	0.25	0.6666666666666666	kædhəɹɪn	kædɝɪn	0.125	0.6666666666666666
cadr	keɪdə	kædɹ	kædɚ	kædɹ	compound	cad|r	0.75	0.75	0.75	kædɚ	kædɝ	0.75	0.75
caduce	kədjuːs	kædus	kædʒus	kædus	compound	cad|uce	0.4	0.3333333333333333	0.4	kədus	kədus	0.2	0.2
cain't	keɪnt	keɪnt	keɪnt	keɪnɪt	compound	cain|t	0.0	0.0	0.16666666666666666	keɪntən	keɪnt	0.2857142857142857	0.0
caipirinhas	kaɪpɪɹiːnjəz	kaɪpəɹinjəs	keɪpɪɹɪnhəz	keɪpɚɪnhəz	compound	caipirinha|s	0.18181818181818182	0.2727272727272727	0.5	kaɪpəɹinəz	keɪpɝinəz	0.2	0.4444444444444444
cajoler	kədʒəʊlɚ	kədʒəʊlɹ	kædʒəʊlɚ	kədʒəʊlɚ	compound	cajole|r	0.125	0.125	0.0	kəd͡ʒəʊ.ləɹ	kədʒəʊlɝ	0.36363636363636365	0.125
cak	tʃɑːk	kɑk	kæk	kæk	compound	ca|k	0.6666666666666666	1.0	1.0	kæk	kæk	1.0	1.0
cakeism	keɪkɪzəm	keɪkɪzəm	kækeɪzəm	keɪkaɪzm	compound	cake|ism	0.0	0.375	0.25	keɪkɪzəm	keɪkɪzəm	0.0	0.0
cakesicle	keɪksɪkəl	keɪksɪkəl	keɪksɪkəl	keɪksɪkəl	compound	cake|sicle	0.0	0.0	0.0	keɪkɪsɪkəl	keɪksɪkəl	0.1	0.0
calasiris	kəlæsəɹɪs	kəlɑaɪɹɪs	kæləsɪɹɪs	kələsɪɹiz	compound	calas|iris	0.3333333333333333	0.3333333333333333	0.4444444444444444	kəlæsəɹɪs	kæləsɪɹɪs	0.0	0.3333333333333333
calaverite	kæləvɛəɹaɪt	kɑləvɛɹaɪt	kæləvɚɹaɪt	kələvɚɪt	compound	cala|verite	0.2	0.2	0.625	kæləvəɹaɪt	kæləvɝaɪt	0.1	0.3333333333333333
calcu	kælkjʊ	kælkə	kælku	kælku	compound	calc|u	0.4	0.4	0.4	kælkju	kælku	0.16666666666666666	0.4
call't	kɔːlt	kɔlt	kɔlt	kælɪt	compound	call|t	0.0	0.0	0.4	kɔlt	kɔlt	0.0	0.0
calliferous	kəlɪfəɹəs	kælifəɹəs	kælɪfɚɹəs	kælɪfɚəs	compound	calli|ferous	0.2222222222222222	0.2222222222222222	0.375	kəlɪfəɹəs	kəlɪfɝəs	0.0	0.25
calligraffiti	kəlɪɡɹəfiːti	kæliɡɹəfiti	kælɪɡɹəfiɾi	kælɪɡɹæfɪti	compound	calli|graffiti	0.18181818181818182	0.18181818181818182	0.2727272727272727	kælɪgɹəfiti	kælɪɡɹəfiti	0.18181818181818182	0.09090909090909091
cambist	kæmbɪst	kæmbɪst	kæmbɪst	kæmbɪst	compound	cam|bist	0.0	0.0	0.0	kæmbɪst	kæmbɪst	0.0	0.0
cameral	kæmɛɹəl	kæmɹəl	kæmɹəl	keɪmɚəl	compound	camera|l	0.16666666666666666	0.16666666666666666	0.5714285714285714	kæməɹəl	kæmɝəl	0.14285714285714285	0.3333333333333333
camote	kəmoʊti	kæməʊti	kæməʊt	kæməʊt	compound	camo|te	0.14285714285714285	0.3333333333333333	0.3333333333333333	kəməʊteɪ	kəməʊt	0.25	0.16666666666666666
can't've	kæntəv	kæntivi	kæntəv	kænɪtɪv	compound	cantv|e	0.2857142857142857	0.0	0.2857142857142857	kæntəv	kæntəv	0.0	0.0
canakin	kænəkɪn	kænəkɪn	kænəkɪn	kænəkɪn	compound	cana|kin	0.0	0.0	0.0	kænəkɪn	kænəkɪn	0.0	0.0
cancelier	kænsəlɪɚ	kænsəliɹ	kænsɪliɚ	kænsɛliɚ	compound	cancel|ie|r	0.25	0.25	0.25	kænsəliəɹ	kænsəliɝ	0.3333333333333333	0.25
canerow	keɪnɹoʊ	keɪnəəʊ	kænɚɹəʊ	kænɚəʊ	compound	caner|ow	0.14285714285714285	0.42857142857142855	0.5	keɪnəɹəʊ	kænɝəʊ	0.125	0.5
canities	kənɪʃiiːz	kænaɪtaɪz	kænᵻɾiz	kænitiz	compound	can|i|ties	0.5555555555555556	0.5714285714285714	0.5714285714285714	kænɪtiz	kænətiz	0.42857142857142855	0.5714285714285714
cantrail	kæntɹeɪl	kæntɹeɪl	kæntɹeɪl	kæntɹeɪl	compound	cant|rail	0.0	0.0	0.0	kæntɹeɪl	kæntɹeɪl	0.0	0.0
cap'n	kæpn	kæpn	kæpn	kæpɪn	compound	cap|n	0.0	0.0	0.2	kæpn	kæpən	0.0	0.2
capacify	kəpæsɪfaɪ	kɑpæsɪfaɪ	kəpæsᵻfaɪ	kæpəsəfi	compound	ca|pacify	0.1111111111111111	0.1111111111111111	0.625	kəpæsɪfaɪ	kəpæsəfaɪ	0.0	0.1111111111111111
caporegime	kɑːpəʊɹədʒiːmeɪ	kɑpəʊɹeɪʒim	kæpoɹdʒaɪm	kæpɚidʒɪm	compound	capo|regime	0.36363636363636365	0.8	0.8888888888888888	kæpɚɹaɪm	kæpɝɛdʒəm	1.125	0.8888888888888888
cappie	kæpi	kæpi	kæpi	kæpi	compound	capp|ie	0.0	0.0	0.0	kæpi	kæpi	0.0	0.0
caprifig	kæpɹəfɪɡ	kæpɹifɪɡ	kæpɹɪfɪɡ	kæpɹɪfɪɡ	compound	capri|fig	0.125	0.125	0.125	kæpɹɪfɪɡ	kæpɹəfɪɡ	0.125	0.0
capy	kæpi	kæpj	keɪpi	keɪpi	compound	cap|y	0.25	0.4	0.4	keɪpi	keɪpi	0.4	0.4
caramoussal	kæɹəmuːsɑːl	kɛɹəməsəl	kæɹəməsəl	kɑɹəməsəl	compound	cara|moussa|l	0.3333333333333333	0.2222222222222222	0.3333333333333333	kɛɹəməsɑl	kɛɹəmusəl	0.2222222222222222	0.2222222222222222
carap	kæɹəp	kɛɹəp	kæɹæp	kɛɹəp	compound	cara|p	0.2	0.2	0.2	kɛɹæp	kɛɹəp	0.4	0.2
carbophos	kɑːɹbəfɒs	kɑɹbəʊəfɒs	kɑɹbɑfəʊz	kɑɹbəfəʊz	compound	carbo|phos	0.2	0.4444444444444444	0.3333333333333333	kɑɹbəfɑs	kɑɹbəfəʊz	0.125	0.3333333333333333
carbrain	kɑɹbɹeɪn	kɑɹbɹeɪn	kɑɹbɹeɪn	kɑɹbɹeɪn	compound	carb|rain	0.0	0.0	0.0	kɑɹbɹeɪn	kɑɹbɹeɪn	0.0	0.0
cardening	kɑɹdənɪŋ	kɑɹdənɪŋ	kɑɹdənɪŋ	kɑɹdənɪŋ	compound	carden|ing	0.0	0.0	0.0	kɑɹdənɪŋ	kɑɹdənɪŋ	0.0	0.0
cardioverter	kɑːɹdiəʊvɜːɹtɚ	kɑɹdiəʊvɝtɜ	kɑɹdɪəʊvɜɾɚ	kɑɹdiəvɚtɚ	compound	cardio|vert|er	0.2727272727272727	0.2727272727272727	0.3	kɑɹdiəʊvɜɹɾəɹ	kɑɹdiəʊvɝtɝ	0.23076923076923078	0.2727272727272727
caressings	kəɹɛsɪŋz	kəɹɛsɪŋs	kɚɹɛsɪŋz	kɛɹɛsɪŋz	compound	caressing|s	0.125	0.125	0.125	kəɹɛsɪŋz	kɝɛsɪŋz	0.0	0.2857142857142857
caseification	keɪsɪfɪkeɪʃən	keɪsɪfɪkeɪʃən	kæseɪfɪkeɪʃən	keɪsaɪfɪkeɪʃən	compound	case|ification	0.0	0.23076923076923078	0.07142857142857142	keɪsɪfɪkeɪʃən	kəsiəfəkeɪʃən	0.0	0.38461538461538464
caseinate	keɪsiːneɪt	keɪsineɪt	kæsɪneɪt	keɪsineɪt	compound	casein|ate	0.0	0.375	0.0	keɪsəneɪt	kæsəneɪt	0.1111111111111111	0.375
cashtag	kæʃtæɡ	kæʃtæɡ	kæʃtæɡ	kæʃtəɡ	compound	cash|tag	0.0	0.0	0.16666666666666666	kæʃtæg	kæʃtæɡ	0.16666666666666666	0.0
casn't	kæznt	kæsnt	kæsənt	kæsnɪt	compound	cas|nt	0.2	0.3333333333333333	0.3333333333333333	kæzənt	kæzənt	0.16666666666666666	0.16666666666666666
castellanus	kæstəlɑːnəs	kæstələnʌs	kæsɪlænəs	kæstɛlənəs	compound	castellan|us	0.2	0.3333333333333333	0.2	kəstɛlənəs	kæstəlænəs	0.3	0.1
castlet	kɑːslət	kɑsəlt	kæslɪt	kæstlɪt	compound	castle|t	0.3333333333333333	0.3333333333333333	0.42857142857142855	kæstlɪt	kæstlət	0.42857142857142855	0.2857142857142857
catapeltic	kætəpɛltɪk	kætɑpɛltɪk	kæteɪpltɪk	kætəpɛltɪk	compound	cat|apel|tic	0.1	0.3	0.0	kæɾəpɛltɪk	kætəpɛltɪk	0.1	0.0
catboy	kætbɔɪ	kætbɔɪ	kætbɔɪ	kætbɔɪ	compound	cat|boy	0.0	0.0	0.0	kætbɔɪ	kætbɔɪ	0.0	0.0
catchee	kætʃi	kætʃi	kætʃi	kætʃi	compound	catch|ee	0.0	0.0	0.0	kætʃi	kætʃi	0.0	0.0
catechumenate	kætɪkjuːməneɪt	kæɾəkjuməneɪt	kæɾɪtʃuməneɪt	kættʃuməneɪt	compound	catechumen|ate	0.15384615384615385	0.23076923076923078	0.25	kæɾəkjumɛneɪt	kætəkjuməneɪt	0.23076923076923078	0.07692307692307693
catfighting	kætfaɪtɪŋ	kætfaɪtɪŋ	kætfaɪɾɪŋ	kætfaɪtɪŋ	compound	catfight|ing	0.0	0.1111111111111111	0.0	kætfaɪɾɪŋ	kætfaɪtɪŋ	0.1111111111111111	0.0
catheti	kæθɪtaɪ	kæθɛtaɪ	kæθɛɾi	kæθiti	compound	cath|et|i	0.14285714285714285	0.6666666666666666	0.5	kæθiɾi	kəθɛti	0.6666666666666666	0.6666666666666666
catlap	kætlæp	kætlæp	kætlæp	kætləp	compound	cat|lap	0.0	0.0	0.16666666666666666	kætlæp	kætlæp	0.0	0.0
catoblepas	kætoʊblɛpəs	keɪtəʊblɛpæz	kæɾəbəlpəz	kætəbəlpəz	compound	cato|blep|as	0.3333333333333333	0.5	0.4	kətɑbləpəz	kætəblipəz	0.5	0.3
cattleshed	kætəlʃɛd	kætəlʃid	kæɾəlʃt	kætlɛʃt	compound	cattle|shed	0.125	0.42857142857142855	0.5714285714285714	kæɾəlʃɛd	kætəlʃɛd	0.125	0.0
cavetto	kəvɛtəʊ	kævɪtəʊ	kævɛɾəʊ	kævɛtəʊ	compound	cavett|o	0.2857142857142857	0.2857142857142857	0.14285714285714285	kəvɛɾəʊ	kəvɛtəʊ	0.14285714285714285	0.0
cavi	keɪvaɪ	kɑvaɪ	kævi	keɪvi	compound	ca|vi	0.4	1.0	0.4	kɑvi	kɑvi	1.0	1.0
cddr	kʊdədə	kdidiɑɹ	sididiɑɹ	kdɚ	compound	c|ddr	0.7142857142857143	0.75	1.3333333333333333	sididiɹ	sididiɑdiɑdiɑdiɑdiɑ	0.7142857142857143	0.8947368421052632
cecocentral	siːkəsɛntɹəl	sikəʊsɛntɹəl	sɛkəʊsɛntɹəl	tʃɛkəʊsəntɹəl	compound	ceco|central	0.08333333333333333	0.16666666666666666	0.38461538461538464	sisəsɛntɹəl	sɛkəsɛntɹəl	0.09090909090909091	0.09090909090909091
celature	sɛlətjʊɚ	sɛlətʊɹ	sɛlətʃɚ	sɛlætʃɚ	compound	cela|ture	0.2857142857142857	0.2857142857142857	0.42857142857142855	sɛlətʃəɹ	sɛlətʃɝ	0.375	0.42857142857142855
centrifugalize	sɛntɹɪfjəɡəlaɪz	sɛntɹɪfjuɡəlaɪz	sɛntɹɪfjuɡəlaɪz	sɛntɹɪfjuɡəlaɪz	compound	centrifugal|ize	0.06666666666666667	0.06666666666666667	0.06666666666666667	sɛntɹəfjuɡəlaɪz	sɛntɹəfjuɡəlaɪz	0.13333333333333333	0.13333333333333333
centrocecal	sɛntɹəsiːkəl	sɛntɹəʊsɛkəl	sɛntɹəʊskəl	sɛntɹəʊsɛkəl	compound	centro|cecal	0.16666666666666666	0.18181818181818182	0.16666666666666666	sɛntɹəʊsikəl	sɛntɹəʊsɛkəl	0.08333333333333333	0.16666666666666666
centrocyte	sɛntɹəsaɪt	sɛntɹəʊsaɪt	sɛntɹəsaɪt	sɛntɹəsaɪt	compound	centro|cyte	0.09090909090909091	0.0	0.0	sɛntɹəsaɪt	sɛntɹəʊsaɪt	0.0	0.09090909090909091
centrosymmetricity	sɛntɹəʊsɪmətɹɪsɪti	sɛntɹəʊsɪmɛtɹɪkɪti	sɛntɹəsɪmɪtɹɪsᵻɾi	sɛntɹəʊzɪmɛtɹɪsɪti	compound	centro|symmetric|ity	0.1111111111111111	0.23529411764705882	0.1111111111111111	sɛntɹəʊsɪmɛtɹɪkɪti	sɛntɹəʊsɪmətɹɪsɪti	0.1111111111111111	0.0
cepelinas	tsɛpəliːnəs	sɛpɪlinəs	sɛpɪlinəz	sɛpɛlɪnəz	compound	cep|elina|s	0.2222222222222222	0.3333333333333333	0.4444444444444444	seɪpɛlɪnəz	sɛpəlinəz	0.6	0.2222222222222222
cepstrum	sɛpstɹʌm	sɛpstɹʌm	sɛpstɹəm	sɛpstɹʌm	compound	cep|strum	0.0	0.125	0.0	sɛp.stɹəm	sɛpstɹəm	0.2222222222222222	0.125
cerebrotonic	sɛɹɪbɹəʊtɒnɪk	sɪɹbɹəʊtɒnɪk	sɚɹibɹəʊtɑnɪk	sɛɹəbɹəʊtənɪk	compound	cere|bro|tonic	0.16666666666666666	0.23076923076923078	0.15384615384615385	sɪɹəbɹətɑnɪk	sɛɹəbɹətɑnɪk	0.3333333333333333	0.25
cessile	sɛsʌɪl	sɛsaɪl	sɛsaɪl	sɛsɪl	compound	cess|ile	0.16666666666666666	0.16666666666666666	0.2	sɛsəl	sɛsəl	0.4	0.4
cetraxate	sɪtɹækseɪt	stɹækseɪt	sɛtɹəkseɪt	sɛtɹæksət	compound	ce|trax|ate	0.1111111111111111	0.2	0.3333333333333333	sɛtɹækseɪt	sɛtɹəkseɪt	0.1	0.2
chacmool	tʃɑkmoʊl	tʃɑkmul	tʃækmul	tʃækmul	compound	cha|c|mool	0.2857142857142857	0.42857142857142855	0.42857142857142855	tʃækmul	tʃækmul	0.42857142857142855	0.42857142857142855
chambranle	ʃɒmbɹɒnlə	tʃæmbɹænəl	tʃeɪmbɹænəl	tʃæmbɹænəl	compound	cham|branle	0.5	0.5454545454545454	0.5	ʃæmbɹənəl	tʃæmbɹənəl	0.4444444444444444	0.5
chamoy	tʃəmɔɪ	tʃæmɔɪ	tʃæmɔɪ	tʃæmɔɪ	compound	cham|oy	0.16666666666666666	0.16666666666666666	0.16666666666666666	tʃæmɔɪ	tʃæmɔɪ	0.16666666666666666	0.16666666666666666
chargeous	tʃɑːɹdʒəs	tʃɑɹdʒəs	tʃɑɹdʒəs	tʃɑɹdʒus	compound	charge|ous	0.0	0.0	0.125	tʃɑɹdʒəs	tʃɑɹdʒəs	0.0	0.0
charva	tʃɑːvə	tʃɑɹvə	tʃɑɹvə	tʃɑɹvə	compound	ch|arva	0.16666666666666666	0.16666666666666666	0.16666666666666666	tʃɑɹvə	tʃɑɹvə	0.16666666666666666	0.16666666666666666
chasmophyte	kæzməʊfaɪt	kæzəməʊfaɪt	kæzməfaɪt	tʃæsməfaɪt	compound	chasm|ophyte	0.09090909090909091	0.1111111111111111	0.4	kæzəmfaɪt	tʃæzməfaɪt	0.2222222222222222	0.3
chassised	tʃæsiːd	tʃæsiɛd	ʃæsaɪzd	tʃæsɪsd	compound	chassis|ed	0.14285714285714285	0.5714285714285714	0.2857142857142857	tʃæsɪsd	tʃæsaɪzd	0.2857142857142857	0.375
chaudin	ʃoʊdɪn	ʃəʊdɪn	ʃəʊɪn	tʃɔdɪn	compound	chau|din	0.0	0.2	0.5	ʃɔdɪn	ʃəʊdɪn	0.4	0.0
chausson	ʃoʊsɔn	tʃəsʌn	tʃɔsən	tʃɔsən	compound	chaus|son	0.5	0.6666666666666666	0.6666666666666666	ʃəsən	tʃəsən	0.4	0.5
chavtastic	tʃævtæstɪk	tʃævtæstɪk	tʃævteɪstɪk	tʃævtæstɪk	compound	chav|tastic	0.0	0.18181818181818182	0.0	tʃəvtæstɪk	tʃævtæstɪk	0.1	0.0
chawer	tʃɔːɚ	tʃɔɜ	tʃæwɚ	tʃəɚ	compound	chaw|er	0.25	0.4	0.25	tʃɔwəɹ	tʃɔɝ	0.5	0.25
chazzerai	hɑːzəɹaɪ	tʃæziəɹəaɪ	tʃæzɚɹaɪ	tʃæzɚeɪ	compound	chazz|era|i	0.5	0.5	0.8571428571428571	tʃæzəɹaɪ	tʃæzɝaɪ	0.375	0.7142857142857143
cheatgrass	tʃiːtɡɹɑːs	tʃitɡɹɑs	tʃitɡɹæs	tʃɛtɡɹæs	compound	cheat|grass	0.0	0.125	0.25	tʃitgɹæs	tʃitɡɹæs	0.25	0.125
checkitis	tʃɛkaɪtəs	tʃɛkaɪtɪs	tʃɛkaɪɾɪs	tʃɛkɪtɪs	compound	check|itis	0.1111111111111111	0.2222222222222222	0.25	tʃɛkaɪɾɪs	tʃɛkətɪs	0.2222222222222222	0.375
checklaton	tʃɛklætən	tʃɛklætən	tʃɛklætən	tʃɛkleɪtən	compound	check|laton	0.0	0.0	0.2	tʃɛklətən	tʃɛklətən	0.1111111111111111	0.1111111111111111
cheesetastic	tʃiːztæstɪk	tʃiztæstɪk	tʃizteɪstɪk	tʃizɪtæstɪk	compound	cheese|tastic	0.0	0.18181818181818182	0.09090909090909091	tʃizətæstɪk	tʃizətæstɪk	0.09090909090909091	0.09090909090909091
chelev	heɪləv	tʃeɪlɛv	tʃɛlɛv	tʃɛləv	compound	che|lev	0.42857142857142855	0.6666666666666666	0.5	tʃɛlɪv	tʃɛləv	0.6666666666666666	0.5
chemosexual	kiːməʊsɛkʃuəl	kiməʊsɛkʃuəl	kiməʊsɛkʃuəl	tʃɛməʊsɛkʃuəl	compound	chemo|sexual	0.0	0.0	0.23076923076923078	kiməʊsɛkʃəwəl	kɛməsɛkʃuəl	0.15384615384615385	0.18181818181818182
chemtrails	kɛmtɹeɪls	kɛmtɹeɪls	kɛmtɹeɪlz	tʃɛmtɹeɪlz	compound	chemtrail|s	0.0	0.1111111111111111	0.3	kɛmtɹeɪlz	tʃɛmtɹeɪlz	0.1111111111111111	0.3
chengyu	tʃɛŋjuː	tʃɛŋju	tʃɛŋɪu	tʃɛndʒju	compound	cheng|yu	0.0	0.16666666666666666	0.375	tʃɛŋdʒu	tʃɛndʒju	0.2857142857142857	0.375
cherishment	tʃɛɹɪʃmənt	tʃɛɹɪʃmɛnt	tʃɛɹɪʃmənt	tʃɛɹɪʃmɛnt	compound	cherish|ment	0.1	0.0	0.1	tʃɛɹɪʃmənt	tʃɛɹɪʃmənt	0.0	0.0
chesting	tʃɛstɪŋ	tʃɛstɪŋ	tʃɛstɪŋ	tʃɛstɪŋ	compound	chest|ing	0.0	0.0	0.0	tʃɛstɪŋ	tʃɛstɪŋ	0.0	0.0
chete	tʃɛti	tʃɛti	tʃit	tʃit	compound	chet|e	0.0	0.5	0.5	tʃɛti	tʃit	0.0	0.5
chiaush	tʃəuʃ	tʃəʃh	tʃaɪəʌʃ	tʃaɪəʃ	compound	chiaus|h	0.4	0.42857142857142855	0.5	tʃəʃ	tʃəʃ	0.25	0.25
chickie	tʃɪki	tʃɪki	tʃɪki	tʃɪki	compound	chick|ie	0.0	0.0	0.0	tʃɪki	tʃɪki	0.0	0.0
chiliad	kɪliæd	tʃɪliæd	tʃɪlɪæd	tʃɪliəd	compound	chili|ad	0.2857142857142857	0.42857142857142855	0.42857142857142855	kɪlɪæd	tʃɪliæd	0.16666666666666666	0.2857142857142857
chillun	tʃɪlən	tʃɪlən	tʃɪlʌn	tʃɪlən	compound	chill|un	0.0	0.16666666666666666	0.0	tʃɪlʌn	tʃɪlən	0.16666666666666666	0.0
chionablepsia	kaɪənəblɛpsiə	tʃaɪɒnəblɛpsiə	ʃəneɪbəlpsiə	tʃaɪənəblɛpʃə	compound	chi|on|ablepsia	0.21428571428571427	0.5833333333333334	0.3076923076923077	kaɪənəbəlpsiə	tʃiənəblɛpʃə	0.15384615384615385	0.4166666666666667
chionophile	kaɪɒnəfaɪl	tʃaɪəʊnəʊfaɪl	ʃənɑfaɪl	tʃaɪənəfɪl	compound	chi|ono|phile	0.38461538461538464	0.625	0.4	kaɪɑnəfaɪl	tʃɑnəfaɪl	0.1	0.4444444444444444
chiroplast	kaɪɹəplæst	kaɪɹəʊplæst	kaɪɹəplæst	tʃɪɹɑplæst	compound	chiro|plas|t	0.09090909090909091	0.0	0.3	kaɪɹəplæst	kaɪɹəʊplæst	0.0	0.09090909090909091
chirothesia	kaɪɹəʊθiːziə	kaɪɹəʊðəsiə	kaɪɹəθiʒə	tʃɪɹəθiziə	compound	chiro|the|si|a	0.2727272727272727	0.3333333333333333	0.3	kaɪɹəθiʒiə	kaɪɹəʊθiziə	0.2	0.0
chitosan	kaɪtəsæn	tʃɪtəʊzən	tʃɪɾɑsən	tʃitəʊsən	compound	chit|os|an	0.5555555555555556	0.625	0.5555555555555556	kaɪɾəsæn	tʃɪtəsən	0.125	0.375
chlorhexadol	klɔːɹhɛksədɒl	tʃlɔɹhɛksædəʊl	kloɹrhɪksædɑl	tʃlɚɪɡzædəl	compound	ch|lor|hexad|ol	0.35714285714285715	0.38461538461538464	0.9090909090909091	klɔɹhɛksədɔl	klɔɹhɛksədɑl	0.08333333333333333	0.08333333333333333
chlormethiazole	klɔːɹməθaɪəzoʊl	tʃlɔɹmetiəzəʊl	kloɹəmɛθɪæzəʊl	tʃlɔɹmɛθiəzəʊl	compound	ch|lor|methi|azole	0.42857142857142855	0.35714285714285715	0.35714285714285715	kləɹmɛθ.əzəʊl	klɔɹmiθiəzəʊl	0.3076923076923077	0.23076923076923078
chlorphenoxamine	klɔːɹfɛnɒksəmiːn	tʃlɔɹfənɒksəmin	kloɹəfənɑksəmin	tʃlɔɹfənɑksəmin	compound	ch|lor|phen|ox|amine	0.2	0.26666666666666666	0.26666666666666666	klɔɹfənɑksəmin	klɔɹfənɑksəmin	0.14285714285714285	0.14285714285714285
choanal	koʊənəl	kəʊənəl	tʃəʊnəl	tʃəʊənəl	compound	choana|l	0.0	0.42857142857142855	0.25	kəʊnəl	tʃəʊnəl	0.16666666666666666	0.42857142857142855
choco	tʃɒkəʊ	tʃɒkəʊ	tʃəʊkəʊ	tʃəʊkəʊ	compound	choc|o	0.0	0.2857142857142857	0.2857142857142857	tʃəʊkəʊ	tʃəʊkəʊ	0.2857142857142857	0.2857142857142857
choenix	kiːnɪks	tʃəʊnɪks	tʃəʊnɪks	tʃəʊnɪks	compound	choe|nix	0.5	0.5	0.5	tʃəʊnɪks	tʃəʊnɪks	0.5	0.5
chomophyte	kəʊməʊfaɪt	tʃəʊməʊfaɪt	tʃɑməfaɪt	kəʊməfaɪt	compound	chomo|phyte	0.18181818181818182	0.4444444444444444	0.1111111111111111	t͡ʃɒməʊfaɪt	kɑməfaɪt	0.36363636363636365	0.375
chookie	tʃʊki	tʃʊki	tʃʊki	tʃʊki	compound	chook|ie	0.0	0.0	0.0	tʃʊki	tʃʊki	0.0	0.0
chorionated	kɔɹioʊneɪtəd	kɔɹiəneɪtd	koɹɪɑnəɾᵻd	tʃɔɹiəneɪtd	compound	chorion|ate|d	0.2	0.8	0.36363636363636365	kəɹaɪəneɪɾᵻd	kɔɹiəneɪtɪd	0.5	0.18181818181818182
chorionation	kɔɹioʊneɪʃən	kɔɹiəneɪʃən	koɹɪəneɪʃən	tʃɔɹiəneɪʃən	compound	chorion|ation	0.09090909090909091	0.2727272727272727	0.25	kɔɹiəneɪʃən	kɔɹiəneɪʃən	0.09090909090909091	0.09090909090909091
choristic	kɔːɹɪstɪk	kɔɹaɪstɪk	koɹɪstɪk	tʃɔɹɪstɪk	compound	chori|stic	0.1111111111111111	0.125	0.2222222222222222	kəɹɪstɪk	kɝɪstɪk	0.125	0.2857142857142857
chronozone	kɹɒnəzəʊn	kɹɑnəʊzəʊn	kɹɑnəzəʊn	kɹənəzəʊn	compound	chron|ozone	0.2	0.1111111111111111	0.1111111111111111	kɹəʊnəʊzəʊn	kɹɑnəzəʊn	0.2727272727272727	0.1111111111111111
chroot	tʃɹuːt	tʃɹut	kɹut	kɹut	compound	ch|root	0.0	0.5	0.5	tʃɹut	kɹut	0.0	0.5
chudai	tʃuːdaɪ	tʃʌdeɪaɪ	tʃudaɪ	tʃudeɪ	compound	chud|ai	0.375	0.0	0.16666666666666666	tʃudeɪ	ʃudaɪ	0.16666666666666666	0.2
chumsicle	tʃʌmsɪkl	tʃʌmsɪkəl	tʃʌmzɪkəl	tʃʌmsɪkəl	compound	chum|sicle	0.1111111111111111	0.2222222222222222	0.1111111111111111	tʃʌmsɪkəl	tʃəmsɪkəl	0.1111111111111111	0.2222222222222222
cipollino	tʃɪpəliːnəʊ	siaɪpəʊlinəʊ	sɪpəlinəʊ	sɪpɑlɪnəʊ	compound	ci|pollino	0.3333333333333333	0.2222222222222222	0.4444444444444444	siəpɑlɪnəʊ	tʃipəʊlinəʊ	0.5	0.18181818181818182
circed	sɜːɹkt	sɜɹsid	sɜsid	sɚst	compound	circe|d	0.5	0.6	0.75	sɜɹst	sɝst	0.2	0.75
circumflant	sɜːɹkəmflənt	sɜɹkəmflænt	sɜkəmflənt	sɚkʌmflænt	compound	circum|flan|t	0.09090909090909091	0.1	0.4	sɜɹkəmflænt	sɝkəmflænt	0.09090909090909091	0.3
circumin	sɜːɹkjəmɪn	sɜɹkəmɪn	sɜkəmɪn	sɚkjumən	compound	circum|in	0.125	0.2857142857142857	0.5	sɜɹkəmɪn	sɝkjəmɪn	0.125	0.25
circumstellar	sɜːkəmstɛlə	sɜɹkəmstɛlə	sɜkəmstɛlɚ	sɚkəmstɛlɚ	compound	circum|stellar	0.09090909090909091	0.1	0.2	sɜɹkəmstɛləɹ	sɝkəmstɛlɝ	0.16666666666666666	0.2
cirrigrade	sɪɹɪɡɹeɪd	sɪɹaɪɡɹeɪd	sɜɹɪɡɹeɪd	sɪɹɪɡɹeɪd	compound	cirri|grade	0.1	0.1111111111111111	0.0	sɪɹəgɹeɪd	sɝəɡɹeɪd	0.2222222222222222	0.375
cladist	kleɪdɪst	klædɪst	klædɪst	klædɪst	compound	clad|ist	0.2857142857142857	0.2857142857142857	0.2857142857142857	kleɪdəst	kleɪdɪst	0.125	0.0
clamato	kləmeɪtəʊ	klæmætəʊ	klæmɑɾəʊ	klæmətəʊ	compound	clam|at|o	0.375	0.5	0.375	klæmətəʊ	klɑmɑtəʊ	0.375	0.375
clapmatch	klæpmætʃ	klæpmætʃ	klæpmætʃ	klæpmætʃ	compound	clap|match	0.0	0.0	0.0	klæpmætʃ	klæpmætʃ	0.0	0.0
clarionet	klæɹɪənɛt	klæɹiənɛt	klæɹɪɑnɛt	klɑɹiənɪt	compound	clarion|et	0.1111111111111111	0.1111111111111111	0.3333333333333333	klæɹiənɛt	klɛɹiənɛt	0.1111111111111111	0.2222222222222222
clausure	klɔːzjʊɚ	klɔzjuɹ	klɔʒɚ	klɔsɚ	compound	claus|ure	0.2857142857142857	0.6	0.6	klɔzəɹ	klɔʒɝ	0.5	0.8
clavinet	klævɪnɛt	klævɪnɛt	klævɪnɛt	klævɪnɪt	compound	clavin|et	0.0	0.0	0.125	klævɪnɛt	klævənɛt	0.0	0.125
cleanth	klɛnθ	klinθ	klinθ	klənθ	compound	clean|th	0.2	0.2	0.2	klinθ	klɛnθ	0.2	0.0
clerkling	klɑɹklɪŋ	klɑklɪŋ	klɜklɪŋ	klɚklɪŋ	compound	clerk|ling	0.14285714285714285	0.2857142857142857	0.2857142857142857	klɜɹklɪŋ	klɝklɪŋ	0.125	0.2857142857142857
clingwrap	klɪŋɹæp	klɪŋɹæp	klɪŋɹæp	klɪŋɡɚəp	compound	cling|wrap	0.0	0.0	0.375	klɪŋɹæp	klɪŋɹæp	0.0	0.0
clinicality	klɪnɪkælɪti	klɪnɪkəlɪti	klɪnɪkælᵻɾi	klɪnɪkəlɪti	compound	clinical|ity	0.09090909090909091	0.18181818181818182	0.09090909090909091	klɪnɪkæləɾi	klɪnəkæləti	0.18181818181818182	0.18181818181818182
cliodynamics	klaɪəʊdaɪnæmɪks	kliəʊdaɪnæmɪks	klɪɑdaɪnæmɪks	klaɪədɪnæmɪks	compound	clio|dynamics	0.14285714285714285	0.23076923076923078	0.15384615384615385	klaɪəʊdaɪnæmɪks	klaɪəʊdaɪnæmɪks	0.0	0.0
clits	klɪts	klɪts	klɪts	klɪts	compound	clit|s	0.0	0.0	0.0	klɪts	klɪts	0.0	0.0
clockpost	klɒkpəʊst	klɒkpəʊst	klɑkpəʊst	klɑkpəʊst	compound	clock|post	0.0	0.1111111111111111	0.1111111111111111	klɑkpəʊst	klɑkpəʊst	0.1111111111111111	0.1111111111111111
clost	kləʊst	kləʊzt	klɑst	klɑst	compound	clos|t	0.16666666666666666	0.4	0.4	klɑst	klɑst	0.4	0.4
cluse	kluz	kluz	klus	klus	compound	c|luse	0.0	0.25	0.25	klus	kluz	0.25	0.0
cnemides	nɛmɪdiːz	knimɪdiz	sinɛmaɪdz	ənɛmaɪdɪz	compound	c|ne|mid|es	0.25	0.4444444444444444	0.3333333333333333	nɛmɪdiz	knəmaɪdz	0.0	0.5
cnemis	niːmɪs	knimɪs	sinɛmiz	ənɛmɪs	compound	c|ne|mis	0.16666666666666666	0.7142857142857143	0.3333333333333333	nimɪs	knɛmɪs	0.0	0.3333333333333333
cnoidal	knɔɪdəl	knɔɪdəl	sinɔɪdəl	ənɔɪdəl	compound	c|noida|l	0.0	0.25	0.14285714285714285	nɔɪdəl	nɔɪdəl	0.16666666666666666	0.16666666666666666
coally	kəʊælaɪ	kəʊllɪ	kəʊli	kəʊli	compound	coal|ly	0.3333333333333333	0.6	0.6	kəʊli	kəʊli	0.6	0.6
cobswan	kɒbswɒn	kɒbzwæn	kɑbswən	kəbswən	compound	cobs|wan	0.2857142857142857	0.2857142857142857	0.2857142857142857	kɑbswən	kɑbswɑn	0.2857142857142857	0.2857142857142857
codlet	kɒdlət	kɒdlɛt	kɑdlɪt	kɑdəlt	compound	cod|let	0.16666666666666666	0.3333333333333333	0.5	kɑdlɪt	kɑdlət	0.3333333333333333	0.16666666666666666
coenose	siːnəʊs	kəʊɪnəʊz	kəʊɪnəʊz	kəʊnəʊz	compound	coen|ose	0.625	0.625	0.5714285714285714	kəʊnəʊs	kəʊənəʊz	0.42857142857142855	0.625
coextinct	koʊɛkstɪŋkt	kəʊɛkstɪŋkt	kəʊɛkstɪŋkt	kəʊɛkstɪŋkt	compound	co|extinct	0.0	0.0	0.0	kəʊɛkstɪŋkt	kəʊɪkstɪŋkt	0.0	0.09090909090909091
coffeey	kɒfiːi	kɒfij	kɔfii	kɔfii	compound	coffee|y	0.2	0.2	0.2	kɑfi	kɔfi	0.5	0.5
cogniac	kɒnjæk	kɒɡniək	kɑɡniæk	kɑɡniək	compound	cog|ni|a|c	0.42857142857142855	0.42857142857142855	0.5714285714285714	kəʊgiæk	kɑɡniæk	0.5714285714285714	0.42857142857142855
cognominal	kɒɡnɒmɪnəl	kɒɡnɒmənəl	kɑɡnəmɪnəl	kɑɡnəmənəl	compound	cognomina|l	0.1	0.2	0.3	kɑgnəmɪnəl	kəɡnɑmənəl	0.3	0.3
coilgun	kɔɪlɡʌn	kɔɪlɡʌn	kɔɪlɡʌn	kɔɪlɡən	compound	coil|gun	0.0	0.0	0.14285714285714285	kɔɪlgʌn	kɔɪlɡən	0.14285714285714285	0.14285714285714285
coinhabitant	kəʊɪnhæbɪtənt	kɔɪnhabɪtənt	kɔɪnhəbɪtənt	kɔɪnhæbɪtənt	compound	coin|habitant	0.25	0.25	0.16666666666666666	kəʊɪnhæbətənt	kɔɪnhæbətənt	0.07692307692307693	0.25
coinstantiation	koʊɪnstænʃieɪʃən	kəʊɪnstænʃieɪʃən	kɔɪnstənʃɪeɪʃən	kɔɪnstæntieɪʃən	compound	co|instantiation	0.0	0.26666666666666666	0.2	kəʊɪnstænʃieɪʃən	kəʊɪnstænʃieɪʃən	0.0	0.0
coitarche	kəʊɪtɑːɹki	kɔɪtɑɹki	kɔɪɾɑɹtʃ	kɔɪtɚtʃ	compound	coit|arche	0.25	0.625	0.8571428571428571	kɔɪtɑɹtʃ	kɔɪtɑɹk	0.5	0.42857142857142855
collagenous	kəlædʒɪnəs	kɒleɪdʒənəs	kɑleɪdʒnəs	kəʊlədʒənəs	compound	collagen|ous	0.36363636363636365	0.4	0.2727272727272727	kɑlədʒənəs	kəlædʒənəs	0.3	0.1
collocal	kələʊkəl	kɑlləʊkəl	kɑlɑkəl	kəʊləkəl	compound	col|local	0.2222222222222222	0.42857142857142855	0.25	kɑləkəl	kələʊkəl	0.2857142857142857	0.0
colloquialize	kələʊkwiəlaɪz	kələʊkwɪəlaɪz	kələʊkwɪəlaɪz	kəʊləʊkwiəlaɪz	compound	colloquial|ize	0.07692307692307693	0.07692307692307693	0.07142857142857142	kələʊ.kwi.əlaɪz	kələʊkwiəlaɪz	0.13333333333333333	0.0
colthood	kəʊlthʊd	kəʊlthʊd	kəʊlthʊd	kɑlθʊd	compound	colt|hood	0.0	0.0	0.6666666666666666	kəʊlthʊd	kəʊlthʊd	0.0	0.0
combustionary	kəmbʌstʃənɛəɹi	kəmbʌstʃənɛɹi	kəmbʌstʃənɛɹi	kɑmbəstiənɚi	compound	combustion|ary	0.07692307692307693	0.07692307692307693	0.5	kəmbʌstʃənɛɹi	kəmbəstʃənɛɹi	0.07692307692307693	0.15384615384615385
comelily	kʌmlɪli	kʌmlɪli	kʌmlɪli	kəmələli	compound	come|lily	0.0	0.0	0.375	kʌmlɪli	kəmɛləli	0.0	0.375
comerlongerme	kʌməlɒŋɡəmiː	kʌməlɒŋɡəmi	kəmɜlɔŋɡɚm	kəʊmɚlɔŋɡɚm	compound	comer|longer|me	0.0	0.5	0.5454545454545454	kəmɚlɔŋɚmeɪ	kəmɝlɔŋɝm	0.6363636363636364	0.6666666666666666
comfiture	kʌmfɪtjʊə	kʌmfɪtjuɹ	kʌmfɪtʃɚ	kɑmfɪtʃɚ	compound	comfit|ure	0.2222222222222222	0.375	0.5	kɑmfətʃəɹ	kɑmfətʃɝ	0.5555555555555556	0.625
comminate	kɒmɪneɪt	kɑmɪneɪt	kɑmᵻneɪt	kɑməneɪt	compound	comm|inate	0.125	0.25	0.25	kɑmnəneɪt	kɑməneɪt	0.3333333333333333	0.25
compense	kəmpɛns	kɑmpɛns	kɑmpɛns	kɑmpənz	compound	com|pense	0.14285714285714285	0.14285714285714285	0.42857142857142855	kɑmpəns	kəmpɛns	0.2857142857142857	0.0
compilate	kʌmpaɪleɪt	kɑmpaɪlət	kɑmpᵻleɪt	kɑmpəleɪt	compound	com|pilate	0.3333333333333333	0.3333333333333333	0.3333333333333333	kəmpɪleɪt	kɑmpəleɪt	0.2222222222222222	0.3333333333333333
complainings	kəmpleɪnɪŋz	kəmpleɪnɪŋs	kəmpleɪnɪŋz	kəmpleɪnɪŋz	compound	complaining|s	0.09090909090909091	0.0	0.0	kəmpleɪnɪŋz	kəmpleɪnɪŋz	0.0	0.0
complextro	kɒmplɛkstɹəʊ	kɑmplɛkstɹəʊ	kəmplɛkstɹəʊ	kəmplɛkstɹəʊ	compound	complex|t|ro	0.08333333333333333	0.08333333333333333	0.08333333333333333	kəmplɛkstɹəʊ	kəmplɛkstɹəʊ	0.08333333333333333	0.08333333333333333
compling	kɑmplɪŋ	kɑmplɪŋ	kəmpəlɪŋ	kəmplɪŋ	compound	comp|ling	0.0	0.25	0.14285714285714285	kəmplɪŋ	kɑmplɪŋ	0.14285714285714285	0.0
complish	kʌmplɪʃ	kɑmplɪʃ	kəmplɪʃ	kəmplɪʃ	compound	comp|lish	0.14285714285714285	0.14285714285714285	0.14285714285714285	kʌmplɪʃ	kɑmplɪʃ	0.0	0.14285714285714285
compter	kɒmptə	kɑmptɜ	kəmptɜ	kəmptɚ	compound	compt|er	0.3333333333333333	0.3333333333333333	0.3333333333333333	kɑmptəɹ	kɑmptɝ	0.2857142857142857	0.3333333333333333
conapt	kɑnæpt	kɒnæpt	kənæpt	kənəpt	compound	con|apt	0.16666666666666666	0.16666666666666666	0.3333333333333333	kɑnæpt	kɑnæpt	0.0	0.0
concamerate	kənkæməɹeɪt	kɑŋkəmɛɹeɪt	kəŋkæmɹət	kɑŋkəmɚeɪt	compound	conca|mer|ate	0.36363636363636365	0.4444444444444444	0.5	kəŋkæməɹət	kənkæmɝeɪt	0.3	0.2
concretics	kɒnkɹɛtɪks	kɒnkɹiɾɪks	kɑŋkɹɛɾɪks	kɔŋkɹɛtɪks	compound	con|cretic|s	0.2	0.3	0.2	kəŋkɹɛɾɪks	kənkɹɛtɪks	0.3	0.1
confederational	kənfɛdəɹeɪʃənəl	kənfɛdəɹeɪʃənæl	kənfɛdɚɹeɪʃənəl	kɑnfɛdɚeɪʃənəl	compound	confederation|al	0.06666666666666667	0.06666666666666667	0.21428571428571427	kənfɛdəɹeɪʃənəl	kənfɛdɝeɪʃənəl	0.0	0.14285714285714285
confidable	kənfaɪdəbəl	kɑnfaɪdəbəl	kənfaɪdəbəl	kɑnfɪdəbəl	compound	conf|ida|ble	0.09090909090909091	0.0	0.2	kənfɪdəbəl	kənfaɪdəbəl	0.1	0.0
confidings	kənfaɪdɪŋz	kənfaɪdɪŋs	kənfaɪdɪŋz	kɑnfɪdɪŋz	compound	confiding|s	0.1	0.0	0.2222222222222222	kənfaɪdɪŋz	kənfaɪdɪŋz	0.0	0.0
confinee	kɒnfaɪniː	kənfaɪni	kənfɪni	kɑnfaɪni	compound	confine|e	0.125	0.2857142857142857	0.125	kənfaɪn	kɑnfɪni	0.2857142857142857	0.2857142857142857
congestee	kɒndʒɛstiː	kəndʒɛsti	kəndʒɛsti	kɑndʒɛsti	compound	congest|ee	0.1111111111111111	0.1111111111111111	0.1111111111111111	kəndʒɛsti	kɑndʒəsti	0.1111111111111111	0.2222222222222222
congkak	tʃoʊŋkʌk	kɔŋkɑk	kəŋɡkæk	kɔŋkək	compound	cong|ka|k	0.8333333333333334	0.7142857142857143	0.8333333333333334	kɔŋkək	kɑŋkək	0.8333333333333334	0.8333333333333334
connaraceous	kɒnəɹeɪʃəs	kɒnæɹəeɪʃəs	kənæɹəʃəs	kɑnɑɹeɪsus	compound	conn|ara|ceous	0.18181818181818182	0.4444444444444444	0.4	kənɛɹəʃəs	kɑnɝeɪʃəs	0.4444444444444444	0.3333333333333333
connectability	kənɛktəbɪlɪti	kənɛktəbɪləti	kənɛktəbɪlᵻɾi	kɑnɛktəbɪlɪti	compound	connect|ability	0.07692307692307693	0.15384615384615385	0.07692307692307693	kənɛktəbɪləɾi	kənɛktəbɪlɪti	0.15384615384615385	0.0
connectorization	kənɛktəɹaɪzeɪʃən	kənɛktəaɪzeɪʃən	kənɛktɚɹᵻzeɪʃən	kɑnɛktɚɪzeɪʃən	compound	connector|ization	0.06666666666666667	0.2	0.2857142857142857	kənɛktəɹaɪzeɪʃən	kənɛktɝəzeɪʃən	0.0	0.2857142857142857
conquassate	kɒŋkwæseɪt	kɒnkwæseɪt	kəŋkwæseɪt	kɑŋkwəseɪt	compound	con|quass|ate	0.1	0.1	0.2	kənkwæseɪt	kɑnkwəseɪt	0.2	0.3
conscientization	kɒnʃəntaɪzeɪʃən	kɒnzsintaɪzeɪʃən	kɑnsaɪəntᵻzeɪʃən	kənʃɛntɪzeɪʃən	compound	cons|cie|nt|ization	0.1875	0.375	0.21428571428571427	kɑntʃəntaɪzeɪʃən	kɑnsiəntəzeɪʃən	0.125	0.3333333333333333
conspiration	kɒnspɪɹeɪʃən	kɒnzpɪɹeɪʃən	kənspɪɹəʃən	kənspɚeɪʃən	compound	cons|pir|ation	0.08333333333333333	0.2727272727272727	0.2727272727272727	kɑnspəɹeɪʃən	kɑnspɝeɪʃən	0.16666666666666666	0.2727272727272727
constraintive	kənstɹeɪntɪv	kənstɹeɪntaɪv	kənstɹeɪntɪv	kənstɹeɪntɪv	compound	constraint|ive	0.07692307692307693	0.0	0.0	kənstɹeɪntɪv	kənstɹeɪntɪv	0.0	0.0
contabescent	kɒntəbɛsənt	kɒntəbɛsənt	kənteɪbsənt	kɑntəbʃənt	compound	con|tabescent	0.0	0.36363636363636365	0.3	kənteɪbəsənt	kɑntəbɛsənt	0.3333333333333333	0.09090909090909091
contentless	kɑntɛntlɪs	kɑntɛntles	kəntɛntləs	kɑntɛntləs	compound	content|less	0.1	0.2	0.1	kɑntɛntləs	kəntɛntləs	0.1	0.2
contentlessness	kɑntɛntlɪsnɪs	kɑntɛntlɛsnəs	kəntɛntləsnəs	kɑntɛntləsnɛs	compound	content|lessness	0.15384615384615385	0.23076923076923078	0.15384615384615385	kəntɛntləsnəs	kəntɛntləsnəs	0.23076923076923078	0.23076923076923078
conterminate	kɒntɜːɹmɪnət	kɒntɜmɪneɪt	kəntɜmᵻneɪt	kɑntɚməneɪt	compound	con|terminate	0.2727272727272727	0.45454545454545453	0.5454545454545454	kəntɜɹmɪneɪt	kəntɝməneɪt	0.25	0.5454545454545454
contingentism	kəntɪndʒəntɪzəm	kəntɪndʒəntɪzəm	kəntɪndʒəntɪzəm	kɑntɪndʒɛntɪzəm	compound	contingent|ism	0.0	0.0	0.13333333333333333	kəntɪndʒəntɪzəm	kɑntɪndʒɛntɪzəm	0.0	0.13333333333333333
contraterrene	kɒntɹətəɹiːn	kɒntɹətəɹin	kɑntɹətɛɹɛn	kɑntɹeɪtɛɹin	compound	contra|terrene	0.0	0.2727272727272727	0.3333333333333333	kɑntɹətɛɹin	kɑntɹətɝin	0.18181818181818182	0.3
contrist	kəntɹɪst	kɒntɹɪst	kɑntɹɪst	kɑntɹɪst	compound	con|trist	0.125	0.125	0.125	kɑntɹɪst	kəntɹɪst	0.125	0.0
controverter	kɒntɹəvɜːɹtɚ	kɑntɹəvɜɹtɜ	kɑntɹəvɜɾɚ	kɑntɹəʊvɚtɚ	compound	controvert|er	0.18181818181818182	0.3	0.36363636363636365	kəntɹəʊvəɹɾəɹ	kɑntɹəvɝtɝ	0.46153846153846156	0.4
controvertist	kɒntɹəvɜːɹtɪst	kɑntɹəvɜɹtɪst	kɑntɹəvɜɾɪst	kɑntɹəʊvɚtɪst	compound	controvert|ist	0.07692307692307693	0.25	0.3076923076923077	kəntɹəʊvəɹɾəst	kɑntɹəvɝtɪst	0.35714285714285715	0.25
contrude	kʌntɹuːd	kɒntɹud	kɑntɹud	kɑntɹud	compound	con|trude	0.14285714285714285	0.14285714285714285	0.14285714285714285	kəntɹud	kəntɹud	0.14285714285714285	0.14285714285714285
contubernial	kɒntjʊbɜːɹniəl	kɒntjubənaɪəl	kəntubɚnɪəl	kəntubɚniəl	compound	con|tuber|nial	0.38461538461538464	0.5454545454545454	0.45454545454545453	kəntubɜɹniəl	kɑntəbɝniəl	0.25	0.45454545454545453
conveyal	kənveɪəl	kənveɪæl	kənvaɪəl	kɑnvjəl	compound	convey|al	0.125	0.125	0.42857142857142855	kənveɪəl	kənveɪəl	0.0	0.0
conveyals	kənveɪəlz	kənveɪælz	kənvaɪəlz	kɑnvjəlz	compound	convey|als	0.1111111111111111	0.1111111111111111	0.375	kənveɪəlz	kənveɪəlz	0.0	0.0
cooned	kuːnd	kund	kund	kund	compound	coone|d	0.0	0.0	0.0	kund	kund	0.0	0.0
cooning	kuːnɪŋ	kunɪŋ	kunɪŋ	kunɪŋ	compound	coon|ing	0.0	0.0	0.0	kunɪŋ	kunɪŋ	0.0	0.0
copist	kɒpɪst	kɒpɪst	kɑpɪst	kəʊpɪst	compound	cop|ist	0.0	0.16666666666666666	0.2857142857142857	kəʊpɪst	kɑpɪst	0.2857142857142857	0.16666666666666666
coprocoenosis	kɑpɹʊsiːnəʊsəs	kɑpəɹʊkəʊənəʊsɪs	kəʊpɹəʊkəʊnəʊsɪs	kɑpɹəkəʊnəsɪz	compound	copr|oc|o|enosis	0.375	0.4375	0.5384615384615384	kɑpɹəʊkəʊənəʊsɪs	kəʊpɹəʊkəʊənəʊsəs	0.375	0.4117647058823529
coracidium	kɔːɹəsɪdiəm	kɔɹəsɪdiəm	kɔɹəsɪdiəm	kɔɹəsɪdiəm	compound	cora|cid|ium	0.0	0.0	0.0	kɔɹəsɪdiəm	kɔɹəsɪdiəm	0.0	0.0
corb	kɔːɹb	kɔɹb	koɹb	kɔɹb	compound	cor|b	0.0	0.25	0.0	kɔɹb	kɔɹb	0.0	0.0
corelborin	kɒɹəlbɔːɹɪn	kɔɹɛlbɔɹɪn	kɔɹɪlboɹɪn	kɔɹəlbɚɪn	compound	corel|borin	0.2	0.3	0.3333333333333333	kɔɹɛlbəɹən	kɝɛlbɝɪn	0.4	0.625
cormophyte	kɔːməʊfaɪt	kɔməʊfaɪt	kɔɹməfaɪt	kɔɹməfaɪt	compound	corm|ophyte	0.0	0.2222222222222222	0.2222222222222222	kɔɹ.məfaɪt	kɔɹməfaɪt	0.3	0.2222222222222222
corneule	kɔːɹnijuːl	kɔɹnul	kɔɹnul	kɔɹnul	compound	corne|ule	0.3333333333333333	0.3333333333333333	0.3333333333333333	kɔɹnul	kɔɹnul	0.3333333333333333	0.3333333333333333
corrodier	kəɹəʊdɪə	kɔɹəʊdiɝ	kɚɹɑdiɚ	kɔɹəʊdiɚ	compound	corr|odier	0.375	0.7142857142857143	0.375	kəɹəʊdiəɹ	kɔɹədiɝ	0.2222222222222222	0.5714285714285714
corroval	kəɹəʊvəl	kɔɹəʊvəl	kɚɹuvəl	kɔɹəvəl	compound	corr|oval	0.125	0.42857142857142855	0.2857142857142857	kəɹəʊvəl	kɔɹəvəl	0.0	0.2857142857142857
corruptful	kəɹʌptfəl	kəɹʌptfʊl	kɚɹʌptfəl	kɔɹʌptfəl	compound	corrupt|ful	0.1111111111111111	0.1111111111111111	0.1111111111111111	kəɹʌptfəl	kɝəptfəl	0.0	0.375
couchee	kuːʃeɪ	kuʃi	kətʃi	kətʃi	compound	couche|e	0.5	0.8	0.8	kətʃi	kətʃi	0.8	0.8
coudiere	kudjɛɚ	kudiɝi	kədiɛɹ	kədiɹ	compound	cou|dier|e	0.5	0.5	0.8	kudɪɹ	kudiɛɹ	0.6	0.3333333333333333
coulda	kʊdə	kʊdə	kʊdə	kəldə	compound	could|a	0.0	0.0	0.4	kʊdə	kəʊldə	0.0	0.3333333333333333
couldn't've	kʊdəntəv	kʊdənvi	kʊdəntəv	kəldnɪtɪv	compound	couldnt|ve	0.42857142857142855	0.0	0.5555555555555556	kʊdəvən	kəʊldəntəv	0.42857142857142855	0.2
counitary	koʊjuːnɪtɛɹi	kəʊjunɪtəɹi	kənətɛɹi	kənɪtɛɹi	compound	co|unitary	0.09090909090909091	0.5	0.375	kənɪtɛɹi	kunətɛɹi	0.375	0.5
coursebook	kɔːɹsbʊk	kɔɹsbʊk	koɹsbʊk	kɚsəbʊk	compound	course|book	0.0	0.14285714285714285	0.42857142857142855	kɔɹsbʊk	kɔɹsbʊk	0.0	0.0
covetise	kʌvɪtaɪz	kʌvɪtaɪz	kʌvɪtaɪz	kʌvɛtɪs	compound	covet|ise	0.0	0.0	0.42857142857142855	kʌvətaɪz	kəvətaɪz	0.125	0.25
coxie	kɒksi	kɒksi	kɑksi	kɑksi	compound	cox|ie	0.0	0.2	0.2	kɑksi	kɑksi	0.2	0.2
crabapple	kɹæbæpəl	kɹæbæpəl	kɹæbæpəl	kɹæbəpəl	compound	crab|apple	0.0	0.0	0.125	kɹæbəpəl	kɹæbəpəl	0.125	0.125
crabless	kɹæbləs	kɹæbles	kɹeɪbəls	kɹæbəls	compound	crab|less	0.14285714285714285	0.5	0.2857142857142857	kɹæbləs	kɹæbləs	0.0	0.0
crackalackin'	kɹækəlækɪn	kɹækəlækɪn	kɹækəlækɪn	kɹækəlækɪn	compound	crack|alack|in	0.0	0.0	0.0	kɹækəlækɪn	kɹækəlækɪn	0.0	0.0
craftsmaster	kɹɑːftsmɑːstɚ	kɹæftsmɑstə	kɹæftsmæstɚ	kɹæftsməstɚ	compound	crafts|master	0.18181818181818182	0.18181818181818182	0.18181818181818182	kɹæftsmæstɚ	kɹæftsmæstɝ	0.18181818181818182	0.2727272727272727
cranefly	kɹeɪnflaɪ	kɹeɪnflaɪ	kɹeɪnflaɪ	kɹænfli	compound	crane|fly	0.0	0.0	0.5714285714285714	kɹeɪnflaɪ	kɹeɪnflaɪ	0.0	0.0
cranequin	kɹeɪnəkɪn	kɹeɪnkwɪn	kɹeɪŋkwɪn	kɹænkwɪn	compound	crane|quin	0.2222222222222222	0.3333333333333333	0.5	kɹeɪŋkwɪn	kɹænɪkwɪn	0.3333333333333333	0.4444444444444444
creable	kɹiːəbəl	kɹibəl	kɹibəl	kɹibəl	compound	crea|ble	0.16666666666666666	0.16666666666666666	0.16666666666666666	kɹieɪbəl	kɹibəl	0.25	0.16666666666666666
creaght	kɹeɪt	kɹiɡt	kɹit	kɹit	compound	creagh|t	0.4	0.5	0.5	kɹigɪt	kɹit	0.3333333333333333	0.5
creampie	kɹiːmpaɪ	kɹimpaɪ	kɹimpaɪ	kɹimpi	compound	cream|pie	0.0	0.0	0.3333333333333333	kɹimpaɪ	kɹiæmpi	0.0	0.42857142857142855
creant	kɹiːənt	kɹint	kɹint	kɹənt	compound	crean|t	0.2	0.2	0.2	kɹiənt	kɹiənt	0.0	0.0
creeding	kɹiːdɪŋ	kɹidɪŋ	kɹidɪŋ	kɹidɪŋ	compound	creed|ing	0.0	0.0	0.0	kɹidɪŋ	kɹidɪŋ	0.0	0.0
creemee	kɹiːmi	kɹimi	kɹimi	kɹimi	compound	creem|ee	0.0	0.0	0.0	kɹimi	kɹimi	0.0	0.0
creolise	kɹiːəlaɪz	kɹiəʊlaɪz	kɹɪɑlaɪz	kɹiəʊlɪs	compound	c|reo|lise	0.1111111111111111	0.25	0.375	kɹiəlaɪz	kɹiəlaɪz	0.0	0.0
crep	kɹɛp	kɹɛp	kɹɛp	kɹɪp	compound	c|rep	0.0	0.0	0.25	kɹɛp	kɹɛp	0.0	0.0
crifanac	kɹɪfænæk	kɹɪfænæk	kɹɪfənæk	kɹaɪfənək	compound	c|rif|anac	0.0	0.125	0.3333333333333333	kɹɪfænæk	kɹɪfənæk	0.0	0.125
crimelike	kɹaɪmlaɪk	kɹaɪmlaɪk	kɹaɪmlaɪk	kɹɪmɛlɪk	compound	crime|like	0.0	0.0	0.375	kɹaɪmlaɪk	kɹaɪmlaɪk	0.0	0.0
crimo	kɹaɪməʊ	kɹɪməʊ	kɹiməʊ	kɹiməʊ	compound	crim|o	0.16666666666666666	0.3333333333333333	0.3333333333333333	kɹiməʊ	kɹiməʊ	0.3333333333333333	0.3333333333333333
crimony	kɹɪməʊni	kɹɪməʊn	kɹɪməni	kɹɪməni	compound	crim|ony	0.14285714285714285	0.14285714285714285	0.14285714285714285	kɹɪməni	kɹɪməni	0.14285714285714285	0.14285714285714285
crine	kɹaɪn	kɹaɪn	kɹaɪn	kɹaɪn	compound	c|rine	0.0	0.0	0.0	kɹaɪn	kɹaɪn	0.0	0.0
cringefest	kɹɪndʒfɛst	kɹɪndʒfɛst	kɹɪndʒɛfɪst	kɹɪndʒfɛst	compound	cringe|fest	0.0	0.18181818181818182	0.0	kɹɪndʒfɛst	kɹɪŋɡɪfɛst	0.0	0.3
criniere	kɹinjɛɚ	kɹinieə	kɹɪniɛɹ	kɹɪniɹ	compound	c|rini|ere	0.42857142857142855	0.42857142857142855	0.6666666666666666	kɹɪnɪɹ	kɹinjɛɹ	0.6666666666666666	0.14285714285714285
croquis	kɹoʊkiː	kɹəʊkis	kɹɑkwiz	kɹəʊkwɪs	compound	cro|qui|s	0.14285714285714285	0.5714285714285714	0.375	kɹəʊki	kɹəʊkwɪs	0.0	0.375
crosslots	kɹɒslɒts	kɹɒslɑts	kɹɔslɑts	kɹɑsləts	compound	cross|lots	0.125	0.25	0.25	kɹɒslɒts	kɹɑsləts	0.0	0.25
crudzine	kɹʌdziːn	kɹʌdzin	kɹʌdzin	kɹʌdʒzɪn	compound	crud|zine	0.0	0.0	0.25	kɹʌdzin	kɹədzaɪn	0.0	0.375
crunchie	kɹʌntʃi	kɹʌntʃi	kɹʌntʃi	kɹʌntʃi	compound	crunch|ie	0.0	0.0	0.0	kɹʌntʃi	kɹəntʃi	0.0	0.14285714285714285
crunode	kɹuːnəʊd	kɹunəʊd	kɹʌnəʊd	kɹunəʊd	compound	cru|node	0.0	0.14285714285714285	0.0	kɹunəʊd	kɹənəʊd	0.0	0.14285714285714285
cryobiotic	kɹaɪəʊbaɪɒtɪk	kɹaɪəʊbaɪɒtɪk	kɹaɪəʊbaɪɑɾɪk	kɹiəʊbiɑtɪk	compound	cry|obi|otic	0.0	0.15384615384615385	0.45454545454545453	kɹaɪəʊbaɪɑɾɪk	kɹaɪəʊbiɑtɪk	0.15384615384615385	0.25
cryocrastinate	kɹaɪoʊkɹæstɪneɪt	kɹaɪʊkɹæstɪneɪt	kɹaɪəkɹæstᵻneɪt	kɹiəʊkɹæstɪneɪt	compound	cry|oc|rast|inate	0.06666666666666667	0.13333333333333333	0.13333333333333333	kɹaɪəʊkɹæstəneɪt	kɹaɪəʊkɹæstəneɪt	0.0625	0.0625
cryonicist	kɹaɪɒnɪsɪst	kɹaɪɒnɪkɪst	kɹaɪɑnɪsɪst	kɹiɑnɪsɪst	compound	cryonic|ist	0.09090909090909091	0.09090909090909091	0.3	kɹaɪɑnəsəst	kɹaɪɑnəsɪst	0.2727272727272727	0.18181818181818182
cryptomonad	kɹɪptoʊmoʊnæd	kɹɪptəʊmɒnæd	kɹɪptəmɑnæd	kɹɪptəmənəd	compound	crypto|monad	0.16666666666666666	0.2727272727272727	0.2727272727272727	kɹɪptəmənæd	kɹɪptɑmənæd	0.18181818181818182	0.2727272727272727
cryptozoological	kɹɪptoʊzoʊəlɒdʒɪkəl	kɹɪptəʊzuəlɒdʒɪkəl	kɹɪptəʊzuəlɑdʒɪkəl	kɹɪptəʊzulɑdʒɪkəl	compound	crypto|zoological	0.1111111111111111	0.16666666666666666	0.23529411764705882	kɹɪptəzəʊəlɑdʒɪkəl	kɹɪptəzuəlɑdʒɪkəl	0.1111111111111111	0.23529411764705882
csch	koʊsɛtʃ	siɛsih	siʃ	kʃ	compound	csc|h	1.0	1.6666666666666667	2.5	siztʃ	siɛʃ	1.0	1.25
cucks	kʌks	kʌks	kʌks	kʌks	compound	cuck|s	0.0	0.0	0.0	kʌks	kəks	0.0	0.25
cudraflavone	kʌdɹəfleɪvəʊn	kʌdɹɑfleɪvəʊn	kʌdɹəfleɪvəʊn	kʌdɹəfləvəʊn	compound	cud|ra|flavone	0.07692307692307693	0.0	0.16666666666666666	kədɹæfləvəʊn	kədɹəfləvəʊni	0.3333333333333333	0.3076923076923077
cuissard	kwisɑɹd	kəisɑɹd	kwɪzsɚd	kwɪsɑɹd	compound	c|u|issar|d	0.14285714285714285	0.5714285714285714	0.14285714285714285	kwɪsəɹd	kwɪsɝd	0.2857142857142857	0.5
culpeo	kʊlpeɪəʊ	kəlpiəʊ	kʌlpɪəʊ	kʌlpiəʊ	compound	culp|e|o	0.42857142857142855	0.2857142857142857	0.42857142857142855	kʌlpiəʊ	kəlpiəʊ	0.42857142857142855	0.42857142857142855
culverkey	kʌlvəɹki	kʌlvəki	kʌlvɚki	kʌlvɚki	compound	culver|key	0.14285714285714285	0.2857142857142857	0.2857142857142857	kʌlvɚki	kəlvɝki	0.2857142857142857	0.42857142857142855
cumshot	kʌmʃɒt	kʌmzhɒt	kʌmʃɑt	kʌmʃət	compound	cums|hot	0.2857142857142857	0.16666666666666666	0.16666666666666666	kʌmʃɑt	kəmʃɑt	0.16666666666666666	0.3333333333333333
cuntboy	kʌntbɔɪ	kʌntbɔɪ	kʌntbɔɪ	kʌntbɔɪ	compound	cunt|boy	0.0	0.0	0.0	kʌntbɔɪ	kəntbɔɪ	0.0	0.14285714285714285
cuntfuck	kʌntfʌk	kʌntfʌk	kʌntfʌk	kʌntfʌk	compound	cunt|fuck	0.0	0.0	0.0	kʌntfʌk	kəntfək	0.0	0.2857142857142857
cunthead	kʌnthɛd	kʌnthɛd	kʌnthɛd	kʌnθid	compound	cunt|head	0.0	0.0	0.5	kʌnθɛd	kənθɛd	0.3333333333333333	0.5
curple	kɜːɹpəl	kɜpəl	kɜpəl	kɚpəl	compound	cur|ple	0.2	0.2	0.4	kɜɹpəl	kɝpəl	0.0	0.4
cwy	kwaɪ	kweɪ	sidʌbəljuwaɪ	kwi	compound	c|wy	0.25	0.75	0.6666666666666666	kwaɪ	kwaɪ	0.0	0.0
cyanidin	saɪænədɪn	saɪænaɪdɪn	saɪənɪdɪn	siænɪdɪn	compound	cyan|id|in	0.2	0.2222222222222222	0.375	saɪænɪdɪn	saɪənɪdɪn	0.1111111111111111	0.2222222222222222
cyanose	saɪənəʊz	saɪænəʊz	saɪənəʊz	siænəʊz	compound	cyan|ose	0.125	0.0	0.42857142857142855	saɪeɪnəs	saɪənəʊz	0.5	0.0
cyberchondria	saɪbəɹkɒndɹiə	saɪbɝtʃɒndɹiə	saɪbɚkɑndɹiə	saɪbɚkəndɹiə	compound	cyber|chon|dr|ia	0.23076923076923078	0.25	0.25	saɪbəɹkɑndɹiə	saɪbɝkɑndɹiə	0.07692307692307693	0.25
cyc	saɪk	saɪk	sɪk	sɪk	compound	cy|c	0.0	0.3333333333333333	0.3333333333333333	saɪk	saɪk	0.0	0.0
cyclicity	saɪklɪsɪti	saɪklɪkɪti	saɪklɪsᵻɾi	sɪklɪsɪti	compound	cyclic|ity	0.1	0.2	0.1111111111111111	saɪklɪkɪti	saɪklɪsəti	0.1	0.1
cyclohexyloxycarbonyloxyethyl	saɪkləʊhɛksɪlɒksikɑːbənɪlɒksiɛθɪl	saɪkləʊhɛksəlɑksikɑɹbənɪlɑksɪɛθəl	saɪkləʊhɛksɪlɑksɪkɑɹbənɪləksɪɛθəl	saɪkləʊhɛksələksikɑɹbəniləksiɛθɪl	compound	cyclohexyl|oxy|carbonyl|oxyethyl	0.18181818181818182	0.18181818181818182	0.15151515151515152	saɪkləʊheksɪlɒksikɑɹbənilɒksiɛθɪl	saɪkləʊhɛksəlɑksikɑɹbənəlɑ	0.09090909090909091	0.46153846153846156
cyclopes	saɪkloʊpiz	saɪklɒpiz	saɪkləʊps	saɪkləpz	compound	cy|clop|es	0.2222222222222222	0.2222222222222222	0.25	saɪkləpiz	saɪkləʊps	0.1111111111111111	0.2222222222222222
cynghanedd	kəŋhænɛð	saɪɛŋhɑnɛd	sɪŋheɪnəd	sɪŋənd	compound	cy|ng|ha|nedd	0.6	0.6666666666666666	1.0	sɪnɡænəd	sɪŋhənɪd	0.75	0.625
cyning	kɪnɪŋ	saɪnɪŋ	saɪnɪŋ	saɪnɪŋ	compound	cy|ning	0.3333333333333333	0.3333333333333333	0.3333333333333333	saɪnɪŋ	saɪnɪŋ	0.3333333333333333	0.3333333333333333
cysteinyl	sɪstiːnɪl	sɪstaɪnɪl	sɪstaɪnaɪl	sɪstaɪnəl	compound	cystein|yl	0.2222222222222222	0.3	0.3333333333333333	sɪstaɪnɪl	sɪstənəl	0.2222222222222222	0.25
cytonuclear	saɪtoʊnukliɚ	saɪtunjukliə	saɪtənuklɪɹ	saɪtənəkliɹ	compound	cy|to|nuclear	0.3333333333333333	0.2727272727272727	0.2727272727272727	saɪɾəʊnukliɚ	saɪtənukliɝ	0.08333333333333333	0.18181818181818182
d'y'ask	djɑːsk	daɪəsk	dijæsk	dzaɪɑsk	compound	dyas|k	0.5	0.3333333333333333	0.42857142857142855	d͡ʒeɪæsk	daɪæsk	0.625	0.5
d'y'ave	djæv	dɪɑveɪ	dijeɪv	dzizeɪv	compound	dy|ave	0.6666666666666666	0.5	0.7142857142857143	d͡ʒʌv	daɪeɪv	0.6	0.6666666666666666
d'ya	dʒjʌ	dɪə	dijæ	dzaɪ	compound	dy|a	1.0	0.5	0.75	d͡ʒi	daɪə	0.75	0.75
dagnabbit	dæɡnæbɪt	dæɡnæbɪt	dæɡnəbɪt	dæɡnæbɪt	compound	dag|nabb|it	0.0	0.125	0.0	dægnəbɪt	dæɡnəbɪt	0.25	0.125
daint	deɪnt	deɪnt	deɪnt	deɪnt	compound	dain|t	0.0	0.0	0.0	deɪnt	deɪnt	0.0	0.0
damaskin	dæməskɪn	dæmɑskɪn	dæməskɪn	dæmæskɪn	compound	damask|in	0.125	0.0	0.125	dæməskɪn	dæməskɪn	0.0	0.0
damehood	deɪmhʊd	deɪmhʊd	deɪmhʊd	dæmhʊd	compound	dame|hood	0.0	0.0	0.3333333333333333	deɪmhʊd	deɪmhʊd	0.0	0.0
dandical	dændɪkəl	dændɪkəl	dændɪkəl	dændɪkəl	compound	dand|ical	0.0	0.0	0.0	dændɪkəl	dændɪkəl	0.0	0.0
dangerouser	deɪndʒəɹəsɚ	deɪndʒəɹəsɜ	deɪndʒɚɹəsɚ	dændʒɚəsɚ	compound	dangerous|er	0.09090909090909091	0.09090909090909091	0.4444444444444444	deɪndʒəɹəsɚ	deɪndʒɝəzɝ	0.0	0.4
dangwai	dɑŋwaɪ	dæŋwaɪ	dæŋwaɪ	dæŋweɪ	compound	dang|wai	0.16666666666666666	0.16666666666666666	0.3333333333333333	dæŋwaɪ	dæŋwaɪ	0.16666666666666666	0.16666666666666666
danwei	dɑːnweɪ	dænweɪ	dænweɪ	dænwi	compound	dan|wei	0.16666666666666666	0.16666666666666666	0.6	dænweɪ	dænwaɪ	0.16666666666666666	0.3333333333333333
daotai	daʊtaɪ	dətaɪ	deɪətaɪ	dɑəʊteɪ	compound	dao|tai	0.0	0.2857142857142857	0.42857142857142855	dətaɪ	deɪəʊtaɪ	0.0	0.375
darf	dɑːɹf	dɑɹf	dɑɹf	dɑɹf	compound	dar|f	0.0	0.0	0.0	dɑɹf	dɑɹf	0.0	0.0
darrein	dæɹeɪn	dɑɹaɪn	dæɹin	dɔɹaɪn	compound	darr|ein	0.3333333333333333	0.4	0.3333333333333333	dɛɹɪn	dɛɹin	0.4	0.6
dasia	deɪsiə	dieɪziə	dæʒə	deɪʃə	compound	das|ia	0.2857142857142857	1.0	0.4	deɪʒə	deɪʒə	0.4	0.4
dassn't	dæsənt	dæsnt	dæsənt	dæsnzt	compound	dass|nt	0.2	0.0	0.3333333333333333	dæsntənt	dæsənt	0.25	0.0
davemaoite	deɪvmaʊaɪt	deɪvməaɪt	deɪvmiɾə	dævməɔɪt	compound	dave|mao|ite	0.0	0.5	0.375	deɪvməwaɪt	deɪvməwɑt	0.1	0.2222222222222222
daybeam	deɪbiːm	deɪbim	deɪbim	deɪbəm	compound	day|beam	0.0	0.0	0.16666666666666666	deɪbim	deɪbim	0.0	0.0
dayboard	deɪbɔːd	deɪbɔd	deɪboɹd	deɪbɔɹd	compound	day|board	0.0	0.2857142857142857	0.14285714285714285	deɪbɔɹd	deɪbɔɹd	0.14285714285714285	0.14285714285714285
dayboy	deɪbɔɪ	deɪbɔɪ	deɪbɔɪ	deɪbɔɪ	compound	day|boy	0.0	0.0	0.0	deɪbɔɪ	deɪbɔɪ	0.0	0.0
dayed	deɪd	deɪd	deɪd	deɪd	compound	daye|d	0.0	0.0	0.0	deɪd	deɪd	0.0	0.0
deadname	dɛdneɪm	dɛdneɪm	dɛdneɪm	dɛdnəm	compound	dead|name	0.0	0.0	0.3333333333333333	dɛdneɪm	dɛdneɪm	0.0	0.0
deadtime	dɛdtaɪm	dɛdtaɪm	dɛdtaɪm	dɛtaɪm	compound	dead|time	0.0	0.0	0.16666666666666666	dedtaɪm	dɛdtaɪm	0.14285714285714285	0.0
deafaz	dɛfəz	dɛfəz	dɛfæz	difəz	compound	deaf|az	0.0	0.2	0.2	difæz	difəz	0.4	0.2
deafie	dɛfi	dɛfi	dɛfi	difi	compound	deaf|ie	0.0	0.0	0.25	dɛfi	difi	0.0	0.25
deafs	dɛfs	dɛfs	dɛfs	difs	compound	deaf|s	0.0	0.0	0.25	difs	difs	0.25	0.25
deagle	diːɡəl	diɡəl	diɡəl	diɡəl	compound	d|eagle	0.0	0.0	0.0	digəl	diɡəl	0.2	0.0
dealated	dieɪleɪtəd	dileɪtd	dileɪɾᵻd	dileɪtd	compound	dealate|d	0.42857142857142855	0.5	0.42857142857142855	dileɪtɪd	dɛleɪtɪd	0.375	0.5
dealie	diːli	dili	dili	dili	compound	deal|ie	0.0	0.0	0.0	dili	dili	0.0	0.0
deathmatch	dɛθmætʃ	dɛθmætʃ	dɛθmætʃ	diθmætʃ	compound	death|match	0.0	0.0	0.14285714285714285	dɛθmætʃ	dɛθmætʃ	0.0	0.0
debank	diːbæŋk	dəbæŋk	dᵻbæŋk	dɪbæŋk	compound	de|bank	0.16666666666666666	0.16666666666666666	0.16666666666666666	dᵻbæŋk	dɪbæŋk	0.16666666666666666	0.16666666666666666
debtee	dɛtiː	dɛti	dɛɾi	dɛbti	compound	debt|ee	0.0	0.25	0.2	dɛbti	dɛbti	0.2	0.2
debuccalization	diːbʌkəlaɪzeɪʃən	dəbʌkəlaɪzeɪʃən	dɛbəkəlᵻzeɪʃən	dɪbəkəlɪzeɪʃən	compound	de|buccal|ization	0.06666666666666667	0.2857142857142857	0.21428571428571427	dibʌkələzeɪʃən	dɪbjukələzeɪʃən	0.14285714285714285	0.3333333333333333
debuccalize	diːbʌkəlaɪz	dəbʌkəlaɪz	dɛbəkəlaɪz	dɪbəkəlaɪz	compound	de|buccal|ize	0.1	0.2	0.2	dibʌkəlaɪz	dɪbəkəlaɪz	0.0	0.2
debuff	diːbʌf	dəbʌf	dɛbʌf	dɛbʌf	compound	de|buff	0.2	0.2	0.2	dɛbʌf	dɪbəf	0.2	0.4
debulked	dibʌlkt	dəbʌlkt	dɛbʌlkt	dɪbʊkt	compound	de|bulked	0.14285714285714285	0.14285714285714285	0.5	dɛbʌlkt	dɪbəlkt	0.14285714285714285	0.2857142857142857
deca	dɛkə	dɛkə	dᵻkæ	dɪkə	compound	dec|a	0.0	0.5	0.25	dɛkə	dikə	0.0	0.25
decacumination	diːkəkjuːmɪneɪʃən	dɛkækjumᵻneɪʃən	dᵻkækjumᵻneɪʃən	dɪkəkəməneɪʃən	compound	dec|acumination	0.2	0.2	0.2857142857142857	dikækjəməneɪʃən	dɪkækjəməneɪʃən	0.2	0.26666666666666666
decangle	dɛkæŋɡəl	dɛkæŋɡəl	dᵻkæŋɡəl	dɪkæŋɡəl	compound	dec|angle	0.0	0.125	0.125	dᵻkæŋgəl	dɪkæŋɡəl	0.25	0.125
decet	dɛsɛt	dist	dᵻsɛt	dɪsɪt	compound	dece|t	0.5	0.2	0.4	dɛkɪt	dɪsɛt	0.4	0.2
decillion	dəsɪliən	dəsɪliən	dɛsɪliən	dɪsɪljən	compound	de|cillion	0.0	0.125	0.25	dɪsɪljən	dɪsɪljən	0.25	0.25
decomposite	diːkɒmpəzɪt	dəkɒmpəsɪt	dikəmpɑzɪt	dɪkəmpəsɪt	compound	de|composite	0.2	0.2	0.3	dikəmpɑzət	dikəmpɑzət	0.3	0.3
decrepitness	dɪkɹɛpɪtnəs	dɪkɹɛpɪtnes	dᵻkɹɛpɪtnəs	dɛkɹɛpɪtnəs	compound	decrepit|ness	0.09090909090909091	0.09090909090909091	0.09090909090909091	dəkɹɛpətnəs	dɪkɹɛpɪtnəs	0.18181818181818182	0.0
decrial	dɪkɹaɪəl	dɛkɹaɪəl	dᵻkɹɪəl	dɛkɹiəl	compound	dec|rial	0.125	0.2857142857142857	0.42857142857142855	dɪkɹaɪəl	dɪkɹaɪəl	0.0	0.0
decuman	dɛkjʊmən	dəkjumən	dᵻkjumən	dɪkjəmən	compound	de|cuman	0.25	0.25	0.25	dɛkjumən	dɛkjəmən	0.125	0.125
defectible	dɪfɛktɪbəl	difɛktɪbəl	dᵻfɛktᵻbəl	dɪfɛktɪbəl	compound	defect|ible	0.1	0.2	0.0	dəfɛktᵻbəl	dɪfɛktəbəl	0.2	0.1
defervescency	diːfəɹvɛsənsi	difəɹvɛsnsi	dᵻfɜvɪsənsi	dɪfɚvɛsənsi	compound	defervesce|ncy	0.09090909090909091	0.36363636363636365	0.2727272727272727	dəfɜɹvɛsənsi	dɪfɝvɛsənsi	0.16666666666666666	0.2727272727272727
deflea	diːfliː	dɛfli	dᵻfliə	dɛfli	compound	def|lea	0.2	0.3333333333333333	0.2	dɪfliə	dɪfliə	0.3333333333333333	0.3333333333333333
defunctioning	diːfʌŋkʃənɪŋ	dᵻfʌŋkʃənɪŋ	dᵻfʌŋkʃənɪŋ	dɪfəŋkʃənɪŋ	compound	defunction|ing	0.09090909090909091	0.09090909090909091	0.18181818181818182	dᵻfʌŋkʃənɪŋ	dɪfəŋkʃənɪŋ	0.09090909090909091	0.18181818181818182
deglove	diːɡlʌv	dɛɡlʌv	dᵻɡlʌv	dɛɡləʊv	compound	deg|love	0.16666666666666666	0.16666666666666666	0.42857142857142855	dᵻglʌv	dɪɡləv	0.3333333333333333	0.3333333333333333
degloving	diːɡlʌvɪŋ	dɛɡlʌvɪŋ	dᵻɡlʌvɪŋ	dɛɡləvɪŋ	compound	deg|loving	0.125	0.125	0.25	dᵻglʌvɪŋ	dɪɡləvɪŋ	0.25	0.25
dehydroisoandrosterone	diːhaɪdɹəʊaɪsəʊændɹɒstəɹəʊn	dəhaɪdɹəʊaɪsəʊændɹɑstəɹəʊn	dihaɪdɹɔɪsəʊndɹɑstɚɹəʊn	dhaɪdɹɔɪsəʊndɹəstɚəʊn	compound	de|hydro|iso|androsterone	0.07692307692307693	0.2608695652173913	0.38095238095238093	dihaɪdɹəʊaɪsəʊændɹəstɑstəɹəʊn	dihaɪdɹɔɪzəʊændɹəstɝəʊn	0.13793103448275862	0.30434782608695654
dehymenization	diːhaɪmənaɪzeɪʃən	dəhaɪmɛnaɪzeɪʃən	deɪaɪmənᵻzeɪʃən	dhaɪmənɪzeɪʃən	compound	de|hymen|ization	0.125	0.26666666666666666	0.14285714285714285	dihaɪmənəzeɪʃən	dihaɪmənəzeɪʃən	0.13333333333333333	0.13333333333333333
deidentify	diːaɪdɛntɪfaɪ	dəaɪdɛntɪfaɪ	deɪdɛntᵻfaɪ	daɪdəntɪfi	compound	de|identify	0.08333333333333333	0.2727272727272727	0.4	diaɪdɛntəfaɪ	daɪdɛntəfaɪ	0.08333333333333333	0.18181818181818182
deists	deɪɪsts	deɪɪsts	deɪɪsts	daɪsts	compound	deist|s	0.0	0.0	0.3333333333333333	deɪɪsts	daɪsts	0.0	0.3333333333333333
dejeration	dɛdʒəɹeɪʃən	dədʒɜɹeɪʃən	dᵻdʒɚɹeɪʃən	dɪdʒɚeɪʃən	compound	de|jer|ation	0.18181818181818182	0.18181818181818182	0.3	dᵻdʒəɹeɪʃən	dɛdʒɝeɪʃən	0.09090909090909091	0.2
deletory	dəliːtəɹi	dɪlɛtɔɹi	dᵻlɛtoɹi	dɛlɛtɚi	compound	dele|tory	0.375	0.375	0.5714285714285714	dɪlitəɹɪ	dɛlətɔɹi	0.25	0.375
delightsomely	dɪlaɪtsəmli	dɪlaɪtsəmlɪ	dᵻlaɪtsʌmli	dɛlaɪtsəməli	compound	delightsome|ly	0.09090909090909091	0.18181818181818182	0.16666666666666666	dəlaɪtsəmli	dɪlaɪtsəmli	0.09090909090909091	0.0
delightsomeness	dɪlaɪtsəmnəs	dɪlaɪtsəmnes	dᵻlaɪtsʌmnəs	dɛlaɪtsəmənəs	compound	delightsome|ness	0.08333333333333333	0.16666666666666666	0.15384615384615385	dɪlaɪtsəmnəs	dɪlaɪtsəmnəs	0.0	0.0
delirate	dɛlɪɹeɪt	dɛliɹeɪt	dᵻlᵻɹeɪt	dɛlɚeɪt	compound	deli|rate	0.125	0.25	0.2857142857142857	dɪlɪɹeɪt	dɛlɝeɪt	0.125	0.2857142857142857
delitescence	dɛlɪtɛsəns	dᵻlɪtɛsəns	dᵻlaɪtsəns	dɛlaɪtʃəns	compound	delit|escence	0.1	0.3	0.3	dɪlɪtɛsəns	dɛlətɛsəns	0.1	0.1
delts	dɛlts	dɛlts	dɛlts	dɛlts	compound	delt|s	0.0	0.0	0.0	dɛlts	dɛlts	0.0	0.0
demake	diːmeɪk	dɛmeɪk	dᵻmeɪk	dɛmeɪk	compound	dem|ake	0.16666666666666666	0.16666666666666666	0.16666666666666666	dimeɪk	dɪmeɪk	0.0	0.16666666666666666
demipointe	dɛmiːpɔɪnt	dɛmipɔɪnt	dɛmɪpɔɪnt	dɛmipɔɪnt	compound	demi|pointe	0.0	0.1111111111111111	0.0	dɛmipɔɪnt	dɛməpɔɪnt	0.0	0.1111111111111111
demoscene	dɛməʊsiːn	dɛməʊsin	dɛməsin	diməʃin	compound	demo|scene	0.0	0.14285714285714285	0.42857142857142855	dɛməsin	dɛməsin	0.14285714285714285	0.14285714285714285
dench	dɛntʃ	dɛntʃ	dɛntʃ	dɛntʃ	compound	den|ch	0.0	0.0	0.0	dɛntʃ	dɛntʃ	0.0	0.0
denotate	dɛnəʊteɪt	dinəʊteɪt	dᵻnəʊɾeɪt	dɛnəteɪt	compound	deno|tate	0.1111111111111111	0.2222222222222222	0.125	dɛnəteɪt	dɛnəteɪt	0.125	0.125
dephlogisticate	diflɑdʒɪstɪkeɪt	dəflədʒɪstɪkeɪt	dᵻflədʒɪstᵻkeɪt	dɛflədʒɪstɪkeɪt	compound	de|phlogistic|ate	0.13333333333333333	0.2	0.13333333333333333	dᵻflɑdʒəsteɪt	dɪflɑdʒəstəkeɪt	0.3076923076923077	0.2
depredate	dɛpɹədeɪt	dɛpɹᵻdeɪt	dɛpɹɪdeɪt	dɛpɹɪdeɪt	compound	dep|redate	0.1111111111111111	0.1111111111111111	0.1111111111111111	dɪpɹideɪt	dɛpɹədeɪt	0.2222222222222222	0.0
derdoing	dɜːɹduːɪŋ	dɝduɪŋ	dɜdəʊɪŋ	dɚdɔɪŋ	compound	der|doing	0.3333333333333333	0.42857142857142855	0.5	dɜɹduɪŋ	dɝduɪŋ	0.0	0.3333333333333333
dermatan	dɜːɹmətæn	dɜmətæn	dɜmætən	dɚmətən	compound	derma|tan	0.14285714285714285	0.42857142857142855	0.42857142857142855	dɜɹmənæn	dɝmətən	0.125	0.42857142857142855
dermatic	dəɹmætɪk	dɜmətɪk	dɜmæɾɪk	dɚmətɪk	compound	derma|tic	0.42857142857142855	0.42857142857142855	0.42857142857142855	dɜɹmæɾɪk	dɝmætɪk	0.25	0.2857142857142857
descanso	dɛskɑːnsoʊ	dɛskænsəʊ	dᵻskænsəʊ	dɪskənsəʊ	compound	des|canso	0.1111111111111111	0.2222222222222222	0.2222222222222222	dɛskænsəʊ	dɪskænsəʊ	0.1111111111111111	0.2222222222222222
desertology	dɛzəɹtɒlədʒi	dɛzɝtɒlədʒi	dɪzɚtɑlədʒi	dɪsɚtələdʒi	compound	desert|ology	0.18181818181818182	0.36363636363636365	0.45454545454545453	dɪzəɹtɑlədʒi	dɪzɝtɑlədʒi	0.16666666666666666	0.36363636363636365
despaghettify	diːspəɡɛtɪfai	dəspəɡɛtifa	dᵻspəɡɛɾᵻfaɪ	dɪspæɡɛtəfi	compound	de|spaghetti|fy	0.2727272727272727	0.3333333333333333	0.36363636363636365	dispəɡɛtɪfaɪ	dɪspəɡɛtəfaɪ	0.08333333333333333	0.25
despotat	dɛspətæt	dɛspɒtæt	dɛspəteɪt	dɪspətət	compound	despot|at	0.125	0.2222222222222222	0.25	dɪspəʊɾət	dɛspətæt	0.4444444444444444	0.0
dessiatina	dɛsjətiːnə	dɛsiətinə	dᵻssɪətinə	dɛsieɪtɪnə	compound	dess|ia|tina	0.1111111111111111	0.3	0.4	dɛsieɪʃənə	dɛsiətinə	0.5	0.1111111111111111
desyatin	dɛsjətiːn	dɛsjətɪn	dᵻsɪætɪn	dɛsieɪtɪn	compound	des|ya|tin	0.125	0.5	0.4444444444444444	dᵻsaɪətɪn	dɪsjætɪn	0.4444444444444444	0.375
detestate	dɪtɛsteɪt	dɪtɛsteɪt	dɪtɛsteɪt	dɪtɛsteɪt	compound	detest|ate	0.0	0.0	0.0	dɪtɛsteɪt	dɛtəsteɪt	0.0	0.2222222222222222
detrending	diːtɹɛndɪŋ	dətɹɛndɪŋ	dɪtɹɛndɪŋ	dɛtɹɛndɪŋ	compound	de|trending	0.1111111111111111	0.1111111111111111	0.1111111111111111	dɪtɹɛndɪŋ	dɪtɹɛndɪŋ	0.1111111111111111	0.1111111111111111
deturpate	dɛtəɹpeɪt	dətʊɹpeɪt	dɪtɜpeɪt	dɪtɚpeɪt	compound	de|tur|pate	0.2222222222222222	0.375	0.375	dɪtɜɹpeɪt	dɪtɝpeɪt	0.2222222222222222	0.375
deutocerebral	djuːtoʊsəɹiːbɹəl	dəʌtəʊsəɹibɹəl	djuɾəʊsɹɛbɹəl	djutəʊsɚɛbɹəl	compound	de|ut|o|cerebral	0.14285714285714285	0.23076923076923078	0.23076923076923078	duɾəʊsəɹibɹəl	dutəʊsɝibɹəl	0.15384615384615385	0.25
developmentals	dɪvɛləpmɛntəlz	dɪvɛləpmɛntəls	dɪvɛləpmɛntəlz	dɪvɛləpməntəlz	compound	developmental|s	0.07142857142857142	0.0	0.07142857142857142	dɪvɛləpmɛntəlz	dɪvɛləpmɛntəlz	0.0	0.0
developmentation	dɪvɛləpmənteɪʃən	dɪvɛləpmənteɪʃən	dɪvɛləpmənteɪʃən	dɪvɛləpmənteɪʃən	compound	development|ation	0.0	0.0	0.0	dɪvɛləpmənteɪʃən	dɪvɛləpmənteɪʃən	0.0	0.0
dewfull	djuːfəl	djufʊl	dufʊl	dufʊl	compound	dew|full	0.16666666666666666	0.4	0.4	djufəll	dufəl	0.14285714285714285	0.2
dextrocardia	dɛkstɹəkɑːɹdiə	dɛkstɹəʊkɑɹdiə	dɛkstɹəkɑɹdiə	dɛkstɹəkɑɹdiə	compound	dextro|cardia	0.07142857142857142	0.0	0.0	dɛkstɹəkɑɹdiə	dɛkstɹəʊkɑɹdiə	0.0	0.07142857142857142
dhabihah	zəbiːhə	dɑbihɑ	dæbɪhə	dhæbɪhɑ	compound	dhabi|hah	0.5	0.5	0.7142857142857143	dɑbɪhɑ	dɑbɪhə	0.6666666666666666	0.5
diabeetus	daɪəbiːtəs	daɪəbitəs	daɪəbiɾəs	daɪəbitəs	compound	diab|ee|tus	0.0	0.1111111111111111	0.0	daɪəbiɾəs	daɪəbitəs	0.1111111111111111	0.0
diabologue	daɪæbəlɒɡ	daɪæbələʊɡju	daɪəbɑlɑɡ	daɪəbɑləʊɡ	compound	diabolo|gue	0.3333333333333333	0.3333333333333333	0.4	daɪəbɑləg	daɪəbəlɔɡ	0.4444444444444444	0.2222222222222222
diamide	daɪæmaɪd	daɪəmaɪd	daɪəmaɪd	diəmɪd	compound	di|amide	0.125	0.125	0.6666666666666666	daɪəmaɪd	daɪəmaɪd	0.125	0.125
diangle	daɪæŋɡəl	daɪæŋɡəl	daɪæŋɡəl	diæŋɡəl	compound	di|angle	0.0	0.0	0.2857142857142857	daɪæŋgəl	daɪæŋɡəl	0.125	0.0
dianoetic	daɪənəʊɛtɪk	diənəʊɛɾɪk	daɪænəʊɾɪk	diənəʊtɪk	compound	dia|noetic	0.3	0.3	0.3333333333333333	daɪənəʊɾɪk	daɪənəʊɛtɪk	0.2	0.0
diascope	daɪəskəʊp	daɪəzkəʊp	daɪəskəʊp	diæskəʊp	compound	dias|cope	0.1111111111111111	0.0	0.375	daɪəskəʊp	daɪəskəʊp	0.0	0.0
diastasis	daɪəsteɪsɪs	diəsteɪsɪs	daɪəstɑsiz	diæstəsɪs	compound	dia|stasis	0.2	0.4	0.5555555555555556	daɪæstəsɪs	daɪəstæsɪs	0.3	0.2
dicarboxylyl	daɪkɑːɹbɒksɪlɪl	daɪkɑɹbɑksəlɪl	dɪkɑɹbɑksɪlɪl	dɪkɑɹbəksələl	compound	di|carboxyl|yl	0.14285714285714285	0.15384615384615385	0.3076923076923077	daɪkɑɹ.bəsɪl.ɪl	dɪkɑɹbɑksələl	0.26666666666666666	0.3076923076923077
dicavitary	daɪkævɪtəɹi	daɪkævɪtɛɹi	dɪkəvətɛɹi	dɪkəvɪtɛɹi	compound	di|cavitary	0.09090909090909091	0.4	0.3	daɪkævɪtɛɹi	dɪkævətɛɹi	0.09090909090909091	0.3
dichloralphenazone	daɪklɔːɹælfɛnəzəʊn	daɪklɔɹəlfənɑzəʊni	dɪkloɹælfənæzəʊn	dɪklɚælfənəzəʊn	compound	di|chloral|phen|azo|ne	0.2222222222222222	0.25	0.26666666666666666	daɪklɔɹælfənəzəʊn	dɪklɔɹælfənəzəʊn	0.058823529411764705	0.125
dicking	dɪkɪŋ	dɪkɪŋ	dɪkɪŋ	dɪkɪŋ	compound	dick|ing	0.0	0.0	0.0	dɪkɪŋ	dɪkɪŋ	0.0	0.0
dickpic	dɪkpɪk	dɪkpɪk	dɪkpɪk	dɪkpɪk	compound	dick|pic	0.0	0.0	0.0	dɪkpɪk	dɪkpɪk	0.0	0.0
dickweasel	dɪkwiːzəl	dɪkwizəl	dɪkwizəl	dɪkwisəl	compound	dick|weasel	0.0	0.0	0.125	dɪkwizəl	dɪkwisəl	0.0	0.125
dicrotophos	daɪkɹəʊtəfɒs	dɪkɹəʊtəʊəfɒs	dɪkɹəʊtɑfəʊz	dɪkɹəʊtəfəʊz	compound	dic|roto|phos	0.23076923076923078	0.4166666666666667	0.3333333333333333	dɪkɹəʊɾəfɑs	daɪkɹəʊtəʊfəʊz	0.2727272727272727	0.2857142857142857
didact	daɪdækt	dɪdækt	dɪdækt	dɪdækt	compound	did|act	0.16666666666666666	0.16666666666666666	0.16666666666666666	dɪdækt	daɪdækt	0.16666666666666666	0.0
didactics	daɪdæktɪks	dɪdæktɪks	dɪdæktɪks	dɪdæktɪks	compound	didactic|s	0.1111111111111111	0.1111111111111111	0.1111111111111111	dɪdæktɪks	daɪdæktɪks	0.1111111111111111	0.0
didaction	dɪdækʃən	dɪdækʃən	dɪdækʃən	dɪdækʃən	compound	did|action	0.0	0.0	0.0	dɪksækʃən	daɪdækʃən	0.2222222222222222	0.1111111111111111
diddest	dɪdɛst	dɪddɛst	dɪdɪst	dɪddɪst	compound	did|dest	0.14285714285714285	0.16666666666666666	0.2857142857142857	dɪdɪst	dɪdəst	0.16666666666666666	0.16666666666666666
didelphid	daɪdɛlfɪd	daɪdɛlfaɪd	daɪdlfɪd	daɪdɛlfɪd	compound	di|delphi|d	0.1	0.125	0.0	daɪɛlfɪd	daɪdɛlfɪd	0.125	0.0
didesmethyldoxylamine	daɪdɛzmɛθɪldɒksɪləmiːn	dɪdizmiθaɪldɑksɪləmin	daɪdsmɪθəldəksɪləmin	daɪdsmɛθaɪldəksiləmɪn	compound	did|es|methyl|doxylamine	0.23809523809523808	0.25	0.2857142857142857	daɪdzmɛθɪldɑk.səlæm.ɪn	daɪdɪsməθɪldɑksələmin	0.3181818181818182	0.23809523809523808
dielectrophoretic	daɪəlɛktɹoʊfəɹɛtɪk	daɪəlɛktɹəfəɹɛɾɪk	dilɪktɹɑfoɹɛɾɪk	dilɪktɹəfɚɛtɪk	compound	di|electrophoretic	0.11764705882352941	0.5333333333333333	0.5	daɪəlɛktɹəfəɹɛɾɪk	daɪlɛktɹəʊfɝɛtɪk	0.11764705882352941	0.1875
diethyl	daɪɛθɪl	daɪəθɪl	daɪəθaɪl	dɪθɪl	compound	dieth|yl	0.14285714285714285	0.25	0.4	daɪɛθəl	daɪəθəl	0.14285714285714285	0.2857142857142857
dihydropteroate	daɪhaɪdɹɒptɛɹəʊeɪt	dɪjdɹɑptɪɹəʊeɪt	daɪhaɪdɹəptɚɹəʊt	dɪhaɪdɹəptɚəʊt	compound	dih|y|dropt|ero|ate	0.4	0.25	0.42857142857142855	daɪhaɪdɹɑptəɹəʊeɪt	daɪhaɪdɹɑptɝəʊeɪt	0.1111111111111111	0.17647058823529413
dihydroquercetin	daɪhaɪdɹəʊkwɜːɹsɪtɪn	daɪhaɪdɹəʊkwɜɹsʌɾɪn	daɪhaɪdɹəkwɚsɛtɪn	dɪhaɪdɹəʊkɚsɪtɪn	compound	di|hydro|quercetin	0.10526315789473684	0.23529411764705882	0.25	daɪhaɪdɹəkwɜɹsənɪn	daɪhaɪdɹəʊkɝsɛtɪn	0.16666666666666666	0.23529411764705882
diiamb	daɪaɪæm	daɪaɪæmb	dɪɪæm	daɪəmb	compound	di|iamb	0.125	0.4	0.6666666666666666	dɪæmb	daɪəm	0.8	0.6
dillseed	dɪlsiːd	dɪlsid	dɪlsid	dɪlsid	compound	dill|seed	0.0	0.0	0.0	dɪlsid	dɪlsid	0.0	0.0
dimethenamid	daɪmɪθɛnəmɪd	daɪmðɛnəmɪd	daɪmθənæmɪd	dɪmɛθənəmɪd	compound	dime|then|amid	0.18181818181818182	0.2727272727272727	0.2727272727272727	daɪmɛθ.ənæm.ɪd	daɪmɛθənəmɪd	0.35714285714285715	0.16666666666666666
dimethylethanolamine	daɪmɛθɪlɛθənɒləmiːn	daɪmɛθəlɛθənɒləmin	daɪmθaɪlθənɑləmin	dɪmɛθaɪlθənəʊləmɪn	compound	dimethyl|ethanol|amine	0.05555555555555555	0.23529411764705882	0.3333333333333333	daɪmɛθ.əl.əθæn.əlin	daɪməθaɪləθænəlæmən	0.42105263157894735	0.3684210526315789
dimication	dɪmɪkeɪʃən	dɪmɪkeɪʃən	dɪmɪkeɪʃən	dɪmɪkeɪʃən	compound	dim|ication	0.0	0.0	0.0	dɪmɪkeɪʃən	dɪməkeɪʃən	0.0	0.1
dimiracetam	dɪmɪɹæsɪtæm	dɪmɪɹæsɪtæm	dɪmɪɹæsɪtæm	dɪmɪɹəstəm	compound	dim|iracetam	0.0	0.0	0.3	dɪmɪɹæsɪtæm	dɪmɝæsətæm	0.0	0.3
dimp	dɪmp	dɪmp	dɪmp	dɪmp	compound	dim|p	0.0	0.0	0.0	dɪmp	dɪmp	0.0	0.0
dimplement	dɪmpəlmənt	dɪmpəlmɛnt	dɪmplɪmənt	dɪmpəlmənt	compound	dimple|ment	0.1	0.2	0.0	dɪmpləmɛnt	dɪmpləmənt	0.3	0.2
dinokaryote	daɪnəʊkæɹiəʊt	dinəʊkɛɹiəʊti	dɪnəkæɹɪəʊt	dɪnəʊkɑɹiəʊt	compound	dino|kary|ot|e	0.3076923076923077	0.2727272727272727	0.16666666666666666	daɪnəʊkɑɹiəʊteɪ	dɪnəʊkɛɹiəʊt	0.2	0.16666666666666666
dioptrical	daɪɒptɹɪkəl	daɪɑptɹɪkæl	dɪɑptɹɪkəl	diɑptɹɪkəl	compound	dioptric|al	0.18181818181818182	0.2	0.3	daɪɑp.tɹɪk.əl	daɪɑptɹɪkəl	0.23076923076923078	0.09090909090909091
diprotodon	daɪpɹəʊtədɒn	dɪpɹəʊtəʊdɒn	dɪpɹəʊtəʊdən	dɪpɹətəʊdən	compound	dip|roto|don	0.16666666666666666	0.25	0.36363636363636365	daɪpɹəʊɾədɑn	dɪpɹɑtədən	0.16666666666666666	0.4
disablist	dɪseɪblɪst	dɪsəblɪst	dɪsəblɪst	dɪsəblɪst	compound	disa|blist	0.2222222222222222	0.2222222222222222	0.2222222222222222	dɪsəblɪst	dɪsəblɪst	0.2222222222222222	0.2222222222222222
disclame	dɪskleɪm	dɪskleɪm	dɪskleɪm	dɪskleɪm	compound	disc|lame	0.0	0.0	0.0	dɪskleɪm	dɪskleɪm	0.0	0.0
discontentive	dɪskəntɛntɪv	dɪskəntɛntaɪv	dɪskəntɛntɪv	dɪskəntɛntɪv	compound	discontent|ive	0.07692307692307693	0.0	0.0	dɪskəntɛntɪv	dɪskəntɛntɪv	0.0	0.0
discontinuer	dɪskəntɪnjuɚ	dɪskəntɪnjuɹ	dɪskəntɪnjuɚ	dɪskəntɪnjɚ	compound	discontinue|r	0.08333333333333333	0.0	0.09090909090909091	dɪskəntɪnjuəɹ	dɪskəntɪnjuɝ	0.15384615384615385	0.08333333333333333
dishwasherable	dɪʃwɒʃəɹəbəl	dɪʃwɒʃəeɪbəl	dɪʃwəʃɚɹəbəl	dɪʃwɔʃɚəbəl	compound	dishwasher|able	0.16666666666666666	0.16666666666666666	0.2727272727272727	dɪʃwɔʃəɹəbəl	dɪʃwɑʃɝəbəl	0.08333333333333333	0.2727272727272727
disme	daɪm	daɪzmi	dɪsmɛ	dɪsm	compound	dis|me	0.3333333333333333	0.6	0.5	dɪsmeɪ	dɪzm	0.6666666666666666	0.5
disparadise	dɪspæɹədaɪs	daɪzpæɹədaɪs	dɪspæɹədaɪz	dɪspɚədɪs	compound	dis|paradise	0.16666666666666666	0.09090909090909091	0.3333333333333333	dɪspɛɹədaɪz	dɪspɛɹədaɪz	0.18181818181818182	0.18181818181818182
disparadised	dɪspæɹədaɪst	daɪzpæɹədaɪsd	dɪspæɹədaɪzd	dɪspɚədɪst	compound	dis|paradise|d	0.23076923076923078	0.16666666666666666	0.3	dɪspæɹədaɪzd	dɪspɛɹədaɪzd	0.16666666666666666	0.25
disponge	dɪspʌndʒ	daɪspʌndʒ	dɪspɑndʒ	dɪspɑndʒ	compound	di|sponge	0.1111111111111111	0.125	0.125	dɪspʌndʒ	dɪspɑndʒ	0.0	0.125
disship	dɪsʃɪp	dɪshɪp	dɪshɪp	dɪsɪp	compound	diss|hip	0.16666666666666666	0.16666666666666666	0.2	dɪʃɪp	dɪshɪp	0.2	0.16666666666666666
distelfink	dɪstəlfɪŋk	dɪstəlfɪŋk	dɪstɛlfɪŋk	dɪstɛlfɪŋk	compound	distel|fink	0.0	0.1	0.1	dɪstəlfɪŋk	dɪstɛlfɪŋk	0.0	0.1
dister	dɪstɜːɹ	dɪstɜ	dɪstɜ	dɪstɚ	compound	dist|er	0.2	0.2	0.4	dɪstɚ	dɪstɝ	0.4	0.4
distilment	dɪstɪlmənt	dɪstɪlmɛnt	dɪstɪlmənt	dɪstɪlmənt	compound	distil|ment	0.1	0.0	0.0	dɪstɪlmənt	dɪstɪlmənt	0.0	0.0
distinguishment	dɪstɪŋɡwɪʃmənt	dɪstɪŋɡwɪʃmɛnt	dɪstɪŋɡwɪʃmənt	dɪstɪŋɡwɪʃmɛnt	compound	distinguish|ment	0.07142857142857142	0.0	0.07142857142857142	dɪstɪŋgwɪʃmənt	dɪstɪŋɡwɪʃmənt	0.07142857142857142	0.0
disulfite	daɪsʌlfaɪt	daɪsəlfaɪt	daɪsəlfaɪt	dɪsəlfaɪt	compound	di|sulfite	0.1	0.1	0.2222222222222222	daɪsʌlfaɪt	dɪsəlfaɪt	0.0	0.2222222222222222
disvantageous	dɪsvænteɪdʒəs	dɪsvæntɪdʒəs	dɪsvənteɪdʒəs	dɪsvæntɪdʒus	compound	disvantage|ous	0.08333333333333333	0.07692307692307693	0.16666666666666666	dɪsvæn.tɪd͡ʒəs	dɪsvænteɪdʒəs	0.21428571428571427	0.0
divertive	daɪvɜːɹtɪv	daɪvɜtaɪv	daɪvɜɾɪv	dɪvɚtɪv	compound	divert|ive	0.2222222222222222	0.25	0.42857142857142855	daɪvɝtɪv	dɪvɝtɪv	0.25	0.42857142857142855
divulgate	dɪvʌlɡeɪt	daɪvʌlɡeɪt	daɪvʌlɡeɪt	dɪvəlɡeɪt	compound	di|vulgate	0.1	0.1	0.1111111111111111	dɪvʌlgeɪt	dɪvəlɡeɪt	0.1111111111111111	0.1111111111111111
dizzard	dɪzəɹd	dɪzəd	dɪzɚd	dɪzɚd	compound	d|izzard	0.2	0.4	0.4	dɪzəd	dɪzɑɹd	0.2	0.16666666666666666
dogecoin	dəʊdʒkɔɪn	dəʊdʒkɔɪn	dəʊdʒkɔɪn	dɑdʒɛkɪn	compound	doge|coin	0.0	0.0	0.5	dəʊdʒkɔɪn	dɑdʒkɔɪn	0.0	0.25
dogloo	dɒɡluː	dɒɡlu	dɑɡlu	dɑɡlu	compound	dog|loo	0.0	0.2	0.2	dɔglu	dɑɡlu	0.4	0.2
dogwhistle	dɔɡwɪsəl	dɒɡwɪsəl	dɑɡwɪsəl	dɑɡwɪstl	compound	dog|whistle	0.125	0.125	0.25	dɔgwɪsəl	dɔɡwɪsəl	0.125	0.0
dojigger	duːdʒɪɡɚ	dudʒɪɡə	dɑdʒɪɡɚ	dɑdʒɪɡɚ	compound	do|jigger	0.14285714285714285	0.14285714285714285	0.14285714285714285	dəʊdʒɪgəɹ	dəʊdʒɪɡɝ	0.5555555555555556	0.375
dolehead	dɔʊlhɛd	dəʊlhɛd	dəʊlhɛd	dəʊlhəd	compound	dole|head	0.14285714285714285	0.14285714285714285	0.2857142857142857	dəʊlhɛd	dəʊlhɛd	0.14285714285714285	0.14285714285714285
doleheads	dɔʊlhɛdz	dəʊlhɛdz	dəʊlhɛdz	dəʊlhədz	compound	dole|heads	0.125	0.125	0.25	dəʊlhɛdz	dəʊlhɛdz	0.125	0.125
dolichophallic	dɒlɪkəʊfælɪk	dɑlɪtʃəʊfælɪk	dɑlɪtʃəfælɪk	dəʊlɪkəfəlɪk	compound	dol|ich|o|phallic	0.23076923076923078	0.3333333333333333	0.3333333333333333	dɑlɪkəfælɪk	dɑlɪkəfælɪk	0.18181818181818182	0.18181818181818182
donger	dɒŋə	dɒŋɜ	dɑŋɡɚ	dɔŋɡɚ	compound	dong|er	0.25	0.6	0.6	dɔŋgəɹ	dɔŋɝ	0.5	0.5
donk	dɒŋk	dɒnk	dɔŋk	dɑŋk	compound	don|k	0.25	0.25	0.25	dɔŋk	dɑŋk	0.25	0.25
doob	duːb	dub	dub	dub	compound	doo|b	0.0	0.0	0.0	dub	dub	0.0	0.0
doomposting	duːmpəʊstɪŋ	dumpəʊstɪŋ	dumpəʊstɪŋ	dumpɑstɪŋ	compound	doom|posting	0.0	0.0	0.2222222222222222	dumpəʊstɪŋ	dumpəʊstɪŋ	0.0	0.0
doona	duːnə	dunə	dunə	dunə	compound	doon|a	0.0	0.0	0.0	dunə	dunə	0.0	0.0
dortour	dɔːɹtʊɚ	dɔɹtəə	dɔɹɾʊɹ	dɔɹtɔɹ	compound	dort|our	0.3333333333333333	0.3333333333333333	0.3333333333333333	dɔɹtʊɹ	dɔɹtɝ	0.16666666666666666	0.4
dotal	dəʊtəl	dəʊtəl	dəʊɾəl	dəʊtəl	compound	dota|l	0.0	0.16666666666666666	0.0	dəʊɾəl	dəʊtəl	0.16666666666666666	0.0
douar	duːɑː	duəɑɹ	dwɑɚ	dəɚ	compound	do|u|ar	0.4	0.5	0.6666666666666666	dəɚ	duɝ	0.6666666666666666	0.3333333333333333
douc	duːk	duək	dək	dək	compound	do|u|c	0.25	0.3333333333333333	0.3333333333333333	dək	duk	0.3333333333333333	0.0
dougong	doʊɡʊŋ	dəɡɔŋ	duɡɔŋ	duɡɑŋ	compound	doug|ong	0.4	0.6	0.6	dugɑŋ	duɡɔŋ	0.8	0.6
doum	duːm	duʌm	dəm	dəm	compound	do|um	0.25	0.3333333333333333	0.3333333333333333	dum	dəm	0.0	0.3333333333333333
doune	duːn	duəni	dən	dən	compound	do|un|e	0.4	0.3333333333333333	0.3333333333333333	dən	dən	0.3333333333333333	0.3333333333333333
dozenal	dʌzənəl	dʌzənæl	dʌzinəl	dəʊzənəl	compound	dozen|al	0.14285714285714285	0.14285714285714285	0.25	dʌzənəl	dɑzənəl	0.0	0.14285714285714285
drachme	dɹækmi	dɹæmi	dɹætʃm	dɹækm	compound	drachm|e	0.2	0.5	0.2	dɹækm	dɹækm	0.2	0.2
draids	dɹeɪdz	dɹeɪdz	dɹeɪdz	dɹeɪdz	compound	dr|aids	0.0	0.0	0.0	dɹeɪdz	dɹeɪdz	0.0	0.0
dramata	dɹɑmətə	dɹɑmətɑ	dɹæmɑɾə	dɹæmətə	compound	drama|ta	0.14285714285714285	0.42857142857142855	0.14285714285714285	dɹæmətə	dɹəmɑtə	0.14285714285714285	0.2857142857142857
drapet	dɹeɪpɪt	dɹeɪpt	dɹæpɪt	dɹæpɪt	compound	drape|t	0.16666666666666666	0.3333333333333333	0.3333333333333333	dɹæpɪt	dɹæpət	0.3333333333333333	0.5
draugar	dɹaʊɡaɹ	dɹɔɡəstɑɹ	dɹɔɡɚ	dɹɔɡɚ	compound	dr|aug|ar	0.5555555555555556	0.6	0.6	dɹɔgəɹ	dɹəɡɝ	0.5	0.4
dreamchild	dɹimtʃaɪld	dɹimtʃaɪld	dɹimtʃaɪld	dɹiməhɪld	compound	dream|child	0.0	0.0	0.3333333333333333	dɹimtʃaɪld	dɹimtʃaɪld	0.0	0.0
dreamchildren	dɹimtʃɪldɹən	dɹimtʃɪldɹən	dɹimtʃɪldɹən	dɹiməhɪldɹən	compound	dream|children	0.0	0.0	0.16666666666666666	dɹimtʃɪldɹən	dɹimtʃɪldɹən	0.0	0.0
drempt	dɹɛmpt	dɹɛmpt	dɹɛmpt	dɹɛmpt	compound	dr|empt	0.0	0.0	0.0	dɹɛmpt	dɹɛmpt	0.0	0.0
dreng	dɹɛŋ	dɹɛŋ	dɹɛŋ	dɹɛŋ	compound	dr|eng	0.0	0.0	0.0	dɹɛŋ	dɹɛŋ	0.0	0.0
driftingness	dɹɪftɪŋnəs	dɹɪftɪŋnes	dɹɪftɪŋnəs	dɹɪftɪŋnɛs	compound	drifting|ness	0.1	0.0	0.1	dɹɪftɪŋnəs	dɹɪftɪŋnəs	0.0	0.0
dright	dɹaɪt	dɹaɪt	dɹaɪt	dɹaɪt	compound	dr|ight	0.0	0.0	0.0	dɹaɪt	dɹaɪt	0.0	0.0
drinkie	dɹɪŋki	dɹɪŋki	dɹɪŋki	dɹɪŋki	compound	drink|ie	0.0	0.0	0.0	dɹɪŋki	dɹɪŋki	0.0	0.0
droodle	dɹuːdəl	dɹudəl	dɹudəl	dɹudəl	compound	dr|oodle	0.0	0.0	0.0	dɹudəl	dɹʊdəl	0.0	0.16666666666666666
dropmeal	dɹɒpmiːl	dɹɒpmil	dɹɑpmiəl	dɹɑpməl	compound	drop|meal	0.0	0.25	0.2857142857142857	dɹɑpmil	dɹɑpmil	0.14285714285714285	0.14285714285714285
droxicam	dɹɒksɪkæm	dɹɑksɪkæm	dɹɑksɪkæm	dɹɑksɪkəm	compound	dr|oxic|am	0.1111111111111111	0.1111111111111111	0.2222222222222222	dɹɑksɪkæm	dɹɑksɪkəm	0.1111111111111111	0.2222222222222222
dryth	dɹaɪθ	dɹaɪθ	dɹɪθ	dɹɪθ	compound	dry|th	0.0	0.25	0.25	dɹaɪθ	dɹɪθ	0.0	0.25
duckface	dʌkfeɪs	dʌkfeɪs	dʌkfeɪs	dʌkfeɪs	compound	duck|face	0.0	0.0	0.0	dʌkfeɪs	dəkfeɪs	0.0	0.14285714285714285
dudess	djuːdɛs	djudzs	dudɛs	dudɪs	compound	dudes|s	0.16666666666666666	0.2	0.4	dudɛs	dudəs	0.2	0.4
dudette	djuːdɛt	djudnɛt	dudɛt	dudɪt	compound	dude|tte	0.14285714285714285	0.2	0.4	dudɛt	dudɛt	0.2	0.2
dullahan	duːləhɑːn	dʌlɑhɑn	dʌləhæn	dʌləhən	compound	dull|aha|n	0.2857142857142857	0.2857142857142857	0.2857142857142857	dʌləhɑn	dələhæn	0.14285714285714285	0.2857142857142857
duodecet	djuːədɛsɛt	djuəʊdist	duəʊdsɪt	dudɪsɪt	compound	duo|dece|t	0.3333333333333333	0.5	0.5714285714285714	djuədisɛt	duəʊdəsɛt	0.1111111111111111	0.3333333333333333
duodecillion	djuːoʊdəsɪliən	djuəʊdəsɪliən	duəʊdsɪliən	dudɪsɪljən	compound	duo|de|cillion	0.0	0.18181818181818182	0.5	djuədɛkələn	duəʊdəsɪljən	0.45454545454545453	0.16666666666666666
duodene	djuːəʊdiːn	djuəʊdin	duəʊdin	dudɪn	compound	duo|dene	0.0	0.14285714285714285	0.8	djuədin	duədin	0.14285714285714285	0.3333333333333333
dutchie	dʌtʃi	dʌtʃi	dʌtʃi	dʌtʃi	compound	dutch|ie	0.0	0.0	0.0	dʌtʃi	dətʃi	0.0	0.2
dyb	dɪb	dɪb	dɪb	dɪb	compound	dy|b	0.0	0.0	0.0	dɪb	dɪb	0.0	0.0
dykery	daɪkəɹi	daɪkəɹj	daɪkɚɹi	daɪkɚi	compound	dyker|y	0.14285714285714285	0.14285714285714285	0.3333333333333333	daɪkəɹi	daɪkɝi	0.0	0.3333333333333333
dyserythropoiesis	dɪsɪɹɪθɹəʊpɔɪiːsɪs	dɪsɪɹɪθɹəʊpɔɪisɪs	daɪsɚɹɪθɹəpɔɪisɪs	daɪzɚɪθɹɑpisɪz	compound	dy|s|erythropoiesis	0.0	0.17647058823529413	0.6428571428571429	daɪsɛɹəθɹəʊpaɪisɪs	daɪzɝɪθɹəpɔɪsɪs	0.2222222222222222	0.4
dyssomnia	dɪssɒmnɪə	dɪsɒmniə	dɪsɑmniə	dɪsɑmniə	compound	dy|s|som|ni|a	0.25	0.375	0.375	dɪsməʊnɪə	dɪsɑmniə	0.3333333333333333	0.375
dzud	dzuːd	dzəd	dizʌd	dzʌd	compound	d|z|u|d	0.25	0.4	0.25	dʒud	dzəd	0.25	0.25
eam	iːm	im	im	im	compound	ea|m	0.0	0.0	0.0	im	im	0.0	0.0
eavedrop	iːvdɹɒp	ivdɹɒp	ivɪdɹɑp	ivdɹəp	compound	eave|drop	0.0	0.2857142857142857	0.16666666666666666	ivdɹɑp	ivdɹɑp	0.16666666666666666	0.16666666666666666
ecbole	ɛkbəliː	ɛkbəʊl	ɛkbəʊl	ɪkbəʊl	compound	ec|bole	0.3333333333333333	0.3333333333333333	0.5	ɛkbəʊ.li	ɛkbəʊl	0.25	0.3333333333333333
ecchymose	ɛkɪməʊz	ɛkutməʊz	ɛkɪməʊs	ɪkiməʊz	compound	ec|chy|mose	0.25	0.14285714285714285	0.2857142857142857	ɛkəməʊs	ɛkiməʊz	0.2857142857142857	0.14285714285714285
echoise	ɛkəʊaɪz	ɛkəʊaɪz	ɛkɔɪs	ɪkɔɪs	compound	echo|ise	0.0	0.8	1.0	ɛkəʊaɪz	ɛkwəs	0.0	1.0
echoize	ɛkəʊaɪz	ɛkəʊaɪz	ɛkɔɪz	ɪkəʊaɪz	compound	echo|ize	0.0	0.6	0.14285714285714285	ɛkəʊaɪz	ɛkwɑz	0.0	0.8
ecribellate	iːkɹɪbɛlət	ikɹəbɛləti	ɛkɹaɪbəleɪt	ɛkɹɪbɛleɪt	compound	e|cribella|te	0.2	0.45454545454545453	0.3	ɪkɹɪbɪleɪt	ɛkɹəbəleɪt	0.4	0.5
ectypal	ɛktaɪpəl	ɛktaɪpəl	ɛktaɪpəl	ɛktipəl	compound	ec|typal	0.0	0.0	0.2857142857142857	ɛktəpəl	ɛktipəl	0.2857142857142857	0.2857142857142857
edgrow	ɛdɡɹəʊ	ɛdɡɹəʊ	ɛdɡɹəʊ	ɪdɡɹəʊ	compound	ed|grow	0.0	0.0	0.16666666666666666	ɛdgɹəʊ	ɛdɡɹəʊ	0.16666666666666666	0.0
eformoterol	iːfɔːɹmɒtəɹɒl	ɛfɔməʊtɹəʊl	ɛfoɹməʊtɹɑl	ɪfɔɹmətɚəl	compound	ef|or|mote|rol	0.6363636363636364	0.5454545454545454	0.5	ɪfɔɹməʊtəɹɒl	ɛfɝməʊtɝɑl	0.25	0.8
egal	iːɡəl	iɡæl	ɛɡəl	ɪɡəl	compound	e|gal	0.25	0.25	0.25	iɡəl	iɡəl	0.0	0.0
egoboo	iːɡəʊbuː	iɡəʊbu	iɡəʊbu	ɪɡəʊbu	compound	ego|boo	0.0	0.0	0.16666666666666666	igəʊbu	ɛɡəbu	0.16666666666666666	0.4
eigengrau	aɪɡənɡɹaʊ	aɪɡənɡɹə	aɪdʒɪŋɡɹə	aɪɡɪŋɡɹə	compound	eigen|grau	0.0	0.4444444444444444	0.25	aɪgəngɹə	aɪɡɪŋɡɹə	0.25	0.25
eina	eɪnə	aɪnə	aɪnə	inə	compound	ein|a	0.25	0.25	0.6666666666666666	aɪnə	aɪnə	0.25	0.25
eirs	ɛəɹz	aɪɹs	aɪrz	ɚz	compound	eir|s	0.75	0.75	1.5	aɪəɹz	ɪɹz	0.4	0.6666666666666666
ekpyrotic	ɛkpaɪɹɒtɪk	ɛkpaɪɹəʊtɪk	ɛkpɪɹɑɾɪk	ɪkpɚətɪk	compound	ek|pyro|tic	0.18181818181818182	0.3333333333333333	0.625	ɛk.paɪɹɑ.tɪk	ɛkpɝɑtɪk	0.25	0.5
ekwele	eɪkweɪleɪ	ɛkwilə	ɛkwɛl	ɛkwɛl	compound	ek|we|le	1.0	1.2	1.2	ɛkwəleɪ	ɛkwəl	0.5714285714285714	1.2
electrencephalography	ɪlɛktɹɛnsɛfəlɒɡɹəfi	ɪlɛktɹɪnsɛfəlɑgɹəfi	ᵻlɛktɹənsɛfəlɑɡɹəfi	ɛlɛktɹənsəfələɡɹəfi	compound	elect|r|encephalography	0.15789473684210525	0.15789473684210525	0.21052631578947367	əlɛktɹənsɛfəlɑgɹəfi	ɪlɛktɹənsəfæləɡɹəfi	0.21052631578947367	0.21052631578947367
electrovore	ɪlɛktɹəvɔːɹ	ɪlɛktɹəʊvɔɹ	ɪlɛktɹəʊvoɹ	ɛlɛktɹəvɚ	compound	electro|vore	0.09090909090909091	0.18181818181818182	0.3333333333333333	əlɛktɹəʊvɔɹ	ɪlɛktɹəvɔɹ	0.18181818181818182	0.0
elench	ɪlɛŋk	ilɛntʃ	ᵻlɛntʃ	ɛlɛntʃ	compound	e|lench	0.6666666666666666	0.6666666666666666	0.6666666666666666	ɪlɛntʃ	ɛləntʃ	0.5	0.8333333333333334
eleutheri	ɛljuːθəɹaɪ	ɛljuθɜaɪ	ᵻluθɜɹi	ɛluθɚi	compound	el|euth|er|i	0.25	0.7142857142857143	0.8333333333333334	ɪluθəɹi	ɪluθɝi	0.5714285714285714	1.0
ellisize	ɛlɪsaɪz	ɛlɪsaɪz	ɛlɪsaɪz	ɛlɪsaɪz	compound	ellis|ize	0.0	0.0	0.0	ɛlɪsaɪz	ɛlɪsaɪz	0.0	0.0
elrig	ɛlɹɪɡ	ɛlɹɪɡ	ɛlɹɪɡ	ɛlɹɪɡ	compound	el|rig	0.0	0.0	0.0	ɛlɹɪg	ɛlɹɪɡ	0.2	0.0
elsin	ɛlzɪn	ɛlzɪn	ɛlsɪn	ɛlsɪn	compound	els|in	0.0	0.2	0.2	ɛlsɪn	ɛlsɪn	0.2	0.2
elucubrate	ɪluːkjʊbɹeɪt	ilukjəbɹeɪt	ᵻlukəbɹeɪt	ɛlukəbɹeɪt	compound	e|lucubrate	0.18181818181818182	0.3	0.3	ɪlukjubɹeɪt	ɪlukjəbɹeɪt	0.09090909090909091	0.09090909090909091
elucubration	ɪluːkjʊbɹeɪʃən	ilukjəbɹeɪʃən	ᵻlukəbɹeɪʃən	ɛlukəbɹeɪʃən	compound	e|lucubration	0.15384615384615385	0.25	0.25	ɪlukəbɹeɪʃən	ɪlukjəbɹeɪʃən	0.16666666666666666	0.07692307692307693
eluent	ɛljʊənt	ɛləɛnt	ᵻluənt	ɛlunt	compound	el|u|ent	0.5	0.5	0.6	ɛluənt	ɛljuənt	0.3333333333333333	0.14285714285714285
elumbated	ɪlʌmbeɪtɪd	ɛlʌmbeɪtɪd	ᵻlʌmbeɪɾᵻd	ɛlʌmbeɪtd	compound	el|um|bated	0.1	0.3	0.2222222222222222	ɪlʌmbeɪɾᵻd	ɪləmbeɪtɪd	0.2	0.1
embase	ɪmbeɪs	əmbeɪs	ɛmbəs	ɛmbeɪs	compound	em|base	0.16666666666666666	0.6	0.16666666666666666	ɛmbeɪs	ɛmbeɪs	0.16666666666666666	0.16666666666666666
emerited	ɪmɛɹɪtɪd	imɛɹɪtɪd	ɪmɛɹɪɾᵻd	ɪmɚɪtd	compound	e|merited	0.125	0.25	0.5	ɛmɚɪtɪd	ɪmɛɹətɪd	0.42857142857142855	0.125
emojification	ɪməʊdʒɪfɪkeɪʃən	ɪməʊdʒifɪkeɪʃən	ɪmɑdʒɪfɪkeɪʃən	imədʒɪfɪkeɪʃən	compound	emoji|fication	0.06666666666666667	0.14285714285714285	0.14285714285714285	əməʊdʒəfəkeɪʃən	ɪməʊdʒəfəkeɪʃən	0.2	0.13333333333333333
empathogen	ɛmpæθədʒn	əmpæθədʒən	ɛmpəθədʒən	ɛmpæθəʊɡən	compound	em|pathogen	0.2	0.2	0.3	ɛmpæθədʒən	ɛmpæθədʒən	0.1	0.1
emperished	ɪmpɛɹɪʃt	əmpɛɹɪʃt	ɛmpɚɹɪʃt	ɛmpɚɪʃt	compound	em|perished	0.125	0.25	0.42857142857142855	ɛmpɚɪʃt	ɛmpɝɪʃt	0.42857142857142855	0.42857142857142855
empery	ɛmpəɹɪ	ɛmpɛɹɪ	ɛmpɚɹi	ɛmpɚi	compound	emp|ery	0.16666666666666666	0.3333333333333333	0.6	ɛmpəɹi	ɛmpɝi	0.16666666666666666	0.6
empuse	ɛmpjuːz	ɛmpjus	ɛmpjus	ɪmpjuz	compound	emp|use	0.16666666666666666	0.16666666666666666	0.16666666666666666	ɛmpuz	ɛmpjuz	0.2	0.0
encaenia	ɛnsiːniə	ɛnkæniə	ɛŋkiniə	ɪŋkeɪniə	compound	en|caen|ia	0.2857142857142857	0.2857142857142857	0.625	ɛnkiniə	ɛnkiniə	0.14285714285714285	0.14285714285714285
endling	ɛndlɪŋ	ɛndlɪŋ	ɛndəlɪŋ	ɛndlɪŋ	compound	end|ling	0.0	0.14285714285714285	0.0	ɛndlɪŋ	ɛndlɪŋ	0.0	0.0
endura	ɛndjʊɹə	ɛndʊɹə	ɛndʊɹɹə	ɛndʊɹə	compound	en|dura	0.16666666666666666	0.2857142857142857	0.16666666666666666	ɪndʊɹə	ɛndʊɹə	0.3333333333333333	0.16666666666666666
enerve	ɪnɜːɹv	inɜv	ɛnɚv	ɪnɚv	compound	e|nerve	0.5	0.75	0.5	ɛnɚv	ɪnɝv	0.75	0.5
englyn	ɛŋlɪn	ɛŋlɪn	ɛŋɡlɪn	ɪŋlɪn	compound	eng|lyn	0.0	0.16666666666666666	0.2	ɪŋglɪn	ɛŋɡlɪn	0.3333333333333333	0.16666666666666666
englynion	ɛŋlɪnjən	ɛŋlɪnən	ɛŋɡlɪniən	ɪŋlaɪniən	compound	eng|lyn|ion	0.14285714285714285	0.2222222222222222	0.3333333333333333	ɛŋglɪnjən	ɪnɡlɪnjən	0.1111111111111111	0.3333333333333333
enneastyle	ɛniəstaɪl	ɛniəstaɪl	ɛnistaɪl	ɛnəstaɪl	compound	ennea|style	0.0	0.125	0.125	ɛnistaɪl	ɪnistaɪl	0.125	0.25
entend	ɪntɛnd	ɛntɛnd	ɛntɛnd	ɛntənd	compound	ent|end	0.16666666666666666	0.16666666666666666	0.3333333333333333	ɛntɛnd	ɛntɛnd	0.16666666666666666	0.16666666666666666
enterothorax	ɛntəɹoʊθɔːɹæks	ɛntəəʊθɔɹæks	ɛntɚɹɑθoɹæks	ɛntɚəθɚæks	compound	enter|o|thorax	0.08333333333333333	0.3333333333333333	0.5	ɛntəɹəʊθɔɹæks	ɛntɝɔθɝæks	0.0	0.6
enthesis	ɪnθiːsɪs	ɛnθisɪs	ɛnθəsɪs	ɛnθɛsɪz	compound	en|thesis	0.14285714285714285	0.2857142857142857	0.42857142857142855	ɛnθɪsɪs	ɛnθəsɪs	0.2857142857142857	0.2857142857142857
entr'acte	ɑntɹækt	ɛntɹækti	ɛntɹækti	ɛntɹəkt	compound	en|tract|e	0.25	0.25	0.2857142857142857	ɛntɹækt	ɛntɹækt	0.14285714285714285	0.14285714285714285
eobiont	iːoʊbaɪɑnt	iəʊbaɪɒnt	iəbɪɑnt	əʊbiɑnt	compound	e|obi|on|t	0.1111111111111111	0.2857142857142857	0.42857142857142855	iəʊbiɑnt	iəʊbiənt	0.25	0.375
epauliere	eɪpoʊljɛɚ	ipieɪjulieə	ɛpəliɛɹ	ɪpɔliɚ	compound	epa|uli|ere	0.8181818181818182	0.7142857142857143	0.8333333333333334	ɪpɔlie	ɪpɔliɛɹ	1.0	0.7142857142857143
epeolatry	ɛpiɒlətɹi	ɪfiɒlətɹi	ɛpɪɑlətɹi	ɪpiəʊlətɹi	compound	ep|e|olatry	0.2222222222222222	0.2222222222222222	0.3	ɪpɪɒlətɹi	ipiɑlətɹi	0.2222222222222222	0.2222222222222222
ephelides	ɪfiːlɪdiːz	ɪfhɪlaɪdz	ɛfɪlaɪdz	ɛfəlaɪdɪz	compound	ep|h|elides	0.4444444444444444	0.5	0.4444444444444444	ɪfɛlɪdiz	ɛfəlaɪdz	0.125	0.5
epichorial	ɛpɪkɔːɹiəl	ɛpɪkhɔɹiæl	ɛpɪkoɹɪəl	ɛpɪtʃɔɹiəl	compound	epic|hori|al	0.2	0.2222222222222222	0.2	ɛpəkɔɹiəl	ɛpəkɔɹiəl	0.1111111111111111	0.1111111111111111
epicrisis	ɛpəkɹaɪsɪs	ɛpɪkɹaɪsɪs	ɛpɪkɹɪsiz	ɛpɪkɹɪsɪz	compound	epi|crisis	0.1	0.4444444444444444	0.3333333333333333	ɛpɪkɹɪsɪs	ɛpəkɹaɪsɪs	0.2222222222222222	0.0
epidendroid	ɛpɪdɛndɹɔɪd	ɛpɪdɛndɹɔɪd	ɛpɪdɛndɹɔɪd	ɛpaɪdəndɹɔɪd	compound	epi|dendroid	0.0	0.0	0.16666666666666666	ɛpədɛndɹɔɪd	ɛpədɛndɹɔɪd	0.09090909090909091	0.09090909090909091
epidosite	ɪpɪdəsaɪt	ɛpɪdɒsaɪt	ɛpɪdɑsaɪt	ɛpidəʊsɪt	compound	epi|dos|ite	0.2222222222222222	0.2222222222222222	0.4444444444444444	ɛpədəʊsaɪt	ɛpədɑsət	0.3	0.625
epigenome	ɛpɪdʒiːnoʊm	ɛpɪdʒinəʊm	ɛpɪdʒɛnəʊm	ɛpɪdʒənəʊm	compound	epi|genome	0.0	0.1	0.1	əpɪdʒənəʊm	ɛpədʒənəʊm	0.2	0.2
epimyth	ɛpɪmɪθ	ɛpɪmɪθ	ɛpɪmɪθ	ɛpəmɪθ	compound	epi|myth	0.0	0.0	0.16666666666666666	ɛpɪmɪθ	ɛpəmɪθ	0.0	0.16666666666666666
epiphonema	ɛpɪfəniːmə	ɛpɪfəʊnmɑ	ɛpɪfəʊnmə	ɛpɪfəʊnmə	compound	epi|phone|ma	0.3333333333333333	0.2222222222222222	0.2222222222222222	ɛpəfəʊnəmə	ɛpɪfəʊnəmə	0.3	0.2
epiphyllospermous	ɛpɪfɪləspɜːɹməs	ɛpɪfiləʊspɜɹməs	ɛpɪfɪləspɚməs	ɛpɪɪləspɚməʊs	compound	epi|phyllo|spermous	0.13333333333333333	0.15384615384615385	0.3076923076923077	ɛpəfɪləspəɹməs	ɛpəfɪləspɝməs	0.14285714285714285	0.23076923076923078
epirrhema	ɛpɪɹiːmə	ɛpɪɹɹɛmə	ɛpɪrhəmə	ɛpaɪɚhɛmə	compound	epi|r|rhem|a	0.25	0.375	0.4444444444444444	ɛpəɹimə	ɛpɝhimə	0.14285714285714285	0.2857142857142857
epitrochasm	ɛpɪtɹəkæzm	ɛpɪtɹɑkæzəm	ɛpɪtɹəʊkæzəm	ɛpɪtɹəʊtʃɑzm	compound	epi|t|roch|asm	0.18181818181818182	0.16666666666666666	0.3333333333333333	ɛp.ɪtɹəʊkæz.əm	ɛpətɹəʊkæzəm	0.2857142857142857	0.25
epizoodic	ɛpɪzuːdɪk	ɛpɪzudɪk	ɛpɪzudɪk	ɪpaɪzudɪk	compound	epi|zoo|dic	0.0	0.0	0.2222222222222222	ɛpəzɑdɪk	ɛpɪzuɑdɪk	0.25	0.1111111111111111
epizoötic	ɛpɪzəwɒtɪk	ɛpɪzəwɒtɪk	ɛpɪzəɜɾɪk	ɪpizəʊtɪk	compound	[]	0.0	0.3333333333333333	0.4444444444444444	ɛpəzəʊɑɾɪk	ɛpɪzəʊɔtɪk	0.4	0.2
equiangled	iːkwɪæŋɡəld	ikwɪæŋgəld	ikwɪæŋɡəld	ɪkwiæŋɡəld	compound	equiangle|d	0.1	0.0	0.2	ɪkwaɪæŋɡəld	ikwiæŋɡəld	0.18181818181818182	0.1
equinia	ɪkwɪniə	ikwɪniə	ɛkwɪniə	ɪkwiniə	compound	e|quinia	0.14285714285714285	0.14285714285714285	0.14285714285714285	əkwɪniə	ɪkwɪniə	0.14285714285714285	0.0
equipaged	ɛkwɪpɪdʒd	ɛkwɪpɪdʒd	ɛkwɪpɪdʒd	ɪkwɪpədʒd	compound	equipage|d	0.0	0.0	0.2222222222222222	ikwɪpədʒd	ɛkwəpeɪdʒd	0.2222222222222222	0.2
ergonym	ɜːɹɡənɪm	ɜɹgənɪm	ɜɡənɪm	ɚɡənim	compound	ergon|ym	0.14285714285714285	0.16666666666666666	0.5	ɜɹ.ɡə.nɪm	ɝɡənɪm	0.2222222222222222	0.3333333333333333
eromenos	ɛɹəʊmɛnɒs	ɪɹəʊmeɪnəʊs	ɪɹəminəʊz	ɛɹəʊmənəʊz	compound	ero|meno|s	0.45454545454545453	0.6666666666666666	0.4	əɹəʊmənəʊz	ɛɹəʊminəʊz	0.5	0.4
erotesis	ɛɹətiːsɪs	ɪɹəʊtisɪs	ɪɹəʊtsiz	ɚəʊtsɪz	compound	ero|te|sis	0.2222222222222222	0.625	0.7142857142857143	əɹɑɾəsɪs	ɪɹəʊtɛsɪs	0.5	0.3333333333333333
erototoxin	ɪɹɒtəʊtɒksɪn	ɪɹəʊtəʊtəʊʃɪn	ɪɹəʊɾətɑksɪn	ɚɑtəʊtɑksɪn	compound	ero|toto|xin	0.38461538461538464	0.4166666666666667	0.36363636363636365	əɹəʊɾətɑksən	ɪɹəʊtəʊtɑksɪn	0.5833333333333334	0.23076923076923078
errable	ɛɹəbəl	ɛɹəbəl	ɛɹəbəl	ɛɹəbəl	compound	erra|ble	0.0	0.0	0.0	ɛɹəbəl	ɛɹəbəl	0.0	0.0
eructative	ɪɹʌktətɪv	ɪɹʌktsətɪv	ɪɹʌktətɪv	ɛɹʌktətɪv	compound	eruct|ative	0.1	0.0	0.1111111111111111	əɹʌktɪv	ɪɹəktətɪv	0.42857142857142855	0.1111111111111111
erudiate	ɪɹuːdieɪt	iɹudieɪt	ɛɹudɪeɪt	ɚudieɪt	compound	e|rudi|ate	0.125	0.25	0.2857142857142857	əɹudieɪt	ɪɹudieɪt	0.125	0.0
erythematoedematous	ɛɹəthɛmətoʊədɛmətəs	ɜɹɪθəmətuədɛməɾəs	ɜɹɪθɛmətəʊdᵻmæɾəs	ɚɪθəmətəʊdəmətus	compound	erythema|to|edematous	0.47058823529411764	0.47058823529411764	0.5625	əɹɪθɪmætəʊdɪmætəs	ɪɹɪθəmətəʊədɛmətəs	0.5294117647058824	0.2777777777777778
erythematous	ɛɹəθɛmətəs	ɜɹɪθəmətuʌs	ɜɹɪθɪmæɾəs	ɚɪθəmətus	compound	erythema|to|us	0.45454545454545453	0.5	0.5555555555555556	əɹɪθəmæɾəs	ɛɹɪθɛmətəs	0.5	0.1
erythremia	ɛɹɪθɹiːmiə	ɛɹɪθɹɛmiə	ɜɹɪθɹimiə	ɚɪθɹimiə	compound	ery|th|remi|a	0.1111111111111111	0.1111111111111111	0.25	ɛɹɪθɹimɪə	ɛɹəθɹimiə	0.1111111111111111	0.1111111111111111
escapeway	ɛskeɪpweɪ	ɛskeɪpweɪ	ɛskeɪpweɪ	ɪskəpweɪ	compound	escape|way	0.0	0.0	0.375	ɛskeɪpweɪ	ɪskeɪpweɪ	0.0	0.1111111111111111
essent	ɛsənt	ɛsənt	ɛsɛnt	ɛsənt	compound	essen|t	0.0	0.2	0.0	ɛsɛnt	ɛsənt	0.2	0.0
esthesis	iːsθiːsɪs	izθisɪs	ɛsθəsɪs	ɛsθizɪz	compound	es|thesis	0.14285714285714285	0.2857142857142857	0.42857142857142855	ɛsθəsɪs	ɛsθəsɪs	0.2857142857142857	0.2857142857142857
estray	əstɹeɪ	ɛstɹeɪ	ɛstɹeɪ	ɪstɹeɪ	compound	est|ray	0.16666666666666666	0.16666666666666666	0.16666666666666666	ɛstɹeɪ	ɪstɹeɪ	0.16666666666666666	0.16666666666666666
esture	ɛstjʊɚ	ɛstjuɹ	ɛstʃɚ	ɪstʃɚ	compound	est|ure	0.3333333333333333	0.4	0.6	ɛst͡ʃɚ	ɛstʃɝ	0.3333333333333333	0.6
ethnogenics	ɛθnoʊdʒɛnɪks	ɛðnəʊdʒɛnɪks	ɛθnədʒɛnɪks	ɪθnədʒɛnɪks	compound	eth|no|genic|s	0.08333333333333333	0.09090909090909091	0.18181818181818182	ɛθnədʒɛnɪks	ɛθnədʒɛnɪks	0.09090909090909091	0.09090909090909091
ethnoreligious	ɛθnəʊɹɪlɪdʒəs	ɛðnəʊɹɪlɪdʒəs	ɛθnəʊɹɛlɪdʒəs	ɪθnɚɛlɪdʒiəʊs	compound	eth|no|religious	0.07692307692307693	0.07692307692307693	0.5384615384615384	ɛθnəʊɹəlɪdʒəs	ɛθnɔɹəlɪdʒəs	0.07692307692307693	0.25
ethren	ɛðɹən	ɛðɹɛn	ɛθɹən	ɪθɹən	compound	eth|ren	0.2	0.2	0.4	ɛθɹən	ɛθɹən	0.2	0.2
etiracetam	ɛtɪɹæsɪtæm	ɛtɪɹæsɪtæm	ɛɾɚɹæsɪtæm	ɪtɪɹəstəm	compound	et|iracetam	0.0	0.2	0.4444444444444444	ɛɾəɹæsɪtæm	ɛtɝæsətəm	0.2	0.4444444444444444
etofenprox	ɛtəfɛnpɹɒks	ɛtɒvɛnpɹɒks	ɛɾəʊfɛnpɹɑks	ɛtəʊfənpɹɑks	compound	et|of|en|prox	0.18181818181818182	0.25	0.25	ɛtəfɛnpɹɑks	itəʊfənpɹɑks	0.09090909090909091	0.3333333333333333
etoglucid	ɛtəɡluːsɪd	ɛtɑɡlusɪd	ɛɾəɡlusɪd	ɪtɑɡləsɪd	compound	et|og|lucid	0.1111111111111111	0.1111111111111111	0.3333333333333333	ɛɾəglusəd	itəɡlusɪd	0.3333333333333333	0.1111111111111111
etymemazine	ɛtɪmɛməziːn	ɛtɪmiməzin	ɛɾaɪmmæzin	ɛtaɪməməzin	compound	et|ym|ema|zine	0.1	0.4	0.18181818181818182	ɛtɪməzin	ɛtəmɛməzin	0.25	0.1
euonymous	juːɒnɪməs	juənɪməs	juɑnɪməs	juniməs	compound	euonym|ous	0.125	0.125	0.2857142857142857	juəʊnɪməs	juɑnəməs	0.2222222222222222	0.25
ev'ry	ɛvɹi	ɛvɡɹ	ɛvɹi	ɪvɹi	compound	ev|ry	0.5	0.0	0.25	ɛvɹi	ɛvɹi	0.0	0.0
everthang	ɛvəɹθæŋ	ɛvəthæŋ	ɛvɚθæŋ	ɪvɚθæŋ	compound	evert|hang	0.2857142857142857	0.3333333333333333	0.5	ɛvɚθæŋ	ɛvɝθæŋ	0.3333333333333333	0.3333333333333333
evidentiality	ɛvɪdɛnʃiælɪti	ɛvɪdɛnʃəlɪti	ɛvɪdɛnʃɪælᵻɾi	ɛvaɪdɛnʃəlɪti	compound	evidential|ity	0.16666666666666666	0.23076923076923078	0.23076923076923078	əvaɪdənʃiæləɾi	ɛvədɛnʃiælɪti	0.35714285714285715	0.07692307692307693
exFAT	ɛksfæt	ɛksfæt	ɛksfæt	ɪɡzfət	compound	ex|fat	0.0	0.0	0.6666666666666666	ɛksfæt	ɛksfæt	0.0	0.0
examinate	ɪɡzæmɪnət	ɛɡzæmɪneɪt	ɛɡzæmᵻneɪt	ɪɡzæməneɪt	compound	exam|inate	0.3	0.4	0.3	ɪɡzæm.ɪ.neɪt	ɪɡzæməneɪt	0.3333333333333333	0.3
exanimous	ɛksænɪməs	ɛksænɪməs	ɛɡzænɪməs	ɪɡzænɪmɔs	compound	ex|animous	0.0	0.2222222222222222	0.4444444444444444	ɪgzænɪməs	ɪɡzænəməs	0.3333333333333333	0.4444444444444444
excandescence	ɛkskændɛsəns	ɛkskændɛsəns	ɛkskəndɛsəns	ɪkskændɛsəns	compound	ex|candescence	0.0	0.08333333333333333	0.08333333333333333	ɛkskæn.dəns(ə)ns	ɛkskəndɛsəns	0.3125	0.08333333333333333
excave	ɛkskeɪv	ɛkskeɪv	ɛkskəv	ɪkskeɪv	compound	ex|cave	0.0	0.3333333333333333	0.14285714285714285	ɛkskeɪv	ɪkskeɪv	0.0	0.14285714285714285
exclay	ɛkskleɪ	ɛkskleɪ	ɛkskleɪ	ɪkskleɪ	compound	ex|clay	0.0	0.0	0.14285714285714285	ɛkskleɪ	ɪkskleɪ	0.0	0.14285714285714285
excommune	ɛkskəmjuːn	ɛkskɑmjun	ɛkskɑmjun	ɪkskəmjun	compound	ex|commune	0.1111111111111111	0.1111111111111111	0.1111111111111111	ɛkskəmjun	ɛkskəmjun	0.0	0.0
excommunion	ɛkskəmjuːnjən	ɛkskəmjuniən	ɛkskəmjuniən	ɪkskəmjunjən	compound	ex|communion	0.08333333333333333	0.08333333333333333	0.08333333333333333	ɛkskəmjunjən	ɛkskəmjunjən	0.0	0.0
exility	ɛksɪlɪti	ɛksɪlɪti	ɛɡzɪlᵻɾi	ɪɡzɪlɪti	compound	ex|il|ity	0.0	0.5	0.375	ɪgzɪləɾi	ɪɡzɪləti	0.625	0.5
exogenetic	ɛksoʊdʒənɛtɪk	ɛksəʊdʒɛnɛtɪk	ɛɡzəʊdʒnɛɾɪk	ɛksədʒənɛtɪk	compound	ex|o|genetic	0.07692307692307693	0.3333333333333333	0.08333333333333333	ɛksəʊdʒənɛɾɪk	ɛksədʒənɛtɪk	0.07692307692307693	0.08333333333333333
exomologesis	ɛksəʊməʊləʊdʒəsɪs	ɛksɒməʊləʊɪdsɪs	ɛɡzɑmələʊdʒsiz	ɪɡzɑmələdʒsɪz	compound	ex|om|olo|ge|sis	0.3333333333333333	0.5714285714285714	0.6923076923076923	ɛksəmɑlədʒəsɪs	ɪɡzɑmələdʒisɪs	0.2857142857142857	0.5714285714285714
exonerable	ɪɡzɒnəɹəbəl	ɛɡzɒniəɹəbəl	ɛɡzɑnɚɹəbəl	ɪksənɚəbəl	compound	exon|era|ble	0.16666666666666666	0.2727272727272727	0.5	ɪgzɑnəɹəbəl	ɪɡzɑnɝəbəl	0.18181818181818182	0.3
exoterica	ɛksətɛɹɪkə	ɛksətɛɹɪkə	ɛɡzəʊtɹɪkə	ɪksəʊtɚɪkə	compound	exoteric|a	0.0	0.4	0.4	ɛksətɛɹɪkə	ɛksətɛɹɪkə	0.0	0.0
exotericism	ɛksətɛɹəsɪzm	ɛksətɛɹɪkɪzəm	ɛɡzəʊtɹɪsɪzəm	ɪksəʊtɚɪsɪzəm	compound	exoteric|ism	0.23076923076923078	0.46153846153846156	0.46153846153846156	ɛksətɛɹəsɪzəm	ɛksətɛɹəsɪzəm	0.07692307692307693	0.07692307692307693
expeditate	ɛkspɛdɪteɪt	ɛkspɛdɪteɪt	ɛkspədᵻteɪt	ɪkspɛdɪteɪt	compound	exp|edit|ate	0.0	0.18181818181818182	0.09090909090909091	ɛkspədəteɪt	ɪkspɛdəteɪt	0.18181818181818182	0.18181818181818182
explicitate	ɛksplɪsɪteɪt	ɛksplɪsɪteɪt	ɛksplɪsᵻteɪt	ɪksplɪsɪteɪt	compound	explicit|ate	0.0	0.08333333333333333	0.08333333333333333	ɪksplɪsɪteɪt	ɪksplɪsəteɪt	0.08333333333333333	0.16666666666666666
explicitize	ɪksplɪsɪtaɪz	ɛksplɪsɪtaɪz	ɛksplɪsɪtaɪz	ɪksplɪsɪtaɪz	compound	explicit|ize	0.08333333333333333	0.08333333333333333	0.0	ɪksplɪsɪtaɪz	ɪksplɪsətaɪz	0.0	0.08333333333333333
exscriptural	ɛkskɹɪptʃʊɹəl	ɛkskɹɪptjʊɹəl	ɛksskɹɪptʃɚɹəl	ɪɡzskɹɪptʃɚəl	compound	exscript|ural	0.07692307692307693	0.14285714285714285	0.38461538461538464	ɛk.skɹəpt͡ʃɚ.əl	ɪkskɹɪptʃɝəl	0.3333333333333333	0.25
exsertile	ɛksɜːɹtaɪl	ɛksɜɹtaɪl	ɛkssɜɾaɪl	ɛksɚtɪl	compound	exsert|ile	0.0	0.3333333333333333	0.42857142857142855	ɛkssɜɹɾəl	ɪksɝtəl	0.4444444444444444	0.7142857142857143
extillation	ɛkstɪleɪʃən	ɛkstɪleɪʃən	ɛkstɪleɪʃən	ɛkstɪleɪʃən	compound	extill|ation	0.0	0.0	0.0	ɛkstɪleɪʃən	ɛkstəleɪʃən	0.0	0.09090909090909091
extracerebellar	ɛkstɹəsɛɹəbɛlɚ	ɛkstɹəsɛɹəbɛləɹ	ɛkstɹəsɚɹɛbɛlɚ	ɛkstɹəsɚbɛlɚ	compound	extra|cerebellar	0.13333333333333333	0.14285714285714285	0.25	ɛkstɹəsɜɹəbɛləɹ	ɛkstɹəsɪɹəbəlɝ	0.2	0.21428571428571427
extracoital	ɛkstɹəkɔɪtəl	ɛkstɹəkɔɪtəl	ɛkstɹəkɔɪɾəl	ɛkstɹəkɔɪtəl	compound	extra|coital	0.0	0.08333333333333333	0.0	ɛkstɹəkəʊəɾəl	ɛkstɹəkɔɪtəl	0.3076923076923077	0.0
extramedullary	ɛkstɹəmɛdəlɛɹi	ɛkstɹəmɛdələɹi	ɛkstɹəmɛdəlɚɹi	ɛkstɹəmdʌlɚi	compound	extra|medullary	0.07142857142857142	0.07142857142857142	0.3333333333333333	ɛkstɹəmɛdʒələɹi	ɛkstɹəmɛdəlɛɹi	0.13333333333333333	0.0
extraprovincial	ɛkstɹəpɹɒvɪnʃəl	ɛkstɹəpɹəvɪnʃəl	ɛkstɹəpɹəvɪnʃəl	ɛkstɹəpɹəvənʃəl	compound	extra|provincial	0.06666666666666667	0.06666666666666667	0.13333333333333333	ɛkstɹəpɹəʊvənʃəl	ɛkstɹæpɹəvɪnʃəl	0.1875	0.13333333333333333
extrapsychic	ɛkstɹəsaɪkɪk	ɛkstɹəsaɪkɪk	ɛkstɹəsaɪkɪk	ɛkstɹəsɪtʃɪk	compound	extra|psychic	0.0	0.0	0.25	ɛkstɹəsaɪkɪk	ɛkstɹəpsɪkɪk	0.0	0.16666666666666666
exulansis	ɛksəlænsɪs	ɛksjulənsɪs	ɛɡzjʊlænsɪs	ɪkjələnsɪz	compound	ex|ula|n|sis	0.2727272727272727	0.36363636363636365	0.4	ɛgzulənsɪs	ɛksəlænsɪs	0.4	0.0
eyeache	aɪeɪk	aɪeɪk	aɪætʃ	iətʃ	compound	eye|ache	0.0	0.6	1.25	aɪeɪk	aɪtʃ	0.0	0.75
eyebags	aɪbæɡz	aɪbæɡz	aɪbæɡz	ibæɡz	compound	eye|bags	0.0	0.0	0.4	aɪbæɡz	aɪbæɡz	0.0	0.0
eyecatch	aɪkætʃ	aɪkætʃ	aɪkætʃ	iɪkætʃ	compound	eye|catch	0.0	0.0	0.16666666666666666	aɪkætʃ	aɪkætʃ	0.0	0.0
eyehook	aɪhʊk	aɪhʊk	aɪhʊk	ihʊk	compound	eye|hook	0.0	0.0	0.5	aɪhʊk	aɪhʊk	0.0	0.0
eyehooks	aɪhʊks	aɪhʊks	aɪhʊks	ihʊks	compound	eye|hooks	0.0	0.0	0.4	aɪhʊks	aɪhʊks	0.0	0.0
eyetracks	aɪtɹæks	aɪtɹæks	aɪtɹæks	iɛtɹæks	compound	eye|tracks	0.0	0.0	0.2857142857142857	aɪtɹæks	aɪtɹæks	0.0	0.0
ezafe	ɛzɑːfeɪ	izɑfeɪ	ɛzeɪf	ɛzəf	compound	e|za|fe	0.16666666666666666	0.6	0.75	ɛzəfeɪ	ɪzeɪf	0.16666666666666666	0.8
f'rever	fɹɛvɚ	fɹɛvɜ	ɛfɹɛvɚ	fɪɹɪvɚ	compound	f|rev|er	0.2	0.16666666666666666	0.3333333333333333	ɛfɹɛvɚ	fɹɛvɝ	0.16666666666666666	0.2
faboo	fæbuː	fæbu	fæbu	feɪbu	compound	fab|oo	0.0	0.0	0.4	fɑbəʊ	fəbu	0.6	0.25
facturd	fæktɜːɹd	fæktɜɹd	fæktɜd	fæktɚd	compound	fact|urd	0.0	0.16666666666666666	0.3333333333333333	fæktɚd	fæktɝd	0.3333333333333333	0.3333333333333333
faineance	feɪniəns	feɪniəns	feɪnins	feɪnəns	compound	fain|ean|ce	0.0	0.14285714285714285	0.14285714285714285	feɪnəns	feɪniəns	0.14285714285714285	0.0
faitour	feɪtə	feɪtəə	feɪɾʊɹ	feɪtɚ	compound	fait|our	0.16666666666666666	0.5	0.2	feɪɾəɹ	feɪtɝ	0.3333333333333333	0.2
fakeaway	feɪkəweɪ	feɪkəweɪ	feɪkəweɪ	feɪkəweɪ	compound	fake|away	0.0	0.0	0.0	feɪkəweɪ	feɪkəweɪ	0.0	0.0
fakefan	feɪkfæn	feɪkfæn	feɪkfən	feɪkfən	compound	fake|fan	0.0	0.14285714285714285	0.14285714285714285	feɪkfæn	feɪkfæn	0.0	0.0
fallax	fæləks	fæləks	fælæks	fælæks	compound	falla|x	0.0	0.16666666666666666	0.16666666666666666	fæləks	fælæks	0.0	0.16666666666666666
fanac	fænæk	fænæk	fænæk	fænək	compound	f|anac	0.0	0.0	0.2	fænæk	fænək	0.0	0.2
fancruft	fænkɹʌft	fænkɹʌft	fæŋkɹʌft	fæŋkɹʌft	compound	fan|cruft	0.0	0.125	0.125	fæŋkɹəft	fænkɹəft	0.25	0.125
fandemonium	fændəməʊniəm	fændəməʊniəm	fændɪməʊniəm	fændəməniəm	compound	fand|em|onium	0.0	0.08333333333333333	0.09090909090909091	fændəməʊniəm	fændɪməʊniəm	0.0	0.08333333333333333
fandosentan	fændəsɛntæn	fændəʊzntæn	fændəʊsɛntən	fændəʊsɛntən	compound	fand|ose|ntan	0.18181818181818182	0.16666666666666666	0.16666666666666666	fændəʊ.səntæn	fændəʊsɛntən	0.23076923076923078	0.16666666666666666
fandub	fændʌb	fændʌb	fændʌb	fændəb	compound	fan|dub	0.0	0.0	0.16666666666666666	fændʌb	fændəb	0.0	0.16666666666666666
faned	fænɛd	feɪnd	feɪnd	feɪnd	compound	fane|d	0.6	0.6	0.6	feɪnd	feɪnd	0.6	0.6
fanling	fænlɪŋ	fænlɪŋ	fænlɪŋ	fænlɪŋ	compound	fan|ling	0.0	0.0	0.0	fænlɪŋ	fænlɪŋ	0.0	0.0
fanmag	fænmæɡ	fænmæɡ	fænmæɡ	fænməɡ	compound	fan|mag	0.0	0.0	0.16666666666666666	fænmæg	fænmæɡ	0.16666666666666666	0.0
fannish	fænɪʃ	fænɪʃ	fænɪʃ	fænɪʃ	compound	fann|ish	0.0	0.0	0.0	fænɪʃ	fænɪʃ	0.0	0.0
fansub	fænsʌb	fænsʌb	fænsʌb	fænsəb	compound	fan|sub	0.0	0.0	0.16666666666666666	fænsʌb	fænsəb	0.0	0.16666666666666666
fapiao	fɑːpiaʊ	fæpiəəʊ	feɪpɪə	feɪpi	compound	fap|ia|o	0.42857142857142855	0.5	0.6	fæpiəəʊ	fæpiə	0.42857142857142855	0.2
fapkin	fæpkɪn	fæpkɪn	fæpkɪn	fæpkɪn	compound	fap|kin	0.0	0.0	0.0	fæpkɪn	fæpkɪn	0.0	0.0
fausen	fɔːzən	fɔzɛn	fɔsən	fɔsən	compound	faus|en	0.2	0.2	0.2	fəsən	fəsən	0.4	0.4
faussebraye	fəʊsbɹeɪ	fɔsɛbɹeɪ	fɔsɪbɹeɪ	fɔsəbɹeɪ	compound	fauss|eb|raye	0.375	0.375	0.375	fɔsɪbɹeɪ	fəsbɹeɪ	0.375	0.14285714285714285
fauxgressive	fəʊɡɹɛsɪv	fəʊɡɹɛsaɪv	fɔksɡɹɪsɪv	fɔəɡɹɛsɪv	compound	faux|gress|ive	0.1	0.4	0.2222222222222222	fəʊgɹɛsɪv	fɔksɡɹɛsɪv	0.1111111111111111	0.3
fauxnetic	fəʊnɛtɪk	fəʊnɛteɪ	fɔksnɛɾɪk	fɔənɛtɪk	compound	faux|net|ic	0.25	0.4444444444444444	0.25	fəʊnɛtɪk	fɔksnɛtɪk	0.0	0.3333333333333333
fauxtograph	fəʊtəɡɹɑːf	fəʊtuɡɹæf	fɔkstəɡɹæf	fɔktəɡɹəf	compound	faux|to|graph	0.2222222222222222	0.4	0.3333333333333333	fəʊkstəʊgɹæf	fɔkstəɡɹæf	0.4166666666666667	0.4
favourless	feɪvəɹləs	feɪvəles	feɪvɚləs	fævɚləs	compound	favour|less	0.25	0.25	0.5714285714285714	feɪvəɹləs	feɪvɝləs	0.0	0.25
fawce	fɔːs	fɔs	fɔs	fɔs	compound	faw|ce	0.0	0.0	0.0	fɔs	fɔs	0.0	0.0
feastware	fiːstwɛɚ	fistwɛɹ	fistwɛɹ	fɛstwɔɹ	compound	feast|ware	0.14285714285714285	0.14285714285714285	0.42857142857142855	fistwɛɹ	fistwɛɹ	0.14285714285714285	0.14285714285714285
fedrilate	fɛdɹɪleɪt	fɛdɹileɪt	fɛdɹᵻleɪt	fɛdɹəleɪt	compound	fed|ri|late	0.1111111111111111	0.1111111111111111	0.1111111111111111	fɛdɹəleɪt	fɛdɹəleɪt	0.1111111111111111	0.1111111111111111
feedbacking	fidbækɪŋ	fidbækɪŋ	fidbækɪŋ	fidbækɪŋ	compound	feedback|ing	0.0	0.0	0.0	fidbækɪŋ	fidbækɪŋ	0.0	0.0
feelie	fiːli	fili	fili	fili	compound	feel|ie	0.0	0.0	0.0	fili	fili	0.0	0.0
fembitch	fɛmbɪtʃ	fɛmbɪtʃ	fɛmbɪtʃ	fɛmbɪtʃ	compound	fem|bitch	0.0	0.0	0.0	fɛmbɪt͡ʃ	fɛmbɪtʃ	0.125	0.0
femcel	fɛmsɛl	fɛmsɛl	fɛmsəl	fɛmsəl	compound	fem|cel	0.0	0.16666666666666666	0.16666666666666666	fɛmsəl	fɛmsəl	0.16666666666666666	0.16666666666666666
femcunt	fɛmkʌnt	fɛmkʌnt	fɛmkʌnt	fɛmkʌnt	compound	fem|cunt	0.0	0.0	0.0	fɛmkʌnt	fɛmkənt	0.0	0.14285714285714285
femfan	fɛmfæn	fɛmfæn	fɛmfən	fɛmfən	compound	fem|fan	0.0	0.16666666666666666	0.16666666666666666	fɛmfən	fɛmfən	0.16666666666666666	0.16666666666666666
femtech	fɛmtɛk	fɛmtɛk	fɛmtɛk	fɛmtɪk	compound	fem|tech	0.0	0.0	0.16666666666666666	fɛmtɛk	fɛmtɛk	0.0	0.0
fenbendazole	fɛnbɛndəzəʊl	fɛnbɛndəzəʊl	fɛnbəndæzəʊl	fɛnbɛndəzəʊl	compound	fen|benda|zole	0.0	0.16666666666666666	0.0	fɛnbɛn.dəzəʊl	fɛnbəndəzəʊli	0.07692307692307693	0.15384615384615385
fencamfamine	fɛnkæmfəmiːn	fɛnkæmfæmɪn	fɛŋkæmfəmin	fɛŋkæmfəmɪn	compound	fen|cam|famine	0.18181818181818182	0.09090909090909091	0.18181818181818182	fɛnkæmfəmin	fɛnkæmfəmin	0.0	0.0
fening	fɛnɪŋ	fɛnɪŋ	fɛnɪŋ	fɛnɪŋ	compound	fen|ing	0.0	0.0	0.0	fɛnɪŋ	finɪŋ	0.0	0.2
fenoprop	fɛnəpɹɒp	fɛnəʊpɹɒp	fɛnəpɹɑp	fɛnəpɹəp	compound	fen|o|prop	0.1111111111111111	0.125	0.125	fɛnəpɹɑp	fɛnəpɹɑp	0.125	0.125
fenpropimorph	fɛnpɹoʊpɪmɔːɹf	fɛnpɹɒpaɪmɔɹf	fɛnpɹəpɪmoɹf	fɛnpɹəpimɔɹf	compound	fen|prop|i|morph	0.23076923076923078	0.16666666666666666	0.16666666666666666	fɛnpɹəʊpɪmɔɹf	fɛnpɹəpəmɔɹf	0.0	0.16666666666666666
ferine	fɪəɹaɪn	feɪɹaɪn	fɛɹin	fɚin	compound	fe|rine	0.2857142857142857	0.8	1.25	fɚini	fɝin	1.2	1.25
fermillet	fɜːɹmɪlət	fɜmɪlɪt	fɜmɪlɪt	fɚməlɪt	compound	fer|millet	0.2857142857142857	0.2857142857142857	0.5714285714285714	fɜɹmɪlɪt	fɝməlɛt	0.125	0.5714285714285714
fernet	fəɹnɛt	fɜnɛt	fɜnɪt	fɚnɪt	compound	fern|et	0.4	0.6	0.6	fɚnɪt	fɝnɪt	0.6	0.6
ferril	fɛɹil	fɛɹil	fɛɹəl	fɛɹɪl	compound	ferri|l	0.0	0.2	0.2	fɛɹəl	fɛɹəl	0.2	0.2
ferryl	fɛɹəl	fɛɹil	fɛɹɪl	fɛɹɪl	compound	ferry|l	0.2	0.2	0.2	fɛɹəl	fɛɹəl	0.0	0.0
fettuccini	fɛtətʃini	fɛtutʃini	fɛɾutʃini	fɛttʃutʃɪni	compound	fett|ucci|ni	0.1111111111111111	0.2222222222222222	0.36363636363636365	fɛtutʃini	fɛtutʃini	0.1111111111111111	0.1111111111111111
fewter	fjuːtə	fjutɝ	fjuɾɚ	fətɚ	compound	few|ter	0.2	0.4	0.75	fjutɚ	fjutɝ	0.2	0.2
fictious	fɪkʃəs	fɪkʃəs	fɪkʃəs	fɪkʃus	compound	fic|tious	0.0	0.0	0.16666666666666666	fɪkʃəs	fɪkʃəs	0.0	0.0
fiendess	fiːndɛs	findɛs	findɛs	findɪs	compound	fiend|ess	0.0	0.0	0.16666666666666666	findɪs	findəs	0.16666666666666666	0.16666666666666666
figary	fɪɡəɹi	fɪɡɛɹi	fɪɡɚɹi	faɪɡɚi	compound	fig|ary	0.16666666666666666	0.16666666666666666	0.5	fɪgəɹi	fɪɡɝi	0.16666666666666666	0.4
figlet	fɪɡlət	fɪɡlɛt	fɪɡlɪt	fɪɡəlt	compound	fig|let	0.16666666666666666	0.16666666666666666	0.3333333333333333	fɪglət	fɪɡlət	0.16666666666666666	0.0
filk	fɪlk	fɪlk	fɪlk	fɪlk	compound	fil|k	0.0	0.0	0.0	fɪlk	fɪlk	0.0	0.0
filé	fɪleɪ	fɪleɪ	fɪleɪ	fɪl	compound	[]	0.0	0.0	0.6666666666666666	fɪleɪ	fɪleɪ	0.0	0.0
finasteride	fɪnæstəɹaɪd	fɪnɑstəaɪd	faɪnəstɚɹaɪd	finəstɚaɪd	compound	fin|aster|ide	0.2	0.25	0.4	fɪnæstɚaɪd	fɪnæstɝaɪd	0.2	0.2
fingy	fɪndʒi	fɪnɡa	fɪŋi	fɪŋi	compound	fin|gy	0.6	0.75	0.75	fɪŋi	fɪŋi	0.75	0.75
finos	fiːnəʊz	finəʊs	finəʊz	finəʊz	compound	fino|s	0.16666666666666666	0.0	0.0	faɪnəʊz	faɪnəʊz	0.2857142857142857	0.2857142857142857
fipexide	fɪpɛksaɪd	fɪpɛksaɪd	faɪpksaɪd	faɪpɛksɪd	compound	fip|exide	0.0	0.2222222222222222	0.2222222222222222	faɪpɛksaɪd	faɪpɛksaɪd	0.1	0.1
firgun	fɪəɹɡuːn	fɜɡʌn	fɜɡʌn	fɚɡən	compound	fir|gun	0.8	0.8	0.8	fɜɹgʌn	fɝɡən	0.6666666666666666	0.8
firmoss	fɜːɹmɒs	fɜmɔs	fɜmɔs	fɚməs	compound	firm|oss	0.4	0.4	0.6	fɚmɔs	fɝməs	0.6	0.6
firstest	fɜːstəst	fɜstɛst	fɜstɪst	fɚstɛst	compound	first|est	0.14285714285714285	0.14285714285714285	0.2857142857142857	fɜɹstəst	fɝstəst	0.125	0.14285714285714285
fishhead	fɪʃhɛd	fɪʃhɛd	fɪʃhɛd	fɪʃhid	compound	fish|head	0.0	0.0	0.16666666666666666	fɪʃhɛd	fɪʃhɛd	0.0	0.0
fistmele	fɪstmiːl	fɪstmil	fɪstmɛl	fɪstmɛl	compound	fist|mele	0.0	0.14285714285714285	0.14285714285714285	fɪstmɛl	fɪstmɛl	0.14285714285714285	0.14285714285714285
fivepence	faɪvpɛns	faɪvpɛns	faɪvpəns	faɪvpəns	compound	five|pence	0.0	0.125	0.125	faɪvpɛns	faɪvpəns	0.0	0.125
fixme	fɪksmi	fɪksmi	fɪksmi	fɪksm	compound	fix|me	0.0	0.0	0.2	fɪksm	fɪksmi	0.2	0.0
flagrate	fləɡɹeɪt	flæɡɹeɪt	flæɡɹeɪt	flæɡɹeɪt	compound	flag|rate	0.125	0.125	0.125	fleɪgɹeɪt	flæɡɹət	0.3333333333333333	0.42857142857142855
flapcake	flæpkeɪk	flæpkeɪk	flæpkeɪk	flæpkeɪk	compound	flap|cake	0.0	0.0	0.0	flæpkeɪk	flæpkeɪk	0.0	0.0
flary	flɛəɹi	flɛɹi	flɛɹi	flɛɹi	compound	f|lary	0.2	0.2	0.2	flɛɹi	flɛɹi	0.2	0.2
flatpick	flætpɪk	flætpɪk	flætpɪk	flætpɪk	compound	flat|pick	0.0	0.0	0.0	flætpɪk	flætpɪk	0.0	0.0
flatpicking	flætpɪkɪŋ	flætpɪkɪŋ	flætpɪkɪŋ	flætpɪkɪŋ	compound	flat|picking	0.0	0.0	0.0	flætpɪkɪŋ	flætpɪkɪŋ	0.0	0.0
flavescence	fləvɛsəns	flævɛsəns	fleɪvsəns	fleɪvɛsəns	compound	flav|escence	0.1111111111111111	0.3333333333333333	0.2	fləvɛsəns	fləvɛsəns	0.0	0.0
fleischig	flaɪʃɪɡ	flaɪʃɪɡ	flɛskɪɡ	flɛʃɪɡ	compound	fleisch|ig	0.0	0.42857142857142855	0.3333333333333333	flaɪʃɪg	flaɪʃɪɡ	0.14285714285714285	0.0
fleshie	flɛʃi	flɛʃi	flɛʃi	flɛʃi	compound	flesh|ie	0.0	0.0	0.0	flɛʃi	flɛʃi	0.0	0.0
fley	fleɪ	fleɪ	fleɪ	fli	compound	f|ley	0.0	0.0	0.6666666666666666	fleɪ	fleɪ	0.0	0.0
flibbergib	flɪbəɹdʒɪb	flɪbədʒɪb	flɪbɚdʒɪb	flɪbɚɡɪb	compound	f|libber|gib	0.1111111111111111	0.2222222222222222	0.5	flɪbəɹd͡ʒɪb	flɪbɝɡɪb	0.09090909090909091	0.5
fligger	flɪɡə	flɪɡɚ	flɪɡɚ	flɪɡɚ	compound	f|ligger	0.2	0.2	0.2	flɪgəɹ	flɪɡɝ	0.3333333333333333	0.2
flisk	flɪsk	flɪsk	flɪsk	flɪsk	compound	flis|k	0.0	0.0	0.0	flɪsk	flɪsk	0.0	0.0
flosequinan	fləsɛkwɪnæn	fləʊsɛkwɪnən	fləʊskwɪnən	fləʊsəkwɪnən	compound	flo|sequin|an	0.16666666666666666	0.2727272727272727	0.25	fləʊskwɪnən	fləʊsəkwinən	0.2727272727272727	0.3333333333333333
flubendazole	fluːbɛndəzəʊl	flʌbɛndəzəʊl	flubəndæzəʊl	flʌbɛndəzəʊl	compound	flub|end|azole	0.08333333333333333	0.16666666666666666	0.08333333333333333	flubəndəzəʊl	flubəndəzəʊl	0.08333333333333333	0.08333333333333333
flufftail	flʌfteɪl	flʌfteɪl	flʌftəl	flʌfteɪl	compound	fluff|tail	0.0	0.2857142857142857	0.0	flʌfteɪl	fləfteɪl	0.0	0.125
fluidous	fluːɪdəs	fluɪdəs	fluɪdəs	fludəs	compound	fluid|ous	0.0	0.0	0.16666666666666666	fluɪdəs	fluɪdəs	0.0	0.0
fluminous	fluːmɪnəs	flumɪnəs	flumɪnəs	flʌmɪnus	compound	f|luminous	0.0	0.0	0.25	flumɪnəs	flumənəs	0.0	0.125
fluorapatite	flʊəɹæpətaɪt	fluɝæpətaɪt	flʊɹɹəpæɾaɪt	fluɹəpətɪt	compound	fluor|apatite	0.2727272727272727	0.3333333333333333	0.4	flʊɹəpətaɪt	flʊɹæpətaɪt	0.18181818181818182	0.09090909090909091
fluphenazine	fluːfɛnəziːn	flufənæzin	flʌfənæzin	flʌfənəzɪn	compound	flu|phen|azine	0.2	0.3	0.3	flufɛn.əzin	flufənəzin	0.09090909090909091	0.1
fmz	fɛmz	fmz	ɛfɛmzi	fmz	compound	f|m|z	0.3333333333333333	0.3333333333333333	0.3333333333333333	ɛfmɪz	ɛfmiz	0.6	0.6
fnord	fnɔːɹd	fnɔɹd	ɛfnoɹd	fnɔɹd	compound	f|nord	0.0	0.3333333333333333	0.0	fnɔɹd	fnɔɹd	0.0	0.0
fo'c'sle	fəʊksəl	fʊkslə	fɑksəl	fəʊksəl	compound	f|oc|s|le	0.5	0.3333333333333333	0.0	fəʊk.səl	fəʊksəl	0.125	0.0
foin	fɔɪn	fɔɪn	fɔɪn	fɔɪn	compound	f|oi|n	0.0	0.0	0.0	fɔɪn	fɔɪn	0.0	0.0
fook	fuːk	fuk	fʊk	fʊk	compound	foo|k	0.0	0.3333333333333333	0.3333333333333333	fʊk	fʊk	0.3333333333333333	0.3333333333333333
forelend	fɔːɹlɛnd	fɔɹlɛnd	fɔɹlɛnd	fɔɹlənd	compound	forel|end	0.0	0.0	0.14285714285714285	fɔɹlɛnd	fɔɹlənd	0.0	0.14285714285714285
forstop	fəɹstɒp	fɔɹstɑp	fɔɹstɑp	fɔɹstəp	compound	forst|op	0.2857142857142857	0.2857142857142857	0.2857142857142857	fɔɹstɑp	fɔɹstəp	0.2857142857142857	0.2857142857142857
fortilage	fɔːɹtilidʒ	fɔɹtileɪdʒ	fɔɹɾɪlɪdʒ	fɔɹtɪlədʒ	compound	forti|lage	0.2	0.3333333333333333	0.2222222222222222	fɔɹɾəlɪdʒ	fɔɹtəlɪdʒ	0.3333333333333333	0.2222222222222222
fortyish	fɔːɹtiɪʃ	fɔtiɪʃ	fɔɹɾɪɪʃ	fɔɹtaɪɪʃ	compound	forty|ish	0.16666666666666666	0.2857142857142857	0.25	fɔɹɾiɪʃ	fɔɹtiɪʃ	0.14285714285714285	0.0
fothergilla	fɒðəɹɡɪlə	fəðɝɡɪlə	fʌðɚɡɪlə	fɑðɚɡɪlə	compound	fothergill|a	0.375	0.375	0.375	fʌðəɹgɪlə	fəʊθɝɡɪlə	0.2222222222222222	0.4444444444444444
foumart	fuːmɑːɹt	fumɑt	fəmɑɹt	fəmɑɹt	compound	fou|mart	0.2	0.16666666666666666	0.16666666666666666	fumɑɹt	fəmɑɹt	0.0	0.16666666666666666
foveation	fəʊvieɪʃən	fəʊviəʃən	fəʊveɪʃən	fəʊveɪʃən	compound	fovea|tion	0.2222222222222222	0.1111111111111111	0.1111111111111111	fəʊvieɪʃən	fəʊvieɪʃən	0.0	0.0
foxboy	fɔksbɔɪ	fɒksbɔɪ	fɑksbɔɪ	fɑksbɔɪ	compound	fox|boy	0.14285714285714285	0.14285714285714285	0.14285714285714285	fɑksbɔɪ	fɑksbɔɪ	0.14285714285714285	0.14285714285714285
fractionality	fɹækʃənælɪti	fɹækʃənəlɪti	fɹækʃənælᵻɾi	fɹækʃənəlɪti	compound	fractional|ity	0.08333333333333333	0.16666666666666666	0.08333333333333333	fɹækʃənæləɾi	fɹækʃənæləti	0.16666666666666666	0.08333333333333333
fractionization	fɹækʃənɪzeɪʃən	fɹækʃənaɪzeɪʃən	fɹækʃənᵻzeɪʃən	fɹækʃənɪzeɪʃən	compound	fraction|ization	0.06666666666666667	0.07142857142857142	0.0	fɹækʃənəzeɪʃən	fɹækʃənəzeɪʃən	0.07142857142857142	0.07142857142857142
fraked	fɹeɪkəd	fɹækɛd	fɹeɪkt	fɹeɪkt	compound	frak|ed	0.5	0.3333333333333333	0.3333333333333333	fɹeɪkt	fɹeɪkt	0.3333333333333333	0.3333333333333333
frampold	fɹæmpəld	fɹæmpɔld	fɹæmpəʊld	fɹæmpəʊld	compound	fram|pol|d	0.125	0.1111111111111111	0.1111111111111111	fɹæmpəʊld	fɹæmpəʊld	0.1111111111111111	0.1111111111111111
francize	fɹɑːnsaɪz	fɹɑnkaɪz	fɹænsaɪz	fɹænsaɪz	compound	franc|ize	0.125	0.125	0.125	fɹænsaɪz	fɹænsaɪz	0.125	0.125
frankenpies	fɹæŋkənpaɪz	fɹæŋkənpaɪs	fɹæŋkɛnpiz	fɹæŋkɛnpiz	compound	frankenpie|s	0.09090909090909091	0.3	0.3	fɹæŋkənpaɪz	fɹæŋkənpaɪz	0.0	0.0
frankenword	fɹæŋkənwɝd	fɹæŋkənwɜd	fɹæŋkənwɜd	fɹæŋkənwɚd	compound	franken|word	0.1	0.1	0.1	fɹæŋkənwɜɹd	fɹæŋkənwɝd	0.18181818181818182	0.0
fraulein	fɹaʊliːn	fɹəlin	fɹɔlin	fɹɔlin	compound	frau|lein	0.0	0.16666666666666666	0.16666666666666666	fɹəlaɪn	fɹɔlaɪn	0.2857142857142857	0.42857142857142855
frecency	fɹiːsənsi	fɹisənsi	fɹɛsənsi	fɹɪsənsi	compound	f|recency	0.0	0.125	0.125	fɹisənsi	fɹisənsi	0.0	0.0
freedumb	fɹiːdʌm	fɹidʌm	fɹidʌm	fɹidʌm	compound	free|dumb	0.0	0.0	0.0	fɹidʌm	fɹidəm	0.0	0.16666666666666666
freeminer	fɹiːmaɪnə	fɹimaɪnə	fɹimɪnɚ	fɹimɪnɚ	compound	free|miner	0.0	0.2857142857142857	0.2857142857142857	fɹimaɪnəɹ	fɹimənɝ	0.1111111111111111	0.42857142857142855
fren	fɹɛn	fɹɛn	fɹɛn	fɹɛn	compound	f|ren	0.0	0.0	0.0	fɹɛn	fɹɛn	0.0	0.0
frice	fɹaɪs	fɹaɪs	fɹaɪs	fɹaɪs	compound	f|rice	0.0	0.0	0.0	fɹaɪs	fɹaɪs	0.0	0.0
friendish	fɹɛndɪʃ	fɹɛndɪʃ	fɹɛndɪʃ	fɹindɪʃ	compound	friend|ish	0.0	0.0	0.14285714285714285	fɹindɪʃ	fɹɛndɪʃ	0.14285714285714285	0.0
frigatebird	fɹɪɡətbɝd	fɹɪɡətbɜd	fɹɪɡeɪtbɜd	fɹɪɡeɪtbɚd	compound	frigate|bird	0.1111111111111111	0.3	0.3	fɹɪgətbɜɹd	fɹaɪɡeɪtbɝd	0.3	0.2727272727272727
frigolabile	fɹɪɡəleɪbaɪl	fɹiɡəʊleɪbaɪl	fɹɪɡəlæbaɪl	fɹɪɡəʊləbɪl	compound	frigo|labile	0.15384615384615385	0.18181818181818182	0.36363636363636365	fɹɪɡəleɪbaɪl	fɹɪɡələbaɪl	0.0	0.18181818181818182
frikadelle	fɹɪkədɛlə	fɹɪkədɛl	fɹɪkeɪdɛl	fɹaɪkədəl	compound	f|rik|adelle	0.125	0.3333333333333333	0.3333333333333333	fɹɪkədɛl	fɹɪkədɛl	0.125	0.125
fringefan	fɹɪndʒfæn	fɹɪndʒfæn	fɹɪndʒɛfən	fɹɪndʒfən	compound	fringe|fan	0.0	0.2	0.1111111111111111	fɹɪndʒfæn	fɹɪŋɡɪfən	0.0	0.4444444444444444
fromager	fɹɒməʒeɪ	fɹəʊmɑʒɹ	fɹɑmɪdʒɚ	fɹɑməɡɚ	compound	fromage|r	0.625	0.625	0.5714285714285714	fɹəʊmɪdʒəɹ	fɹɑmɪdʒɝ	0.6	0.625
fromwards	fɹɒmwəɹdz	fɹɒmwɔɹdz	fɹɑmwɚdz	fɹɑmwɚdz	compound	from|wards	0.1111111111111111	0.375	0.375	fɹɒmwədz	fɹɑmwɝdz	0.125	0.375
frontbend	fɹʌntbɛnd	fɹʌntbɛnd	fɹʌntbɛnd	fɹɔntbɛnd	compound	front|bend	0.0	0.0	0.1111111111111111	fɹʌntbɛnd	fɹəntbɛnd	0.0	0.1111111111111111
frontness	fɹʌntnɪs	fɹʌntnes	fɹʌntnəs	fɹəntnəs	compound	front|ness	0.125	0.125	0.25	fɹʌntnəs	fɹəntnəs	0.125	0.25
frontotemporal	fɹʌntəʊtɛmpəɹəl	fɹʌntəʊtɛmpəɹəl	fɹʌntəʊtmpɚɹəl	fɹɑntəʊtmpɚəl	compound	front|o|temporal	0.0	0.14285714285714285	0.3076923076923077	fɹʌntəʊtɛmpəɹəl	fɹɑntəʊtɛmpɝəl	0.0	0.21428571428571427
fsck	fəsk	fsk	ɛfɛssikeɪ	fsk	compound	f|s|ck	0.3333333333333333	0.6666666666666666	0.3333333333333333	ɛf.ɛs.k	ɛfsiki	0.5714285714285714	0.6666666666666666
fuckability	fʌkəbɪlɪti	fʌkəbɪləti	fʌkəbɪlᵻɾi	fʌkəbɪlɪti	compound	fuck|ability	0.1	0.2	0.0	fʌkəbɪləɾi	fəkəbɪləti	0.2	0.2
fuckedupedness	fʌktʌpɪdnɪs	fʌktʌpɛdnes	fʌkɪdʒuptnəs	fʌkɪdʒupɛdnəs	compound	fucked|up|ed|ness	0.18181818181818182	0.5833333333333334	0.46153846153846156	fʌkɪdʌpɪdnəs	fəkɪdupədnəs	0.25	0.5
fuckhole	fʌkhɔl	fʌkhəʊl	fʌkhəʊl	fʌkhəʊl	compound	fuck|hole	0.2857142857142857	0.2857142857142857	0.2857142857142857	fʌkhəʊl	fəkhəʊl	0.2857142857142857	0.42857142857142855
fucknozzle	fʌknɒzəl	fʌknɒzəl	fʌknɑzəl	fʌknəzəl	compound	fuck|nozzle	0.0	0.125	0.125	fʌknɑzəl	fəknɑzəl	0.125	0.25
fucktastic	fʌktæstɪk	fʌktæstɪk	fʌkteɪstɪk	fʌktæstɪk	compound	fuck|tastic	0.0	0.2	0.0	fʌktæstɪk	fəktæstɪk	0.0	0.1111111111111111
fuckton	fʌktʌn	fʌktən	fʌktən	fʌktən	compound	fuck|ton	0.16666666666666666	0.16666666666666666	0.16666666666666666	fʌktən	fəktən	0.16666666666666666	0.3333333333333333
fuckup	fʌkʌp	fʌkʌp	fʌkʌp	fʌkəp	compound	fuck|up	0.0	0.0	0.2	fʌkʌp	fəkəp	0.0	0.4
fuckwaffle	fʌkwɒfəl	fʌkwɒfəl	fʌkwɑfəl	fʌkwəfəl	compound	fuck|waffle	0.0	0.125	0.125	fʌk.wɑ.fəl	fəkwɑfəl	0.3	0.25
fufufu	fuːfuːfuː	fufufu	fjufufu	fjufjufu	compound	fufu|fu	0.0	0.14285714285714285	0.25	fufufu	fufjufu	0.0	0.14285714285714285
fujimycin	fuːdʒɪmaɪsɪn	fudʒimaɪsɪn	fudʒɪmaɪsɪn	fudʒəmɪsɪn	compound	fuji|my|cin	0.09090909090909091	0.0	0.2	fudʒɪmɪsɪn	fudʒəmaɪsɪn	0.1	0.09090909090909091
fullz	fʊlz	fʊlz	fʊlz	fʊlz	compound	full|z	0.0	0.0	0.0	fʊlz	fʊlz	0.0	0.0
fulmine	fʊlmɪn	fʊlmaɪn	fʊlmaɪn	fʌlmɪn	compound	ful|mine	0.14285714285714285	0.14285714285714285	0.16666666666666666	fʊlmaɪn	fʊlmaɪn	0.14285714285714285	0.14285714285714285
fulth	fʊlθ	fʊlθ	fʊlθ	fʌlθ	compound	ful|th	0.0	0.0	0.25	fʊlθ	fʊlθ	0.0	0.0
fulvid	fʊlvɪd	fʊlvɪd	fʊlvɪd	fʊlvɪd	compound	ful|vid	0.0	0.0	0.0	fʌlvɪd	fʊlvɪd	0.16666666666666666	0.0
funemployed	fʌnɪmplɔɪd	fʌnɛmplɔɪd	fʌnɪmplɔɪd	fjunəmplɔɪd	compound	fun|employed	0.1	0.0	0.2727272727272727	fʌnɛmplɔɪd	fjunɪmplɔɪd	0.1	0.18181818181818182
funktastic	fʌŋktæstɪk	fʌŋktæstɪk	fʌŋkteɪstɪk	fʌŋktæstɪk	compound	funk|tastic	0.0	0.18181818181818182	0.0	fʌŋktæstɪk	fəŋktæstɪk	0.0	0.1
fuqaha'	fukɑhɑ	fukwɑhɑ	fjukɑhə	fjukə	compound	fu|q|aha	0.14285714285714285	0.2857142857142857	0.8	fʊkɑhə	fukɑhə	0.3333333333333333	0.16666666666666666
furazabol	fʊɹæzəbɒl	fuɹæzəbɑl	fjʊɹɹəzæbɑl	fʊɹəzəbəʊl	compound	fu|raza|bol	0.2222222222222222	0.45454545454545453	0.3	fjʊɹɑzəbɔl	fjʊɹəzæbəl	0.3	0.4
furcocercous	fɜːɹkəsɜːɹkəs	fɜkəʊsɹkʌz	fɜkəʊsɚkəs	fɚkəsɚkəs	compound	fur|co|ce|r|cous	0.5	0.4	0.4444444444444444	fɜɹkəsɚkəs	fɝkəsɝkəs	0.2	0.4444444444444444
fussbutton	fʌsbʌtn	fʌsbʌtən	fʌsbən	fʌsbʌtən	compound	fuss|button	0.125	0.3333333333333333	0.125	fʌsbʌtən	fʊsbətən	0.125	0.375
fuzzyheadedness	fʌzihɛdɪdnəs	fʌzihɛdɪdnes	fʌzɪhɛdᵻdnəs	fʌzihidɪdnəs	compound	fuzzy|headed|ness	0.08333333333333333	0.16666666666666666	0.08333333333333333	fʌzihɛdᵻdnəs	fəzihɛdɪdnəs	0.08333333333333333	0.08333333333333333
fyrd	fɪɹd	faɹd	fɪəd	fɚd	compound	fy|r|d	0.25	0.25	0.6666666666666666	fɪɹd	fɝd	0.0	0.6666666666666666
fœtid	fɛtɪd	fɛtɪd	fiɾɪd	ftɪd	compound	[]	0.0	0.4	0.25	fɛɾɪd	fɛtɪd	0.2	0.0
g'bye	ɡəbaɪ	gbaɪ	dʒibaɪ	ɡzbi	compound	g|bye	0.5	0.5	0.75	dʒibaɪ	dʒbaɪ	0.5	0.4
g'day	ɡədeɪ	gdeɪ	dʒideɪ	ɡɪdeɪ	compound	g|day	0.5	0.5	0.2	gədeɪ	dʒeɪdeɪ	0.2	0.5714285714285714
g'night	ɡənaɪt	gnaɪt	dʒinaɪt	ɡɪnaɪt	compound	g|night	0.4	0.42857142857142855	0.16666666666666666	gənaɪt	dʒaɪt	0.16666666666666666	0.6
gadsbud	ɡædzbʌd	ɡædzbʌd	ɡædsbʌd	ɡædzbʌd	compound	gads|bud	0.0	0.14285714285714285	0.0	gædzbʌd	ɡædzbəd	0.14285714285714285	0.14285714285714285
gagsmith	ɡæɡsmɪθ	ɡæɡsmɪθ	ɡæɡsmɪθ	ɡæɡzmɪθ	compound	gag|smith	0.0	0.0	0.14285714285714285	gægsmɪθ	ɡæɡzmɪθ	0.2857142857142857	0.14285714285714285
gaiwan	ɡaɪwɑːn	ɡeɪwæn	ɡeɪwən	ɡeɪwən	compound	gai|wan	0.3333333333333333	0.3333333333333333	0.3333333333333333	gaɪwən	ɡeɪwən	0.3333333333333333	0.3333333333333333
galliardise	ɡælɪəɹdaɪz	gæljəɹdaɪz	ɡælaɪɚdaɪz	ɡæliɑɹdɪs	compound	galliard|ise	0.2	0.3	0.4444444444444444	ɡæliəɹdaɪz	ɡæljɝdaɪz	0.1	0.3333333333333333
galpal	ɡælpæl	gælpæl	ɡælpəl	ɡælpəl	compound	galp|al	0.16666666666666666	0.16666666666666666	0.16666666666666666	gælpəl	ɡælpəl	0.3333333333333333	0.16666666666666666
galyak	ɡæljæk	ɡæljæk	ɡælɪæk	ɡəljək	compound	gal|yak	0.0	0.16666666666666666	0.3333333333333333	gæljæk	ɡæljæk	0.16666666666666666	0.0
gambison	ɡæmbɪsən	ɡæmbɪsən	ɡæmbɪsən	ɡæmbɪsən	compound	gamb|ison	0.0	0.0	0.0	gæmbɪsən	ɡæmbɪsən	0.125	0.0
gammaproteobacterial	ɡæməpɹəʊtiəʊbæktɪəɹiəl	ɡæməpɹəʊtəʊbæktiəɹɪəl	ɡæməpɹəʊɾəbəktɪɹiəl	ɡæməpɹəʊtəʊbæktɛɹiəl	compound	gamma|prote|o|bacterial	0.14285714285714285	0.2631578947368421	0.15	gæməpɹəʊbæktɪɹiəl	ɡæməpɹəʊtiəʊbæktɪɹiəl	0.35294117647058826	0.047619047619047616
gammaretroviral	ɡæməɹɛtɹəvaɪɹəl	ɡæməɹɛtɹəʊvaɪɹəl	ɡæməɹɛtɹəvɜɹəl	ɡæmɚɛtɹəvɚəl	compound	gamma|retroviral	0.0625	0.14285714285714285	0.4166666666666667	gæməɹɛtɹəʊvaɪɹəl	ɡæmɝɛtɹəvaɪɹəl	0.125	0.14285714285714285
gamme	ɡeɪmiː	ɡæmi	ɡæm	ɡæm	compound	gamm|e	0.5	1.0	1.0	gæm	ɡæm	1.3333333333333333	1.0
gangbang	ɡæŋbæŋ	ɡæŋbæŋ	ɡæŋbæŋ	ɡæŋbæŋ	compound	gang|bang	0.0	0.0	0.0	ɡæŋbæŋ	ɡæŋbæŋ	0.0	0.0
gangsteress	ɡæŋstəɹɛs	ɡæŋstəɛs	ɡæŋstɚɹəs	ɡæŋstɚs	compound	gangster|ess	0.125	0.2222222222222222	0.42857142857142855	ɡæŋstəɹəs	ɡæŋstɝəs	0.1111111111111111	0.375
ganj	ɡændʒ	ɡændʒ	ɡændʒ	ɡæn	compound	gan|j	0.0	0.0	0.6666666666666666	gændʒ	ɡændʒ	0.2	0.0
ganna	hænə	ɡænə	ɡænə	ɡænə	compound	gann|a	0.25	0.25	0.25	gænə	ɡænə	0.25	0.25
gargoylishness	ɡɑːɹɡɔɪlɪʃnəs	ɡɑɹɡɔɪlɪʃnes	ɡɑɹɡɔɪlɪʃnəs	ɡɑɹɡɔɪlɪʃnɛs	compound	garg|oy|lish|ness	0.08333333333333333	0.0	0.08333333333333333	gɑɹgəlɪʃnəs	ɡɑɹɡɔɪlɪʃnəs	0.36363636363636365	0.0
gawf	ɡɔːf	ɡɔf	ɡɔf	ɡɔf	compound	gaw|f	0.0	0.0	0.0	gɔf	ɡɔf	0.3333333333333333	0.0
gaytastic	ɡeɪtæstɪk	ɡeɪtæstɪk	ɡeɪteɪstɪk	ɡeɪtæstɪk	compound	gay|tastic	0.0	0.2	0.0	ɡeɪtæstɪk	ɡeɪtæstɪk	0.0	0.0
gaywad	ɡeɪwɒd	ɡeɪwɒd	ɡeɪwɑd	ɡeɪwəd	compound	gay|wad	0.0	0.16666666666666666	0.16666666666666666	geɪwɑd	ɡeɪwɑd	0.3333333333333333	0.16666666666666666
gazabo	ɡəzeɪbəʊ	ɡɑzəbəʊ	ɡæzɑbəʊ	ɡæzəbəʊ	compound	gaza|bo	0.42857142857142855	0.42857142857142855	0.42857142857142855	gəzɑbəʊ	ɡəzɑbəʊ	0.42857142857142855	0.2857142857142857
geektastic	ɡiːktæstɪk	ɡiktæstɪk	ɡikteɪstɪk	dʒɛktæstɪk	compound	geek|tastic	0.0	0.2	0.3	ɡiktæstɪk	ɡiktæstɪk	0.0	0.0
gelatinate	dʒəlætɪneɪt	dʒɛlətɪneɪt	dʒɛlætᵻneɪt	ɡɛleɪtɪneɪt	compound	gelatin|ate	0.18181818181818182	0.18181818181818182	0.45454545454545453	dʒɛlətɪneɪt	dʒəlætəneɪt	0.18181818181818182	0.09090909090909091
gemista	jɛmɪstə	dʒɛmɪstə	dʒɛmɪstə	dʒɛmɪstə	compound	gem|ist|a	0.25	0.25	0.25	dʒɛmɪstə	dʒɛmistə	0.25	0.375
genearch	dʒiːniɑːɹk	dʒinɑtʃ	dʒinɪæətʃ	dʒɛnɛɹk	compound	gene|arch	0.42857142857142855	0.5555555555555556	0.42857142857142855	dʒɛnɪɹtʃ	dʒɛnɝtʃ	0.625	0.7142857142857143
genericization	dʒənɛɹɪsaɪzeɪʃən	dʒənɛɹɪkaɪzeɪʃən	dʒənɛɹɪsᵻzeɪʃən	dʒɛnɚɪsɪzeɪʃən	compound	generic|ization	0.0625	0.13333333333333333	0.2857142857142857	dʒənɛɹɪkaɪzeɪʃən	dʒɛnɝɪsəzeɪʃən	0.0625	0.35714285714285715
geodynamo	dʒiːəʊdʌɪnəməʊ	dʒiəʊdaɪnəməʊ	dʒiəʊdaɪnæməʊ	dʒdɪnəməʊ	compound	geo|dynamo	0.07692307692307693	0.15384615384615385	0.4444444444444444	dʒiəʊdaɪnəməʊ	dʒiəʊdɪnɑməʊ	0.07692307692307693	0.16666666666666666
geospace	dʒiːəʊspeɪs	dʒiəʊspeɪs	dʒiəʊspeɪs	dʒəʊspeɪs	compound	geo|space	0.0	0.0	0.1111111111111111	dʒiəʊspeɪs	dʒiəʊspeɪs	0.0	0.0
geotectonics	dʒioʊtɛktɑnɪks	dʒiəʊtɛktɑnɪks	dʒiəʊɾɪktɑnɪks	dʒəʊtɪktənɪks	compound	geotectonic|s	0.0	0.14285714285714285	0.23076923076923078	dʒiəʊtɛktɑnɪks	dʒiəʊtɛktɑnɪks	0.0	0.0
gepik	ɡəpik	ɪdpɪk	dʒɛpɪk	dʒɛpɪk	compound	ge|pik	0.6	0.6666666666666666	0.6666666666666666	dʒɛpɪk	ɡɛpɪk	0.6666666666666666	0.4
geranylgeranylacetone	dʒɛɹənɪldʒɛɹənɪlæsɪtəʊn	dʒɛɹənɪldʒɛɹənɪlæsɪtəʊn	dʒɛɹənɪldʒɚɹænɪlæsɪtəʊn	ɡɚənɪldʒɚəniləstəʊn	compound	geran|yl|geran|yl|acetone	0.0	0.08695652173913043	0.47368421052631576	d͡ʒəɹənɪld͡ʒəɹənɪleɪstəʊn	dʒɛɹənɪldʒɝænələstəʊn	0.28	0.2857142857142857
gern	ɡɜːɹn	dʒɜɹn	dʒɜn	ɡɚn	compound	ger|n	0.4	0.75	0.6666666666666666	gɚn	ɡɝn	1.0	0.6666666666666666
getback	ɡɛtbæk	ɡɛtbæk	ɡɛtbæk	ɡɛtbæk	compound	get|back	0.0	0.0	0.0	ɡɛtbæk	ɡɛtbæk	0.0	0.0
gewgawed	ɡjuːɡɔːd	ɡjuɡɑɛd	dʒjuɡɔd	dʒwɡeɪd	compound	gewgaw|ed	0.2857142857142857	0.2857142857142857	0.7142857142857143	ɡəwɔd	dʒuɡɔd	0.6	0.3333333333333333
gheada	heɪɑːdə	aɪidɑ	ɡɛdə	ɡhidə	compound	gh|ea|da	0.8	1.0	0.8	gidə	ɡɛdə	1.0	1.0
ghostology	ɡəʊstɒlədʒi	ɡəʊstɒlədʒi	ɡəʊstɑlədʒi	ɡɑstɑlədʒi	compound	ghost|ology	0.0	0.09090909090909091	0.3	ɡəstɒləd͡ʒi	ɡəstɑlədʒi	0.18181818181818182	0.2
gibibyte	ɡɪbɪbaɪt	ʒɪbɪbaɪt	dʒɪbɪbaɪt	dʒɪbəbaɪt	compound	gi|bibyte	0.125	0.2222222222222222	0.3333333333333333	d͡ʒɪbɪbaɪt	dʒɪbəbaɪt	0.3	0.3333333333333333
gigglemug	ɡɪɡlmʌɡ	ɡɪɡəlmʌɡ	ɡɪɡəlmʌɡ	ɡɪɡəlməɡ	compound	giggle|mug	0.125	0.125	0.25	gɪgəlmʌg	ɡɪɡəlməɡ	0.5	0.25
gigglemugs	ɡɪɡlmʌɡz	ɡɪɡəlmʌɡz	ɡɪɡəlmʌɡz	ɡɪɡəlməɡz	compound	giggle|mugs	0.1111111111111111	0.1111111111111111	0.2222222222222222	gɪgəlmʌgz	ɡɪɡəlməɡz	0.4444444444444444	0.2222222222222222
gillless	ɡɪllɛs	ɡɪlles	ɡɪlləs	ɡɪləls	compound	gill|less	0.16666666666666666	0.16666666666666666	0.3333333333333333	gɪlləs	ɡɪləs	0.3333333333333333	0.4
gimmal	dʒɪməl	dʒɪmmæl	ɡɪməl	ɡɪməl	compound	gim|mal	0.2857142857142857	0.4	0.4	gɪməl	ɡɪməl	0.4	0.4
gippo	dʒɪpəʊ	dʒɪpəʊ	dʒɪpəʊ	dʒɪpəʊ	compound	gipp|o	0.0	0.0	0.0	dʒɪpəʊ	dʒɪpəʊ	0.0	0.0
girandola	dʒɪɹændələ	ʒɪɹændələ	dʒɜɹəndəʊlə	ɡɪɹəndəʊlə	compound	gi|randol|a	0.1111111111111111	0.2727272727272727	0.4	dʒɪɹəndəʊlə	dʒɝændəʊlə	0.18181818181818182	0.3
gismu	ɡiːsmuː	ʒɪsmu	dʒɪsmu	dʒɪzəmu	compound	gi|s|mu	0.4	0.5	0.7142857142857143	dʒɪsmu	dʒɪzmu	0.5	0.6666666666666666
gizzardless	ɡɪzəɹdlɪs	ɡɪzədles	ɡɪzɚdləs	ɡɪzɚdlɛs	compound	gizzard|less	0.25	0.375	0.375	gɪzəɹdləs	ɡɪzɝdləs	0.2222222222222222	0.375
glamp	ɡlamp	ɡlæmp	ɡlæmp	ɡlæmp	compound	glam|p	0.2	0.2	0.2	glæmp	ɡlæmp	0.4	0.2
gloak	ɡləʊk	ɡləʊæk	ɡləʊk	ɡləʊk	compound	glo|ak	0.16666666666666666	0.0	0.0	gləʊk	ɡləʊk	0.2	0.0
gloriouser	ɡlɔːɹɪəsɚ	ɡlɔɹɪəsɜ	ɡloɹiəsɚ	ɡlɔɹiəsɚ	compound	glorious|er	0.125	0.25	0.125	glɔɹiəsɚ	ɡlɔɹiəsɝ	0.25	0.25
glucosaminoglycan	ɡluːkoʊzəmiːnoʊɡlaɪkæn	glukəʊzəminəʊglaɪkæn	ɡlukəsæmɪnɑɡlɪkən	ɡlukəʊsəmɪnəɡlikən	compound	g|luc|os|amino|glycan	0.1	0.47058823529411764	0.3333333333333333	glukɑsəminəʊglaɪkən	ɡlukəsæmənɑɡləkən	0.3157894736842105	0.5294117647058824
gnaborretni	ɡnæbəɹɛtni	gnæbɔɹɛtni	næbɔɹɛtni	ɡnəbɔɹɛtni	compound	g|nab|orr|et|ni	0.2	0.2222222222222222	0.2	nəbɔɹətnaɪ	nɑbɔɹɛtni	0.6	0.3333333333333333
gnomical	nɒmɪkəl	nɒmɪkæl	nɑmɪkəl	ɡnɑmɪkəl	compound	gnomic|al	0.14285714285714285	0.14285714285714285	0.25	nəʊmɪkəl	nɑmɪkəl	0.25	0.14285714285714285
gnotobiont	nəʊtəbaɪɒnt	gnəʊtəʊbaɪəʊnt	nɑɾəʊbɪɑnt	ɡnəʊtəʊbiɑnt	compound	g|noto|bio|nt	0.2857142857142857	0.6	0.4166666666666667	nəʊtəʊ.bɪ.ɑnt	nəʊtəʊbiənt	0.38461538461538464	0.36363636363636365
gnotobiota	nəʊtəbaɪoʊtə	gnəʊtəʊbaɪəʊɾə	nɑɾəʊbɪəʊɾə	ɡnəʊtəʊbiəʊtə	compound	g|noto|biota	0.21428571428571427	0.5454545454545454	0.3076923076923077	nəʊɾəʊbaɪəʊɾə	nəʊtəʊbiəʊtə	0.23076923076923078	0.25
gnotobiote	nəʊtəbaɪoʊt	gnəʊtəʊbaɪəʊti	nɑɾəʊbɪəʊt	ɡnəʊtəʊbiəʊt	compound	g|noto|bio|te	0.21428571428571427	0.5	0.3333333333333333	nəʊtəbaɪəʊt	nəʊtəʊbiəʊt	0.0	0.2727272727272727
gobful	ɡɒbfʊl	ɡɒbfʊl	ɡɑbfəl	ɡɑbfəl	compound	gob|ful	0.0	0.3333333333333333	0.3333333333333333	ɡɒbfəl	ɡɑbfəl	0.16666666666666666	0.3333333333333333
godlily	ɡɒdlɪli	ɡɒdlɪli	ɡɑdlili	ɡɑdləli	compound	god|lily	0.0	0.2857142857142857	0.2857142857142857	gɑdlɪli	ɡɑdləli	0.2857142857142857	0.2857142857142857
goetta	ɡɛtə	ɡəʊɛtə	ɡəʊɾə	ɡəʊtə	compound	go|etta	0.3333333333333333	0.6	0.4	gəʊtə	ɡəʊtə	0.6	0.4
gomutra	ɡəʊmuːtɹə	ɡəʊmʌtɹɑ	ɡɑmʌtɹə	ɡəmətɹə	compound	go|mut|ra	0.25	0.42857142857142855	0.2857142857142857	gəʊmətɹə	ɡəʊmutɹə	0.25	0.0
gondolet	ɡɒndəlɛt	ɡɑndəʊlt	ɡɑndɑlɪt	ɡɑndəʊlɪt	compound	gond|ole|t	0.375	0.375	0.3333333333333333	gɑndəlɪt	ɡɑndəlɛt	0.375	0.125
googolth	ɡuːɡəlθ	ɡuɡɒlθ	ɡuɡəʊlt	ɡuɡɑlθ	compound	googol|th	0.16666666666666666	0.2857142857142857	0.16666666666666666	gugəʊlθ	ɡʊɡəʊlθ	0.42857142857142855	0.2857142857142857
gooing	ɡuːɪŋ	ɡuɪŋ	ɡuɪŋ	ɡuɪŋ	compound	goo|ing	0.0	0.0	0.0	guɪŋ	ɡuɪŋ	0.25	0.0
gookland	ɡuːklænd	ɡʊklænd	ɡʊklənd	ɡʊklənd	compound	gook|land	0.14285714285714285	0.2857142857142857	0.2857142857142857	gʊklənd	ɡʊklənd	0.42857142857142855	0.2857142857142857
gossipred	ɡɒsɪpɹəd	ɡɒsɪpɹɛd	ɡɑsɪpɹɪd	ɡɑsɪpɹɪd	compound	gossip|red	0.125	0.25	0.25	gɑsəpɹɛd	ɡɑsəpɹəd	0.5	0.25
goyal	ɡɔɪəl	ɡɔɪəl	ɡɔɪəl	ɡɔɪəl	compound	goya|l	0.0	0.0	0.0	gɔɪəl	ɡɔɪəl	0.2	0.0
grabass	ɡɹæbæs	ɡɹæbæs	ɡɹæbæs	ɡɹəbəs	compound	grab|ass	0.0	0.0	0.3333333333333333	gɹæbæs	ɡɹæbəs	0.16666666666666666	0.16666666666666666
grabrail	ɡɹæbɹeɪl	ɡɹæbɹeɪl	ɡɹæbɹeɪl	ɡɹæbɹeɪl	compound	grab|rail	0.0	0.0	0.0	gɹeɪbɹeɪl	ɡɹæbɹeɪl	0.3333333333333333	0.0
grammaticalization	ɡɹəmætɪkəlɪzeɪʃən	ɡɹəmætɪkəlaɪzeɪʃən	ɡɹæmæɾɪkəlᵻzeɪʃən	ɡɹæmætɪkəlɪzeɪʃən	compound	grammatical|ization	0.05555555555555555	0.17647058823529413	0.058823529411764705	gɹæmətɪkələzeɪʃən	ɡɹæmətɪkələzeɪʃən	0.23529411764705882	0.17647058823529413
grandisonant	ɡɹændɪsənənt	ɡɹændɪsənænt	ɡɹændɪsənənt	ɡɹændɪsənənt	compound	grandison|ant	0.08333333333333333	0.0	0.0	gɹændɪsənənt	ɡɹændɪsənənt	0.08333333333333333	0.0
grandmillennial	ɡɹændmɪlɛniəl	ɡɹændmɪlɛnɪəl	ɡɹændmɪlɛnɪəl	ɡɹændmɪləniəl	compound	grand|millennial	0.07692307692307693	0.07692307692307693	0.07692307692307693	gɹændmɪlɛniəl	ɡɹændməlɛniəl	0.07692307692307693	0.07692307692307693
grangerisation	ɡɹeɪnʒəɹɪzeɪʃən	ɡɹeɪndʒəaɪzeɪʃən	ɡɹeɪndʒɚɹaɪzeɪʃən	ɡɹændʒɚɪseɪʃən	compound	granger|isation	0.125	0.17647058823529413	0.42857142857142855	ɡɹeɪnd͡ʒəɹaɪzeɪʃən	ɡɹeɪndʒɝaɪzeɪʃən	0.16666666666666666	0.1875
graphetic	ɡɹæfɛtɪk	ɡɹæfɛɾɪk	ɡɹæfɛɾɪk	ɡɹæfɪtɪk	compound	graph|etic	0.125	0.125	0.125	ɡɹæfɛtɪk	ɡɹəfɛtɪk	0.0	0.125
graphetics	ɡɹæfɛtɪks	ɡɹæfɛɾɪks	ɡɹæfɛɾɪks	ɡɹæfɪtɪks	compound	graph|etic|s	0.1111111111111111	0.1111111111111111	0.1111111111111111	gɹəfɛɾɪks	ɡɹəfɛtɪks	0.3333333333333333	0.1111111111111111
grapholatry	ɡɹæfɒlətɹi	ɡɹæfɒlətɹi	ɡɹæfɑlətɹi	ɡɹæfələtɹi	compound	graph|olatry	0.0	0.1	0.1	gɹæfəlætɹi	ɡɹəfɑlətɹi	0.3	0.2
grasshawk	ɡɹɑːshɔːk	ɡɹɑshɔk	ɡɹæshɔk	ɡɹæsɔk	compound	grass|hawk	0.0	0.14285714285714285	0.3333333333333333	gɹæshɔk	ɡɹæshɔk	0.2857142857142857	0.14285714285714285
gravicembalo	ɡɹævɪtʃɛmbələʊ	gɹɑvaɪtʃɛmbələʊ	ɡɹævaɪsmbələʊ	ɡɹævɪsmbələʊ	compound	gra|vi|cembalo	0.2	0.3076923076923077	0.25	gɹəvɪk.əmæləʊ	ɡɹɑvitʃɛmbɑləʊ	0.5384615384615384	0.21428571428571427
greataxe	ɡɹeɪtæks	ɡɹeɪtæks	ɡɹeɪɾæks	ɡɹitæks	compound	great|axe	0.0	0.125	0.2857142857142857	gɹeɪtæks	ɡɹeɪtæks	0.125	0.0
greatshield	ɡɹeɪtʃiːld	ɡɹeɪtʃild	ɡɹeɪtʃild	ɡɹiʃild	compound	great|shield	0.0	0.0	0.42857142857142855	gɹeɪtʃild	ɡɹeɪtʃild	0.1111111111111111	0.0
greeble	ɡɹiːbliː	ɡɹibəl	ɡɹibəl	ɡɹibəl	compound	gree|ble	0.3333333333333333	0.3333333333333333	0.3333333333333333	gɹibəl	ɡɹibəl	0.5	0.3333333333333333
greenlight	ɡɹiːnlaɪt	ɡɹinlaɪt	ɡɹinlaɪt	ɡɹinlaɪt	compound	green|light	0.0	0.0	0.0	gɹinlaɪt	ɡɹinlaɪt	0.125	0.0
greentext	ɡɹiːntɛkst	ɡɹintɛkst	ɡɹintɛkst	ɡɹintɛkst	compound	green|text	0.0	0.0	0.0	gɹintɛkst	ɡɹintɛkst	0.1111111111111111	0.0
greentexts	ɡɹiːntɛksts	ɡɹintɛksts	ɡɹintɛksts	ɡɹintɛksts	compound	green|texts	0.0	0.0	0.0	ɡɹintɛksts	ɡɹintɛksts	0.0	0.0
gribenes	ɡɹɪbənəs	ɡɹaɪbɛnis	ɡɹaɪbinz	ɡɹaɪbɛnz	compound	gr|i|benes	0.3333333333333333	0.5	0.5	gɹɪbəniz	ɡɹɪbənz	0.375	0.2857142857142857
grif	ɡɹɪf	ɡɹɪf	ɡɹɪf	ɡɹɪf	compound	gr|if	0.0	0.0	0.0	gɹɪf	ɡɹɪf	0.25	0.0
grindsets	ɡɹaɪndsɛts	ɡɹaɪndsɛts	ɡɹaɪndsɛts	ɡɹɪndzɪts	compound	grindset|s	0.0	0.0	0.3333333333333333	ɡɹaɪndsɛts	ɡɹaɪndsɛts	0.0	0.0
griths	ɡɹɪθs	ɡɹɪθs	ɡɹɪθs	ɡɹɪθs	compound	grith|s	0.0	0.0	0.0	gɹɪðz	ɡɹɪθs	0.6	0.0
gruit	ɡɹaɪt	ɡɹəɪt	ɡɹuɪt	ɡɹuɪt	compound	gr|u|it	0.2	0.2	0.2	gɹut	ɡɹut	0.75	0.5
guaraní	ɡwɑːɹəniː	ɡwɑɹəni	ɡæɹɑni	ɡwɑɹən	compound	guara|ní	0.0	0.5	0.16666666666666666	gwɑɹəni	ɡɛɹəni	0.14285714285714285	0.3333333333333333
gubinge	ɡʌbɪndʒ	ɡubɪndʒ	ɡjubɪndʒ	ɡəbɪŋ	compound	gu|binge	0.14285714285714285	0.25	0.8	gʌbɪŋ	ɡəbɪndʒ	0.8	0.14285714285714285
guillemets	ɡijəmeɪz	gɪjəmes	ɡɪlɛmɪts	ɡwɪləməts	compound	guillemet|s	0.5714285714285714	0.75	0.6666666666666666	ɡɪlɪmɛts	ɡɪləmɛts	0.75	0.625
guilting	ɡɪltɪŋ	ɡɪltɪŋ	ɡɪltɪŋ	ɡwɪltɪŋ	compound	guilt|ing	0.0	0.0	0.14285714285714285	gɪltɪŋ	ɡɪltɪŋ	0.16666666666666666	0.0
guoxue	ɡwoʊʃweɪ	ɡuəʊzu	ɡjuəksu	ɡuju	compound	gu|o|xue	0.8333333333333334	1.0	1.75	gwɑksweɪ	ɡwɑksu	0.5	1.0
guqin	ɡuːtʃiːn	ɡukɪn	ɡjukɪn	ɡəkn	compound	gu|qin	0.6	0.6666666666666666	1.0	gukɪn	ɡjukɪn	0.8	0.6666666666666666
guvmint	ɡʌvmɪnt	ɡʌvmɪnt	ɡʌvmɪnt	ɡʌvmɪnt	compound	guv|mint	0.0	0.0	0.0	guvmɪnt	ɡəvmɪnt	0.2857142857142857	0.14285714285714285
guyver	ɡaɪvə	ɡaɪvɝ	ɡaɪvɚ	ɡaɪvɚ	compound	guy|ver	0.2	0.2	0.2	gaɪvɚ	ɡaɪvɝ	0.4	0.2
guzheng	ɡuːdʒʌŋ	ɡʌzhɛŋ	ɡʌʒɛŋ	ɡʌzɪŋ	compound	guz|heng	0.6666666666666666	0.6	0.8	gudʒɛŋ	ɡəzhɛŋ	0.3333333333333333	0.6666666666666666
gyaru	ɡjɑːɹuː	ɡaɑɹə	dʒjɑɹɹu	dʒiɑɹu	compound	gy|ar|u	0.4	0.42857142857142855	0.5	dʒɑɹu	dʒɑɹu	0.4	0.4
gymlet	dʒɪmlət	dʒɪmlɛt	dʒɪmlɪt	ɡɪmlət	compound	gym|let	0.14285714285714285	0.14285714285714285	0.3333333333333333	dʒɪmlɪt	dʒɪmlət	0.14285714285714285	0.0
gynaecophobia	ɡaɪnɪkəfəʊbɪə	ɡaɪnəɛkəfəʊbiə	ɡaɪnikəfəʊbiə	dʒineɪkəfəʊbiə	compound	gyn|a|ecophobia	0.21428571428571427	0.15384615384615385	0.35714285714285715	ɡaɪnɪkəfəʊbɪə	dʒaɪnikəfəʊbiə	0.0	0.2857142857142857
gynecomasty	ɡaɪnɪkəmæsti	ɡaɪnɛkəʊmæsti	ɡaɪnɪkɑməsti	dʒaɪnɛkəməsti	compound	gyn|eco|masty	0.15384615384615385	0.16666666666666666	0.3076923076923077	gaɪnəkəʊməsti	dʒaɪnəkəmæsti	0.3076923076923077	0.23076923076923078
gyneolatry	ɡaɪniɒlətɹi	ɡaɪniɒlətɹi	ɡaɪnɪɑlətɹi	dʒaɪniəʊlətɹi	compound	gyn|e|olatry	0.0	0.18181818181818182	0.3076923076923077	gaɪnɑlətɹi	dʒɪniɑlətɹi	0.3	0.2727272727272727
gyprocker	dʒɪpɹɒkɚ	dʒɪpɹɒkə	dʒɪpɹɑkɚ	dʒɪpɹəkɚ	compound	gyp|rocker	0.125	0.125	0.125	dʒaɪpɹɑkəɹ	dʒaɪpɹɑkɝ	0.4	0.3333333333333333
gypset	dʒɪpsɛt	dʒɪpsɛt	dʒɪpsɛt	dʒɪpsɪt	compound	gyps|et	0.0	0.0	0.14285714285714285	dʒɪpsɛt	dʒɪpsɛt	0.0	0.0
gyrophototactic	dʒaɪɹəʊfəʊtəʊtæktɪk	dʒaɪɹəʊfəʊɾəʊtæktɪk	dʒaɪɹəfəʊɾəʊtæktɪk	dʒɪɹəfətəʊtæktɪk	compound	gyro|phototactic	0.05263157894736842	0.1111111111111111	0.1875	dʒaɪɹəʊfəʊɾəʊtæktɪk	dʒaɪɹəʊfəʊtətæktɪk	0.05263157894736842	0.05555555555555555
gyrotactic	dʒaɪɹətæktɪk	dʒaɪɹəʊtæktɪk	dʒaɪɹəʊtæktɪk	dʒɪɹəʊtæktɪk	compound	gyro|tactic	0.07692307692307693	0.07692307692307693	0.16666666666666666	dʒaɪɹəʊtæktɪk	dʒaɪɹətæktɪk	0.07692307692307693	0.0
gythja	ɡiθja	ɡaθjɑ	dʒɪθdʒə	ɡɪθjə	compound	gy|th|ja	0.4	0.8571428571428571	0.4	dʒɪθjə	ɡɪθjə	0.6666666666666666	0.4
ha'pence	heɪpəns	hæpɛsən	hæpəns	hæzpɛns	compound	hap|ence	0.7142857142857143	0.3333333333333333	0.42857142857142855	hæpəns	hæpəns	0.3333333333333333	0.3333333333333333
ha'penny	heɪpni	hɑpɛni	hæpɛni	hæzpɛni	compound	ha|penny	0.5	0.5	0.42857142857142855	heɪpəni	həpɛni	0.14285714285714285	0.5
hadjes	hɑːdʒɪz	hædʒiz	hædʒz	hædʒz	compound	hadj|es	0.3333333333333333	0.4	0.4	hædʒɪz	hædʒɪz	0.16666666666666666	0.16666666666666666
haecceitic	hiːksiːətik	hiksiɪtɪk	hiksiɾɪk	hæksitɪk	compound	haecce|itic	0.2222222222222222	0.375	0.375	hɛkaɪətɪk	hiksiɪtɪk	0.4444444444444444	0.2222222222222222
haemad	hiːmæd	himæd	himæd	heɪməd	compound	haem|ad	0.0	0.0	0.5	hæmæd	himəd	0.2	0.2
haemostases	hiːmɒstəsiːz	himəʊzteɪzɪz	himəʊsteɪsᵻz	heɪməʊsteɪsz	compound	haem|os|tases	0.5833333333333334	0.4166666666666667	0.5833333333333334	himəsteɪzᵻz	hɛməsteɪsɪz	0.45454545454545453	0.45454545454545453
hain't	heɪnt	heɪnt	heɪnt	heɪnɪt	compound	hain|t	0.0	0.0	0.16666666666666666	heɪnt	heɪnt	0.0	0.0
haint	heɪnt	heɪnt	heɪnt	heɪnt	compound	hain|t	0.0	0.0	0.0	heɪnt	heɪnt	0.0	0.0
hakafah	hɑːkəfɑː	hɑkəfɑh	hækæfə	hækəfɑ	compound	haka|fa|h	0.14285714285714285	0.5	0.16666666666666666	hɑkəfə	hækəfə	0.16666666666666666	0.3333333333333333
hakapik	hɑkəpɪk	hɑkəpɪk	hækəpɪk	hækɑpɪk	compound	haka|pik	0.0	0.14285714285714285	0.2857142857142857	hækəpɪk	hækəpɪk	0.14285714285714285	0.14285714285714285
hamadryas	hæmədɹaɪəs	hɑmədɹaɪəs	hæmədɹɪəz	hæmədɹiəz	compound	hama|dryas	0.1	0.2222222222222222	0.3333333333333333	həmɑdɹiəz	həmædɹiəz	0.5555555555555556	0.5555555555555556
hamboned	hæmboʊnəd	hæmbəʊnd	hæmbənd	hæmbənd	compound	hambone|d	0.125	0.2857142857142857	0.2857142857142857	hæmbənd	hæmbənd	0.2857142857142857	0.2857142857142857
handakuten	hɑːndɑːkutɛn	hændɑkutɛn	hændəkjun	hændəkjutən	compound	han|dakuten	0.1	0.5555555555555556	0.36363636363636365	hændəkutən	hændəkutən	0.3	0.3
handegg	hændɛɡ	hændɛɡ	hændɛɡ	hændɪɡ	compound	hand|egg	0.0	0.0	0.16666666666666666	hændɛg	hændɪɡ	0.16666666666666666	0.16666666666666666
handeggs	hændɛɡz	hændɛɡz	hændɛɡz	hændɪɡz	compound	hand|eggs	0.0	0.0	0.14285714285714285	hændɪɡz	hændɪɡz	0.14285714285714285	0.14285714285714285
handwavy	hændweɪvi	hændweɪvi	hændwævi	hændwɛvi	compound	hand|wavy	0.0	0.25	0.25	hændweɪvi	hændweɪvi	0.0	0.0
handwrit	hændɹɪt	hændɹɪt	hændɹɪt	hændɚɪt	compound	hand|writ	0.0	0.0	0.14285714285714285	hændɹɪt	hændɹɪt	0.0	0.0
hap'orth	heɪpəɹθ	hæpɔɹθ	hæpɔɹθ	hæpɚθ	compound	hap|orth	0.5	0.5	0.8	hæpəɹθ	hæpɝθ	0.3333333333333333	0.8
haplotype	hapləʊtaɪp	hæpləʊtaɪp	hæplətaɪp	hæplətaɪp	compound	hap|lo|type	0.1	0.2222222222222222	0.2222222222222222	hæplətaɪp	hæplətaɪp	0.2222222222222222	0.2222222222222222
happiless	hæpiləs	hæpiles	hæpɪləs	hæpaɪləs	compound	happi|less	0.14285714285714285	0.14285714285714285	0.25	hæpɪləs	hæpiləs	0.14285714285714285	0.0
haramaki	hɑɹəmɑki	hɑɹɑmɑki	hæɹəmæki	hɑɹɑməki	compound	haram|aki	0.125	0.25	0.25	həɹɑməki	hɛɹəmɑki	0.375	0.125
harras	hæɹəs	hɑɹəs	hæɹəz	hɛɹəz	compound	harra|s	0.2	0.2	0.4	hɛɹəs	hɛɹəz	0.2	0.4
hasbian	hæzbiən	hæzbiən	hæsbiən	hæsbiən	compound	has|bian	0.0	0.14285714285714285	0.14285714285714285	hæzbiən	hæsbiən	0.0	0.14285714285714285
hashkafah	hɑːʃkɑːfɑː	hæʃkɑfɑh	hæʃkæfə	hæʃkəfɑ	compound	hash|ka|fa|h	0.25	0.42857142857142855	0.2857142857142857	hæʃkəfə	hæʃkəfə	0.42857142857142855	0.42857142857142855
hauntological	hɔːntəlɒdʒɪkəl	hɔntəʊlɒdʒɪkəl	hɔntəlɑdʒɪkəl	həntəlɑdʒɪkəl	compound	haunt|o|logical	0.07142857142857142	0.07692307692307693	0.15384615384615385	hɔntəʊlɑdʒɪkəl	hɔntəlɑdʒɪkəl	0.14285714285714285	0.07692307692307693
hauntology	hɔːntɒlədʒi	hɔntɒlədʒi	hɔntɑlədʒi	həntələdʒi	compound	haunt|ology	0.0	0.1	0.2	hɔntɑləd͡ʒi	hɔntɑlədʒi	0.18181818181818182	0.1
hautboyist	həʊbɔɪɪst	əʊbɔɪɪst	hɔtbɔɪɪst	hətbɔɪɪst	compound	hautboy|ist	0.125	0.2222222222222222	0.1111111111111111	hɔtbɔɪɪst	hətbɔɪɪst	0.2222222222222222	0.1111111111111111
haveing	hæviŋ	hævɪŋ	heɪvɪŋ	heɪvɪŋ	compound	have|ing	0.2	0.5	0.5	heɪvɪŋ	heɪvɪŋ	0.5	0.5
haworthia	həwɜːɹθiə	hæwɝθiə	hæwɜðiə	həɚθiə	compound	haworth|ia	0.42857142857142855	0.42857142857142855	0.5	hæwɚθiə	həwɝðiə	0.42857142857142855	0.42857142857142855
haybote	heɪbəʊt	heɪbəʊt	heɪbəʊt	heɪbəʊt	compound	hay|bote	0.0	0.0	0.0	heɪbəʊt	heɪbəʊt	0.0	0.0
haüyne	ɑːwiːn	ɑwin	hæuaɪn	heɪaɪn	compound	[]	0.0	0.8333333333333334	0.8333333333333334	hɔɪn	hɑwaɪn	0.75	0.5
haüynite	ɑːwiːnaɪt	ɑwinaɪt	hæuɪnaɪt	heɪinaɪt	compound	[]	0.0	0.5	0.375	həjɪnaɪt	həɪnaɪt	0.5	0.42857142857142855
he'd've	hiːdəv	hidvi	hidəv	hzdɪv	compound	hed|ve	0.4	0.0	0.4	hɛdvi	hɛdəv	0.6	0.2
he'sn't	hiːzənt	hiznt	hisənt	hznɪt	compound	hes|nt	0.2	0.16666666666666666	0.6	hizənt	hɛzənt	0.0	0.16666666666666666
headdesk	hɛddɛsk	hɛdɛsk	hɛddɛsk	hɛdsk	compound	head|desk	0.16666666666666666	0.0	0.4	hɛdɛsk	hɛdɪsk	0.16666666666666666	0.3333333333333333
headrushing	hɛdɹʌʃɪŋ	hɛdɹʌʃɪŋ	hɛdɹʌʃɪŋ	hɛdɹʌʃɪŋ	compound	head|rushing	0.0	0.0	0.0	hɛdɹʌʃɪŋ	hɛdɹəʃɪŋ	0.0	0.125
headsign	hɛdsaɪn	hɛdsaɪn	hɛdsaɪn	hɛdzɪɡn	compound	head|sign	0.0	0.0	0.42857142857142855	hɛdsaɪn	hɛdsaɪn	0.0	0.0
healthie	hɛlθi	hɛlθi	hɛlθi	hɛlθi	compound	health|ie	0.0	0.0	0.0	hɛlθi	hɛlθi	0.0	0.0
heartswelling	hɑːɹtswɛlɪŋ	hɑɹtswɛlɪŋ	hɑɹtswəlɪŋ	hɛɹtswɛlɪŋ	compound	hearts|welling	0.0	0.1	0.1	hɑɹtswɛlɪŋ	hɑɹtswɛlɪŋ	0.0	0.0
heathenesse	hiːðənəs	hiðənɛs	hiθənɛs	hɛðənəs	compound	heathen|esse	0.14285714285714285	0.2857142857142857	0.14285714285714285	hiðənɛs	hɛðənəs	0.14285714285714285	0.14285714285714285
heaumes	həʊmz	həʊms	həʊmz	himz	compound	heaume|s	0.2	0.0	0.5	həʊmz	həʊmz	0.0	0.0
heav'n	hɛvn	hiəvn	hivn	hivɪn	compound	he|a|v|n	0.4	0.25	0.4	hɛvn	hɛvən	0.0	0.2
hecka	hɛkə	hɛkə	hɛkə	hɛkə	compound	heck|a	0.0	0.0	0.0	hɛkə	hɛkə	0.0	0.0
heita	heɪta	haɪtə	haɪɾə	hitə	compound	heit|a	0.4	0.6	0.75	haɪtə	haɪtə	0.4	0.4
heled	hiːld	hild	hɛld	hɛld	compound	hele|d	0.0	0.25	0.25	hɛldᵻd	hild	0.5	0.0
helek	heɪlɪk	hilk	hɛlɛk	hɛlɛk	compound	hele|k	0.75	0.6	0.6	hɛlɪk	hɛlɪk	0.4	0.4
heliodor	hiːliədɔːɹ	hilaɪəʊdɝ	hɛlɪəʊdɚ	hɛlaɪəʊdɚ	compound	he|li|odor	0.5555555555555556	0.625	0.6666666666666666	hɛlɪəʊdɚ	hiliəʊdɔɹ	0.625	0.1111111111111111
heliopore	hiːliəpɔːɹ	hɛliəʊpɔ	hɛlɪɑpoɹ	hɛliəpɚ	compound	h|elio|pore	0.375	0.5	0.42857142857142855	hɛlɪəpɔɹ	hiliəpɔɹ	0.25	0.0
hemapophysis	hɛməpɒfɪsɪs	hɛməpɑfəsɪs	hɛmæpəfəsɪs	hɛməpəfizɪz	compound	hem|apophysis	0.18181818181818182	0.2727272727272727	0.36363636363636365	himəpɑfəsɪs	hɛməpɑfəsəs	0.2727272727272727	0.2727272727272727
hemimethylated	hɛmimɛθɪleɪtɪd	hɛmaɪmiθɪleɪtɪd	hɛmaɪmθɪleɪɾᵻd	hɛmɪmɛθəleɪtd	compound	hem|i|methylated	0.2	0.35714285714285715	0.23076923076923078	hɛmɪmɛθəleɪɾᵻd	hɛməmɛθəleɪtɪd	0.2857142857142857	0.14285714285714285
hemoadsorber	hiːməʊədzɔːɹbɚ	himəʊædzɔɹbɜ	himəʊdsoɹbɚ	hɛməʊdzɔɹbɚ	compound	hemo|adsorb|er	0.16666666666666666	0.2727272727272727	0.18181818181818182	himəædzəɹbəɹ	hɛməʊdsɔɹbɝ	0.4166666666666667	0.36363636363636365
hemochorioendothelial	hiːməʊkɔːɹiəʊɛndəʊθiːliəl	himəʊkɔɹaɪəʊɛndəʊθiliəl	himəkoɹɪəʊndəθɛlɪəl	hɛməkɑɹiəʊndəθɛliəl	compound	hemo|chori|o|endothelial	0.08695652173913043	0.3684210526315789	0.3157894736842105	himəkɔɹiəʊɛndəθiliəl	himəʊkɔɹiəʊɛndəθiliəl	0.1	0.047619047619047616
hemovore	hiːməvɔːɹ	himəʊvɔɹ	himuvoɹ	hɛməvɚ	compound	hemo|vore	0.125	0.2857142857142857	0.5	himəvɔɹ	hɛməvɔɹ	0.0	0.14285714285714285
hemroid	hɛmɹɔɪd	hɛmɹɔɪd	hɛmɹɔɪd	hɛmɹɔɪd	compound	hem|roid	0.0	0.0	0.0	hɛmɹɔɪd	hɛmɹɔɪd	0.0	0.0
henagon	hɛnəɡɒn	hɛnæɡɒn	hɛnæɡən	hɛnəɡən	compound	hen|agon	0.14285714285714285	0.2857142857142857	0.14285714285714285	hɛnəgɑn	hɛnəɡən	0.2857142857142857	0.14285714285714285
hendecanol	hɛndɛkənɒl	hɛndɛkənəʊl	hɛndɪkænɑl	hɛndɪkənəl	compound	hen|decan|ol	0.18181818181818182	0.3	0.2	hɛndəkənɔl	hɛndɪkənɑl	0.2	0.2
hendiatris	hɛndaɪətɹɪs	hɛndiətɹɪs	hɛndɪætɹɪs	hɛndiətɹɪz	compound	hend|ia|tris	0.2	0.2	0.3	hɛndaɪətɹɪs	hɛndiætɹɪs	0.0	0.3
heptalemma	hɛptəlɛmə	hɛptɑlɛmə	hɛpteɪlmə	hɛptəlmə	compound	hep|tal|emma	0.1111111111111111	0.3333333333333333	0.125	hɛptəlɛmə	hɛptəlɛmə	0.0	0.0
heptasemic	hɛptəsiːmɪk	hɛpteɪzmaɪk	hɛpteɪsimɪk	hɛptəsɛmɪk	compound	hep|tase|mic	0.36363636363636365	0.18181818181818182	0.1	hɛpteɪsimɪk	hɛptəsɛmɪk	0.18181818181818182	0.1
heraldess	hɛɹəldɛs	hɛɹəldɛs	hɛɹəldɛs	hɛɹəldɪs	compound	herald|ess	0.0	0.0	0.125	hɛɹəldəs	hɛɹəldəs	0.125	0.125
here're	hiːɹɚ	hiəɹeɪ	hɪɹɚ	hɛɹzɹi	compound	here|re	0.5	0.25	0.6666666666666666	hɪɹɚ	hɛɹɝ	0.25	0.5
heterograph	hɛtəɹəʊɡɹæf	hɛtɹəʊɡɹæf	hɛɾɚɹəʊɡɹæf	hɛtɚəɡɹəf	compound	hetero|graph	0.1	0.18181818181818182	0.4444444444444444	hɛɾəɹəgɹæf	hɛtɝəʊɡɹæf	0.3	0.2
heteroousian	hɛtəɹəʊuːzɪən	hɛtɹəʊəsiən	hɛɾɚɹəəʒən	hɛtɚuʃən	compound	hetero|ous|ian	0.36363636363636365	0.6	0.75	hɛɾəɹəʊuziən	hɛtɝuʒən	0.16666666666666666	0.75
heteropathic	hɛtəɹəʊpæθɪk	hɛtɹəʊpæθɪk	hɛɾɚɹəpæθɪk	hɛtɚəpæθɪk	compound	hetero|pathic	0.09090909090909091	0.2727272727272727	0.3	hɛɾəɹəpæθɪk	hɛtɝəpæθɪk	0.18181818181818182	0.3
heterophenomenological	hɛtəɹəʊfənɒmɪnəlɒdʒɪkəl	hɛtɹəʊfənɑmənəlɑdʒəkəl	hɛɾɚɹəʊfɪnɑmɪnəlɑdʒɪkəl	hɛtɚəfənəmənələdʒɪkəl	compound	hetero|phenomenological	0.22727272727272727	0.21739130434782608	0.2857142857142857	hɛɾəɹəʊfənɑmənəlɑdʒəkəl	hɛtɝəʊfɛnəmɛnəlɑdʒɪkəl	0.21739130434782608	0.2727272727272727
heteroradical	hɛtɜɹəɹædɪkəl	hɛtɹəʊɹædɪkəl	hɛɾɚɹəɹædɪkəl	hɛtɚɚædɪkəl	compound	hetero|radical	0.15384615384615385	0.15384615384615385	0.36363636363636365	hɛɾəɹəʊɹædɪkəl	hɛtɝɝædɪkəl	0.21428571428571427	0.36363636363636365
hetfic	hɛtfɪk	hɛtfɪk	hɛtfɪk	hɛtfɪk	compound	het|fic	0.0	0.0	0.0	hɛtfɪk	hɛtfɪk	0.0	0.0
hetsex	hɛtsɛks	hɛtsɛks	hɛtsɛks	hɛtsɛks	compound	het|sex	0.0	0.0	0.0	hɛtsɛks	hɛtsɛks	0.0	0.0
hetsmut	hɛtsmʌt	hɛtsmʌt	hɛtsmʌt	hɛtsmʌt	compound	het|smut	0.0	0.0	0.0	hɛtsmʌt	hɛtsmət	0.0	0.14285714285714285
hexafoos	hɛksəfus	hɛksəfuz	hɛksəfuz	hɛksəfuz	compound	hexa|foos	0.125	0.125	0.125	hɛksəfuz	hɛksəfuz	0.125	0.125
hexalingual	hɛksəlɪŋɡwəl	hɛksəlɪŋɡwəl	hɛksəlɪŋɡwəl	hɛksəlɪŋɡuəl	compound	hexa|lingual	0.0	0.0	0.08333333333333333	hɛksəlɪŋgwəl	hɛksəlɪŋɡwəl	0.08333333333333333	0.0
hexapawn	hɛksəpɔːn	hɛksəpɔn	hɛksəpɔn	hɛksəpɔn	compound	hexa|pawn	0.0	0.0	0.0	hɛksəpɔn	hɛksəpɔn	0.0	0.0
hexavigesimal	hɛksəvaɪdʒɛsɪməl	hɛksəvaɪdʒɛsəməl	hɛksəvaɪdʒsɪməl	hɪɡzævɪdʒsɪməl	compound	hexa|vigesimal	0.0625	0.06666666666666667	0.42857142857142855	hɛksəvɪdʒəsɪməl	hɛksəvədʒɛsəməl	0.13333333333333333	0.2
hexd	hɛkst	hɛksd	hɛksd	hɛksd	compound	hex|d	0.2	0.2	0.2	hɛksd	hɛkst	0.2	0.0
hexology	hɛksɑlədʒi	hɛksɒlədʒi	hɛksɑlədʒi	hɛksələdʒi	compound	hex|ology	0.1	0.0	0.1	hɛksɑlədʒi	hɛksɑlədʒi	0.0	0.0
hiation	haɪeɪʃən	haɪeɪʃən	haɪəʃən	hɪeɪʃən	compound	hi|ation	0.0	0.2857142857142857	0.14285714285714285	haɪəʃən	haɪeɪʃən	0.2857142857142857	0.0
hicking	hɪkɪŋ	hɪkɪŋ	hɪkɪŋ	hɪkɪŋ	compound	hick|ing	0.0	0.0	0.0	hɪkɪŋ	hɪkɪŋ	0.0	0.0
hidation	hɪdeɪʃən	hɪdeɪʃən	hɪdeɪʃən	haɪdeɪʃən	compound	hid|ation	0.0	0.0	0.1111111111111111	haɪdeɪʃən	haɪdeɪʃən	0.1111111111111111	0.1111111111111111
hierarchism	haɪəɹɑːɹkɪzəm	haɪəɹɑɹkɪzəm	haɪɚɹɑɹkɪzəm	haɪɚɑɹtʃɪzəm	compound	hierarch|ism	0.0	0.08333333333333333	0.3333333333333333	haɪəɹɑɹkɪzəm	haɪɹɑɹkɪzəm	0.0	0.09090909090909091
hindthought	haɪndθɔːt	haɪndθɔt	haɪndθɔt	hɪndθət	compound	hind|thought	0.0	0.0	0.2857142857142857	haɪndθɔt	hɪndθɔt	0.0	0.14285714285714285
hippietastic	hɪpitæstɪk	hɪpitæstɪk	hɪpaɪəteɪstɪk	hɪpitæstɪk	compound	hippie|tastic	0.0	0.38461538461538464	0.0	hɪpiɾəstæstɪk	hɪpiətæstɪk	0.23076923076923078	0.09090909090909091
hippocampian	hɪpəkæmpiən	hɪpəkæmpiən	hɪpəkæmpiən	hɪpəkæmpiən	compound	hippocampi|an	0.0	0.0	0.0	hɪpəkæmpiən	hɪpəkæmpiən	0.0	0.0
hippopotomonstrosesquipedalian	hɪpəpɒtəmɒnstɹəsɛskwɪpɪdeɪlɪən	hɪpəʊpɒtɒmɑnztɹəʊsɛskwəpədeɪljən	hɪpəpɑɾəmɑnstɹəʊsskwaɪpdeɪliən	hɪpəpɑtəmənstɹəʊzskwaɪpdəliən	compound	hippo|pot|om|ons|t|ro|sesquipedalian	0.25	0.26666666666666666	0.3103448275862069	hɪpəpɒtəmɒnstɹəsɛskwɪpədeɪlɪən	hɪpəpəʊtəʊmɑnstɹəʊsɛskwəpəde	0.03333333333333333	0.42857142857142855
hippyish	hɪpiɪʃ	hɪpiɪʃ	hɪpɪɪʃ	hɪpaɪɪʃ	compound	hippy|ish	0.0	0.16666666666666666	0.2857142857142857	hɪpiɪʃ	hɪpiɪʃ	0.0	0.0
hirs	hiɹz	hɪɹs	hɜz	hɚz	compound	hir|s	0.5	0.6666666666666666	0.6666666666666666	hɪɹz	hɝz	0.25	0.6666666666666666
historial	hɪstɔːɹiəl	haɪstɔɹiəl	hɪstoɹɪəl	hɪstɔɹiəl	compound	hi|storial	0.1	0.2222222222222222	0.0	hɪstɔɹiəl	hɪstɔɹiəl	0.0	0.0
hivemind	haɪvmaɪnd	haɪvmaɪnd	haɪvmaɪnd	haɪvmənd	compound	hive|mind	0.0	0.0	0.25	haɪvmaɪnd	haɪvmaɪnd	0.0	0.0
hodiern	hɒdiɜːɹn	hɒdaɪɜɹn	həʊdɪɹn	həʊdiɚn	compound	hod|i|ern	0.25	0.5714285714285714	0.5714285714285714	həʊdiɚn	hɑdiɝn	0.5714285714285714	0.5
hoik	hɔɪk	hɔɪk	hɔɪk	hɔɪk	compound	hoi|k	0.0	0.0	0.0	hɔɪk	hɔɪk	0.0	0.0
holovid	hɒləʊvɪd	hɑləʊvɪd	hɑləvɪd	həʊləvɪd	compound	holo|vid	0.125	0.2857142857142857	0.375	hɑləvɪd	hɑləvɪd	0.2857142857142857	0.2857142857142857
holubtsi	hɒləptʃi	həʊləbtsi	hɑlʌbtsi	həʊləbsi	compound	holub|t|si	0.4444444444444444	0.5	0.625	həlubs.tsi	hələbtsi	0.6	0.375
homogenates	həmɑːdʒəneɪts	həʊmɑdʒəneɪts	həmɑdʒəneɪts	hɑmədʒəneɪtɪs	compound	homogenate|s	0.07692307692307693	0.0	0.23076923076923078	həmɒdʒəneɪts	həmɑdʒəneɪts	0.08333333333333333	0.0
homogenesis	hoʊmoʊdʒɛnəsɪs	hɒmədʒinsɪs	hɑməʊdʒɛnᵻsɪs	hɑmədʒnsɪz	compound	homogene|sis	0.45454545454545453	0.23076923076923078	0.6	hɑməʊdʒɛnəsɪs	həʊməʊdʒɛnəsɪs	0.15384615384615385	0.0
homoglyphs	hɒməʊɡlɪfs	həʊməʊɡlɪfz	hɑməɡlɪfz	hɑməɡlaɪfs	compound	homo|glyphs	0.2727272727272727	0.3333333333333333	0.3	həʊməglɪfz	hɑməɡlɪfs	0.5	0.2222222222222222
homosemic	hoʊməsimək	həʊməʊzimɪk	həʊməʊsɛmɪk	hɑməʊsɛmɪk	compound	homos|emic	0.2727272727272727	0.2727272727272727	0.5	həʊməsimɪk	həʊməʊsɛmɪk	0.1	0.2727272727272727
homotype	həʊmətaɪp	həʊməʊtaɪp	hɑmətaɪp	hɑmətaɪp	compound	homo|type	0.1	0.25	0.25	həʊmətaɪp	həʊməʊtaɪp	0.0	0.1
hondel	hɒndəl	hɒndɛl	hɑndəl	hɑndəl	compound	hon|del	0.16666666666666666	0.16666666666666666	0.16666666666666666	hɑndəl	hɑndəl	0.16666666666666666	0.16666666666666666
hoodmoulds	hʊdməʊldz	hʊdməʊldz	hʊdməʊldz	hʊdmɔldz	compound	hood|moulds	0.0	0.0	0.25	hudməʊldz	hʊdməʊldz	0.1111111111111111	0.0
hoofball	huːfbɔːl	hufbɔl	hufbɔl	hʊfbəl	compound	hoof|ball	0.0	0.0	0.3333333333333333	hufbɔl	hufbɔl	0.0	0.0
hookaroon	hʊkəɹuːn	hʊkəɹun	hʊkəɹun	hʊkɑɹun	compound	hooka|roon	0.0	0.0	0.14285714285714285	hʊkəɹun	hʊkɝun	0.0	0.3333333333333333
hooyah	hujɑː	hujɑ	hujə	hujɑ	compound	hoo|yah	0.0	0.25	0.0	hujə	hujə	0.25	0.25
hoplophilia	hɒplɒfɪliə	hɒpləʊfɪliə	hɑpləfɪliə	hɑpləfɪliə	compound	hop|loph|ilia	0.18181818181818182	0.2	0.2	hɑpləfɪliə	hɑpləfɪljə	0.2	0.3
horizonal	həɹaɪzənəl	həɹaɪzənæl	hoɹɪzɑnəl	hɔɹizənəl	compound	horizon|al	0.1	0.3333333333333333	0.3333333333333333	hɔɹəzəʊnəl	hɝɪzənəl	0.4	0.375
horribler	hɒɹɪbəlɚ	hɒɹɪbəlɹ	hɔɹɪblɚ	hɔɹɪblɚ	compound	horrible|r	0.125	0.2857142857142857	0.2857142857142857	hɔɹəbləɹ	hɔɹəblɝ	0.625	0.5714285714285714
hortulan	hɔːɹtjʊlən	hɔɹtjulən	hɔɹtʃəlæn	hɔɹtələn	compound	hort|ula|n	0.1111111111111111	0.3333333333333333	0.25	hɔɹtʃələn	hɔɹtʃələn	0.2222222222222222	0.2222222222222222
hostie	həʊsti	həʊsti	hɑsti	hɑsti	compound	host|ie	0.0	0.4	0.4	hɑsti	hɑsti	0.4	0.4
hostry	həʊstɹi	həʊstɡɹ	hɑstɹi	hɔstɹi	compound	host|ry	0.2857142857142857	0.3333333333333333	0.3333333333333333	hɑstɹi	hɑstɹi	0.3333333333333333	0.3333333333333333
how'll	haʊl	həll	həəl	həzl	compound	howl|l	0.25	0.25	0.25	həəl	həl	0.25	0.0
how'm	haʊm	həm	həm	həzm	compound	how|m	0.0	0.0	0.25	həm	həm	0.0	0.0
how't	haʊt	hət	hət	həɪt	compound	how|t	0.0	0.0	0.25	hət	hət	0.0	0.0
how've	haʊv	həvi	həəv	həzv	compound	how|ve	0.25	0.25	0.25	həv	həv	0.0	0.0
huemul	weɪmuːl	hjumul	hjumʌl	huməl	compound	hue|mu|l	0.5	0.6666666666666666	0.8	hjuməl	hʊməl	0.6666666666666666	0.8
huffaz	hʊfɑːz	hʌfəz	hʌfæz	hʌfəz	compound	huff|az	0.4	0.4	0.4	hʌfəz	həfəz	0.4	0.4
hulaing	huːləɪŋ	huləɪŋ	hjʊleɪŋ	hulɪŋ	compound	hula|ing	0.0	0.42857142857142855	0.2	huleɪŋ	hjuləŋ	0.16666666666666666	0.3333333333333333
hulkish	hʌlkɪʃ	hʌlkɪʃ	hʌlkɪʃ	hʌlkɪʃ	compound	hulk|ish	0.0	0.0	0.0	hʌlkɪʃ	həlkɪʃ	0.0	0.16666666666666666
humantaur	hjuːməntɔːɹ	hjuməntoɹ	hjuməntɔɹ	hjuməntəɹ	compound	human|taur	0.1111111111111111	0.0	0.1111111111111111	hjuməntɔɹ	hjuməntɔɹ	0.0	0.0
huperzia	huːpɜːɹziə	hjupɹziə	hjupɚziə	hjupɚziə	compound	hupe|r|zia	0.25	0.375	0.375	hupɚziə	hjupɝziə	0.2857142857142857	0.375
huqin	huːtʃɪn	hukɪn	hjukɪn	hjukn	compound	hu|qin	0.4	0.5	0.8	hukɪn	hjukɪn	0.4	0.5
husbando	həzbændəʊ	hʌsbəndəʊ	hʌsbəndəʊ	hʌsbændəʊ	compound	husband|o	0.3333333333333333	0.3333333333333333	0.2222222222222222	hʌsbəndəʊ	həsbændəʊ	0.3333333333333333	0.1111111111111111
hyalosign	haɪəloʊsaɪn	haɪələʊsaɪn	haɪəlɑsaɪn	haɪələsin	compound	hy|alo|sign	0.0	0.2	0.3333333333333333	haɪələʊsaɪn	haɪələsaɪn	0.0	0.1
hydrobromide	haɪdɹəʊbɹəʊmaɪd	haɪdɹəʊbɹɒmaɪd	haɪdɹəbɹəʊmaɪd	hɪdɹəbɹəmaɪd	compound	hydro|bromide	0.14285714285714285	0.07142857142857142	0.25	haɪdɹəʊbɹəʊmaɪd	haɪdɹəʊbɹɑmaɪd	0.0	0.14285714285714285
hygrostat	haɪɡɹəʊstat	haɪɡɹəʊstæt	haɪɡɹəstæt	hɪɡɹəʊstət	compound	hy|gros|tat	0.09090909090909091	0.2	0.2	haɪgɹəʊstæt	haɪɡɹəʊstæt	0.18181818181818182	0.09090909090909091
hylotheism	haɪloʊθiɪzəm	haɪləʊθiɪzəm	haɪləθiɪzəm	haɪləθaɪzm	compound	hy|lo|theism	0.0	0.09090909090909091	0.3	haɪləʊθiɪzəm	haɪləθiɪzəm	0.0	0.09090909090909091
hyoidean	haɪɔɪdiən	haɪɔɪdiən	haɪɔɪdiən	haɪɔɪdən	compound	hyoid|ean	0.0	0.0	0.125	haɪədiən	haɪɔɪdiən	0.25	0.0
hyperabsolutism	haɪpɚæbsɒluːtɪzm	haɪpəæbsəlutɪzəm	haɪpɚɹæbsəluɾɪzəm	haɪpɚəbsəlutɪzəm	compound	hyper|absolutism	0.1875	0.23529411764705882	0.1875	haɪpəɹæbsəljuɾɪzəm	haɪpɝæbsəljutɪzəm	0.3333333333333333	0.23529411764705882
hyperbeam	haɪpəɹbiːm	haɪpəbim	haɪpɚbim	haɪpɚbim	compound	hyper|beam	0.125	0.25	0.25	haɪpəɹbim	haɪpɝbim	0.0	0.25
hyperbomb	haɪpəɹbɑm	haɪpəbɒm	haɪpɚbɑm	haɪpɚbɑm	compound	hyper|bomb	0.25	0.25	0.25	haɪpəɹbɑm	haɪpɝbɑm	0.0	0.25
hypercolonize	haɪpɚkɑlənaɪz	haɪpəkɑlənaɪz	haɪpɚkɑlənaɪz	haɪpɚkələnaɪz	compound	hyper|colonize	0.07692307692307693	0.0	0.07692307692307693	haɪpəɹkɑlənaɪz	haɪpɝkɑlənaɪz	0.14285714285714285	0.07692307692307693
hyperdiamond	haɪpədaɪəmənd	haɪpədaɪəmənd	haɪpɚdaɪəmənd	haɪpɚdiəmənd	compound	hyper|diamond	0.0	0.07692307692307693	0.25	haɪpəɹdaɪəmənd	haɪpɝdaɪəmənd	0.07142857142857142	0.07692307692307693
hyperdiffusion	haɪpədɪfjuːʒən	haɪpədɪfjuʒən	haɪpɚdᵻfjuʒən	haɪpɚdɪfjuʃən	compound	hyper|diffusion	0.0	0.15384615384615385	0.15384615384615385	haɪpəɹdɪfjuʒən	haɪpɝdɪfjuʒən	0.07142857142857142	0.07692307692307693
hyperdiffusionism	haɪpədɪfjuːʒənizəm	haɪpədɪfjuʒənɪzəm	haɪpɚdᵻfjuʒənɪzəm	haɪpɚdɪfjuʃənɪzəm	compound	hyper|diffusion|ism	0.058823529411764705	0.17647058823529413	0.17647058823529413	haɪpəɹdɪfjuʒənɪzəm	haɪpɝdɪfjuʒənɪzəm	0.1111111111111111	0.11764705882352941
hypereminent	haɪpəɹɛmɪnənt	haɪpəɛmɪnənt	haɪpɚɹɛmɪnənt	haɪpɚɛmɪnənt	compound	hyper|eminent	0.08333333333333333	0.07692307692307693	0.16666666666666666	haɪpəɹɛmənənt	haɪpɝɛmənənt	0.07692307692307693	0.25
hyperfactorial	haɪpəɹfæktɔːɹiəl	haɪpəfæktɔɹɪəl	haɪpɚfæktoɹɪəl	haɪpɚfæktɔɹiəl	compound	hyper|factorial	0.14285714285714285	0.2857142857142857	0.14285714285714285	haɪpəɹfæktɔɹiəl	haɪpɝfəktɔɹiəl	0.0	0.21428571428571427
hypericon	haɪpɜɹɪkɒn	haɪpəaɪkɒn	haɪpɚɹaɪkɑn	haɪpɚɪkən	compound	hyper|icon	0.2	0.2727272727272727	0.3333333333333333	haɪpəɹɪkən	haɪpɛɹɪkən	0.2	0.2
hypermasculine	haɪpəɹmæskjʊlɪn	haɪpəmæskjʊlɪn	haɪpɚmæskjʊlɪn	haɪpɚməskjəlɪn	compound	hyper|masculine	0.07142857142857142	0.14285714285714285	0.2857142857142857	haɪpəɹmæskjələn	haɪpɝmæskjəlaɪn	0.13333333333333333	0.26666666666666666
hypermenorrhea	haɪpəɹmɛnəɹiːə	haɪpəmɛnəɹiə	haɪpɚmɛnɔɹiə	haɪpɚmənɔɹhi	compound	hyper|menorrhea	0.08333333333333333	0.25	0.5	haɪpəɹmɛnəɹiə	haɪpɝmənɔɹiə	0.0	0.3333333333333333
hypermissile	haɪpɚmɪsaɪl	haɪpəmɪsaɪl	haɪpɚmɪsəl	haɪpɚmɪsɪl	compound	hyper|missile	0.09090909090909091	0.2	0.1	haɪpəɹmɪsəl	haɪpɝmɪsəl	0.36363636363636365	0.3
hypermuscle	haɪpəɹmʌsəl	haɪpəmʌsəl	haɪpɚmʌsəl	haɪpɚməskl	compound	hyper|muscle	0.1	0.2	0.4	haɪpəɹmʌsəl	haɪpɝməskəl	0.0	0.36363636363636365
hyperplasma	haɪpəɹplæzmə	haɪpəplæzmə	haɪpɚplæzmə	haɪpɚplæsmə	compound	hyper|plasma	0.09090909090909091	0.18181818181818182	0.2727272727272727	haɪpəɹplæzmə	haɪpɝplæzmə	0.0	0.18181818181818182
hyperpolyglot	haɪpəɹpɒliɡlɒt	haɪpəpɒlɪɡlɒt	haɪpɚpɑlɪɡlɑt	haɪpɚpəliɡlət	compound	hyper|polyglot	0.15384615384615385	0.38461538461538464	0.3076923076923077	haɪpəɹpɑləglɑt	haɪpɝpəlɪɡlət	0.2857142857142857	0.38461538461538464
hypersuperlative	haɪpəɹsuːpɜːlətɪv	haɪpəsupɜlətɪv	haɪpɚsupɜlətɪv	haɪpɚsupɚlətɪv	compound	hyper|superlative	0.07142857142857142	0.14285714285714285	0.21428571428571427	haɪpəɹsupəɹleɪɾɪv	haɪpɝsupɝlətɪv	0.29411764705882354	0.21428571428571427
hypersupreme	haɪpəɹsjuːpɹiːm	haɪpəsupɹim	haɪpɚsupɹim	haɪpɚsəpɹɪm	compound	hyper|supreme	0.18181818181818182	0.2727272727272727	0.45454545454545453	haɪpəɹsəpɹim	haɪpɝsəpɹim	0.16666666666666666	0.36363636363636365
hypertopology	haɪpəɹtəpɒlədʒi	haɪpətəpɒlədʒi	haɪpɚɾəpɑlədʒi	haɪpɚtəpɑlədʒi	compound	hyper|topology	0.07142857142857142	0.2857142857142857	0.21428571428571427	haɪpəɹtɑpɑlədʒi	haɪpɝtəpɑlədʒi	0.13333333333333333	0.21428571428571427
hypocrateriform	haɪpəʊkɹətɪəɹɪfɔːɹm	haɪpəʊkɹeɪtəɪfɔm	hɪpəkɹæɾɚɹɪfɔɹm	haɪpəkɹeɪtɛɹifɔɹm	compound	hypo|crater|iform	0.3125	0.4	0.35294117647058826	haɪpəʊkɹeɪɾəɹɪfɔɹm	haɪpəʊkɹætɝəfɔɹm	0.16666666666666666	0.25
hypodiastole	haɪpədaɪæstəli	haɪpəʊdaɪəstəʊl	haɪpəʊdaɪəstəʊl	haɪpəʊdiəstəʊl	compound	hypo|diastole	0.26666666666666666	0.26666666666666666	0.42857142857142855	haɪpəʊdaɪæstəli	haɪpəʊdiəstəʊli	0.06666666666666667	0.3333333333333333
hypophrygian	haɪpəʊfɹɪdʒiən	haɪpəʊfɹɪdʒiən	haɪpəʊfɹaɪdʒən	haɪpəfɹaɪʒən	compound	hypo|phrygian	0.0	0.14285714285714285	0.3333333333333333	haɪpəʊfɹɪdʒiən	haɪpəfɹɪdʒən	0.0	0.16666666666666666
hypotrichosis	haɪpəʊtɹaɪkəʊsɪs	haɪpəʊtɹaɪtʃəʊsɪs	haɪpəʊtɹɪtʃəʊsɪs	haɪpətɹɪkəʊzɪz	compound	hypo|tri|cho|sis	0.11764705882352941	0.1875	0.2857142857142857	haɪpəʊtɹəkəʊsɪs	haɪpətɹəkəʊsəs	0.13333333333333333	0.2857142857142857
hypozeuxis	haɪpəzjuːksɪs	haɪpəʊzjuksɪs	haɪpəʊzjuksɪs	haɪpəzjuksɪz	compound	hypo|zeuxis	0.07692307692307693	0.07692307692307693	0.08333333333333333	haɪpəʊzuksɪs	haɪpəzuksɪs	0.16666666666666666	0.09090909090909091
hyraceum	haɪɹeɪsiəm	haɪɹeɪsʌm	haɪɹəsiəm	haɪɹəsum	compound	hy|race|um	0.2222222222222222	0.2222222222222222	0.5	haɪɹəsiəm	haɪɹəsiəm	0.2222222222222222	0.2222222222222222
hysterokinetic	hɪstəɹəʊkɪnɛtɪk	hɪstɝəʊkɪnɛɾɪk	hɪstɚɹɑkaɪnɛɾɪk	hɪstɚəʊkɪnɛtɪk	compound	hyster|okin|etic	0.21428571428571427	0.3333333333333333	0.14285714285714285	hɪstəɹəʊkənɛɾɪk	hɪstɝɑkənɛtɪk	0.13333333333333333	0.38461538461538464
iconomical	aɪkənɒmɪkəl	aɪkɒnɒmɪkəl	aɪkənɑmɪkəl	ɪkənəmɪkəl	compound	icon|om|ical	0.09090909090909091	0.09090909090909091	0.2	aɪkənɑmɪkəl	aɪkənɑmɪkəl	0.09090909090909091	0.09090909090909091
icositetrachoron	aɪkoʊsɪtɛtɹəkoʊɹɔn	aɪkəʊsitɛtɹətʃəʊɹɑn	aɪkəsaɪttɹəkoɹɑn	ɪkəʊsɪtɛtɹətʃɚən	compound	i|cosi|tetra|cho|ron	0.21052631578947367	0.375	0.375	aɪkɒsɪtɛtɹəkəɹɒn	aɪkəsɪtətɹækɝən	0.25	0.4666666666666667
idiochromosome	ɪdɪəʊkɹəʊməsəʊm	aɪdaɪəʊkɹəʊməsəʊm	ɪdɪəkɹəʊməʊsəʊm	ɪdaɪəkɹəməʊsəm	compound	id|io|chromosome	0.11764705882352941	0.13333333333333333	0.35714285714285715	ɪdɪəʊkɹəʊməsəʊm	ɪdiəʊkɹəʊməʊsəm	0.0	0.2
idioted	ɪdiətɪd	ɪdɪətɛd	ɪdɪəʊɾᵻd	ɪdiəʊtd	compound	idiot|ed	0.2857142857142857	0.5	0.2857142857142857	ɪdɪəɾᵻd	ɪdiəʊtɪd	0.42857142857142855	0.125
idn't	ɪdnt	aɪdnt	aɪdənt	ɪdnɪt	compound	id|nt	0.2	0.3333333333333333	0.2	ɪdənt	ɪdənt	0.2	0.2
if't	ɪft	ɪft	ɪft	ɪfɪt	compound	if|t	0.0	0.0	0.25	ɪft	aɪft	0.0	0.25
igniferous	ɪɡnɪfəɹəs	ɪɡnifəɹəs	ɪɡnɪfɚɹəs	ɪɡnɪfɚəs	compound	ig|ni|ferous	0.1111111111111111	0.1111111111111111	0.25	ɪgnɪfəɹəs	ɪɡnɪfɝəs	0.1111111111111111	0.25
ignoranter	ɪɡnəɹəntɚ	ɪɡnəɹəntɜ	ɪɡnɚɹəntɚ	ɪɡnɚəntɚ	compound	ignorant|er	0.1111111111111111	0.1111111111111111	0.25	ɪgnɔɹəntɚ	ɪɡnɝæntɝ	0.2222222222222222	0.5
ikejime	iːkeɪdʒiːmeɪ	aɪkdʒɪmi	aɪkdʒaɪm	aɪkdʒaɪm	compound	ike|jim|e	0.875	1.0	1.0	aɪkədʒimi	aɪkədʒaɪm	0.6666666666666666	0.8888888888888888
immeability	ɪmiəbɪlɪti	ɪmiəbɪləti	ɪmibɪlᵻɾi	ɪməbɪlɪti	compound	imm|e|ability	0.1	0.3333333333333333	0.1111111111111111	ɪməbɪləɾi	ɪmiəbɪləti	0.3333333333333333	0.1
immoralist	ɪmɒɹəlɪst	ɪmɒɹəlɪst	ɪmɔɹəlɪst	ɪmɚəlɪst	compound	immoral|ist	0.0	0.1111111111111111	0.25	ɪmɔɹələst	ɪmɔɹəlɪst	0.2222222222222222	0.1111111111111111
immunocapture	ɪmjuːnəʊkæptʃɚ	ɪmjunəʊkæptʃə	ɪmjunəkæptʃɚ	ɪmjunəʊkəptʃɚ	compound	immuno|capture	0.07692307692307693	0.08333333333333333	0.07692307692307693	ɪmjənəʊkæptʃəɹ	ɪmjunəkæptʃɝ	0.21428571428571427	0.16666666666666666
immunoglobular	ɪmjʊnoʊɡlɒbjʊlɚ	ɪmjunəʊɡlɒbjʊlə	ɪmjunəɡlɑbjʊlɚ	ɪmjunɑɡləbjəlɚ	compound	immuno|globular	0.13333333333333333	0.21428571428571427	0.35714285714285715	ɪmjənəʊglɑbjələɹ	ɪmjunəɡlɑbjəlɝ	0.375	0.35714285714285715
immunotactoid	ɪmjunoʊtæktɔɪd	ɪmjunəʊtæktɔɪd	ɪmjunətæktɔɪd	ɪmjunəʊtæktɔɪd	compound	immuno|tactoid	0.0	0.07692307692307693	0.0	ɪmjunətæktəɪd	ɪmjunəʊtæktɔɪd	0.15384615384615385	0.0
immunotyping	ɪmjuːnoʊtaɪpɪŋ	ɪmjunəʊtaɪpɪŋ	ɪmjunətaɪpɪŋ	ɪmjunətipɪŋ	compound	immuno|typing	0.0	0.08333333333333333	0.2727272727272727	ɪmjunəʊtaɪpɪŋ	ɪmjunətaɪpɪŋ	0.0	0.08333333333333333
impentamine	ɪmpɛntəmiːn	ɪmpɛntəmin	ɪmpɛntəmin	ɪmpɛntəmɪn	compound	impent|amine	0.0	0.0	0.1	ɪmpɛntəmin	ɪmpɛntəmin	0.0	0.0
impetrative	ɪmpɛtɹətɪv	aɪmpɛtɹətɪv	ɪmpɛtɹətɪv	ɪmpɛtɹətɪv	compound	im|petra|tive	0.09090909090909091	0.0	0.0	ɪmpɛtɹəɾɪv	ɪmpɛtɹətɪv	0.1	0.0
impleach	ɪmpliːtʃ	ɪmplitʃ	ɪmplitʃ	ɪmplitʃ	compound	imp|leach	0.0	0.0	0.0	ɪmplitʃ	ɪmplitʃ	0.0	0.0
implex	ɪmplɛks	ɪmplɛks	ɪmplɛks	ɪmplɛks	compound	imp|lex	0.0	0.0	0.0	ɪmplɛks	ɪmplɛks	0.0	0.0
implike	ɪmplaɪk	ɪmplaɪk	ɪmplaɪk	ɪmplaɪk	compound	imp|like	0.0	0.0	0.0	ɪmplaɪk	ɪmplaɪk	0.0	0.0
imprecative	ɪmpɹɛkətɪv	ɪmpɹɛksətɪv	ɪmpɹɪkæɾɪv	ɪmpɹɪkətɪv	compound	imp|rec|ative	0.09090909090909091	0.3	0.1	ɪmpɹɛkəɾɪv	ɪmpɹɛkətɪv	0.1	0.0
impregn	ɪmpɹiːn	ɪmpɹɛɡn	ɪmpɹɛɡn	ɪmpɹɛɡn	compound	imp|reg|n	0.2857142857142857	0.2857142857142857	0.2857142857142857	ɪmpɹɛgn	ɪmpɹɛɡn	0.2857142857142857	0.2857142857142857
impriming	ɪmpɹaɪmɪŋ	ɪmpɹaɪmɪŋ	ɪmpɹaɪmɪŋ	ɪmpɹɪmɪŋ	compound	imp|riming	0.0	0.0	0.125	ɪmpɹaɪmɪŋ	ɪmpɹaɪmɪŋ	0.0	0.0
in't	ɪnt	ɪnt	ɪnt	ɪnzt	compound	in|t	0.0	0.0	0.25	ɪnt	ɪnt	0.0	0.0
incalescent	ɪnkəlɛsənt	ɪnkəlɛsənt	ɪŋkælɛsənt	ɪŋkəlɛsənt	compound	in|calescent	0.0	0.2	0.1	ɪŋkəlɛsənt	ɪnkəlɛsənt	0.1	0.0
incentivized	ɪnsɛntɪvaɪzd	ɪnsɛntəvaɪzd	ɪnsɛntɪvaɪzd	ɪnsɛntɪvaɪzd	compound	incentivize|d	0.08333333333333333	0.0	0.0	ɪnsɛntəvaɪzd	ɪnsɛntəvaɪzd	0.08333333333333333	0.08333333333333333
inchastity	ɪntʃæstɪti	ɪntʃɑstɪti	ɪntʃæstᵻɾi	ɪntʃæstɪti	compound	in|chastity	0.1	0.2	0.0	ɪnkæstiɾi	ɪnkæstəti	0.4444444444444444	0.3333333333333333
incommunicate	ɪnkəmjunɪkət	ɪnkəmjunɪkeɪt	ɪŋkəmjunᵻkeɪt	ɪŋkəmjunɪkeɪt	compound	in|communicate	0.15384615384615385	0.3076923076923077	0.23076923076923078	ɪŋkəmjunɪkeɪt	ɪnkəmjunəkeɪt	0.23076923076923078	0.23076923076923078
inconclusion	ɪŋkənkluːʒən	ɪnkənkluʒən	ɪŋkəŋkluʒən	ɪŋkəŋkluʒən	compound	in|conclusion	0.09090909090909091	0.09090909090909091	0.09090909090909091	ɪŋkənskluʒən	ɪnkənkluʒən	0.08333333333333333	0.09090909090909091
incontaminate	ɪŋkəntæmɪnət	ɪnkəntæmɪneɪt	ɪŋkəntæmᵻneɪt	ɪŋkəntəməneɪt	compound	in|contaminate	0.23076923076923078	0.23076923076923078	0.3076923076923077	ɪŋkəntæmɪneɪt	ɪnkəntæməneɪt	0.15384615384615385	0.3076923076923077
incontiguous	ɪnkəntɪɡjuəs	ɪnkəntɪɡjuəs	ɪŋkəntɪɡjuəs	ɪŋkəntɪɡəʊs	compound	in|contiguous	0.0	0.08333333333333333	0.36363636363636365	ɪnkəntɪgjʊəs	ɪnkəntɪɡjuəs	0.16666666666666666	0.0
incumbrance	ɪnkʌmbɹəns	ɪŋkʌmbɹəns	ɪŋkʌmbɹəns	ɪŋkʌmbɹæns	compound	inc|umbra|nce	0.1	0.1	0.2	ɪŋkʌmbɹəns	ɪnkəmbɹəns	0.1	0.1
indeciduous	ɪndɪsɪdjuəs	ɪndɪsɪdjuəs	ɪndᵻsɪdjuəs	ɪndɪsɪdʒuəʊs	compound	in|deciduous	0.0	0.09090909090909091	0.16666666666666666	ɪndəsɪdʒəwəs	ɪndɪsɪdʒuəs	0.3333333333333333	0.09090909090909091
indeficient	ɪndɪfɪʃənt	ɪndɪfɪʃənt	ɪndᵻfɪʃənt	ɪndɪfɪʃənt	compound	in|deficient	0.0	0.1	0.0	ɪndɛfəsənt	ɪndɪfɪʃənt	0.3	0.0
indegree	ɪndəɡɹiː	ɪndɪɡɹi	ɪndᵻɡɹi	ɪndɪɡɹi	compound	in|degree	0.14285714285714285	0.14285714285714285	0.14285714285714285	ɪndigɹi	ɪndɪɡɹi	0.2857142857142857	0.14285714285714285
independentist	ɪndəpɛndəntɪst	ɪndɪpɛndəntɪst	ɪndᵻpɛndəntɪst	ɪndɪpɛndɛntɪst	compound	independent|ist	0.07142857142857142	0.07142857142857142	0.14285714285714285	ɪndɪpɛndəntəst	ɪndɪpɛndəntɪst	0.14285714285714285	0.07142857142857142
indiscovery	ɪndɪskʌvəɹi	ɪndɪskʌvəɹi	ɪndɪskʌvɚɹi	ɪndɪskəʊvɚi	compound	in|discovery	0.0	0.09090909090909091	0.36363636363636365	ɪndɪskʌvəɹi	ɪndɪskəvɹi	0.0	0.2
indoctrinational	ɪndɒktɹɪneɪʃənəl	ɪndɒktɹɪneɪʃənæl	ɪndɑktɹᵻneɪʃənəl	ɪndəktɹɪneɪʃənəl	compound	indoctrination|al	0.0625	0.125	0.0625	ɪndɑktɹəneɪʃənəl	ɪndɑktɹəneɪʃənəl	0.125	0.125
induplicative	ɪndjuːplɪkeɪtɪv	ɪnduplɪkətɪv	ɪnduplɪkətɪv	ɪndʌplɪkətɪv	compound	in|duplicative	0.25	0.25	0.3333333333333333	ɪndupləkeɪɾɪv	ɪndupləkətɪv	0.23076923076923078	0.3333333333333333
inedia	ɪniːdiə	ɪnidiə	ɪnɛdiə	aɪnɛdiə	compound	in|edi|a	0.0	0.16666666666666666	0.2857142857142857	ɪnidiə	ɪnidiə	0.0	0.0
inediate	ɪniːdiɪt	ɪnidieɪt	ɪnɛdɪeɪt	aɪnɛdieɪt	compound	in|edi|ate	0.125	0.375	0.3333333333333333	ɪnidiət	ɪnidieɪt	0.14285714285714285	0.125
inerrable	ɪnɜːɹəbəl	ɪnɛɹəbəl	ɪnɛɹəbəl	ɪnɛɹəbəl	compound	in|erra|ble	0.125	0.125	0.125	ɪnɛɹəbəl	ɪnɛɹəbəl	0.125	0.125
inexistence	ɪnɪɡzɪstəns	ɪnɛɡzɪstəns	ɪnɛɡzɪstəns	ɪnɛksɪstəns	compound	in|existence	0.09090909090909091	0.09090909090909091	0.2727272727272727	ɪnɪgzɪstəns	ɪnɪɡzɪstəns	0.09090909090909091	0.0
infame	ɪnfeɪm	ɪnfeɪm	ɪnfəm	ɪnfəm	compound	in|fame	0.0	0.4	0.4	ɪnfeɪm	ɪnfeɪm	0.0	0.0
infantilely	ɪnfəntaɪlli	ɪnfəntaɪllɪ	ɪnfəntaɪlli	ɪnfæntɪlli	compound	infantile|ly	0.09090909090909091	0.0	0.2	ɪnfəntɪlli	ɪnfæntəlli	0.1	0.3
infantorium	ɪnfəntɔːɹiəm	ɪnfəntɔɹiʌm	ɪnfæntoɹiəm	ɪnfæntɔɹiəm	compound	infant|ori|um	0.09090909090909091	0.18181818181818182	0.09090909090909091	ɪnfəntɔɹiəm	ɪnfəntɔɹiəm	0.0	0.0
infiltrationism	ɪnfɪltɹeɪʃənɪzm	ɪnfɪltɹeɪʃənɪzəm	ɪnfɪltɹeɪʃənɪzəm	ɪnfɪltɹeɪʃənɪzəm	compound	infiltration|ism	0.0625	0.0625	0.0625	ɪnfɪltɹeɪʃənɪzəm	ɪnfɪltɹeɪʃənɪzəm	0.0625	0.0625
inflammage	ɪnfləmeɪdʒ	ɪnflæmeɪdʒ	ɪnflæmɪdʒ	ɪnflæmɪdʒ	compound	in|flamm|age	0.1	0.2222222222222222	0.2222222222222222	ɪnflæmɪdʒ	ɪnflæmɪdʒ	0.2222222222222222	0.2222222222222222
informatisation	ɪnfəɹmataɪzeɪʃən	ɪnfɔmætaɪzeɪʃən	ɪnfɔɹməɾəzeɪʃən	ɪnfɔɹmətɪseɪʃən	compound	inform|at|isation	0.2	0.3333333333333333	0.26666666666666666	ɪnfɔmətaɪzeɪʃən	ɪnfɔɹmətaɪzeɪʃən	0.2	0.125
infrigidate	ɪnfɹɪdʒɪdeɪt	ɪnfɹɪdʒɪdeɪt	ɪnfɹɪdʒᵻdeɪt	ɪnfɹɪdʒɪdeɪt	compound	in|frigid|ate	0.0	0.08333333333333333	0.0	ɪnfɹɪdʒədeɪt	ɪnfɹɪdʒədeɪt	0.08333333333333333	0.08333333333333333
infrigidation	ɪnfɹɪdʒɪdeɪʃən	ɪnfɹɪdʒɪdeɪʃən	ɪnfɹɪdʒɪdeɪʃən	ɪnfɹɪdʒɪdeɪʃən	compound	in|frigid|ation	0.0	0.0	0.0	ɪnfɹɪdʒədeɪʃən	ɪnfɹɪdʒədeɪʃən	0.07142857142857142	0.07142857142857142
ingemination	ɪndʒɛmɪneɪʃən	ɪndʒɛməneɪʃən	ɪndʒɛmᵻneɪʃən	ɪŋɛməneɪʃən	compound	in|gemination	0.07692307692307693	0.07692307692307693	0.36363636363636365	ɪndʒɛməneɪʃən	ɪndʒɛməneɪʃən	0.07692307692307693	0.07692307692307693
ingenuine	ɪndʒɛnjuːɪn	ɪndʒɛnjuɪn	ɪndʒɛnjuɪn	ɪŋənwin	compound	in|genuine	0.0	0.0	1.0	ɪŋdʒɛnjuin	ɪndʒənwin	0.2	0.4444444444444444
inhiation	ɪnhaɪeɪʃən	ɪnhaɪeɪʃən	ɪnhaɪəʃən	ɪnhieɪʃən	compound	in|hi|ation	0.0	0.2222222222222222	0.2222222222222222	ɪnhaɪeɪʃən	ɪnhaɪeɪʃən	0.0	0.0
inkstick	ɪŋkstɪk	ɪŋkstɪk	ɪŋkstɪk	ɪŋkstɪk	compound	inks|tick	0.0	0.0	0.0	ɪŋkstɪk	ɪŋkstɪk	0.0	0.0
innovent	ɪnəvɛnt	ɪnəʊvɛnt	ɪnəvənt	ɪnəvənt	compound	inno|vent	0.125	0.14285714285714285	0.14285714285714285	ɪnəʊvənt	ɪnəvənt	0.25	0.14285714285714285
innovented	ɪnəvɛntɪd	ɪnəʊvɛntɪd	ɪnəvəntᵻd	ɪnəvɛntɪd	compound	inno|vented	0.1	0.2222222222222222	0.0	ɪnəvɛntᵻd	ɪnəvɛntɪd	0.1111111111111111	0.0
inoptimal	ɪnɒptɪməl	ɪnɒptɪməl	ɪnɑptɪməl	ɪnɑptɪməl	compound	in|optimal	0.0	0.1111111111111111	0.1111111111111111	ɪnɑptɪməl	ɪnɑptəməl	0.1111111111111111	0.2222222222222222
inpat	ɪnpæt	ɪnpæt	ɪnpæt	ɪnpət	compound	in|pat	0.0	0.0	0.2	ɪnpæt	ɪnpæt	0.0	0.0
inquinate	ɪnkwɪneɪt	ɪnkwɪneɪt	ɪŋkwɪneɪt	ɪŋkwɪneɪt	compound	in|quinate	0.0	0.1111111111111111	0.1111111111111111	ɪŋkwɪneɪt	ɪŋkwəneɪt	0.1111111111111111	0.2222222222222222
inscripturated	ɪnskɹɪptʃəɹeɪtɪd	ɪnskɹɪptʃəɹeɪtd	ɪnskɹɪptʃɚɹeɪɾᵻd	ɪnskɹɪptʃɚeɪtd	compound	inscripturate|d	0.06666666666666667	0.1875	0.21428571428571427	ɪnskɹɪptʃəɹeɪɾᵻd	ɪnskɹɪptʃɝeɪtɪd	0.125	0.13333333333333333
inscripturates	ɪnskɹɪptʃəɹeɪts	ɪnskɹɪptʃəɹeɪts	ɪnskɹɪptʃɚɹeɪts	ɪnskɹɪptʃɚeɪts	compound	inscripturate|s	0.0	0.06666666666666667	0.14285714285714285	ɪnskɹɪptʃəɹeɪts	ɪnskɹɪptʃɝeɪts	0.0	0.14285714285714285
instadeath	ɪnstədɛθ	ɪnstədɛθ	ɪnsteɪdæθ	ɪnsteɪdəθ	compound	insta|death	0.0	0.3333333333333333	0.3333333333333333	ɪnsteɪdθ	ɪnstədɛθ	0.375	0.0
instakill	ɪnstəkɪl	ɪnstəkɪl	ɪnstækɪl	ɪnstəkɪl	compound	insta|kill	0.0	0.125	0.0	ɪnstækkɪl	ɪnstəkɪl	0.2222222222222222	0.0
insusurration	ɪnsuːsəɹeɪʃən	ɪnsusəɹeɪʃən	ɪnsuzɚɹeɪʃən	ɪnsəsɚeɪʃən	compound	in|susurration	0.0	0.16666666666666666	0.2727272727272727	ɪnsusəɹeɪʃən	ɪnsəsɝeɪʃən	0.0	0.2727272727272727
int'resting	ɪntɹɛstɪŋ	ɪntɹɛstɪŋ	ɪntɹɛstɪŋ	ɪntɚɛstɪŋ	compound	in|trest|ing	0.0	0.0	0.1111111111111111	ɪntɹɛstɪŋ	ɪntɹɛstɪŋ	0.0	0.0
intarweb	ɪntɑːwɛb	ɪntɑwɛb	ɪntɑɹwɛb	ɪntɚwb	compound	in|tar|web	0.0	0.125	0.3333333333333333	ɪntɑɹwɛb	ɪntɑɹwɛb	0.125	0.125
interabled	ɪntɚeɪbld	ɪntɚeɪbəld	ɪntɚɹeɪbəld	ɪntɚəbəld	compound	inter|abled	0.1	0.18181818181818182	0.3333333333333333	ɪntəɹeɪbəld	ɪntɛɹəbəld	0.2727272727272727	0.4
interdepositional	ɪntɚdɛpəzɪʃənəl	ɪntɚdɛpəsɪʃənəl	ɪntɚdɛpəzɪʃənəl	ɪntɚdɪpəsɪʃənəl	compound	inter|depositional	0.06666666666666667	0.0	0.13333333333333333	ɪntəɹdɛpəzɪʃənəl	ɪntɝdɪpəzɪʃənəl	0.125	0.13333333333333333
interdiscipline	ɪntəɹdɪsɪplɪn	ɪntɚdɪsɪplɪn	ɪntɚdɪsɪplɪn	ɪntɚdɪsɪplaɪn	compound	inter|discipline	0.16666666666666666	0.16666666666666666	0.23076923076923078	ɪntəɹdɪsəplən	ɪntɝdɪsəplaɪn	0.15384615384615385	0.3076923076923077
interjacence	ɪntəɹdʒeɪsəns	ɪntɜɹdʒeɪsns	ɪntɚdʒeɪsəns	ɪntɚdʒəsəns	compound	interj|ace|nce	0.16666666666666666	0.16666666666666666	0.36363636363636365	ɪntəɹdʒeɪəns	ɪntɝdʒeɪsəns	0.08333333333333333	0.16666666666666666
interjacency	ɪntəɹdʒeɪsənsi	ɪntɜɹdʒeɪsnsi	ɪntɚdʒeɪsənsi	ɪntɚdʒəsənsi	compound	interj|ace|ncy	0.15384615384615385	0.15384615384615385	0.3333333333333333	ɪntəɹdʒeɪsənsi	ɪntɝdʒeɪsənsi	0.0	0.15384615384615385
interjacent	ɪntəɹdʒeɪsənt	ɪntɚdʒeɪsənt	ɪntɚdʒeɪsənt	ɪntɚdʒəsənt	compound	inter|jacent	0.16666666666666666	0.16666666666666666	0.36363636363636365	ɪntəɹdʒeɪsənt	ɪntɝdʒeɪsənt	0.0	0.16666666666666666
interlapidate	ɪntɚlapɪdeɪt	ɪntɚlæpɪdeɪt	ɪntɚlæpᵻdeɪt	ɪntɚləpɪdeɪt	compound	inter|lapidate	0.08333333333333333	0.16666666666666666	0.08333333333333333	ɪntəɹlæpədeɪt	ɪntɝlæpədeɪt	0.3076923076923077	0.25
intermural	ɪntɚmjuːɹəl	ɪntɚmjʊɹəl	ɪntɚmjʊɹɹəl	ɪntɚmɚəl	compound	inter|mural	0.1	0.18181818181818182	0.375	ɪntəɹmjʊɹəl	ɪntɝmjʊɹəl	0.2727272727272727	0.2
intermured	ɪntəɹmjʊəɹd	ɪntɚmjʊɹd	ɪntɚmjʊɹd	ɪntɚmɚd	compound	inter|mured	0.3333333333333333	0.3333333333333333	0.8571428571428571	ɪntɚmjɔd	ɪntɝmjʊɹd	0.625	0.3333333333333333
interpetiolar	ɪntəɹpɛtiəʊlɚ	ɪntɚpɛɾiəʊləɹ	ɪntɚpɛɾɪəʊlɚ	ɪntɚpeɪʃəlɚ	compound	inter|petiolar	0.38461538461538464	0.3333333333333333	0.5454545454545454	ɪntəɹpɛɾiəʊləɹ	ɪntɝpɛʃəlɝ	0.21428571428571427	0.6
interphrasally	ɪntɚfɹeɪzʌli	ɪntɚfɹeɪzəli	ɪntɚfɹeɪzəli	ɪntɚfɹəsəli	compound	inter|phrasally	0.08333333333333333	0.08333333333333333	0.36363636363636365	ɪntəɹfɹeɪzəli	ɪntɝfɹæsəli	0.23076923076923078	0.45454545454545453
interrule	ɪntəɹuːl	ɪntɚɹul	ɪntɚɹul	ɪntɚul	compound	inter|rule	0.14285714285714285	0.14285714285714285	0.3333333333333333	ɪntəɹul	ɪntɝjul	0.0	0.2857142857142857
intersow	ɪntəɹsəʊ	ɪntɜɹzəʊ	ɪntɚsəʊ	ɪntɚsəʊ	compound	inters|ow	0.25	0.2857142857142857	0.2857142857142857	ɪntɚsəʊ	ɪntɝsəʊ	0.2857142857142857	0.2857142857142857
intersyllabic	ɪntɚsəlæbɪk	ɪntɚsɪlæbɪk	ɪntɚsɪlæbɪk	ɪntɚsɪləbɪk	compound	inter|syllabic	0.09090909090909091	0.09090909090909091	0.18181818181818182	ɪntəɹsəlæbɪk	ɪntɝsəlæbɪk	0.16666666666666666	0.09090909090909091
intertex	ɪntəɹtɛks	ɪntɚtɛks	ɪntɚtɛks	ɪntɚtɪks	compound	inter|tex	0.25	0.25	0.375	ɪntɚtɛks	ɪntɝtɛks	0.25	0.25
intervent	ɪntəɹvɛnt	ɪntɚvɛnt	ɪntɚvɛnt	ɪntɚvənt	compound	inter|vent	0.25	0.25	0.375	ɪntəɹvɛnt	ɪntɝvɛnt	0.0	0.25
interwiki	ɪntəɹwɪki	ɪntɚwɪki	ɪntɚwɪki	ɪntɚwɪki	compound	inter|wiki	0.25	0.25	0.25	ɪntəɹwɪki	ɪntɝwiki	0.0	0.375
into't	ɪntuːt	ɪntʊt	ɪntɑt	ɪntəʊt	compound	into|t	0.2	0.2	0.3333333333333333	ɪntut	ɪntəʊt	0.0	0.3333333333333333
intranasal	ɪntɹəneɪzəl	ɪntɹɑneɪzəl	ɪntɹəneɪzəl	ɪntɹənəsəl	compound	intra|nasal	0.09090909090909091	0.0	0.3	ɪntɹəneɪzəl	ɪntɹəneɪzəl	0.0	0.0
intraprocedurally	ɪntʃapɹəsiːdʒəɹəli	ɪntɹɑpɹəsidʒəɹəli	ɪntɹəpɹəsidʒɚɹəli	ɪntɹəpɹəʊsdɚəli	compound	intra|procedurally	0.11764705882352941	0.17647058823529413	0.4666666666666667	ɪntɹəpɹəsidʒəɹəli	ɪntɹəpɹəsidʒɝəli	0.11764705882352941	0.25
intratribal	ɪntɹətɹaɪbəl	ɪntɹɑtɹaɪbəl	ɪntɹətɹɪbəl	ɪntɹətɹɪbəl	compound	intra|tribal	0.08333333333333333	0.09090909090909091	0.09090909090909091	ɪntɹətɹaɪbəl	ɪntɹætɹəbəl	0.0	0.2727272727272727
intravital	ɪntɹəvaɪtl	ɪntɹɑvaɪtəl	ɪntɹəvaɪɾəl	ɪntɹəvɪtəl	compound	intra|vital	0.18181818181818182	0.18181818181818182	0.2	ɪntɹəvaɪɾəl	ɪntɹævətəl	0.18181818181818182	0.4
invict	ɪnvɪkt	ɪnvɪkt	ɪnvɪkt	ɪnvɪkt	compound	in|vic|t	0.0	0.0	0.0	ɪnvɪkt	ɪnvɪkt	0.0	0.0
invious	ɪnviəs	ɪnvaɪəs	ɪnvaɪɑəs	ɪnvjus	compound	in|vi|ous	0.2857142857142857	0.375	0.3333333333333333	ɪnvɪəs	ɪnviəs	0.16666666666666666	0.0
invirile	ɪnvɪɹaɪl	ɪnvɪɹaɪl	ɪnvɪɹəl	ɪnvɪɹɪl	compound	in|virile	0.0	0.2857142857142857	0.14285714285714285	ɪnvaɪɹəl	ɪnvɪɹəl	0.375	0.2857142857142857
invoiceability	ɪnvɔɪsəbɪlɪti	ɪnvɔɪsəbɪləti	ɪnvɔɪsəbɪlᵻɾi	ɪnvɔɪsəbɪlɪti	compound	invoice|ability	0.07692307692307693	0.15384615384615385	0.0	ɪnvɔɪsəbɪləɾi	ɪnvɔɪsəbɪlɪti	0.15384615384615385	0.0
iodochlorhydroxyquin	aɪɒdəʊklɔːɹhaɪdɹɒksɪkwɪn	aɪəʊdɒkhlɔɹhaɪdɹɒksikwɪn	aɪədɑkloɹrhaɪdɹɑksɪkwɪn	iɑdəklɚhaɪdɹɑksikwən	compound	io|doc|h|lor|hydroxy|quin	0.25	0.2608695652173913	0.45	aɪ.ə.dəklɔɹhaɪ.dɹəkwɪn	aɪəʊdɑklɝhaɪdɹɑksɪkwɪn	0.4090909090909091	0.3181818181818182
iododeoxyuridine	aɪɒdəʊdiːɒksijʊəɹɪdiːn	aɪəʊdəʊdɑksijʊɹədin	aɪədəʊdəksjuɹɪdin	aɪəʊdəʊduksjɚɪdaɪn	compound	io|dode|oxy|uridine	0.3157894736842105	0.35294117647058826	0.5555555555555556	aɪədəʊdiɒksijʊɹɪdin	aɪəʊdəʊdiɑksjɝədin	0.10526315789473684	0.3888888888888889
ipsapirone	ɪpsəpaɪɹəʊn	ɪpsəpɪɹəʊni	ɪpsəpaɪɚn	ɪpsəpɚəʊn	compound	ip|sapiro|ne	0.18181818181818182	0.3333333333333333	0.3333333333333333	ɪpsəpɪɹəʊn	ɪpsəpɪɹəʊni	0.1	0.18181818181818182
irised	aɪɹɪst	aɪɹɪsɛd	ɪɹaɪzd	ɪɹizd	compound	iris|ed	0.2857142857142857	0.6666666666666666	0.8	aɪɹɪst	ɪɹaɪzd	0.0	0.6666666666666666
irredundant	ɪɹɪdʌndənt	ɪɹɹɪdʌndənt	ɪɹᵻdʌndənt	ɪɹdʌndənt	compound	ir|redundant	0.09090909090909091	0.1	0.1111111111111111	ɪɹɹədʌndənt	ɪɹɪdəndənt	0.18181818181818182	0.1
irreparate	ɪɹɛpəɹət	ɪɹɹɛpəɹət	ɪɹɛpɚɹət	ɪɹɛpɚeɪt	compound	ir|reparate	0.1111111111111111	0.125	0.375	ɪɹɛpəɹət	ɪɹɛpɝeɪt	0.0	0.375
irrespirable	ɪɹɛspɪɹəbəl	ɪɹɹɛspəɹəbəl	ɪɹᵻspaɪɚɹəbəl	ɪɹɛspɚəbəl	compound	ir|respirable	0.16666666666666666	0.23076923076923078	0.2	ɪɹɹɛspəɹəbəl	ɪɹɪspaɪɹəbəl	0.16666666666666666	0.16666666666666666
irruent	ɪɹɪʊənt	ɪɹɹunt	ɪɹunt	jɚwɛnt	compound	ir|ruen|t	0.5	0.6	0.8333333333333334	ɪɹuənt	ɪɹuənt	0.3333333333333333	0.3333333333333333
isagoge	aɪsəɡəʊdʒi	ɪzəɡəʊdʒi	ɪsəɡəʊdʒ	ɪsɑɡəʊɡ	compound	is|agoge	0.2222222222222222	0.25	0.7142857142857143	ɪsəɡɒɡi	ɪsəɡəʊdʒ	0.7142857142857143	0.25
isohexane	aɪsoʊhɛkseɪn	aɪsəʊhɛkseɪn	aɪsəʊhɛkseɪn	ɪsəʊhɪɡzæn	compound	iso|hexane	0.0	0.0	0.6	aɪsəʊhɛkseɪn	aɪsəʊhɛksən	0.0	0.18181818181818182
isoxathion	aɪsɒksəθaɪɒn	aɪsəʊksæthaɪɒn	aɪsəksæθiən	ɪsɑksəθiən	compound	iso|x|at|hi|on	0.35714285714285715	0.45454545454545453	0.5	aɪsəkseɪθiən	aɪsəksæθiən	0.5	0.45454545454545453
it'sa	ɪtsə	ɪtsə	ɪtsə	ɪtsə	compound	its|a	0.0	0.0	0.0	ɪtsə	ɪtsə	0.0	0.0
it'sn't	ɪtsənt	ɪtsnt	ɪtsənt	ɪtsnɪt	compound	its|nt	0.2	0.0	0.3333333333333333	ɪtsənt	ɪtsənt	0.0	0.0
iter	aɪtɚ	aɪtɹ	aɪɾɚ	ɪtɚ	compound	ite|r	0.25	0.25	0.3333333333333333	aɪɾəɹ	aɪtɝ	0.6	0.25
iteroparous	ɪtəɹoʊpæɹəs	aɪtɹəʊpɛɹəs	aɪtɹəpɚɹəs	ɪtɛɹəpɚus	compound	ite|ro|parous	0.2727272727272727	0.4	0.5555555555555556	aɪtɛɹ.ə.pəɹəs	ɪtɝɑpɝəs	0.38461538461538464	0.75
ithand	aɪðənd	aɪθænd	ɪthænd	ɪθənd	compound	ith|and	0.3333333333333333	0.6666666666666666	0.4	ɪθənd	ɪθənd	0.4	0.4
ixazomib	iksæzəʊmɪb	aɪksɑzəʊmɪb	ɪksəzɑmɪb	ɪksəzəməb	compound	i|x|azo|mib	0.2727272727272727	0.4444444444444444	0.4444444444444444	ɪksæz.əmɪb	ɪksəzɑmɪb	0.3	0.4444444444444444
izba	ɪzbɑː	ɪzbɑ	ɪzbə	ɪzbə	compound	iz|ba	0.0	0.25	0.25	ɪzbə	ɪzbə	0.25	0.25
iä	iɑ	aɪa	ɪɛ	aɪ	compound	[]	1.0	1.0	1.0	aɪɛ	iə	1.0	0.5
j'accuse	ʒəkjuːz	dʒækkjuz	dʒeɪəkjuz	dʒɑkus	compound	jac|cuse	0.375	0.3333333333333333	0.6666666666666666	ʒəkjuz	dʒəkjuz	0.0	0.14285714285714285
jacqueminot	ʒɑkmɪnoʊ	ʒeɪkmɪnət	dʒækɪmɪnɑt	dʒæskwɛmənət	compound	jacque|minot	0.3333333333333333	0.5	0.5833333333333334	dʒækəmɪnət	dʒəkwɛmənət	0.4	0.5454545454545454
jadoo	dʒɑːduː	dʒædu	dʒædu	dʒeɪdu	compound	jad|oo	0.2	0.2	0.3333333333333333	dʒədu	dʒədu	0.2	0.2
jaffle	dʒæfl	dʒæflə	dʒæfəl	dʒæfəl	compound	j|aff|le	0.16666666666666666	0.16666666666666666	0.16666666666666666	dʒæfəl	dʒæfəl	0.16666666666666666	0.16666666666666666
jamoke	dʒəməʊk	tʃɑməʊkɛ	dʒæməʊk	jɑməʊk	compound	jamo|ke	0.5	0.14285714285714285	0.5	dʒæməʊk	dʒəməʊk	0.14285714285714285	0.0
jandal	dʒændəl	dʒændəl	dʒændəl	dʒændəl	compound	janda|l	0.0	0.0	0.0	dʒændəl	dʒændəl	0.0	0.0
jaunce	dʒɔːns	dʒɔns	dʒɔns	dʒɔns	compound	jaun|ce	0.0	0.0	0.0	dʒɔns	dʒɔns	0.0	0.0
jeet	dʒit	dʒit	dʒit	dʒit	compound	jee|t	0.0	0.0	0.0	dʒit	dʒit	0.0	0.0
jegging	dʒɛɡɪŋ	dʒɛɡɪŋ	dʒɛɡɪŋ	dʒɛɡɪŋ	compound	j|egging	0.0	0.0	0.0	dʒɛgɪŋ	dʒɛɡɪŋ	0.16666666666666666	0.0
jeonse	dʒʌnseɪ	dʒiɑnseɪ	dʒɪɑns	dʒins	compound	jeon|se	0.25	0.6666666666666666	0.6	dʒɑns	dʒɛns	0.6	0.6
jewbush	dʒuːbʊʃ	dʒubʊʃ	dʒubʊʃ	dʒubʊʃ	compound	jew|bush	0.0	0.0	0.0	dʒubʊʃ	dʒubʊʃ	0.0	0.0
jharal	dʒɑɹəɫ	dʒɑɹəl	dʒæɹəl	hhɑɹəl	compound	jha|ral	0.0	0.16666666666666666	0.3333333333333333	dʒɑɹəl	dʒɛɹəl	0.0	0.16666666666666666
jianzhi	dʒiændʒiː	dʒiəndʒi	dʒaɪənʒi	dʒiɑnzi	compound	jian|zhi	0.125	0.5	0.42857142857142855	dʒiɑnʒi	dʒiɑnzi	0.2857142857142857	0.42857142857142855
jianzi	dʒiændzi	dʒiənzi	dʒaɪənzi	dʒiɑnzi	compound	jian|zi	0.2857142857142857	0.5	0.2857142857142857	dʒiɑnzi	dʒiɑnzi	0.2857142857142857	0.2857142857142857
jihadism	dʒɪhɑːdɪzəm	dʒɪhɑdɪzəm	dʒɪhɑdɪzəm	dʒihædɪzəm	compound	jihad|ism	0.0	0.0	0.2	dʒihɑdɪzəm	dʒɪhədɪzəm	0.1	0.1
jillick	dʒɪlɪk	dʒɪlɪk	dʒɪlɪk	dʒɪlɪk	compound	jill|ick	0.0	0.0	0.0	dʒɪlɪk	dʒɪlɪk	0.0	0.0
jimps	dʒɪmps	dʒɪmps	dʒɪmps	dʒɪmps	compound	jimp|s	0.0	0.0	0.0	dʒɪmps	dʒɪmps	0.0	0.0
jint	dʒaɪnt	dʒɪnt	dʒɪnt	dʒɪnt	compound	jin|t	0.2	0.2	0.2	dʒɪnt	dʒɪnt	0.2	0.2
jiqui	hiːkiː	dʒiki	dʒɪkwi	dʒiki	compound	ji|qui	0.4	0.6666666666666666	0.4	dʒiki	dʒikwi	0.4	0.5
jodave	dʒoʊdɑːvɛ	dʒəʊdeɪv	dʒɑdeɪv	dʒɑdəv	compound	jo|dave	0.375	0.7142857142857143	0.6666666666666666	jəʊdɑveɪ	dʒəʊdeɪv	0.5	0.375
joyflight	dʒɔɪflaɪt	dʒɔɪflaɪt	dʒɔɪflaɪt	dʒɔɪflaɪt	compound	joy|flight	0.0	0.0	0.0	dʒɔɪflaɪt	dʒɔɪflaɪt	0.0	0.0
jubarb	dʒuːbəb	dʒubɑb	dʒubɑɹb	dʒubɑɹb	compound	ju|barb	0.16666666666666666	0.2857142857142857	0.2857142857142857	d͡ʒubɑɹb	dʒubɑɹb	0.375	0.2857142857142857
jyngine	dʒɪndʒaɪn	dʒaɪnɡaɪn	dʒɪŋɡɪn	dʒɪŋɪn	compound	jy|n|gine	0.3333333333333333	0.5714285714285714	0.6666666666666666	dʒɪndʒ	dʒɪŋɡɪn	0.5	0.5714285714285714
kablooie	kəbluːi	kæblui	kæblui	kæblui	compound	kab|looie	0.16666666666666666	0.16666666666666666	0.16666666666666666	kæblɔɪ	kəblui	0.5	0.0
kadahi	kədaɪ	kɑdɑaɪ	kædɑhi	kædɑi	compound	ka|dah|i	0.3333333333333333	0.6666666666666666	0.6	kədɑhi	kədɑhi	0.5	0.5
kago	kɑːɡəʊ	kɑɡəʊ	keɪɡəʊ	kɑɡəʊ	compound	ka|go	0.0	0.3333333333333333	0.0	kɑgəʊ	kɑɡəʊ	0.2	0.0
kaj	kɑːdʒ	kɑdʒ	kædʒ	kə	compound	ka|j	0.0	0.25	1.5	kɑdʒ	kaɪ	0.0	1.0
kakiemon	kɑkieɪmɒn	kækiiməʊn	kækɪmən	keɪkimən	compound	kaki|emo|n	0.5555555555555556	0.5714285714285714	0.625	kækiəmən	keɪkimən	0.5	0.625
kamaʻaina	kɑməaɪnə	kɑməaɪnə	keɪəɛməlɛɾɚtubibiəaɪɛnə	kɑməeɪnə	compound	[]	0.0	0.6956521739130435	0.125	kɑməaɪnə	kɑməʒeɪnə	0.0	0.2222222222222222
kaph	kɑːf	kɑfl	kæf	kæf	compound	ka|ph	0.25	0.3333333333333333	0.3333333333333333	kæf	kæf	0.3333333333333333	0.3333333333333333
kasern	kəzɝn	keɪzɝn	kæsɚn	keɪsɚn	compound	kaser|n	0.3333333333333333	0.6	0.6666666666666666	keɪzəɹn	kæsɝn	0.5714285714285714	0.4
kashrut	kɑːʃɹuːt	kæʃɹʌt	kæʃɹʌt	kæʃɹət	compound	kash|rut	0.3333333333333333	0.3333333333333333	0.3333333333333333	kæʃɹət	kæʃɹət	0.3333333333333333	0.3333333333333333
katagelast	kætədʒəlæst	kætædʒəlæst	kæɾeɪdʒlæst	kætɪdʒləst	compound	kat|agelast	0.09090909090909091	0.36363636363636365	0.3	kæɾədʒɪlæst	kætədʒɛləst	0.18181818181818182	0.18181818181818182
katara	kətɑɹə	kətɑɹə	kæɾɚɹə	kætɑɹə	compound	katar|a	0.0	0.5	0.16666666666666666	kətɑɹə	kətɑɹə	0.0	0.0
kathakali	kætəkæli	kæθəkɑli	kæθəkɑli	kæθəkəli	compound	katha|kali	0.25	0.25	0.25	kæθəkɑli	kɑθɑkɑli	0.25	0.5
katsaridaphobia	kætsæɹɪdəfəʊbiə	kætsəɹidəfəʊbiə	kætsɑɹɹɪdəfəʊbiə	kætsɚɪdəfəʊbiə	compound	kats|arida|phobia	0.13333333333333333	0.125	0.14285714285714285	kætsəɹɪdəfəʊbiə	kætsɝɪdəfəʊbiə	0.06666666666666667	0.14285714285714285
kayfabed	keɪfeɪbd	keɪfeɪbd	keɪfeɪbd	keɪfəbd	compound	kayfabe|d	0.0	0.0	0.2857142857142857	keɪfeɪbd	keɪfeɪbd	0.0	0.0
kaza	kaza	kɑzɑ	kɑzə	kɑzə	compound	ka|za	0.5	0.5	0.5	kɑzə	kɑzə	0.5	0.5
keet	kiːt	kit	kit	kit	compound	kee|t	0.0	0.0	0.0	kit	kit	0.0	0.0
kek	kɛk	kɛk	kɛk	kɪk	compound	ke|k	0.0	0.0	0.3333333333333333	kɛk	kɛk	0.0	0.0
keratophyte	kɛɹətəʊfaɪt	kɛɹətɒpfaɪt	kɛɹəɾəfaɪt	kɚətəfaɪt	compound	kera|top|hyte	0.18181818181818182	0.2	0.3333333333333333	kəɹæɾəfaɪt	kɛɹətəfaɪt	0.4	0.1
kerflooey	kəɹfluːi	kɜɹflui	kɜflui	kɚflui	compound	kerf|looey	0.14285714285714285	0.3333333333333333	0.3333333333333333	kəɹflui	kɝflui	0.0	0.3333333333333333
keygen	kiːdʒɛn	kidʒɛn	kidʒən	kaɪɡən	compound	key|gen	0.0	0.16666666666666666	0.6666666666666666	kidʒɛn	keɪɡən	0.0	0.6666666666666666
khanji	kɑːndʒi	kɑndʒi	kɑndʒi	kændʒi	compound	khan|ji	0.0	0.0	0.16666666666666666	kɑndʒi	kændʒi	0.0	0.16666666666666666
khata	kɑːtə	kɑtə	kɑɾə	kɑtə	compound	khat|a	0.0	0.25	0.0	kɑɾə	kɑtə	0.25	0.0
khediva	kədiːvə	keɪdivə	kɛdɪvə	kɛdɪvə	compound	khe|diva	0.2857142857142857	0.3333333333333333	0.3333333333333333	kədivə	kədivə	0.0	0.0
khoomei	hoʊmeɪ	kumeɪ	kumeɪ	khumi	compound	khoo|mei	0.6	0.6	1.0	kumi	kumaɪ	1.25	0.8
khutor	kuːtɔːɹ	kutɔ	kjuɾɚ	kutɚ	compound	khu|tor	0.25	0.8	0.5	kuɾəɹ	kjutɝ	0.4	0.6
kiai	kiːaɪ	kiɝaɪ	kɪaɪ	kii	compound	kia|i	0.2	0.25	0.6666666666666666	kaɪaɪ	kiaɪ	0.4	0.0
kingric	kɪŋɹɪk	kɪŋɹɪk	kɪŋɡɹɪk	kɪŋɡɹɪk	compound	king|ric	0.0	0.14285714285714285	0.14285714285714285	kɪŋgɹɪk	kɪŋɡɹɪk	0.14285714285714285	0.14285714285714285
kinhin	kinhin	kɪnhɪn	kɪnhɪn	kɪnɪn	compound	kin|hin	0.3333333333333333	0.3333333333333333	0.6	kɪnhɪn	kɪnhɪn	0.3333333333333333	0.3333333333333333
kinnor	kinɔɹ	kɪnɔ	kɪnɚ	kɪnɚ	compound	kinn|or	0.5	0.75	0.75	kɪnɚ	kɪnɝ	0.75	0.75
kirmess	kɜːɹməs	kɪɹmɛs	kɜmɛs	kɚməs	compound	kir|mess	0.3333333333333333	0.4	0.4	kɪɹmɛs	kɝməs	0.3333333333333333	0.4
kirpan	kɪəɹpɑːn	kɪɹpæn	kɜpæn	kɪɹpən	compound	kir|pan	0.3333333333333333	0.8	0.3333333333333333	kɪɹpæn	kɝpən	0.3333333333333333	0.8
kisky	kɪski	kɪski	kɪski	kɪski	compound	kis|ky	0.0	0.0	0.0	kɪski	kɪski	0.0	0.0
kistvaen	kɪstvaɪn	kɪstveɪn	kɪstvin	kɪstveɪn	compound	kist|v|ae|n	0.125	0.2857142857142857	0.125	kɪstvən	kɪstveɪn	0.2857142857142857	0.125
kithless	kɪθlɪs	kɪθles	kɪθləs	kɪθləs	compound	kith|less	0.16666666666666666	0.16666666666666666	0.16666666666666666	kɪθləs	kɪθləs	0.16666666666666666	0.16666666666666666
kitings	kaɪtɪŋz	kaɪtɪŋs	kaɪɾɪŋz	kɪtɪŋz	compound	kiting|s	0.14285714285714285	0.14285714285714285	0.16666666666666666	kaɪɾɪŋz	kaɪtɪŋz	0.14285714285714285	0.0
kitsune	kɪtsuːni	kɪtsəni	kɪtsjun	kɪtsʌn	compound	kits|un|e	0.14285714285714285	0.2857142857142857	0.3333333333333333	kɪtsun	kɪtsun	0.16666666666666666	0.16666666666666666
kittlish	kɪtəlɪʃ	kɪtlɪʃ	kɪtlɪʃ	kɪtlɪʃ	compound	kitt|lish	0.16666666666666666	0.16666666666666666	0.16666666666666666	kɪtlɪʃ	kɪtlɪʃ	0.16666666666666666	0.16666666666666666
kizzy	kɪzi	kɪzi	kɪzi	kɪzi	compound	k|izzy	0.0	0.0	0.0	kɪzi	kɪzi	0.0	0.0
klappvisier	klæpvɪzɪɹ	klæpvaɪɛsaɪɚ	klæpvɪsiɚ	klæpvɪsiɚ	compound	klapp|vi|sier	0.4166666666666667	0.3333333333333333	0.3333333333333333	klæpvɪziəɹ	klæpvɪsiɝ	0.2	0.3333333333333333
kleptogenesis	klɛptəʊdʒɛnɪsɪs	klɛptəʊdʒɛnɪsɪs	klɛptəʊdʒɛnᵻsɪs	klɛptədʒnsɪz	compound	klepto|genesis	0.0	0.06666666666666667	0.3333333333333333	klɛptədʒɛnəsɪs	klɛptədʒɛnəsɪs	0.14285714285714285	0.14285714285714285
klesha	kleɪʃə	klɛʃə	klɛʃə	klɛʃə	compound	k|lesh|a	0.4	0.4	0.4	kleɪʃə	klɛʃə	0.0	0.4
klutzish	klʌtsɪʃ	klʌtsɪʃ	klʌtsɪʃ	klʌtsɪʃ	compound	klutz|ish	0.0	0.0	0.0	klʌtsɪʃ	klətzɪʃ	0.0	0.2857142857142857
knez	kənɛz	knɛz	nɛz	nɛz	compound	k|nez	0.25	0.6666666666666666	0.6666666666666666	nɛz	nɛz	0.6666666666666666	0.6666666666666666
knickerlessness	nɪkəɹləsnəs	nɪkəɹləsnes	nɪkɚləsnəs	nɪkɚləsnɛs	compound	knickerless|ness	0.09090909090909091	0.2	0.3	nɪkəɹləsnəs	nɪkɝləsnəs	0.0	0.2
knifefish	naɪfɪʃ	naɪffɪʃ	naɪffɪʃ	naɪffɪʃ	compound	knife|fish	0.14285714285714285	0.14285714285714285	0.14285714285714285	naɪfɪʃ	naɪffɪʃ	0.0	0.14285714285714285
kolach	koʊlɑtʃ	kəʊlətʃ	kɑlætʃ	kəʊlək	compound	kola|ch	0.14285714285714285	0.5	0.5	kəʊlək	kɑlək	0.5	1.0
koliva	kəʊlɪvə	kəʊlivə	kɑlɪvə	kəʊlɪvə	compound	kol|iva	0.14285714285714285	0.3333333333333333	0.0	kəlivə	kəlivə	0.3333333333333333	0.3333333333333333
kolkhozy	kəlkɒzɪ	kəlkɔzj	kɑlkhɑzi	kɑlkəzi	compound	kolkhoz|y	0.2857142857142857	0.5	0.42857142857142855	kəlkəʊzi	kəʊlkhəʊzi	0.375	0.5
konjac	kəʊnjæk	kɑndʒæk	kɑndʒæk	kɑndʒək	compound	kon|jac	0.5714285714285714	0.5714285714285714	0.7142857142857143	kɑndʒæk	kɑndʒæk	0.5714285714285714	0.5714285714285714
koolie	kuːli	kuli	kuli	kuli	compound	kool|ie	0.0	0.0	0.0	kuli	kuli	0.0	0.0
korban	kɔːɹbən	kɔɹbən	koɹbən	kɔɹbən	compound	korba|n	0.0	0.16666666666666666	0.0	kɔɹbən	kɔɹbən	0.0	0.0
kretek	kɹɛtɛk	kɹɪtɛk	kɹɛɾɛk	kɹɛtɪk	compound	k|rete|k	0.16666666666666666	0.16666666666666666	0.16666666666666666	kɹitɪk	kɹɛtɪk	0.3333333333333333	0.16666666666666666
kriek	kɹiːk	kɹik	kɹik	kɹik	compound	k|riek	0.0	0.0	0.0	kɹik	kɹik	0.0	0.0
krupuk	kɹʊpʊʔ	kɹupuk	kɹupʌk	kɹupək	compound	kru|pu|k	0.5	0.5	0.5	kɹupʌk	kɹupək	0.5	0.5
kuft	kʊft	kuft	kʌft	kʌft	compound	ku|f|t	0.25	0.25	0.25	kʌft	kəft	0.25	0.25
kujichagulia	kudʒitʃɑɡuliə	kudʒɪtʃəɡəliə	kjudʒɪtʃəɡjuliə	kudʒɪtʃəɡəliə	compound	ku|jicha|gul|ia	0.23076923076923078	0.26666666666666666	0.23076923076923078	kudʒɪtʃəguliə	kudʒɪtʃəɡuliə	0.23076923076923078	0.15384615384615385
kumara	kuːməɹə	kumɑɹə	kjumɑɹɹə	kumɑɹə	compound	kumar|a	0.16666666666666666	0.375	0.16666666666666666	kumɑɹə	kumɑɹə	0.16666666666666666	0.16666666666666666
kylym	kɪlɪm	kaɪlɪm	kaɪlɪm	kɪlaɪm	compound	kyl|ym	0.16666666666666666	0.16666666666666666	0.16666666666666666	kɪlɪm	kaɪlɪm	0.0	0.16666666666666666
labrish	læbɹɪʃ	læbɹɪʃ	læbɹɪʃ	læbɹɪʃ	compound	lab|rish	0.0	0.0	0.0	læbɹɪʃ	læbɹɪʃ	0.0	0.0
labrys	læbɹɪs	læbɹɪs	læbɹiz	ləbɹiz	compound	lab|rys	0.0	0.3333333333333333	0.5	læbɹiz	leɪbɹiz	0.3333333333333333	0.5714285714285714
lahpet	ləpɛt	lɑpɛt	lɑpɪt	læhpɪt	compound	lah|pet	0.2	0.4	0.5	lɑpɪt	lɑpət	0.4	0.4
laicism	leɪɪsɪzəm	leɪɪkɪzəm	leɪsɪzəm	leɪsɪzəm	compound	laic|ism	0.1111111111111111	0.125	0.125	leɪ.ɪsɪzəm	leɪsɪzəm	0.1	0.125
lakhs	lɑːks	læks	lækz	læks	compound	lakh|s	0.25	0.5	0.25	læks	læks	0.25	0.25
lametta	ləmɛtə	læmɛtə	læmɛɾə	læmɛtə	compound	lam|etta	0.16666666666666666	0.3333333333333333	0.16666666666666666	ləmɛtə	ləmɛtə	0.0	0.0
lanciao	lantʃaʊ	lɑntʃəəʊ	lænsɪə	læntʃiəʊ	compound	lancia|o	0.375	0.5	0.375	læntʃə	lænsiə	0.16666666666666666	0.5
landvogt	lændvəʊkt	lændvəʊt	lændvɑɡt	lændvɑɡt	compound	land|vogt	0.125	0.375	0.375	lændvɑgt	lændvɑɡt	0.375	0.375
langsat	læŋsæt	læŋsæt	læŋsæt	læŋzət	compound	lang|sat	0.0	0.0	0.3333333333333333	læŋsæt	læŋsæt	0.0	0.0
langth	læŋkθ	læŋθ	læŋθ	læŋθ	compound	lang|th	0.25	0.25	0.25	læŋθ	læŋθ	0.25	0.25
lanterloo	læntəluː	læntɝlu	læntɚlu	læntɚlu	compound	lanter|loo	0.14285714285714285	0.14285714285714285	0.14285714285714285	læntɚlu	læntɝlu	0.14285714285714285	0.14285714285714285
lantibiotic	læntibaɪɒtɪk	læntɪbaɪɒtɪk	læntɪbaɪɑɾɪk	læntɪbiɑtɪk	compound	l|antibiotic	0.08333333333333333	0.25	0.36363636363636365	læn.ti.baɪɑ.tɪk	læntəbaɪɑtɪk	0.26666666666666666	0.16666666666666666
laowai	laʊwaɪ	ləwaɪ	leɪəwaɪ	læweɪ	compound	lao|wai	0.0	0.2857142857142857	0.4	ləeɪ	leɪwaɪ	0.5	0.3333333333333333
lapalissade	ləpælɪsɑːd	læpəlɪsədə	læpəlɪseɪd	læpəlɪseɪd	compound	lap|alissa|de	0.4	0.4	0.4	læpəlɪseɪd	læpələseɪd	0.4	0.5
lateener	lætiːnə	lætinɜ	lætinɚ	leɪtinɚ	compound	lateen|er	0.16666666666666666	0.16666666666666666	0.42857142857142855	leɪtnɚ	lətinɝ	0.6666666666666666	0.3333333333333333
latrant	leɪtɹænt	lætɹɑnt	lætɹənt	lætɹənt	compound	lat|rant	0.42857142857142855	0.42857142857142855	0.42857142857142855	lætɹənt	leɪtɹənt	0.42857142857142855	0.125
latrate	lætɹeɪt	lætɹeɪt	lætɹeɪt	lætɹeɪt	compound	lat|rate	0.0	0.0	0.0	lætəɹeɪt	lætɹət	0.125	0.3333333333333333
latreutic	lətɹuːtɪk	lætɹutɪk	lætɹuɾɪk	lætɹjutɪk	compound	la|treu|tic	0.125	0.25	0.2222222222222222	lætɹuɾɪk	lətɹutɪk	0.25	0.0
laudits	lɔːdɪts	lɔdɪts	lɔdɪts	lɔdɪts	compound	laud|its	0.0	0.0	0.0	lɔdɪts	lɔdɪts	0.0	0.0
laund	lɔːnd	lɔnd	lɔnd	lənd	compound	laun|d	0.0	0.0	0.25	lɔnd	lɔnd	0.0	0.0
laverbread	lɑːvəɹbɹɛd	leɪvəbɹɛd	lævɚbɹɛd	leɪvɚbɹid	compound	laver|bread	0.3333333333333333	0.375	0.5555555555555556	leɪvəɹbɹɛd	leɪvɝbɹɛd	0.2	0.4444444444444444
laviscious	ləvɪsɪəs	lævɪskeɪʃəs	lævɪʃəs	lævɪzəʃus	compound	lavis|cious	0.36363636363636365	0.42857142857142855	0.5555555555555556	ləvɪskəs	ləvɪʃəs	0.125	0.2857142857142857
layan	lʌjʌn	leɪən	leɪən	leɪən	compound	lay|an	0.6	0.6	0.6	leɪən	leɪən	0.6	0.6
layin'	leɪɪn	leɪɪn	leɪɪn	leɪɪn	compound	lay|in	0.0	0.0	0.0	leɪɪn	leɪɪn	0.0	0.0
lazarly	leɪzəɹli	leɪzɑlɪ	læzɑɹli	læzɚli	compound	lazar|ly	0.42857142857142855	0.42857142857142855	0.6666666666666666	leɪzɚli	læzɝli	0.2857142857142857	0.6666666666666666
leadless	lɛdləs	lɛdles	lidləs	lɛdəls	compound	lead|less	0.16666666666666666	0.16666666666666666	0.3333333333333333	lidləs	lɛdləs	0.16666666666666666	0.0
leadlight	lɛdlaɪt	lɛdlaɪt	lidlaɪt	lɛdlaɪt	compound	lead|light	0.0	0.14285714285714285	0.0	lidlaɪt	lɛdlaɪt	0.14285714285714285	0.0
leapling	liplɪŋ	liplɪŋ	liplɪŋ	liplɪŋ	compound	leap|ling	0.0	0.0	0.0	liplɪŋ	liplɪŋ	0.0	0.0
leasow	liːzəʊ	lizəʊ	lisəʊ	lisəʊ	compound	leas|ow	0.0	0.2	0.2	lisəʊ	lisəʊ	0.2	0.2
lechayim	ləhaɪɪm	lɛkaɪaɪm	lɛtʃeɪɪm	lɛtʃeɪɪm	compound	lech|ay|im	0.375	0.5	0.5	lɛkaɪm	ləkeɪɪm	0.5	0.2857142857142857
leftenant	lɛftɛnənt	lɛftɛnənt	lɛfɛnənt	lɛftənənt	compound	left|ena|nt	0.0	0.125	0.1111111111111111	lɛftɪnənt	lɛftənənt	0.1111111111111111	0.1111111111111111
lehua	ləhuːə	ləhuə	lɛhjuə	lhuə	compound	le|hua	0.0	0.3333333333333333	0.25	leɪwə	lɛhjuə	0.6	0.3333333333333333
lente	lɛnteɪ	lɛnti	lɛnt	lɛnt	compound	lent|e	0.4	0.5	0.5	lɛnt	lɛnt	0.5	0.5
leprostatic	lɛpɹəstætɪk	ləpɹəstætɪk	lɛpɹəstæɾɪk	lɛpɹəʊstætɪk	compound	le|prostatic	0.09090909090909091	0.09090909090909091	0.08333333333333333	lɛpɹəstæɾɪk	lɛpɹəstætɪk	0.09090909090909091	0.0
leptynitic	lɛptənɪtɪk	lɛptɪnɪtɪk	lɛptɪnɪɾɪk	lɛptɪnɪtɪk	compound	lept|yn|itic	0.1	0.2	0.1	lɛptənɪtɪk	lɛptənɪtɪk	0.0	0.0
letcha	lɛtʃə	lɛtʃə	lɛtʃə	lɛtʃə	compound	letch|a	0.0	0.0	0.0	lɛtʃə	lɛtʃə	0.0	0.0
letterzine	lɛtəziːn	lɛtəzin	lɛɾɚzin	lɛtɚzɪn	compound	letter|zine	0.0	0.2857142857142857	0.2857142857142857	lɛɾəɹzin	lɛtɝzin	0.25	0.14285714285714285
leucoderm	luːkədɝm	lukəʊdəm	lukəʊdɜm	lukəʊdɚm	compound	leu|coder|m	0.25	0.25	0.25	lukədɜɹm	lukədɝm	0.25	0.0
leucodermic	luːkədɜːmɪk	lukəʊdəmaɪk	lukəʊdɚmɪk	lukəʊdɚmɪk	compound	leu|coder|mic	0.2727272727272727	0.2	0.2	lukədɜɹmɪk	lukədɝmɪk	0.1	0.1111111111111111
leud	luːd	lud	lud	lud	compound	leu|d	0.0	0.0	0.0	lɔɪd	lud	0.5	0.0
leukapheresis	lukʌfɜːɹiːsɪs	lukɑfəɹisɪs	lukəfɚɹisɪs	lukəfɚsɪz	compound	leu|ka|pheresis	0.18181818181818182	0.18181818181818182	0.5555555555555556	lukəfəɹɪsɪs	lukəfɛɹəsɪs	0.2727272727272727	0.2727272727272727
leukoerythroblastosis	luːkəʊɪɹɪθɹəʊblæstəʊsɪs	lukəʊəɹɪθɹəʊblæstəʊsɪs	lukəʊɚɹɪθɹəbləstəʊsɪs	lukɚɪθɹəblæstəʊsɪz	compound	leu|ko|erythroblastosis	0.045454545454545456	0.14285714285714285	0.3333333333333333	lukəʊəɹəθɹɑbləstəsɪs	lukəʊɝiθɹəʊblæstəʊsɪs	0.3	0.14285714285714285
leverpostej	leɪvəɹpɒstaɪ	livəpəʊstidʒeɪ	lɛvɚpəʊstɛdʒ	lɛvɚpəst	compound	lever|post|ej	0.6428571428571429	0.75	0.875	lɛvəɹpəʊsteɪ	lɛvɝpəsteɪ	0.4166666666666667	0.6
levetiracetam	lɛvɪtɪɹæsɪtæm	lɛvɪtɪɹæsɪtæm	lɛvɪtɜɹəsɛɾæm	lɛvɛtɪɹəstəm	compound	levet|iracetam	0.0	0.3076923076923077	0.3333333333333333	lɛvɪtɪɹæsɪtæm	ləvɛtɝəsɛtəm	0.0	0.5833333333333334
lib'ral	lɪbɹəl	laɪbɹəl	lɪbɹəl	lɪbzɹəl	compound	libra|l	0.14285714285714285	0.0	0.14285714285714285	lɪbɹəl	lɪbɹəl	0.0	0.0
libral	laɪbɹəl	laɪbɹəl	laɪbɹəl	lɪbɹəl	compound	libra|l	0.0	0.0	0.16666666666666666	lɪbɹəl	laɪbɹəl	0.16666666666666666	0.0
liceity	lɪsiːɪti	laɪsɪti	laɪsᵻɾi	laɪsiti	compound	lice|ity	0.2857142857142857	0.5714285714285714	0.2857142857142857	laɪsɪti	laɪsiti	0.2857142857142857	0.2857142857142857
lienal	laɪənəl	liənæl	linəl	linəl	compound	lien|al	0.5	0.6	0.6	liənəl	linəl	0.3333333333333333	0.6
lifestyler	laɪfstaɪlɚ	laɪfstaɪlɹ	laɪfstaɪlɚ	laɪfstaɪlɚ	compound	lifestyle|r	0.1	0.0	0.0	laɪfstaɪləɹ	laɪfstaɪlɝ	0.18181818181818182	0.1
ligatural	lɪɡætjʊɹəl	lɪɡætjʊɹəl	lɪɡætʃɚɹəl	lɪɡətʃɚəl	compound	lig|at|ural	0.0	0.2	0.4444444444444444	lɪgətʃəɹəl	lɪɡætʃɝəl	0.4	0.3333333333333333
likelily	laɪklɪli	laɪklɪli	laɪklili	laɪkləli	compound	like|lily	0.0	0.125	0.125	laɪklɪli	laɪkɛləli	0.0	0.2222222222222222
lilacin	laɪləsɪn	laɪləkɪn	lɪləsɪn	lɪləsɪn	compound	lilac|in	0.125	0.14285714285714285	0.14285714285714285	laɪləsɪn	lɪləsɪn	0.0	0.14285714285714285
liliate	lɪliət	liliəti	lɪlɪeɪt	lɪlieɪt	compound	lilia|te	0.2857142857142857	0.42857142857142855	0.2857142857142857	lɪlieɪt	lɪlieɪt	0.2857142857142857	0.2857142857142857
linearithmic	lɪniəɹɪðmɪk	lɪniəaɪθmaɪk	lɪnɪɹɪθmɪk	laɪnɛɹɪθmɪk	compound	linear|ith|mic	0.25	0.3	0.36363636363636365	lɪnɪəɹɪθmɪk	lɪnɝɪθmɪk	0.18181818181818182	0.4444444444444444
lingberry	lɪŋbɛɹi	lɪŋbɛɹi	lɪŋbɛɹi	lɪŋbɛɹi	compound	ling|berry	0.0	0.0	0.0	lɪŋbɛɹi	lɪŋbɛɹi	0.0	0.0
lingzhi	lɪŋdʒi	lɪŋdʒi	lɪŋʒaɪ	lɪŋzi	compound	ling|zhi	0.0	0.5	0.4	lɪŋdʒi	lɪŋʒi	0.0	0.2
linothorax	liːnoʊθɔːɹæks	linəʊθɔɹæks	lɪnəθoɹæks	lɪnəθɚæks	compound	lino|thorax	0.0	0.3	0.4444444444444444	laɪnəθɔɹæks	lɪnəθɝæks	0.2727272727272727	0.4444444444444444
lipostomy	lɪpɒstəmi	lɪpɑstəmi	lɪpəʊstəmi	lɪpɑstəmi	compound	lip|ostomy	0.1111111111111111	0.2	0.1111111111111111	ləpɑstəmi	lɪpɑstəmi	0.2222222222222222	0.1111111111111111
literatuers	lɪtəɹətjʊəɹz	lɪtəɹətjʊɚs	lɪɾɚɹæɾuɚz	laɪtɚətɚz	compound	literatuer|s	0.2727272727272727	0.8	0.7777777777777778	lɪɾəɹɑtʃuɚz	lɪtɝətʃuɝz	0.5454545454545454	0.6
litfan	lɪtfæn	lɪtfæn	lɪtfən	lɪtfən	compound	lit|fan	0.0	0.16666666666666666	0.16666666666666666	lɪtfæn	lɪtfən	0.0	0.16666666666666666
litfic	lɪtfɪk	lɪtfɪk	lɪtfɪk	lɪtfɪk	compound	lit|fic	0.0	0.0	0.0	lɪtfɪk	lɪtfɪk	0.0	0.0
lithen	laɪðən	laɪðn	laɪðn	lɪθən	compound	lithe|n	0.2	0.2	0.4	laɪðən	lɪθən	0.0	0.4
lithp	lɪθp	lɪθp	lɪθp	lɪθp	compound	lith|p	0.0	0.0	0.0	lɪθp	lɪθp	0.0	0.0
litotical	laɪtɒtɪkəl	lɪtɒtɪkæl	lɪtɑɾɪkəl	lɪtətɪkəl	compound	lit|otic|al	0.2222222222222222	0.3333333333333333	0.2222222222222222	lɪtɑɾɪkəl	lɪtɑtɪkəl	0.3333333333333333	0.2222222222222222
litro	lɪtɹəʊ	lɪtɹəʊ	lɪtɹəʊ	lɪtɹəʊ	compound	lit|ro	0.0	0.0	0.0	lɪtɹəʊ	lɪtɹəʊ	0.0	0.0
litų	lɪtuː	lɪtu	lɪɾu	lɪt	compound	[]	0.0	0.25	0.3333333333333333	lɪtulə	lɪtu	0.3333333333333333	0.0
livish	laɪvɪʃ	lɪvɪʃ	lɪvɪʃ	lɪvɪʃ	compound	liv|ish	0.2	0.2	0.2	lɪvɪʃ	lɪvɪʃ	0.2	0.2
lobsterwoman	lɒbstəɹwʊmən	lɒbstəwʊmən	lɑbstɚwʊmən	ləbstɚwʊmən	compound	lobster|woman	0.09090909090909091	0.2727272727272727	0.2727272727272727	lɑbstɚwʊmən	lɑbstɝwʊmən	0.2727272727272727	0.2727272727272727
logge	lɒdʒeɪ	lɒɡɪd	lɔɡ	lɑɡ	compound	log|ge	0.8	1.6666666666666667	1.6666666666666667	lɑgə	lɑɡ	1.25	1.6666666666666667
logosyllabic	lɒɡəʊsɪlæbɪk	ləʊɡəʊsɪlæbɪk	lɑɡəsɪlæbɪk	ləʊɡəsɪləbɪk	compound	logo|syllabic	0.15384615384615385	0.18181818181818182	0.3333333333333333	lɔgəsɪlæbɪk	ləʊɡəʊsəlæbɪk	0.2727272727272727	0.23076923076923078
lokum	ləkuːm	lɑkʌm	ləʊkəm	ləʊkəm	compound	lok|um	0.4	0.3333333333333333	0.3333333333333333	ləʊkəm	ləʊkəm	0.3333333333333333	0.3333333333333333
longilateral	lɒndʒɪlætəɹəl	lɔŋɡaɪlætəɹəl	lɔŋɡɪlæɾɚɹəl	lɔŋəleɪtɚəl	compound	longi|lateral	0.3076923076923077	0.5	0.8181818181818182	lɔŋgɪlæɾəɹəl	lɑndʒəlætɝəl	0.4166666666666667	0.3333333333333333
longliver	lɒŋlaɪvɚ	lɒŋlɪvə	lɔŋɡlɪvɚ	lɔŋɡlɪvɚ	compound	long|liver	0.2857142857142857	0.375	0.375	lɔŋlɪvɚ	lɔŋɡlɪvɝ	0.2857142857142857	0.5
lonsdaleite	lɒnzdeɪlaɪt	lɑnsdeɪlaɪt	lɑnsdəleɪt	lənsdəlit	compound	lonsdale|ite	0.18181818181818182	0.5	0.6666666666666666	lɑnsdeɪlaɪt	lɑnsdəlaɪt	0.18181818181818182	0.4
lorchel	lɔːɹkəl	lɔɹkɛl	loɹtʃəl	lɔɹtʃəl	compound	lorch|el	0.16666666666666666	0.42857142857142855	0.2857142857142857	lɔɹtʃəl	lɔɹkəl	0.2857142857142857	0.0
losin'	luːzɪn	ləʊzɪn	lɑsɪn	ləʊzɪn	compound	los|in	0.3333333333333333	0.4	0.3333333333333333	ləʊsɪn	ləʊzɪn	0.5	0.3333333333333333
loxodromic	lɒksədɹɒmɪk	lɒksɒdɹɑmɪk	lɑksədɹɑmɪk	lɑksədɹəmɪk	compound	lox|od|romic	0.18181818181818182	0.18181818181818182	0.18181818181818182	lɑksədɹɑmɪk	lɑksədɹɑmɪk	0.18181818181818182	0.18181818181818182
loxygen	lɒksɪdʒən	lɒksɪdʒən	lɑksɪdʒən	lɑksɪdʒən	compound	l|oxygen	0.0	0.1111111111111111	0.1111111111111111	lɑksɪdʒən	lɑksɪɡən	0.1111111111111111	0.375
lth	ɛlθ	lθ	ɛltieɪtʃ	lθ	compound	l|th	0.5	0.75	0.5	ɛltieɪtʃ	ɛlθi	0.75	0.25
lubricous	luːbɹɪkəs	lubɹɪkəs	lubɹɪkəs	lʌbɹɪkɔs	compound	lu|bric|ous	0.0	0.0	0.25	lubɹɪkəs	lubɹɪkəs	0.0	0.0
lucanthone	luːkænθəʊn	lukənθəʊn	lukənθəʊn	lukænθəʊn	compound	lucan|thone	0.1111111111111111	0.1111111111111111	0.0	lukənthəʊn	lukənθəʊn	0.3	0.1111111111111111
ludomusical	ludoʊmjuzɪkəl	ludəʊmjuzɪkəl	ludəmjuzɪkəl	ludəməsɪkəl	compound	ludo|musical	0.0	0.08333333333333333	0.36363636363636365	ludəmuzɪkəl	ludəmjuzɪkəl	0.18181818181818182	0.08333333333333333
ludomusicality	ludoʊmjuzɪkælɪti	ludəʊmjuzɪkælɪti	ludəmjuzɪkælᵻɾi	ludəməsɪkəlɪti	compound	ludo|musicality	0.0	0.2	0.35714285714285715	ludəmuzɪkæləɾi	ludəmjuzəkæləti	0.2857142857142857	0.2
ludomusicologist	ludoʊmjuzɪkɑlədʒɪst	ludəʊmjuzɪkɒlədʒɪst	ludəmjuzɪkɑlədʒɪst	ludəməsɪkələdʒɪst	compound	ludo|musicologist	0.05263157894736842	0.05555555555555555	0.29411764705882354	ludəmjuzɪkɑlədʒɪst	ludəmjuzəkɑlədʒɪst	0.05555555555555555	0.1111111111111111
ludomusicology	ludoʊmjuzɪkɑlədʒi	ludəʊmjuzɪkɒlədʒi	ludəmjuzɪkɑlədʒi	ludəməsɪkələdʒi	compound	ludo|musicology	0.058823529411764705	0.0625	0.3333333333333333	ludəmjuzɪkɑlədʒi	ludəʊmjuzəkɑlədʒi	0.0625	0.058823529411764705
luged	luːʒd	ludʒd	ludʒd	ludʒd	compound	luge|d	0.2	0.2	0.2	ludʒd	ludʒd	0.2	0.2
luigino	luːiːdʒiːnəʊ	luidʒinəʊ	ljuɪdʒinəʊ	luɪdʒɪnəʊ	compound	luigi|no	0.0	0.2	0.2222222222222222	luidʒinəʊ	luɪdʒinəʊ	0.0	0.1111111111111111
luminescences	luːmɪnɛsənsɛs	lumɪnɛsəns	lumɪnɛsənsᵻz	lumɪnɛsənsɪz	compound	luminescence|s	0.2	0.16666666666666666	0.16666666666666666	lumənɛsənsᵻz	lumənɛsənsɪz	0.25	0.25
lungie	lʌŋi	lʊŋgi	lʌndʒi	lʌndʒi	compound	lungi|e	0.4	0.5	0.5	lʌndʒi	ləŋi	0.5	0.25
lupanar	luːpeɪnɑː	lupənɑɹ	lupænɚ	lupənɚ	compound	lupa|na|r	0.42857142857142855	0.5	0.5	lupənɑɹ	lupənɑɹ	0.42857142857142855	0.42857142857142855
luteofulvous	luːtɪəʊfʌlvəs	lutəʊfʊlvəs	luɾɪəfʌlvəs	lutəʊfəlvəs	compound	lute|o|fulvous	0.18181818181818182	0.18181818181818182	0.18181818181818182	lutəʊfəlvəs	lutiəʊfəlvəs	0.18181818181818182	0.16666666666666666
luvz	lʌvz	lʌvz	lʌvz	lʌvz	compound	luv|z	0.0	0.0	0.0	lʌvz	ləvz	0.0	0.25
lyingest	laɪɪŋɪst	laɪɪŋɛst	lɪɪŋɡɪst	laɪɪndʒɛst	compound	lying|est	0.125	0.25	0.4	laɪɪŋgɪst	laɪɪŋɡəst	0.1111111111111111	0.2222222222222222
lymphadenoma	lɪmfædənoʊmə	lɪmfædənəʊmə	lɪmfədənəʊmə	lɪmfeɪdənəʊmə	compound	lymph|adenoma	0.0	0.08333333333333333	0.15384615384615385	lɪmfədinəmə	lɪmfədənəʊmə	0.2727272727272727	0.08333333333333333
m'lady	məleɪdi	mleɪdi	ɛmleɪdi	mzleɪdi	compound	m|lady	0.16666666666666666	0.2857142857142857	0.14285714285714285	ɛmleɪdi	məleɪdi	0.2857142857142857	0.0
macadamization	məkædəmɪzeɪʃən	məkædəmaɪzeɪʃən	məkædəmᵻzeɪʃən	mækədəmɪzeɪʃən	compound	macadam|ization	0.06666666666666667	0.07142857142857142	0.14285714285714285	məkædəməzeɪʃən	mækədəməzeɪʃən	0.07142857142857142	0.21428571428571427
macajuel	mækəwɛl	mækədʒul	mækədʒjul	məkədʒul	compound	mac|a|juel	0.375	0.4444444444444444	0.5	mækədʒul	mækədʒuəl	0.375	0.4444444444444444
macramé	mækɹəmeɪ	mækɹəmeɪ	mækɹəmeɪ	mækɹəm	compound	[]	0.0	0.0	0.3333333333333333	mækɹəmeɪ	mækɹəmeɪ	0.0	0.0
macropine	mækɹəpaɪn	mækɹəʊpaɪn	mækɹəpaɪn	mækɹəpin	compound	macro|pine	0.1	0.0	0.25	mækɹəpaɪn	mækɹəpaɪn	0.0	0.0
macrovirus	mækɹoʊvaɪɹəs	mækɹəʊvaɪɹəs	mækɹəvaɪɹəs	mækɹəʊvɪɹəs	compound	macro|virus	0.0	0.09090909090909091	0.09090909090909091	mækɹəʊvaɪɹəs	mækɹəʊvaɪɹəs	0.0	0.0
maculature	mækjʊlətjʊɚ	mækjʊlətʊɹ	mækjʊlətʃɚ	mækjəlætʃɚ	compound	macula|ture	0.2	0.2	0.4	mæk.jə.lət͡ʃɚ	mækjələtʃɝ	0.38461538461538464	0.4
maculele	mɑːkuleɪleɪ	mækjullə	mækjʊlɛl	mækjull	compound	macule|le	0.75	0.875	0.8571428571428571	məkjuləleɪ	mækjəlil	0.4	0.875
madrasah	mədɹæsə	mədɹæsəh	mædɹæsə	mædɹæsə	compound	madrasa|h	0.125	0.14285714285714285	0.14285714285714285	mədɹæsə	mədɹæsə	0.0	0.0
maechi	meɪtʃi	meɪtʃaɪ	mitʃaɪ	mɑtʃi	compound	mae|chi	0.2857142857142857	0.6666666666666666	0.4	meɪtʃi	məɛki	0.0	0.8
maffick	mæfɪk	mæfɪk	mæfɪk	mæfɪk	compound	maff|ick	0.0	0.0	0.0	mæfɪk	mæfɪk	0.0	0.0
maftir	mɑːftiːɹ	mɑftɪɹ	mæftɪɹ	mæftɚ	compound	m|aft|ir	0.16666666666666666	0.3333333333333333	0.6	mæftɪɹ	mæftɝ	0.3333333333333333	0.6
magnanerie	mæɡneɪnəɹi	mæɡnənɪɹi	mæɡnænɚɹi	mæɡnənɛɹi	compound	magnan|erie	0.3333333333333333	0.3333333333333333	0.3333333333333333	mægnənɛəɹi	mæɡnænɝi	0.4	0.5
magnetohydrodynamical	mæɡniːtəʊhaɪdɹəʊdaɪnæmɪkəl	mægnɛɾəʊhaɪdɹəʊdaɪnæmɪkæl	mæɡnɪtəʊaɪdɹɑdaɪnæmɪkəl	mæɡnɛtəʊhaɪdɹəʊdinæmɪkəl	compound	magnetohydrodynamic|al	0.16	0.17391304347826086	0.125	mægnɛɾəʊhaɪdɹəʊdaɪnæməkəl	mæɡnətəʊhaɪdɹəʊdənæmɪkəl	0.16	0.125
magnolious	mæɡnəʊliəs	mæɡnəʊlius	mæɡnəʊliəs	mæɡnəʊliəs	compound	magno|liou|s	0.1	0.0	0.0	mægnəʊliəs	mæɡnəʊliəs	0.1	0.0
mahalepi	mɑːhɑlepi	məhɑlɛpɪ	mæheɪlpi	məhəlpi	compound	mahal|epi	0.375	0.5	0.42857142857142855	məhɑlɛpi	məhəlɛpi	0.25	0.375
majiang	mɑdʒɒŋ	mɑdʒɑŋ	mædʒjɑŋ	meɪdʒiɑŋ	compound	ma|jiang	0.16666666666666666	0.42857142857142855	0.5	mædʒiɑŋ	meɪdʒiæŋ	0.42857142857142855	0.5
majorant	meɪdʒəɹənt	meɪdʒəænt	mədʒoɹənt	mədʒɚænt	compound	major|ant	0.2222222222222222	0.3333333333333333	0.625	meɪdʒəɹənt	meɪdʒɝənt	0.0	0.2222222222222222
makeaway	meɪkəweɪ	meɪkəweɪ	meɪkəweɪ	meɪkəweɪ	compound	make|away	0.0	0.0	0.0	meɪkəweɪ	meɪkəweɪ	0.0	0.0
makefast	meɪkfɑːst	meɪkfɑst	meɪkfæst	meɪkfæst	compound	make|fast	0.0	0.125	0.125	meɪkfæst	meɪkfæst	0.125	0.125
maladaptable	mælədæptəbəl	mælədæptəbəl	mælədæptəbəl	mələdəptəbəl	compound	mal|adaptable	0.0	0.0	0.16666666666666666	mælədæptəbəl	mælədæptəbəl	0.0	0.0
malbec	mælbɛk	mælbɛk	mælbɛk	mælbɪk	compound	mal|bec	0.0	0.0	0.16666666666666666	mælbɛk	mælbɛk	0.0	0.0
malfed	mælfɛd	mælfɛd	mælfɛd	mælft	compound	mal|fed	0.0	0.0	0.4	mælfɛd	mælft	0.0	0.4
maltaxation	mæltækseɪʃən	mæltækseɪʃən	mɔltəkseɪʃən	mæltækseɪʃən	compound	mal|taxation	0.0	0.16666666666666666	0.0	mɔltækseɪʃən	mɔltəkseɪʃən	0.08333333333333333	0.16666666666666666
mamey	mɑmeɪ	meɪmj	meɪmi	meɪmi	compound	mame|y	0.8	0.8	0.8	meɪmi	meɪmi	0.8	0.8
mammiferous	mæmɪfəɹəs	mæmmɪfəɹəs	mæmɪfɚɹəs	mæmaɪfɚəs	compound	mam|mi|ferous	0.1	0.1111111111111111	0.3333333333333333	mæməfəɹəs	məmɪfɝəs	0.1111111111111111	0.375
manavelins	mənævəlɪnz	mɑnəvilɪnz	mæneɪvlɪnz	mənəvlənz	compound	mana|ve|lins	0.3	0.4	0.3333333333333333	mænəvɛlɪnz	mænəvɛlɪnz	0.3	0.3
mando	mændəʊ	mændəʊ	mændəʊ	mændəʊ	compound	mand|o	0.0	0.0	0.0	mændəʊ	mændəʊ	0.0	0.0
manfluencer	mænfluənsɚ	mænfluənsɹ	mænfluənsɚ	mænflunsɚ	compound	man|fluence|r	0.1	0.0	0.1111111111111111	mænfluənsəɹ	mænfluənsɝ	0.18181818181818182	0.1
mangal	mæŋɡəl	mæŋɡəl	mæŋɡəl	mæŋɡəl	compound	manga|l	0.0	0.0	0.0	mæŋgəl	mæŋɡəl	0.16666666666666666	0.0
mangemange	mæŋimæŋi	mændʒmændʒ	meɪndʒɪmeɪndʒ	mændʒməndʒ	compound	mange|mange	0.6	0.8461538461538461	0.7	mænd͡ʒmænd͡ʒ	meɪndʒmændʒ	0.6666666666666666	0.7272727272727273
manita	məniːtə	mænɪtə	mæniɾə	mænɪtə	compound	manit|a	0.3333333333333333	0.3333333333333333	0.3333333333333333	mənitə	mənitə	0.0	0.0
manoomin	mənoʊmɪn	mɑnəʊɒmɪn	mænumɪn	mənumən	compound	mano|om|in	0.2222222222222222	0.42857142857142855	0.42857142857142855	mənumən	mənumɪn	0.42857142857142855	0.2857142857142857
manred	mænɹɛd	mænɹɛd	mænɹɪd	mənɹɪd	compound	man|red	0.0	0.16666666666666666	0.3333333333333333	mænɹəd	mænɹɪd	0.16666666666666666	0.16666666666666666
manspread	mænspɹɛd	mænspɹɛd	mænspɹɛd	mænspɹid	compound	man|spread	0.0	0.0	0.125	mænspɹɛd	mænspɹɛd	0.0	0.0
manuka	mɑːnʊkə	mɑnukɑ	mænjukə	mænukə	compound	manu|ka	0.3333333333333333	0.42857142857142855	0.3333333333333333	mænukə	mənukə	0.3333333333333333	0.3333333333333333
manward	mænwəɹd	mænwɔd	mænwɚd	mænwɚd	compound	man|ward	0.3333333333333333	0.3333333333333333	0.3333333333333333	mænwəɹd	mænwɝd	0.0	0.3333333333333333
marasmatic	mæɹəzmætɪk	mɑɹəzmætɪk	mæɹəzmæɾɪk	mɑɹəsmætɪk	compound	maras|matic	0.1	0.1	0.2	mɛɹəzmæɾɪk	mɛɹəzmætɪk	0.2	0.1
marasmatics	maɹəzmatɪks	mɑɹəzmætɪks	mæɹəzmæɾɪks	mɑɹəsmætɪks	compound	maras|matic|s	0.18181818181818182	0.2727272727272727	0.2727272727272727	mɛɹəzmæɾɪks	mɛɹəzmætɪks	0.2727272727272727	0.18181818181818182
masale	məsɑːlɛ	mɑsɑlə	meɪzeɪl	mæsəl	compound	masa|le	0.3333333333333333	0.8571428571428571	0.6	mɑsɑli	məsɑli	0.3333333333333333	0.16666666666666666
masc	mæsk	mæsk	mæsk	mæsk	compound	mas|c	0.0	0.0	0.0	mæsk	mæsk	0.0	0.0
masgid	mæsɡɪd	mæsɡɪd	mæsdʒɪd	mæsdʒɪd	compound	mas|gid	0.0	0.2857142857142857	0.2857142857142857	mæsgɪd	mæsɡɪd	0.16666666666666666	0.0
massymore	mæsɪmɔː	mæsimɔ	mæsɪmoɹ	mæsimɔɹ	compound	massy|more	0.16666666666666666	0.2857142857142857	0.2857142857142857	mæsimɔɹ	mæsɪmɔɹ	0.2857142857142857	0.14285714285714285
matadero	mɑːtədɛəɹəʊ	mɑtədɝəʊ	mæɾədɛɹəʊ	mətədɚəʊ	compound	mata|der|o	0.375	0.3333333333333333	0.5	mɑtɑdɛɹəʊ	mɑtɑdɛɹəʊ	0.2222222222222222	0.2222222222222222
mathmo	mæθməʊ	mæθməʊ	mæθməʊ	mæθməʊ	compound	math|mo	0.0	0.0	0.0	mæθməʊ	mæθməʊ	0.0	0.0
matie	mæti	mæti	meɪɾi	meɪti	compound	mat|ie	0.0	0.6	0.4	meɪti	meɪti	0.4	0.4
matsutake	maːtsuːtaːkeɪ	mætsuteɪk	mætsuteɪk	mætsuteɪk	compound	matsu|take	0.4444444444444444	0.4444444444444444	0.4444444444444444	mɑtsutəkeɪ	mætsəteɪk	0.2	0.5555555555555556
mavrone	məvɹəʊn	mɑvɹəʊn	mævɹəʊn	mævɹəʊn	compound	mav|rone	0.14285714285714285	0.14285714285714285	0.14285714285714285	məvɹəʊn	mɑvɹəʊni	0.0	0.25
maxillipedary	mæksɪlɪpɛdəɹi	mæksɪləpɛdɛɹi	mæksɪlaɪpdɚɹi	mæksɪlɪpdɑɹi	compound	maxilliped|ary	0.15384615384615385	0.23076923076923078	0.16666666666666666	mæksɪləpeɪdəɹi	mæksəlɪpədɛɹi	0.21428571428571427	0.23076923076923078
may't	meɪt	meɪt	meɪt	meɪɪt	compound	may|t	0.0	0.0	0.2	meɪt	meɪt	0.0	0.0
may've	meɪv	meɪvi	meɪəv	meɪzv	compound	may|ve	0.2	0.2	0.2	meɪv	meɪv	0.0	0.0
mazard	mæzəɹd	mɑzɑɹd	mæzɚd	məzɑɹd	compound	maz|ard	0.3333333333333333	0.4	0.3333333333333333	mæzəɹd	məzɑɹd	0.0	0.3333333333333333
measlings	miːzlɪŋz	mislɪŋz	mislɪŋz	mislɪŋz	compound	mea|slings	0.14285714285714285	0.14285714285714285	0.14285714285714285	mizlɪŋz	mizlɪŋz	0.0	0.0
mediafan	miːdiəfæn	midiəfæn	midiəfən	mɛdiəfən	compound	media|fan	0.0	0.125	0.25	midiəfæn	midiəfæn	0.0	0.0
mediatic	miːdiætik	midiətɪk	midɪæɾɪk	mɛdiətɪk	compound	media|tic	0.25	0.375	0.375	midiætɪk	midiætɪk	0.125	0.125
medicornu	miːdikɔːɹnjuː	mɛdikɔɹnu	mɛdɪkoɹnu	mɛdɪkɔɹnu	compound	medi|cornu	0.2222222222222222	0.4444444444444444	0.3333333333333333	mɛdɪkɔɹnu	mɛdɪkɔɹnu	0.3333333333333333	0.3333333333333333
meef	miːf	mif	mif	mif	compound	mee|f	0.0	0.0	0.0	mif	mif	0.0	0.0
megahex	mɛɡəhɛks	mɛɡəhɛks	mɛɡəhɛks	mɛɡəhɪks	compound	mega|hex	0.0	0.0	0.125	mɛgəhɛks	mɛɡəhɛks	0.125	0.0
megapoleis	mɛɡæpɒlɛɪz	mɛɡəpəʊlaɪz	mɛɡəpəʊlaɪz	mɛɡəpəʊliz	compound	mega|poleis	0.36363636363636365	0.36363636363636365	0.5	mɛgəpəʊlaɪz	mɛɡəpəʊlaɪz	0.45454545454545453	0.36363636363636365
megapolis	mɛɡæpɒlɪs	mɛɡəpəlɪs	mɛɡəpəlɪs	mɛɡəpəʊlɪs	compound	mega|polis	0.2222222222222222	0.2222222222222222	0.3	mɛgəpɔlɪs	məɡæpəlɪs	0.3333333333333333	0.2222222222222222
megaripple	mɛɡəɹɪpəl	mɛɡəɹɪpəl	mɛɡɚɹɪpəl	mɛɡɛɹɪpəl	compound	mega|ripple	0.0	0.1111111111111111	0.1111111111111111	mɛgəɹɪpəl	mɛɡɝɪpəl	0.1111111111111111	0.25
megass	məɡæs	mɛɡæs	mɛɡəs	miɡəs	compound	meg|ass	0.2	0.4	0.4	mɛgəs	mɛɡəs	0.6	0.4
megatsunami	mɛɡətsuːnɑːmi	mɛɡətsunɑmi	mɛɡətsənɑmi	mɛɡətsənəmi	compound	mega|tsunami	0.0	0.09090909090909091	0.18181818181818182	mɛgətsunɑmi	mɛɡətsunɑmi	0.09090909090909091	0.0
melainotype	məleɪnətaɪp	mileɪnəʊtaɪp	mɛleɪnɑtaɪp	mɛleɪnəʊtaɪp	compound	me|laino|type	0.16666666666666666	0.18181818181818182	0.16666666666666666	mɛlənətaɪp	məleɪnətaɪp	0.3	0.0
melinite	mɛlɪnaɪt	mɛlɪnaɪt	mɛlɪnaɪt	mɛlɪnaɪt	compound	melin|ite	0.0	0.0	0.0	mɛlənaɪt	mɛlənaɪt	0.125	0.125
melodramata	mɛlədɹɑmətə	mɛlədɹɑmətɑ	mɛlədɹəmɑɾə	mɛlədɹəmətə	compound	melodrama|ta	0.09090909090909091	0.2727272727272727	0.09090909090909091	mɛlədɹɑməɾə	mɛləʊdɹəmɑtə	0.09090909090909091	0.25
memey	miːmi	mimj	mɛmi	mɛmi	compound	meme|y	0.25	0.25	0.25	mimi	mɛmi	0.0	0.25
mendication	mɛndɪkeɪʃən	mɛndikeɪʃən	mɛndɪkeɪʃən	mɛndɪkeɪʃən	compound	mendi|cation	0.09090909090909091	0.0	0.0	mɛndɪkeɪʃən	mɛndəkeɪʃən	0.0	0.09090909090909091
mennish	mɛnɪʃ	mɛnɪʃ	mɛnɪʃ	mɛnɪʃ	compound	menn|ish	0.0	0.0	0.0	mɛnɪʃ	mɛnɪʃ	0.0	0.0
menoxenia	miːnəziːniə	meɪnəʊziniə	mɛnəksiniə	mɛnəksəniə	compound	meno|xenia	0.2727272727272727	0.3	0.4	mɛnəksiniə	mɛnəksiniə	0.3	0.3
menstrate	mɛnstɹeɪt	mɛnstɹeɪt	mɛnstɹeɪt	mənstɹeɪt	compound	men|strate	0.0	0.0	0.1111111111111111	mɛnstɹeɪt	mɛnstɹeɪt	0.0	0.0
mephitism	məfaɪtɪzm	məfaɪɾəsm	mɛfɪtɪzəm	mɛfɪtɪzəm	compound	mephitis|m	0.3333333333333333	0.3333333333333333	0.3333333333333333	mɛfətɪzəm	mɛfətɪzəm	0.4444444444444444	0.4444444444444444
mereological	mɪəɹiəlɒdʒɪkəl	miəəʊlɒdʒɪkəl	mɛɹɪəlɑdʒɪkəl	mɛɹiəʊlədʒɪkəl	compound	mere|o|logical	0.3076923076923077	0.3076923076923077	0.2857142857142857	mɪɹiəlɑdʒɪkəl	mɛɹiəlɑdʒɪkəl	0.15384615384615385	0.23076923076923078
mereology	mɪəɹiɒlədʒi	miəɒlədʒi	mɛɹɪɑlədʒi	mɛɹiəʊlədʒi	compound	mere|ology	0.3333333333333333	0.4	0.36363636363636365	mɪəɹɪɒləd͡ʒi	mɛɹiɑlədʒi	0.16666666666666666	0.3
merluce	mɜːɹluːs	mɝlus	mɜlus	mɚlus	compound	merl|uce	0.4	0.2	0.4	mɚlus	mɝlus	0.4	0.4
meropic	mɛɹoʊpɪk	mɛɹəʊpɪk	məɹɑpɪk	mɛɹɑpɪk	compound	mero|pic	0.0	0.42857142857142855	0.2857142857142857	mɛɹəpɪk	mɝɑpɪk	0.14285714285714285	0.6666666666666666
mesen	mɪsɛn	mɛsɛn	mɛsən	mɛsən	compound	mes|en	0.2	0.4	0.4	mizən	mizən	0.6	0.6
mestize	mɛstiːz	mɛstaɪz	mɛstaɪz	mɛstaɪz	compound	mest|ize	0.2857142857142857	0.2857142857142857	0.2857142857142857	mɛstaɪz	mɛstaɪz	0.2857142857142857	0.2857142857142857
metadiegetic	mɛtədaɪɪdʒɛtɪk	mitədaɪədʒɛɾɪk	mɛɾədidʒɛɾɪk	mɛteɪdiɡɪtɪk	compound	meta|diegetic	0.21428571428571427	0.4166666666666667	0.5833333333333334	mɛɾədaɪədʒɛɾɪk	mɛtədiɛdʒətɪk	0.21428571428571427	0.3076923076923077
metaknowledge	mɛtənɒlɪdʒ	mitənɒlɪdʒ	mɛtənɑlɪdʒ	mɛtənəʊlɛdʒ	compound	meta|knowledge	0.1	0.1	0.2727272727272727	mɛɾənɑlədʒ	mɛtəknɑlɪdʒ	0.3	0.18181818181818182
metallization	mɛtlaɪzeɪʃən	mɛtɔlaɪzeɪʃən	mɛɾəlᵻzeɪʃən	mɛtəlɪzeɪʃən	compound	metall|ization	0.07692307692307693	0.3333333333333333	0.16666666666666666	mɛɾəlaɪzeɪʃən	mɛtələzeɪʃən	0.15384615384615385	0.25
metamagic	mɛtəmædʒɪk	mitəmædʒɪk	mɛɾəmædʒɪk	mɛtəmədʒɪk	compound	meta|magic	0.1	0.1	0.1	mɛɾəmædʒɪk	mɛtəmædʒɪk	0.1	0.0
metamystic	mɛtəmɪstɪk	mitəmɪstɪk	mɛɾəmɪstɪk	mɛtəmɪstɪk	compound	meta|mystic	0.1	0.1	0.0	mɛɾəmɪstɪk	mɛtəmɪstɪk	0.1	0.0
metanoete	mɛtənəʊiːti	mitənəʊti	mɛtənəʊt	mɛtənəʊt	compound	meta|noe|te	0.2222222222222222	0.25	0.25	mɪtænəʊit	mɛtənəʊti	0.3333333333333333	0.1111111111111111
metaphysis	mətæfɪsɪs	mitəfaɪsɪs	mɛɾəfɪziz	mɛtəfizɪz	compound	meta|phy|sis	0.3	0.6666666666666666	0.5555555555555556	mətæfəsɪs	mɛtəfɪsɪs	0.1111111111111111	0.2222222222222222
metasomatite	mɛtəsəʊmətaɪt	mɛɾəzəʊmætaɪt	mɛɾəsɑmətaɪt	mitəsəmətɪt	compound	metas|omat|ite	0.23076923076923078	0.25	0.2727272727272727	mɛɾəsəʊmətaɪt	mətæsəmətaɪt	0.07692307692307693	0.25
metatext	mɛtətɛkst	mitətɛkst	mɛɾətɛkst	mɛteɪtɪkst	compound	meta|text	0.1111111111111111	0.1111111111111111	0.3	mɛɾətɛkst	mɛtətɛkst	0.1111111111111111	0.0
metatheoretical	mɛtəθiəɹɛtɪkl	mitəθiəɹɛtɪkəl	mɛɾəθiəɹɛɾɪkəl	mɛtəθɚɛtɪkəl	compound	meta|theoretical	0.14285714285714285	0.21428571428571427	0.3333333333333333	mɛɾəθiəɹɛɾɪkəl	mɛtəθiɝɛtɪkəl	0.21428571428571427	0.23076923076923078
metatime	mɛtətaɪm	mitətaɪm	mɛɾətaɪm	mɛtətɪm	compound	meta|time	0.125	0.125	0.14285714285714285	mɛɾətaɪm	mɛtətaɪm	0.125	0.0
meteorical	miːtiɒɹɪkəl	mitɪɒɹɪkæl	miɾɪɔɹɪkəl	mitɚɹɪkəl	compound	meteoric|al	0.2	0.3	0.2222222222222222	miɾiɔɹɪkəl	mitiɔɹɪkəl	0.2	0.1
methanethiol	mɛθeɪnθaɪɒl	miθeɪnθaɪɔl	mɛθənɛθɪɑl	mɛθənɛθiəl	compound	methane|thiol	0.18181818181818182	0.5	0.6	mɪθeɪnɪθaɪɒl	mɛθənɛθiəl	0.16666666666666666	0.6
methotrimeprazine	mɛθəʊtɹaɪmɛpɹəziːn	mɛθətɹaɪmpɹɑzin	mɛθətɹaɪmpɹeɪzin	mɛθətɹimɛpɹəzin	compound	methot|rime|p|ra|zine	0.2	0.25	0.2	məθɑtɹəmɛpɹəzin	mɛθətɹaɪməpɹəzin	0.3333333333333333	0.125
methylchloroisothiazolinone	mɛθɪlklɔːɹəʊaɪsəʊθaɪəzəʊlɪnəʊn	miθaɪltʃlɔɹəʊisəʊthaɪɑzəʊlinəʊni	mɛθəlkloɹəʊɪsəθɪəzɑlɪnɑn	mɛθɪlklɔɹɔɪsəθiəzəʊlənəʊn	compound	methyl|ch|loro|isot|hi|azo|lino|ne	0.34375	0.375	0.28	mɛθ.əl.klɔɹ.əaɪsəʊ.θaɪæz.ələʊnaɪn	miθɪlklɝwɑθiəzəʊlənən	0.3939393939393939	0.6666666666666666
methylenedioxymethamphetamine	mɛθɪliːndaɪɔksimɛθɪmfɛtɪmin	mɛθɪlindaɪɑksimɛθəmfɛtəmin	mɛθaɪlnɛdaɪɑksaɪmθəmfɛɾəmin	mɛθaɪləndiəʊaɪmɛθæmfɛtəmɪn	compound	methylene|dioxy|methamphetamine	0.11538461538461539	0.37037037037037035	0.4230769230769231	mɛθələnɛdɪksɛmθəæm.ətin	mɛθələnidiɑksəmɛθəmfətəmən	0.5652173913043478	0.4230769230769231
methylenedioxyphenethylamine	mɛθɪliːndaɪɒksifɛnɛθaɪləmiːn	mɛθɪlindaɪɑksifinðaɪləmin	mɛθaɪlnɛdaɪɑksɪfɛnɪθɪləmin	mɛθaɪləndiəksɪfənθiləmɪn	compound	methylene|dioxy|phene|thy|lamine	0.16	0.2692307692307692	0.4583333333333333	mɛθələnɛdɪəʊksifinəθɛməlɪn	mɛθələnidiɑksəfɛnəθələmən	0.5	0.44
methyltrienolone	miːθaɪltɹaɪiːnəloʊn	miθaɪltɹaɪnəʊləʊni	mɛθəltɹiənələʊn	mɛθɪltɹiənəʊlən	compound	methyl|trie|nolo|ne	0.16666666666666666	0.4	0.4666666666666667	mɛθ.əltɹaɪ.ənəʊləʊn	mɛθəltɹinələʊni	0.3157894736842105	0.4
methyprylon	mɛθɪpɹaɪlɒn	mɛθjpɹaɪlɑn	mɛθaɪpɹɪlən	mɛθɪpɹilən	compound	meth|y|pry|lon	0.18181818181818182	0.2727272727272727	0.3	məθɪpɹəlɑn	mɛθipɹaɪlən	0.4	0.18181818181818182
metings	miːtɪŋz	mitɪŋs	miɾɪŋz	mɛtɪŋz	compound	meting|s	0.16666666666666666	0.16666666666666666	0.16666666666666666	miɾɪŋz	mitɪŋz	0.16666666666666666	0.0
mevushal	mɪvuːʃɑːl	mivuʃɑl	mɛvʌʃəl	mɛvʌʃəl	compound	me|vu|sha|l	0.14285714285714285	0.42857142857142855	0.42857142857142855	məvʌʃəl	mɛvəʃəl	0.42857142857142855	0.42857142857142855
miaul	miːaʊl	miəəl	maɪəʌl	miɔl	compound	mia|ul	0.2	0.5	0.25	miəl	miɔl	0.0	0.25
micing	maɪkɪŋ	maɪkɪŋ	maɪkɪŋ	mɪsɪŋ	compound	mic|ing	0.0	0.0	0.4	maɪsɪŋ	maɪsɪŋ	0.16666666666666666	0.16666666666666666
microaccelerometer	maɪkɹəʊəksɛləɹɒmɪtɚ	maɪkɹəʊəksɛləɹɒmɪtə	maɪkɹəʊəksɛlɚɹɑmɪɾɚ	mɪkɹəʊtʃɛlɚəmɛtɚ	compound	micro|accelerometer	0.05263157894736842	0.15789473684210525	0.5	maɪkɹəʊəksɛləɹɑməɾəɹ	maɪkɹəʊæksəlɝɑmətɝ	0.25	0.3888888888888889
microexpression	maɪkɹəʊɪkspɹɛʃən	maɪkɹəʊɛkspɹɛʃən	maɪkɹəʊɛkspɹɛʃən	mɪkɹəʊkspɹɛʃən	compound	micro|expression	0.0625	0.0625	0.14285714285714285	maɪkɹəʊɪkspɹɛʃən	maɪkɹəʊɛkspɹɛʃən	0.0	0.0625
microgel	mɑːɪkɹəʊdʒɛl	maɪkɹəʊdʒɛl	maɪkɹəʊdʒɛl	mɪkɹəʊɡəl	compound	micro|gel	0.09090909090909091	0.09090909090909091	0.4444444444444444	maɪkɹəʊgɛl	maɪkɹəʊɡɛl	0.3	0.3
micronise	maɪkɹɒnɪz	maɪkɹɒnaɪz	maɪkɹəʊnaɪz	mɪkɹənɪs	compound	micron|ise	0.1	0.2727272727272727	0.375	maɪkɹəʊnaɪz	maɪkɹənaɪz	0.2727272727272727	0.2
microplagiarism	maɪkɹəpleɪdʒəɹɪzm	maɪkɹəʊpleɪdʒəɹɪzəm	maɪkɹəʊpleɪdʒɚɹɪzəm	mɪkɹɑplæɡɪɹɪzəm	compound	micro|plagiarism	0.10526315789473684	0.15789473684210525	0.5333333333333333	maɪkɹəʊpleɪdʒəɹɪzəm	maɪkɹəʊpleɪdʒɝɪzəm	0.10526315789473684	0.2222222222222222
microplate	maɪkɹoʊpleɪt	maɪkɹəʊpleɪt	maɪkɹəʊpleɪt	mɪkɹɑpleɪt	compound	micro|plate	0.0	0.0	0.3	maɪkɹəʊpleɪt	maɪkɹəʊpleɪt	0.0	0.0
micropod	maɪkɹəpɒd	maɪkɹəʊpɒd	maɪkɹəʊpɑd	mɪkɹəpəd	compound	micro|pod	0.1	0.2	0.25	maɪkɹəʊpɑd	maɪkɹəʊpɑd	0.2	0.2
midbroad	mɪdbɹɔːd	mɪdbɹɔd	mɪdbɹɔd	mɪdbɹəʊd	compound	mid|broad	0.0	0.0	0.25	mɪdbɹɔd	mɪdbɹɔd	0.0	0.0
midlong	mɪdlɒŋ	mɪdlɒŋ	mɪdlɔŋ	mɪdlɔŋ	compound	mid|long	0.0	0.16666666666666666	0.16666666666666666	mɪdlɔŋ	mɪdlɔŋ	0.16666666666666666	0.16666666666666666
midmonth	mɪdmʌnθ	mɪdmʌnθ	mɪdmʌnθ	mɪdmɑnθ	compound	mid|month	0.0	0.0	0.14285714285714285	mɪdmʌnθ	mɪdmənθ	0.0	0.14285714285714285
midwide	mɪdwaɪd	mɪdwaɪd	mɪdwaɪd	mɪdwaɪd	compound	mid|wide	0.0	0.0	0.0	mɪdwaɪd	mɪdwaɪd	0.0	0.0
midwit	mɪdwɪt	mɪdwɪt	mɪdwɪt	mɪdwɪt	compound	mid|wit	0.0	0.0	0.0	mɪdwɪt	mɪdwɪt	0.0	0.0
mightst	maɪtst	maɪtst	maɪtst	maɪtst	compound	mights|t	0.0	0.0	0.0	maɪtst	maɪtst	0.0	0.0
migniard	mɪnjɑːɹd	mɪɡniɑɹd	mɪɡnɪɚd	mɪɡniɑɹd	compound	mig|ni|ard	0.25	0.5714285714285714	0.25	mɪɡnɪəd	mɪɡnjɝd	0.5714285714285714	0.42857142857142855
milliary	mɪliəɹi	mɪliɛɹi	mɪlɪɛɹi	mɪlɪɹi	compound	milli|ary	0.14285714285714285	0.2857142857142857	0.3333333333333333	mɪliɚi	mɪljɝi	0.3333333333333333	0.5
minerogenetic	mɪnəɹəʊdʒənɛtɪk	mɪnɛɹəʊdʒɛnɛtɪk	maɪnɚɹəʊdʒnɛɾɪk	maɪnɚədʒənɛtɪk	compound	minero|genetic	0.13333333333333333	0.26666666666666666	0.2857142857142857	maɪnəɹəʊdʒənɛɾɪk	mɪnɝɑdʒənɛtɪk	0.125	0.3076923076923077
miniac	mɪniæk	mɪniək	mɪnɪæk	mɪniək	compound	mini|a|c	0.16666666666666666	0.16666666666666666	0.16666666666666666	mɪniæk	mɪniæk	0.0	0.0
miniculture	mɪnikʌltʃɚ	mɪnikʌltʃə	mɪnɪkʌltʃɚ	mɪnɪkʌltʃɚ	compound	mini|culture	0.1	0.1	0.1	mɪnikʌltʃəɹ	mɪnɪkəltʃɝ	0.18181818181818182	0.3
minimifidian	mɪnɪmɪfɪdiən	mɪnɪmifɪdiən	mɪnɪmɪfɪdiən	mɪnɪməfɪdiən	compound	minimi|fidia|n	0.08333333333333333	0.0	0.08333333333333333	mɪnɪmɪfɪdiən	mɪnɪməfɪdiən	0.0	0.08333333333333333
misbalance	mɪsbæləns	mɪsbæləns	mɪsbæləns	mɪsbələns	compound	mis|balance	0.0	0.0	0.1111111111111111	mɪsbæləns	mɪsbæləns	0.0	0.0
miscalibrate	mɪskælɪbɹeɪt	mɪskælɪbɹeɪt	mɪskælɪbɹeɪt	mɪskəlɪbɹeɪt	compound	mis|calibrate	0.0	0.0	0.08333333333333333	mɪskæləbɹeɪt	mɪskæləbɹeɪt	0.08333333333333333	0.08333333333333333
miscaption	mɪskæpʃən	mɪskæpʃən	mɪskæpʃən	mɪskæpʃən	compound	mis|caption	0.0	0.0	0.0	mɪskæpʃən	mɪskæpʃən	0.0	0.0
miscensure	mɪssɛnʃɚ	mɪsɛnʃə	mɪsɛnʒɚ	mɪsənsɚ	compound	mis|censure	0.2857142857142857	0.2857142857142857	0.42857142857142855	mɪssɛnʃɚ	mɪsɛnʃɝ	0.0	0.2857142857142857
mischanceful	mɪstʃænsfəl	mɪstʃænsfʊl	mɪstʃænsfəl	mɪʃænsəfəl	compound	mischance|ful	0.09090909090909091	0.0	0.3	mɪstʃænsfəl	mɪʃænsfəl	0.0	0.2222222222222222
miscome	mɪskʌm	mɪskʌm	mɪskʌm	mɪskəʊm	compound	mis|come	0.0	0.0	0.2857142857142857	mɪskʌm	mɪskəm	0.0	0.16666666666666666
miscomment	mɪskɒmɛnt	mɪskɒmɛnt	mɪskɑmɛnt	mɪskəmənt	compound	mis|comment	0.0	0.1111111111111111	0.2222222222222222	mɪskɑmɛnt	mɪskɑmənt	0.1111111111111111	0.2222222222222222
miscontact	mɪskɒntækt	mɪskɑntækt	mɪskɑntækt	mɪskəntækt	compound	mis|contact	0.1	0.1	0.1	mɪskɑntækt	mɪskəntækt	0.1	0.1
miscontrol	mɪskəntɹoʊl	mɪskəntɹəʊl	mɪskəntɹəʊl	mɪskəntɹəl	compound	mis|control	0.0	0.0	0.1	mɪskəntɹəʊl	mɪskɑntɹɑl	0.0	0.3
miscredit	mɪskɹɛdɪt	mɪskɹɛdɪt	mɪskɹɛdɪt	mɪskɹɛdɪt	compound	mis|credit	0.0	0.0	0.0	mɪskɹɛdɪt	mɪskɹɛdɪt	0.0	0.0
miserabler	mɪzɹəbəlɚ	mɪzɹəbəlɹ	mɪzɹəblɚ	maɪzɚəblɚ	compound	miserable|r	0.1111111111111111	0.125	0.3333333333333333	mɪzəɹəbəlɚ	mɪzɝəblɝ	0.1	0.375
misexchange	mɪsɪkstʃeɪndʒ	mɪsɛkstʃeɪndʒ	mɪsɛkstʃeɪndʒ	maɪsɛkstʃændʒ	compound	mis|exchange	0.07692307692307693	0.07692307692307693	0.3076923076923077	mɪsɛkstʃeɪndʒ	mɪsɛkstʃeɪndʒ	0.07692307692307693	0.07692307692307693
misgrace	mɪsɡɹeɪs	mɪsɡɹeɪs	mɪsɡɹeɪs	mɪsɡɹeɪs	compound	mis|grace	0.0	0.0	0.0	mɪsgɹeɪs	mɪsɡɹeɪs	0.125	0.0
misguilt	mɪsɡɪlt	mɪsɡɪlt	mɪsɡɪlt	mɪsɡwɪlt	compound	mis|guilt	0.0	0.0	0.125	mɪsgɪlt	mɪsɡɪlt	0.14285714285714285	0.0
misheed	mɪshiːd	mɪshid	mɪshid	mɪʃid	compound	mis|heed	0.0	0.0	0.4	mɪsʃid	mɪshid	0.16666666666666666	0.0
mishpocha	mɪʃpɒkə	mɪʃpɑkə	mɪshpɑtʃə	mɪʃpɑtʃə	compound	mish|poch|a	0.14285714285714285	0.5555555555555556	0.375	mɪʃpəʊtʃə	mɪʃpəʊtʃə	0.4444444444444444	0.4444444444444444
misintended	mɪsɪntɛndɪd	mɪsɪntɛndɛd	mɪsɪntɛndᵻd	mɪsɪntɛndɪd	compound	misintend|ed	0.09090909090909091	0.09090909090909091	0.0	mɪsɪntɛndɪd	mɪsɪntɛndɪd	0.0	0.0
mislook	mɪslʊk	mɪslʊk	mɪslʊk	mɪslʊk	compound	mis|look	0.0	0.0	0.0	mɪslʊk	mɪslʊk	0.0	0.0
misomusist	mɪsəʊmjuːzɪst	mɪsəʊməsɪst	mɪsɑmjusɪst	mɪsəməsɪst	compound	miso|mus|ist	0.2727272727272727	0.2727272727272727	0.4	mɪsəʊmjəsɪst	mɪsɑmjəsɪst	0.16666666666666666	0.36363636363636365
misopogon	mɪsəpəʊɡɒn	mɪsəʊpəʊɡəʊn	mɪsɑpɑɡən	mɪsɑpəɡən	compound	miso|pogo|n	0.25	0.4444444444444444	0.3333333333333333	mɪsəpɒɡən	mɪsɑpəɡən	0.3333333333333333	0.3333333333333333
misordering	mɪsɔɹdəɹɪŋ	mɪsɔɹdəɹɪŋ	mɪsɔɹdɚɹɪŋ	mɪsɚdɚɪŋ	compound	misorder|ing	0.0	0.1	0.5	mɪsɔɹdəɹɪŋ	mɪzɔɹdɝɪŋ	0.0	0.3333333333333333
misotheist	maɪsəʊθiːɪst	mɪsəʊθiɪst	mɪsɑθiɪst	mɪsəθaɪst	compound	miso|theist	0.1	0.3333333333333333	0.3333333333333333	mɪsɑθiɪst	mɪsəθaɪɪst	0.3333333333333333	0.4
mispaved	mɪspeɪvd	mɪspeɪvd	mɪspeɪvd	mɪspeɪvd	compound	mis|paved	0.0	0.0	0.0	mɪspeɪvd	mɪspeɪvd	0.0	0.0
misperceptive	mɪspəɹsɛptɪv	mɪspəsɛptɪv	mɪspɚsɛptɪv	mɪspɚsɛptɪv	compound	mis|perceptive	0.09090909090909091	0.18181818181818182	0.18181818181818182	mɪspəɹsɛptɪv	mɪspɝsɛptɪv	0.0	0.18181818181818182
misreference	mɪsɹɛfəɹəns	mɪsɹɛfɹəns	mɪsɹɛfɹəns	mɪsɹɪfɚəns	compound	mis|reference	0.1	0.1	0.3	mɪsɹɛfəɹəns	mɪsɹɛfɹəns	0.0	0.1
misregister	mɪsɹɛdʒɪstɚ	mɪsɹɛdʒɪstə	mɪsɹɛdʒɪstɚ	mɪsɹɪdʒɪstɚ	compound	mis|register	0.09090909090909091	0.0	0.09090909090909091	mɪsɹɛdʒɪstəɹ	mɪsɹɛdʒɪstɝ	0.16666666666666666	0.09090909090909091
misrepair	mɪsɹɪpɛɚ	mɪsɹɪpɛɹ	mɪsɹᵻpɛɹ	mɪsɹipeɪɹ	compound	mis|repair	0.125	0.25	0.4444444444444444	mɪsɹɪpɛɚ	mɪsɹɪpɛɹ	0.0	0.125
misrespect	mɪsɹɪspɛkt	mɪsɹɪspɛkt	mɪsɹᵻspɛkt	mɪsɹɪspɛkt	compound	mis|respect	0.0	0.1	0.0	mɪsɹɪspekt	mɪsɹɪspɛkt	0.1	0.0
missignal	mɪssɪɡnəl	mɪsɪɡnəl	mɪsɪɡnəl	mɪsɪɡnəl	compound	mis|signal	0.125	0.125	0.125	mɪssɪgnəl	mɪsaɪnjəl	0.1111111111111111	0.3333333333333333
mistella	mɪstɛlə	mɪstɛlə	mɪstɛlə	mɪstɛlə	compound	mistell|a	0.0	0.0	0.0	mɪstɛlə	mɪstɛlə	0.0	0.0
misworship	mɪswɜːɹʃɪp	mɪswɜʃɪp	mɪswɜʃɪp	mɪswɚʃɪp	compound	mis|worship	0.125	0.125	0.25	mɪswɜɹʃɪp	mɪswɝʃɪp	0.0	0.25
mithridatum	mɪθɹɪdeɪtəm	mɪθɹɪdeɪtəm	mɪθɹɪdeɪɾəm	mɪθɹɪdətəm	compound	mithri|datum	0.0	0.09090909090909091	0.2	mɪθɹɪdeɪtəm	mɪθɹədeɪtəm	0.0	0.09090909090909091
mithril	mɪθɹɪl	mɪθɹɪl	mɪθɹəl	mɪθɹɪl	compound	mithri|l	0.0	0.16666666666666666	0.0	mɪθɹɪl	mɪθɹəl	0.0	0.16666666666666666
mixin	mɪksɪn	mɪksɪn	mɪksɪn	mɪksɪn	compound	mix|in	0.0	0.0	0.0	mɪksɪn	mɪksɪn	0.0	0.0
mixtion	mɪkstʃən	mɪkstən	mɪksʃən	mɪksʃən	compound	mixt|ion	0.14285714285714285	0.14285714285714285	0.14285714285714285	mɪkstʃən	mɪksʃən	0.0	0.14285714285714285
miz	mɪz	mɪz	mɪz	maɪz	compound	mi|z	0.0	0.0	0.25	mɪz	mɪz	0.0	0.0
mnemist	niːmɪst	mnimɪst	nɛmɪst	mnɛmɪst	compound	m|ne|mist	0.14285714285714285	0.16666666666666666	0.2857142857142857	nɛmɪst	mnɛmɪst	0.16666666666666666	0.2857142857142857
moai	moʊaɪ	məʊəaɪ	məʊi	məʊi	compound	moa|i	0.16666666666666666	0.5	0.5	məʊeɪ	məʊaɪ	0.2	0.0
moaty	məʊti	məʊtj	məʊɾi	məʊti	compound	moat|y	0.2	0.2	0.0	məʊɾi	məʊti	0.2	0.0
mobled	məʊbəld	mɑbəld	mɑbəld	mɑbəld	compound	moble|d	0.3333333333333333	0.3333333333333333	0.3333333333333333	məʊbəld	məʊbəld	0.0	0.0
modester	mɒdɪstɚ	mɒdəstɜ	mɑdɛstɚ	məʊdɛstɚ	compound	modest|er	0.2857142857142857	0.2857142857142857	0.375	məʊdɛstɚ	mɑdəstɝ	0.375	0.42857142857142855
modmin	mɒdmɪn	mɒdmɪn	mɑdmɪn	mɑdmən	compound	mod|min	0.0	0.16666666666666666	0.3333333333333333	mɑdmɪn	mɑdmɪn	0.16666666666666666	0.16666666666666666
mogwai	mɒɡwaɪ	mɒɡwaɪ	mɑɡwaɪ	mɑɡweɪ	compound	mog|wai	0.0	0.16666666666666666	0.3333333333333333	mɑgwaɪ	mɑɡwaɪ	0.3333333333333333	0.16666666666666666
mohur	məʊhɚ	məʊhɝ	məʊhɚ	məʊhɚ	compound	mo|hur	0.2	0.0	0.0	məʊhɚ	məʊhɝ	0.0	0.2
moilee	mɔɪliː	mɔɪli	mɔɪli	mɔɪli	compound	moil|ee	0.0	0.0	0.0	mɔɪleɪ	mɔɪli	0.3333333333333333	0.0
moleheap	məʊlhiːp	məʊlhip	məʊlhip	məʊlhəp	compound	mole|heap	0.0	0.0	0.14285714285714285	məʊlhɪp	məʊlhip	0.14285714285714285	0.0
molehilly	məʊlhɪli	məʊlhɪlj	məʊlhɪli	məʊlhɪli	compound	molehill|y	0.125	0.0	0.0	məʊlhɪli	məʊlhɪli	0.0	0.0
monish	mɒnɪʃ	mɑnɪʃ	mɑnɪʃ	məʊnɪʃ	compound	mon|ish	0.2	0.2	0.3333333333333333	mɑnɪʃ	mɑnɪʃ	0.2	0.2
monoglyceride	mɒnəʊɡlɪsəɹaɪd	mɒnəʊglɪsəɹaɪd	mɑnəʊɡlɪsɚɹaɪd	mɑnəɡlisɚaɪd	compound	mono|glyceride	0.07142857142857142	0.14285714285714285	0.4166666666666667	mənɑglɪsəɹaɪd	mɑnəɡlɪsɝaɪd	0.3076923076923077	0.3333333333333333
monolid	mɒnəʊlɪd	mɒnəʊlɪd	mɑnəʊlɪd	mənəʊlɪd	compound	mono|lid	0.0	0.125	0.125	mɑnəlɪd	mɑnəlɪd	0.2857142857142857	0.2857142857142857
monorden	mənɔːɹdən	məʊnɔɹdən	mɑnəʊədən	mənɚdən	compound	mo|norden	0.1111111111111111	0.4444444444444444	0.2857142857142857	mɑnɚdən	mɑnɝdən	0.42857142857142855	0.42857142857142855
moob	muːb	mub	mub	mub	compound	moo|b	0.0	0.0	0.0	mub	mub	0.0	0.0
moochin	mʊkɪn	mutʃɪn	mutʃɪn	mutʃɪn	compound	mooch|in	0.5	0.5	0.5	mutʃɪn	mutʃɪn	0.5	0.5
moonflask	muːnflɑːsk	munflɑsk	munflæsk	munflæsk	compound	moon|flask	0.0	0.125	0.125	munflæsk	munflæsk	0.125	0.125
mopier	məʊpiɚ	məʊpiə	məʊpiɚ	məʊpiɚ	compound	mo|pier	0.16666666666666666	0.0	0.0	məʊpiəɹ	məʊpiɝ	0.2857142857142857	0.16666666666666666
morphling	mɔːɹflɪŋ	mɔɹflɪŋ	mɔɹflɪŋ	mɔɹflɪŋ	compound	morph|ling	0.0	0.0	0.0	mɔɹflɪŋ	mɔɹflɪŋ	0.0	0.0
morphophonological	mɒɹfoʊfɒnəlɒdʒɪkəl	mɔɹfəʊfɒnəlɒdʒɪkəl	mɔɹfəfɑnəlɑdʒɪkəl	mɔɹfəfənɑlədʒɪkəl	compound	morpho|phonological	0.05555555555555555	0.23529411764705882	0.29411764705882354	mɔɹfəʊfɑnəlɑdʒɪkəl	mɔɹfəfɑnəlɑdʒɪkəl	0.16666666666666666	0.23529411764705882
morphotyping	mɔːɹfətaɪpɪŋ	mɔɹfəʊtaɪpɪŋ	mɔɹfətaɪpɪŋ	mɔɹfətipɪŋ	compound	morpho|typing	0.08333333333333333	0.0	0.2	mɔɹfəʊtaɪpɪŋ	mɔɹfətaɪpɪŋ	0.08333333333333333	0.0
mosasaurid	məʊzəsɔːɹɪd	məʊsəsɔɹaɪd	mɑsəsɔɹɪd	məʊsəsəɹɪd	compound	mosasaur|id	0.18181818181818182	0.3333333333333333	0.2	mɑsəsɔɹɪd	məʊzəsɔɹɪd	0.3333333333333333	0.0
motrix	məʊtɹɪks	mɒtɹɪks	mɑtɹɪks	mɑtɹɪks	compound	mot|rix	0.2857142857142857	0.2857142857142857	0.2857142857142857	məʊtɹɪks	mɑtɹɪks	0.0	0.2857142857142857
mousmé	muːsmeɪ	musmeɪ	məsmeɪ	məsm	compound	[]	0.0	0.16666666666666666	0.75	məsmeɪ	məsmeɪ	0.16666666666666666	0.16666666666666666
mucoactive	mjuːkəʊæktɪv	mukəʊæktɪv	mjukəʊktɪv	mukəʊæktɪv	compound	mu|coactive	0.1	0.1	0.1	mjukəʊæktɪv	mjukəʊæktɪv	0.0	0.0
mucopus	mjuːkəʊpʌs	mukəʊpəs	mjukɑpəs	mukəpəs	compound	mu|copus	0.25	0.375	0.42857142857142855	mjukəpəs	mjukəpəs	0.25	0.25
mudbrick	mʌdbɹɪk	mʌdbɹɪk	mʌdbɹɪk	mʌdbɹɪk	compound	mud|brick	0.0	0.0	0.0	mʌdbɹɪk	mədbɹɪk	0.0	0.14285714285714285
mukbanger	mʌkbɑŋɚ	mʌkbɑŋɜ	mʌkbæŋɡɚ	mʌkbæŋɡɚ	compound	mukbang|er	0.14285714285714285	0.25	0.25	mʌkbæŋɚ	məkbæŋɝ	0.14285714285714285	0.42857142857142855
multigalactic	mʌltiɡəlæktɪk	məltiɡəlæktɪk	mʌltɪɡəlæktɪk	mʌltɪɡəlæktɪk	compound	multi|galactic	0.07692307692307693	0.07692307692307693	0.07692307692307693	mʌltigəɹæktɪk	məltɪɡəlæktɪk	0.15384615384615385	0.15384615384615385
munged	mʌndʒd	mʌndʒd	mʌndʒd	mʌndʒd	compound	munge|d	0.0	0.0	0.0	mʌnd͡ʒd	məŋd	0.14285714285714285	1.0
mus'n't	mʌsnt	məsnt	mʌsənt	mʌsənɪt	compound	mus|nt	0.2	0.16666666666666666	0.2857142857142857	mʌzənt	məsənt	0.3333333333333333	0.3333333333333333
musaceous	mjuːseɪʃəs	mjusəeɪʃəs	mjuseɪʃəs	mjuseɪsus	compound	musa|ceous	0.1	0.0	0.2222222222222222	mjəseɪʃəs	mjuzeɪʃəs	0.1111111111111111	0.1111111111111111
musclehead	mʌsəlhɛd	mʌsəlhɛd	mʌsəlhɛd	mʌsklihəd	compound	muscle|head	0.0	0.0	0.3333333333333333	mʌsəlhɛd	məsəlhɛd	0.0	0.125
mushrik	mʊʃɹɪk	məʃɹɪk	mʌʃɹɪk	mʌʃɹɪk	compound	mush|rik	0.16666666666666666	0.16666666666666666	0.16666666666666666	mʌʃɹɪk	məʃɹɪk	0.16666666666666666	0.16666666666666666
mushroomoid	mʌʃɹuːmɔɪd	mʌʃɹumɔɪd	mʌʃɹumɔɪd	mʌʃɹumɔɪd	compound	mushroom|oid	0.0	0.0	0.0	mʌʃɹumɔɪd	məʃɹumɔɪd	0.0	0.1111111111111111
musn't	mʌsnt	məsnt	mʌsənt	mʌsnɪt	compound	mus|nt	0.2	0.16666666666666666	0.16666666666666666	mʌstənt	məsənt	0.2857142857142857	0.3333333333333333
musnad	musnɑd	məsnæd	mʌsnæd	mʌsnəd	compound	mus|nad	0.3333333333333333	0.3333333333333333	0.3333333333333333	mʌsnæd	məsnəd	0.3333333333333333	0.3333333333333333
mut'ah	mutɑ	mʌtɑ	mʌɾə	mʌtʃə	compound	mut|ah	0.25	0.75	0.6	mʌtɚ	mətə	0.5	0.5
mutility	mjuːtɪlɪti	mjutɪlɪti	mjutɪlᵻɾi	mjutɪlɪti	compound	m|utility	0.0	0.2222222222222222	0.0	mjuɾəlɪɾi	mjutɪləti	0.3333333333333333	0.1111111111111111
mycoforestry	maɪkəʊfɒɹɪstɹi	maɪkəʊfɒɹɪstɹi	maɪkəfɔɹɪstɹi	maɪkəfɚstɹi	compound	my|co|forestry	0.0	0.15384615384615385	0.36363636363636365	maɪkəʊfɔɹəstɹi	maɪkəʊfɔɹəstɹi	0.14285714285714285	0.14285714285714285
myelon	maɪəlɒn	maɪilɔn	maɪɛlən	milən	compound	my|elon	0.2857142857142857	0.2857142857142857	0.8	maɪlɒn	maɪlən	0.16666666666666666	0.3333333333333333
myeloproliferative	maɪələpɹəlɪfəɹeɪtɪv	maɪɛləʊpɹəlɪfəɹəɾɪv	maɪɪlɑpɹəlɪfɚɹətɪv	miɛləpɹəʊlɪfɚətɪv	compound	my|el|o|proliferative	0.2631578947368421	0.2777777777777778	0.47058823529411764	maɪɪəʊpɹəlɪfəɹəɾɪv	maɪləpɹɑləfɛɹətɪv	0.3333333333333333	0.35294117647058826
myofilament	maɪoʊfɪləmənt	maɪəʊfɪləmənt	maɪəfɪləmənt	miɑfɪləmənt	compound	my|o|filament	0.0	0.08333333333333333	0.36363636363636365	maɪəʊfɪləmənt	maɪəʊfɪləmənt	0.0	0.0
myoid	maɪɔɪd	maɪɔɪd	maɪɔɪd	miɔɪd	compound	my|oid	0.0	0.0	0.4	maɪɔɪd	maɪɔɪd	0.0	0.0
myricetin	maɪɹɪsiːtɪn	maɪɹaɪstɪn	maɪɹaɪstɪn	mɪɹɪstɪn	compound	my|rice|tin	0.2	0.2	0.25	mɪɹɪsɪtɪn	mɪɹɪsɛtɪn	0.2222222222222222	0.2222222222222222
myristicin	maɪɹɪstɪsɪn	mɪɹɪstɪkɪn	maɪɹɪstɪsɪn	mɪɹɪstɪsɪn	compound	myristic|in	0.2	0.0	0.1	məɹɪstɪsɪn	mɪɹɪstɪsɪn	0.2	0.1
myristoylated	maɪɹɪstɔɪleɪtɪd	maɪɹɪstɔɪleɪtɪd	maɪɹɪstɔɪleɪɾᵻd	mɪɹɪstɔɪleɪtd	compound	my|rist|oy|lated	0.0	0.13333333333333333	0.15384615384615385	mɪɹɪstɔɪleɪɾᵻd	mɪɹɪstɔɪleɪtɪd	0.21428571428571427	0.07142857142857142
mythification	mɪθɪfɪkeɪʃən	mɪθɪfɪkeɪʃən	mɪθɪfɪkeɪʃən	mɪθɪfɪkeɪʃən	compound	myth|ification	0.0	0.0	0.0	mɪθəfəkeɪʃən	mɪθəfəkeɪʃən	0.16666666666666666	0.16666666666666666
naegleriasis	nɛɡləɹaɪəsɪs	nɑɛɡlɝiəsɪs	niɡəlɹɪɑsiz	neɪɡlɚiəsɪs	compound	na|egler|ia|sis	0.45454545454545453	0.6363636363636364	0.5454545454545454	neɪgləɹaɪəsɪs	nɛɡlɪɹiəsɪs	0.23076923076923078	0.2727272727272727
nahual	nəwɑːl	nɑəæl	næhjuəl	nɑhuəl	compound	nah|u|al	0.6	0.7142857142857143	0.6666666666666666	nɑwəl	nəhwɑl	0.4	0.16666666666666666
najis	nɑdʒɪs	nɑdʒis	nædʒiz	neɪdʒɪs	compound	na|ji|s	0.16666666666666666	0.5	0.2857142857142857	nɑdʒiz	nɑdʒɪs	0.3333333333333333	0.0
nancyboy	nænsibɔɪ	nænsibɔɪ	nænsɪbɔɪ	nænsibɔɪ	compound	nancy|boy	0.0	0.125	0.0	nænsibɔɪ	nænsibɔɪ	0.0	0.0
nanodiffraction	nænoʊdɪfɹækʃən	nænəʊdɪfɹækʃən	nænəʊdᵻfɹækʃən	nənəʊdɪfɹækʃən	compound	nano|diffraction	0.0	0.07142857142857142	0.07142857142857142	nænəʊdɪfɹækʃən	nænədəfɹækʃən	0.0	0.15384615384615385
naratriptan	nɑːɹətɹɪptæn	nɑɹətɹɪptən	næɹətɹɪptən	nɑɹətɹɪptən	compound	nara|tript|an	0.09090909090909091	0.18181818181818182	0.09090909090909091	nəɹæt.ɹɪp.tæn	nɛɹətɹɪptən	0.3076923076923077	0.18181818181818182
naricorn	nɛəɹɪkɔːɹn	nɑɹɪkɔɹn	næɹɪkɔɹn	nɑɹɪkɔɹn	compound	na|ric|orn	0.25	0.25	0.25	nɛɹəkɔɹn	nɛɹɪkɔɹn	0.25	0.125
nasoenteral	neɪzoʊɛntəɹəl	nɑsəʊɛntəɹəl	næsəʊntɚɹəl	neɪsəʊntɚəl	compound	naso|enteral	0.25	0.45454545454545453	0.36363636363636365	nəsəʊntəɹəl	nɑsəʊɛntɝəl	0.36363636363636365	0.45454545454545453
nasoileal	neɪzoʊɪliəl	nɑsəʊɪliəl	næsɔɪliəl	næsɔɪləl	compound	naso|ileal	0.3	0.5555555555555556	0.75	neɪsəʊɪliəl	nəsɔɪliəl	0.09090909090909091	0.5555555555555556
naujakasite	naʊjəkazaɪt	nəʊjɑkɑziti	nɔdʒəkæsaɪt	nɔdʒəkəsɪt	compound	nau|ja|kasi|te	0.5454545454545454	0.45454545454545453	0.6	nəd͡ʒəkəsaɪt	nɔdʒəkæsət	0.4166666666666667	0.7
nauseatic	nɔːziætɪk	nɔsɪətɪk	nɔsɪæɾɪk	nɔsətɪk	compound	nausea|tic	0.375	0.375	0.42857142857142855	nɔziæɾɪk	nɔziætɪk	0.125	0.0
nebentan	nəbɛntæn	nɛbɛntən	nɛbɛntən	nbɛntən	compound	neb|ent|an	0.25	0.25	0.2857142857142857	nəbɛn.tæn	nəbɛntən	0.1111111111111111	0.125
nebracetam	nəbɹæsɪtæm	nɛbɹeɪstæm	nɛbɹəsɛɾæm	nɛbɹəstəm	compound	neb|race|tam	0.4	0.4	0.4444444444444444	nəbɹæsɪtæm	nɛbɹəsɛtəm	0.0	0.4
neckless	nɛklɪs	nɛkles	nɛkləs	nɛkəls	compound	neck|less	0.16666666666666666	0.16666666666666666	0.3333333333333333	nɛkləs	nɛkləs	0.16666666666666666	0.16666666666666666
nee'n't	niːnt	nint	niənt	niznɪt	compound	nee|nt	0.0	0.2	0.3333333333333333	nint	nint	0.0	0.0
nefand	nɪfænd	nɛfænd	nɛfænd	nfænd	compound	nef|and	0.16666666666666666	0.16666666666666666	0.2	nɛfənd	nɛfənd	0.3333333333333333	0.3333333333333333
nefiracetam	nɛfɪɹæsɪtæm	nɛfɪɹæsɪtæm	nɛfɚɹæsɪtæm	nɛfɪɹəstəm	compound	nef|iracetam	0.0	0.09090909090909091	0.3	nəfɪɹæsɪtæm	nɛfɝæsətəm	0.09090909090909091	0.4
neglective	nɪɡlɛktɪv	nɪɡlɛktaɪv	nɛɡəlktɪv	nɛɡlɛktɪv	compound	neglect|ive	0.1	0.3333333333333333	0.1111111111111111	nəglɛktɪv	nɪɡlɛktɪv	0.2222222222222222	0.0
nekropoleis	nɛkɹɒpɒlɛɪz	nikɹɒpəʊlaɪz	nɛkɹəpəʊlaɪz	nɛkɹəpəʊliz	compound	ne|kro|poleis	0.3333333333333333	0.3333333333333333	0.45454545454545453	nɛkɹəpəʊlaɪz	nɛkɹəʊpəʊlaɪz	0.3333333333333333	0.38461538461538464
nekropolises	nɛkɹɒpɒlɪsɪz	nikɹɒpɒlɪs	nɛkɹɑpəlaɪsᵻz	nɛkɹəpəʊlɪsz	compound	ne|kro|polises	0.3	0.3076923076923077	0.3333333333333333	nɛkɹəpɑlɪsɪz	nəkɹɑpəlaɪzɪz	0.16666666666666666	0.38461538461538464
nemoral	nɛməɹəl	nɛməʊɹəl	nɛmɚɹəl	nɛmɚəl	compound	nemo|ral	0.125	0.14285714285714285	0.3333333333333333	nɛmɚəl	nɛmɝəl	0.3333333333333333	0.3333333333333333
neocarzinostatin	niːəʊkɑːɹzɪnəʊstætɪn	niəʊkɑzɪnəʊsteɪtɪn	niəʊkɑɹzɪnɑstətɪn	niəʊkɚzinəʊsteɪtɪn	compound	neo|car|zin|o|statin	0.16666666666666666	0.17647058823529413	0.2777777777777778	niəʊkɑɹzɪn.əstæt.ɪn	niəʊkɑɹzənɑstətɪn	0.15789473684210525	0.23529411764705882
neofan	niːəʊfæn	niəʊfæn	niəʊfən	niəʊfən	compound	neo|fan	0.0	0.14285714285714285	0.14285714285714285	niəʊfæn	niəʊfæn	0.0	0.0
neonism	niːənɪzəm	niɒnɪzəm	niɑnɪzəm	nəʊnɪzəm	compound	neon|ism	0.125	0.125	0.25	niənɪzəm	niənɪzəm	0.0	0.0
neopentane	niːoʊpɛnteɪn	niəʊpɛnteɪn	niəʊpɛnteɪn	niəʊpɛntən	compound	neo|pentane	0.0	0.0	0.2	niəʊpɛnteɪn	niəʊpənteɪn	0.0	0.09090909090909091
nepotation	nɛpəʊteɪʃn	nipəʊteɪʃən	nɛpəteɪʃən	nɛpəteɪʃən	compound	ne|potation	0.18181818181818182	0.2	0.2	nɛpəteɪʃən	nɛpəteɪʃən	0.2	0.2
nerdtastic	nɜːɹdtæstɪk	nɜdtæstɪk	nɜdteɪstɪk	nɚtæstɪk	compound	nerd|tastic	0.1111111111111111	0.3	0.375	nɜɹdtæstɪk	nɝdtæstɪk	0.0	0.2222222222222222
neshaw	niʃɔ	neʃɔ	nɛʃɔ	nɛʃɔ	compound	nesh|aw	0.25	0.25	0.25	nɛʃɔ	nɛʃɔ	0.25	0.25
neuralation	njuːɹəleɪʃən	njuɹəleɪʃən	nʊɹɹəleɪʃən	nʊɹəleɪʃən	compound	neural|ation	0.0	0.18181818181818182	0.2	nʊɹəleɪʃən	nʊɹəleɪʃən	0.2	0.2
neurogeneticist	nʊɹoʊdʒənɛtɪsɪst	nʊɹəʊdʒɛnɛtɪsɪst	nʊɹɹəʊdʒnɛɾɪsɪst	nɚədʒənɛtɪsɪst	compound	neuro|geneticist	0.0625	0.1875	0.21428571428571427	nʊɹəʊdʒənɛɾəsəst	nʊɹəʊdʒənɛtɪsɪst	0.1875	0.0
neuropharmacologically	njuɹɒfɑɹməkəlɒdʒɪkəli	njuɹəfɑɹməkəlɑdʒəkəllɪ	nʊɹɹəfɑɹməkəlɑdʒɪkli	nʊɹəʊfɑɹməkɑlɑdʒɪkəli	compound	neuropharmacological|ly	0.22727272727272727	0.25	0.2857142857142857	nʊɹəʊfɑɹməkəlɑdʒɪkli	nʊɹəʊfɑɹməkəlɑdʒɪkli	0.3	0.3
neutrophilia	njuːtɹəfɪlɪə	njutɹəfɪliə	nutɹəfɪliə	nɔɪtɹəfɪliə	compound	neutrophil|ia	0.09090909090909091	0.2	0.2727272727272727	nutɹəfɪliə	nutɹəʊfɪljə	0.2	0.2727272727272727
never've	nɛvəɹv	nɛvəvi	nɛvɚɹəv	nɛvɚzv	compound	never|ve	0.3333333333333333	0.2857142857142857	0.3333333333333333	nɛvəɹv	nɛvɝv	0.0	0.4
newbieness	njuːbinəs	njubines	nubinəs	nubinəs	compound	newbie|ness	0.125	0.14285714285714285	0.14285714285714285	nubaɪnəs	nubinəs	0.375	0.14285714285714285
newbz	njuːbz	nubz	nubz	nubz	compound	newb|z	0.25	0.25	0.25	nubz	nubz	0.25	0.25
niblets	nɪbləts	nɪbləts	nɪbləts	nɪblɪts	compound	niblet|s	0.0	0.0	0.14285714285714285	nɪbləts	nɪbləts	0.0	0.0
niched	niːʃt	niʃd	nɪʃt	nɪtʃt	compound	niche|d	0.25	0.25	0.4	nɪtʃt	naɪtʃt	0.4	0.5
nickelback	nɪkəlbæk	nɪkəlbæk	nɪkɪlbæk	nɪkəlbæk	compound	nickel|back	0.0	0.125	0.0	nɪkəlbæk	nɪkəlbæk	0.0	0.0
nicodicodeine	nɪkədaɪkəʊdiːn	nikəʊdaɪkəʊdaɪn	nɪkədɪkəʊdaɪn	nɪkədɪkəʊdaɪn	compound	nico|di|codeine	0.26666666666666666	0.23076923076923078	0.23076923076923078	naɪkəʊdɪkəʊdin	naɪkəʊdikəʊdin	0.21428571428571427	0.2857142857142857
niggerfaggot	nɪɡəɹfæɡət	nɪɡəfæɡət	nɪɡɚfæɡət	nɪɡɚfæɡət	compound	nigger|faggot	0.1111111111111111	0.2222222222222222	0.2222222222222222	nɪɡɚfægət	nɪɡɝfæɡət	0.3333333333333333	0.2222222222222222
nigget	nɪdʒət	nɪɡɛt	nɪɡɪt	nɪɡɪt	compound	nigg|et	0.6	0.6	0.6	nɪgɪt	nɪɡɪt	0.6	0.6
nigua	niːɡwə	niɡuə	nɪɡjuə	nɪɡə	compound	ni|gu|a	0.2	0.5	0.5	nigwə	niɡwə	0.2	0.0
nihil	niːhɪl	nihaɪl	naɪəl	nɪhɪl	compound	ni|hi|l	0.16666666666666666	0.6	0.2	nɪhɪl	nɪhəl	0.2	0.4
nimb	nɪmb	nɪmb	nɪm	nɪm	compound	nim|b	0.0	0.3333333333333333	0.3333333333333333	nɪmb	nɪm	0.0	0.3333333333333333
nimwitted	nɪmwɪtəd	nɪmwɪtɪd	nɪmwɪɾᵻd	nɪmwɪtɪd	compound	nim|witted	0.125	0.25	0.125	nɪmwɪɾᵻd	nɪmwɪtɪd	0.25	0.125
nitroxylene	naɪtɹəʊzaɪliːn	naɪtɹəʊzaɪlin	naɪtɹəʊksɪlin	nɪtɹəksilin	compound	nitro|xylene	0.0	0.15384615384615385	0.45454545454545453	naɪtɹɑksəlin	naɪtɹɑksəlin	0.4166666666666667	0.4166666666666667
nodous	nəʊdəs	nɒdəs	nɑdəs	nəʊdəs	compound	nod|ous	0.4	0.4	0.0	nəʊdəs	nəʊdəs	0.0	0.0
noematic	nəʊɪmætɪk	nəʊimətɪk	nəʊmæɾɪk	nəʊmətɪk	compound	noema|tic	0.2222222222222222	0.25	0.25	nəʊimətɪk	nəʊimætɪk	0.2222222222222222	0.1111111111111111
noetherian	noʊθɪəɹiən	nəʊθɪɹiən	nəʊθɜɹiən	nəʊθɚiən	compound	noe|therian	0.1111111111111111	0.2222222222222222	0.375	nəʊiθəɹiən	nəʊθɪɹiən	0.2	0.1111111111111111
nonalphanumeric	nɒnælfənjuːmɛɹɪk	nɒnælfənjumɛɹɪk	nɑnælfənumɛɹɪk	nənælfənumɚɪk	compound	non|alphanumeric	0.0	0.14285714285714285	0.3076923076923077	nɑnælfənuməɹɪk	nɑnəlfænjumɛɹɪk	0.21428571428571427	0.2
nonchorionic	nɒnkɔːɹiɒnɪk	nɒnkɔɹiɑnɪk	nɑŋkoɹɪɑnɪk	nɑŋkɔɹiənɪk	compound	non|chorionic	0.09090909090909091	0.45454545454545453	0.2727272727272727	nɑŋkɔɹiɑnɪk	nɑnkɔɹiɑnɪk	0.2727272727272727	0.18181818181818182
noncontent	nɒnkɒntɛnt	nɑnkɑntɛnt	nɑŋkəntɛnt	nɑŋkəntənt	compound	noncon|tent	0.2	0.3	0.4	nɑnkɑntɛnt	nɑnkɑntənt	0.2	0.3
nonius	nəʊnɪəs	nəʊniʌs	nɑnɪəs	nəʊniəs	compound	noni|us	0.2857142857142857	0.3333333333333333	0.14285714285714285	nəʊniəs	nəʊniəs	0.14285714285714285	0.14285714285714285
nonlandlords	nɑnlændlɔɹdz	nɒnlændlɔɹdz	nɑnlændlɔɹdz	nɑnlændlɚdz	compound	non|landlords	0.08333333333333333	0.0	0.18181818181818182	nɑnlændlɔɹdz	nɑnlændlɔɹdz	0.0	0.0
nonny	nɒni	nɒnni	nɑni	nɑni	compound	non|ny	0.2	0.25	0.25	nɑni	nɑni	0.25	0.25
nonoptimal	nɒnɒptɪməl	nɒnɒptɪməl	nɑnɑptɪməl	nənɑptɪməl	compound	non|optimal	0.0	0.2	0.2	nɑnɑptɪməl	nɑnɑptəməl	0.2	0.3
noosign	noʊoʊsaɪn	nusaɪn	nusaɪn	nuʃən	compound	noo|sign	0.6666666666666666	0.6666666666666666	1.2	nusaɪn	nusaɪn	0.6666666666666666	0.6666666666666666
nootkatone	nuːtkətəʊn	nutkətəʊn	nutkətəʊn	nutkətəʊn	compound	nootka|tone	0.0	0.0	0.0	nutkətəʊn	nutkətəʊn	0.0	0.0
not've	nɑtəv	nɒtvi	nɑɾəv	nɑtɪv	compound	not|ve	0.6	0.2	0.2	nɑtweɪ	nɑtəv	0.5	0.0
nothospecies	nɒθəʊspiːʃiz	nɑθəʊspisiz	nɑθəspisiz	nɑθəspeɪsiz	compound	noth|o|species	0.18181818181818182	0.3	0.45454545454545453	nɑθəspiʃiz	nəʊθəspɛsiz	0.2	0.45454545454545453
nothosubspecies	nɒθəʊsʌbspiːʃiz	nɑθəʊsʌbspisiz	nɑθəsʌbspisiz	nɑθəʊsəbspeɪsiz	compound	noth|o|subspecies	0.14285714285714285	0.23076923076923078	0.3333333333333333	nɑθəʊsʌbspisiz	nəʊθəsəbspəsiz	0.14285714285714285	0.42857142857142855
novercal	nəʊvɜːɹkəl	nəʊvɜkæl	nəʊvɜkəl	nəʊvɚkəl	compound	nov|er|cal	0.25	0.125	0.25	nəʊvəɹkæl	nəʊvɝkəl	0.2222222222222222	0.25
novitious	nəʊvɪʃəs	nəʊvaɪʃəs	nəvɪʃəs	nəʊvɪʃəs	compound	novi|tious	0.1111111111111111	0.14285714285714285	0.0	nəvɪʃəs	nəvɪʃəs	0.14285714285714285	0.14285714285714285
nruling	nɹuːlɪŋ	nɹulɪŋ	ɛnɹulɪŋ	nɹulɪŋ	compound	n|ruling	0.0	0.14285714285714285	0.0	nɹulɪŋ	nɹulɪŋ	0.0	0.0
nuc	njuːk	nuk	nʌk	nʌk	compound	nu|c	0.3333333333333333	0.6666666666666666	0.6666666666666666	nuk	nək	0.3333333333333333	0.6666666666666666
nuraghe	nʊəɹɑːɡeɪ	nʊɹæɡhi	njʊɹɹæɡh	nɚə	compound	nur|ag|he	0.5714285714285714	0.625	2.0	nɜɹəgeɪ	nʊɹəɡ	0.5714285714285714	0.8
nya	njæ	niə	naɪə	niə	compound	ny|a	0.6666666666666666	0.75	0.6666666666666666	njɑ	naɪə	0.3333333333333333	0.75
nyan	njɑːn	niən	naɪən	niæn	compound	ny|an	0.5	0.6	0.5	naɪən	naɪən	0.6	0.6
né	neɪ	neɪ	neɪ	n	compound	[]	0.0	0.0	2.0	neɪ	neɪ	0.0	0.0
obdured	əbdjʊəɹɪd	ɑbdɜɹɛd	ɑbdʒɚd	əʊbdɚd	compound	ob|dur|ed	0.7142857142857143	1.0	1.0	əbdʊɹd	əbdʊɹd	0.5	0.5
obediential	əʊbiːdiɛnʃəl	əʊbidiəntʃəl	əʊbidɪɛnʃəl	əʊbɛdiənʃəl	compound	obedient|ial	0.16666666666666666	0.09090909090909091	0.18181818181818182	əʊ.bə.diɛn.ʃəl	əʊbidiɛnʃəl	0.2857142857142857	0.0
objets	oʊbʒeɪz	ɒbdʒɛts	ɑbdʒɛts	ɑbjɛts	compound	objet|s	0.8571428571428571	0.8571428571428571	1.0	ɒbdʒɛts	əbdʒɛts	0.8571428571428571	0.7142857142857143
objicient	ɒbdʒɪsiənt	ɑbdʒɪsiɛnt	ɑbdʒɪʃənt	əʊbdʒɪʃənt	compound	obj|ici|ent	0.2	0.3333333333333333	0.4	ɒbd͡ʒɪsiənt	əbdʒɪʃənt	0.09090909090909091	0.3333333333333333
objurgatively	ɒbdʒɜːɹɡətɪvli	ɑbdʒɜɹgətɪvlɪ	ɑbdʒɚɡətɪvli	əbjɚɡətɪvli	compound	obj|urga|tive|ly	0.23076923076923078	0.25	0.45454545454545453	əbdʒɜɹgəɾɪvli	əbdʒɝɡətɪvli	0.23076923076923078	0.25
obloquious	ɒbləʊkwiəs	ɑbləʊkiəs	ɑblɑkwiəs	əʊbləʊkwiəʊs	compound	ob|lo|qui|ous	0.2222222222222222	0.3333333333333333	0.25	əbləʊkwəs	əbləʊkwiəs	0.2222222222222222	0.1
obolary	ɒbələɹi	ɑbəlɛɹi	ɑbəʊlɛɹi	əʊbəʊlɑɹi	compound	obol|ary	0.2857142857142857	0.375	0.4444444444444444	əbɒləɹɪ	əʊbəlɛɹi	0.42857142857142855	0.375
occursion	əkɜːɹʒən	əkɜzən	əkɜʃən	əkɚʃən	compound	occurs|ion	0.3333333333333333	0.3333333333333333	0.5	əkɜɹʒən	əkɝʒən	0.0	0.3333333333333333
octaval	ɑkteɪvəl	ɔkteɪvəl	ɑktævəl	ɑktəvəl	compound	oct|ava|l	0.125	0.2857142857142857	0.2857142857142857	ɑktɪvəl	ɑktəvəl	0.14285714285714285	0.2857142857142857
octavation	ɒkteɪveɪʃən	ɔkteɪvəʃən	ɑktəveɪʃən	ɑktəveɪʃən	compound	oct|ava|tion	0.3	0.3	0.3	ɑkteɪveɪʃən	ɑktəveɪʃən	0.09090909090909091	0.3
octodecillion	ɒktoʊdəsɪliən	ɑktəʊdsɪliən	ɑktədɪsɪliən	ɑktɑdɪsɪljən	compound	octode|cillion	0.16666666666666666	0.25	0.4166666666666667	ɑktədɪsɪlɪən	ɑktədɪsɪljən	0.3333333333333333	0.3333333333333333
octogram	ɒktoʊɡɹæm	ɔktɑɡɹæm	ɑktəɡɹæm	ɑktəɡɹəm	compound	oct|og|ram	0.375	0.25	0.375	ɑktəgɹæm	ɑktəɡɹæm	0.375	0.25
octopodes	ɒktəʊpədiːz	ɒktəpɒdiz	ɑktəpəʊdz	ɑktəpəʊdɪz	compound	octopod|es	0.2222222222222222	0.4444444444444444	0.4	ɑktəpəʊdz	ɑktəpəʊdz	0.4444444444444444	0.4444444444444444
octyne	ɒktaɪn	ʊktaɪn	ɑktaɪn	ɑktaɪn	compound	oc|tyne	0.16666666666666666	0.16666666666666666	0.16666666666666666	ɑktaɪn	ɑktaɪn	0.16666666666666666	0.16666666666666666
odsooks	ɒdzuːks	ɑdzuks	ɑdsʊks	ɑdsʊks	compound	ods|ook|s	0.16666666666666666	0.5	0.5	ɑdsʊks	ɑdsʊks	0.5	0.5
oecist	iːsɪst	əʊsɪst	əʊsɪst	əʊsɪst	compound	oe|cist	0.3333333333333333	0.3333333333333333	0.3333333333333333	əʊsɪst	əʊsɪst	0.3333333333333333	0.3333333333333333
oeuf	ɜːf	əʊəf	əʊʌf	əʊuf	compound	oe|u|f	0.75	0.75	0.75	əʊf	əʊf	0.6666666666666666	0.6666666666666666
offerture	ɒfəɹtjʊɚ	ɒfətʊɹ	ɔfɚtʃɚ	ɔfɚtʃɚ	compound	offer|ture	0.5	0.8333333333333334	0.8333333333333334	ɑfɚt͡ʃɚ	ɔfɝtʃɝ	0.7142857142857143	1.0
officetel	ɒfɪstɛl	ɒfɪstɛl	ɑfɪstəl	ɔfɪstəl	compound	office|tel	0.0	0.2857142857142857	0.2857142857142857	ɔfɪstɛl	ɔfəsɛtəl	0.14285714285714285	0.5
offworld	ɒfwɜːɹld	ɒfwɜld	ɔfwɜld	ɔfwɚld	compound	off|world	0.16666666666666666	0.3333333333333333	0.5	ɑfwɚld	ɔfwɝld	0.5	0.5
oganesson	oʊɡənɛsɒn	əʊɡənɛsən	ɑɡeɪnɛsən	əʊɡənəsən	compound	ogan|esson	0.1111111111111111	0.5555555555555556	0.2222222222222222	əʊgənɛsən	əʊɡənɛsən	0.2222222222222222	0.1111111111111111
ohnosecond	əʊnəʊsɛkənd	əʊnəʊzkɑnd	əʊnəʊskɑnd	əʊnəsɪkənd	compound	oh|nose|cond	0.3	0.2	0.2	əʊnəsɛkənd	əʊnəʊsɛkənd	0.1	0.0
oikonym	ɔɪkənɪm	ɔɪkənɪm	ɔɪkənɪm	ɔɪkənim	compound	oik|onym	0.0	0.0	0.14285714285714285	ɔɪkənɪm	ɔɪkənɪm	0.0	0.0
okayish	əʊkeɪɪʃ	əʊkeɪɪʃ	ɑkeɪɪʃ	əʊkeɪɪʃ	compound	okay|ish	0.0	0.3333333333333333	0.0	əʊkeɪɪʃ	əʊkeɪɪʃ	0.0	0.0
oleose	əʊliəʊz	əʊliəʊseɪ	əʊləʊs	əʊləʊz	compound	oleo|se	0.3333333333333333	0.3333333333333333	0.16666666666666666	əʊliəʊs	əʊliəʊs	0.14285714285714285	0.14285714285714285
oleraceous	əʊləɹeɪʃəs	əʊlɝbeɪʃəs	əʊlɹeɪʃəs	əʊlɚeɪsus	compound	oler|aceous	0.2	0.1111111111111111	0.4444444444444444	əʊ.ləɹeɪ.ʃəs	ɑlɝeɪʃəs	0.16666666666666666	0.5
olpe	ɒlpiː	əʊlpii	ɑlp	əlp	compound	ol|pe	0.5	0.6666666666666666	0.6666666666666666	əʊlpi	əʊlp	0.4	0.75
oltipraz	ɒltɪpɹæz	əʊltɪpɹæz	əʊltɪpɹæz	əʊltɪpɹəz	compound	olt|ip|raz	0.2222222222222222	0.2222222222222222	0.3333333333333333	ɑl.təpɹæz	əʊltɪpɹɑz	0.3333333333333333	0.3333333333333333
ombud	ɒmbəd	ɒmbʌd	ɑmbʌd	ɑmbəd	compound	om|bud	0.2	0.4	0.2	ɑmbʌd	ɑmbəd	0.4	0.2
ombuds	ɒmbədz	ɒmbədz	ɑmbʌdz	ɑmbədz	compound	om|buds	0.0	0.3333333333333333	0.16666666666666666	ɑmbədz	ɑmbədz	0.16666666666666666	0.16666666666666666
ominate	ɒmɪneɪt	ɒmɪneɪt	ɑmᵻneɪt	əməneɪt	compound	om|inate	0.0	0.2857142857142857	0.2857142857142857	ɒmɪneɪt	ɑməneɪt	0.0	0.2857142857142857
ominosity	ɒmɪnɒsɪti	əʊmaɪnəsɪti	ɑmɪnɔsᵻɾi	əminəʊzɪti	compound	o|minos|ity	0.36363636363636365	0.4444444444444444	0.5	ɑmənɑsəɾi	ɑmənɑsəti	0.5555555555555556	0.4444444444444444
omnishambles	ɒmniʃæmbəlz	ɑmniʃæmbəlz	ɑmnɪʃæmbəlz	ɑmnɪʃæmbəlz	compound	omni|shambles	0.09090909090909091	0.18181818181818182	0.18181818181818182	ɒmnɪʃæmbəlz	ɑmnɪʃəmbəlz	0.09090909090909091	0.2727272727272727
omphacite	ɒmfəsaɪt	ɒmfləsaɪt	ɑmfəsaɪt	ɑmfəsɪt	compound	om|ph|a|cite	0.1111111111111111	0.125	0.2857142857142857	ɑmfəsaɪt	ɑmfəsaɪt	0.125	0.125
omphalopsychite	ɒmfələsaɪkaɪt	ɒmflələʊsaɪkaɪt	ɑmfəlɑsaɪkaɪt	ɑmfələpsɪkaɪt	compound	om|ph|alo|psych|ite	0.13333333333333333	0.15384615384615385	0.23076923076923078	ɑmfəlɒpsaɪkaɪt	ɑmfəlɑpsəkaɪt	0.21428571428571427	0.38461538461538464
omphaloskepsis	ɒmfələskɛpsɪs	ɒmfələʊzkɛpsɪs	ɑmfələskɛpsɪs	ɑmfəlɑskɛpsɪz	compound	omphalos|kep|sis	0.14285714285714285	0.07692307692307693	0.23076923076923078	ɑmfəlɑskɛpsɪs	ɑmfəlɑskəpsɪs	0.15384615384615385	0.23076923076923078
oncet	wʌntst	wɒnst	ɑnsɪt	ənsɪt	compound	once|t	0.4	0.8	0.8	wʌnst	ɑnsət	0.2	0.8
oncilla	ɒnsiːə	ɒnsɪlə	ɑnsɪlə	ɑnsɪlə	compound	on|cill|a	0.3333333333333333	0.5	0.5	ɑnsɪlə	ɑnsɪlə	0.5	0.5
oncom	ɒntʃɒm	ɒnkɑm	ɑŋkɑm	ɔŋkəm	compound	on|com	0.6	1.0	1.0	ɑŋkəm	ɑnkəm	1.0	0.8
oneitis	wʌnaɪtɪs	wɒnaɪtɪs	wʌnaɪɾɪs	əʊnitɪs	compound	one|itis	0.125	0.125	0.5714285714285714	wɒnaɪtɪs	əʊnitɪs	0.125	0.5714285714285714
onerate	ɒnəɹeɪt	wʌnəɹeɪt	əʊnɚɹeɪt	əʊnɚeɪt	compound	oner|ate	0.25	0.375	0.5714285714285714	wʌnəɹeɪt	ɑnɝeɪt	0.25	0.5
onlyer	əʊnliɚ	əʊnliɜ	ɑnlaɪɚ	ənljɚ	compound	only|er	0.16666666666666666	0.6666666666666666	0.4	əʊnliəɹ	ɑnlaɪɝ	0.2857142857142857	0.8333333333333334
onocentaur	ɒnəsɛntɔː	əʊnəʊsɛntɔ	ɑnəʊsɛntɔɹ	ɑnəʊsɛntəɹ	compound	ono|centaur	0.3	0.3	0.4	ɑnəsɛntɑɹ	ɑnəsɛntɝ	0.3333333333333333	0.25
onychia	əʊnɪkiə	əʊntʃiə	ɑnɪkiə	ənɪtʃiə	compound	ony|chia	0.2857142857142857	0.3333333333333333	0.42857142857142855	ənɪk.i.ə	əʊnikiə	0.375	0.14285714285714285
onychomycosis	ɒnɪkəʊmaɪkəʊsɪs	əʊntʃəʊmaɪkəʊsɪs	ɑnɪtʃɑmɪkəʊsɪs	ənɪkəmikəsɪz	compound	ony|cho|mycosis	0.25	0.35714285714285715	0.5	ɒnɪkəʊmaɪkəʊsɪs	ɑnikɑməkəʊsəs	0.0	0.5384615384615384
ooaa	oʊoʊɑːɑː	uɑɑ	uɑ	wəʊ	compound	oo|aa	1.3333333333333333	2.5	1.3333333333333333	u.ə.ə.	uə	0.8333333333333334	2.5
ooftish	uːftɪʃ	uftɪʃ	uftɪʃ	uftɪʃ	compound	oof|tish	0.0	0.0	0.0	uftɪʃ	uftɪʃ	0.0	0.0
oogone	oʊoʊɡoʊn	uɡɒn	uɡɑn	uɡən	compound	oo|gone	1.5	1.5	1.25	uɡɒn	uɡən	1.5	1.25
oopuhue	oʊʔoʊpəhuːiː	upəhju	upjuhju	upəhju	compound	oop|u|hue	1.0	1.1428571428571428	1.0	upuheɪ	upjuhju	1.1666666666666667	1.1428571428571428
oorah	uɹɑː	uɹɑ	uɹɑ	ʊɹə	compound	oo|rah	0.0	0.0	0.6666666666666666	ɔɹə	ʊɹə	0.6666666666666666	0.6666666666666666
ootype	əʊətaɪp	utaɪp	utaɪp	utaɪp	compound	oo|type	0.6	0.6	0.6	əʊəʊtaɪp	utaɪp	0.125	0.6
opacate	əʊpəkeɪt	əʊpəkeɪt	ɑpəkeɪt	ɑpækeɪt	compound	opa|cate	0.0	0.2857142857142857	0.42857142857142855	əʊpəkeɪt	əʊpəkeɪt	0.0	0.0
openbill	əʊpnbɪl	əʊpənbɪl	əʊpənbɪl	əʊpɛnbɪl	compound	open|bill	0.125	0.125	0.125	əʊpənbɪl	əʊpənbɪl	0.125	0.125
operatable	ɒpəɹeɪtəbl	ɒpəɹəteɪbəl	ɑpɚɹeɪɾəbəl	əʊpɚətəbəl	compound	opera|table	0.36363636363636365	0.36363636363636365	0.7	ɑpəɹeɪɾəbəl	ɑpɝeɪtəbəl	0.2727272727272727	0.4
opiniate	əʊpɪnieɪt	əʊpinieɪt	əpɪnɪeɪt	əʊpɪnieɪt	compound	o|pini|ate	0.1111111111111111	0.25	0.0	əpɪnieɪt	əpɪnieɪt	0.125	0.125
opipramol	əʊpɪpɹəmɒl	əʊpɪpɹəmɔl	ɑpɪpɹæmɑl	əʊpɪpɹəməl	compound	o|pipra|mol	0.1	0.4444444444444444	0.1	əʊpɪpɹəmɒl	ɑpəpɹæməl	0.0	0.5555555555555556
opodeldoc	ɒpədɛldɒk	ɑpəʊdəldɒk	ɑpəʊdldɑk	əʊpɑdɛldək	compound	op|odel|doc	0.3	0.4444444444444444	0.4	ɑpəldɛldɑk	əʊpəʊdɛldək	0.3	0.36363636363636365
oppone	əpəʊn	ɑpəʊni	ɑpəʊn	ɑpən	compound	oppo|ne	0.3333333333333333	0.2	0.5	əpəʊn	əpəʊn	0.0	0.0
opsign	ɒpsaɪn	ɑpsaɪn	ɑpsaɪn	ɑpsaɪn	compound	op|sign	0.16666666666666666	0.16666666666666666	0.16666666666666666	ɑpsaɪn	ɑpsaɪn	0.16666666666666666	0.16666666666666666
optate	ɒpteɪt	ɒpteɪt	ɑpteɪt	ɑpteɪt	compound	opt|ate	0.0	0.16666666666666666	0.16666666666666666	ɑpteɪt	ɑpteɪt	0.16666666666666666	0.16666666666666666
ornative	ɔːɹnətɪv	ɔɹnətɪv	ɔɹnətɪv	ɔɹnətɪv	compound	orna|tive	0.0	0.0	0.0	ɔɹnəɾɪv	ɔɹnətɪv	0.14285714285714285	0.0
oroblanco	ɔːɹoʊblɑːŋkoʊ	ɔɹəʊblæŋkəʊ	oɹəblæŋkəʊ	ɔɹɑblæŋkəʊ	compound	oro|blanco	0.09090909090909091	0.3	0.3	ɔɹəʊblæŋkəʊ	ɔɹəʊblæŋkəʊ	0.09090909090909091	0.09090909090909091
oroide	oʊɹəwaɪd	ɔɹəʊaɪd	oɹɔɪd	ɔɹɔɪd	compound	oro|ide	0.42857142857142855	1.0	1.0	ɔɹɔɪd	ɝɔɪd	1.0	1.5
ortataxel	ɔːɹtətæksəl	ɔɹtətæksɛl	ɔɹɾətæksəl	ɔɹtətæksəl	compound	orta|tax|el	0.1	0.1	0.0	ɔɹɾətæksəl	ɔɹtətæksəl	0.1	0.0
orthodenticle	ɔːɹθədɛntɪkəl	ɔɹθəʊdɛntəkəl	ɔɹθəʊdɛntɪkəl	ɔɹθəʊdəntɪkəl	compound	ortho|denticle	0.15384615384615385	0.07692307692307693	0.15384615384615385	ɔɹθədɛntɪkəl	ɔɹθədɛntɪkəl	0.0	0.0
orthosexual	ɔːɹθəsɛkʃuəl	ɔɹθəʊsɛkʃuəl	ɔɹθəʊskʃuəl	ɔɹθəʊskʃuəl	compound	ortho|sexual	0.08333333333333333	0.18181818181818182	0.18181818181818182	ɔɹθəʊsɛkʃəwəl	ɔɹθəsɛkʃuəl	0.23076923076923078	0.0
osmobiotic	ɒzməʊbaɪɒtɪk	ɔsəməʊbaɪɒtɪk	ɑzməʊbaɪɑɾɪk	əʊzməʊbiɑtɪk	compound	osm|obi|otic	0.23076923076923078	0.25	0.4166666666666667	ɑzməbaɪɑɾɪk	ɑzməʊbiɑtɪk	0.36363636363636365	0.36363636363636365
ostentate	ɒstənteɪt	ɒstɛnteɪt	ɑstənteɪt	ɔstɛnteɪt	compound	ostent|ate	0.1111111111111111	0.1111111111111111	0.2222222222222222	ɒstənteɪt	ɑstənteɪt	0.0	0.1111111111111111
osteochondrosis	ɒstiːəʊkɒndɹəʊsɪs	ɒstiətʃɒndɹɹəʊs	ɑstɪɑkəndɹəʊsɪs	ɔstəʊkəndɹəʊzɪz	compound	osteo|chon|dr|osis	0.3333333333333333	0.3333333333333333	0.3333333333333333	ɑstiəʊkɑndɹəʊsɪs	ɑstiəʊkɑndɹəʊsɪs	0.125	0.125
osteochondrotic	ɒstiəʊkɒndɹɒtɪk	ɒstiətʃɒndɹɒtɪk	ɑstɪɑkəndɹɑɾɪk	ɔstəʊkəndɹətɪk	compound	osteo|chon|dr|otic	0.13333333333333333	0.5	0.2857142857142857	ɑstiəʊkəndɹɑɾɪk	ɑstiəʊkəndɹɑtɪk	0.26666666666666666	0.2
osteochondrous	ɒstiəʊkɒndɹəs	ɒstiətʃɒndɹəs	ɑstɪəkɑndɹəs	ɔstəʊkəndɹəs	compound	osteo|chon|dr|ous	0.15384615384615385	0.3333333333333333	0.25	ɑstiəʊkɑndɹəs	ɑstiəʊkɑndɹəs	0.15384615384615385	0.15384615384615385
osteocutaneous	ɒstiəʊkjuːteɪniəs	ɒstiəkjuteɪniəs	ɑstɪɑkjuteɪniəs	ɔstəʊkjutənus	compound	osteo|cutaneous	0.06666666666666667	0.26666666666666666	0.46153846153846156	ɑstiəʊkjuteɪniəs	ɑstiɑkjəteɪniəs	0.0625	0.26666666666666666
osteoporotic	ɒstiəʊpəɹɒtɪk	ɒstiəpɔɹɒtɪk	ɑstɪɑpoɹɑɾɪk	ɔstiəʊpɚɑtɪk	compound	osteo|por|otic	0.16666666666666666	0.5833333333333334	0.3333333333333333	ɑstiəʊpəɹɑɾɪk	ɑstiɑpɝɑtɪk	0.23076923076923078	0.5454545454545454
osteosarcopenia	ɒstiəʊsɑːɹkəpiːniə	ɒstiəsɑɹkəpiniə	ɑstɪɑsɑɹkəʊpiniə	ɔstiəʊzɚkəpiniə	compound	osteo|sarcopenia	0.06666666666666667	0.3125	0.26666666666666666	ɑstiəʊsɑɹkəpiniə	ɑstiəʊsɑɹkəpiniə	0.0625	0.0625
ostiary	ɒstiəɹi	ɑstiəɡɹ	ɑsʃjɚɹi	ɔstɪɹi	compound	ostia|ry	0.42857142857142855	0.5714285714285714	0.5	ɑstiəɹi	ɑstiɛɹi	0.14285714285714285	0.2857142857142857
ostreaceous	ɒstɹieɪʃəs	əʊstɹeɪeɪʃəs	ɑstɹiʃəs	ɔstɹisus	compound	ost|rea|ceous	0.3333333333333333	0.375	0.625	ɑstɹəsiəs	ɑstɹieɪʃəs	0.5555555555555556	0.1
otomycosis	əʊtəʊmɪkəʊsɪs	əʊtiəʊmaɪkəʊsɪs	ɑɾəmɪkəʊsɪs	əʊtəmikəsɪz	compound	ot|o|mycosis	0.13333333333333333	0.36363636363636365	0.36363636363636365	əʊɾəmaɪkəsɪs	əʊtəmikəʊsəs	0.3333333333333333	0.25
otosteon	əʊtɒstiən	əʊtiɒstiən	ɑɾəstɪən	əʊtɑstən	compound	ot|osteo|n	0.1	0.625	0.25	əʊtəstiɒn	əʊtəʊstiən	0.2222222222222222	0.2
ouroboros	uːɹəbɒɹəs	əʊjʊɹəbɔɹəs	əɚɹɑbɚɹəʊz	ɔɹəʊbɚəʊz	compound	o|uroboros	0.45454545454545453	0.6	0.6666666666666666	uɹəbəɹəs	əɹəʊbɔɹəʊz	0.125	0.5
overcite	oʊvəɹsaɪt	əʊvəsaɪt	əʊvɚsaɪt	əʊvɚsɪt	compound	over|cite	0.125	0.25	0.42857142857142855	əʊvəɹsaɪt	əʊvɝsaɪt	0.0	0.25
overglow	əʊvəɡləʊ	əʊvəɡləʊ	əʊvɚɡləʊ	əʊvɚɡləʊ	compound	over|glow	0.0	0.125	0.125	əʊvəɹgləʊ	əʊvɝɡləʊ	0.2222222222222222	0.125
overlabour	əʊvəɹleɪbɚ	əʊvəleɪbə	əʊvɚleɪbɚ	əʊvɚləbɔɹ	compound	over|labour	0.2222222222222222	0.2222222222222222	0.6666666666666666	əʊvəɹleɪbəɹ	əʊvɝləbɔɹ	0.18181818181818182	0.6666666666666666
overlash	əʊvəɹlæʃ	əʊvəlæʃ	əʊvɚlæʃ	əʊvɚləʃ	compound	over|lash	0.14285714285714285	0.2857142857142857	0.42857142857142855	əʊvəɹlæʃ	əʊvɝlæʃ	0.0	0.2857142857142857
overnap	əʊvəɹnæp	əʊvənæp	əʊvɚnæp	əʊvɚnəp	compound	over|nap	0.14285714285714285	0.2857142857142857	0.42857142857142855	əʊvəɹnæp	əʊvɝnæp	0.0	0.2857142857142857
overnutrition	əʊvəɹnjuːtɹɪʃən	əʊvənjutɹɪʃən	əʊvɚnjutɹɪʃən	əʊvɚnətɹɪʃən	compound	over|nutrition	0.07692307692307693	0.15384615384615385	0.3333333333333333	əʊvəɹnutɹɪʃən	əʊvɝnjutɹɪʃən	0.07692307692307693	0.15384615384615385
overpresence	əʊvəpɹɛzəns	əʊvəpɹɛzəns	əʊvɚpɹɛzəns	əʊvɚpɹizəns	compound	over|presence	0.0	0.09090909090909091	0.18181818181818182	əʊvəɹpɹɛzəns	əʊvɝpɹizəns	0.08333333333333333	0.18181818181818182
oversit	əʊvəɹsɪt	əʊvəzɪt	əʊvɚsɪt	əʊvɚsɪt	compound	overs|it	0.2857142857142857	0.2857142857142857	0.2857142857142857	əʊvəɹsɪt	əʊvɝsɪt	0.0	0.2857142857142857
overslow	əʊvəɹsləʊ	əʊvəzləʊ	əʊvɚsləʊ	əʊvɚsləʊ	compound	overs|low	0.25	0.25	0.25	əʊvəɹsləʊ	əʊvɝsləʊ	0.0	0.25
oversweeping	əʊvəswiːpɪŋ	əʊvəɹswipɪŋ	əʊvɚswipɪŋ	əʊvɚswipɪŋ	compound	oversweep|ing	0.09090909090909091	0.1	0.1	əʊvəɹswipɪŋ	əʊvɝswipɪŋ	0.09090909090909091	0.1
ovolactovegetarianism	oʊvoʊlæktoʊvɛdʒɪtɛəɹiənɪzəm	əʊvəʊlæktəʊvɛdʒɪtɛɹiənɪzəm	əʊvəlæktəʊvɡɪtɛɹiənɪzəm	əʊvɑlæktəʊvɪdʒɪtɑɹiənɪzəm	compound	ovolactovegetarian|ism	0.038461538461538464	0.21739130434782608	0.2	əʊ.vəʊlæk.təʊvɛ.d͡ʒɪtɛɹi.ənɪzəm	əʊvəʊlæktəʊvɛdʒətɛɹiənɪzəm	0.1935483870967742	0.07692307692307693
oware	əwɑːɹi	əʊɑɹ	əʊɛɹ	əʊɚ	compound	ow|are	0.5	0.75	1.3333333333333333	əəɹeɪ	əʊɛɹ	0.8	0.75
owie	aʊwiː	əʊi	əʊi	əʊi	compound	ow|ie	0.3333333333333333	0.3333333333333333	0.3333333333333333	əi	əʊi	0.5	0.3333333333333333
oxatomide	ɒksætəmaɪd	ɒksætəmaɪd	ɑksətɑmaɪd	ɑksətəmaɪd	compound	ox|atom|ide	0.0	0.3	0.2	ɒksətɒmaɪd	ɑksətəmaɪd	0.2	0.2
oxfendazole	ɒksfɛndəzəʊl	ɒksfɛndəzəʊl	ɑksfəndæzəʊl	ɑksfɛndəzəʊl	compound	ox|fend|azole	0.0	0.25	0.08333333333333333	ɑksfɛn.dəzəʊl	ɑksfɛndəzəʊli	0.15384615384615385	0.15384615384615385
oxibendazole	ɒksɪbɛndəzəʊl	ɒksaɪbiɛndəzəʊl	ɑksaɪbəndæzəʊl	ɑksɪbɛndəzəʊl	compound	ox|ib|end|azole	0.13333333333333333	0.2857142857142857	0.07692307692307693	ɑk.səbɛn.dəzəʊl	ɑksəbɛndəzəʊl	0.26666666666666666	0.15384615384615385
oxiracetam	ɒksɪɹæsɪtæm	ɒksɪɹæsɪtæm	ɑksɚɹæsɪtæm	ɑksɪɹəstəm	compound	ox|iracetam	0.0	0.18181818181818182	0.4	ɑk.səɹæs.ətæm	ɑksɝæsətæm	0.38461538461538464	0.4
oxygenase	ɒksɪdʒəneɪz	ɒksɪdʒənæzi	ɑksɪdʒɛneɪs	ɑksɪdʒənəs	compound	oxygen|as|e	0.2727272727272727	0.2727272727272727	0.4	ɑksɪdʒəneɪz	ɑksədʒəneɪs	0.09090909090909091	0.2727272727272727
p'rhaps	pɹæps	pɹhæps	pirhæps	pɚhæps	compound	p|r|haps	0.16666666666666666	0.42857142857142855	0.3333333333333333	pɹæps	pɹæps	0.0	0.0
pagoclone	peɪɡəkləʊn	pæɡʊkləʊn	pæɡəkləʊn	pæɡəkləʊn	compound	pag|oc|lone	0.3333333333333333	0.2222222222222222	0.2222222222222222	pægəʊkləʊn	pæɡəkləʊn	0.4	0.2222222222222222
painjan	paɪndʒʌn	peɪndʒæn	peɪndʒən	peɪndʒən	compound	pain|jan	0.25	0.25	0.25	peɪndʒən	peɪndʒən	0.25	0.25
painsomnia	peɪnsɒmniə	pɑɪnsɒmniə	peɪnsɑmniə	peɪnsəmniə	compound	pa|insomnia	0.1	0.1	0.1	peɪnsəmniə	peɪnsɑmniə	0.1	0.1
pakhanate	pəkɑːneɪt	pɑkɑneɪt	pækhəneɪt	pækənət	compound	pa|khanate	0.125	0.3333333333333333	0.5714285714285714	pækəneɪt	pækəneɪt	0.25	0.25
paleolinguistics	peɪliəʊlɪŋɡwɪstɪks	peɪliəʊlɪŋɡwɪstɪks	peɪliəʊlɪŋɡwɪstɪks	peɪləʊlɪŋɡwɪstɪks	compound	paleo|linguistics	0.0	0.0	0.058823529411764705	peɪliəʊlɪŋgwɪstɪks	peɪliəʊlɪŋɡwɪstɪks	0.05555555555555555	0.0
paleonymy	peɪliɑnɪmi	peɪlɑnɪmj	peɪliəʊnaɪmi	peɪlənmi	compound	paleon|ym|y	0.2222222222222222	0.25	0.375	pəlinəmi	peɪliɑnəmi	0.5	0.1
paleous	peɪliəs	peɪliəʊʌs	peɪliəʊʌz	peɪlus	compound	paleo|us	0.2222222222222222	0.3333333333333333	0.3333333333333333	peɪliəs	peɪliəs	0.0	0.0
palinspastic	pælɪnspæstɪk	pælɪnspɑstɪk	peɪlɪnspæstɪk	pælənspæstɪk	compound	palin|spastic	0.08333333333333333	0.15384615384615385	0.08333333333333333	pælɪnspæstɪk	pælɪnspæstɪk	0.0	0.0
paludine	pælədaɪn	pælədaɪn	pæludin	pæludɪn	compound	pal|u|dine	0.0	0.42857142857142855	0.2857142857142857	pæludən	pælədin	0.42857142857142855	0.2857142857142857
palustral	pəlʌstɹəl	pɑlʌstɹəl	pælʌstɹəl	pæləstɹəl	compound	pa|lustral	0.1111111111111111	0.1111111111111111	0.2222222222222222	pælɪstɹəl	pələstɹəl	0.2222222222222222	0.1111111111111111
pamaquine	pæməkwɪn	pæməkwaɪn	pæməkwaɪn	pæməkwin	compound	pam|a|quine	0.1111111111111111	0.1111111111111111	0.125	pæməkwaɪn	pæməkwaɪn	0.1111111111111111	0.1111111111111111
pampootie	pæmpuːti	pæmputi	pæmpuɾi	pæmputi	compound	pam|poot|ie	0.0	0.14285714285714285	0.0	pæmputi	pæmputi	0.0	0.0
pampsychism	pæmpsaɪkɪzəm	pæmsaɪkɪzəm	pæmsaɪkɪzəm	pæmsɪtʃɪzəm	compound	pam|psychism	0.09090909090909091	0.09090909090909091	0.36363636363636365	pæmsaɪkɪzəm	pæmpsikɪzəm	0.09090909090909091	0.18181818181818182
panacherie	pənæʃəɹiː	pənæʃɹi	pænæʃɚɹi	pænətʃɛɹi	compound	panache|ri|e	0.14285714285714285	0.25	0.4444444444444444	pænəkɛɹi	pænətʃɛɹi	0.5	0.4444444444444444
panch	pæntʃ	pæntʃ	pæntʃ	pæntʃ	compound	pan|ch	0.0	0.0	0.0	pæntʃ	pæntʃ	0.0	0.0
pancratical	pæŋkɹætɪkəl	pænkɹætɪkəl	pæŋkɹæɾɪkəl	pæŋkɹætɪkəl	compound	pan|c|rat|ical	0.09090909090909091	0.09090909090909091	0.0	pæŋkɹæɾəkəl	pænkɹætɪkəl	0.18181818181818182	0.09090909090909091
pandeiro	pændɛəɹəʊ	pændaɪɹəʊ	pændɛɹəʊ	pændaɪɹəʊ	compound	pand|eir|o	0.2222222222222222	0.125	0.2222222222222222	pɑndɛɹəʊ	pɑndɛɹəʊ	0.25	0.25
pandeistic	pændiːɪstɪk	pændiɪsteɪ	pændeɪstɪk	pændaɪstɪk	compound	pandeist|ic	0.2	0.1	0.1	pændaɪstɪk	pændiɪstɪk	0.1	0.0
panendeism	pænəndiɪzəm	pænɛndiɪzəm	peɪnəndeɪzəm	peɪnɛndɪzəm	compound	panen|deism	0.09090909090909091	0.25	0.36363636363636365	pənɛndɪɪzəm	pænəndiɪzəm	0.2727272727272727	0.0
panendeistic	pænɛndiːɪstɪk	pænɛndiɪstɪk	peɪnəndeɪstɪk	peɪnɛndaɪstɪk	compound	panen|deistic	0.0	0.3076923076923077	0.23076923076923078	pænəndiɪstɪk	pænəndiɪstɪk	0.08333333333333333	0.08333333333333333
panentheist	pænɛnθiɪst	pænɛnθiɪst	peɪnənθiɪst	peɪnɛnθaɪst	compound	panen|theist	0.0	0.2727272727272727	0.2727272727272727	pænɛnθɪɪst	pænənθaɪst	0.1	0.2
panentheistic	pænɛnθiɪstɪk	pænɛnθiɪstɪk	peɪnənθiɪstɪk	peɪnɛnθaɪstɪk	compound	panen|theistic	0.0	0.23076923076923078	0.23076923076923078	pænənθiɪstɪk	pænənθiɪstɪk	0.08333333333333333	0.08333333333333333
panentheistical	pænɛnθiɪstɪkl	pænɛnθiɪstɪkəl	peɪnənθiɪstɪkəl	peɪnɛnθaɪstɪkəl	compound	panen|theistical	0.07142857142857142	0.26666666666666666	0.26666666666666666	pænənθiɪstɪkəl	pænənθiɪstɪkəl	0.14285714285714285	0.14285714285714285
panentheists	pænɛnθiɪsts	pænɛnθɪɪsts	peɪnənθiɪsts	peɪnɛnθaɪsts	compound	panen|theists	0.09090909090909091	0.25	0.25	pænɛnθɪɪsts	pænənθaɪsts	0.09090909090909091	0.18181818181818182
panhypopituitarism	pænhaɪpəʊpɪtjuːɪtəɹɪzəm	pænhaɪpəʊpətuəɾəɹɪzəm	pænhɪpɑpɪtuɪɾɚɹɪzəm	pænipəpɪtuɪtɚɪzəm	compound	pan|hypopituitarism	0.19047619047619047	0.3157894736842105	0.4117647058823529	pænhaɪpəʊpɪɾuɪtɛɹɪzəm	pænhaɪpɑpətuɪtɝɪzəm	0.14285714285714285	0.3157894736842105
panomphean	pænɒmfiːən	pænɒmfliən	pænəmfiən	pænɑmfən	compound	pan|om|ph|ean	0.1	0.1111111111111111	0.25	pənɑmfiən	pænəmfin	0.2222222222222222	0.25
panoramata	panəɹɑːmətə	pænəɹæmətɑ	pænoɹəmɑɾə	pænɔɹəmətə	compound	panorama|ta	0.3	0.5	0.3	pænəɹæməɾə	pænɝəmɑtə	0.3	0.5555555555555556
panphilia	pænfɪlɪə	pænfɪliə	pænfɪliə	pænfɪliə	compound	pan|philia	0.125	0.125	0.125	pænfɪliə	pænfɪljə	0.125	0.125
pantyliner	pæntilaɪnə	pɑntilaɪnə	pæntɪlaɪnɚ	pæntɪlaɪnɚ	compound	panty|liner	0.1	0.2	0.2	pæntilaɪnəɹ	pæntilaɪnɝ	0.09090909090909091	0.1
pané	pæneɪ	pæneɪ	pæneɪ	pæn	compound	[]	0.0	0.0	0.6666666666666666	pæneɪ	pəneɪ	0.0	0.2
papaverous	pəpævəɹəs	pəpeɪvɚəs	pæpeɪvɚɹəs	pæpəvɚəs	compound	papaver|ous	0.4444444444444444	0.4	0.5	pəpævəɹəs	pəpævɝəs	0.0	0.25
pappous	pæpəs	pæpəs	pæpəs	pæpəs	compound	papp|ous	0.0	0.0	0.0	pæpəs	pæpəs	0.0	0.0
parachronisms	pɚækɹənɪzmz	pəɹækɹənɪzəms	pæɹəkɹənɪzəmz	pɑɹəkɹənɪzəmz	compound	parachronism|s	0.3076923076923077	0.3076923076923077	0.3076923076923077	pɛɹəkɹɑnɪzəmz	pɛɹəkɹənɪzəmz	0.38461538461538464	0.3076923076923077
paraconsistent	pæɹəkənsɪstənt	pɛɹəkənsɪstənt	pæɹəkɑnsɪstənt	pɑɹəkənsɪstɛnt	compound	para|consistent	0.07142857142857142	0.07142857142857142	0.14285714285714285	pɛɹəkənsɪstənt	pɛɹəkənsɪstənt	0.07142857142857142	0.07142857142857142
paradings	pəɹeɪdɪŋz	pəɹeɪdɪŋs	pɚɹeɪdɪŋz	pɑɹədɪŋz	compound	parading|s	0.1111111111111111	0.1111111111111111	0.375	pæɹədɪŋz	pɝeɪdɪŋz	0.375	0.25
paraffle	pəɹæfəl	pɑɹæfəl	pæɹəfəl	pɑɹəfəl	compound	pa|raffle	0.14285714285714285	0.2857142857142857	0.2857142857142857	pɛɹəfəl	pɛɹəfəl	0.2857142857142857	0.2857142857142857
paralexical	pæɹəlɛksɪkəl	pæɹəlɛksɪkæl	pæɹəlɛksɪkəl	pɑɹəlɛksɪkəl	compound	paralexic|al	0.08333333333333333	0.0	0.08333333333333333	pɛɹəlɛksɪkəl	pɛɹəlɛksɪkəl	0.08333333333333333	0.08333333333333333
paralexicon	pæɹəlɛksɪkɒn	pæɹəlɛksɪkɒn	pæɹəlɛksɪkən	pɑɹəlɛksɪkən	compound	paralexic|on	0.0	0.08333333333333333	0.16666666666666666	pəɹæləksɪkən	pɛɹəlɛksɪkən	0.3333333333333333	0.16666666666666666
paralipomenon	pæɹəlɪpɒmɪnɒn	pɛɹəlaipəʊmeɪnɔn	pæɹəlɪpəʊmnən	pɑɹəlipəmənən	compound	para|lipo|menon	0.4375	0.3076923076923077	0.38461538461538464	pɛɹəlɪpəmənən	pɛɹələpɑmənən	0.3076923076923077	0.38461538461538464
paravian	pəɹeɪviən	pɛɹəviən	pæɹəviən	pɑɹəviən	compound	para|vian	0.375	0.375	0.375	pəɹeɪviən	pɝeɪviən	0.0	0.25
paroch	pæɹətʃ	pɑɹəʊtʃ	pæɹɑk	pɑɹɑk	compound	paro|ch	0.2857142857142857	0.6	0.8	pæɹək	pɛɹək	0.4	0.6
parrhesia	pəɹiːziə	pɑhiziə	pæɹiʒə	pɛɹhɛsiə	compound	parr|hes|ia	0.2857142857142857	0.5	0.5	pəɹiʒiə	pɝiʒə	0.14285714285714285	0.8
pasquin	pæskwɪn	pæskwɪn	pæskwɪn	pæskwɪn	compound	pas|quin	0.0	0.0	0.0	pæskwɪn	pæskwɪn	0.0	0.0
pastie	peɪsti	pɑsti	pæsti	pæsti	compound	past|ie	0.4	0.4	0.4	pæsti	peɪsti	0.4	0.0
pataphysicist	pætəfɪzɪsɪst	pætəfɪzɪsɪst	pæɾəfɪzɪsɪst	pætəfizɪsɪst	compound	pat|a|physicist	0.0	0.08333333333333333	0.08333333333333333	pæɾəfɪzəsəst	pætəfɪzəsɪst	0.25	0.08333333333333333
patellula	pətɛljʊlə	pətɛllulə	peɪɾəljʊlə	pætəlulə	compound	patel|lula	0.2222222222222222	0.4	0.5	pətɛljələ	pətɛljələ	0.1111111111111111	0.1111111111111111
pathics	pæθɪks	pæθɪks	pæθɪks	pæθɪks	compound	pathic|s	0.0	0.0	0.0	pæθɪks	pæθɪks	0.0	0.0
patientive	peɪʃəntɪv	peɪʃəntaɪv	peɪʃəntɪv	peɪʃəntɪv	compound	patient|ive	0.1	0.0	0.0	peɪʃəntɪv	peɪʃəntɪv	0.0	0.0
patriality	peɪtɹiælɪti	peɪtɹiəlɪti	peɪtɹɪælᵻɾi	pætɹiəlɪti	compound	patrial|ity	0.09090909090909091	0.2727272727272727	0.3	peɪtɹiæləɾi	peɪtɹiæləti	0.18181818181818182	0.09090909090909091
patriclan	pætɹɪklæn	pætɹɪklæn	pætɹɪklən	pætɹɪklən	compound	pat|ric|lan	0.0	0.1111111111111111	0.1111111111111111	pætɹɪklæn	pætɹɪklən	0.0	0.1111111111111111
pauciennial	pɔːsɪɛnɪəl	pɔsinnaɪəl	pɔʃənɪəl	pəʃəniəl	compound	pau|cie|n|nial	0.3	0.375	0.625	pɔsɪɛnɪəl	pɔsiɛniəl	0.0	0.2222222222222222
paum	pɔːm	pɔm	pəm	pəm	compound	pau|m	0.0	0.3333333333333333	0.3333333333333333	pɔm	pɔm	0.0	0.0
paunce	pɔːns	pɔns	pɔns	pəns	compound	pau|nce	0.0	0.0	0.25	pɔns	pɔns	0.0	0.0
pawprint	pɔːpɹɪnt	pɔpɹɪnt	pɔpɹɪnt	pɔpɹɪnt	compound	paw|print	0.0	0.0	0.0	pɔpɹɪnt	pɔpɹɪnt	0.0	0.0
paylist	peɪlɪst	peɪlɪst	peɪlɪst	peɪlɪst	compound	pay|list	0.0	0.0	0.0	peɪlɪst	peɪlɪst	0.0	0.0
pazinaclone	pəzɪnəkləʊn	pɑzinəkləʊn	pæzɪnækləʊn	pæzɪnəkləʊn	compound	paz|ina|clone	0.18181818181818182	0.18181818181818182	0.09090909090909091	pæzənəkləʊn	pəzɪnəkləʊn	0.18181818181818182	0.0
paʻanga	pɑːɑːŋɡə	pɑɑŋɡə	piəlɛɾɚtubibiəɛndʒiə	peɪæŋɡə	compound	[]	0.0	0.9	0.42857142857142855	pəɑŋɡə	pɑʒɑŋɡə	0.16666666666666666	0.14285714285714285
pecunious	pɪkjuːniəs	pɛkjuniəs	pɛkjuniəs	pɛkjunjus	compound	pec|uni|ous	0.1111111111111111	0.1111111111111111	0.3333333333333333	pəkjunɪəs	pəkjuniəs	0.2222222222222222	0.1111111111111111
peelie	piːli	pili	pili	pili	compound	peel|ie	0.0	0.0	0.0	pili	pili	0.0	0.0
peisant	peɪzənt	peɪzænt	peɪsənt	paɪsənt	compound	peis|ant	0.14285714285714285	0.14285714285714285	0.2857142857142857	peɪsənt	paɪzənt	0.14285714285714285	0.14285714285714285
peise	peɪz	peɪzi	paɪz	paɪz	compound	peis|e	0.2	0.25	0.25	pis	piz	1.0	0.6666666666666666
pejorism	piːdʒəɹɪzəm	piidʒəʊɹɪzəm	pɛdʒɚɹɪzəm	pidʒɚɪzəm	compound	pe|jo|r|ism	0.16666666666666666	0.2	0.2222222222222222	pədʒɔɹɪzəm	pɛdʒɝɪzəm	0.2	0.3333333333333333
pekid	piːkɪd	piikɪd	pɛkɪd	pɛkɪd	compound	pe|kid	0.16666666666666666	0.2	0.2	pɛkɪd	pɛkɪd	0.2	0.2
pelfray	pɛlfɹeɪ	pɛlfɹeɪ	pɛlfɹeɪ	pɛlfɹeɪ	compound	pelf|ray	0.0	0.0	0.0	pɛlfɹeɪ	pɛlfɹeɪ	0.0	0.0
peninitial	pɛnɪnɪʃəl	pɛnɪnɪʃəl	pɛnɪnɪʃəl	pɛnənɪʃəl	compound	pen|initial	0.0	0.0	0.1111111111111111	pɛnɪnɪʃəl	pɛnənɪʃəl	0.0	0.1111111111111111
penjamin	pɛndʒəmɪn	pɛndʒəmɪn	pɛndʒəmɪn	pɛndʒəmɪn	compound	penja|min	0.0	0.0	0.0	pɛn.d͡ʒəm.ɪn	pɛndʒəmɪn	0.25	0.0
pentadecagon	pɛntədɛkəɡən	pɛntədɪkæɡən	pɛnteɪdkæɡən	pɛntædɪkəɡən	compound	penta|decagon	0.16666666666666666	0.3333333333333333	0.16666666666666666	pɛntədɛkəgən	pɛntədɛkəɡən	0.08333333333333333	0.0
pentamethylenetetrazol	pɛntəmɛθɪliːntɛtɹəzɒl	pɛntəmɛθɪlintɛtɹəzəʊl	pɛntəmɛθaɪlnɛɾɪtɹæzɑl	pɛntəmθaɪlənɪtɪtɹəzəl	compound	penta|methylene|tetra|z|ol	0.09523809523809523	0.3333333333333333	0.2857142857142857	pɛntəmɛθəlintətɹæzɑl	pɛntəməθaɪlənətɛtɹəzɑl	0.2	0.22727272727272727
penthusiasm	pɛnθjuːziæzəm	pɛnθjuzɪæzəm	pɛnθuziæzəm	pɛnθusiəzm	compound	p|enthusiasm	0.08333333333333333	0.09090909090909091	0.4	pɛnθuziæzəm	pɛnθuziæzəm	0.09090909090909091	0.09090909090909091
peptidomimetic	pɛptaɪdoʊmɪmɛtɪk	pɛptɪdəʊməmɛɾɪk	pɛptɪdɑmaɪmɛɾɪk	pɛptɪdəmaɪmɛtɪk	compound	pep|tid|o|mimetic	0.2	0.3333333333333333	0.2	pɛptədəʊmɪmɛɾɪk	pɛptɪdɑməmɛtɪk	0.2	0.2857142857142857
perfectional	pəɹfɛkʃənəl	pəfɛkʃənæl	pɚfɛkʃənəl	pɚfɛkʃənəl	compound	perfection|al	0.2	0.2	0.2	pəɹfɛkʃənəl	pɝfɛkʃənəl	0.0	0.2
perfluorooctanoate	pəɹflʊəɹəʊɒktænəʊeɪt	pɜɹflwəʊɹukɔɹtænəʊəti	pɜflʊɹɹuktənəʊt	pɚfluɹuktənəʊt	compound	perf|luo|roo|ct|anoa|te	0.47619047619047616	0.6	0.7142857142857143	pəɹflɔɹəʊɒkteɪnəʊeɪt	pɝflɔɹəʊɑktənəʊt	0.2	0.5
periplasm	pɛɹiplæzəm	pɛɹiplæzəm	pɛɹɪplæzəm	pɛɹɪpləsm	compound	peri|plasm	0.0	0.1	0.4444444444444444	pɛɹəplæzəm	pɛɹəplæzəm	0.1	0.1
periplus	pɛɹɪplʌs	pɛɹiplʌs	pɛɹɪpləs	pɛɹɪpləs	compound	peri|plus	0.125	0.125	0.125	pɛɹiplʌs	pɛɹəpləs	0.125	0.25
periprocedurally	pɛɹəpɹəsiːdʒəɹəli	pɛɹipɹəsidʒəɹəli	pɛɹɪpɹəsidʒɚɹəli	pɛɹɪpɹəʊsdɚəli	compound	peri|procedurally	0.0625	0.125	0.42857142857142855	pɛɹɪpɹəsidʒəɹəli	pɛɹəpɹəsɛdʒɝəli	0.0625	0.2
perizoma	pɛɹɪzəʊmə	pɛɹizəʊmə	pɛɹɪzəʊmə	pɚaɪzəʊmə	compound	peri|z|oma	0.1111111111111111	0.0	0.2222222222222222	pəɹɪzəʊmə	pɝɪzəʊmə	0.1111111111111111	0.25
perlustrate	pəlʌstɹeɪt	pɜlʌstɹeɪt	pɜləstɹeɪt	pɚləstɹeɪt	compound	per|lustrate	0.1	0.2	0.2	pəɹlʌstɹeɪt	pɝləstɹeɪt	0.09090909090909091	0.2
perlustration	pɜːlʌstɹeɪʃən	pɜləstɹeɪʃən	pɜləstɹeɪʃən	pɚləstɹeɪʃən	compound	per|lustration	0.08333333333333333	0.08333333333333333	0.16666666666666666	pəɹlʌstɹeɪʃən	pɝləstɹeɪʃən	0.15384615384615385	0.16666666666666666
permablock	pɜːɹməblɒk	pɝməblɒk	pɜməblɑk	pɚməblɑk	compound	perma|block	0.25	0.25	0.375	pɜɹməblɑk	pɝməblɑk	0.1111111111111111	0.375
permafuck	pɜːɹməfʌk	pɝməfʌk	pɜməfʌk	pɚməfək	compound	perma|fuck	0.2857142857142857	0.14285714285714285	0.42857142857142855	pɝ.məfʌk	pɝməfək	0.25	0.42857142857142855
permille	pəɹmɪl	pɜmɪl	pɜmɪl	pɚməl	compound	per|mille	0.4	0.4	0.6	pɜɹmɪl	pɝmɪl	0.16666666666666666	0.4
pern	pɜːɹn	pɜn	pɜn	pɚn	compound	per|n	0.3333333333333333	0.3333333333333333	0.6666666666666666	pɝn	pɝn	0.6666666666666666	0.6666666666666666
perper	pɛəɹpɚ	pɜɹpɜ	pɜpɚ	pɚpɚ	compound	perp|er	0.6	0.75	0.75	pɚpɚ	pɝpɝ	0.75	1.0
perpetuable	pəɹpɛtʃʊəbəl	pɝpɛtʃuəbəl	pɚpɛɾuəbəl	pɚpɛtʃuəbəl	compound	perpetua|ble	0.2727272727272727	0.5	0.2727272727272727	pəɹpɛtʃəwəbəl	pɝpɛtʃuəbəl	0.15384615384615385	0.2727272727272727
pervaporate	pɜːvapəɹeɪt	pɜveɪpəɹeɪt	pɚvæpɚɹeɪt	pɚvəpɚeɪt	compound	per|vaporate	0.18181818181818182	0.3	0.4444444444444444	pəɹveɪpəɹeɪt	pɝvæpɝeɪt	0.3333333333333333	0.4444444444444444
petalless	pɛtəlləs	pɛtəlles	pɛɾəlɛs	pɛtələs	compound	petal|less	0.125	0.42857142857142855	0.14285714285714285	pɛɾəlləs	pitələs	0.125	0.2857142857142857
petalous	pɛtələs	pɛtələs	pɛɾələs	pɛtəlɔs	compound	petal|ous	0.0	0.14285714285714285	0.14285714285714285	pɛɾələs	pɛtələs	0.14285714285714285	0.0
petary	piːtəɹi	pitəɡɹ	pɛɾɚɹi	pɛtɚi	compound	peta|ry	0.3333333333333333	0.5	0.6	pɛɾəɹi	pɛtɝi	0.3333333333333333	0.6
petasecond	pɛtəsɛkənd	pitəsɛkənd	pɛɾeɪskɑnd	pitəsɪkənd	compound	peta|second	0.1	0.5	0.2	pɛɾəsɛkənd	pəteɪskənd	0.1	0.4
petrophilic	pɛtɹəfɪlɪk	pɛtɹəʊfɪlɪk	pɛtɹəfɪlɪk	pɛtɹəʊfɪlɪk	compound	petro|philic	0.09090909090909091	0.0	0.09090909090909091	pɛtɹəfɪlɪk	pɛtɹəfɪlɪk	0.0	0.0
pettywhin	pɛtiwɪn	pɛtiwɪn	pɛɾɪwɪn	pɛtiwɪn	compound	petty|whin	0.0	0.2857142857142857	0.0	pɛɾiwɪn	pɛtiwɪn	0.14285714285714285	0.0
pewterware	pjuːtəɹwɛɚ	pjutəwɛɹ	pjuɾɚwɛɹ	pətɚwɚ	compound	pewter|ware	0.25	0.5	0.8333333333333334	pjuɾəɹwɛɹ	pjutɝwɛɹ	0.2222222222222222	0.375
phalangite	fæləndʒaɪt	flælənɡaɪt	fæləŋɡaɪt	fəlændʒɪt	compound	ph|alan|gite	0.3	0.3333333333333333	0.3333333333333333	fəlændʒaɪt	fæləndʒaɪt	0.2	0.0
pharmacogeneticist	fɑːɹməkəʊdʒənɛtɪsɪst	fɑɹməkəʊdʒɛnɛtɪsɪst	fɑɹməkəʊdʒnɛɾɪsɪst	fɑɹməkədʒənɛtɪsɪst	compound	pharma|co|geneticist	0.05263157894736842	0.1111111111111111	0.05555555555555555	fɑɹməkəʊdʒənɛɾəsəst	fɑɹməkədʒənɛtɪsɪst	0.15789473684210525	0.05555555555555555
phengite	fɛndʒaɪt	fənɡaɪt	fɛŋɡaɪt	fɛŋɪt	compound	phen|gite	0.42857142857142855	0.42857142857142855	0.8	fɛŋgaɪt	fɛndʒət	0.42857142857142855	0.2857142857142857
phenoxazine	fɪnɒksəziːn	fənɒksæzin	fɛnəksæzin	fɛnəksəzin	compound	phen|ox|azine	0.2	0.3	0.2	fənɑksəzin	fənɑksəzin	0.2	0.2
phenyltoloxamine	fiːnɪltəlɒksəmiːn	finaɪltɔlɒksəmin	finaɪltəlɑksəmin	fɛnɪltəʊlɑksəmin	compound	phenyl|tol|ox|amine	0.125	0.125	0.1875	fɛnəltɑləksəmin	finɪltəlɑksəmin	0.26666666666666666	0.06666666666666667
phinary	faɪnəɹi	faɪneəɹi	fɪnɚɹi	fɪnɚi	compound	phi|nary	0.125	0.3333333333333333	0.6	faɪnɛɹi	fɪnɝi	0.14285714285714285	0.6
phoca	fəʊkə	fəʊkɑ	fəʊkə	fəʊkə	compound	pho|ca	0.2	0.0	0.0	fəʊkə	fəʊkə	0.0	0.0
phosphatidyl	fɒsfætɪdɪl	əfɒsfætaɪdɪl	fɑsfətɪdɪl	fɑsfətɪdɪl	compound	phos|phat|id|yl	0.16666666666666666	0.2	0.2	əfɒsfətɪdɪl	fɑsfætədɪl	0.18181818181818182	0.2
phosphorescents	fɑːsfəɹɛsənts	fɒsfəɹɛsənts	fɑsfɚɹɛsənts	fɑsfɚɛʃənts	compound	phosphorescent|s	0.08333333333333333	0.08333333333333333	0.2727272727272727	fɑsfəɹɛsənts	fɑsfɝɛsənts	0.0	0.18181818181818182
photogene	fəʊtəʊdʒiːn	fəʊɾəʊdʒəni	fəʊɾəʊdʒin	fɑtədʒn	compound	photogen|e	0.2727272727272727	0.1	0.5714285714285714	fəʊɾəʊdʒɛni	fəʊtədʒin	0.2727272727272727	0.1111111111111111
phototest	foʊtoʊtɛst	fəʊtəʊtɛst	fəʊɾəʊɾɪst	fɑtəʊtst	compound	photo|test	0.0	0.3	0.375	fəʊɾəʊtɛst	fəʊtəʊtɛst	0.1	0.0
phrasebooks	fɹeɪzbʊks	fɹeɪzbʊks	fɹeɪzbʊks	fɹəsibʊks	compound	phrasebook|s	0.0	0.0	0.3333333333333333	fɹeɪzbʊks	fɹeɪsbʊks	0.0	0.1111111111111111
phraser	fɹeɪzɚ	fɹeɪzɹ	fɹeɪsɚ	fɹəsɚ	compound	phrase|r	0.16666666666666666	0.16666666666666666	0.6	fɹeɪzəɹ	fɹeɪzɝ	0.2857142857142857	0.16666666666666666
phreaking	fɹiːkɪŋ	fɹikɪŋ	fɹikɪŋ	fɹikɪŋ	compound	phreak|ing	0.0	0.0	0.0	fɹikɪŋ	fɹikɪŋ	0.0	0.0
phylogenics	faɪlədʒɛnɪks	faɪləʊdʒɛnɪks	faɪləʊdʒɛnɪks	fɪlədʒɛnɪks	compound	phylogenic|s	0.07692307692307693	0.07692307692307693	0.09090909090909091	faɪləd͡ʒənɪks	faɪlədʒɛnɪks	0.15384615384615385	0.0
pian	piæn	piən	paɪən	paɪən	compound	pia|n	0.25	0.6	0.6	piən	paɪən	0.25	0.6
piapiac	piːəpiːək	piəpiək	paɪəpiæk	piæpiək	compound	pia|pia|c	0.0	0.375	0.14285714285714285	paɪəpiək	piæpiæk	0.25	0.2857142857142857
piberaline	pɪbəɹəlɪn	paɪbɛɹəlin	paɪbɹəlaɪn	paɪbɚəlin	compound	pi|bera|line	0.3	0.3	0.4444444444444444	paɪbəɹəlaɪn	pɪbɝəlaɪn	0.18181818181818182	0.3333333333333333
picric	pɪkɹɪk	pɪkɹɪk	pɪkɹɪk	pɪkɹɪk	compound	pic|ric	0.0	0.0	0.0	pɪkɹɪk	pɪkɹɪk	0.0	0.0
piem	paɪəm	paɪm	pim	pim	compound	pie|m	0.25	1.0	1.0	paɪəm	pim	0.0	1.0
piggin	pɪɡɪn	pɪɡɪn	pɪɡɪn	pɪɡɪn	compound	pigg|in	0.0	0.0	0.0	pɪgɪn	pɪɡɪn	0.2	0.0
pilk	pɪlk	pɪlk	pɪlk	pɪlk	compound	pil|k	0.0	0.0	0.0	pɪlk	pɪlk	0.0	0.0
pilm	pɪlm	pɪlm	pɪlm	pɪlm	compound	pil|m	0.0	0.0	0.0	pɪlm	pɪlm	0.0	0.0
piloter	paɪlətɚ	paɪlətɜ	paɪləʊɾɚ	pɪləʊtɚ	compound	pilot|er	0.14285714285714285	0.25	0.2857142857142857	paɪlətɚ	pɪlətɝ	0.0	0.3333333333333333
pinblock	pɪnblɒk	pɪnblɒk	pɪnblɑk	pɪnblɑk	compound	pin|block	0.0	0.14285714285714285	0.14285714285714285	pɪnblɑk	pɪnblɑk	0.14285714285714285	0.14285714285714285
pipemaking	paɪpmeɪkɪŋ	paɪpmeɪkɪŋ	paɪpmeɪkɪŋ	paɪpɛməkɪŋ	compound	pipe|making	0.0	0.0	0.3	paɪpmeɪkɪŋ	paɪpmeɪkɪŋ	0.0	0.0
pipradol	pɪpɹədɒl	pɪpɹədɑl	pɪpɹədɑl	pɪpɹədəl	compound	pipra|dol	0.125	0.125	0.125	pɪpɹədɔl	pɪpɹədɑl	0.125	0.125
pirn	pɜːɹn	pɪɹn	pɜn	pɚn	compound	pir|n	0.25	0.3333333333333333	0.6666666666666666	pɪɹn	pɝn	0.25	0.6666666666666666
pissplay	pɪspleɪ	pɪspleɪ	pɪspleɪ	pɪspleɪ	compound	piss|play	0.0	0.0	0.0	pɪspleɪ	pɪspleɪ	0.0	0.0
pisstake	pɪsteɪk	pɪsteɪk	pɪsteɪk	pɪsteɪk	compound	piss|take	0.0	0.0	0.0	pɪsteɪk	pɪssteɪk	0.0	0.125
pistolet	pɪstəlɛt	pɪstəʊlt	pɪstɑlɪt	pɪstəʊlt	compound	pistole|t	0.25	0.25	0.25	pɪstəlɛt	pɪstəlɛt	0.0	0.0
pithiatic	pɪθiætɪk	pɪθiətɪk	pɪθɪæɾɪk	pɪθiətɪk	compound	pith|ia|tic	0.125	0.25	0.125	pɪθiæɾɪk	pɪθiætɪk	0.125	0.0
pizzadilla	piːtsədijə	pitsədɪlə	pitsədɪlə	pɪzədɪlə	compound	pizza|dill|a	0.2222222222222222	0.2222222222222222	0.625	pitsədɪlə	pitsədɪlə	0.2222222222222222	0.2222222222222222
placename	pleɪsneɪm	pleɪsneɪm	pleɪsneɪm	pleɪsənəm	compound	place|name	0.0	0.0	0.3333333333333333	pleɪsneɪm	pleɪsneɪm	0.0	0.0
placode	plækəʊd	plɑkəʊd	plækəʊd	plækəʊd	compound	pla|code	0.14285714285714285	0.0	0.0	plækəʊd	pləkəʊd	0.0	0.14285714285714285
plaguiness	pleɪɡɪnəs	plɑɡɪnəs	plæɡaɪnəs	plæɡwinəs	compound	pla|guiness	0.25	0.3333333333333333	0.4444444444444444	pleɪgɪnəs	pleɪɡinəs	0.1111111111111111	0.1111111111111111
plandid	plændɪd	plændɪd	plændɪd	plændɪd	compound	plan|did	0.0	0.0	0.0	plændɪd	plændɪd	0.0	0.0
plasterly	plɑːstəɹli	plɑstəlɪ	plæstɚli	plæstɚli	compound	plaster|ly	0.25	0.375	0.375	plæstəɹli	plæstɝli	0.1111111111111111	0.375
platypodes	plætɪpədiːz	pleɪtipɒdiz	plæɾɪpəʊdz	plætipəʊdɪz	compound	platy|pod|es	0.36363636363636365	0.3	0.2727272727272727	plæɾəpəʊdz	plætipəʊdz	0.4	0.3
platypusary	plætɪpʊsəɹi	plætɪpəsɛɹi	plæɾɪpjusɛɹi	plætipəsɚi	compound	platypus|ary	0.18181818181818182	0.3333333333333333	0.4	plæɾəpəsɛɹi	plætipjəzɛɹi	0.36363636363636365	0.4166666666666667
playathon	pleɪəθɒn	pleɪəθɑn	pleɪəθən	pleɪəθən	compound	playa|thon	0.125	0.125	0.125	pleɪəθɑn	pleɪəθən	0.125	0.125
playdate	pleɪdeɪt	pleɪdeɪt	pleɪdeɪt	pleɪdeɪt	compound	play|date	0.0	0.0	0.0	pleɪdeɪt	pleɪdeɪt	0.0	0.0
playgame	pleɪɡeɪm	pleɪɡeɪm	pleɪɡeɪm	pleɪɡəm	compound	play|game	0.0	0.0	0.2857142857142857	pleɪgeɪm	pleɪɡeɪm	0.125	0.0
playright	pleɪɹaɪt	pleɪɹaɪt	pleɪɹaɪt	pleɪɹaɪt	compound	play|right	0.0	0.0	0.0	pleɪɹaɪt	pleɪɹaɪt	0.0	0.0
pleasaunce	plɛzəns	plizəʊns	plisɔns	plisəns	compound	pleas|au|nce	0.25	0.42857142857142855	0.2857142857142857	plizɔns	plɛsɔns	0.2857142857142857	0.2857142857142857
pleomorphous	pliːəmɔːɹfəs	pələʊmɔɹfəs	plɪɑmoɹfəs	plimɔɹfəs	compound	ple|o|morphous	0.2727272727272727	0.3	0.1111111111111111	plɪɒmɔfəs	pliəmɔɹfəs	0.3333333333333333	0.0
pling	plɪŋ	plɪŋ	plɪŋ	plɪŋ	compound	p|ling	0.0	0.0	0.0	plɪŋ	plɪŋ	0.0	0.0
ploce	plɒsi	plɒki	pləʊs	pləʊs	compound	ploc|e	0.2	0.6	0.6	pləʊs	pləʊs	0.6	0.6
plox	plɔks	plɒks	plɑks	plɑks	compound	p|lox	0.2	0.2	0.2	plɑks	plɑks	0.2	0.2
plumcake	plʌmkeɪk	plʌmkeɪk	plʌmkeɪk	plʌmkeɪk	compound	plum|cake	0.0	0.0	0.0	plʌmkeɪk	pləmkeɪk	0.0	0.125
plusquamperfection	plʌskwæmpəfɛkʃən	plʌskwɑmpəfɛkʃən	plʌskwəmpɚfɛkʃən	plʌskwɑmpɚfɛkʃən	compound	plus|quam|perfection	0.0625	0.125	0.125	plʌskwɑmpəɹfɛkʃən	pləskwɑmpɝfɛkʃən	0.11764705882352941	0.1875
plute	pluːt	plut	plut	plut	compound	p|lute	0.0	0.0	0.0	plut	plut	0.0	0.0
plutodemocracy	plutoʊdɪmɒkɹəsi	plutəʊdɪmɒkɹəsi	pluɾəʊdmɑkɹəsi	plutəʊdəməkɹəsi	compound	pluto|democracy	0.0	0.21428571428571427	0.13333333333333333	pluɾəʊdɛməkɹæsi	plutəʊdɛməkɹəsi	0.26666666666666666	0.13333333333333333
png	pɪŋ	pɛŋ	piɛndʒi	pŋ	compound	p|ng	0.3333333333333333	0.8571428571428571	0.5	pɛŋ	piɛndʒ	0.3333333333333333	0.8333333333333334
po'ouli	poʊoʊuːli	pujuli	pɑuli	pəʊuli	compound	poo|uli	0.6666666666666666	0.8	0.3333333333333333	pulɪ	pəʊuli	1.25	0.3333333333333333
poché	pɔʃeɪ	pɔʃeɪ	pəʃeɪ	pɑk	compound	[]	0.0	0.2	1.3333333333333333	pəʊtʃeɪ	pɑtʃeɪ	0.42857142857142855	0.3333333333333333
pocosin	pəkoʊsən	pəʊkəʊsɪn	pɑkəsɪn	pɑkəsɪn	compound	poco|sin	0.2222222222222222	0.42857142857142855	0.42857142857142855	pəʊkəsɪn	pɑkəsɪn	0.375	0.42857142857142855
podcasts	pɒdkɑːsts	pɒdkɑsts	pɑdkæsts	pɑdkæsts	compound	podcast|s	0.0	0.25	0.25	pɔdkæsts	pɑdkæsts	0.25	0.25
pogged	pɒɡd	pɑɡd	pɑɡd	pɑɡɪd	compound	pogge|d	0.25	0.25	0.4	pɔgd	pɑɡd	0.5	0.25
poisonberry	pɔɪzənbɛɹi	pɔɪzənbɛɹi	pɔɪzənbɛɹi	pɔɪsənbɛɹi	compound	poison|berry	0.0	0.0	0.1	pɔɪzənbɛɹi	pɔɪzənbɛɹi	0.0	0.0
politeia	pɒlɪtiːə	pəlaɪtiə	pəlaɪɾiə	pəʊlaɪtiə	compound	polite|ia	0.25	0.375	0.3333333333333333	pəlaɪɾiə	pɑləteɪə	0.375	0.5
politicals	pəlɪtɪkəls	pəlɪtɪkəls	pəlɪɾɪkəlz	pəʊlɪtɪkəlz	compound	political|s	0.0	0.2	0.18181818181818182	pəlɪtɪkəlz	pəlɪtɪkəlz	0.1	0.1
politure	pɒlitjʊɚ	pɑlɪtjuɹ	pɑlɪtʃɚ	pəʊlɪtʃɚ	compound	polit|ure	0.5	0.5714285714285714	0.625	pɑlɪtʃəɹ	pɑlətʃɝ	0.625	0.7142857142857143
polychrest	pɒlɪkɹɛst	pəlɪkɹɛst	pɑlɪkɹɛst	pɑlɪkɹɛst	compound	poly|chrest	0.1111111111111111	0.1111111111111111	0.1111111111111111	pəlɪkɹɪst	pɑlikɹəst	0.2222222222222222	0.3333333333333333
polycrisis	pɒlikɹaɪsɪs	pəlɪkɹaɪsɪs	pɑlɪkɹɪsiz	pɑlɪkɹɪsɪz	compound	poly|crisis	0.18181818181818182	0.5	0.4	pəlɪkɹaɪsɪs	pɑlikɹaɪsɪs	0.18181818181818182	0.09090909090909091
polylactide	pɒlilæktaɪd	pəlɪlæktaɪd	pɑlɪlæktaɪd	pəlilæktɪd	compound	poly|lac|tide	0.18181818181818182	0.18181818181818182	0.2	pəlɪlæktaɪd	pɑlilæktaɪd	0.18181818181818182	0.09090909090909091
polynose	pɒlɪnəʊz	pəlɪnəʊz	pɑlɪnəʊz	pəlinəʊz	compound	poly|nose	0.125	0.125	0.25	pɑlɪnəʊz	pɑlənəʊz	0.125	0.25
polypantheism	pɒlipænθiɪzəm	pəlɪpænθiɪzəm	pɑlɪpænθiɪzəm	pəʊlipænθaɪzm	compound	poly|pantheism	0.15384615384615385	0.15384615384615385	0.3076923076923077	pɑlɪpænθiɪzəm	pɑlipænθiɪzəm	0.15384615384615385	0.07692307692307693
polypoly	pɒlɪpɒlɪ	pɒlɪpɑli	pɑlɪpɑli	pəʊlipəli	compound	polyp|oly	0.25	0.375	0.5555555555555556	pɑlɪpɑli	pəlɪpəli	0.375	0.375
polysyndeton	pɒlɪsɪndɪtɒn	pəlɪsɪndətɑn	pɑlɪsɪndɛtən	pəʊlsaɪndɪtən	compound	poly|syndeton	0.25	0.25	0.38461538461538464	pɑlɪsɪndətɑn	pɑlisɪndətən	0.25	0.3333333333333333
polysynthesis	pɒlisɪnθəsɪs	pəlɪsɪnθəsɪs	pɑlɪsɪnθəsɪs	pəʊlsɪnθɛsɪz	compound	poly|synthesis	0.16666666666666666	0.16666666666666666	0.4166666666666667	pɑlɪsɪnθəsɪs	pɑlisɪnθəsəs	0.16666666666666666	0.16666666666666666
polyzoic	pɒlizəʊɪk	pəlɪzəʊɪk	pɑlɪzəʊɪk	pəlaɪzɔɪk	compound	poly|zoic	0.2222222222222222	0.2222222222222222	0.5555555555555556	pɑlizəʊɪk	pɑlɪzəʊɪk	0.1111111111111111	0.2222222222222222
polyzoon	pɒlizəʊɒn	pəlɪzun	pɑlɪzun	pəlaɪzun	compound	poly|zoon	0.7142857142857143	0.7142857142857143	0.75	pɑlizun	pɑlizun	0.5714285714285714	0.5714285714285714
pomosexual	pəʊməʊsɛksjʊəl	pəʊməʊsɛkʃuəl	pəməʊskʃuəl	pɑməʊsɛkʃuəl	compound	pomo|sexual	0.23076923076923078	0.45454545454545453	0.4166666666666667	pɑməʊsɛkʃəwəl	pəʊməʊsɛkʃuəl	0.38461538461538464	0.23076923076923078
pomset	pɒmsɛt	pɒmzɛt	pɑmsɛt	pɑmzɪt	compound	poms|et	0.16666666666666666	0.16666666666666666	0.5	pɑmsɛt	pɑmsət	0.16666666666666666	0.3333333333333333
ponghee	pɒŋɡiː	pɒŋhi	pɑŋhi	pɑŋi	compound	pong|hee	0.2	0.4	0.5	pɔŋhi	pɔŋhi	0.4	0.4
poobah	puːbɑː	pubɑ	pubə	pubɑ	compound	poo|bah	0.0	0.25	0.0	pubə	pubə	0.25	0.25
poophead	puːphɛd	puphɛd	pufɛd	puphəd	compound	poop|head	0.0	0.4	0.16666666666666666	puphɛd	puphɛd	0.0	0.0
pootang	puːtæŋ	putæŋ	puɾæŋ	putæŋ	compound	poot|ang	0.0	0.2	0.0	putɑŋ	putæŋ	0.2	0.0
popina	pɒpaɪnə	pɒpinə	pɑpɪnə	pəʊpinə	compound	pop|ina	0.3333333333333333	0.3333333333333333	0.5714285714285714	pəʊpinə	pəʊpinə	0.5714285714285714	0.5714285714285714
poppin'	pɑpɪn	pɑpɪn	pɑpɪn	pɑpɪn	compound	popp|in	0.0	0.0	0.0	pɑpɪn	pɑpɪn	0.0	0.0
poppism	pɒpɪzəm	pɑpɪzəm	pɑpɪzəm	pɑpɪzəm	compound	popp|ism	0.14285714285714285	0.14285714285714285	0.14285714285714285	pɑpɪzəm	pɑpɪzəm	0.14285714285714285	0.14285714285714285
porphyrogene	pɔɹfəɹɑdʒəni	pɔɹfaɪɹəʊɡəni	poɹfɪɹəʊdʒin	pɔɹfɪɹədʒn	compound	por|phy|rogen|e	0.38461538461538464	0.5	0.4	pɔɹfəɹɑdʒən	pɔɹfɪɹəʊdʒin	0.09090909090909091	0.4166666666666667
porporino	pɔːɹpəɹiːnəʊ	pɔɹpɔɹɪnəʊ	poɹpoɹinəʊ	pɔɹpɚinəʊ	compound	por|porin|o	0.2	0.2	0.2222222222222222	pɔɹpəɹinəʊ	pɔɹpɝinəʊ	0.0	0.2222222222222222
porpus	pɔːɹpəs	pɔɹpʌs	poɹpəs	pɚpəs	compound	por|pus	0.16666666666666666	0.16666666666666666	0.4	pɔɹpəs	pɔɹpəs	0.0	0.0
portague	pɔːɹtəɡjuː	pɔɹtəɡju	poɹɾeɪɡ	pɔɹtəɡ	compound	porta|gue	0.0	0.8571428571428571	0.3333333333333333	pɔɹteɪg	pɔɹtəɡ	0.5714285714285714	0.3333333333333333
posedown	pəʊzdaʊn	pəʊzdəʊn	pəʊsdən	pəʊzdən	compound	posed|own	0.125	0.14285714285714285	0.0	pəʊzdən	pəʊzdən	0.0	0.0
poset	pəʊsɛt	pəʊzt	pɑsɛt	pəʊzɪt	compound	pose|t	0.4	0.4	0.3333333333333333	pəʊsɪt	pəʊzət	0.16666666666666666	0.3333333333333333
possessee	pɒzɛsiː	pəzɛsi	pəzɛsi	pɑsəsi	compound	possess|ee	0.16666666666666666	0.16666666666666666	0.5	pəzɛsi	pɑzəsi	0.16666666666666666	0.3333333333333333
postbourgeois	pəʊstbʊəʒwɑː	pəʊstbʊɹʒwɑ	pəʊstbɚdʒɪɑiz	pɔstbɔɹdʒiɪs	compound	post|bourgeois	0.09090909090909091	0.38461538461538464	0.6666666666666666	pəʊstbɜɹʒwɑ	pəʊstbɔɹdʒwɑ	0.18181818181818182	0.25
postcognition	poʊstkɒɡnɪʃən	pəʊstkɒɡnɪʃən	pəʊstkəɡnɪʃən	pɑstkəɡnɪʃən	compound	post|cognition	0.0	0.07692307692307693	0.25	pəʊstkɑgnɪʃən	pəʊstkəɡnɪʃən	0.15384615384615385	0.07692307692307693
postdict	pəʊstdɪkt	pəʊstdɪkt	pəʊstdɪkt	pɔstdɪkt	compound	post|dic|t	0.0	0.0	0.25	pəʊstdɪkt	pəʊstdɪkt	0.0	0.0
postposit	pəʊstpɒzɪt	pəʊstpɒsɪt	pəʊstpəzɪt	pɔstpəsɪt	compound	post|posit	0.1	0.1	0.4444444444444444	pəʊstpɑzɪt	pəʊstpɑzɪt	0.1	0.1
postprocedural	poʊstpɹəsiːdʒəɹəl	pəʊstpɹəsidʒəɹəl	pəʊstpɹəsidʒɚɹəl	pɔstpɹəsdɚəl	compound	post|procedural	0.0	0.0625	0.5	pəʊstpɹəsidʒəɹəl	pəʊstpɹəsɛdʒɝəl	0.0	0.2
postprocedurally	poʊstpɹəsiːdʒəɹəli	pəʊstpɹəsidʒəɹəli	pəʊstpɹəsidʒɚɹəli	pɔstpɹəsdɚəli	compound	post|procedurally	0.0	0.058823529411764705	0.46153846153846156	pəʊstpɹəsidʒəɹəli	pəʊstpɹəsidʒɝəli	0.0	0.125
potamonym	pɒtəmənɪm	pɒtɑmɔnɪm	pɑɾəmɑnɪm	pəʊtəmənim	compound	pot|amon|ym	0.2222222222222222	0.3333333333333333	0.3	pɑɾəmɑnɪm	pəʊtəməʊnɪm	0.3333333333333333	0.2727272727272727
potestate	pəʊtəsteɪt	pəʊtsteɪt	pəʊtsteɪt	pəʊtɛsteɪt	compound	pote|state	0.1111111111111111	0.1111111111111111	0.1	pəʊtsteɪt	pəʊtsteɪt	0.1111111111111111	0.1111111111111111
pous	pus	pus	puz	pəs	compound	pou|s	0.0	0.3333333333333333	0.3333333333333333	pəz	pus	0.6666666666666666	0.0
poussette	puːsɛt	pussɛt	pəsɛt	pəsɛt	compound	pou|s|sette	0.16666666666666666	0.2	0.2	pəsɛt	pusɛt	0.2	0.0
povitica	poʊvətitsə	pəʊvitikɑ	pəvɪɾɪkə	pɑvɪtɪkə	compound	po|viti|ca	0.4444444444444444	0.75	0.75	pəvɪtɪkə	pəʊvɪtɪkə	0.625	0.4444444444444444
practicalize	pɹæktɪkəlaɪz	pɹæktɪkəlaɪz	pɹæktɪkəlaɪz	pɹæktɪkəlaɪz	compound	practical|ize	0.0	0.0	0.0	pɹæktɪkəlaɪz	pɹæktɪkəlaɪz	0.0	0.0
pralaya	pɹʌləjə	pɹəlaɪə	pɹæleɪə	pɹəleɪə	compound	p|ral|ay|a	0.42857142857142855	0.42857142857142855	0.42857142857142855	pɹəleɪə	pɹəleɪə	0.42857142857142855	0.42857142857142855
pramiracetam	pɹæmɪɹæsɪtæm	pɹæmɪɹæsɪtæm	pɹæmɪɹæsɪtæm	pɹæmɪɹəstəm	compound	pram|iracetam	0.0	0.0	0.2727272727272727	pɹəmɪɹæsɪtæm	pɹæmɝæsətæm	0.08333333333333333	0.2727272727272727
praught	pɹɔːt	pɹɔt	pɹɔt	pɹɔt	compound	p|raught	0.0	0.0	0.0	pɹɔt	pɹɔt	0.0	0.0
preantepenultimate	pɹiæntəpənʌltəmət	pɹiæntəpənʌltəmət	pɹintɪpənʌltᵻmət	pɹəntɪpənʌltɪmeɪt	compound	pre|antepenultimate	0.0	0.1875	0.35294117647058826	pɹiæntɪpɛnʌltɪmət	pɹiəntɛpənəltəmət	0.17647058823529413	0.17647058823529413
precertificate	pɹiːsɜːɹtɪfɪkət	pɹisɝtɪfɪkət	pɹɪsɚtɪfᵻkeɪt	pɹɪsɚtɪfɪkeɪt	compound	pre|certificate	0.16666666666666666	0.46153846153846156	0.38461538461538464	pɹɪsɚtɪfɪkət	pɹɪsɝtəfəkeɪt	0.25	0.5384615384615384
preconnect	pɹiːkənɛkt	pɹikənɛkt	pɹikənɛkt	pɹɛkənɪkt	compound	pre|connect	0.0	0.0	0.2222222222222222	pɹikənɛkt	pɹikənɛkt	0.0	0.0
preengage	pɹiːɪnɡeɪdʒ	pɹinɡeɪdʒ	pɹiŋɡeɪdʒ	pɹɛŋɡɪdʒ	compound	preen|gage	0.1111111111111111	0.2222222222222222	0.5	pɹiɛngeɪdʒ	pɹinɡeɪdʒ	0.2	0.1111111111111111
preeternity	pɹiːɪtɜːɹnɪti	pɹiɪtɜnɪti	pɹitɚnᵻɾi	pɹitɚnɪti	compound	pre|eternity	0.1	0.5555555555555556	0.3333333333333333	pɹitɜɹnəɾi	pɹiɪtɝnəti	0.3	0.3
prefigurate	pɹiːfɪɡjʊɹeɪt	pɹɛfɪɡjʊɹeɪt	pɹɪfɪɡjʊɹeɪt	pɹɛfɪɡɚeɪt	compound	pref|ig|urate	0.08333333333333333	0.08333333333333333	0.4	pɹɪfɪgjəɹeɪt	pɹɪfɪɡjɝeɪt	0.25	0.2727272727272727
prelal	pɹiːləl	pɹilæl	pɹɪlæl	pɹɛləl	compound	pre|lal	0.16666666666666666	0.3333333333333333	0.16666666666666666	pɹɛləl	pɹɛləl	0.16666666666666666	0.16666666666666666
premices	pɹɛmɪsɪz	pɹɛmaɪsɪz	pɹɛmɪsᵻz	pɹɛmɪsz	compound	prem|ices	0.1111111111111111	0.125	0.14285714285714285	pɹɛmɪsɪz	pɹɛmɪsɪz	0.0	0.0
prenazone	pɹɛnəzəʊn	pɹinɑzəʊn	pɹɪnæzəʊn	pɹinəzəʊn	compound	pre|na|zone	0.2222222222222222	0.2222222222222222	0.1111111111111111	pɹɪnəzəʊn	pɹɛnəzəʊni	0.1111111111111111	0.1
prenylated	pɹiːnɪleɪtɪd	pɹinileɪtɪd	pɹɛnɪleɪɾᵻd	pɹɛnjəleɪtd	compound	pre|ny|lated	0.09090909090909091	0.2727272727272727	0.36363636363636365	pɹɛnəleɪɾᵻd	pɹinileɪtɪd	0.36363636363636365	0.09090909090909091
preparable	pɹɛpəɹəbəl	pɹɛpæɹəbəl	pɹɪpɑɹɹəbəl	pɹɛpɚəbəl	compound	prep|arable	0.1	0.2727272727272727	0.2222222222222222	pɹɛpəɹəbəl	pɹipɛɹəbəl	0.0	0.2
preprocedural	pɹipɹəsiːdʒəɹəl	pɹipɹəsidʒəɹəl	pɹɪpɹəsidʒɚɹəl	pɹɛpɹəʊsdɚəl	compound	pre|procedural	0.0	0.14285714285714285	0.5	pɹɪpɹəsidʒəɹəl	pɹipɹəsidʒɝəl	0.07142857142857142	0.15384615384615385
preprocedurally	pɹipɹəsiːdʒəɹəli	pɹipɹəsidʒəɹəli	pɹɪpɹəsidʒɚɹəli	pɹɛpɹəʊsdɚəli	compound	pre|procedurally	0.0	0.13333333333333333	0.46153846153846156	pɹɪpɹəsidʒəɹəli	pɹipɹɑsədʊɹəli	0.06666666666666667	0.2857142857142857
prescious	pɹɛsiəs	pɹɛzkeɪʃəs	pɹiʃəs	pɹɛʃus	compound	pres|cious	0.5	0.5	0.5	pɹɛʃəs	pɹɛʃəs	0.3333333333333333	0.3333333333333333
preso	pɹɛzəʊ	pɹɛzəʊ	pɹisəʊ	pɹisəʊ	compound	pres|o	0.0	0.3333333333333333	0.3333333333333333	pɹɛsəʊ	pɹɛsəʊ	0.16666666666666666	0.16666666666666666
preta	pɹeɪtə	pɹɛtə	pɹɛɾə	pɹitə	compound	pret|a	0.4	0.6	0.4	pɹɛtə	pɹɛtə	0.4	0.4
prevocalically	pɹivəʊkælɪkəli	pɹivəʊkælɪkælaɪ	pɹɪvəkælɪkli	pɹɛvəkəlɪkəli	compound	prevocalic|ally	0.2	0.25	0.23076923076923078	pɹɪvəʊkəlɪkli	pɹivəkælɪkli	0.23076923076923078	0.16666666666666666
prezygapophysis	pɹiːzaɪɡəpɒfɪsɪs	pɹizaɪgəpɑfəsɪs	pɹɪzɪɡæpəfəsɪs	pɹɛziɡəpəfizɪz	compound	pre|zygapophysis	0.2	0.35714285714285715	0.5	pɹɛzəgæpəfəsɪs	pɹizɪɡəpɑfəsəs	0.5	0.2857142857142857
primordiate	pɹaɪmɔːɹdiət	pɹaɪmɔɹdiəti	pɹɪmoɹdɪeɪt	pɹɪmɔɹdieɪt	compound	primordia|te	0.08333333333333333	0.45454545454545453	0.2727272727272727	pɹaɪmɔɹdieɪt	pɹaɪmɔɹdieɪt	0.16666666666666666	0.16666666666666666
pristinate	pɹɪstɪnət	pɹɪstinəti	pɹɪstᵻneɪt	pɹɪstɪneɪt	compound	pris|tina|te	0.2	0.3	0.2	pɹɪstɪneɪt	pɹɪstəneɪt	0.2	0.3
procatalepsis	pɹəʊkætəlɛpsɪs	pɹɑkɑtəlɛpsɪs	pɹɑkəɾeɪlɛpsɪs	pɹəʊkətələpsɪz	compound	proc|ata|lep|sis	0.23076923076923078	0.42857142857142855	0.21428571428571427	pɹəʊkəlæpsɪs	pɹəʊkətəlɛpsɪs	0.25	0.07142857142857142
prochronisms	pɹoʊkɹənɪzmz	pɹəʊkɹənɪzms	pɹɑkɹənɪzəmz	pɹɑkɹənɪzəmz	compound	prochronism|s	0.08333333333333333	0.25	0.25	pɹəʊkɹənɪzəmz	pɹɑkɹənɪzəmz	0.07692307692307693	0.25
proctorrhea	pɹɒktəɹiːə	pɹɒktəɹi	pɹɑktɔɹiə	pɹɑktɚhi	compound	proctor|rhea	0.125	0.2222222222222222	0.5	pɹɑktɚɹiə	pɹɑktɝiə	0.2222222222222222	0.375
profluence	pɹəʊflʊəns	pɹəʊfluəns	pɹɑfluəns	pɹɔfluns	compound	pro|fluence	0.1	0.3333333333333333	0.5	pɹəʊfləns	pɹɑfluəns	0.1111111111111111	0.3333333333333333
profulgent	pɹəfʌldʒənt	pɹəʊfʌldʒənt	pɹəfʌldʒənt	pɹəfəldʒənt	compound	pro|fulgent	0.08333333333333333	0.0	0.09090909090909091	pɹəfʌldʒənt	pɹəfəldʒənt	0.0	0.09090909090909091
profundicate	pɹəfʌndɪkeɪt	pɹəʊfʌndɪkeɪt	pɹəfʌndᵻkeɪt	pɹəʊfʌndɪkeɪt	compound	pro|fundic|ate	0.07692307692307693	0.08333333333333333	0.07692307692307693	pɹəfʌndɪkeɪt	pɹəfəndəkeɪt	0.0	0.16666666666666666
prognosticant	pɹəɡnɒstɪkənt	pɹəɡnɒstɪkænt	pɹɑɡnəstɪkənt	pɹɑɡnɑstɪkənt	compound	prognostic|ant	0.07692307692307693	0.15384615384615385	0.15384615384615385	pɹəgnɑstɪkənt	pɹɑɡnɑstɪkənt	0.15384615384615385	0.15384615384615385
projectivise	pɹɑdʒɛktɪvaɪz	pɹɑdʒɛktɪvaɪz	pɹədʒɛktɪvaɪz	pɹaɪdʒɛktɪvaɪz	compound	project|iv|ise	0.0	0.07692307692307693	0.14285714285714285	pɹədʒɛktɪvaɪz	pɹədʒɛktɪvaɪz	0.07692307692307693	0.07692307692307693
projectivize	pɹɑdʒɛktɪvaɪz	pɹɑdʒɛktɪvaɪz	pɹədʒɛktɪvaɪz	pɹaɪdʒɛktɪvaɪz	compound	project|iv|ize	0.0	0.07692307692307693	0.14285714285714285	pɹədʒɛktɪvaɪz	pɹədʒɛktəvaɪz	0.07692307692307693	0.15384615384615385
proompt	pɹuːmpt	pɹumpt	pɹumpt	pɹumpt	compound	proo|m|p|t	0.0	0.0	0.0	pɹumpt	pɹumpt	0.0	0.0
proot	pɹuːt	pɹut	pɹut	pɹut	compound	proo|t	0.0	0.0	0.0	pɹut	pɹut	0.0	0.0
propanedinitrile	pɹəʊpeɪndaɪnaɪtɹaɪl	pɹəʊpeɪndaɪnaɪtɹəl	pɹəʊpeɪndɪnaɪtɹaɪl	pɹəʊpəndɪnɪtɹɪl	compound	propane|di|nitrile	0.1111111111111111	0.05555555555555555	0.3333333333333333	pɹəʊpəndənaɪtɹəl	pɹəʊpənɛdənɪtɹəl	0.375	0.5
propice	pɹəpaɪs	pɹɒpaɪs	pɹəpɪsɛ	pɹɑpɪs	compound	prop|ice	0.14285714285714285	0.2857142857142857	0.3333333333333333	pɹɒpɪs	pɹɑpəs	0.3333333333333333	0.5
proplifting	pɹɒplɪftɪŋ	pɹɒplɪftɪŋ	pɹɑplɪftɪŋ	pɹɑplɪftɪŋ	compound	prop|lifting	0.0	0.1	0.1	pɹəʊplɪftɪŋ	pɹəplɪftɪŋ	0.18181818181818182	0.1
prosal	pɹəʊzəl	pɹəʊzæl	pɹəzæl	pɹəʊsəl	compound	pros|al	0.14285714285714285	0.3333333333333333	0.14285714285714285	pɹəʊsəl	pɹəʊzəl	0.14285714285714285	0.0
protension	pɹoʊtɛnʃən	pɹəʊtɛnʃən	pɹəʊtɛnʃən	pɹəʊtɛnʃən	compound	pro|tension	0.0	0.0	0.0	pɹəʊtɛnʃən	pɹətɛnʃən	0.0	0.1111111111111111
protensive	pɹoʊtɛnsɪv	pɹəʊtɛnsɪv	pɹəʊtənsɪv	pɹəʊtɛnsɪv	compound	pro|tensive	0.0	0.1	0.0	pɹəʊtɛnsɪv	pɹətɛnsɪv	0.0	0.1111111111111111
protobrosis	pɹəʊtəbɹəʊsɪs	pɹəʊtəbɹəʊzɪz	pɹəʊɾəʊbɹəʊsɪs	pɹəʊtəbɹəʊsɪz	compound	proto|bros|is	0.15384615384615385	0.14285714285714285	0.07692307692307693	pɹəʊtəʊ.bɹəʊ.sɪs	pɹəʊtəʊbɹəʊsəs	0.1875	0.14285714285714285
protologue	pɹəʊtəʊlɒɡ	pɹəʊtələʊɡ	pɹəʊɾəʊlɑɡ	pɹɑtələɡ	compound	proto|logue	0.3	0.2	0.5	pɹəʊɾəʊlɔg	pɹəʊtəlɔɡ	0.3	0.2222222222222222
protospecies	pɹəʊtəʊspiːʃiːz	pɹəʊtəspisiz	pɹəʊɾəʊspisiz	pɹəʊtəspeɪsiz	compound	proto|species	0.16666666666666666	0.15384615384615385	0.3076923076923077	pɹəʊɾəʊspisiz	pɹəʊtəʊspɛsiz	0.15384615384615385	0.15384615384615385
protyle	pɹəʊtaɪl	pɹəʊtaɪlə	pɹɑɾɪl	pɹətaɪl	compound	pro|ty|le	0.1111111111111111	0.6666666666666666	0.14285714285714285	pɹəʊtəɪl	pɹətaɪl	0.125	0.14285714285714285
provicar	pɹəʊvɪkɚ	pɹəʊvɪkə	pɹɑvɪkɑɹ	pɹɑvɪkɚ	compound	pro|vicar	0.125	0.5	0.2857142857142857	pɹɑvɪkɚ	pɹɑvəkɑɹ	0.2857142857142857	0.625
pseudohemophilia	sudoʊhiːməfiːliə	sudəʊhiməfiliə	sudəʊhiməfɪliə	psudəʊhɛməfɪliə	compound	pseudo|hemophilia	0.0	0.07142857142857142	0.2	sudəʊhiməfɪliə	sudəʊhiməʊfɪliə	0.07142857142857142	0.13333333333333333
pseudoliberal	suːdəʊlɪbəɹəl	sudəʊlɪbəɹəl	sudəʊlɪbɚɹəl	psudəʊlɪbɚəl	compound	pseudo|liberal	0.0	0.08333333333333333	0.25	sudəʊlɪbəɹəl	sudəlɪbɝəl	0.0	0.3
pseudoreticulum	sudoʊɹɛtɪkjʊləm	sudəʊɹɛtɪkjʊləm	sudəʊɹɪtɪkjʊləm	psudɚɛtɪkjələm	compound	pseudo|reticulum	0.0	0.06666666666666667	0.35714285714285715	sudəʊɹətɪkjələm	sudɝɪtɪkjələm	0.13333333333333333	0.38461538461538464
pseudovirtue	suːdəʊvɜːɹtʃuː	sudəʊvɜtʃu	sudəʊvɜtʃu	psudəvɚtu	compound	pseudo|virtue	0.1	0.1	0.5555555555555556	sudəʊvɜɹtʃu	sudəʊvɝtʃu	0.0	0.2
pseudovirtuous	suːdəʊvɜːɹtʃuəs	sudəʊvɜtʃuəs	sudəʊvɜtʃuəs	psudəvɚtʃuəs	compound	pseudo|virtuous	0.08333333333333333	0.08333333333333333	0.3333333333333333	sudəʊvɜɹtʃəwəs	sudəʊvɝtʃuəs	0.14285714285714285	0.16666666666666666
psittacines	sɪtəsaɪnz	sɪɾəsaɪns	sɪɾəsinz	psɪtəsɪnz	compound	psittacine|s	0.2222222222222222	0.375	0.2222222222222222	sɪɾəkaɪnz	sɪtəsinz	0.2222222222222222	0.25
psychomachia	saɪkəʊmækiə	saɪkəʊmɑkiə	saɪkəʊmeɪʃə	saɪkəmətʃiə	compound	psycho|machi|a	0.09090909090909091	0.2727272727272727	0.36363636363636365	saɪkəʊmeɪkɪə	saɪkəmeɪʃə	0.25	0.4
psychoscience	saɪkəʊsaɪəns	saɪkəʊsaɪəns	saɪkəʊsaɪəns	saɪkəʊsiəns	compound	psycho|science	0.0	0.0	0.18181818181818182	saɪkəʊsaɪəns	saɪkəʊsaɪəns	0.0	0.0
psyop	saɪɒp	saɪɑp	saɪəp	psaɪəp	compound	psy|op	0.2	0.2	0.3333333333333333	saɪɑp	sjɑp	0.2	0.75
psyops	saɪɒps	saɪɑps	saɪəps	psaɪəps	compound	psy|ops	0.16666666666666666	0.16666666666666666	0.2857142857142857	saɪɑps	sjɑps	0.16666666666666666	0.6
puketastic	pjuːktæstɪk	pjuktæstɪk	pjukɪteɪstɪk	pjuktæstɪk	compound	puke|tastic	0.0	0.25	0.0	pukɪtæstɪk	pjukətæstɪk	0.2	0.09090909090909091
puppyboy	pʌpibɔɪ	pʌpibɔɪ	pʌpɪbɔɪ	pʌpibɔɪ	compound	puppy|boy	0.0	0.14285714285714285	0.0	pʌpɪbɔɪ	pəpibɔɪ	0.14285714285714285	0.14285714285714285
purprise	pəɹpɹaɪz	pɝpɹaɪz	pɜpɹaɪz	pɚpɹaɪz	compound	purp|rise	0.2857142857142857	0.2857142857142857	0.2857142857142857	pɜɹpɹaɪz	pɝpɹaɪz	0.125	0.2857142857142857
pursuiter	pəɹsjuːtɚ	pəsutɜ	pɚsuɾɚ	pɚʃaɪtɚ	compound	pursuit|er	0.5	0.6666666666666666	0.7142857142857143	pɚsutɚ	pɝsutɝ	0.5	0.6666666666666666
pussywhip	pʊsihwɪp	pʊsiwɪp	pʊsɪwɪp	pʌsiwɪp	compound	pussy|whip	0.14285714285714285	0.2857142857142857	0.2857142857142857	pʊsiwɪp	pəsiwɪp	0.14285714285714285	0.2857142857142857
pussywhipped	pʊsihwɪpt	pʊsiwɪpt	pʊsɪwɪpt	pʌsiwɪpt	compound	pussy|whipped	0.125	0.25	0.25	pʊsiwɪpt	pʊsiwɪpt	0.125	0.125
pyeong	pjɔŋ	paɪɔŋ	pjəʊŋ	piəʊŋ	compound	pye|ong	0.4	0.4	0.6	pjɛŋ	paɪɔŋ	0.25	0.4
pyment	pəmɛnt	pamɛnt	paɪmənt	paɪmənt	compound	py|ment	0.16666666666666666	0.42857142857142855	0.42857142857142855	paɪmənt	paɪmənt	0.42857142857142855	0.42857142857142855
pyral	paɪɹəl	paɹəl	pɪɹəl	pɪɹəl	compound	py|ral	0.2	0.2	0.2	paɪɹəl	paɪɹəl	0.0	0.0
pyrocumulonimbus	paɪɹəʊkjuːmjʊlənɪmbəs	paɪɹəʊkjumjʊlɒnɪmbəs	paɪɹəʊkjumjʊlɑnɪmbəs	pɪɹəʊkəmələnɪmbjuz	compound	pyro|cumulonimbus	0.05	0.05	0.4444444444444444	paɪɹəʊkjumjəlɑnɪmbəs	paɪɹəʊkjumjulənɪmbəs	0.1	0.05
pyruvaldehyde	paɪɹuːvældɪhaɪd	paɹuvældɪhaɪd	paɪɹuvældɪhaɪd	pɪɹʌvəldəhaɪd	compound	py|ru|v|aldehyde	0.07692307692307693	0.0	0.3076923076923077	paɪɹuvæl.dəhaɪd	paɪɹuvɑldəhaɪd	0.13333333333333333	0.14285714285714285
pâté	pæteɪ	pæteɪ	pæteɪ	pt	compound	[]	0.0	0.0	1.5	pæteɪ	pɑteɪ	0.0	0.2
qingsongite	tʃɪŋsɒŋaɪt	kɪŋsɒŋaɪt	kɪŋsɔŋɡaɪt	kɪŋɡsɑndʒɪt	compound	qing|song|ite	0.2222222222222222	0.4	0.6363636363636364	kɪŋsɔŋgaɪt	kɪŋsəndʒaɪt	0.4	0.5454545454545454
qingtuan	tʃɪŋtwɑn	kɪŋtuən	kɪŋtuən	kɪŋtʃuən	compound	qing|tu|an	0.5714285714285714	0.5714285714285714	0.625	kɪŋtuɑn	kɪŋtʃuən	0.42857142857142855	0.625
qinpu	tʃɪnpuː	kɪnpu	kɪnpu	kɪnpu	compound	qin|pu	0.4	0.4	0.4	tʃɪnpu	kɪnpu	0.0	0.4
qiné	kiːne	kɪne	kɪneɪ	kɪn	compound	[]	0.25	0.4	0.6666666666666666	kəneɪ	kɪneɪ	0.4	0.4
quab	kwɒb	kwæb	kwæb	kwɑb	compound	qua|b	0.25	0.25	0.25	kwɑb	kwɑb	0.25	0.25
quadravigesimal	kwɒdɹɑvaɪdʒɛsɪməl	kwædɹəvaɪdʒɛsəməl	kwɑdɹəvaɪdʒsɪməl	kwɑdɹævɪdʒsɪməl	compound	quadra|vigesimal	0.17647058823529413	0.1875	0.26666666666666666	kwɑdɹəvɪd͡ʒɛsəməl	kwɑdɹəvədʒɛsəməl	0.29411764705882354	0.3125
quadriband	kwɒdɹɪbænd	kwɒdɹɪbænd	kwɑdɹɪbænd	kwɑdɹɪbənd	compound	quad|riband	0.0	0.1	0.2	kwɑdɹəbænd	kwɑdɹəbænd	0.2	0.2
quadrillionth	kwɒdɹɪliənθ	kwɒdɹɪliənθ	kwɑdɹɪliənθ	kwɑdɹɪljənθ	compound	quadrillion|th	0.0	0.09090909090909091	0.18181818181818182	kwɑdɹɪljənθ	kwədɹɪljənθ	0.18181818181818182	0.18181818181818182
quarantinee	kwɒɹəntiːniː	kwɒɹɑntini	kwɔɹəntɪni	kwɔɹæntɪn	compound	quarantine|e	0.1	0.2	0.4444444444444444	kwɔɹəntin	kwɛɹəntɪni	0.2222222222222222	0.2
quaternity	kwətɜːɹnɪti	kwɑtɜɹnɪti	kwætɚnᵻɾi	kweɪtɚnɪti	compound	quat|ern|ity	0.1	0.5555555555555556	0.4	kwətɜɹnəɾi	kwətɝnəti	0.2	0.3333333333333333
quattuordecillion	kwɒtjuɔːɹdəsɪliən	kwɑttuɔɹdisɪliən	kwættʃuoɹdɪsɪliən	kwɑtuɚdɪsɪljən	compound	quat|tu|ord|e|cillion	0.1875	0.29411764705882354	0.42857142857142855	kwɑtjuɔɹdɛsɪliən	kwɑtʃɝdəsɪljən	0.125	0.42857142857142855
querent	kwɚɛnt	kjuɹɛnt	kwɜɹənt	kwɛɹənt	compound	que|rent	0.42857142857142855	0.42857142857142855	0.42857142857142855	kwiɹənt	kwɪɹənt	0.42857142857142855	0.42857142857142855
quietway	kwaɪɪtweɪ	kwaɪətweɪ	kwaɪətweɪ	kwɪtweɪ	compound	quiet|way	0.1111111111111111	0.1111111111111111	0.2857142857142857	kwaɪətweɪ	kwaɪtweɪ	0.1111111111111111	0.125
quinalbarbitone	kwɪnəlbɑːbɪtəʊn	kwinəlbɑɹbətəʊn	kwɪnəlbɑɹbɪtəʊn	kwinəlbɑɹbɪtəʊn	compound	quina|l|barbitone	0.2	0.06666666666666667	0.13333333333333333	kwɪnælbəɹbaɪtəʊn	kwɪnəlbɑɹbətəʊn	0.25	0.13333333333333333
quinity	kwɪnɪti	kwɪnɪti	kwɪnᵻɾi	kwɪnɪti	compound	quin|ity	0.0	0.2857142857142857	0.0	kwɪnᵻɾi	kwɪnɪti	0.2857142857142857	0.0
quizlet	kwɪzlət	kwɪzlɛt	kwɪzlɪt	kwɪzəlt	compound	quiz|let	0.14285714285714285	0.14285714285714285	0.2857142857142857	kwɪzlɪt	kwɪzlət	0.14285714285714285	0.0
quoad	kwoʊæd	kwəʊæd	kwəʊd	kwəʊd	compound	quo|ad	0.0	0.2	0.2	kwəʊæd	kwəʊd	0.0	0.2
quotationist	kwəʊteɪʃənɪst	kwəʊteɪʃənɪst	kwəʊteɪʃənɪst	kwəʊteɪʃənɪst	compound	quotation|ist	0.0	0.0	0.0	kwəʊteɪʃənəst	kwəʊteɪʃənɪst	0.07692307692307693	0.0
qutrit	kjuːtɹɪt	kutɹɪt	kwətɹɪt	ktɹɪt	compound	qu|trit	0.16666666666666666	0.2857142857142857	0.4	kjutɹɪt	kjutɹɪt	0.0	0.0
rabab	ɹɪbæb	ɹæbæb	ɹæbæb	ɹæbəb	compound	rab|ab	0.2	0.2	0.4	ɹɑbəb	ɹæbæb	0.4	0.2
rabato	ɹəbɑːtəʊ	ɹəbɑtəʊ	ɹæbɑɾəʊ	ɹæbɑtəʊ	compound	rabat|o	0.0	0.2857142857142857	0.14285714285714285	ɹɑbɑtəʊ	ɹəbɑtəʊ	0.14285714285714285	0.0
racebook	ɹeɪsbʊk	ɹeɪsbʊk	ɹeɪsbʊk	ɹeɪsbʊk	compound	race|book	0.0	0.0	0.0	ɹeɪsbʊk	ɹeɪsbʊk	0.0	0.0
raceplay	ɹeɪspleɪ	ɹeɪspleɪ	ɹeɪspleɪ	ɹeɪsɛpleɪ	compound	race|play	0.0	0.0	0.1111111111111111	ɹeɪspleɪ	ɹeɪspleɪ	0.0	0.0
radiolead	ɹeɪdiəʊlɛd	ɹeɪdɪəʊlæd	ɹeɪdɪəʊlid	ɹeɪdiəʊləd	compound	radiole|ad	0.2	0.2	0.1	ɹeɪdiəʊlɛd	ɹeɪdiəʊlid	0.0	0.1
radiophoto	ɹeɪdɪəʊfəʊtəʊ	ɹeɪdɪəʊfəʊtəʊ	ɹeɪdɪəʊfəʊɾəʊ	ɹeɪdiəfəʊtəʊ	compound	radio|photo	0.0	0.07692307692307693	0.16666666666666666	ɹeɪdɪəʊfəʊɾəʊ	ɹeɪdiəʊfəʊtəʊ	0.07692307692307693	0.07692307692307693
ragequit	ɹeɪdʒkwɪt	ɹeɪdʒkwɪt	ɹeɪdʒkwɪt	ɹeɪdʒkwɪt	compound	rage|quit	0.0	0.0	0.0	ɹeɪdʒkwɪt	ɹædʒəkwɪt	0.0	0.3333333333333333
ragpick	ɹæɡpɪk	ɹæɡpɪk	ɹæɡpɪk	ɹæɡpɪk	compound	rag|pick	0.0	0.0	0.0	ɹægpɪk	ɹæɡpɪk	0.16666666666666666	0.0
railbed	ɹeɪlbɛd	ɹeɪlbɛd	ɹeɪlbd	ɹeɪlbɪd	compound	rail|bed	0.0	0.16666666666666666	0.14285714285714285	ɹeɪlbɛd	ɹeɪlbd	0.0	0.16666666666666666
railgun	ɹeɪlɡʌn	ɹeɪlɡʌn	ɹeɪlɡʌn	ɹeɪlɡən	compound	rail|gun	0.0	0.0	0.14285714285714285	ɹeɪlgʌn	ɹeɪlɡən	0.14285714285714285	0.14285714285714285
rainish	ɹeɪnɪʃ	ɹeɪnɪʃ	ɹeɪnɪʃ	ɹeɪnɪʃ	compound	rain|ish	0.0	0.0	0.0	ɹeɪnɪʃ	ɹeɪnɪʃ	0.0	0.0
rak'a	ɹɑkɑ	ɹækə	ɹækə	ɹækə	compound	rak|a	0.5	0.5	0.5	ɹækə	ɹækə	0.5	0.5
ralphie	ɹɑːɹfi	ɹælfi	ɹælfi	ɹælfi	compound	ralph|ie	0.4	0.4	0.4	ɹælfi	ɹælfi	0.4	0.4
ramenya	ɹɑːmɛnjɑ	ɹeɪmɛnjə	ɹeɪmnjə	ɹeɪmənjə	compound	ramen|ya	0.375	0.5714285714285714	0.5	ɹeɪmniə	ɹəminjə	0.7142857142857143	0.42857142857142855
ramier	ɹæmɪeɪ	ɹæmiɹ	ɹeɪmiɚ	ɹæmiɚ	compound	ramie|r	0.6	0.8333333333333334	0.6	ɹeɪmiəɹ	ɹeɪmiɝ	0.7142857142857143	0.8333333333333334
ramiers	ɹɑːmɪeɪz	ɹɑmiɝz	ɹæmɪɹz	ɹæmiɚz	compound	rami|ers	0.5	0.5	0.6666666666666666	ɹeɪmiɚz	ɹeɪmjɝz	0.7142857142857143	0.7142857142857143
randomity	ɹændɒmɪti	ɹændəmɪti	ɹændɑmᵻɾi	ɹændəmɪti	compound	random|ity	0.1111111111111111	0.3333333333333333	0.1111111111111111	ɹændəmᵻɾi	ɹændɑməti	0.3333333333333333	0.2222222222222222
rankism	ɹæŋkɪzəm	ɹæŋkɪzəm	ɹæŋkɪzəm	ɹæŋkɪzəm	compound	rank|ism	0.0	0.0	0.0	ɹæŋkɪzəm	ɹæŋkɪzəm	0.0	0.0
raptivist	ɹæptɪvɪst	ɹæptɪvɪst	ɹæptɪvɪst	ɹæptɪvɪst	compound	rapt|iv|ist	0.0	0.0	0.0	ɹæptɪvɪst	ɹæptɪvɪst	0.0	0.0
rasbora	ɹæzbɔːɹə	ɹæsbɔɹə	ɹæsboɹə	ɹæsbɑɹə	compound	ras|bora	0.14285714285714285	0.2857142857142857	0.2857142857142857	ɹæsbəɹə	ɹɑsbɔɹə	0.2857142857142857	0.2857142857142857
rathripe	ɹɑːðɹaɪp	ɹæθɹaɪp	ɹæθɹaɪp	ɹæθɹaɪp	compound	rath|ripe	0.2857142857142857	0.2857142857142857	0.2857142857142857	ɹæθɹaɪp	ɹæθɹaɪp	0.2857142857142857	0.2857142857142857
raypunk	ɹeɪpʌŋk	ɹeɪpʌŋk	ɹeɪpʌŋk	ɹeɪpʌŋk	compound	ray|punk	0.0	0.0	0.0	ɹeɪpʌŋk	ɹeɪpəŋk	0.0	0.14285714285714285
raï	ɹaɪ	ɹaɪ	ɹæi	ɹeɪ	compound	[]	0.0	0.6666666666666666	0.3333333333333333	ɹaɪ	ɹeɪi	0.0	0.5
reboantic	ɹiːbəʊæntɪk	ɹibəʊæntɪk	ɹᵻbəʊntɪk	ɹibəʊəntɪk	compound	rebo|antic	0.0	0.2222222222222222	0.1	ɹᵻbəʊəntɪk	ɹibəʊæntɪk	0.2	0.0
recalcitrate	ɹɪkælsɪtɹeɪt	ɹɛkælsɪtɹeɪt	ɹᵻkælsɪtɹeɪt	ɹɛkəlsɪtɹeɪt	compound	rec|al|citrate	0.08333333333333333	0.08333333333333333	0.16666666666666666	ɹɪkælsɪtɹeɪt	ɹikælsətɹeɪt	0.0	0.16666666666666666
recallism	ɹiːkɔːlɪzəm	ɹikɔlɪzəm	ɹikɔlɪzəm	ɹɛkəlɪzəm	compound	recall|ism	0.0	0.0	0.2222222222222222	ɹᵻkɔlɪzəm	ɹikælɪzəm	0.1111111111111111	0.1111111111111111
reciprocatory	ɹɪsɪpɹəkeɪtəɹi	ɹəsɪpɹəkeɪɾəɹj	ɹᵻsɪpɹəkətoɹi	ɹɪsɪpɹəʊkətɚi	compound	reciprocator|y	0.21428571428571427	0.3076923076923077	0.38461538461538464	ɹəsɪpɹəkətɔɹi	ɹɪsɪpɹəkətɔɹi	0.3076923076923077	0.23076923076923078
recultivate	ɹɪkʌltɪveɪt	ɹeɪkʌltɪveɪt	ɹᵻkʌltᵻveɪt	ɹɛkʌltɪveɪt	compound	re|cultivate	0.08333333333333333	0.18181818181818182	0.09090909090909091	ɹᵻkʌltᵻveɪt	ɹikəltɪveɪt	0.18181818181818182	0.18181818181818182
recurse	ɹɪkɜːɹs	ɹɪkɜzi	ɹᵻkɜs	ɹɪkɚz	compound	recurs|e	0.3333333333333333	0.4	0.6	ɹᵻkɜɹs	ɹikɝs	0.16666666666666666	0.6
redemptory	ɹɪdɛmptəɹi	ɹɛdɛmptɔɹi	ɹᵻdɛmptɚɹi	ɹɛdəmptɔɹi	compound	red|emptory	0.2	0.2	0.3	ɹədɛmptəɹi	ɹidɛmptɝi	0.1	0.3333333333333333
redshift	ɹɛdʃɪft	ɹɛdʃɪft	ɹɛdʃɪft	ɹɛdʃɪft	compound	red|shift	0.0	0.0	0.0	ɹɛdʃɪft	ɹɛdʃɪft	0.0	0.0
reech	ɹiːtʃ	ɹitʃ	ɹitʃ	ɹitʃ	compound	ree|ch	0.0	0.0	0.0	ɹitʃ	ɹitʃ	0.0	0.0
regurg	ɹɪɡɝdʒ	ɹɛɡɝg	ɹᵻɡɜɡ	ɹɛɡɚɡ	compound	reg|ur|g	0.6	0.8	0.8	ɹᵻgɜɹg	ɹiɡɝɡ	0.8333333333333334	0.6
reight	ɹɛɪt	ɹeɪaɪt	ɹeɪt	ɹaɪt	compound	re|ight	0.5	0.25	0.25	ɹeɪt	ɹeɪt	0.25	0.25
reiterant	ɹiɪtɝənt	ɹiɪtɝənt	ɹiaɪtɹənt	ɹaɪtɚənt	compound	reitera|nt	0.0	0.2222222222222222	0.25	ɹiaɪɾəɹənt	ɹiɪtɝənt	0.4	0.0
rejectaneous	ɹiːdʒɛkteɪniəs	ɹidʒɛkteɪnəs	ɹᵻdʒɪkteɪniəs	ɹɪdʒɛkteɪnus	compound	reject|ane|ous	0.08333333333333333	0.15384615384615385	0.25	ɹəd͡ʒɛk.ə.nəs	ɹidʒɛkteɪniəs	0.46153846153846156	0.0
rejoiceful	ɹɪdʒɔɪsfəl	ɹɪdʒɔɪsfʊl	ɹᵻdʒɔɪsfəl	ɹidʒɔɪsfəl	compound	rejoice|ful	0.1	0.1	0.1	ɹədʒɔɪsfəl	ɹidʒɔɪsfəl	0.1	0.1
relevate	ɹɛlɪveɪt	ɹɛlɪveɪt	ɹɛlᵻveɪt	ɹɛləveɪt	compound	r|elevate	0.0	0.125	0.125	ɹeləveɪt	ɹɛləveɪt	0.25	0.125
reliced	ɹɛlɪkd	ɹɛlɪkɛd	ɹɛlɪkt	ɹɛlɪst	compound	relic|ed	0.14285714285714285	0.16666666666666666	0.3333333333333333	ɹaɪlɪst	ɹilaɪst	0.5714285714285714	0.5714285714285714
relicing	ɹɛlɪkɪŋ	ɹɛlɪkɪŋ	ɹɛlɪkɪŋ	ɹɛlɪsɪŋ	compound	relic|ing	0.0	0.0	0.14285714285714285	ɹɛlɪsɪŋ	ɹilaɪsɪŋ	0.14285714285714285	0.375
religtard	ɹɪlɪdʒtɑːɹd	ɹɪlɪdʒtɑɹd	ɹᵻlɪɡtɑɹd	ɹɛlɪɡtɚd	compound	relig|tard	0.0	0.3333333333333333	0.625	ɹᵻlɪgtəɹd	ɹilɪɡtɝd	0.4444444444444444	0.625
remeant	ɹɪmiːənt	ɹimiænt	ɹᵻmint	ɹimənt	compound	reme|ant	0.2857142857142857	0.3333333333333333	0.3333333333333333	ɹimənt	ɹimiənt	0.3333333333333333	0.14285714285714285
remigration	ɹiːmaɪɡɹeɪʃən	ɹeɪmaɪɡɹeɪʃən	ɹᵻmɪɡɹeɪʃən	ɹɛmɪɡɹeɪʃən	compound	re|migration	0.15384615384615385	0.18181818181818182	0.18181818181818182	ɹiməgɹeɪʃən	ɹɛməɡɹeɪʃən	0.2727272727272727	0.2727272727272727
remixture	ɹiːmɪkstjʊɚ	ɹɪmɪkstʊɹ	ɹᵻmɪkstʃɚ	ɹɛmɪkstʃɚ	compound	remix|ture	0.3333333333333333	0.3333333333333333	0.3333333333333333	ɹᵻmɪkstʃəɹ	ɹimɪkstʃɝ	0.4	0.3333333333333333
removedness	ɹɪmuːvɪdnɪs	ɹɪmuvdnes	ɹᵻmuvdnəs	ɹɪməvɛdnəs	compound	removed|ness	0.2222222222222222	0.3333333333333333	0.3	ɹɪmuvdnəs	ɹimuvədnəs	0.2222222222222222	0.3
reprive	ɹɪpɹaɪv	ɹɛpɝaɪv	ɹᵻpɹɪv	ɹɛpɹɪv	compound	repr|ive	0.2857142857142857	0.3333333333333333	0.3333333333333333	ɹɪpɹaɪv	ɹipɹaɪv	0.0	0.14285714285714285
reptilianness	ɹɛptɪliənnɪs	ɹɛptɪliənnes	ɹɛptɪliənnəs	ɹɛptɪliənəs	compound	reptilian|ness	0.08333333333333333	0.08333333333333333	0.18181818181818182	ɹɛptɪljənnəs	ɹɪptɪljənnəs	0.16666666666666666	0.25
repullulate	ɹɪpʌljʊleɪt	ɹeɪpʌljəleɪt	ɹᵻpʊljʊleɪt	ɹɛpələleɪt	compound	re|pullulate	0.16666666666666666	0.18181818181818182	0.4	ɹᵻpʌljəleɪt	ɹipəljəleɪt	0.18181818181818182	0.2727272727272727
rescuee	ɹɛskjuiː	ɹɛskjui	ɹɛskjui	ɹɛskju	compound	rescue|e	0.0	0.0	0.16666666666666666	ɹəskju	ɹɛskjui	0.3333333333333333	0.0
resiquimod	ɹəzɪkwɪmɒd	ɹeɪzaɪkwɪmɒd	ɹᵻsɪkwɪmɑd	ɹisɪkwɪməd	compound	res|i|quim|od	0.25	0.3	0.3	ɹəsɪkwəmɑd	ɹɪzɪkwəmɑd	0.3	0.3
respection	ɹɪspɛkʃən	ɹɪspɛktən	ɹᵻspɛkʃən	ɹɛspɛkʃən	compound	respect|ion	0.1111111111111111	0.1111111111111111	0.1111111111111111	ɹᵻspɛkʃən	ɹispɛkʃən	0.1111111111111111	0.1111111111111111
respondee	ɹɪspɒndiː	ɹɪspɒndi	ɹᵻspɑndi	ɹɛspɑndi	compound	respond|ee	0.0	0.25	0.25	ɹəspɑndi	ɹɛspəndi	0.25	0.25
retarc	ɹiːtɑːɹk	ɹᵻtɑɹk	ɹᵻtɑɹk	ɹɛtɑɹk	compound	retar|c	0.16666666666666666	0.16666666666666666	0.16666666666666666	ɹᵻtɑɹk	ɹitɑɹk	0.16666666666666666	0.0
retent	ɹɪtɛnt	ɹɪtɛnt	ɹᵻtɛnt	ɹɪtənt	compound	rete|nt	0.0	0.16666666666666666	0.16666666666666666	ɹɪtɛnt	ɹitɛnt	0.0	0.16666666666666666
revelate	ɹɛvəleɪt	ɹɛvəleɪt	ɹɛvɪleɪt	ɹɛvəleɪt	compound	revel|ate	0.0	0.125	0.0	ɹɛvəleɪt	ɹɛvəleɪt	0.0	0.0
revertent	ɹɪvɜːɹtənt	ɹɪvɜtɛnt	ɹᵻvɜtənt	ɹɛvɚtənt	compound	revert|ent	0.25	0.25	0.375	ɹəvɜɹt	ɹɪvɝtənt	0.6666666666666666	0.25
revictual	ɹiːvɪtəl	ɹeɪvɪɾəl	ɹᵻvɪktʃuəl	ɹɛvɪktʃuəl	compound	re|victual	0.375	0.4	0.4	ɹᵻvɪktʃəwəl	ɹivɪktʃuəl	0.45454545454545453	0.3
revince	ɹɪvɪns	ɹɛvɪns	ɹᵻvɪns	ɹɛvəns	compound	rev|ince	0.16666666666666666	0.16666666666666666	0.3333333333333333	ɹᵻvɪns	ɹivɪns	0.16666666666666666	0.16666666666666666
revirescence	ɹivəɹɛsəns	ɹeɪvəɹɛsəns	ɹᵻvaɪɚsəns	ɹɛvaɪɚʃəns	compound	re|virescence	0.18181818181818182	0.4	0.5	ɹəvaɪɹəsəns	ɹivɝɛsəns	0.36363636363636365	0.2222222222222222
revoluble	ɹɪvɒljʊbəl	ɹeɪvɒlʌbəl	ɹɛvəlʌbəl	ɹɛvələbəl	compound	re|voluble	0.3	0.4444444444444444	0.4444444444444444	ɹəvɑljəbəl	ɹivɑləbəl	0.3	0.4444444444444444
revulse	ɹɪvʌls	ɹɪvʌls	ɹᵻvʌls	ɹɛvʌls	compound	r|evulse	0.0	0.16666666666666666	0.16666666666666666	ɹᵻvʌls	ɹivəls	0.16666666666666666	0.3333333333333333
rewed	ɹiːwɛd	ɹuɛd	ɹɛwd	ɹud	compound	rew|ed	0.5	0.5	1.0	ɹud	ɹud	1.0	1.0
reys	ɹeɪs	ɹeɪs	ɹeɪz	ɹaɪz	compound	rey|s	0.0	0.25	0.5	ɹeɪz	ɹeɪz	0.25	0.25
rhinolith	ɹaɪnəʊlɪθ	ɹaɪnəʊlɪθ	ɹaɪnəlɪθ	ɹɪnəlɪθ	compound	rhino|lith	0.0	0.125	0.2857142857142857	ɹaɪnəlɪθ	ɹɪnəlɪθ	0.125	0.2857142857142857
rhodic	ɹəʊdɪk	ɹəʊdɪk	ɹəʊdɪk	ɹɑdɪk	compound	rho|dic	0.0	0.0	0.4	ɹəʊdɪk	ɹɑdɪk	0.0	0.4
rhodomel	ɹəʊdəmɛl	ɹəʊdəʊml	ɹəʊdəməl	ɹɑdəməl	compound	rho|dome|l	0.25	0.125	0.42857142857142855	ɹəʊdəʊməl	ɹəʊdəməl	0.2222222222222222	0.125
rhythmer	ɹɪðəmɚ	ɹɪðəmɜ	ɹɪðmɚ	ɹɪθmɚ	compound	rhythm|er	0.16666666666666666	0.2	0.4	ɹɪðəməɹ	ɹɪθmɝ	0.2857142857142857	0.6
rhythming	ɹɪðəmɪŋ	ɹɪðəmɪŋ	ɹɪðəmɪŋ	ɹɪðmɪŋ	compound	rhythm|ing	0.0	0.0	0.16666666666666666	ɹɪðmɪŋ	ɹɪθmɪŋ	0.16666666666666666	0.3333333333333333
ribauld	ɹɪbɔːld	ɹɪbɔld	ɹɪbɔld	ɹibəld	compound	rib|auld	0.0	0.0	0.3333333333333333	ɹɪbɔld	ɹɪbəʊld	0.0	0.2857142857142857
ribband	ɹɪbbænd	ɹɪbbænd	ɹɪbænd	ɹɪbənd	compound	rib|band	0.0	0.16666666666666666	0.3333333333333333	ɹɪbənd	ɹɪbənd	0.3333333333333333	0.3333333333333333
rie	ɹaɪ	ɹi	ɹi	ɹi	compound	ri|e	1.0	1.0	1.0	ɹi	ɹaɪ	1.0	0.0
rifaldazine	ɹɪfældəziːn	ɹɪfɑldəzin	ɹɪfəldæzin	ɹɪfɑldəzin	compound	rif|alda|zine	0.1	0.2	0.1	ɹɪfɑ.ləzin	ɹɪfəldəzin	0.3	0.1
rifampicin	ɹɪfæmpɪsɪn	ɹɪfæmpɪsin	ɹɪfəmpɪsɪn	ɹaɪfæmpɪsɪn	compound	rif|amp|ici|n	0.1	0.1	0.09090909090909091	ɹɪfæmpɪsɪn	ɹɪfæmpəsɪn	0.0	0.1
rifapentine	ɹɪfəpɛntiːn	ɹɪfəpɛntin	ɹɪfeɪpɛntin	ɹifeɪpɛntɪn	compound	rif|a|pentine	0.0	0.18181818181818182	0.36363636363636365	ɹɪfæp.n̩tin	ɹaɪfəpəntin	0.2727272727272727	0.18181818181818182
rightle	ɹaɪtl	ɹaɪtlə	ɹaɪɾəl	ɹaɪtəl	compound	right|le	0.16666666666666666	0.3333333333333333	0.16666666666666666	ɹaɪtəl	ɹaɪtəl	0.16666666666666666	0.16666666666666666
rightsholder	ɹaɪtshəʊldɚ	ɹaɪtshəʊldə	ɹaɪtshəʊldɚ	ɹaɪtshəʊldɚ	compound	rights|holder	0.09090909090909091	0.0	0.0	ɹaɪtshəʊldɚ	ɹaɪtʃəʊldɝ	0.0	0.3
rightsowner	ɹaɪtsəʊnɚ	ɹaɪtsəʊnə	ɹaɪtsəʊnɚ	ɹaɪtsənɚ	compound	rights|owner	0.1111111111111111	0.0	0.125	ɹaɪtsəʊnəɹ	ɹaɪtsəʊnɝ	0.2	0.1111111111111111
rightwise	ɹaɪtwaɪz	ɹaɪtwaɪz	ɹaɪtwaɪz	ɹaɪtwaɪz	compound	right|wise	0.0	0.0	0.0	ɹaɪtwaɪz	ɹaɪtwaɪz	0.0	0.0
rigidification	ɹɪdʒɪdɪfɪkeɪʃən	ɹɪdʒɪdɪfɪkeɪʃən	ɹɪdʒɪdɪfɪkeɪʃən	ɹɪdʒɪdɪfɪkeɪʃən	compound	rigid|ification	0.0	0.0	0.0	ɹɪdʒədɪfɪkeɪʃən	ɹɪdʒədəfəkeɪʃən	0.06666666666666667	0.2
rikshaw	ɹɪkʃɔː	ɹɪkʃɔ	ɹɪkʃɔ	ɹɪkʃɔ	compound	rik|shaw	0.0	0.0	0.0	ɹɪkʃɔ	ɹɪkʃɔ	0.0	0.0
rined	ɹaɪnd	ɹaɪnd	ɹaɪnd	ɹaɪnd	compound	rine|d	0.0	0.0	0.0	ɹaɪnd	ɹaɪnd	0.0	0.0
riq'a	ɹiːkə	ɹikwə	ɹɪkə	ɹikə	compound	ri|q|a	0.2	0.25	0.0	ɹikə	ɹikə	0.0	0.0
rishon	ɹɪʃɒn	ɹɪʃɒn	ɹɪʃɑn	ɹɪʃən	compound	rish|on	0.0	0.2	0.2	ɹɪʃən	ɹɪʃən	0.2	0.2
riverboating	ɹɪvəɹbəʊtɪŋ	ɹɪvəbəʊtɪŋ	ɹɪvɚbəʊɾɪŋ	ɹaɪvɚbəʊtɪŋ	compound	riverboat|ing	0.1	0.3	0.2727272727272727	ɹɪvəɹbəʊɾɪŋ	ɹɪvɝbəʊtɪŋ	0.09090909090909091	0.2
rivo	ɹaɪvəʊ	ɹivəʊ	ɹivəʊ	ɹivəʊ	compound	ri|vo	0.4	0.4	0.4	ɹivəʊ	ɹivəʊ	0.4	0.4
rng	ɹʌŋ	ɹɛŋ	ɑɹɹɛndʒi	ɹŋ	compound	r|ng	0.3333333333333333	0.875	0.5	ɹɛŋ	ɑɹəndʒ	0.3333333333333333	0.8333333333333334
robomb	ɹəʊbɒm	ɹəʊbɒm	ɹəʊbɑm	ɹəʊbɑm	compound	ro|bomb	0.0	0.16666666666666666	0.16666666666666666	ɹəʊbɑm	ɹɑbəm	0.16666666666666666	0.6
roborate	ɹɒbəɹeɪt	ɹəʊbəʊɹeɪt	ɹəʊbɚɹeɪt	ɹəʊbɚeɪt	compound	robo|rate	0.3	0.3333333333333333	0.5	ɹəʊbəɹeɪt	ɹɑbɝeɪt	0.2222222222222222	0.42857142857142855
rocoto	ɹəkəʊtəʊ	ɹəʊkəʊtəʊ	ɹəkəʊɾəʊ	ɹɑkəʊtəʊ	compound	ro|coto	0.1111111111111111	0.125	0.125	ɹəʊkəʊtəʊ	ɹəʊkəʊtəʊ	0.1111111111111111	0.1111111111111111
rodomont	ɹɒdəmɒnt	ɹɒdəʊmɑnt	ɹɑdəmɔnt	ɹɑdəmənt	compound	rod|o|mont	0.2222222222222222	0.25	0.25	ɹəʊdəʊmɑnt	ɹəʊdəmɑnt	0.4	0.3333333333333333
roguey	ɹəʊɡi	ɹəʊɡj	ɹəʊɡi	ɹəʊɡi	compound	rogue|y	0.2	0.0	0.0	ɹəʊgi	ɹəʊɡi	0.2	0.0
roidtranny	ɹɔɪdtɹæni	ɹɔɪdtɹæni	ɹɔɪdtɹæni	ɹɔɪdtɹæni	compound	roid|tranny	0.0	0.0	0.0	ɹɔɪdtɹəni	ɹɔɪdtɹæni	0.1111111111111111	0.0
rolag	ɹoʊlæɡ	ɹəʊlæɡ	ɹɑlæɡ	ɹəʊləɡ	compound	rol|ag	0.0	0.4	0.16666666666666666	ɹəʊləg	ɹəʊlæɡ	0.3333333333333333	0.0
rolipram	ɹoʊlɪpɹæm	ɹəʊlɪpɹæm	ɹɑlɪpɹæm	ɹəʊlɪpɹəm	compound	rol|ip|ram	0.0	0.25	0.1111111111111111	ɹəʊlɪpɹæm	ɹɑləpɹæm	0.0	0.375
rolziracetam	ɹɒlzɪɹæsɪtæm	ɹəʊlzɪɹæsɪtæm	ɹɑlzɚɹæsɪtæm	ɹɑlzɪɹəstəm	compound	rol|z|iracetam	0.15384615384615385	0.16666666666666666	0.36363636363636365	ɹəʊ.lɪzɪɹ.əsɛtæm	ɹəʊlzɝæsətæm	0.4375	0.4166666666666667
ronnabyte	ɹɒnəbaɪt	ɹɑnəbaɪt	ɹɑnəbaɪt	ɹɑnəbaɪt	compound	ronna|byte	0.125	0.125	0.125	ɹɑnəbaɪt	ɹɑnəbaɪt	0.125	0.125
ront	ɹɒnt	ɹɑnt	ɹɔnt	ɹɑnt	compound	ron|t	0.25	0.25	0.25	ɹɑnt	ɹɑnt	0.25	0.25
roofball	ɹuːfbɔːl	ɹufbɔl	ɹufbɔl	ɹufbəl	compound	roof|ball	0.0	0.0	0.16666666666666666	ɹufbɔl	ɹufbɔl	0.0	0.0
roofie	ɹufi	ɹufi	ɹufi	ɹufi	compound	roof|ie	0.0	0.0	0.0	ɹufi	ɹufi	0.0	0.0
rotl	ɹɒtl	ɹɒtl	ɹɑɾəl	ɹɑtl	compound	rot|l	0.0	0.6	0.25	ɹəʊtl	ɹɑtəl	0.4	0.4
rovibrational	ɹəʊvaɪbɹeɪʃənəl	ɹəʊvaɪbɹeɪʃənəl	ɹɑvaɪbɹeɪʃənəl	ɹəʊvɪbɹeɪʃənəl	compound	ro|vibrational	0.0	0.14285714285714285	0.07142857142857142	ɹəʊvaɪbɹeɪʃənəl	ɹəʊvəbɹeɪʃənəl	0.0	0.14285714285714285
rubigo	ɹuːbaɪɡəʊ	ɹubiɡəʊ	ɹubɪɡəʊ	ɹubɪɡəʊ	compound	rubi|go	0.2857142857142857	0.14285714285714285	0.14285714285714285	ɹʌbɪgəʊ	ɹubiɡəʊ	0.42857142857142855	0.2857142857142857
rupellary	ɹuːpɛləɹi	ɹupəllɛɹi	ɹupɪlɚɹi	ɹupɛlɚi	compound	rupel|lary	0.3333333333333333	0.25	0.2857142857142857	ɹupələɹi	ɹupɛlɝi	0.125	0.2857142857142857
rupia	ɹuːpiə	ɹupiə	ɹupiə	ɹupiə	compound	ru|pia	0.0	0.0	0.0	ɹupiə	ɹupiə	0.0	0.0
rupophobia	ɹupəʊfəʊbiə	ɹupəʊfəʊbiə	ɹupəfəʊbiə	ɹupəfəʊbiə	compound	ru|po|phobia	0.0	0.1	0.1	ɹupəfəʊbiə	ɹupəfəʊbiə	0.1	0.1
rupophobic	ɹupəʊfəʊbik	ɹupəʊfəʊbɪk	ɹupəfəʊbɪk	ɹupəfəbɪk	compound	ru|po|phobic	0.09090909090909091	0.2	0.3333333333333333	ɹupəfəʊbɪk	ɹupəfɑbɪk	0.2	0.4444444444444444
ryebuck	ɹaɪbʌk	ɹaɪbʌk	ɹaɪɪbʌk	ɹibʌk	compound	rye|buck	0.0	0.14285714285714285	0.4	ɹaɪbʌk	ɹaɪbək	0.0	0.16666666666666666
ryelage	ɹaɪlɪdʒ	ɹaɪleɪdʒ	ɹaɪɛlɪdʒ	ɹiɛlədʒ	compound	rye|lage	0.125	0.125	0.42857142857142855	ɹaɪlədʒ	ɹaɪlɪdʒ	0.14285714285714285	0.0
sabal	seɪbæl	sɑbəl	sæbəl	səbəl	compound	saba|l	0.6	0.6	0.6	sæbəl	seɪbəl	0.6	0.16666666666666666
saccharinization	sækɹɪnɪzeɪʃən	sækəɹɪnaɪzeɪʃən	sækɑɹɹɪnᵻzeɪʃən	sækʃɚɪnɪzeɪʃən	compound	saccharin|ization	0.13333333333333333	0.2	0.14285714285714285	sækəɹənəzeɪʃən	sækɝənəzeɪʃən	0.21428571428571427	0.23076923076923078
sacheted	sæʃeɪd	sæʃeɪɛd	sæʃeɪᵻd	sækɪtd	compound	sachet|ed	0.14285714285714285	0.14285714285714285	0.5	sæʃəɾᵻd	səʃeɪtɪd	0.42857142857142855	0.375
sadge	sædɡə	sædɪd	sædʒ	sædʒ	compound	sad|ge	0.4	0.5	0.5	sædʒ	sædʒ	0.5	0.5
saditty	sədɪti	sædɪti	sædɪɾi	sædɪti	compound	sad|itty	0.16666666666666666	0.3333333333333333	0.16666666666666666	sədɪti	sædɪti	0.0	0.16666666666666666
safrazine	sæfɹəziːn	sæfɹəzin	sæfɹeɪzin	sæfɹəzin	compound	safra|zine	0.0	0.2222222222222222	0.0	səfɹæzin	sæfɹəzin	0.25	0.0
salband	sælbænd	sælbænd	sælbænd	sælbənd	compound	sal|band	0.0	0.0	0.14285714285714285	sælbənd	sælbənd	0.14285714285714285	0.14285714285714285
saliaunce	seɪliəns	sɑliəns	sælɪɔns	sæliəns	compound	sa|liau|nce	0.2857142857142857	0.5714285714285714	0.2857142857142857	sælɪəns	seɪljəns	0.42857142857142855	0.125
samana	səmɑːnə	səmɑnə	sæmɑnə	səmənə	compound	saman|a	0.0	0.16666666666666666	0.16666666666666666	səmɑnə	sɑmɑnə	0.0	0.16666666666666666
sambadrome	sæmbədɹəʊm	sæmbədɹəʊm	sæmbədɹəʊm	sæmbədɹəʊm	compound	samba|drome	0.0	0.0	0.0	sæmbədɹəʊm	sæmbədɹəʊm	0.0	0.0
samfie	sæmfaɪ	sæmfaɪ	sæmfi	sæmfi	compound	sam|fie	0.0	0.4	0.4	sæmfaɪ	sæmfi	0.0	0.4
samiel	sæmjɛl	sæmiɛl	sæmil	sæmil	compound	sami|el	0.16666666666666666	0.4	0.4	sæmil	sæmil	0.4	0.4
sanewash	seɪnwɒʃ	seɪnwɒʃ	seɪnwɑʃ	sænwɑʃ	compound	sane|wash	0.0	0.14285714285714285	0.5	seɪnwɑʃ	seɪnwɑʃ	0.14285714285714285	0.14285714285714285
sanjakbeg	sændʒækbɛɡ	sændʒækbɛɡ	sændʒəkbɛɡ	sændʒækbəɡ	compound	sanjak|beg	0.0	0.1	0.1	sænd͡ʒækbɛɡ	sændʒəkbɛɡ	0.09090909090909091	0.1
sansad	sənsəd	sænsəd	sænsæd	sænzəd	compound	sansa|d	0.16666666666666666	0.3333333333333333	0.3333333333333333	sænsəd	sænsəd	0.16666666666666666	0.16666666666666666
sanza	sænzə	sænzə	sænzə	sænzə	compound	sanz|a	0.0	0.0	0.0	sænzə	sænzə	0.0	0.0
saphead	sæphɛd	sæphɛd	sæfɛd	sæfid	compound	sap|head	0.0	0.4	0.6	sæphɛd	sæfɛd	0.0	0.4
sapheads	sæphɛdz	sæphɛdz	sæfɛdz	sæfədz	compound	sap|heads	0.0	0.3333333333333333	0.5	sæphɛdz	sæfhɛdz	0.0	0.14285714285714285
sappie	sæpi	sæpi	sæpi	sæpi	compound	sapp|ie	0.0	0.0	0.0	sæpi	sæpi	0.0	0.0
saraf	saɹɑːf	sɛɹəf	sæɹæf	sɑɹəf	compound	sara|f	0.4	0.4	0.4	sɛɹəf	sɑɹəf	0.4	0.4
sarcode	sɑːɹkəʊd	sɑɹkəʊd	sɑɹkəʊd	sɑɹkəʊd	compound	sar|code	0.0	0.0	0.0	sɑɹkəʊd	sɑɹkəʊd	0.0	0.0
sasin	sæsɪn	sæsɪn	sæsɪn	sæsɪn	compound	sas|in	0.0	0.0	0.0	sæsɪn	sæsɪn	0.0	0.0
satumomab	sətuːməmæb	sætʌməmæb	sɑɾumɑmæb	sætuməməb	compound	sat|um|omab	0.2222222222222222	0.3333333333333333	0.2222222222222222	sətuməmæb	sætuməʊməb	0.0	0.3
saussurite	soʊsjʊəɹaɪt	sɔzsɝaɪt	sɔʃɚɹɪt	səsɚaɪt	compound	saus|sur|ite	0.75	1.0	0.7142857142857143	sɔsɚaɪt	sɔʃɝət	0.8571428571428571	1.3333333333333333
saxaul	sæksɔːl	sæksɔl	sæksɔl	sæksəl	compound	sax|aul	0.0	0.0	0.16666666666666666	sæksɔl	sæksɔl	0.0	0.0
scabland	skæblænd	skæblænd	skæblənd	skæblænd	compound	scab|land	0.0	0.125	0.0	skæblənd	skæblənd	0.125	0.125
scaghead	skæɡhɛd	skæɡhɛd	skæɡhɛd	skæɡhid	compound	scag|head	0.0	0.0	0.14285714285714285	skægɛd	skæɡhɛd	0.3333333333333333	0.0
scetavajasse	ʃeɪtəvaɪɑːseɪ	ssɛtəveɪdʒeɪæs	sɛɾəvædʒæs	ʃɪtəvədʒəs	compound	s|ceta|v|aj|asse	0.5714285714285714	1.0	0.7	sɛɾəvɑjəs	sɛtəvədʒæs	1.0	0.9
schismogenesis	skɪzəmoʊdʒɛnəsəs	skɪzəməʊdʒɛnɪsɪs	skɪsməʊdʒɛnᵻsɪs	ʃɪzəmədʒnsɪz	compound	schism|o|genesis	0.125	0.26666666666666666	0.5833333333333334	skɪsmədʒɛnəsɪs	ʃɪzmədʒɛnəsɪs	0.2857142857142857	0.38461538461538464
schizoglossia	skɪzəɡlɒsiə	skɪtsəʊɡlɒsiə	skɪtsəɡlɔsiə	ʃaɪzɑɡləsiə	compound	schizo|gloss|ia	0.23076923076923078	0.25	0.36363636363636365	skɪtsəglɑsiə	skɪzəɡləʊsiə	0.3333333333333333	0.16666666666666666
schizophyte	skɪtsəʊfaɪt	skɪtsəʊfaɪt	skɪtsəfaɪt	ʃaɪzəfaɪt	compound	schizo|phyte	0.0	0.1	0.5555555555555556	skɪt.əfaɪt	skɪzəfaɪt	0.2	0.3333333333333333
schwannoma	ʃwɒnəʊmə	ʃwɔnnəʊmə	ʃwænəʊmə	ʃwɑnəʊmə	compound	schwan|noma	0.2222222222222222	0.125	0.125	skwɑnəmə	ʃwɑnəʊmə	0.5	0.125
scientifiction	saɪəntɪfɪkʃən	saɪəntɪfɪkʃən	saɪəntɪfɪkʃən	skiɛntɪfɪkʃən	compound	scientific|tion	0.0	0.0	0.23076923076923078	saɪəntɪfɪkʃən	saɪəntəfɪkʃən	0.0	0.07692307692307693
sclerose	skləɹəʊs	sklɜɹəʊz	sklɛɹəʊz	sklɚəʊz	compound	scler|ose	0.25	0.25	0.42857142857142855	skləɹəʊseɪ	sklɝəʊz	0.2	0.42857142857142855
sclerotal	skləɹəʊtəl	sklɜɹəʊtəl	sklɛɹəʊɾəl	sklɚətəl	compound	scler|ota|l	0.1	0.2	0.375	sklɛɹəɾəl	sklɛɹətəl	0.3333333333333333	0.2222222222222222
sclerotherapist	sklɪəɹəθɛɹəpɪst	sklɜɹəʊθɛɹəpɪst	sklɛɹəʊθɛɹeɪpɪst	sklɚəθɚəpɪst	compound	scler|o|therapist	0.2	0.3125	0.4166666666666667	sklɛɹəʊθɛɹəpəst	sklɛɹəʊθɛɹəpɪst	0.26666666666666666	0.2
scopings	skəʊpɪŋs	skəʊpɪŋs	skəʊpɪŋz	skəʊpɪŋz	compound	scoping|s	0.0	0.125	0.125	skəʊpɪŋz	skəʊpɪŋz	0.125	0.125
scortatory	skɔːteɪtəɹi	skɔɹtætɔɹi	skɔɹɾətoɹi	skɔɹtətɔɹi	compound	scor|tat|ory	0.4	0.4	0.4	skɔɹɾətɔɹi	skɔɹtətɔɹi	0.4	0.4
scoubidou	skuːbiduː	skubɪdu	skəbɪdu	skəbɪdəʊ	compound	s|cou|bid|ou	0.14285714285714285	0.2857142857142857	0.5	skubɪdu	skubɪdu	0.14285714285714285	0.14285714285714285
screamo	skɹiːməʊ	skɹiməʊ	skɹiməʊ	skɹiməʊ	compound	scream|o	0.0	0.0	0.0	skɹiməʊ	skɹiɑməʊ	0.0	0.125
screweye	skɹuaɪ	skɹuaɪ	skɹuaɪ	skɹui	compound	screw|eye	0.0	0.0	0.4	skɹuaɪ	skɹuaɪ	0.0	0.0
screweyes	skɹuaɪz	skɹuaɪz	skɹuaɪz	skɹuiz	compound	screw|eyes	0.0	0.0	0.3333333333333333	skɹuaɪz	skɹuaɪz	0.0	0.0
scribality	skɹaɪbælɪti	skɹaɪbəlɪti	skɹɪbælᵻɾi	skɹibəlɪti	compound	scribal|ity	0.09090909090909091	0.3	0.3	skɹaɪbælɪti	skɹaɪbæləti	0.0	0.09090909090909091
scrill	skɹɪl	skɹɪl	skɹɪl	skɹɪl	compound	s|crill	0.0	0.0	0.0	skɹɪl	skɹɪl	0.0	0.0
scrilla	skɹɪlə	skɹɪlə	skɹɪlə	skɹɪlə	compound	s|crill|a	0.0	0.0	0.0	skɹɪlə	skɹɪlə	0.0	0.0
scrine	skɹaɪn	skɹaɪn	skɹaɪn	skɹaɪn	compound	s|c|rine	0.0	0.0	0.0	skɹaɪn	skɹaɪn	0.0	0.0
scriptings	skɹɪptɪŋs	skɹɪptɪŋs	skɹɪptɪŋz	skɹɪptɪŋz	compound	scripting|s	0.0	0.1111111111111111	0.1111111111111111	skɹɪptɪŋz	skɹɪptɪŋz	0.1111111111111111	0.1111111111111111
scriptorial	skɹɪptɔːɹɪəl	skɹɪptɔɹiəl	skɹɪptoɹɪəl	skɹɪptɔɹiəl	compound	scriptoria|l	0.09090909090909091	0.09090909090909091	0.09090909090909091	skɹɪptɔɹiəl	skɹɪptɔɹiəl	0.09090909090909091	0.09090909090909091
scundered	skʌndəɹd	skʌndəɹɛd	skʌndɚd	skʌndɚd	compound	scunder|ed	0.1111111111111111	0.2857142857142857	0.2857142857142857	skʌndɚd	skəndɝd	0.2857142857142857	0.42857142857142855
scuttlebug	skʌtəlbʌɡ	skʌtəlbʌɡ	skʌɾəlbʌɡ	skʌtlbəɡ	compound	scuttle|bug	0.0	0.1111111111111111	0.25	skʌɾəlbʌg	skətəlbəɡ	0.2222222222222222	0.2222222222222222
scyllarian	sɪlɛəɹiən	sɪləɹiən	saɪlɛɹiən	skɪlɑɹiən	compound	scylla|rian	0.125	0.2222222222222222	0.3333333333333333	sɪlɛ.ɹi.ən	sɪlɛɹiən	0.2	0.125
sdrucciola	zdɹuːtʃələ	sdɹusisiaɪəʊlə	ɛsdɹutʃɪəʊlə	sdɹʌkʃəʊlə	compound	s|dru|cc|iola	0.5714285714285714	0.3333333333333333	0.4	sdɹutʃələ	sdɹutʃiəʊlə	0.1111111111111111	0.2727272727272727
seatainer	siːteɪnə	siteɪnɝ	siteɪnɚ	siteɪnɚ	compound	sea|tainer	0.14285714285714285	0.14285714285714285	0.14285714285714285	siteɪnə	siteɪnɝ	0.0	0.14285714285714285
seatin'	siːtɪn	sitɪn	sitɪn	sitɪn	compound	seat|in	0.0	0.0	0.0	sitɪn	sitɪn	0.0	0.0
seaware	siːwɛɚ	siwɛɹ	siwɛɹ	siwɚ	compound	sea|ware	0.2	0.2	0.25	siwɛɹ	siwɛɹ	0.2	0.2
seawoman	siːwʊmən	siwʊmən	siwʊmən	siwəʊmən	compound	sea|woman	0.0	0.0	0.125	siwʊmən	siwʊmən	0.0	0.0
sectish	sɛktɪʃ	sɛktɪʃ	sɛktɪʃ	sɛktɪʃ	compound	sect|ish	0.0	0.0	0.0	sɛktɪʃ	sɛktɪʃ	0.0	0.0
see't	siːt	sit	sit	sit	compound	see|t	0.0	0.0	0.0	sit	sit	0.0	0.0
seedsnipe	siːdsnaɪp	sidsnaɪp	sidsnaɪp	sidsnaɪp	compound	seed|snipe	0.0	0.0	0.0	sidsnaɪp	sidznaɪp	0.0	0.125
seggs	sɛɡz	sɛɡz	sɛɡz	sɛɡz	compound	s|eggs	0.0	0.0	0.0	sɛgz	sɛɡz	0.25	0.0
segol	seɪɡoʊl	siɡəʊl	sɛɡɑl	sɛɡəl	compound	sego|l	0.3333333333333333	0.8	0.6	sɛgɔl	sɛɡəl	1.0	0.6
segolate	sɛɡoʊleɪt	siɡəʊleɪt	sɛɡəleɪt	sɛɡəleɪt	compound	sego|late	0.1111111111111111	0.125	0.125	sɛgəleɪt	sɛɡəleɪt	0.25	0.125
selbri	sɛlbɹiː	sɛlbɹi	sɛlbɹi	sɛlbɹi	compound	sel|b|ri	0.0	0.0	0.0	sɛlbɹi	sɛlbɹi	0.0	0.0
selcouth	sɛlkuːθ	sɛlkuθ	sɛlkuθ	sɛlkəθ	compound	sel|couth	0.0	0.0	0.16666666666666666	sɛlkəθ	sɛlkəθ	0.16666666666666666	0.16666666666666666
seliciclib	sɛlɪsɪklɪb	sɛlɪsiklɪb	sɛlɪsɪklɪb	sɛlɪsɪklɪb	compound	sel|ici|c|lib	0.1	0.0	0.0	səlɪsɪklɪb	səlɪsɪklɪb	0.1	0.1
selma'o	selmaho	sɛlməəʊ	sɛlməəʊ	sɛlməzəʊ	compound	selma|o	0.5714285714285714	0.5714285714285714	0.625	sɛlmɑəʊ	sɛlməəʊ	0.5714285714285714	0.5714285714285714
semantogram	sɪmæntəɡɹæm	siməntɒɡɹæm	sɛməntɑɡɹæm	sɛməntəɡɹəm	compound	seman|tog|ram	0.2727272727272727	0.2727272727272727	0.2727272727272727	sɪmæntəɡɹæm	səmæntəɡɹæm	0.0	0.09090909090909091
semble	sɛmbəl	sɛmbəl	sɛmbəl	sɛmbəl	compound	sem|ble	0.0	0.0	0.0	sɛmbəl	sɛmbəl	0.0	0.0
semelparous	sɛməlpəɹəs	sɛməlpɛɹəs	sɛmɪlpɚɹəs	sɛməlpɚus	compound	semel|parous	0.1	0.2	0.3333333333333333	sɛməlpəɹəs	səmɛlpɝəs	0.0	0.4444444444444444
semé	səmeɪ	səmeɪ	sɛmeɪ	sɪm	compound	[]	0.0	0.2	1.0	sɛmeɪ	sɛmeɪ	0.2	0.2
senocular	siːnɒkjʊlɚ	sɛnɒkjʊlə	sɛnɑkjʊlɚ	sɛnəkjəlɚ	compound	sen|ocular	0.2222222222222222	0.2222222222222222	0.3333333333333333	sənɑkjələɹ	sənɑkjəlɝ	0.5	0.4444444444444444
septagon	sɛptəɡɒn	sɛptæɡɒn	sɛptæɡən	sɛptəɡən	compound	sept|agon	0.125	0.25	0.125	sɛptəɡən	sɛptəɡən	0.125	0.125
septentrional	sɛptɛntɹɪənəl	sɛptɛntɹaɪənæl	sɛptəntɹɪɑnəl	sɛptəntɹiənəl	compound	sept|ent|rion|al	0.14285714285714285	0.15384615384615385	0.15384615384615385	sɛptɛntɹiənəl	sɛptɛntɹiənəl	0.07692307692307693	0.07692307692307693
seriouser	sɪəɹɪəsɚ	siəɹɪəsɜ	sɪɹiəsɚ	sɛɹiəʊsɚ	compound	serious|er	0.25	0.2857142857142857	0.5	sɪɹiəsəɹ	sɪɹiəsɝ	0.5	0.42857142857142855
serodisclosure	sɪəɹəʊdɪskləʊʒɚ	sɜɹəʊdɪskləʊʒə	sɛɹədɪskləʊʒɚ	sɚəʊdɪskləʊʒɚ	compound	ser|o|disclosure	0.21428571428571427	0.23076923076923078	0.23076923076923078	sɪɹəʊdɪskləʊʒəɹ	sɛɹəʊdɪskləʊʒɝ	0.2	0.21428571428571427
serrous	sɛɹəs	sɛɹəs	sɛɹəs	sɛɹus	compound	serr|ous	0.0	0.0	0.2	sɛɹəs	sɛɹəs	0.0	0.0
seryl	sɛɹɪl	sɜɹɪl	sɜɹɪl	sɛɹil	compound	ser|yl	0.2	0.2	0.2	sɛɹəl	sɛɹəl	0.2	0.2
sesquialteral	sɛskwɪaltəɹəl	sɛskwɪæltəɹəl	sɛskwɪɔltɚɹəl	sɛskwaɪəltɚəl	compound	sesquialtera|l	0.07692307692307693	0.15384615384615385	0.3076923076923077	sɛskwɪæltəɹəl	sɛskwiæltɝəl	0.07692307692307693	0.3333333333333333
sesquialteran	sɛskwɪɑltəɹən	sɛskwɪæltəɹən	sɛskwɪɔltɚɹən	sɛskwaɪəltɚən	compound	sesquialtera|n	0.07692307692307693	0.15384615384615385	0.3076923076923077	sɛskwɪɔltəɹən	sɛskwiæltɝən	0.07692307692307693	0.3333333333333333
sesquialterate	sɛskwɪaltəɹət	sɛskwɪæltəɹəti	sɛskwɪɔltɚɹeɪt	sɛskwaɪəltɚeɪt	compound	sesquialtera|te	0.14285714285714285	0.2857142857142857	0.35714285714285715	sɛskwɪɔltəɹət	sɛskwiæltɝət	0.07692307692307693	0.3333333333333333
sesquialterous	sɛskwɪaltəɹəs	sɛskwɪaltərəs	sɛskwɪɔltɚɹəs	sɛskwaɪəltɚus	compound	sesquialter|ous	0.07692307692307693	0.15384615384615385	0.38461538461538464	sɛskwɪɔltəɹəs	sɛskwiæltɝəs	0.07692307692307693	0.3333333333333333
setiferous	siːtɪfəɹəs	sɛtifəɹəs	sɛtɪfɚɹəs	sɛtɪfɚəs	compound	seti|ferous	0.2222222222222222	0.2222222222222222	0.375	sɛtɪfəɹəs	sətɪfɝəs	0.1111111111111111	0.375
setpoint	sɛtpɔɪnt	sɛtpɔɪnt	sɛtpɔɪnt	sɛtpɔɪnt	compound	set|point	0.0	0.0	0.0	sɛtpɔɪnt	sɛtpɔɪnt	0.0	0.0
setpoints	sɛtpɔɪnts	sɛtpɔɪnts	sɛtpɔɪnts	sɛtpɔɪnts	compound	set|points	0.0	0.0	0.0	sɛtpɔɪnts	sɛtpɔɪnts	0.0	0.0
sexangular	sɛksæŋɡjʊlə	sɛksænɡjʊlə	sɛksæŋɡjʊlɚ	sɪɡzæŋɡjəlɚ	compound	sex|angular	0.09090909090909091	0.09090909090909091	0.45454545454545453	sɛksæŋgjələɹ	sɛksæŋɡjəlɝ	0.25	0.18181818181818182
sexdecillion	sɛksdəsɪliən	sɛksdəsɪliən	sɛksdɪsɪliən	sɛksdɪsɪljən	compound	sex|de|cillion	0.0	0.08333333333333333	0.16666666666666666	sɛksdɛsɪliən	sɛksdəsɪljən	0.08333333333333333	0.08333333333333333
sexpreading	sɛksspɹɛdɪŋ	sɛkspɹɛdɪŋ	sɛkspɹidɪŋ	sɛkspɹidɪŋ	compound	sex|p|reading	0.1	0.2	0.2	sɛkspɹidɪŋ	sɛkspɹidɪŋ	0.2	0.2
sexsomnia	sɛksɒmniə	sɛksɒmniə	sɛkssɑmniə	sɛksəmniə	compound	sex|som|ni|a	0.0	0.2	0.1111111111111111	sɛksɑm.ni.ə	sɛksɑmniə	0.2727272727272727	0.1111111111111111
sexualism	sɛkʃuəlɪzm	sɛkʃuəlɪzəm	sɛkʃuəlɪzəm	sɛkʃuəlɪzəm	compound	sexual|ism	0.09090909090909091	0.09090909090909091	0.09090909090909091	sɛkʃəwəlɪzəm	sɛkʃuəlɪzəm	0.25	0.09090909090909091
seṭ	seɪt	seɪt	ɛsilɛɾɚwʌnisɪksdi	si	compound	[]	0.0	0.8823529411764706	1.5	sɛt	sitʃ	0.6666666666666666	0.75
shagtastic	ʃæɡtæstɪk	ʃæɡtæstɪk	ʃæɡteɪstɪk	ʃæɡtæstɪk	compound	shag|tastic	0.0	0.2	0.0	ʃægtæstɪk	ʃæɡtæstɪk	0.1111111111111111	0.0
shalloon	ʃəluːn	ʃælun	ʃælun	ʃælun	compound	shall|oo|n	0.2	0.2	0.2	ʃəlun	ʃəlun	0.0	0.0
shampers	ʃæmpəɹz	ʃæmpɝz	ʃæmpɚz	ʃæmpɚz	compound	shamp|ers	0.3333333333333333	0.3333333333333333	0.3333333333333333	ʃæmpəɹz	ʃæmpɝz	0.0	0.3333333333333333
shegetz	ʃeɪɡəts	ʃiɡɛts	ʃɛɡɛts	ʃɛɡɪts	compound	she|getz	0.5	0.5	0.5	ʃɛgɪts	ʃɛɡɪts	0.6666666666666666	0.5
shelpek	ʃɛlpɛk	ʃɛlpɛk	ʃɛlpɛk	ʃɛlpɛk	compound	shelp|ek	0.0	0.0	0.0	ʃɛlpɪk	ʃɛlpɪk	0.16666666666666666	0.16666666666666666
shengyuan	ʃʌŋjuɑːn	ʃɛŋjuən	ʃɛŋjuən	ʃɛndʒjuən	compound	sheng|yuan	0.2857142857142857	0.2857142857142857	0.5555555555555556	ʃɛŋgjuən	ʃɛndʒuən	0.375	0.625
shenyi	ʃɛni	ʃɛnji	ʃɛnɪi	ʃɛnji	compound	shen|yi	0.2	0.2	0.2	ʃɛni	ʃɛnji	0.0	0.2
shewn	ʃəʊn	ʃəʊn	ʃjun	ʃun	compound	shew|n	0.0	0.5	0.6666666666666666	ʃəʊn	ʃun	0.0	0.6666666666666666
shiet	ʃiːɪt	ʃaɪt	ʃaɪət	ʃit	compound	shie|t	0.25	0.4	0.3333333333333333	ʃaɪət	ʃit	0.4	0.3333333333333333
shinigami	ʃɪnɪɡɑːmi	ʃɪnɪɡɑmi	ʃaɪnɪɡɑmi	ʃɪnɪɡəmi	compound	shin|ig|ami	0.0	0.1111111111111111	0.125	ʃɪnəɡɑmi	ʃiniɡɑmi	0.125	0.25
shiritori	ʃiɹitʊɹi	ʃɝitəʊɹi	ʃɪɹɪtɔɹi	ʃɪɹɪtɔɹi	compound	shir|ito|ri	0.375	0.375	0.375	ʃɪɹətɔɹi	ʃɪɹitɔɹi	0.375	0.25
shirshasana	ʃəɹʃɑːsɑːnɑː	ʃɝʃɑsænə	ʃɜʃəsɑnə	ʃɚʃəsənə	compound	shir|shas|ana	0.5	0.5	0.625	ʃəɹʃɑnə	ʃɝʃəsænə	0.42857142857142855	0.625
shitgaze	ʃɪtɡeɪz	ʃɪtɡeɪz	ʃɪtɡeɪz	ʃɪtɡəz	compound	shit|gaze	0.0	0.0	0.3333333333333333	ʃɪtgeɪz	ʃɪtɡeɪz	0.14285714285714285	0.0
shitgibbon	ʃɪtɡɪbən	ʃɪtɡɪbən	ʃɪtɡɪbən	ʃɪtɡɪbən	compound	shit|gibbon	0.0	0.0	0.0	ʃɪtdʒɪbən	ʃɪtɡɪbən	0.2222222222222222	0.0
shitlib	ʃɪtlɪb	ʃɪtlɪb	ʃɪtlɪb	ʃɪtləb	compound	shit|lib	0.0	0.0	0.16666666666666666	ʃɪtlɪb	ʃɪtlɪb	0.0	0.0
shitmiss	ʃɪtmɪs	ʃɪtmɪs	ʃɪtmɪs	ʃɪtmɪs	compound	shit|miss	0.0	0.0	0.0	ʃɪtmɪs	ʃɪtmɪs	0.0	0.0
shitoris	ʃɪtəɹɪs	ʃɪtɔɹis	ʃɪɾoɹɪs	ʃɪtɚɪz	compound	shit|ori|s	0.2857142857142857	0.2857142857142857	0.5	ʃɪtɔɹiz	ʃɪtɝɪs	0.42857142857142855	0.3333333333333333
shitstained	ʃɪtsteɪnd	ʃɪtsteɪnd	ʃɪtsteɪnd	ʃɪtsteɪnd	compound	shit|stained	0.0	0.0	0.0	ʃɪtsteɪnd	ʃɪtsteɪnd	0.0	0.0
shitton	ʃɪttʌn	ʃɪttən	ʃɪn	ʃɪtən	compound	shit|ton	0.16666666666666666	1.0	0.4	ʃɪtən	ʃɪtən	0.4	0.4
shleps	ʃlɛps	ʃlɛps	ʃlɛps	ʃlɛps	compound	shlep|s	0.0	0.0	0.0	ʃlɛps	ʃlɛps	0.0	0.0
shoddyite	ʃɒdiaɪt	ʃɒdiaɪt	ʃɑdɪaɪt	ʃɑdiaɪt	compound	shoddy|ite	0.0	0.2857142857142857	0.14285714285714285	ʃɑdiaɪt	ʃɑdjaɪt	0.14285714285714285	0.2857142857142857
shooted	ʃuːtɪd	ʃutɛd	ʃuɾᵻd	ʃutd	compound	shoot|ed	0.2	0.4	0.25	ʃutɪd	ʃutɪd	0.0	0.0
shoppin'	ʃɑpɪn	ʃɒpɪn	ʃɑpɪn	ʃɑpɪn	compound	shop|pin	0.2	0.0	0.0	ʃɑpɪn	ʃɑpɪn	0.0	0.0
shoti	ʃotɪ	ʃɒtaɪ	ʃəʊɾi	ʃəʊti	compound	shot|i	0.4	0.8	0.6	ʃəʊti	ʃəʊti	0.6	0.6
shoulda	ʃʊdə	ʃʊdə	ʃʊdə	ʃəldə	compound	should|a	0.0	0.0	0.4	ʃʊdə	ʃəʊldə	0.0	0.3333333333333333
shouldn't've	ʃʊdəntəv	ʃʊdəntvi	ʃʊdəntəv	ʃəldnɪtɪv	compound	shouldnt|ve	0.25	0.0	0.5555555555555556	ʃʊdəntv	ʃəʊldəntəv	0.14285714285714285	0.2
shyt	ʃaɪt	ʃaɪt	ʃaɪt	ʃɪt	compound	shy|t	0.0	0.0	0.3333333333333333	ʃaɪt	ʃɪt	0.0	0.3333333333333333
sibred	sɪbɹəd	sɪbɹɛd	sɪbɹɪd	sɪbɹɪd	compound	sib|red	0.16666666666666666	0.16666666666666666	0.16666666666666666	sɪbɹɛd	saɪbɝd	0.16666666666666666	0.5
sidth	sɪdθ	sɪdθ	sɪdθ	sɪdθ	compound	sid|th	0.0	0.0	0.0	sɪdθ	sɪdθ	0.0	0.0
sightproof	saɪtpɹuːf	saɪtpɹuf	saɪtpɹuf	saɪtpɹuf	compound	sight|proof	0.0	0.0	0.0	saɪtpɹuf	saɪtpɹuf	0.0	0.0
sigillated	sɪdʒɪleɪtɪd	sɪdʒəlleɪtɪd	sɪɡɪleɪɾᵻd	sɪɡɪleɪtd	compound	sigil|lated	0.16666666666666666	0.4	0.3333333333333333	sɪdʒəleɪɾᵻd	sɪdʒəleɪtɪd	0.2727272727272727	0.09090909090909091
signate	sɪɡnət	sɪɡnəti	sɪɡneɪt	sɪɡneɪt	compound	signa|te	0.14285714285714285	0.2857142857142857	0.2857142857142857	sɪgneɪt	sɪɡneɪt	0.42857142857142855	0.2857142857142857
sigogglin	saɪɡɒɡlɪn	sɪɡɑɡlɪn	sɪɡəɡlɪn	sɪɡɑɡlɪn	compound	sig|ogg|lin	0.25	0.25	0.25	sɪɡɑɡ.lɪn	sɪɡɑɡlɪn	0.3333333333333333	0.25
sikhye	ʃiːkjeɪ	sikjɛ	sɪkhaɪ	sɪki	compound	sikh|ye	0.6	0.6666666666666666	1.25	sɪki	sɪkhi	1.25	1.0
silflay	sɪlfleɪ	sɪlfleɪ	sɪlfleɪ	sɪlfleɪ	compound	silf|lay	0.0	0.0	0.0	sɪfleɪ	sɪlfleɪ	0.16666666666666666	0.0
silkpunk	sɪlkpəŋk	sɪlkpʌŋk	sɪlkpʌŋk	sɪlkpʌŋk	compound	silk|punk	0.125	0.125	0.125	sɪlkpʌŋk	sɪlkpəŋk	0.125	0.0
sillonated	sɪləneɪtɪd	sɪləneɪtd	sɪləneɪɾᵻd	sɪləneɪtd	compound	sillon|ate|d	0.1111111111111111	0.2	0.1111111111111111	sɪləneɪɾᵻd	sɪləneɪtɪd	0.2	0.0
sillycide	sɪlisaɪd	sɪlisaɪd	sɪlɪsaɪd	sɪlɪsaɪd	compound	silly|cide	0.0	0.125	0.125	sɪləsaɪd	sɪlisaɪd	0.125	0.0
silyl	saɪlɪl	sɪlɪl	sɪlɪl	sɪlil	compound	sil|yl	0.2	0.2	0.4	sɪlɪl	sɪlɪl	0.2	0.2
singleplayer	sɪŋɡəlpleɪɚ	sɪŋɡəlpleɪə	sɪŋɡəlpleɪɚ	sɪŋɡəlpleɪɚ	compound	single|player	0.09090909090909091	0.0	0.0	sɪŋgəlpleɪɚ	sɪŋɡəlpleɪɝ	0.09090909090909091	0.09090909090909091
sinh	sɪntʃ	sɪnh	sɪn	sɪn	compound	sin|h	0.5	0.6666666666666666	0.6666666666666666	sɪn	sɪn	0.6666666666666666	0.6666666666666666
sinistrously	sɪnɪstɹəsli	sɪnɪstɹəslɪ	sɪnɪstɹəsli	sɪnɪstɹəsli	compound	sinistrous|ly	0.09090909090909091	0.0	0.0	sɪnəstɹəsli	sɪnɪstɹəsli	0.09090909090909091	0.0
sinofied	saɪnoʊfaɪd	saɪnəʊfaɪd	sɪnəfaɪd	sɪnəfaɪd	compound	sino|fied	0.0	0.25	0.25	sɪnəfaɪd	sɪnəfaɪd	0.25	0.25
sinofy	saɪnoʊfaɪ	saɪnəʊfa	sɪnəfaɪ	sɪnəfi	compound	sino|fy	0.125	0.2857142857142857	0.6666666666666666	sɪnəfi	sɪnəfaɪ	0.6666666666666666	0.2857142857142857
siscowet	sɪskəwɛt	siskəʊwɛt	sɪskəɪt	sɪskəʊɪt	compound	sisco|wet	0.2222222222222222	0.2857142857142857	0.25	sɪskəɪt	sɪskəɪt	0.2857142857142857	0.2857142857142857
sissyfication	sɪsifɪkeɪʃən	sɪsifɪkeɪʃən	sɪsɪfɪkeɪʃən	sɪsɪfɪkeɪʃən	compound	sissy|fication	0.0	0.08333333333333333	0.08333333333333333	sɪsəfəkeɪʃən	sɪsəfəkeɪʃən	0.16666666666666666	0.16666666666666666
sitaxentan	sɪtæksɛntæn	sɪtæksntæn	sɪɾəksɛntən	sɪtæksəntən	compound	sit|axe|ntan	0.1	0.2727272727272727	0.18181818181818182	sɪtæk.səntæn	sɪtəksɛntən	0.16666666666666666	0.18181818181818182
siteswap	saɪtswɒp	saɪtswæp	saɪtswɑp	saɪtswəp	compound	sites|wap	0.125	0.125	0.125	saɪtswɑp	saɪtswɑp	0.125	0.125
sixel	sɪksɛl	sɪksɛl	sɪksəl	sɪksəl	compound	six|el	0.0	0.16666666666666666	0.16666666666666666	sɪksəl	sɪksəl	0.16666666666666666	0.16666666666666666
sixt	sɪkst	sɪkst	sɪkst	sɪkst	compound	six|t	0.0	0.0	0.0	sɪkst	sɪkst	0.0	0.0
siyum	siːjuːm	sijʌm	sɪjəm	saɪʌm	compound	si|yum	0.2	0.4	0.6	saɪəm	saɪəm	0.6	0.6
skanoe	skənuː	skɑnəʊ	skænəʊ	skeɪnəʊ	compound	ska|noe	0.5	0.5	0.5714285714285714	skeɪnəʊ	skænəʊ	0.5714285714285714	0.5
skeezicks	skiːzɪks	skizɪks	skizɪks	skizɪks	compound	s|kee|zick|s	0.0	0.0	0.0	skizɪks	skizɪks	0.0	0.0
skiamorph	skiəmɔɹf	skiəmɔɹf	skaɪəmoɹf	skiəmɔɹf	compound	ski|amorph	0.0	0.3333333333333333	0.0	skaɪəmɔɹf	skiəmɔɹf	0.2222222222222222	0.0
skimelton	skɪməltən	skɪmɛltən	skaɪmltən	skɪmɛltən	compound	skim|elton	0.1111111111111111	0.2222222222222222	0.1111111111111111	skɪmɪltən	skɪməltən	0.1111111111111111	0.0
skyclad	skaɪklæd	skaɪklæd	skaɪklæd	skɪkləd	compound	sky|clad	0.0	0.0	0.2857142857142857	skaɪklæd	skaɪklæd	0.0	0.0
slabstone	slæbstəʊn	slæbztəʊn	slæbstəʊn	slæbstəʊn	compound	slabs|tone	0.1111111111111111	0.0	0.0	slæbstəʊn	slæbstəʊn	0.0	0.0
slatko	slætkəʊ	slætkəʊ	slætkəʊ	slætkəʊ	compound	slat|ko	0.0	0.0	0.0	slɑtkəʊ	slætkəʊ	0.14285714285714285	0.0
sleid	sleɪd	sleɪd	sleɪd	slaɪd	compound	s|lei|d	0.0	0.0	0.2	slaɪd	slaɪd	0.2	0.2
slood	sluːd	slud	slud	slud	compound	sloo|d	0.0	0.0	0.0	slʌd	sləd	0.25	0.25
sloyd	slɔɪd	slɔɪd	slɔɪd	slɔɪd	compound	s|loyd	0.0	0.0	0.0	slɔɪd	slɔɪd	0.0	0.0
slue	sluː	slu	slu	slu	compound	s|lue	0.0	0.0	0.0	slu	slu	0.0	0.0
slushee	slʌʃi	slʌʃi	slʌʃi	slʌʃi	compound	slush|ee	0.0	0.0	0.0	slʌʃi	sləʃi	0.0	0.2
slushpile	slʌʃpaɪl	slʌʃpaɪl	slʌʃpaɪl	slʌʃpaɪl	compound	slush|pile	0.0	0.0	0.0	slʌʃpaɪl	sləʃpaɪl	0.0	0.125
smellfungus	smɛlfʌŋɡəs	smɛlfʌŋɡəs	smɛlfʌŋɡəs	smɛlfʌŋɡəs	compound	smell|fungus	0.0	0.0	0.0	smɛlfʌŋgəs	smɛlfəŋɡəs	0.1	0.1
smellily	smɛlɪli	smɛlɪlj	smɛlili	smɛləli	compound	smell|il|y	0.14285714285714285	0.14285714285714285	0.14285714285714285	smɛləli	smɛləli	0.14285714285714285	0.14285714285714285
smilt	smɪlt	smɪlt	smɪlt	smɪlt	compound	s|milt	0.0	0.0	0.0	smɪlt	smɪlt	0.0	0.0
smof	smɑf	smɑf	smɑf	sməf	compound	s|mof	0.0	0.0	0.25	sməʊf	smɑf	0.4	0.0
smoothskin	smuːðskɪn	smuðskɪn	smuðskɪn	smuθskɪn	compound	smooths|kin	0.0	0.0	0.125	smuðskɪn	smuθskɪn	0.0	0.125
snaccident	snæksɪdənt	snæksɪdənt	snæksɪdənt	snæksɪdənt	compound	s|n|accident	0.0	0.0	0.0	snæksɪdənt	snæksədənt	0.0	0.1
snapin	snæpɪn	snæpɪn	snæpɪn	snæpɪn	compound	snap|in	0.0	0.0	0.0	snæpɪn	snæpɪn	0.0	0.0
snar	snɑːɹ	snɑɹ	snɑɹ	snɑɹ	compound	s|na|r	0.0	0.0	0.0	snɑɹ	snɑɹ	0.0	0.0
snarktastic	snɑːktæstɪk	snɑɹktæstɪk	snɑɹkteɪstɪk	snɑɹktæstɪk	compound	snark|tastic	0.09090909090909091	0.25	0.09090909090909091	snɑɹktæstɪk	snɑɹktæstɪk	0.09090909090909091	0.09090909090909091
snath	snæθ	snæθ	snæθ	snæθ	compound	s|nath	0.0	0.0	0.0	snæθ	snæθ	0.0	0.0
snazztastic	snæztæstɪk	snɑztæstɪk	snæzteɪstɪk	snæztæstɪk	compound	s|na|zz|tastic	0.1	0.18181818181818182	0.0	snæztæstɪk	snæztæstɪk	0.0	0.0
sneep	sniːp	snip	snip	snip	compound	snee|p	0.0	0.0	0.0	snip	snip	0.0	0.0
snet	snɛt	snɛt	snɛt	snɛt	compound	s|net	0.0	0.0	0.0	snɛt	snɛt	0.0	0.0
snilch	snɪltʃ	snɪltʃ	snɪltʃ	snɪltʃ	compound	s|nil|ch	0.0	0.0	0.0	snɪltʃ	snɪltʃ	0.0	0.0
snirt	snɜːɹt	snɪɹt	snɜt	snɪɹt	compound	s|nir|t	0.2	0.25	0.2	snɜɹt	snɝt	0.0	0.5
snooz	snuːz	snuz	snuz	snuz	compound	s|noo|z	0.0	0.0	0.0	snuz	snuz	0.0	0.0
snowful	snəʊfəl	snəʊfʊl	snəʊfəl	snɔfəl	compound	snow|ful	0.14285714285714285	0.0	0.3333333333333333	snəʊfəl	snəʊfəl	0.0	0.0
soare	sɔɹ	sɔi	soɹ	səʊɹ	compound	soar|e	0.3333333333333333	0.3333333333333333	0.5	sɔɹ	sɔɹ	0.0	0.0
sochineniya	sətʃɪnɛnɪjə	səʊtʃinɛnijə	sɑtʃaɪnnɪjə	sɑkɪnnijə	compound	sochi|neni|ya	0.25	0.2727272727272727	0.5555555555555556	səʊtʃɪnəniə	sɑkəniniə	0.36363636363636365	0.7777777777777778
sodar	soʊdɑɹ	səʊdəɹ	sɑdɑɹ	səʊdɚ	compound	soda|r	0.16666666666666666	0.4	0.4	səʊdəɹ	səʊdɝ	0.16666666666666666	0.4
sodomitic	sɒdəmɪtɪk	sɔdəmɪtɪk	sɑdəmɪɾɪk	sɑdəmɪtɪk	compound	sodom|itic	0.1111111111111111	0.2222222222222222	0.1111111111111111	səʊdəmɪɾɪk	səʊdəmɪtɪk	0.3	0.2
solah	səʊlə	səʊləh	sɑlə	səʊlə	compound	sola|h	0.16666666666666666	0.5	0.0	səʊlə	səʊlə	0.0	0.0
solecistical	sɒlɪsɪstɪkəl	sɑləsɪstɪkæl	səʊlsɪstɪkəl	səʊlsɪstɪkəl	compound	solecistic|al	0.25	0.25	0.25	səlɛsɪktəkəl	səʊləsɪstɪkəl	0.3333333333333333	0.23076923076923078
solicitate	səlɪsɪtət	səlɪsɪteɪt	səlɪsᵻteɪt	sɑlɪsɪteɪt	compound	solicit|ate	0.2	0.3	0.3	səlɪsəteɪt	səlɪsəteɪt	0.3	0.3
solidate	sɒlɪdeɪt	sɒlɪdeɪt	sɑlᵻdeɪt	səʊlɪdeɪt	compound	solid|ate	0.0	0.25	0.2222222222222222	səʊlideɪt	sɑlədeɪt	0.3333333333333333	0.25
somatist	səʊmætɪst	səʊmətɪzt	sɑmətɪst	səmətɪst	compound	soma|tis|t	0.2222222222222222	0.375	0.25	səʊmətɪst	sɑmətɪst	0.1111111111111111	0.375
somatotonic	səʊmətətɒnɪk	səʊmətəʊtəʊnɪk	sɑməɾətɑnɪk	səmətəʊtənɪk	compound	soma|toto|nic	0.21428571428571427	0.36363636363636365	0.25	səʊmətɑɾɪk	səʊmətətɑnɪk	0.4	0.08333333333333333
somewhile	sʌmwaɪl	sʌmwaɪl	sʌmwaɪl	səʊmwaɪl	compound	some|while	0.0	0.0	0.25	sʌmwaɪl	səmwaɪl	0.0	0.14285714285714285
somewhy	sʌmwai	sʌmwaɪ	sʌmwi	səʊmwi	compound	some|why	0.16666666666666666	0.2	0.5	sʌmwaɪ	səmwaɪ	0.16666666666666666	0.3333333333333333
somitogenesis	soʊmaɪdədʒɛnəsɪs	sɒmitəʊdʒɛnɪsɪs	sɑmɪɾəʊdʒɛnᵻsɪs	səmɪtədʒnsɪz	compound	som|ito|genesis	0.4666666666666667	0.4	0.5	səʊmətəʊdʒɛnəsɪs	sɑmətəʊdʒɛnəsəs	0.25	0.4666666666666667
somniferousness	sɒmnɪfəɹəsnəs	sɑmnɪfəɹəsnes	səmnɪfɚɹəsnəs	sɑmnɪfɚəsnəs	compound	somniferous|ness	0.15384615384615385	0.15384615384615385	0.25	sɑmnɪfəɹəsnəs	səmnɪfɝəsnəs	0.07692307692307693	0.25
sonero	sənɛəɹəʊ	səʊnɹəʊ	sɑnɛɹəʊ	sənɚəʊ	compound	sone|ro	0.42857142857142855	0.2857142857142857	0.5	sənɛɹəʊ	səʊnɛɹəʊ	0.14285714285714285	0.25
songbun	sɒŋbuːn	sɒŋbʌn	sɔŋbʌn	sɔŋbən	compound	song|bun	0.16666666666666666	0.3333333333333333	0.3333333333333333	sɔŋbən	sɔŋbən	0.3333333333333333	0.3333333333333333
songket	sɒŋkɛt	sɒŋket	sɔŋkɪt	sɔŋkɪt	compound	song|ket	0.16666666666666666	0.3333333333333333	0.3333333333333333	sɔŋkɪt	sɔŋkɪt	0.3333333333333333	0.3333333333333333
soondae	suːndeɪ	sundeɪ	sundi	sundeɪ	compound	soon|dae	0.0	0.4	0.0	sundeɪ	sundeɪ	0.0	0.0
sophoi	sofɔɪ	sɑfɔɪ	sɑfɔɪ	səfɔɪ	compound	soph|oi	0.2	0.2	0.2	sɑfɔɪ	səʊfɔɪ	0.2	0.3333333333333333
sophrosyne	səfɹɒzɪniː	sɑfɹəʊzini	sɑfɹəsaɪn	səfɹəsaɪn	compound	soph|rosy|ne	0.4	0.5555555555555556	0.4444444444444444	sɑfɹəsaɪn	sɑfɹəʊsaɪn	0.5555555555555556	0.6
sopite	səpaɪt	sɒpaɪt	sɑpaɪt	sɑpaɪt	compound	sop|ite	0.16666666666666666	0.16666666666666666	0.16666666666666666	səʊpaɪt	səpaɪt	0.14285714285714285	0.0
soramimi	sɔːɹəmiːmi	sɔɹəmimi	soɹəmɪmi	sɔɹəmɪmi	compound	sora|mimi	0.0	0.25	0.125	sɔɹɑmimi	sɔɹɑmimi	0.125	0.125
sord	sɔːɹd	sɔɹd	soɹd	sɔɹd	compound	sor|d	0.0	0.25	0.0	sɔɹd	sɔɹd	0.0	0.0
sorites	səɹaɪtiːz	səʊɹaɪts	soɹaɪts	sɔɹaɪts	compound	so|rites	0.375	0.42857142857142855	0.42857142857142855	sɔɹaɪts	sɔɹəts	0.42857142857142855	0.8333333333333334
sororate	səɹɔːɹət	sɔɹɔɹeɪt	soɹɚɹeɪt	sɚɚeɪt	compound	sor|orate	0.375	0.5	0.8333333333333334	sɔɹəɹeɪt	sɔɹɝeɪt	0.5	0.5714285714285714
souq	suːk	sukw	sək	sək	compound	sou|q	0.25	0.3333333333333333	0.3333333333333333	suk	suk	0.0	0.0
spacelike	speɪslaɪk	speɪslaɪk	speɪslaɪk	speɪsɛlaɪk	compound	space|like	0.0	0.0	0.1	speɪslaɪk	speɪslaɪk	0.0	0.0
spald	spɔːld	spɑld	spæld	spæld	compound	spa|l|d	0.2	0.2	0.2	spɔld	spɔld	0.0	0.0
spankee	spæŋkiː	spæŋki	spæŋki	spæŋki	compound	spank|ee	0.0	0.0	0.0	spæŋki	spæŋki	0.0	0.0
spanktastic	spæŋktæstɪk	spæŋktæstɪk	spæŋkteɪstɪk	spæŋktæstɪk	compound	spank|tastic	0.0	0.16666666666666666	0.0	spæŋktæstɪk	spæŋktæstɪk	0.0	0.0
sparktastic	spɑɹktæstɪk	spɑktæstɪk	spɑɹkteɪstɪk	spɑɹktæstɪk	compound	spark|tastic	0.1	0.16666666666666666	0.0	spɑɹktæstɪk	spɑɹktæstɪk	0.0	0.0
sperate	spɪəɹət	spɛɹəti	spɛɹeɪt	spɚeɪt	compound	spera|te	0.42857142857142855	0.5714285714285714	0.6666666666666666	spɛɹeɪt	spɛɹət	0.5714285714285714	0.3333333333333333
spermatogonial	spɜːɹmətəɡəʊniəl	spɜɹmæɾəgəʊniəl	spɜməɾəɡəʊnɪəl	spɚmətəɡəʊniəl	compound	spermatogonia|l	0.2	0.21428571428571427	0.14285714285714285	spɜɹməɾəgəʊniəl	spɝmətəɡəʊniəl	0.13333333333333333	0.14285714285714285
spermatorrhoea	spəɹmætəɹiːə	spɜɹmətɔhəʊə	spɜməɾɔɹiə	spɚmətɔɹhəʊ	compound	sperma|torr|hoe|a	0.5	0.5	0.5454545454545454	spɜɹmətɔɹiə	spɝmətɔɹhiə	0.2727272727272727	0.45454545454545453
spetchel	spetʃl	spɛtʃɛl	spɛtʃəl	spɛtʃəl	compound	spetch|el	0.2857142857142857	0.2857142857142857	0.2857142857142857	spɛtʃəl	spɛtʃəl	0.2857142857142857	0.2857142857142857
spicish	spɪkɪʃ	spɪkɪʃ	spɪkɪʃ	spɪsɪʃ	compound	spic|ish	0.0	0.0	0.16666666666666666	spaɪʃɪʃ	spɪsɪʃ	0.2857142857142857	0.16666666666666666
spinescence	spaɪnɛsəns	spaɪnzsəns	spaɪnsəns	spaɪnɛsəns	compound	spines|cence	0.1	0.1111111111111111	0.0	splɪnəsəns	spaɪnɛsəns	0.2	0.0
spinsterishness	spɪnstəɹɪʃnəs	spɪnstəɹɪʃnes	spɪnstɚɹɪʃnəs	spɪnstɚɪʃnɛs	compound	spinsterish|ness	0.07692307692307693	0.07692307692307693	0.25	spɪnstəɹɪʃnəs	spɪnstɝɪʃnəs	0.0	0.16666666666666666
spintrian	spɪntɹɪən	spɪntɹaɪən	spɪntɹiən	spɪntɹiən	compound	spin|tri|an	0.1	0.1111111111111111	0.1111111111111111	spɪntɹiən	spɪntɹiən	0.1111111111111111	0.1111111111111111
spinward	spɪnwɜɹd	spɪnwɔd	spɪnwɚd	spɪnwɚd	compound	spin|ward	0.2857142857142857	0.2857142857142857	0.2857142857142857	spɪnwəɹd	spɪnwɝd	0.125	0.2857142857142857
spirochetolysis	spaɪɹoʊkitɒlɪsɪs	spɪɹəʊtʃɛtɑlisɪs	spɪɹətʃɪtɑləsɪs	spɪɹəkɛtəlisɪz	compound	spiro|chet|oly|sis	0.375	0.4	0.42857142857142855	spaɪɹəkɛtəlɪsɪs	spɪɹəʊkɛtəlɪsɪs	0.2	0.2
spirochetostatic	spaɪɹoʊkitəstætɪk	spɪɹəʊtʃɛtəʊstætɪk	spɪɹətʃɛɾəstæɾɪk	spɪɹəkɪtəʊstætɪk	compound	spiro|chet|o|static	0.2777777777777778	0.375	0.25	spaɪɹəʊkɛɾəstæɾɪk	spɪɹəʊkɛtəstætɪk	0.17647058823529413	0.125
splanchnoskeleton	splæŋknəʊskɛlɪtən	sflæntʃnəʊskɛlɪtən	splæntʃnəskɛlᵻtən	splæŋknɑskəltən	compound	sp|lanch|no|skeleton	0.2222222222222222	0.29411764705882354	0.26666666666666666	splæŋknəʊskɛlətən	splæntʃnəskɛlətən	0.058823529411764705	0.29411764705882354
sportula	spɔːɹtjʊlə	spɔtjulə	spoɹtʃələ	spɔɹtulə	compound	sport|ula	0.25	0.3333333333333333	0.25	spɔɹtʃələ	spɔɹtʃələ	0.2222222222222222	0.2222222222222222
spront	spɹɑnt	sfɹɑnt	spɹɔnt	spɹənt	compound	sp|ron|t	0.16666666666666666	0.16666666666666666	0.16666666666666666	spɹɑnt	spɹɑnt	0.0	0.0
spunion	spʌnjən	spʌnən	spjuniən	spjunjən	compound	spun|ion	0.16666666666666666	0.375	0.25	spʌnjən	spjunjən	0.0	0.25
squadrista	skwɒdɹɪstə	skwɒdɹɪstə	skwɑdɹɪstə	skwɑdɹɪstə	compound	squad|rist|a	0.0	0.1	0.1	skwɑdɹəstə	skwɑdɹistə	0.2	0.2
squalane	skwɑːleɪn	skwɑleɪn	skwɑleɪn	skwələn	compound	s|qual|ane	0.0	0.0	0.42857142857142855	skweɪleɪn	skwɑlən	0.2222222222222222	0.2857142857142857
squillitic	skwɪlɪtɪk	skwɪlɪtɪk	skwɪlɪɾɪk	skwɪlɪtɪk	compound	squill|itic	0.0	0.1111111111111111	0.0	skwɪlɪtɪk	skwɪlɪtɪk	0.0	0.0
srub	sɹʌb	sɹʌb	ɛsɹʌb	sɹʌb	compound	s|rub	0.0	0.2	0.0	sɹʌb	ʃɹəb	0.0	0.5
sstrange	səstɹeɪndʒ	stɹeɪndʒ	ɛsstɹeɪndʒ	sɪtɹændʒ	compound	s|strange	0.25	0.2	0.5	ɛstɹeɪndʒ	stɹeɪndʒ	0.2222222222222222	0.25
statefunction	steɪtfʌŋkʃən	steɪtfʌŋkʃən	steɪtfʌŋkʃən	stætfʌŋkʃən	compound	state|function	0.0	0.0	0.18181818181818182	steɪtfʌŋkʃən	steɪtfəŋkʃən	0.0	0.08333333333333333
statuminate	stətuːmɪneɪt	stætəmɪneɪt	stɑtumᵻneɪt	stætuməneɪt	compound	statum|inate	0.18181818181818182	0.18181818181818182	0.18181818181818182	stætuməneɪt	stətuməneɪt	0.18181818181818182	0.09090909090909091
stealthie	stɛlθi	stɛlθi	stɛlθi	stilθi	compound	stealth|ie	0.0	0.0	0.16666666666666666	stɛlθi	stɛlθi	0.0	0.0
stents	stɛnts	stɛnts	stɛnts	stɛnts	compound	stent|s	0.0	0.0	0.0	stɛnts	stɛnts	0.0	0.0
steprelative	stɛpɹɛlətɪv	stɛpɹɛlətɪv	stɛpɹɪlətɪv	stɛpɹələtɪv	compound	step|relative	0.0	0.09090909090909091	0.09090909090909091	stɪpɹɪlɪtɪv	stɛpɹəleɪtɪv	0.2727272727272727	0.25
stereoisomerism	stɛɹɪəʊaɪsɒməɹɪzəm	stɛɹiəʊaɪsəməɹɪzəm	stɛɹɪəʊɪsəmɚɹɪzəm	stɛɹiəʊsəmɚɪzəm	compound	stereoisomer|ism	0.1111111111111111	0.17647058823529413	0.4	stɛɹiəʊaɪsəmɛɹɪzəm	stɛɹiəʊɪsəmɝɪzəm	0.16666666666666666	0.3125
sticktoitive	stɪktuːɪtɪv	stɪktuitɪv	stɪktɔɪtɪv	stɪktəʊɪtɪv	compound	stick|to|itive	0.1	0.1	0.18181818181818182	stɪktɔɪtɪv	stɪktɔɪtɪv	0.1	0.1
stigmat	stɪɡmat	stɪɡmət	stɪɡmæt	stɪɡmət	compound	stigma|t	0.14285714285714285	0.14285714285714285	0.14285714285714285	stɪgmət	stɪɡmæt	0.2857142857142857	0.14285714285714285
stoln	stoʊln	stəʊln	stɑln	stɑln	compound	stol|n	0.0	0.4	0.4	stəʊln	stəʊln	0.0	0.0
stompie	stɒmpi	stɒmpi	stɑmpaɪ	stɑmpi	compound	stomp|ie	0.0	0.42857142857142855	0.16666666666666666	stɑmpi	stɑmpi	0.16666666666666666	0.16666666666666666
stoppin'	stɑpɪn	stɒpɪn	stɑpɪn	stɑpɪn	compound	stop|pin	0.16666666666666666	0.0	0.0	stɑpɪn	stɑpɪn	0.0	0.0
stormtrooper	stɔːmtɹuːpə	stɔmtɹupə	stoɹmtɹupɚ	stɔɹmtɹupɚ	compound	storm|trooper	0.0	0.3	0.2	stɔɹmtɹupəɹ	stɔɹmtɹupɝ	0.18181818181818182	0.2
stovec	stəʊvɛk	stəʊvk	stəʊvək	stəʊvɪk	compound	stove|c	0.16666666666666666	0.14285714285714285	0.14285714285714285	stəʊvɛk	stəʊvɛk	0.0	0.0
straightface	stɹeɪtfeɪs	stɹeɪtfeɪs	stɹeɪtfeɪs	stɹeɪtfeɪs	compound	straight|face	0.0	0.0	0.0	stɹeɪtfeɪs	stɹeɪtfeɪs	0.0	0.0
straightfag	stɹeɪtfæɡ	stɹeɪtfæɡ	stɹeɪtfæɡ	stɹeɪtfəɡ	compound	straight|fag	0.0	0.0	0.1111111111111111	stɹeɪtfæg	stɹeɪtfæɡ	0.1111111111111111	0.0
straitjacketing	stɹeɪtdʒækɪtɪŋ	stɹeɪtdʒækɪtɪŋ	stɹeɪtdʒəkɪɾɪŋ	stɹeɪtjækɪtɪŋ	compound	straitjacket|ing	0.0	0.14285714285714285	0.15384615384615385	stɹeɪtdʒækɪɾɪŋ	stɹeɪtdʒækətɪŋ	0.07142857142857142	0.07142857142857142
strandflat	stɹændflæt	stɹændflæt	stɹændflæt	stɹændflət	compound	strand|flat	0.0	0.0	0.1	stɹændflæt	stɹændflæt	0.0	0.0
strikesthrough	stɹæɪksθɹu	stɹaɪksθɹu	stɹaɪksθɹu	stɹaɪkɛsθɹɔ	compound	strikes|through	0.1	0.1	0.2727272727272727	stɹaɪksθɹu	stɹaɪksθɹɔ	0.1	0.2
strikethrough	stɹaɪkθɹu	stɹaɪkθɹu	stɹaɪkθɹu	stɹaɪkθɹɔ	compound	strike|through	0.0	0.0	0.1111111111111111	stɹaɪkθɹu	stɹaɪkθɹɔ	0.0	0.1111111111111111
strikethroughs	stɹæɪkθɹuz	stɹaɪkθɹuz	stɹaɪkθɹuz	stɹaɪkθɹɔs	compound	strike|throughs	0.1	0.1	0.3	stɹaɪkθɹuz	stɹaɪkθɹɔz	0.1	0.2
stringbeany	stɹɪŋbiːni	stɹɪŋbini	stɹɪŋbini	stɹɪŋbəni	compound	string|beany	0.0	0.0	0.1111111111111111	stɹɪŋbini	stɹɪŋbini	0.0	0.0
struckthrough	stɹʌkθɹu	stɹʌkθɹu	stɹʌkθɹu	stɹʌkθɹɔ	compound	struck|through	0.0	0.0	0.125	stɹʌkθɹu	stɹəkθɹɔ	0.0	0.25
struthonian	stɹuːθəʊnɪən	stɹuθəʊniən	stɹuθəʊniən	stɹuθəniən	compound	struth|oni|an	0.09090909090909091	0.09090909090909091	0.2	stɹutəʊ.ni.ən	stɹuθəʊniən	0.3076923076923077	0.09090909090909091
studentish	stjuːdntɪʃ	stjudəntɪʃ	studɛntɪʃ	studəntɪʃ	compound	student|ish	0.1	0.2222222222222222	0.2222222222222222	studəntɪʃ	studəntɪʃ	0.2222222222222222	0.2222222222222222
sturt	stɜːɹt	stuɹt	stɜt	stɚt	compound	stu|r|t	0.2	0.25	0.5	stɚt	stɝt	0.5	0.5
stylesheet	staɪlʃiːt	staɪlʃit	staɪlɪʃit	staɪlʃit	compound	style|sheet	0.0	0.1111111111111111	0.0	staɪlʃit	staɪlʃit	0.0	0.0
subalternate	səbɔːltəɹnət	sʌbɒltəneɪt	sʌbɔltɚneɪt	subəltɚneɪt	compound	subaltern|ate	0.45454545454545453	0.45454545454545453	0.5454545454545454	sʌbɔltəɹneɪt	səbɔltɝneɪt	0.25	0.36363636363636365
subclavius	səbkleɪviəs	sʌbkleɪviʌs	sʌbklævɪəs	sʌbkləviəs	compound	sub|c|lavi|us	0.18181818181818182	0.4	0.3	sʌbkleɪ.vi.əs	səbkleɪviəs	0.23076923076923078	0.0
subconjunctival	sʌbkɒndʒʌŋktaɪvəl	sʌbkɑndʒəŋktaɪvəl	sʌbkəndʒəŋktaɪvəl	sʌbkəndʒʌŋktɪvəl	compound	sub|conjunctival	0.11764705882352941	0.11764705882352941	0.125	sʌbkəndʒʌŋktəvəl	səbkɑndʒəŋktɪvəl	0.1875	0.25
subduce	səbdjuːs	sʌbdjus	sʌbdʒus	sʌbdus	compound	sub|duce	0.14285714285714285	0.2857142857142857	0.3333333333333333	sʌbdus	səbdus	0.3333333333333333	0.16666666666666666
subglenoid	səbɡlinɔɪd	sʌbglɛnɔɪd	sʌbɡəlnɔɪd	sʌbɡəlnɔɪd	compound	sub|glenoid	0.3	0.3	0.3	sʌbglənɔɪd	səbɡəlnɔɪd	0.3	0.2
subheaded	sʌbhɛdɪd	sʌbhɛdɪd	sʌbhɛdᵻd	sʌbhaɪdɪd	compound	sub|headed	0.0	0.125	0.2222222222222222	sʌbhɛdᵻd	səbhɛdɪd	0.125	0.125
subindication	sʌbɪndɪkeɪʃən	sʌbɪndɪkeɪʃən	sʌbaɪndɪkeɪʃən	subɪndɪkeɪʃən	compound	sub|indication	0.0	0.07142857142857142	0.07692307692307693	sʌbəndᵻkeɪʃən	səbɪndəkeɪʃən	0.15384615384615385	0.15384615384615385
subitize	sʌbɪtaɪz	sʌbɪtaɪz	sʌbɪtaɪz	subɪtaɪz	compound	sub|it|ize	0.0	0.0	0.125	sʌbətaɪz	subətaɪz	0.125	0.25
subjicible	sʌbdʒɪsɪbəl	sʌbdʒɪsibəl	sʌbdʒɪsᵻbəl	sʌbdʒɪsɪbəl	compound	subj|ici|ble	0.09090909090909091	0.09090909090909091	0.0	sʌbd͡ʒɪsɪbəl	səbdʒɪsəbəl	0.08333333333333333	0.18181818181818182
subliterate	sʌblɪtəɹət	sʌblɪtəɹət	sʌblɪɾɚɹeɪt	sʌblɪtɚeɪt	compound	sub|literate	0.0	0.36363636363636365	0.3	sʌblɪɾəɹət	səblɪtɝeɪt	0.1	0.4
subnect	sʌbnɛkt	sʌbnɛkt	sʌbnɛkt	sʌbnɪkt	compound	sub|nec|t	0.0	0.0	0.14285714285714285	sʌbnɛkt	səbnɛkt	0.0	0.14285714285714285
subperiosteal	sʌbpɛɹiɒstɪəl	sʌbpɛɹiɑstiəl	sʌbpɪɹiɑstiəl	sʌbpɚiəstəl	compound	sub|periosteal	0.15384615384615385	0.23076923076923078	0.36363636363636365	sʌbpɛɹiɑstiəl	səpɪɹiəʊstil	0.15384615384615385	0.5833333333333334
subpoenable	səpinəbəl	supinəbəl	sʌbpəʊnəbəl	sʌbpəʊnəbəl	compound	subpoena|ble	0.1111111111111111	0.36363636363636365	0.36363636363636365	səbpəʊ.ən.ə.bəl	səpəʊnəbəl	0.4666666666666667	0.2
subq	sʌbkjuː	sʌbkw	sʌbk	sʌbk	compound	sub|q	0.4	0.5	0.5	sʌbkw	səbk	0.4	0.75
subsampled	sʌbsæmpəld	sʌbsæmpəld	sʌbsæmpəld	sʌbsæmpəld	compound	subsample|d	0.0	0.0	0.0	sʌbsæmpəld	səbsæmpəld	0.0	0.1
subtile	sʌbtɪl	sʌbtaɪl	sʌbtaɪl	sʌbɪl	compound	sub|tile	0.14285714285714285	0.14285714285714285	0.2	sʌbtaɪl	səbtaɪl	0.14285714285714285	0.2857142857142857
subtilism	sʌbtɪlɪzəm	sʌbtɪlɪzəm	sʌbtɪlɪzəm	sʌbtɪlɪzəm	compound	sub|til|ism	0.0	0.0	0.0	sʌbtɪlɪzəm	səbtəlɪzəm	0.0	0.2
subtrihedral	sʌbtɹaɪhiːdɹəl	sʌbtɹaɪhidɹəl	sʌbtɹɪhidɹəl	sʌbɹaɪhɛdɹəl	compound	sub|trihedral	0.0	0.08333333333333333	0.16666666666666666	sʌbtɹəhidɹəl	səbtɹəhɛdɹəl	0.16666666666666666	0.3333333333333333
suburbian	səbɜːɹbiən	sʌbɜbiən	sʌbɜbiən	subɚbiən	compound	suburbia|n	0.25	0.25	0.375	səbɜɹbiən	səbɝbiən	0.0	0.25
succade	səkeɪd	səkeɪd	sʌkeɪd	sutʃeɪd	compound	suc|cade	0.0	0.16666666666666666	0.42857142857142855	sʌkeɪd	səkeɪd	0.16666666666666666	0.0
succame	səkeɪm	səkeɪm	sʌkeɪm	sʌkəm	compound	suc|came	0.0	0.16666666666666666	0.6	sʌkəmi	səkeɪm	0.6666666666666666	0.0
succussation	sʌkəseɪʃən	sʌkəseɪʃən	sʌkəseɪʃən	sʌkəseɪʃən	compound	succuss|ation	0.0	0.0	0.0	sʌkəseɪʃən	səkəseɪʃən	0.0	0.1
sucktastic	sʌktæstɪk	sʌktæstɪk	sʌkteɪstɪk	sʌktæstɪk	compound	suck|tastic	0.0	0.2	0.0	sʌktæstɪk	səktæstɪk	0.0	0.1111111111111111
sumithrin	suːmɪθɹɪn	sumiθɹɪn	sumɪθɹɪn	sumɪθɹɪn	compound	sumi|th|rin	0.125	0.0	0.0	sumɪθɹɪn	səmɪθɹɪn	0.0	0.125
summarisation	sʌməɹaɪzeɪʃən	səmɝaɪzeɪʃən	sʌmɚɹəzeɪʃən	sʌmɚɪseɪʃən	compound	summar|isation	0.25	0.25	0.36363636363636365	sʌməɹaɪzeɪʃən	səmɝəzeɪʃən	0.0	0.45454545454545453
sunami	suːnɑːmi	sʌnɑmi	sʌnɑmi	sunəmi	compound	sun|ami	0.16666666666666666	0.16666666666666666	0.16666666666666666	sunɑmi	sunɑmi	0.0	0.0
superalmighty	suːpəɹɔːlmaɪti	supəɹɒlmaɪti	supɚɹɔlmaɪɾi	supɚəlmaɪti	compound	super|almighty	0.08333333333333333	0.16666666666666666	0.2727272727272727	supəɹəlmaɪɾi	supɝəlmaɪti	0.16666666666666666	0.2727272727272727
superassassin	suːpəɹəsæsɪn	supəɹəsæsɪn	supɚɹəsæsɪn	supɚəsəsɪn	compound	super|assassin	0.0	0.09090909090909091	0.3	supəɹəsæsən	supɝəsæsɪn	0.09090909090909091	0.2
superblizzard	suːpəɹblɪzəd	supəɹblɪzəd	supɚblɪzɚd	supɚblɪzɚd	compound	super|blizzard	0.0	0.3	0.3	supəɹblɪzəɹd	supɝblɪzɝd	0.08333333333333333	0.3
superbolide	suːpəɹboʊlaɪd	supəɹbəʊlaɪd	supɚbɑlaɪd	supɚbəʊlaɪd	compound	super|bolide	0.0	0.4	0.18181818181818182	supəɹbəʊlaɪd	supɝbəlaɪd	0.0	0.3
superbombardment	suːpəɹbɒmbɑːdmənt	supəɹbəmbɑdmənt	supɚbəmbɑɹdmənt	supɚbɑmbɚdmənt	compound	super|bombardment	0.06666666666666667	0.26666666666666666	0.2857142857142857	supəɹbəmbɑɹdmənt	supɝbəmbɑɹdmənt	0.125	0.26666666666666666
supercannon	suːpəɹkænən	supəɹkænən	supɚkænən	supɚkənən	compound	super|cannon	0.0	0.2222222222222222	0.3333333333333333	supəɹkænən	supɝkænən	0.0	0.2222222222222222
supercelestial	supəɹsəlɛstiəl	supəɹsəlɛstjəl	supɚsəlɛstjəl	supɚsəlɛstiəl	compound	super|celestial	0.07142857142857142	0.23076923076923078	0.15384615384615385	supəɹsəlɛstjəl	supɝsəlɛstʃəl	0.07142857142857142	0.23076923076923078
superchron	suːpəɹkɹɒn	supəɹkɹɑn	supɚkɹɑn	supɚkɹən	compound	super|chron	0.1111111111111111	0.375	0.375	supəɹkɹɑn	supɝkɹɑn	0.1111111111111111	0.375
superconflagration	suːpəɹkɒnfləɡɹeɪʃən	supəɹkɒnfləɡɹeɪʃən	supɚkɑnfləɡɹeɪʃən	supɚkənfləɡɹeɪʃən	compound	super|conflagration	0.0	0.17647058823529413	0.17647058823529413	supəɹkɑnfləgɹeɪʃən	supɝkɑnfləɡɹeɪʃən	0.1111111111111111	0.17647058823529413
superconsequence	suːpəɹkɒnsɪkwəns	supəɹkɒnsɪkwəns	supɚkɑnsɪkwəns	supɚkənsəkwəns	compound	super|consequence	0.0	0.21428571428571427	0.2857142857142857	supəɹkɑnsəkwəns	supɝkɑnsəkwəns	0.13333333333333333	0.2857142857142857
superelite	suːpəɹɪliːt	supəɹɪlit	supɚɹɪlit	supɚɛlaɪt	compound	super|elite	0.0	0.1111111111111111	0.5555555555555556	supəɹɛlɪt	supɝəlaɪt	0.2222222222222222	0.5555555555555556
supereternally	suːpəɹɪtɜːɹnəli	supəɹɪtɜnəli	supɚɹɪtɜnəli	supɚɪtɚnəli	compound	super|eternally	0.08333333333333333	0.16666666666666666	0.36363636363636365	supəɹɪtɜɹnəli	supɝətɝnəli	0.0	0.45454545454545453
superexalted	suːpəɹɪɡzɔːltɪd	supəɹɛɡzɒltɪd	supɚɹɛɡzɑltᵻd	supɚɪɡzæltɪd	compound	super|exalted	0.15384615384615385	0.3076923076923077	0.25	supəɹɛgzɔltᵻd	supɝɪɡzɔltɪd	0.23076923076923078	0.16666666666666666
supergrand	suːpəɹɡɹænd	supəɹɡɹænd	supɚɡɹænd	supɚɡɹænd	compound	super|grand	0.0	0.2222222222222222	0.2222222222222222	supəɹgɹænd	supɝɡɹænd	0.1	0.2222222222222222
supergrandmaster	suːpəɹɡɹændmɑːstə	supəɹɡɹændmɑstə	supɚɡɹændmæstɚ	supɚɡɹændməstɚ	compound	super|grandmaster	0.0	0.2857142857142857	0.2857142857142857	supəɹgɹændmæstɚ	supɝɡɹændmæstɝ	0.2	0.2857142857142857
supergrowth	suːpəɹɡɹəʊθ	supəɹɡɹəʊθ	supɚɡɹəʊθ	supɚɡɹəθ	compound	super|growth	0.0	0.2222222222222222	0.375	supəɹgɹəʊθ	supɝɡɹəʊθ	0.1	0.2222222222222222
superinfinite	suːpəɹɪnfɪnɪt	supəɹɪnfɪnət	supɚɹɪnfɪnət	supɚɪnfɪnɪt	compound	super|infinite	0.08333333333333333	0.16666666666666666	0.18181818181818182	supəɹɪnfɪnət	supɝɪnfənaɪt	0.08333333333333333	0.3333333333333333
supermagnificent	suːpəɹmæɡnɪfəsənt	supəɹmæɡnɪfɪsənt	supɚmæɡnɪfɪsənt	supɚmæɡnɪfɪsənt	compound	super|magnificent	0.0625	0.2	0.2	supəɹmægnɪfəsənt	supɝmæɡnɪfɪsənt	0.0625	0.2
superomnipotence	suːpəɹɒmnɪpətəns	supəɹɒmnɪpəʊtəns	supɚɹɑmnɪpətəns	supɚɑmɪpəʊtəns	compound	super|omnipotence	0.0625	0.13333333333333333	0.35714285714285715	supəɹɑmnəpəʊtəns	supɝəmnɪpətəns	0.1875	0.21428571428571427
superomnipotent	suːpəɹɒmnɪpətənt	supəɹɒmnɪpəʊtənt	supɚɹɑmnɪpətənt	supɚɑmɪpəʊtənt	compound	super|omnipotent	0.0625	0.13333333333333333	0.35714285714285715	supəɹɑmnɪpəwənt	supɝəmnɪpətənt	0.13333333333333333	0.21428571428571427
superoverlord	suːpəɹəʊvəɹlɔːɹd	supəɹəʊvəlɔd	supɚɹəʊvɚlɔɹd	supɚəʊvɚlɚd	compound	super|overlord	0.16666666666666666	0.23076923076923078	0.5454545454545454	supəɹəʊvəɹlɔɹd	supɝəʊvɝlɔɹd	0.0	0.3333333333333333
superquintessence	suːpəɹkwɪntɛsəns	supəɹkwɪntɛsəns	supɚkwɪntɛsəns	supɚkwɪntɛsəns	compound	super|quintessence	0.0	0.14285714285714285	0.14285714285714285	supəɹkwɪntəsɛsən	supɝkwɪntɛsəns	0.1875	0.14285714285714285
supersecretive	suːpəɹsiːkɹɪtɪv	supɝsikɹɪtaɪv	supɚsikɹətɪv	supɚzɪkɹɪtɪv	compound	supersecret|ive	0.23076923076923078	0.25	0.3333333333333333	supəɹsikɹɪtɪv	supɝsɛkɹətɪv	0.0	0.3333333333333333
supersensitivity	suːpəɹsɛnsətɪvətiː	supəɹsɛnsɪtɪvɪti	supɚsɛnsɪtɪvᵻɾi	supɚzənzɪtɪvɪti	compound	super|sensitivity	0.125	0.3333333333333333	0.4666666666666667	supəɹsɛnsətɪvəɾi	supɝsɛnsətɪvɪti	0.0625	0.2
supersessionist	suːpəɹsɛʃənɪst	supəɹsɛʃənɪst	supɚsɛʃənɪst	supɚsɛʃənɪst	compound	supersession|ist	0.0	0.16666666666666666	0.16666666666666666	supəɹsɛʃənɪst	supɝsɛʃənɪst	0.0	0.16666666666666666
supersymmetric	suːpəsɪmɛtɹɪk	supəɹsɪmɛtɹɪk	supɚsɪmɛtɹɪk	supɚzɪmɛtɹɪk	compound	super|symmetric	0.07692307692307693	0.08333333333333333	0.16666666666666666	supəɹsɪmɛtɹɪk	supɝsɪmɛtɹɪk	0.07692307692307693	0.08333333333333333
supertiny	suːpəɹtaɪni	supəɹtaɪni	supɚtaɪni	supɚtɪni	compound	super|tiny	0.0	0.2222222222222222	0.375	supəɹtaɪni	supɝtini	0.0	0.5
supertranscendence	sjuːpəɹtɹæntsɛndəns	supəɹtɹænsɛndəns	supɚtɹænsɛndəns	supɚtɹænsɛndəns	compound	super|transcendence	0.125	0.26666666666666666	0.26666666666666666	supəɹtɹænsɛndəns	supɝtɹænsəndəns	0.125	0.3333333333333333
superunbelievable	suːpəɹʌnbəliːvəbl	supəɹʌnbɪlivəbəl	supɚɹʌnbᵻlivəbəl	supɚʌnbɛlivəbəl	compound	super|unbelievable	0.125	0.1875	0.26666666666666666	supəɹʌnbəlivəbəl	supɝənbəlivəbəl	0.0625	0.26666666666666666
superwave	suːpəɹweɪv	supəɹweɪv	supɚweɪv	supɚweɪv	compound	super|wave	0.0	0.25	0.25	supəɹweɪv	supɝweɪv	0.0	0.25
suppedaneum	sʌpɪdeɪnɪəm	sʌpteɪnʌm	səpɛdəniəm	sʌpdənum	compound	supped|ane|um	0.4444444444444444	0.5	0.625	sʌpədeɪniəm	səpədæniəm	0.18181818181818182	0.5
surfari	sɜːɹfɑːɹi	sɜfɑɹi	sɜfɑɹɹi	sɚfɑɹi	compound	surf|ari	0.16666666666666666	0.2857142857142857	0.3333333333333333	sɜɹfəɹi	sɝfɑɹi	0.14285714285714285	0.3333333333333333
surrect	səɹɛkt	sɝɹɛkt	sɚɹɛkt	sɚɪkt	compound	sur|rect	0.16666666666666666	0.16666666666666666	0.6	səɹɛkt	sɝɛkt	0.0	0.4
sursolid	sɜːɹsɒlɪd	sɝsɒlɪd	sɜsəlɪd	sɚsəlɪd	compound	sur|solid	0.2857142857142857	0.2857142857142857	0.42857142857142855	sɜɹsəlɪd	sɝsəlɪd	0.125	0.42857142857142855
surveyee	sɜːɹveɪiː	sɝveɪi	sɚveɪ	sɚvi	compound	survey|ee	0.3333333333333333	0.6	1.0	sɚveɪi	sɝveɪi	0.3333333333333333	0.3333333333333333
suspicable	səspɪkəbəl	səspikəbəl	səspɪkəbəl	sʌspɪkəbəl	compound	sus|pica|ble	0.1	0.0	0.1	səspɪkəbəl	səspɪkəbəl	0.0	0.0
sustainwash	səsteɪnwɒʃ	səsteɪnwɒʃ	səsteɪnwɑʃ	sʌsteɪnwɑʃ	compound	sustain|wash	0.0	0.1	0.2	səsteɪnwɑʃ	səsteɪnwɑʃ	0.1	0.1
swarve	swɔːɹv	swɔɹv	swɔɹv	swɔɹv	compound	s|warve	0.0	0.0	0.0	swɔɹv	swɔɹv	0.0	0.0
swatchel	swɒtʃəl	swɒtʃɛl	swɑtʃəl	swɔtʃəl	compound	swatch|el	0.14285714285714285	0.14285714285714285	0.14285714285714285	swɑtʃəl	swɑtʃəl	0.14285714285714285	0.14285714285714285
swazz	swæz	swɑz	swɑz	swɑz	compound	swa|zz	0.25	0.25	0.25	swɑz	swɑz	0.25	0.25
sweight	sweɪt	sweɪt	sweɪt	swaɪt	compound	s|weight	0.0	0.0	0.2	sweɪt	sweɪt	0.0	0.0
swike	swaɪk	swaɪk	swaɪk	swaɪk	compound	s|wike	0.0	0.0	0.0	swaɪk	swaɪk	0.0	0.0
swimrun	swɪmɹʌn	swɪmɹʌn	swɪmɹʌn	swɪmɹən	compound	swim|run	0.0	0.0	0.14285714285714285	swɪmɹʌn	swɪmɹən	0.0	0.14285714285714285
swoln	swoʊln	swəʊɛlɛn	swɑln	swɔln	compound	s|wo|ln	0.25	0.4	0.4	swəʊln	swəʊln	0.0	0.0
syllabicate	sɪlæbɪkeɪt	sɪlæbɪkeɪt	sɪlæbᵻkeɪt	sɪləbɪkeɪt	compound	syllabic|ate	0.0	0.1	0.1	sɪlæbɪkeɪt	səlæbəkeɪt	0.0	0.2
syllabics	sɪlæbɪks	sɪlæbɪks	sɪlæbɪks	sɪləbɪks	compound	syllabic|s	0.0	0.0	0.125	səlæbɪks	səlæbɪks	0.125	0.125
sylvanshine	sɪlvənʃeɪn	sɪlvənʃaɪn	sɪlvənʃaɪn	sɪlvænʃɪn	compound	sylvan|shine	0.1	0.1	0.2222222222222222	sɪlvənʃaɪn	sɪlvənʃaɪn	0.1	0.1
symbolful	sɪmbəlfʊl	sɪmbəlfʊl	sɪmbəlfəl	sɪmbəlfəl	compound	symbol|ful	0.0	0.1111111111111111	0.1111111111111111	sɪmbəlfəl	sɪmbəlfəl	0.1111111111111111	0.1111111111111111
symboloid	sɪmbəlɔɪd	sɪmbəlɔɪd	sɪmbəlɔɪd	sɪmbəʊlɔɪd	compound	symbol|oid	0.0	0.0	0.1	sɪmbəlɔɪd	sɪmbəlɔɪd	0.0	0.0
symposiac	sɪmpəʊziæk	sɪmpəʊziək	sɪmpəʊsiæk	sɪmpəʊsiək	compound	symposia|c	0.1	0.1	0.2	sɪmpəʊziæk	sɪmpəʊziæk	0.0	0.0
synaptonemal	sɪnæptəʊniːml	sɪnəptəʊnmæl	sɪnəptəʊnməl	saɪnæptəʊnməl	compound	syna|p|tone|mal	0.25	0.25	0.23076923076923078	sɪnæptənɛməl	sɪnæptəʊnəməl	0.25	0.15384615384615385
synarthrodial	sɪnɑːɹθɹəʊdiəl	saɪnɑɹθɹəʊdiæl	sɪnɑɹθɹəʊdɪəl	saɪnɚθɹəʊdiəl	compound	synar|th|rodi|al	0.14285714285714285	0.07692307692307693	0.23076923076923078	sənɑɹθɹədaɪəl	sɪnɝθɹəʊdiəl	0.3076923076923077	0.16666666666666666
synchysis	sɪnkəsɪs	sɪnkjsɪs	sɪŋkəsɪs	sɪntʃaɪzɪz	compound	synch|y|sis	0.125	0.125	0.6	sɪŋkəsɪs	sɪntʃəsɪs	0.125	0.2222222222222222
synclite	sɪŋklaɪt	sɪŋklaɪt	sɪŋklaɪt	sɪŋklaɪt	compound	sync|lite	0.0	0.0	0.0	sɪŋklaɪt	sɪnklaɪt	0.0	0.125
syncranterian	sɪŋkɹæntiɹiən	sɪŋkɹæntəɹiən	sɪŋkɹəntɪɹiən	sɪŋkɹæntɚiən	compound	sync|ranter|ian	0.07692307692307693	0.15384615384615385	0.16666666666666666	sɪŋkɹæntəɹiən	sɪnkɹæntɪɹiən	0.07692307692307693	0.15384615384615385
syncranteric	sɪŋkɹæntiɹik	sɪŋkɹæntəɹeɪ	sɪŋkɹəntɛɹɪk	sɪŋkɹæntɚɪk	compound	sync|ranter|ic	0.25	0.25	0.2727272727272727	sɪŋkɹæntəɹɪk	sɪnkɹæntɛɹɪk	0.16666666666666666	0.25
syndecan	sɪndəkæn	sɪndɛkən	sɪndɛkən	saɪndɪkən	compound	syn|decan	0.25	0.25	0.3333333333333333	sɪndɪkən	sɪndɪkən	0.25	0.25
syndesmotic	sɪndɛsmɒtɪk	sɪndɛsməʊtik	sɪndɪsmɑɾɪk	saɪndɪzmətɪk	compound	syn|des|moti|c	0.25	0.2727272727272727	0.3333333333333333	sɪndɛzmɑɾɪk	sɪndɪsmɑtɪk	0.2727272727272727	0.18181818181818182
syndesmotically	sɪndɛsmɒtɪkəli	sɪndɛsməʊtikæli	sɪndɪsmɑɾɪkli	saɪndɪzmətɪkəli	compound	syn|des|moti|cally	0.26666666666666666	0.3076923076923077	0.26666666666666666	sɪndɛzmɑɾɪkli	sɪndɪsmɑtɪkli	0.3076923076923077	0.23076923076923078
syndyastic	sɪndaɪæstɪk	sɪndaɪəstɪk	sɪndɪæstɪk	sɪndiæstɪk	compound	syn|dyas|tic	0.09090909090909091	0.1	0.2	sɪndɪəstɪk	sɪndiæstɪk	0.2	0.2
synechism	sɪnəkɪzəm	saɪntʃɪzəm	saɪnɪtʃɪzəm	saɪntʃɪzəm	compound	syne|chism	0.3	0.36363636363636365	0.3	sənɛkɪzəm	sɪnəkɪzəm	0.2222222222222222	0.0
syntheton	sɪnθətɒn	sɪnθitən	sɪnθɛtən	sɪnθɪtən	compound	synth|eton	0.25	0.25	0.25	sɪnθətən	sɪnθətən	0.125	0.125
syrtis	səɹtəz	səɹtɪz	sɪəɾiz	sɪɹtɪs	compound	syrt|is	0.16666666666666666	0.6666666666666666	0.5	sɚtɪs	sɝtɪs	0.8	0.8
systema	sɪsteɪmə	sɪstəmə	sɪstəmə	sɪstɛmə	compound	system|a	0.2857142857142857	0.2857142857142857	0.2857142857142857	sɪstəmə	sɪstimə	0.2857142857142857	0.2857142857142857
t'othersider	tʌðəɹsaɪdɚ	tʌðəɹsaɪdɝ	tiʌðɚsaɪdɚ	ʃʌðɚzɪdɚ	compound	tother|sider	0.1	0.3	0.625	tʌðəɹsaɪdəɹ	təðɝsaɪdɝ	0.18181818181818182	0.4444444444444444
tabiya	təbiːə	tɑbijə	tæbɪjə	teɪbijə	compound	tabi|ya	0.3333333333333333	0.5	0.42857142857142855	təbija	təbiə	0.3333333333333333	0.0
tablebook	teɪbəlbʊk	teɪbəlbʊk	teɪbəlbʊk	tæbəlbʊk	compound	table|book	0.0	0.0	0.25	teɪbəlbʊk	teɪbəlbʊk	0.0	0.0
tablescape	teɪbəlskeɪp	teɪbəlzkeɪp	teɪbəlskeɪp	tæbəlskeɪp	compound	tables|cape	0.09090909090909091	0.0	0.2	teɪbəlskeɪp	teɪbəlskeɪp	0.0	0.0
tacho	tækəʊ	tækəʊ	tækəʊ	tækəʊ	compound	tach|o	0.0	0.0	0.0	tætʃəʊ	tɑtʃəʊ	0.3333333333333333	0.5
tafsir	tɑːfsɪɚ	tɑfsiɹ	tæfsɪɹ	tæfsɚ	compound	ta|fsi|r	0.3333333333333333	0.3333333333333333	0.4	tæfsɪɹ	tæfsɝ	0.3333333333333333	0.6
tahina	tɑːhiːnə	tɑhɪnə	tæhɪnə	teɪɪnə	compound	ta|hin|a	0.16666666666666666	0.3333333333333333	0.5	təhinə	təhinə	0.16666666666666666	0.16666666666666666
tailbud	teɪlbʌd	teɪlbʌd	teɪlbʌd	teɪlbəd	compound	tail|bud	0.0	0.0	0.14285714285714285	teɪlbʌd	teɪlbəd	0.0	0.14285714285714285
tailhole	teɪlhəʊl	teɪlhəʊl	teɪlhəʊl	teɪlhəʊl	compound	tail|hole	0.0	0.0	0.0	teɪlhəʊl	teɪlhəʊl	0.0	0.0
takahē	tɑkəheɪ	tɑkəheɪ	tækɑh	teɪkəh	compound	[]	0.0	0.8	0.6666666666666666	tɑkəhe	təkɑhɛ	0.16666666666666666	0.6666666666666666
takeback	teɪkbæk	teɪkbæk	teɪkbæk	teɪkbæk	compound	take|back	0.0	0.0	0.0	teɪkbæk	teɪkbæk	0.0	0.0
talayot	təlɑːjəʊt	tɑləjəʊt	tæleɪɑt	təleɪət	compound	tala|yo|t	0.25	0.7142857142857143	0.42857142857142855	tæləjɑt	tæləjɑt	0.5714285714285714	0.5714285714285714
talliate	tælieɪt	tælieɪt	tælɪeɪt	tælieɪt	compound	talli|ate	0.0	0.14285714285714285	0.0	tælɪeɪt	tælieɪt	0.14285714285714285	0.0
tanghulu	tɑŋhuːluː	tæŋhulu	tæŋhulu	tæŋəlu	compound	tang|hulu	0.14285714285714285	0.14285714285714285	0.5	tæŋhulu	tæŋhulu	0.14285714285714285	0.14285714285714285
tanh	tæntʃ	tænh	tæn	tæn	compound	tan|h	0.5	0.6666666666666666	0.6666666666666666	tæn	tæn	0.6666666666666666	0.6666666666666666
taniwha	tʌnifɑ	tɑniwɑ	tænɪwə	tænɪwə	compound	tani|wha	0.3333333333333333	0.6666666666666666	0.6666666666666666	tænɪwə	tənɪwə	0.6666666666666666	0.6666666666666666
tannoy	tænɔɪ	tænɔɪ	tænɔɪ	tænɔɪ	compound	tann|oy	0.0	0.0	0.0	tænɔɪ	tænɔɪ	0.0	0.0
tanru	tænɹuː	tænɹu	tænɹu	tænɹu	compound	tan|ru	0.0	0.0	0.0	tænɹu	tænɹu	0.0	0.0
tantara	tæntəɹɑː	tæntæɹə	tæntɑɹɹə	tæntɑɹə	compound	tant|ara	0.2857142857142857	0.375	0.2857142857142857	tɑntɑɹə	tɑntɑɹə	0.42857142857142855	0.42857142857142855
tapetal	tæpɪtəl	tæpɪtæl	tæpɛɾəl	tæptəl	compound	tapet|al	0.14285714285714285	0.2857142857142857	0.16666666666666666	tæpəɾəl	teɪpətəl	0.2857142857142857	0.375
tappish	tæpɪʃ	tæpɪʃ	tæpɪʃ	tæpɪʃ	compound	tapp|ish	0.0	0.0	0.0	tæpɪʃ	tæpɪʃ	0.0	0.0
taqwa	tɑːkwɑː	tɑkwwɑ	tækwə	tækwə	compound	ta|q|wa	0.16666666666666666	0.4	0.4	tɑkwə	tækwə	0.2	0.4
taramosalata	tɑɹəməsəlɑːtə	tɑɹəməʊsɑlɑtə	tæɹəmɑzəlɑɾə	tɑɹəməʊsələtə	compound	tara|mo|salata	0.15384615384615385	0.3333333333333333	0.15384615384615385	tæɹəməʊsəlɑɾə	tɛɹəməʊsəlɑtə	0.23076923076923078	0.15384615384615385
tardlet	tɑːɹdlət	tɑɹdlɛt	tɑɹdlɪt	tɚdəlt	compound	tard|let	0.14285714285714285	0.14285714285714285	0.6666666666666666	tɑɹdlɪt	tɑɹdlɛt	0.14285714285714285	0.14285714285714285
tasswage	təsweɪdʒ	tæsweɪdʒ	tæswɪdʒ	tæsweɪɡ	compound	tass|wage	0.125	0.2857142857142857	0.42857142857142855	tæswɪdʒ	tæsweɪdʒ	0.2857142857142857	0.125
tatterara	tætəɹɑːɹɑː	tætəæɹə	tæɾɚɹɑɹɹə	tætɚɑɹə	compound	tatter|ara	0.42857142857142855	0.4444444444444444	0.42857142857142855	tɑtɚɑɹə	tætɝɑɹə	0.5714285714285714	0.42857142857142855
tavla	tævlɑː	tævlæ	tævlə	tævlə	compound	tav|la	0.2	0.2	0.2	tɑvlə	tævlə	0.4	0.2
tazemetostat	tæzɪmɛtəstæt	tæzimɛdəʊstæt	teɪzmɪtɑstæt	teɪzmitəʊstət	compound	taz|e|meto|stat	0.23076923076923078	0.4166666666666667	0.46153846153846156	tæzɛmətɑstæt	teɪzəmɛtəstæt	0.25	0.23076923076923078
teaboo	tiːəbuː	tibu	tibu	tibəʊ	compound	tea|boo	0.25	0.25	0.6	tibu	tibu	0.25	0.25
tearsheet	tɛəʃiːt	tɛɹʃit	tɪɹʃit	tɛɹʃit	compound	tear|sheet	0.16666666666666666	0.3333333333333333	0.16666666666666666	tɪɹʃit	tɪɹʃit	0.3333333333333333	0.3333333333333333
tebibyte	tɜbɪbaɪt	tibɪbaɪt	tɛbɪbaɪt	tɛbəbaɪt	compound	te|bibyte	0.125	0.125	0.25	tɛbɪbaɪt	tɛbəbaɪt	0.125	0.25
technopeasant	tɛknəʊpɛzənt	tɛknəʊpɛzənt	tɛknəʊpæsənt	tɛknəʊpisənt	compound	techno|peasant	0.0	0.16666666666666666	0.16666666666666666	tɛknəʊpɛzənt	tɛknəpizənt	0.0	0.18181818181818182
technopolis	tɛknɒpɒlɪs	tɛknəʊpəlɪs	tɛknɑpəliz	tɛknəpəʊlɪs	compound	techno|polis	0.2727272727272727	0.4	0.2727272727272727	tɛknəpəlɪs	tɛknɑpəlɪs	0.2	0.2
teep	tiːp	tip	tip	tip	compound	tee|p	0.0	0.0	0.0	tip	tip	0.0	0.0
tefilla	təfɪlə	tifɪlə	tɛfɪlə	tɛfɪlə	compound	te|filla	0.16666666666666666	0.16666666666666666	0.16666666666666666	tɪfɪlə	tɛfɪlə	0.16666666666666666	0.16666666666666666
teh	tɛ	tih	teɪ	t	compound	te|h	0.6666666666666666	0.6666666666666666	1.0	tɛ	tɛ	0.0	0.0
tela	tiːlə	tɛlə	tɛlə	tɛlə	compound	tel|a	0.25	0.25	0.25	tɛlə	tɛlə	0.25	0.25
telarly	tiːləɹli	tɛlɑɹlɪ	tɛlɚli	tɛlɚli	compound	tel|ar|ly	0.42857142857142855	0.5	0.5	tɛləɹli	tɛlɝli	0.14285714285714285	0.5
telary	tiːləɹi	tɛlɛɹi	tɛlɚɹi	tɛlɚi	compound	tel|ary	0.3333333333333333	0.3333333333333333	0.6	tɛləɹi	tɛlɝi	0.16666666666666666	0.6
telecabin	tɛlɪkæbɪn	tɛləkæbɪn	tɛlᵻkæbɪn	tɛlɪkəbɪn	compound	tele|cabin	0.1111111111111111	0.1111111111111111	0.1111111111111111	tɛləkæbɪn	tɛləkəbɪn	0.1111111111111111	0.2222222222222222
telekong	tələkoŋ	tɛləkɔŋ	tɛlᵻkɑŋ	tɛlkɔŋ	compound	tele|kong	0.2857142857142857	0.42857142857142855	0.5	tɛləkɔŋ	tɛləkɔŋ	0.2857142857142857	0.2857142857142857
telekung	tələkuŋ	tɛləkəŋ	tɛlᵻkʌŋ	tɛlkʌŋ	compound	tele|kung	0.2857142857142857	0.42857142857142855	0.5	tɛləkʊŋ	tɛləkəŋ	0.2857142857142857	0.2857142857142857
teleophyte	tɛliːəʊfaɪt	tɛləəʊfaɪt	tɛlᵻəfaɪt	tɛləʊfaɪt	compound	tele|ophyte	0.1	0.2222222222222222	0.1111111111111111	tɛləfaɪt	tɛləfaɪt	0.25	0.25
telepathetically	tɛləpəθɛtɪkli	tɛləpəθɛtɪkælaɪ	tɛlᵻpəθɛɾɪkli	tɛləpæθɛtɪkəli	compound	telepathetic|ally	0.2	0.15384615384615385	0.14285714285714285	tɛləpəθɛɾɪkli	tɛləpəθɛtɪkli	0.07692307692307693	0.0
teleporter	tɛlɪpɔːɹtɚ	tɛləpɔɹtɜ	tɛlᵻpoɹɾɚ	tɛləpɚtɚ	compound	teleport|er	0.2222222222222222	0.3333333333333333	0.375	tɛlᵻpɔɹɾəɹ	tɛləpɔɹtɝ	0.4	0.2222222222222222
teletsunami	tɛlətsunɑːmi	tɛlətsunɑmi	tɛlᵻtsənɑmi	tɛlətsʌnəmi	compound	tele|tsunami	0.0	0.18181818181818182	0.18181818181818182	tɛlətsunɑmi	tɛlətsunɑmi	0.0	0.0
telish	tɛlɪʃ	tɛlɪʃ	tɛlɪʃ	tɛlɪʃ	compound	tel|ish	0.0	0.0	0.0	tɛlɪʃ	tɛlɪʃ	0.0	0.0
telmisartan	tɛlmɪsɑɹtən	tɛlmɪsɑɹtæn	tɛlmɪsɑɹtən	tɛlmɪsɑɹtən	compound	tel|mi|sartan	0.09090909090909091	0.0	0.0	tɛlmɪs.ətæn	tɛlmɪsɑɹtən	0.2727272727272727	0.0
telyn	tɛlɪn	tɛlɪn	tɛlɪn	tɛlən	compound	tel|yn	0.0	0.0	0.2	tɛlɪn	tɛlɪn	0.0	0.0
temenos	tɛmənɒs	timnəʊz	tɛminəʊz	tɛmənəʊz	compound	teme|nos	0.7142857142857143	0.5	0.375	tɛmənəʊz	tɛminəʊz	0.375	0.5
templatize	tɛmplətaɪz	tɛmplætaɪz	tɛmplətaɪz	tɛmplətaɪz	compound	temp|lat|ize	0.1	0.0	0.0	tɛmplətaɪz	tɛmplətaɪz	0.0	0.0
temporales	tɛmpəɹeɪliz	tɛmpəɹəliz	tɛmpoɹeɪlz	tɛmpɚəlz	compound	temporal|es	0.2	0.2	0.625	tɛmpəɹɑlz	tɛmpɝɑlɛs	0.3333333333333333	0.6666666666666666
temporostructural	tɛmpəɹoʊstɹʌktʃəɹəl	tɛmpəʊɹəʊstɹʌktʃəɹəl	tɛmpoɹəstɹʌktʃɚɹəl	tɛmpɚɔstɹʌktʃɚəl	compound	tempo|ro|structural	0.05	0.16666666666666666	0.375	tɛmpəɹəʊstɹʌktʃəɹəl	tɛmpɝəstɹəktʃɝəl	0.0	0.375
tenacle	tɛnəkəl	tɛnəkəl	tɛnəkəl	tɛnəkəl	compound	tena|cle	0.0	0.0	0.0	tɛnəkəl	tɛnəkəl	0.0	0.0
tenebrism	tɛnəbɹɪzəm	tɛnɛbɹɪzəm	tɛnɪbɹɪzəm	tɛnəbɹɪzəm	compound	ten|eb|r|ism	0.1	0.1	0.0	tɛnəbɹɪzəm	tɛnəbɹɪzəm	0.0	0.0
tenent	tɛnɛnt	tɛnɛnt	tɛnənt	tɛnənt	compound	ten|ent	0.0	0.16666666666666666	0.16666666666666666	tɛnənt	tɛnənt	0.16666666666666666	0.16666666666666666
teneral	tɛnəɹəl	tɛnɛɹəl	tɛnɚɹəl	tɛnɚəl	compound	tenera|l	0.14285714285714285	0.14285714285714285	0.3333333333333333	tɛnɚəl	tɛnɝəl	0.3333333333333333	0.3333333333333333
tenné	tɛni	tɛni	tɛneɪ	tɛn	compound	[]	0.0	0.4	0.3333333333333333	tɛni	tɛneɪ	0.0	0.4
tentatives	tɛntətɪvs	tɛntətɪvs	tɛntətɪvz	tɛntətɪvz	compound	tentative|s	0.0	0.1111111111111111	0.1111111111111111	tɛntətɪvz	tɛntətɪvz	0.1111111111111111	0.1111111111111111
tenten	tɛntɛn	tɛntɛn	tɛnn	tɛntən	compound	tent|en	0.0	0.5	0.16666666666666666	tɛntən	tɛntən	0.16666666666666666	0.16666666666666666
terfenadine	tɜːɹfɛnədɪn	tɜɹfɛnədaɪn	tɜfənædin	tɚfənədɪn	compound	terf|ena|dine	0.09090909090909091	0.4444444444444444	0.3333333333333333	tɜɹfənədin	tɝfənədin	0.2	0.4444444444444444
termless	tɝmlɪs	tɜmles	tɜmləs	tɚmlɛs	compound	term|less	0.3333333333333333	0.3333333333333333	0.3333333333333333	tɜɹmləs	tɝmləs	0.42857142857142855	0.16666666666666666
terr	tɜːɹ	tɝɹ	tɛɹ	tɛɹ	compound	ter|r	0.3333333333333333	0.3333333333333333	0.3333333333333333	tɛɹ	tɛɹ	0.3333333333333333	0.3333333333333333
testaceotheology	tɛstəsioʊθiɒlədʒi	tɛstəsiiəʊθɪɒlədʒi	tɛsteɪsɑθɪɑlədʒi	tɛsteɪsəʊthəʊlədʒi	compound	testa|ceo|theology	0.1111111111111111	0.4375	0.3888888888888889	tɛstəsiəθiəlɑdʒi	tɛstəsiəʊθiɑlədʒi	0.1875	0.058823529411764705
testbank	tɛstbæŋk	tɛstbæŋk	tɛstbæŋk	tɛstbæŋk	compound	test|bank	0.0	0.0	0.0	tɛstbæŋk	tɛstbæŋk	0.0	0.0
testcross	tɛstkɹɒs	tɛstkɹɒs	tɛstkɹɔs	tɛstkɹəs	compound	test|cross	0.0	0.125	0.125	tɛstkɹɔs	tɛstkɹɔs	0.125	0.125
teste	tɛsti	tɛsti	tɛst	tɛst	compound	test|e	0.0	0.25	0.25	tɛsti	tɛst	0.0	0.25
testification	tɛstɪfɪkeɪʃən	tɛstɪfɪkeɪʃən	tɛstɪfɪkeɪʃən	tɛstɪfɪkeɪʃən	compound	test|ification	0.0	0.0	0.0	tɛstɪfɪkeɪʃən	tɛstəfəkeɪʃən	0.0	0.15384615384615385
testudine	tɛstjʊdaɪn	tɛstədaɪn	tɛstudin	tɛstudɪn	compound	test|u|dine	0.2222222222222222	0.5	0.375	tɛstudin	tɛstədin	0.5	0.5
tetrachloroethylene	tɛtɹaklɔːɹəʊɛθɪliːn	tɛtɹətʃlɔɹəʊɛθɪlin	tɛtɹəkloɹəʊɛθɪlin	tɛtɹətʃlɔɹəʊθaɪlin	compound	tetra|ch|loro|ethylene	0.16666666666666666	0.11764705882352941	0.2777777777777778	tɛtɹəklɔɹəʊɛθəlin	tɛtɹəklɝəʊθəlin	0.11764705882352941	0.3333333333333333
tetracontagon	tɛtɹəkɑntæɡɑn	tɛtɹəkɒntæɡɒn	tɛtɹəkɔntæɡən	tɛtɹəkəntəɡən	compound	tetra|con|tag|on	0.15384615384615385	0.15384615384615385	0.23076923076923078	tɛtɹəkɑntəgən	tɛtɹəkɑntəɡən	0.23076923076923078	0.15384615384615385
tetradifon	tɛtɹədaɪfɒn	tɛtɹædɪfɒn	tɛtɹədɪfən	tɛtɹædɪfən	compound	tetrad|if|on	0.2	0.2	0.3	tɛtɹədɪfən	tɛtɹædəfɑn	0.2	0.4
tetradrachm	tɛtɹədɹæm	tɛtɹədɹæm	tɛtɹədɹætʃəm	tɛtɹədɹækm	compound	tetra|drachm	0.0	0.25	0.1	tɛtɹədɹæm	tɛtɹədɹækm	0.0	0.1
tetramethrin	tɛtɹəmɛθɹɪn	tɛtɹəmɛθɹɪn	tɛtɹəmɛθɹɪn	tɛtɹəmɛθɹɪn	compound	tetra|meth|rin	0.0	0.0	0.0	tɛtɹəmɛθɹɪn	tɛtɹəməθɹɪn	0.0	0.09090909090909091
tetraoxane	tɛtɹəɒkseɪn	tɛtɹəɒkseɪn	tɛtɹeɪɑkseɪn	tɛtɹəən	compound	tetra|ox|ane	0.0	0.25	0.7142857142857143	tɛtɹəɑkseɪn	tɛtɹəɑkseɪn	0.09090909090909091	0.09090909090909091
tetraoxanes	tɛtɹəɒkseɪnz	tɛtɹəɒkseɪns	tɛtɹeɪɑkseɪnz	tɛtɹəənz	compound	tetra|ox|ane|s	0.08333333333333333	0.23076923076923078	0.625	tɛtɹəɑkseɪnz	tɛtɹəɑksənz	0.08333333333333333	0.2727272727272727
tetraples	tɛtɹəpləs	tɛtɹəpəls	tɛtɹæpəlz	tɛtɹəpəlz	compound	tetra|ple|s	0.2222222222222222	0.4444444444444444	0.3333333333333333	tɛtɹəpəlz	tɛtɹəpəlz	0.3333333333333333	0.3333333333333333
tetrasyllabic	tɛtɹəsɪlæbɪk	tɛtɹəsɪlæbɪk	tɛtɹəsɪlæbɪk	tɛtɹəsɪləbɪk	compound	tetra|syllabic	0.0	0.0	0.08333333333333333	tɛtɹəsɪlæbɪk	tɛtɹəsəlæbɪk	0.0	0.08333333333333333
tetratheism	tɛtɹəθiɪzəm	tɛtɹəθiɪzəm	tɛtɹeɪθɪɪzəm	tɛtɹəθaɪzm	compound	tetra|theism	0.0	0.25	0.2	tɛtɹəθiɪzəm	tɛtɹəθiɪzəm	0.0	0.0
tetratheist	tɛtɹəθiɪst	tɛtɹəθiɪst	tɛtɹeɪθɪɪst	tɛtɹəθaɪst	compound	tetra|theist	0.0	0.2727272727272727	0.1	tɛtɹəθiɪst	tɛtɹəθaɪɪst	0.0	0.18181818181818182
tetravalency	tɛtɹəveɪlənsi	tɛtɹəveɪlnsi	tɛtɹəvələnsi	tɛtɹəvələnsi	compound	tetra|valency	0.08333333333333333	0.16666666666666666	0.16666666666666666	tɛtɹəveɪlənsi	tɛtɹəvælənsi	0.0	0.16666666666666666
textrine	tɛkstɹaɪn	tɛkstɹaɪn	tɛkstɹin	tɛkstɹaɪn	compound	text|rine	0.0	0.25	0.0	tɛkstɹɪn	tɛkstɹaɪn	0.125	0.0
th'are	ðɑːɹ	θɑi	tieɪtʃɛɹ	θɚ	compound	thar|e	0.6666666666666666	0.875	1.5	ðɑɹ	θɛɹ	0.0	0.6666666666666666
tha	ðaː	θə	θɑ	θə	compound	th|a	1.0	1.0	1.0	θə	ðɑ	1.0	0.5
thack	θæk	θæk	θæk	θæk	compound	th|ack	0.0	0.0	0.0	θæk	θæk	0.0	0.0
thanadar	tɑːnədɑː	tɑnədɑɹ	θænədɑɹ	θənədɚ	compound	thana|dar	0.14285714285714285	0.42857142857142855	0.5	θænədɑɹ	θænədɑɹ	0.42857142857142855	0.42857142857142855
thanakha	tanaka	tɑnəkhɑ	θænækə	θænɑkə	compound	thana|k|ha	0.5714285714285714	0.6666666666666666	0.6666666666666666	θɑnəkə	θənɑkə	0.6666666666666666	0.6666666666666666
thanatocoenose	θənætəʊsiːnəʊs	tɑnətəʊkəʊinəsi	θænətɑkəʊnəʊz	θænətəkəʊnəʊz	compound	thana|toco|enos|e	0.5333333333333333	0.5384615384615384	0.46153846153846156	θənətəʊ.kənəʊz	θænətəʊkəʊnəʊz	0.35714285714285715	0.42857142857142855
thash	ðæʃ	θæʃ	θæʃ	θæʃ	compound	th|ash	0.3333333333333333	0.3333333333333333	0.3333333333333333	θæʃ	θæʃ	0.3333333333333333	0.3333333333333333
that're	ðətɚ	ðætɹeɪ	ðæɾɚ	θætɹ	compound	that|re	0.6666666666666666	0.5	0.75	ðætɚ	θætɝ	0.25	0.75
theaism	θiːəɪzəm	θiəɪzəm	θiəɪzəm	θiaɪzm	compound	thea|ism	0.0	0.0	0.3333333333333333	θiəɪzəm	θiɪzəm	0.0	0.16666666666666666
theinism	θiːɪnɪzəm	θaɪnɪzəm	θeɪnɪzəm	θaɪnɪzəm	compound	thein|ism	0.125	0.125	0.125	θaɪnɪzəm	θaɪnɪzəm	0.125	0.125
them's	ðɛms	ðɛms	ðɛmz	θɛmz	compound	them|s	0.0	0.25	0.5	ðɛmz	ðɛmz	0.25	0.25
therebehind	ðɛəbɪhaɪnd	ðeəbɪhaɪnd	ðɛɹbɛhaɪnd	θɚbhɪnd	compound	there|behind	0.1	0.2	0.7142857142857143	ðɛɹbəhɪnd	θɛɹbɪhaɪnd	0.3333333333333333	0.2
thermantidote	θɜːmæntɪdəʊt	θɜmæntɪdəʊt	θɜməntɪdəʊt	θɚməntɪdəʊt	compound	therm|antidote	0.0	0.09090909090909091	0.18181818181818182	θɜɹmæntɪdəʊt	θɝmæntədəʊt	0.08333333333333333	0.18181818181818182
thermoception	θɜːɹməʊsɛpʃən	θɝməʊsɛpʃən	θɜməsɛpʃən	θɚməʊsɛpʃən	compound	thermo|cep|tion	0.18181818181818182	0.2	0.18181818181818182	θɜɹməsɛpʃən	θɝməsɛpʃən	0.09090909090909091	0.3
thermoelectrics	θɜːɹməʊɪlɛktɹɪks	θɜɹməʊəlɛktɹɪks	θɜməʊɪlɛktɹɪks	θɚməʊlɛktɹɪks	compound	thermoelectric|s	0.06666666666666667	0.07142857142857142	0.23076923076923078	θɜɹməʊəlɛktɹɪks	θɝməʊɪlɛktɹɪks	0.06666666666666667	0.14285714285714285
thermophily	θɜːɹmɒflɪi	θɜɹməfɪlj	θɜməfili	θɚməfəli	compound	thermophil|y	0.4444444444444444	0.5	0.625	θɜɹməfəli	θɝməfəli	0.3333333333333333	0.625
thermosonic	θɜːɹmoʊsɒnɪk	θɝməʊsɒnɪk	θɜməsɑnɪk	θɚməʊsənɪk	compound	thermo|sonic	0.2	0.3333333333333333	0.3	θɜɹməsɑnɪk	θɝməsɑnɪk	0.2	0.4444444444444444
thermosonically	θɜːɹmoʊsɒnɪkli	θɝməʊsɒnɪkli	θɜməsɑnɪkli	θɚməʊsənɪkəli	compound	thermo|sonically	0.16666666666666666	0.2727272727272727	0.3076923076923077	θɜɹməsɑnəkəli	θɝməsɑnɪkli	0.3076923076923077	0.36363636363636365
therophyte	thɪəɹəʊfaɪt	ðəɹəʊfaɪt	ðɚɹɑfaɪt	θɛɹəfaɪt	compound	the|ro|phyte	0.3333333333333333	0.75	0.625	θɪəfaɪt	θɛɹəfaɪt	0.7142857142857143	0.625
these're	ðizɚ	ðizɹeɪ	ðizɚ	θizzɹi	compound	these|re	0.5	0.0	0.6666666666666666	ðizɚ	θɛzɝ	0.0	0.75
these've	ðizəv	ðizvi	ðizəv	θizzv	compound	these|ve	0.4	0.0	0.4	ðizəv	θisiv	0.0	0.6
thetan	θeɪtən	θitən	θɛtən	θɛtən	compound	theta|n	0.4	0.4	0.4	θitən	θitən	0.4	0.4
they'd've	ðeɪdəv	ðeɪdvi	θeɪdəv	θaɪɪdɪv	compound	theyd|ve	0.3333333333333333	0.16666666666666666	0.5714285714285714	ðeɪdəv	θeɪdəv	0.0	0.16666666666666666
thinko	θɪŋkəʊ	θɪŋkəʊ	θɪŋkəʊ	θɪŋkəʊ	compound	think|o	0.0	0.0	0.0	θɪŋkəʊ	θɪŋkəʊ	0.0	0.0
this'd	ðɪsəd	ðɪsd	ðɪsd	θɪzd	compound	this|d	0.25	0.25	0.75	ðɪsd	θɪst	0.25	0.75
this's	ðɪz	ðɪs	ðɪsᵻz	θɪzz	compound	this|s	0.3333333333333333	0.4	0.5	ðɪsɪz	θɪsɪz	0.4	0.6
this've	ðɪsəv	ðɪsvi	ðɪsəv	θɪsɪv	compound	this|ve	0.4	0.0	0.4	ðɪsv	θɪsəv	0.25	0.2
thlipsis	θlɪpsɪs	θlɪpsɪz	tieɪtʃlɪpsɪs	θlɪpsɪz	compound	th|lips|is	0.14285714285714285	0.5	0.14285714285714285	θlɪpsɪs	θlɪpsɪs	0.0	0.0
thneed	θniːd	θnid	tieɪtʃnid	θnid	compound	th|need	0.0	0.6666666666666666	0.0	θnid	θnid	0.0	0.0
thnetopsychism	θnɛtəsaɪkɪzəm	θnɛtəʊsaɪkɪzəm	tieɪtʃnɛɾəsaɪkɪzəm	θnɪtəpsɪtʃɪzəm	compound	th|neto|psychism	0.07142857142857142	0.3888888888888889	0.35714285714285715	θənɛɾəsaɪkɪzəm	θnətɑpsikɪzəm	0.14285714285714285	0.38461538461538464
thongy	θɒŋi	θɒŋj	θɑŋi	θɔŋi	compound	thong|y	0.25	0.25	0.25	θɑndʒi	θɑŋi	0.6666666666666666	0.25
those're	ðoʊzɚ	ðəʊzɹeɪ	ðəʊzɚ	θəʊzzɹi	compound	those|re	0.42857142857142855	0.0	0.5714285714285714	ðəʊzɚ	θəʊzɝ	0.0	0.4
those've	ðoʊzəv	ðəʊzvi	ðəʊzəv	θəʊzzv	compound	those|ve	0.3333333333333333	0.0	0.3333333333333333	ðəʊzəv	θəʊsəv	0.0	0.3333333333333333
thou'dst	ðaʊtst	ðədseɪnt	θədst	θədst	compound	thou|d|st	0.5	0.4	0.4	ðədst	θədst	0.2	0.4
thou'lt	ðaʊlt	ðəʊʌlt	θəlt	θəzlt	compound	tho|ult	0.3333333333333333	0.25	0.4	ðəlt	θult	0.0	0.5
thou'rt	ðaʊɹt	ðəɹt	θəət	θəɚt	compound	thou|r|t	0.0	0.5	0.5	ðəɚt	θəɹt	0.25	0.25
thou'st	ðaʊst	ðəzt	θəst	θəzt	compound	thous|t	0.25	0.25	0.5	ðəst	θəst	0.0	0.25
thran	θɹæn	θɹæn	θɹæn	θɹən	compound	th|ran	0.0	0.0	0.25	θɹæn	θɹæn	0.0	0.0
threapt	θɹiːpt	θɹipt	θɹipt	θɹəpt	compound	threap|t	0.0	0.0	0.2	θɹipt	θɹipt	0.0	0.0
threeawn	θɹiːɔːn	θɹiɔn	θɹiɔn	θɹiən	compound	three|awn	0.0	0.0	0.2	θɹiən	θɹiɔn	0.2	0.0
thrid	θɹɪd	θɹɪd	θɹɪd	θɹɪd	compound	th|rid	0.0	0.0	0.0	θɹɪd	θɹɪd	0.0	0.0
thrombocythemia	θɹɒmbəʊsaɪθiːmɪə	θɹɑmbəʊsaɪðɛmiə	θɹɑmbəsɪθimiə	θɹɑmbəsɪθɛmiə	compound	throm|bo|cy|them|ia	0.26666666666666666	0.3076923076923077	0.38461538461538464	θɹɑmbəsaɪθimiə	θɹɑmbəʊsɪθimiə	0.21428571428571427	0.21428571428571427
thukpa	tʊkpɑː	θukpɑ	θʌkpə	θʌkpə	compound	th|uk|pa	0.4	0.6	0.6	θʌkpə	θəkpə	0.6	0.6
thunderstricken	θʌndəɹstɹɪkən	θʌndəstɹɪkən	θʌndɚstɹɪkən	θʌndɚstɹɪkən	compound	thunder|stricken	0.08333333333333333	0.16666666666666666	0.16666666666666666	θʌndəɹstɹɪkən	θəndɝstɹɪkən	0.0	0.25
thymidylyl	θaɪmɪdɪlɪl	θaɪmaɪdɪlɪl	θaɪmɪdɪlɪl	θaɪmɪdələl	compound	thymi|dy|ly|l	0.09090909090909091	0.0	0.2	θɪmɪdɪlɪl	θɪmədələl	0.1111111111111111	0.4444444444444444
thysen	ðɪsɛn	ðaɪsɛn	θaɪsən	θaɪzən	compound	thy|sen	0.16666666666666666	0.5	0.6666666666666666	θaɪsən	θaɪsən	0.5	0.5
tiazofurin	taɪeɪzəʊfjʊəɹɪn	taɪɑzəʊfɜɪn	tiəzɑfjʊɹɹɪn	tiɑzəʊfɚɪn	compound	ti|azo|fur|in	0.5454545454545454	0.5833333333333334	0.8	taɪəzəfɜɹɪn	tiəzəʊfʊɹɪn	0.5454545454545454	0.5454545454545454
tigrine	taɪɡɹaɪn	tɪɡɹaɪn	taɪɡɹin	tɪɡɹɪn	compound	tig|rine	0.14285714285714285	0.2857142857142857	0.3333333333333333	tɪgɹin	tɪɡɹin	0.6666666666666666	0.5
tilework	taɪlwɜːk	taɪlwɜk	taɪlwɜk	tɪlwɚk	compound	tile|work	0.0	0.0	0.3333333333333333	taɪlwɜɹk	taɪlwɝk	0.125	0.14285714285714285
timbral	tɪmbɹəl	tɪmbɹəl	tɪmbɹəl	tɪmbɹəl	compound	timb|ral	0.0	0.0	0.0	tɪmbɹəl	tɪmbɹəl	0.0	0.0
timeslice	taɪmslaɪs	taɪmzlaɪs	taɪmslɪs	taɪmslɪs	compound	times|lice	0.1111111111111111	0.125	0.125	taɪmslaɪs	taɪmslaɪs	0.0	0.0
timidous	tɪmɪdəs	tɪmɪdəs	tɪmɪdəs	tɪmɪdɔs	compound	timid|ous	0.0	0.0	0.14285714285714285	tɪmədəs	tɪmədəs	0.14285714285714285	0.14285714285714285
timist	taɪmɪst	tɪmɪst	tɪmɪst	tɪmɪst	compound	tim|ist	0.16666666666666666	0.16666666666666666	0.16666666666666666	taɪmɪst	taɪmɪst	0.0	0.0
tintamar	tɪntəmɑːɹ	tɪntəmɑ	tɪntæmɚ	tɪntəmɚ	compound	tinta|mar	0.14285714285714285	0.42857142857142855	0.2857142857142857	tɪntəmɑɹ	tɪntəmɑɹ	0.0	0.0
tittytainment	tɪtiteɪnmənt	tɪtiteɪnmɛnt	tɪɾɪteɪnmənt	tɪtiteɪnmənt	compound	titty|tain|ment	0.08333333333333333	0.16666666666666666	0.0	tɪɾiteɪnmənt	tɪtiteɪnmənt	0.08333333333333333	0.0
tivoization	tiːvəʊɪzeɪʃən	tɪvəʊaɪzeɪʃən	tivəʊᵻzeɪʃən	tɪvɔɪzeɪʃən	compound	tivo|ization	0.15384615384615385	0.08333333333333333	0.2727272727272727	tɪvwəzeɪʃən	tɪvɔɪzeɪʃən	0.36363636363636365	0.2727272727272727
tiyn	tiːjɪn	taɪɪn	tɪɪn	taɪən	compound	ti|yn	0.4	0.5	0.6	taɪɪn	taɪn	0.4	0.5
to've	tuːəv	təʊvi	tʊəv	təʊv	compound	tov|e	0.6	0.25	0.5	təʊv	təʊv	0.5	0.5
toastiness	təʊstɪnəs	təʊstɪnɪs	təʊstinəs	təʊstɪns	compound	toast|ines|s	0.1111111111111111	0.1111111111111111	0.125	təʊstinɪs	təʊstinəs	0.2222222222222222	0.1111111111111111
tobeat	təbiːt	təʊbæt	təʊbæt	təʊbət	compound	tobe|at	0.3333333333333333	0.3333333333333333	0.3333333333333333	təʊbiət	təʊbit	0.2857142857142857	0.16666666666666666
tobiano	təʊbiɑːnəʊ	təʊbiənəʊ	təʊbiɑnəʊ	təʊbiənəʊ	compound	tobia|no	0.1111111111111111	0.0	0.1111111111111111	təʊbiɑnəʊ	təʊbiɑnəʊ	0.0	0.0
tolazamide	təlæzəmaɪd	təʊləzəmaɪd	tɑləzæmaɪd	təʊləzəmaɪd	compound	tola|z|amide	0.18181818181818182	0.3	0.18181818181818182	təlæz.əmaɪd	tɑləzæməd	0.09090909090909091	0.5555555555555556
tolpropamine	tɒlpɹəʊpəmiːn	tɔlpɹɒpəmin	təlpɹɑpəmin	tɔlpɹəpəmɪn	compound	tol|prop|amine	0.2727272727272727	0.2727272727272727	0.2727272727272727	tɒlpɹəpeɪmin	təʊlpɹəʊpæmən	0.25	0.3076923076923077
tombmate	tuːmmeɪt	tummeɪt	tummeɪt	tɑmbmeɪt	compound	tomb|mate	0.0	0.0	0.25	tumeɪt	tɑmmeɪt	0.16666666666666666	0.14285714285714285
tongzhi	tɔŋdʒə	tɒŋdʒi	tɑŋʒaɪ	tɑndʒtsi	compound	tong|zhi	0.3333333333333333	0.6666666666666666	0.625	tɔŋdʒi	tɑŋʒi	0.16666666666666666	0.6
tonlet	tɔnlɛt	tʌnlɛt	tɑnlɪt	tɑnlɪt	compound	ton|let	0.16666666666666666	0.3333333333333333	0.3333333333333333	tɑnlɪt	tɑnlət	0.3333333333333333	0.3333333333333333
tonous	təʊnəs	tʌnəs	tɑnəs	tɑnəʊs	compound	ton|ous	0.4	0.4	0.5	təʊnəs	təʊnəs	0.0	0.0
toodles	tuːdəlz	tudəlz	tudəlz	tudəlz	compound	t|oodles	0.0	0.0	0.0	tudəlz	tudəlz	0.0	0.0
toolache	tuleɪtʃi	tulætʃi	tulæʃ	tulətʃ	compound	toolach|e	0.2857142857142857	0.8	0.5	tulətʃ	tulək	0.5	1.0
topful	tɒpfʊl	tɒpfʊl	tɑpfəl	tɑpfəl	compound	top|ful	0.0	0.3333333333333333	0.3333333333333333	tɑpfəl	tɑpfəl	0.3333333333333333	0.3333333333333333
toqui	toki	tuki	tɑkwi	təʊkwi	compound	to|qui	0.25	0.4	0.5	təʊki	təʊki	0.4	0.4
torchecul	tɔːɹʃkuːl	tɔtʃɛkul	toɹtʃɪkʌl	tɔɹtʃɛkəl	compound	torch|ecu|l	0.25	0.4444444444444444	0.3333333333333333	tɔɹtʃəkəl	tɔɹkəkəl	0.3333333333333333	0.375
tormentress	tɔɹmɛntɹəs	tɔɹmɛntɹɛs	toɹmɛntɹəs	tɔɹməntɹəs	compound	torment|ress	0.1	0.1	0.1	tɔɹmɛntɹəs	tɔɹməntɹɛs	0.0	0.2
torpedinous	tɔːɹpɛdɪnəs	tɔɹpɛdɪnəs	toɹpɛdɪnəs	tɔɹpɛdɪnus	compound	torp|edin|ous	0.0	0.1	0.1	tɔɹpɛdənəs	tɔɹpɛdənəs	0.1	0.1
torquated	tɔːkweɪtɪd	tɔkweɪtd	toɹkweɪɾᵻd	tɔɹkweɪtd	compound	tor|quate|d	0.125	0.4	0.2222222222222222	tɔɹkweɪɾᵻd	tɔɹkweɪtɪd	0.3	0.1
tortillon	tɔːɹtijɒn	tɔɹtillɑn	tɔɹɾɪlən	tɔɹtɪlən	compound	torti|l|lon	0.3333333333333333	0.5	0.375	tɔɹɾələn	tɔɹtələn	0.5	0.375
torturee	tɔːtjʊəɹiː	tɔtʃəi	tɔɹtʃɚɹi	tɔɹtʃɚi	compound	torture|e	0.5	0.5	0.7142857142857143	tɔɹtʃɚi	tɔɹtʃɝi	0.7142857142857143	0.7142857142857143
toruffle	təɹʌfəl	tuɹʌfəl	toɹʌfəl	tɔɹəfəl	compound	to|ruffle	0.14285714285714285	0.14285714285714285	0.2857142857142857	tɔɹʌfəl	tɔɹəfəl	0.14285714285714285	0.2857142857142857
totalness	təʊtəlnəs	təʊtəlnes	təʊtəlnəs	təʊtəlnəs	compound	total|ness	0.1111111111111111	0.0	0.0	təʊɾəlnəs	təʊtəlnəs	0.1111111111111111	0.0
toubab	tubab	tuəbæb	təbæb	təbəb	compound	to|u|bab	0.3333333333333333	0.4	0.4	tubəb	tubæb	0.2	0.2
toucha	tʌtʃə	tʌtʃə	tʌtʃə	tətʃə	compound	touch|a	0.0	0.0	0.2	tʌtʃə	tutʃə	0.0	0.2
toupe	tuːpeɪ	tuʌpi	tup	tup	compound	to|up|e	0.6	0.6666666666666666	0.6666666666666666	tup	tup	0.6666666666666666	0.6666666666666666
tovarishch	tɒvɑːɹɪʃtʃ	təvɑɹɪʃtʃ	tɑvɑɹɹɪʃtʃ	təʊvɚɪʃtʃ	compound	tovarish|ch	0.1111111111111111	0.2	0.4444444444444444	təʊvəɹɪʃtʃ	təʊvɝɪʃ	0.3	0.8571428571428571
trackmo	tɹækməʊ	tɹækməʊ	tɹækməʊ	tɹækməʊ	compound	track|mo	0.0	0.0	0.0	tɹækməʊ	tɹækməʊ	0.0	0.0
tradigital	tɹədɪdʒɪtl	tɹɑdɪdʒɪtəl	tɹædɪdʒɪɾəl	tɹædɪdʒɪtəl	compound	tra|digital	0.18181818181818182	0.2727272727272727	0.18181818181818182	tɹədɪdʒəɾəl	tɹədɪdʒətəl	0.2727272727272727	0.18181818181818182
tradwife	tɹædwaɪf	tɹædwaɪf	tɹædwaɪf	tɹædwaɪf	compound	trad|wife	0.0	0.0	0.0	tɹædwaɪf	tɹædwaɪf	0.0	0.0
trahira	tɹɑhɪɹɑ	tɹɑaɪɹə	tɹæhiəɹə	tɹəhɪɹə	compound	trah|ira	0.2857142857142857	0.5	0.2857142857142857	tɹəhɪɹə	tɹəhɪɹə	0.2857142857142857	0.2857142857142857
tralucent	tɹəlusənt	tɹɑlusənt	tɹælusənt	tɹælusənt	compound	tra|lucent	0.1111111111111111	0.1111111111111111	0.1111111111111111	tɹæləsənt	tɹəlusənt	0.2222222222222222	0.0
transcribbler	tɹænskɹɪbəlɚ	tɹænskɹɪbəlɹ	tɹænskɹɪblɚ	tɹænskɹɪbəlɚ	compound	transcribble|r	0.08333333333333333	0.09090909090909091	0.0	tɹænskɹɪbləɹ	tɹænskɹɪblɝ	0.25	0.18181818181818182
transectioned	tɹænsɛkʃənd	tɹænsɛkʃənɛd	tɹænsɛkʃənd	tɹænsɛkʃənd	compound	transection|ed	0.08333333333333333	0.0	0.0	tɹænsɛkʃənd	tɹænsɛkʃənd	0.0	0.0
transferware	tɹænsfəɹwɛɚ	tɹænsfɝwɛɹ	tɹænsfɜwɛɹ	tɹænsfɚwɚ	compound	transfer|ware	0.3	0.3	0.3333333333333333	tɹænsfəɹwɛɹ	tɹænsfɝwɛɹ	0.09090909090909091	0.3
tranship	tɹænzʃɪp	tɹænzhɪp	tɹænʃɪp	tɹænʃɪp	compound	trans|hip	0.125	0.14285714285714285	0.14285714285714285	tɹænʃɪp	tɹænʃɪp	0.14285714285714285	0.14285714285714285
translingual	tɹænzlɪŋɡwəl	tɹænzlɪŋɡwəl	tɹænslɪŋɡwəl	tɹænslɪŋɡuəl	compound	trans|lingual	0.0	0.08333333333333333	0.16666666666666666	tɹænslɪŋgwəl	tɹænzlɪŋɡwəl	0.16666666666666666	0.0
transmiss	tɹænzmɪs	tɹænzmɪs	tɹænsmɪs	tɹænzmɪs	compound	trans|miss	0.0	0.125	0.0	tɹænzmɪs	tɹænzmɪs	0.0	0.0
transnatal	tɹænzneɪtəl	tɹænzneɪtəl	tɹænsneɪɾəl	tɹænznətəl	compound	trans|natal	0.0	0.18181818181818182	0.2	tɹænsneɪɾəl	tɹænzneɪtəl	0.18181818181818182	0.0
transpeciate	tɹænspiːʃieɪt	tɹænspiʃieɪt	tɹænspiʃɪeɪt	tɹænspɛkieɪt	compound	tran|speciate	0.0	0.08333333333333333	0.16666666666666666	tɹænspiʃieɪt	tɹænspɛʃieɪt	0.0	0.08333333333333333
transwell	tɹænzwɛl	tɹænzwil	tɹænswɛl	tɹænswɛl	compound	trans|well	0.125	0.125	0.125	tɹænswɛl	tɹænzwɛl	0.125	0.0
trashion	tɹæʃən	tɹæʃən	tɹæʃən	tɹæʃiən	compound	trash|ion	0.0	0.0	0.14285714285714285	tɹæʃən	tɹæʃən	0.0	0.0
treant	tɹeɪənt	tɹeɪænt	tɹint	tɹənt	compound	tre|ant	0.14285714285714285	0.6	0.4	tɹeɪənt	tɹint	0.0	0.6
treebank	tɹiːbæŋk	tɹibæŋk	tɹibæŋk	tɹibæŋk	compound	tree|bank	0.0	0.0	0.0	tɹibæŋk	tɹibæŋk	0.0	0.0
treemapping	tɹiːmæpɪŋ	tɹimæpɪŋ	tɹimæpɪŋ	tɹiməpɪŋ	compound	tree|mapping	0.0	0.0	0.125	tɹimæpɪŋ	tɹimæpɪŋ	0.0	0.0
treeness	tɹiːnɪs	tɹinɛs	tɹinəs	tɹinəs	compound	treen|ess	0.16666666666666666	0.16666666666666666	0.16666666666666666	tɹinəs	tɹinəs	0.16666666666666666	0.16666666666666666
trema	tɹɛmə	tɹɛmə	tɹɛmə	tɹimə	compound	trem|a	0.0	0.0	0.2	tɹɛmə	tɹimə	0.0	0.2
tremie	tɹɛmi	tɹɛmi	tɹɛmi	tɹɛmi	compound	trem|ie	0.0	0.0	0.0	tɹɛmi	tɹɛmi	0.0	0.0
tremulant	tɹɛmjʊlənt	tɹɛmjulənt	tɹɛmjʊlənt	tɹɛmjələnt	compound	trem|ula|nt	0.1	0.0	0.1	tɹɛmjələnt	tɹɛmjələnt	0.1	0.1
trendite	tɹɛndaɪt	tɹɛndaɪt	tɹɛndaɪt	tɹɛndɪt	compound	trend|ite	0.0	0.0	0.14285714285714285	tɹɛndaɪt	tɹɛndaɪt	0.0	0.0
treyf	tɹeɪf	tɹeɪf	tɹeɪf	tɹeɪf	compound	trey|f	0.0	0.0	0.0	tɹeɪf	tɹeɪf	0.0	0.0
triacetyloleandomycin	tɹaɪəsiːtaɪləʊliːændəʊmaɪsɪn	tɹaɪæsɪtaɪləʊlindəʊmisɪn	tɹaɪəsɛɾɪləʊləndəmaɪsɪn	tɹiəstiləʊləndəmisɪn	compound	tri|acetyl|olean|domy|cin	0.20833333333333334	0.2608695652173913	0.5	tɹaɪæsɛtɪlɔɪndəmɪsɪn	tɹaɪəsɛtələʊliændəməsɪn	0.5	0.2608695652173913
trian	tɹaɪən	tɹaɪən	tɹaɪən	tɹaɪən	compound	tri|an	0.0	0.0	0.0	tɹaɪən	tɹaɪən	0.0	0.0
triangled	tɹaɪæŋɡəld	tɹaɪæŋɡəld	tɹaɪæŋɡəld	tɹiæŋɡəld	compound	triangle|d	0.0	0.0	0.2222222222222222	tɹaɪəŋgəld	tɹaɪæŋɡəld	0.2	0.0
tribromometacresol	tɹaɪbɹəʊməʊmɛtəkɹiːsɒl	tɹɪbɹəʊməʊmitəkɹisɔl	tɹɪbɹəməʊmtəkɹɛsɑl	tɹɪbɹəʊməmɛtəkɹɪsəl	compound	trib|romo|meta|cresol	0.15	0.2777777777777778	0.21052631578947367	tɹaɪbɹəʊməʊmətækɹəsɔl	tɹaɪbɹəʊmɑmətækɹəsɑl	0.19047619047619047	0.3
trichobezoar	tɹɪkəbiːzɔɹ	tɹaɪtʃəʊbɛzɔ	tɹɪtʃəʊbzoɹ	tɹɪʃəʊbɛzəʊɚ	compound	tri|cho|bezoar	0.5	0.45454545454545453	0.5	tɹaɪkəbɛzɔɹ	tɹaɪkəʊbɛzɔɹ	0.18181818181818182	0.25
tricrotous	tɹaɪkɹətəs	tɹaɪkɹəʊtuʌs	tɹɪkɹəʊɾəs	tɹɪkɹəʊtəs	compound	tri|cro|to|us	0.25	0.3	0.2	tɹaɪkɹəʊɾəs	tɹɪkɹətəs	0.18181818181818182	0.1111111111111111
tridented	tɹaɪdəntɪd	tɹaɪdəntɛd	tɹaɪdəntᵻd	tɹaɪdəntɪd	compound	trident|ed	0.1	0.1	0.0	tɹaɪdəntᵻd	tɹaɪdɛntɪd	0.1	0.1
triflupromazine	tɹaɪfluːpɹəʊməziːn	tɹaɪflupɹɒmæzin	tɹaɪfləpɹɑməzin	tɹɪfləpɹəməzin	compound	tri|flu|prom|azine	0.2	0.2	0.21428571428571427	tɹaɪflu.pɹəmæzin	tɹɪflupɹəʊməzin	0.1875	0.06666666666666667
trimipramine	tɹaɪmɪpɹəmiːn	tɹɪmɪpɹəmin	tɹaɪmɪpɹəmin	tɹɪmɪpɹəmɪn	compound	t|r|imipramine	0.09090909090909091	0.0	0.18181818181818182	tɹɪmɪpɹəmin	tɹɪməpɹæmən	0.09090909090909091	0.36363636363636365
triones	tɹaɪəʊnz	tɹaɪəʊns	tɹaɪənz	tɹaɪənz	compound	trione|s	0.125	0.14285714285714285	0.14285714285714285	tɹaɪəʊnz	tɹiəʊnz	0.0	0.2857142857142857
triphenylcarbinol	tɹaɪfiːnɪlkɑːɹbɪnɒl	tɹaɪfinaɪlkɑɹbɪnəʊl	tɹɪfinaɪlkɑɹbɪnɑl	tɹaɪfənəlkɑɹbɪnəl	compound	tri|phenyl|carbin|ol	0.15789473684210525	0.17647058823529413	0.17647058823529413	tɹaɪfɛnɪlkɑɹbɪnɒl	tɹaɪfənɪlkɑɹbənɑl	0.058823529411764705	0.17647058823529413
triskelia	tɹɑɪskɛliə	tɹɪskɛliə	tɹɪskiliə	tɹɪskɛliə	compound	tris|ke|lia	0.1111111111111111	0.2222222222222222	0.1111111111111111	tɹɪskiliə	tɹɪskiliə	0.2222222222222222	0.2222222222222222
tritoon	tɹaɪtuːn	tɹaɪtun	tɹaɪtun	tɹitun	compound	tri|toon	0.0	0.0	0.3333333333333333	tɹɪtun	tɹaɪtun	0.16666666666666666	0.0
tritoqualine	tɹaɪtɒkwəliːn	tɹɪtəʊkwælin	tɹaɪɾəkwəlaɪn	tɹitəʊkwəlɪn	compound	trit|o|qua|line	0.3333333333333333	0.3076923076923077	0.4166666666666667	tɹaɪtəʊ.kwəlin	tɹɪtəkwəlaɪn	0.21428571428571427	0.3333333333333333
trochilus	tɹɒkɪləs	tɹɒkhaɪləs	tɹəʊkɪləs	tɹɑtʃɪləs	compound	t|roc|hilus	0.2	0.2222222222222222	0.3333333333333333	tɹəʊkələs	tɹɑkələs	0.3333333333333333	0.25
trochiter	tɹɒkɪtɚ	tɹɑkaɪtɹ	tɹəʊkɪɾɚ	tɹɑtʃɪtɚ	compound	t|roch|ite|r	0.375	0.375	0.375	tɹəʊkətɚ	tɹɑkətɝ	0.375	0.42857142857142855
troilite	tɹɔɪlaɪt	tɹɔɪlaɪt	tɹɔɪlaɪt	tɹɔɪlɪt	compound	t|roil|ite	0.0	0.0	0.14285714285714285	tɹɔɪlaɪt	tɹɔɪlaɪt	0.0	0.0
trollage	tɹəʊlɪdʒ	tɹəʊleɪdʒ	tɹɑlɪdʒ	tɹəʊlɪdʒ	compound	troll|age	0.1111111111111111	0.2857142857142857	0.0	tɹəʊlɪdʒ	tɹɑlɪdʒ	0.0	0.2857142857142857
troxipide	tɹɒksɪpaɪd	tɹɑksɪpaɪd	tɹɑksɪpaɪd	tɹɑksɪpaɪd	compound	t|rox|ip|ide	0.1	0.1	0.1	tɹɑksəpaɪd	tɹɑksəpaɪd	0.2	0.2
truecel	tɹuːsɛl	tɹusɛl	tɹusəl	tɹusəl	compound	true|cel	0.0	0.16666666666666666	0.16666666666666666	tɹusəl	tɹusəl	0.16666666666666666	0.16666666666666666
tsaricide	zɑːɹɪsaɪd	zɑɹɪkaɪd	tsæɹɪsaɪd	tsɑɹɪsaɪd	compound	tsaric|ide	0.125	0.3333333333333333	0.2222222222222222	zɑɹəsaɪd	sɛɹəsaɪd	0.125	0.375
tsuridashi	tsuːɹidɑːʃi	tsuɹidɑʃi	tsuɹɪdæʃi	tsɚidæʃi	compound	tsu|ri|dashi	0.0	0.2222222222222222	0.375	tsuɹidəʃi	sʊɹɪdɑʃi	0.1111111111111111	0.375
tsutaezori	tsuːtɑːeɪzɔːɹi	tsutaɪzɔɹi	tsuɾizɔɹi	tsuteɪzɑɹi	compound	tsu|tae|zori	0.2	0.4444444444444444	0.2	tsutaɪzɔɹi	sutəzɔɹi	0.2	0.5
tuchi	tʊkaɪ	tətʃaɪ	tʌtʃaɪ	tutʃi	compound	tuch|i	0.5	0.5	0.8	tʌtʃi	tutʃi	0.8	0.8
tucute	tuːkjuːt	tukjut	tukjut	tukjut	compound	tu|cute	0.0	0.0	0.0	tukjut	tukjut	0.0	0.0
tulpa	tuːlpə	tulpɑ	tʌlpə	tʌlpə	compound	tu|l|pa	0.2	0.2	0.2	tʌlpə	təlpə	0.2	0.2
turbant	tɜːɹbənt	tɜbənt	tɜbənt	tɚbənt	compound	turban|t	0.16666666666666666	0.16666666666666666	0.3333333333333333	tɜɹbənt	tɝbənt	0.0	0.3333333333333333
turdmuffin	tɜːɹdmʌfɪn	tɜdmʌfɪn	tɜdməfɪn	tɚdmʌfɪn	compound	turd|muffin	0.125	0.25	0.25	tɜɹdmʌfən	tɝdməfɪn	0.1111111111111111	0.375
turio	tʊəɹiəʊ	tʊɹiəʊ	tjɚɹiəʊ	tʊɹiəʊ	compound	turi|o	0.16666666666666666	0.2857142857142857	0.16666666666666666	tʊɹiəʊ	tʊɹiəʊ	0.16666666666666666	0.16666666666666666
turophile	tʊəɹəfaɪl	tʊɹəʊfaɪl	tjɚɹɑfaɪl	tʊɹəʊfɪl	compound	turo|phile	0.2222222222222222	0.3333333333333333	0.375	tʊɹəfaɪl	tʊɹəʊfaɪl	0.125	0.2222222222222222
tushie	tʊʃi	tʊʃi	tʌʃi	tʌʃi	compound	tush|ie	0.0	0.25	0.25	tʌʃɪ	təʃi	0.5	0.25
tweeple	twiːpəl	twipəl	twipəl	twipəl	compound	twee|ple	0.0	0.0	0.0	twipəl	twipəl	0.0	0.0
twicet	twaɪst	twaɪst	twɪsɪt	twaɪst	compound	twice|t	0.0	0.3333333333333333	0.0	twaɪst	twɪsət	0.0	0.3333333333333333
twifold	twaɪfəʊld	twifəʊld	twɪfəʊld	twɪfəʊld	compound	twi|fold	0.25	0.125	0.125	twaɪfəʊld	twɪfəʊld	0.0	0.125
twigloo	twɪɡluː	twɪɡlu	twɪɡlu	twɪɡlu	compound	twig|loo	0.0	0.0	0.0	twɪglu	twɪɡlu	0.16666666666666666	0.0
twinkhon	twɪŋkhʌn	twɪŋkhɒn	twɪŋkhɑn	twɪŋkən	compound	twink|hon	0.125	0.125	0.2857142857142857	twɪŋkhɑn	twɪŋkhən	0.125	0.125
twonks	twɒŋks	twɒnks	twɔŋks	twɔŋks	compound	t|wonks	0.16666666666666666	0.16666666666666666	0.16666666666666666	twɑŋks	twɑŋks	0.16666666666666666	0.16666666666666666
twp	tʊp	twp	tidʌbəljupi	twp	compound	t|w|p	0.3333333333333333	0.8181818181818182	0.3333333333333333	twip	tupi	0.5	0.5
txapela	tʃəpɛlə	tksɑpɛlə	tizeɪplə	tɡzæpilə	compound	t|x|apel|a	0.375	0.625	0.5	tʃəpɛlə	tsəpɛlə	0.0	0.14285714285714285
tykhana	taɪkɑːnə	taɪkɑnə	tɪkhɑnə	taɪkənə	compound	ty|khan|a	0.0	0.2857142857142857	0.14285714285714285	tɪkɑnə	taɪkɑnə	0.16666666666666666	0.0
typedef	taɪpdɛf	taɪpdɛf	taɪpdɛf	taɪpdəf	compound	typed|ef	0.0	0.0	0.14285714285714285	taɪpdɛf	taɪpdɛf	0.0	0.0
typescale	taɪpskeɪl	taɪpskeɪl	taɪpskeɪl	taɪpskəl	compound	types|cale	0.0	0.0	0.25	taɪpskeɪl	taɪpskeɪl	0.0	0.0
uggo	ʌɡəʊ	uɡəʊ	ʌɡəʊ	ʌɡəʊ	compound	ug|go	0.25	0.0	0.0	ʌɡəʊ	əɡəʊ	0.0	0.25
ugniberry	uniːbəɹi	unibɛɹi	ʌɡnɪbɛɹi	ʌɡnɪbɛɹi	compound	ug|ni|berry	0.14285714285714285	0.5	0.5	ʌɡnɪbəɹi	əɡnəbɛɹi	0.375	0.5
ultracosmic	ʌltɹəkɒzmɪk	ʌltɹəkɒzmɪk	ʊltɹəkɑzmɪk	ʌltɹəkəsmɪk	compound	ultra|cosmic	0.0	0.18181818181818182	0.18181818181818182	ʊltɹəkɑzmɪk	əltɹəkɑzmɪk	0.18181818181818182	0.18181818181818182
ultraexcessive	ʌltɹəɪksɛsɪv	ʌltɹəɛksɛsɪv	ʊltɹəɛkssɪsɪv	ʌltɹəsɛsɪv	compound	ultra|excessive	0.08333333333333333	0.3076923076923077	0.2	ʊltɹəɪksɛsɪv	əltɹəɪksɛsɪv	0.08333333333333333	0.08333333333333333
ultralente	ʌltɹəlɛnteɪ	ʌltɹəlɛnti	ʊltɹəlɛnt	ʌltɹəlɛnt	compound	ultra|lent|e	0.2	0.3333333333333333	0.2222222222222222	ʌltɹəlɛnti	əltɹəlɛnti	0.2	0.3
ultramassive	ʌltɹəmæsɪv	ʌltɹəmæsɪv	ʊltɹəmæsɪv	ʌltɹəməsɪv	compound	ultra|massive	0.0	0.1	0.1	ʌltɹəmæsɪv	əltɹəmæsɪv	0.0	0.1
ultramaximal	ʌltɹəmæksɪməl	ʌltɹəmæksɪməl	ʊltɹəmæksɪməl	ʌltɹəmæksɪməl	compound	ultra|maximal	0.0	0.07692307692307693	0.0	ʌltɹəmæksɪməl	əltɹəmæksəməl	0.0	0.15384615384615385
ultrarefined	ʌltɹəɹiːfaɪnd	ʌltɹəɹɪfaɪnd	ʊltɹəɹɛfaɪnd	ʌltɹɛɹfaɪnd	compound	ultra|refined	0.08333333333333333	0.16666666666666666	0.18181818181818182	ʊltɹəɹəfaɪnd	əltɹɝɛfənd	0.16666666666666666	0.6
ultrasilent	ʌltɹəsaɪlənt	ʌltɹəsaɪlənt	ʊltɹəsaɪlənt	ʌltɹəsɪlənt	compound	ultra|silent	0.0	0.08333333333333333	0.09090909090909091	ʌltɹəzələnt	əltɹeɪsələnt	0.2727272727272727	0.4166666666666667
ultrasonosurgery	ʌltɹəsɒnəʊsɜːɹdʒəɹi	əltɹəzəʊnəʊsɜdʒəɹi	ʊltɹəsɑnəsɜdʒɚɹi	ʌltɹəsənəʊsɚɡɚi	compound	ultras|ono|surgery	0.2777777777777778	0.3125	0.4666666666666667	ʌltɹəsɑnəʊsɜɹdʒəɹi	əltɹəsɑnəsɝdʒɝi	0.05555555555555555	0.4666666666666667
ultraswift	ʌltɹəswɪft	ʌltɹəswɪft	ʊltɹəswɪft	ʌltɹæswɪft	compound	ultra|swift	0.0	0.1	0.1	ʌltɹəswɪft	əltɹəswɪft	0.0	0.1
umbecast	ʌmbəkæst	ʌmbɛkæst	ʌmbɪkæst	ʌmbɪkəst	compound	um|bec|ast	0.125	0.125	0.25	ʌmbəkæst	əmbɪkæst	0.0	0.25
umbriferous	ʌmbɹɪfəɹəs	ʌmbɹaɪfəɹəs	ʌmbɹɪfɚɹəs	ʌmbɹɪfɚəs	compound	um|b|rifer|ous	0.09090909090909091	0.1	0.2222222222222222	ʌmbɹɪfəɹəs	əmbɹɪfɝəs	0.0	0.3333333333333333
umgang	ʌmɡaŋ	ʌmɡæŋ	ʌmɡæŋ	ʌmɡæŋ	compound	um|gang	0.2	0.2	0.2	ʌmgæŋ	əmɡæŋ	0.4	0.4
ummah	ʊmə	ʊməh	ʌmə	ʌmə	compound	umma|h	0.25	0.3333333333333333	0.3333333333333333	ʊməh	əmə	0.25	0.3333333333333333
unapostolic	ʌnæpəstɒlɪk	ənəpəstɒlɪk	ʌnəpɔstɑlɪk	ʌnəpɑstɑlɪk	compound	un|apostolic	0.18181818181818182	0.2727272727272727	0.2727272727272727	ʌnəpəstɑlɪk	ənəpəstɑlɪk	0.18181818181818182	0.2727272727272727
unascendible	ʌnəsɛndɪbəl	ənəsɛndᵻbəl	ʌnəsɛndᵻbəl	ʌnæʃɛndɪbəl	compound	un|ascendible	0.18181818181818182	0.09090909090909091	0.18181818181818182	ʌnəsɛndᵻbəl	ənəsɛndəbəl	0.09090909090909091	0.18181818181818182
unau	juːnɔː	unəə	ʌnəʊ	ʌnə	compound	una|u	0.75	1.0	1.0	ʌnəʊ	junə	1.0	0.25
uncan	ʌnkæn	ʌŋkən	ʌŋkæn	ʌŋkən	compound	unc|an	0.4	0.2	0.4	ʌŋkæn	ənkæn	0.2	0.2
uncomprehensive	ʌnkɒmpɹəhɛnsɪv	ənkɒmpɹɪhɛnsɪv	ʌŋkɑmpɹihɛnsɪv	ʌŋkəmpɹɪhɛnsɪv	compound	un|comprehensive	0.14285714285714285	0.21428571428571427	0.21428571428571427	ʌŋkɑmpɹəhɛnsɪv	ənkɑmpɹɪhɛnsɪv	0.14285714285714285	0.21428571428571427
unconstancy	ʌnkɒnstənsi	ənkɒnstənsi	ʌŋkɑnstənsi	ʌŋkənstənsi	compound	un|constancy	0.09090909090909091	0.18181818181818182	0.18181818181818182	ʌŋkɑnstənsi	ənkɑnstənsi	0.18181818181818182	0.18181818181818182
uncoveted	ʌnkʌvɛtɪd	ənkʌvɪtɪd	ʌŋkʌvɪɾᵻd	ʌŋkəvtɪd	compound	un|coveted	0.2222222222222222	0.4444444444444444	0.375	ʌŋkʌvəɾᵻd	ənkəvətɪd	0.4444444444444444	0.3333333333333333
undeletion	ʌndɪliːʃən	əndɪliʃən	ʌndᵻliʃən	ʌndəleɪʃən	compound	un|deletion	0.1111111111111111	0.1111111111111111	0.3	ʌndəliʃən	əndɪliʃən	0.1111111111111111	0.1111111111111111
underbear	ʌndəɹbɛɚ	ʌndəbeə	ʌndɚbɛɹ	ʌndɚbiɹ	compound	under|bear	0.42857142857142855	0.42857142857142855	0.5714285714285714	ʌndəɹbɛɹ	əndɝbɛɹ	0.125	0.5714285714285714
undercloak	ʌndəɹkləʊk	ʌndəkləʊk	ʌndɚkləʊk	ʌndɚkləʊk	compound	under|cloak	0.1111111111111111	0.2222222222222222	0.2222222222222222	ʌndəɹkləʊk	əndɝkləʊk	0.0	0.3333333333333333
underfurred	ʌndəɹfɜːɹd	ʌndəfɜɹɛd	ʌndɚfɜd	ʌndɚfɚɪd	compound	underfur|red	0.2222222222222222	0.42857142857142855	0.5	ʌndəɹfɜɹd	əndɝfɝd	0.0	0.7142857142857143
underhead	ʌndəɹhɛd	ʌndəhɛd	ʌndɚhɛd	ʌndɚhəd	compound	under|head	0.14285714285714285	0.2857142857142857	0.42857142857142855	ʌndəɹhɛd	əndɝhɛd	0.0	0.42857142857142855
undersay	ʌndəɹseɪ	ʌndəseɪ	ʌndɚseɪ	ʌndɚseɪ	compound	under|say	0.14285714285714285	0.2857142857142857	0.2857142857142857	ʌndəɹseɪ	əndɝseɪ	0.0	0.42857142857142855
undertime	ʌndətaɪm	ʌndətaɪm	ʌndɚtaɪm	ʌndɚtɪm	compound	under|time	0.0	0.125	0.2857142857142857	ʌndəɹtaɪm	əndɝtaɪm	0.1111111111111111	0.25
underverse	ʌndəɹvɜːɹs	ʌndəvɜs	ʌndɚvɜs	ʌndɚvɚs	compound	under|verse	0.2857142857142857	0.42857142857142855	0.5714285714285714	ʌndəɹvɜɹs	əndɝvɝs	0.0	0.7142857142857143
underwind	ʌndəɹwaɪnd	ʌndəwaɪnd	ʌndɚwɪnd	ʌndɚwɪnd	compound	under|wind	0.1111111111111111	0.375	0.375	ʌndəɹwɪnd	əndɝwɪnd	0.1111111111111111	0.5
unfathomability	ʌnfæðəməbɪləti	ənfæðəməbɪləti	ʌnfæðəməbɪlᵻɾi	ʌnfæθəməbɪlɪti	compound	un|fathom|ability	0.07142857142857142	0.14285714285714285	0.14285714285714285	ʌnfæðəməbɪləɾi	ənfæθəməbɪlɪti	0.07142857142857142	0.21428571428571427
unguilty	ʌnɡɪlti	ənɡɪlti	ʌŋɡɪlti	ʌŋɡwɪlti	compound	un|guilty	0.14285714285714285	0.14285714285714285	0.25	ʌŋgɪlti	ənɡɪlti	0.2857142857142857	0.14285714285714285
unholden	ʌnhəʊldən	ʌnhəʊldɛn	ʌnhəʊldən	ʌnhəʊldən	compound	unhold|en	0.1111111111111111	0.0	0.0	ʌnhəʊldən	ənhəʊldən	0.0	0.1111111111111111
unhonest	ʌnɒnɪst	ənɒnɪst	ʌnɑnɪst	ʌnhəʊnst	compound	un|honest	0.14285714285714285	0.14285714285714285	0.5	ʌnɑnɪst	ənhəʊnəst	0.14285714285714285	0.5555555555555556
uniquity	junɪkwɪti	junikwɪtj	junɪkwᵻɾi	ʌnɪkɪti	compound	uni|quit|y	0.2222222222222222	0.2222222222222222	0.42857142857142855	junɪkwɪti	junɪkwəti	0.0	0.1111111111111111
univocity	juːnɪvɒsɪti	junivəʊsɪti	junɪvɑsᵻɾi	ʌnɪvəsɪti	compound	uni|vo|city	0.2727272727272727	0.3	0.3333333333333333	junəvɑsəɾi	junəvɑsəti	0.4	0.3
unked	ʌnkɛd	ənkɛd	ʌŋkt	ʌŋkt	compound	un|ke|d	0.2	0.75	0.75	ʌŋkɛd	əŋkt	0.2	1.0
unkingship	ʌnkɪŋʃɪp	ʌnkɪŋʃɪp	ʌŋkɪŋʃɪp	ʌŋkɪŋʃɪp	compound	unking|ship	0.0	0.125	0.125	ʌŋkɪŋʃɪp	ənkɪŋʃɪp	0.125	0.125
unnessary	ʌnnɛsəɹi	ʌnnɛsɛɹi	ʌnnɛsɚɹi	ʌnəsɑɹi	compound	unness|ary	0.125	0.125	0.42857142857142855	ʌnnɛsəɹi	ənəsɛɹi	0.0	0.5714285714285714
unnie	ʌni	ʌni	ʌnnaɪ	ʌni	compound	unni|e	0.0	0.6	0.0	ʌni	əni	0.0	0.3333333333333333
unpursued	ʌnpəɹsjuːd	ənpəsjud	ʌnpɚsud	ʌnpɚsud	compound	un|pursued	0.25	0.42857142857142855	0.42857142857142855	ʌnpəɹsud	ənpɝsud	0.125	0.5714285714285714
unreluctant	ʌnɹɪlʌktənt	ənɹɪlʌktənt	ʌnɹᵻlʌktənt	ʌnɹəlʌktænt	compound	un|reluctant	0.09090909090909091	0.09090909090909091	0.18181818181818182	ʌnɹɪlʌktənt	ənɹɪləktənt	0.0	0.18181818181818182
unseconded	ʌnsɛkəndɪd	ənsɛkəndɪd	ʌnsᵻkɑndᵻd	ʌnsɪkəndɪd	compound	un|seconded	0.1	0.3	0.1	ʌnsɛkəndᵻd	ənsɪkɑndɪd	0.1	0.3
unseel	ʌnsiːl	ʌnsil	ʌnsil	ʌnsil	compound	unsee|l	0.0	0.0	0.0	ʌnsil	ənsil	0.0	0.2
unstrungness	ʌnstɹʌŋnəs	ʌnstɹʌŋnes	ʌnstɹʌŋnəs	ʌnstɹʌŋnɛs	compound	unstrung|ness	0.1	0.0	0.1	ʌnstɹʌŋnəs	ənstɹəŋnəs	0.0	0.2
unsynagogued	ʌnsɪnəɡɒɡd	ənsɪnəɡɒɡd	ʌnsɪnəɡɑɡd	ʌnsɪnəɡəɡʊd	compound	un|synagogue|d	0.1	0.1	0.18181818181818182	ʌnsɪnægəgd	ənsɪnəɡɔɡd	0.4	0.2
unto't	ʌntuːt	ʌntʊt	ʌntɑt	ʌntəʊt	compound	unto|t	0.2	0.2	0.3333333333333333	ʌntɑt	əntəʊt	0.2	0.5
unwroken	ʌnɹəʊkən	ənɹəʊkən	ʌnɹəʊkən	ʌnɹəʊkən	compound	un|wroken	0.125	0.0	0.0	ʌnɹəʊkən	ənɹəʊkən	0.0	0.125
upanayana	uːpənɑːjənə	ʌpɑnɑjənɑ	jupəneɪɑnə	ʌpəneɪənə	compound	up|anaya|na	0.3333333333333333	0.4	0.3333333333333333	upənəjɑnə	jupənəjɑnə	0.2222222222222222	0.3
updive	ʌpdaɪv	ʌpdaɪv	ʌpdɪv	ʌpdɪv	compound	up|dive	0.0	0.2	0.2	ʌpdaɪv	əpdaɪv	0.0	0.16666666666666666
uplay	ʌpleɪ	ʌpleɪ	ʌpleɪ	ʌpleɪ	compound	up|lay	0.0	0.0	0.0	ʌpleɪ	əpleɪ	0.0	0.2
uptill	ʌptɪl	ʌptɪl	ʌptɪl	ʌptɪl	compound	up|till	0.0	0.0	0.0	ʌptɪl	əptɪl	0.0	0.2
urheimat	ʊəhaɪmɑːt	ɝhaɪmæt	ʌrheɪmæt	ɚhaɪmət	compound	ur|heim|at	0.42857142857142855	0.5	0.42857142857142855	ɚhaɪmət	ɝhaɪmæt	0.42857142857142855	0.42857142857142855
uselesser	juːsləsɚ	jusləsɜ	juzɪləsɚ	jusɛlɛsɚ	compound	useless|er	0.14285714285714285	0.25	0.25	jusləsɚ	jusləsɝ	0.0	0.14285714285714285
usie	ʌsi	ʌsi	juzi	jusi	compound	us|ie	0.0	0.75	0.5	ʌsi	juzi	0.0	0.75
uuencode	juːjuːɛnkəʊd	əəɛnkəʊd	uəŋkəʊd	uɛŋkəʊd	compound	u|u|encode	0.5	0.7142857142857143	0.5714285714285714	juɛnkəʊd	wuənkəʊd	0.25	0.5
uzhe	juːʒ	əʒi	ʌʒ	ʌzi	compound	u|zhe	1.0	1.0	1.0	uzə	uʒ	1.0	0.5
vacs	væks	væks	væks	væks	compound	vac|s	0.0	0.0	0.0	væks	væks	0.0	0.0
vade	veɪd	veɪd	veɪd	veɪd	compound	v|ade	0.0	0.0	0.0	veɪd	veɪd	0.0	0.0
vaginamoney	vədʒaɪnəmʌni	vədʒaɪnəmʌni	vædʒɪnəmɑni	vædʒɪnəməni	compound	vagina|money	0.0	0.2727272727272727	0.2727272727272727	vədʒɪnəmʌni	vædʒənæməni	0.09090909090909091	0.45454545454545453
vaginamony	vədʒaɪnəməni	vədʒaɪnəməʊni	vædʒɪnæməni	vædʒɪnəməni	compound	vagina|mony	0.07692307692307693	0.2727272727272727	0.18181818181818182	vədʒənæməni	vædʒənəməʊni	0.2727272727272727	0.3333333333333333
vaguebook	veɪɡbʊk	veɪɡbʊk	veɪɡbʊk	væɡubʊk	compound	vague|book	0.0	0.0	0.42857142857142855	veɪgbʊk	veɪɡbʊk	0.14285714285714285	0.0
vajungle	vədʒʌŋɡəl	vədʒʌŋɡəl	vædʒʌŋɡəl	vədʒʌŋɡəl	compound	v|a|jungle	0.0	0.1111111111111111	0.0	vədʒʌŋgəl	vədʒəŋɡəl	0.1111111111111111	0.1111111111111111
vampiroid	væmpaɪəɹɔɪd	væmpɪɹɔɪd	væmpɪɹɔɪd	væmpɪɹɔɪd	compound	vamp|ir|oid	0.2222222222222222	0.2222222222222222	0.2222222222222222	væmpiɹɔɪd	væmpɝɔɪd	0.3333333333333333	0.5
vanillalike	vənɪləlaɪk	vənɪləlaɪk	vænɪləlaɪk	vænɪləlɪk	compound	vanilla|like	0.0	0.1	0.2222222222222222	vænɪlaɪlaɪk	vənɪləlaɪk	0.2727272727272727	0.0
varenyky	vəɹɛniːkiː	vɛɚniki	væɹənɪki	vɑɹnɪki	compound	vare|ny|ky	0.42857142857142855	0.375	0.42857142857142855	vəɹɛnɪki	vɝɛnɪki	0.125	0.42857142857142855
vargueno	vɑːɹɡeɪnjəʊ	vɑɡjunəʊ	vɑɹɡinəʊ	vɑɹɡinəʊ	compound	v|argue|no	0.5	0.375	0.375	vɑɹgunəʊ	vɑɹɡeɪnəʊ	0.5	0.1111111111111111
vassaless	væsəlɛs	væsəlɛs	væsələs	væsəls	compound	vassal|ess	0.0	0.14285714285714285	0.16666666666666666	væsəlz	væsələs	0.3333333333333333	0.14285714285714285
vatnik	vætnɪk	vætnɪk	vætnɪk	vætnɪk	compound	vat|nik	0.0	0.0	0.0	vætnɪk	vætnɪk	0.0	0.0
vaut	vɔːt	vəʊt	vət	vət	compound	v|au|t	0.5	0.3333333333333333	0.3333333333333333	vəʊ	vɔt	0.6666666666666666	0.0
vaxication	væksɪkeɪʃən	væksɪkeɪʃən	væksɪkeɪʃən	væksɪkeɪʃən	compound	vax|ication	0.0	0.0	0.0	væksɪkeɪʃən	væksəkeɪʃən	0.0	0.09090909090909091
vedge	vɛdʒ	vɛdʒ	vɛdʒ	vɛdʒ	compound	v|edge	0.0	0.0	0.0	vɛdʒ	vɛdʒ	0.0	0.0
veggo	vɛdʒəʊ	vɛdʒɡəʊ	vɛɡəʊ	veɪɡəʊ	compound	veg|go	0.14285714285714285	0.4	0.5	vɛggəʊ	vɛɡəʊ	0.3333333333333333	0.4
venew	vɛnjuː	vinju	vɛnu	vɛn	compound	ve|new	0.2	0.25	0.6666666666666666	vɛnu	vɛnju	0.25	0.0
venomosity	vɛnəmɒsɪti	vɛnəməʊzɪti	vɛnəmɔsᵻɾi	vinəməʊzɪti	compound	venom|os|ity	0.2727272727272727	0.3	0.36363636363636365	vɛnəmɑsəɾi	vɛnəmɑsəti	0.3	0.2
verdaccio	vəɹdɑːtʃiəʊ	vɛɹdəsisiaɪəʊ	vɜdæksɪəʊ	vɚdəksiəʊ	compound	verda|cc|io	0.5384615384615384	0.6666666666666666	0.5555555555555556	vɚdɑtʃiəʊ	vɝdætʃiəʊ	0.2222222222222222	0.3333333333333333
vergobrets	vɜːɡəbɹɛts	vɝɡɒbɹɛts	vɜɡɑbɹɪts	vɚɡəbɹɪts	compound	ver|gob|rets	0.2222222222222222	0.2222222222222222	0.2222222222222222	vɜɡəbɹɛts	vɝɡəbɹɛts	0.0	0.1111111111111111
verlan	vɛəɹlɑːn	vɛɹlən	vɜlən	vɚlən	compound	verla|n	0.3333333333333333	0.8	0.8	vɜɹlən	vɝlən	0.5	0.8
versewright	vɜːɹsɹaɪt	vɜsɹaɪt	vɜsjuɹaɪt	vɚsɚaɪt	compound	verse|wright	0.14285714285714285	0.3333333333333333	0.42857142857142855	vɜɹsɹaɪt	vɝsɝaɪt	0.0	0.42857142857142855
verteporfin	vɜːɹtɪpɔːɹfɪn	vɝtɪfɔɹfɪn	vɜɾɪpoɹfɪn	vɚtɛpɚfɪn	compound	vert|ep|orf|in	0.3	0.3	0.5555555555555556	vəɹtɛpəɹfɪn	vɝtəpɔɹfɪn	0.2727272727272727	0.3
vesica	viːsɪkə	visikə	vɛsɪkə	vɛsɪkə	compound	ve|sica	0.16666666666666666	0.16666666666666666	0.16666666666666666	vɛsəkə	vɛzɪkə	0.3333333333333333	0.3333333333333333
vesicobullous	vɛsɪkoʊbʊləs	visɪkəʊbʊləs	vɛsɪkɑbʊləs	vɛsɪkəbəlus	compound	ve|sic|o|bullous	0.08333333333333333	0.18181818181818182	0.2727272727272727	vəsɪkəbʊləs	vɛzɪkəbələs	0.18181818181818182	0.2727272727272727
vicegeral	vaɪsdʒɪəɹəl	vaɪsdʒɛɹəl	vaɪsdʒɚɹəl	vaɪsɪdʒɚəl	compound	vice|gera|l	0.2	0.2	0.4	vaɪsdʒɹəl	vaɪsɛdʒɝəl	0.2222222222222222	0.4
viceregency	vaɪsɹiːdʒəntsi	vaɪsɹidʒənsi	vaɪsɹidʒənsi	vaɪsɚɪdʒənsi	compound	vice|regency	0.08333333333333333	0.08333333333333333	0.25	vaɪsɚidʒənsi	vaɪsɝɛdʒənsi	0.16666666666666666	0.25
viceregent	vaɪsɹiːdʒənt	vaɪsɹidʒənt	vaɪsɹidʒənt	vaɪsɚɪdʒənt	compound	vice|regent	0.0	0.0	0.18181818181818182	vaɪsɹədʒənt	vaɪsɝɛdʒənt	0.09090909090909091	0.18181818181818182
vidchat	vɪdtʃæt	vɪdtʃæt	vɪdtʃæt	vɪdtʃət	compound	vid|chat	0.0	0.0	0.14285714285714285	vɪdtʃæt	vɪdtʃæt	0.0	0.0
videophonic	vɪdiəfɒnɪk	vɪdɪəʊfɒnɪk	vɪdɪəʊfɑnɪk	vaɪdəʊfənɪk	compound	video|phonic	0.18181818181818182	0.2727272727272727	0.36363636363636365	vɪdiəʊfɑnɪk	vɪdiəfɑnɪk	0.18181818181818182	0.1
videte	vaɪdiːti	vaɪdti	vaɪdit	vaɪdɪt	compound	vide|te	0.16666666666666666	0.16666666666666666	0.3333333333333333	vaɪdɪt	vɪdit	0.3333333333333333	0.4
vidual	vɪdjuəl	vaɪdjuəl	vɪdʒuəl	vɪdʒuəl	compound	vi|dual	0.125	0.14285714285714285	0.14285714285714285	vɪdʒəwəl	vɪdʒuəl	0.375	0.14285714285714285
vidya	vɪdjə	vɪdjə	vɪdɪə	vaɪdiə	compound	vid|ya	0.0	0.2	0.3333333333333333	vɪdjə	vɪdjə	0.0	0.0
vidê	vaɪdɪ	vɪdə	vɪdɛɹ	vɪd	compound	[]	0.5	0.6	0.6666666666666666	vaɪdeɪ	vɪdeɪ	0.16666666666666666	0.4
view't	vjuːt	vjut	vjut	viɪt	compound	view|t	0.0	0.0	0.5	vjut	vjut	0.0	0.0
viewquake	vjuːkweɪk	vjukweɪk	vjukweɪk	vikweɪk	compound	view|quake	0.0	0.0	0.2857142857142857	vjukweɪk	vjukweɪk	0.0	0.0
vigogne	viɡoʊnjə	viɡəʊgni	vɪɡɑɡni	vɪɡəɡn	compound	vigo|g|ne	0.375	0.7142857142857143	0.6666666666666666	vɪgəʊn	vɪɡəʊni	0.6666666666666666	0.42857142857142855
vild	vaɪld	vaɪld	vɪld	vɪld	compound	vi|l|d	0.0	0.25	0.25	vɪld	vaɪld	0.25	0.0
vility	vaɪlɪti	vaɪlɪtj	vɪlᵻɾi	vɪlɪti	compound	vi|lit|y	0.14285714285714285	0.5	0.16666666666666666	vɪləɾi	vɪlɪti	0.5	0.16666666666666666
viloxazine	vɪlɒksəziːn	vaɪlɒksæzin	vaɪləksæzin	vaɪləksəzin	compound	vi|lox|azine	0.18181818181818182	0.2727272727272727	0.18181818181818182	vɪlɒksəzin	vɪlɑksəzin	0.0	0.1
vinylon	vaɪnɪlɒn	vaɪnɪlɒn	vɪnɪlən	vɪnilən	compound	vinyl|on	0.0	0.2857142857142857	0.42857142857142855	vɪn.əlɑn	vɪnilɑn	0.5	0.42857142857142855
violenter	vaɪələntɚ	vaɪələntɜ	vaɪəlɛntɚ	vaɪəʊləntɚ	compound	violent|er	0.1111111111111111	0.1111111111111111	0.1	vaɪəʊləntəɹ	vaɪəlɛntɝ	0.2727272727272727	0.2222222222222222
violous	vaɪələs	vaɪələs	vaɪələs	viəʊlɔs	compound	viol|ous	0.0	0.0	0.5714285714285714	vaɪələs	vaɪələs	0.0	0.0
viri	vaɪɹaɪ	vaɪɹi	viəɹi	vɪɹi	compound	vi|ri	0.4	0.8	0.75	vɪɹi	vɪɹi	0.75	0.75
virii	vaɪɹaɪaɪ	vaɪɹiaɪ	vɪɹɪaɪ	vɪɹi	compound	vi|ri|i	0.2857142857142857	0.3333333333333333	1.25	vɪɹi	vɪɹi	1.25	1.25
virilely	vɪɹaɪlli	vɪɹaɪllɪ	vɪɹəlli	vɪɹɪlli	compound	virile|ly	0.125	0.2857142857142857	0.14285714285714285	vɪɹɪlli	vɪɹəlli	0.14285714285714285	0.2857142857142857
virophage	vaɪɹəfeɪdʒ	vaɪɹəʊfeɪdʒ	vɪɹɑfɪdʒ	vɪɹəʊfɪdʒ	compound	vi|ro|phage	0.09090909090909091	0.375	0.3333333333333333	vaɪɹəfeɪdʒ	vaɪɹəfɪdʒ	0.0	0.1111111111111111
visard	vɪzəɹd	vɪsɑɹd	vɪsɑɹd	vaɪzɚd	compound	vis|ard	0.3333333333333333	0.3333333333333333	0.5	vɪsɚd	vɪzɝd	0.6	0.4
viscerotonic	vɪsəɹəʊtɒnɪk	vɪssɛɹəʊtɒnɪk	vɪsɚɹəʊtɑnɪk	vɪʃɚətənɪk	compound	vis|cero|tonic	0.15384615384615385	0.16666666666666666	0.5	vɪsəɹətɑnɪk	vɪsɝətɑnɪk	0.18181818181818182	0.4
visto	vɪstəʊ	vɪstəʊ	vɪstəʊ	vɪstəʊ	compound	vist|o	0.0	0.0	0.0	vɪstəʊ	vɪstəʊ	0.0	0.0
vitellointestinal	vɪtɛloʊɪntɛstɪnəl	vɪtɛləʊɪntɛstɪnəl	vaɪɾəlɔɪntɪstɪnəl	vaɪtɛlɔɪntɛstɪnəl	compound	vitello|intestinal	0.0	0.35294117647058826	0.17647058823529413	vaɪɾələʊɪntɛstɪnəl	vaɪtəlɔɪntɛstənəl	0.16666666666666666	0.29411764705882354
viverrine	vaɪvɛɹaɪn	vaɪvɹɹaɪn	vaɪvɪɹin	vaɪvɚɹɪn	compound	vive|r|rine	0.1111111111111111	0.375	0.25	vɪvɛɹin	vɪvɝɹin	0.42857142857142855	0.5714285714285714
volcanisation	vɒlkənaɪzeɪʃən	vɑlkænaɪzeɪʃən	vɑlkənəzeɪʃən	vəʊlkənɪseɪʃən	compound	vol|can|isation	0.14285714285714285	0.23076923076923078	0.2857142857142857	vɒlkənaɪzeɪʃən	vɑlkənəzeɪʃən	0.0	0.23076923076923078
vollie	vɒli	vɑli	vɑli	vəʊli	compound	voll|ie	0.25	0.25	0.4	vɑli	vɑli	0.25	0.25
volubile	vɒljʊbaɪl	vɑləbaɪl	vɑlubaɪl	vəʊləbɪl	compound	vol|u|bile	0.375	0.375	0.625	vɑljəbaɪl	vɑljəbaɪl	0.2222222222222222	0.2222222222222222
vouge	vuʒ	vəʊui	vədʒ	vədʒ	compound	vo|ug|e	0.6	0.5	0.5	vuɪdʒ	vədʒ	0.4	0.5
vrbaite	vɜːɹbəaɪt	vɝbɑaɪt	viɑɹbeɪt	vɹbeɪt	compound	vrba|ite	0.42857142857142855	0.5	0.5	vɚbaɪt	vɝbeɪt	0.5	0.6666666666666666
vurp	vɜːɹp	vuɹp	vɜp	vɚp	compound	vu|r|p	0.25	0.3333333333333333	0.6666666666666666	vɜɹp	vɝp	0.0	0.6666666666666666
vyanjanabhakti	vjɑːndʒənəbɑːkti	vaɪɑndʒənɑbɑkti	vaɪəndʒænəbhækti	viændʒənəbækti	compound	vy|anja|na|bhakti	0.2	0.375	0.21428571428571427	vaɪənjəbɑkti	viɑndʒənəbɑkti	0.5	0.07142857142857142
vṛddhi	vɹɪdi	vɹɪdi	vilɛɾɚwʌnifaɪvbididieɪtʃaɪ	vdi	compound	[]	0.0	0.8461538461538461	0.6666666666666666	vəɹʌdi	vɛddi	0.3333333333333333	0.4
vṛddhied	vɹɪdiːd	vɹɪdid	vilɛɾɚwʌnifaɪvbididihaɪd	vdaɪd	compound	[]	0.0	0.7916666666666666	0.8	vəɹdidi	vɛddid	0.42857142857142855	0.3333333333333333
wadn't	wʌdnt	wɒdnt	wɑdənt	wɑdnɪt	compound	wad|nt	0.2	0.3333333333333333	0.3333333333333333	wɑdənt	wɑdənt	0.3333333333333333	0.3333333333333333
waff	wæf	wæf	wɑf	wɔf	compound	w|aff	0.0	0.3333333333333333	0.3333333333333333	wɑf	wɑf	0.3333333333333333	0.3333333333333333
waggie	wæɡi	wæɡi	wæɡi	wɑɡi	compound	wagg|ie	0.0	0.0	0.25	wægi	wæɡi	0.25	0.0
waistcoateer	wɛskətɪɚ	weɪstkəʊteə	weɪstkəʊtɪɹ	wɔstkəʊtɚ	compound	waistcoat|eer	0.5454545454545454	0.45454545454545453	0.4444444444444444	weɪstkəʊətiɚ	weɪstkəʊtɪɹ	0.5	0.45454545454545453
waly	weɪleɪ	wɔlj	wɑli	wɔli	compound	wal|y	1.0	1.0	1.0	weɪli	wɔli	0.4	1.0
wambulance	wæmbjələns	wæmbjʊləns	wæmbjʊləns	wɑmbjələns	compound	w|ambulance	0.1	0.1	0.1	wɑmbjələns	wɑmbjələns	0.1	0.1
wamus	wɑːmʊs	wɑməs	wæməs	wɑməs	compound	wa|mus	0.2	0.4	0.2	wɑməs	wɔməs	0.2	0.4
wandy	wɒndi	wɒndj	wɔndi	wɑndi	compound	wand|y	0.2	0.2	0.2	wɑndi	wɑndi	0.2	0.2
wanghee	weɪŋhi	wæŋhi	wæŋɡi	wɔŋi	compound	wang|hee	0.4	0.6	0.75	wæŋhi	wæŋhi	0.4	0.4
wankpuffin	wæŋkpʌfɪn	wænkpʌfɪn	wæŋkpəfɪn	wɔŋkpʌfɪn	compound	wank|puffin	0.1111111111111111	0.1111111111111111	0.1111111111111111	wæŋkpʌfɪn	wɑŋkpəfɪn	0.0	0.2222222222222222
wantokism	wɑntɒkɪzəm	wɑntɑkɪzəm	wɔntəʊkɪzəm	wɑntəʊkɪzəm	compound	wantok|ism	0.1	0.2727272727272727	0.18181818181818182	wɑntəkɪzəm	wɑntəkɪzəm	0.1	0.1
wantonize	wɒntənaɪz	wɒntənaɪz	wɔntənaɪz	wɑntənaɪz	compound	wanton|ize	0.0	0.1111111111111111	0.1111111111111111	wɑntənaɪz	wɑntənaɪz	0.1111111111111111	0.1111111111111111
warbow	wɔːɹbəʊ	wɔɹbəʊ	wɔɹbəʊ	wɔɹbəʊ	compound	warb|ow	0.0	0.0	0.0	wɔɹbəʊ	wɔɹbəʊ	0.0	0.0
warrah	wɑɹɑ	wɔɹɑ	wɔɹə	wɔɹə	compound	warr|ah	0.25	0.5	0.5	wɔɹə	wɔɹə	0.5	0.5
warrantise	wɒɹəntaɪz	wɒɹəntaɪz	wɔɹəntaɪz	wɔɹæntɪs	compound	warrant|ise	0.0	0.1111111111111111	0.5	wɒɹəntaɪz	wɔɹəntaɪz	0.0	0.1111111111111111
wasbian	wɒzbiən	wɒzbiən	wɑsbiən	wɑsbiən	compound	was|bian	0.0	0.2857142857142857	0.2857142857142857	wɔzbiən	wɑzbiən	0.14285714285714285	0.14285714285714285
watersmeet	wɔːtəzmiːt	wɔtɝzmit	wɔɾɚsmit	weɪtɚzmit	compound	waters|meet	0.125	0.375	0.3333333333333333	wɔɾəɹsmit	wɔtɝzmit	0.3333333333333333	0.125
wavefunction	weɪvfʌŋkʃən	weɪvfʌŋkʃən	weɪvfʌŋkʃən	weɪvfəŋkʃən	compound	wave|function	0.0	0.0	0.09090909090909091	weɪvfʌŋkʃən	weɪvfəŋkʃən	0.0	0.09090909090909091
wayed	weɪd	weɪd	weɪd	weɪd	compound	waye|d	0.0	0.0	0.0	weɪd	weɪd	0.0	0.0
waywode	weɪwəʊd	weɪwəʊd	weɪwəʊd	weɪwəʊd	compound	way|wode	0.0	0.0	0.0	weɪwəʊd	weɪwəʊd	0.0	0.0
webhook	wɛbhʊk	wɛbhʊk	wɛbhʊk	wɛbhʊk	compound	web|hook	0.0	0.0	0.0	wɛbhʊk	wɛbhʊk	0.0	0.0
webhooks	wɛbhʊks	wɛbhʊks	wɛbhʊks	wɛbhʊks	compound	web|hooks	0.0	0.0	0.0	wɛbhʊks	wɛbhʊks	0.0	0.0
weeb	wiːb	wib	wib	wib	compound	wee|b	0.0	0.0	0.0	wib	wib	0.0	0.0
weiqi	weɪtʃiː	weɪkaɪ	waɪki	wiki	compound	wei|qi	0.5	0.6	1.0	weɪki	weɪki	0.4	0.4
weskit	wɛskət	wɛskɪt	wɛskɪt	wɛskɪt	compound	wes|kit	0.16666666666666666	0.16666666666666666	0.16666666666666666	wɛskɪt	wɛskɪt	0.16666666666666666	0.16666666666666666
wff	wɪf	wff	dʌbəljuɛfɛf	wf	compound	w|f|f	0.3333333333333333	0.9090909090909091	0.5	wff	wuf	0.3333333333333333	0.3333333333333333
whare	fɑːɹeɪ	wɑɹeɪ	wɔɹ	wɛɹ	compound	wha|re	0.2	1.3333333333333333	1.3333333333333333	wɛɹ	wɛɹ	1.3333333333333333	1.3333333333333333
wheek	ʍiːk	wik	wik	wik	compound	whee|k	0.3333333333333333	0.3333333333333333	0.3333333333333333	wik	hwik	0.3333333333333333	0.5
when'd	wɛnd	wɛnd	wɛnd	wɛnzd	compound	when|d	0.0	0.0	0.2	wɛnd	hwɛnd	0.0	0.2
wherenot	wɛəɹnɒt	weənɒt	wɛɹnɑt	wɛɹənət	compound	where|not	0.3333333333333333	0.3333333333333333	0.42857142857142855	wɪɹnɑt	hwɛɹənət	0.5	0.5
whewellite	hjuːəlaɪt	fjuɛlaɪt	wjuɪlaɪt	wuɛlɪt	compound	whew|ell|ite	0.25	0.25	0.6666666666666666	fjuəlaɪt	hwɛlaɪt	0.125	0.42857142857142855
which've	wɪtʃəv	wɪtʃvi	wɪtʃəv	wɪtʃɪv	compound	which|ve	0.3333333333333333	0.0	0.16666666666666666	wɪtʃv	hwɪtʃəv	0.2	0.14285714285714285
whichsoe'er	wɪtʃsoʊɛɹ	hwɪtʃɪzəʊɜ	wɪtʃsəʊɚ	waɪksəʊzɚ	compound	whichs|oe|er	0.5	0.25	0.5555555555555556	wɪtʃsəʊɚ	hwɪtʃsəʊɝ	0.25	0.3333333333333333
whichth	wɪtʃθ	wɪtʃθ	wɪtʃθ	wɪkθ	compound	which|th	0.0	0.0	0.5	wɪtʃθ	hwɪtʃθ	0.0	0.16666666666666666
whimberry	ʍɪmbɛɹi	wɪmbɛɹi	wɪmbɛɹi	wɪmbɛɹi	compound	whim|berry	0.14285714285714285	0.14285714285714285	0.14285714285714285	wɪnbəɹi	hwɪmbɛɹi	0.42857142857142855	0.25
whipjack	wɪpdʒæk	wɪpdʒæk	wɪpdʒæk	wɪpdʒæk	compound	whip|jack	0.0	0.0	0.0	wɪpdʒæk	hwɪpdʒæk	0.0	0.125
whitelash	hwaɪtlæʃ	waɪtlæʃ	waɪtlæʃ	waɪtləʃ	compound	white|lash	0.14285714285714285	0.14285714285714285	0.2857142857142857	waɪtlæʃ	hwaɪtlæʃ	0.14285714285714285	0.0
who'da	huːdə	hudə	wɑdə	wəʊdə	compound	whod|a	0.0	0.5	0.6	hudə	hudə	0.0	0.0
whoe'er	huːɛɚ	hueə	wəʊɚ	wəʊzɚ	compound	who|eer	0.5	0.75	0.8	huɚ	hwəʊɝ	0.3333333333333333	0.8
whoes	huːz	huiz	wəʊz	wəʊz	compound	who|es	0.25	0.75	0.75	huz	hwəʊz	0.0	0.6
whom're	ʍuːmɚ	humɹeɪ	humɚ	wəmɚ	compound	whom|re	0.6666666666666666	0.25	0.5	humɚ	humɝ	0.25	0.5
whoobub	huːbʌb	wubʌb	wubʌb	wubəb	compound	whoo|bub	0.2	0.2	0.4	wubʌb	hwʊbəb	0.2	0.5
whurry	wʌɹi	whʌɹi	wɜɹi	wʊɹi	compound	w|hurry	0.2	0.25	0.25	wʌɹɪ	hwɝi	0.25	0.75
whyn't	waɪnt	waɪnt	waɪənt	wɪnɪt	compound	why|nt	0.0	0.16666666666666666	0.4	waɪnt	hwɪnt	0.0	0.4
wiccaphobe	wɪkəfoʊb	wɪkəfəʊb	wɪkəfəʊb	wɪtʃəfəʊb	compound	wicca|phobe	0.0	0.0	0.2222222222222222	wɪkəfəʊb	wɪkəfəʊb	0.0	0.0
wingnut	wɪŋnʌt	wɪŋnʌt	wɪŋnʌt	wɪŋnət	compound	wing|nut	0.0	0.0	0.16666666666666666	wɪŋnʌt	wɪŋnət	0.0	0.16666666666666666
wingnuttery	wɪŋnʌtəɹi	wɪŋnʌɾəɹi	wɪŋnəɾɚɹi	wɪŋnʌtɚi	compound	wing|nuttery	0.1111111111111111	0.3333333333333333	0.25	wɪŋnʌɾəɹi	wɪŋnətɝi	0.1111111111111111	0.375
wirble	wɜːɹbəl	wiɹbəl	wɜbəl	wɚbəl	compound	wi|r|ble	0.16666666666666666	0.2	0.4	wɚbəl	wɝbəl	0.4	0.4
wirebird	waɪəbɜːd	waɪəbɜd	waɪɚbɜd	waɪɚbɚd	compound	wire|bird	0.0	0.14285714285714285	0.2857142857142857	waɪəɹbɜɹd	waɪɝbɝd	0.2222222222222222	0.2857142857142857
wiseass	waɪzæs	waɪzæs	waɪsæs	waɪzəs	compound	wise|ass	0.0	0.16666666666666666	0.16666666666666666	waɪsæs	waɪzəs	0.16666666666666666	0.16666666666666666
witcha	wɪtʃə	wɪtʃə	wɪtʃə	wɪtʃə	compound	witch|a	0.0	0.0	0.0	wɪtʃə	wɪtʃə	0.0	0.0
with't	wɪθt	wɪðt	wɪθt	wɪθɪt	compound	with|t	0.25	0.0	0.2	wɪðt	wɪθt	0.25	0.0
withersake	wɪðəɹseɪk	wɪðəzeɪk	wɪðɚseɪk	wɪðɚseɪk	compound	withers|ake	0.25	0.25	0.25	wɪðəɹseɪk	wɪðɝseɪk	0.0	0.25
witherward	wɪðəɹwəɹd	wɪðəwɔd	wɪðɜwɚd	wɪðɚwɚd	compound	wither|ward	0.42857142857142855	0.5714285714285714	0.5714285714285714	wɪðəɹwəɹd	wɪðɝwɝd	0.0	0.5714285714285714
witherweight	wɪðəɹweɪt	wɪðəweɪt	wɪðɚweɪt	wɪðɚwaɪt	compound	wither|weight	0.125	0.25	0.375	wɪðəɹweɪt	wɪðɝweɪt	0.0	0.25
witherwin	wɪðəɹwɪn	wɪðəwɪn	wɪðɚwɪn	wɪðɚwɪn	compound	wither|win	0.14285714285714285	0.2857142857142857	0.2857142857142857	wɪðɚwɪn	wɪðɝwɪn	0.2857142857142857	0.2857142857142857
woaden	wəʊdən	wəʊdɛn	wəʊdən	wəʊdən	compound	woad|en	0.16666666666666666	0.0	0.0	wəʊdən	wəʊdən	0.0	0.0
wolfpack	wʊlfpæk	wʊlfpæk	wʊlfpæk	wɔlfpæk	compound	wolf|pack	0.0	0.0	0.14285714285714285	wʊlfpæk	wʊlfpæk	0.0	0.0
womana	wʊmɑːnə	wʊmənə	wʊmənə	wəʊmənə	compound	woman|a	0.16666666666666666	0.16666666666666666	0.2857142857142857	wʊmənə	wəʊmɑnə	0.16666666666666666	0.14285714285714285
womanface	wʊmənfeɪs	wʊmənfeɪs	wʊmənfeɪs	wəʊmənfeɪs	compound	woman|face	0.0	0.0	0.1	wʊmənfeɪs	wʊmənfeɪs	0.0	0.0
wombmate	wuːmmeɪt	wummeɪt	wɑmbmeɪt	wɑmbmeɪt	compound	womb|mate	0.0	0.25	0.25	wumeɪt	wɑmmeɪt	0.16666666666666666	0.14285714285714285
wonderfool	wʌndəɹfʊɫ	wʌndəful	wʌndɚful	wɔndɚful	compound	wonder|fool	0.25	0.375	0.5	wʌndəɹful	wəndɝful	0.1111111111111111	0.5
woodnymph	wʊdnɪmf	wʊdnɪmf	wʊdnɪmf	wʊdnɪmf	compound	wood|nymph	0.0	0.0	0.0	wʊdnɪmf	wʊdnɪmf	0.0	0.0
woohoo	wuːhuː	wuhu	wuhu	wʊhʊ	compound	woo|hoo	0.0	0.0	0.5	wuhu	wʊhu	0.0	0.25
woolily	wʊlɪli	wulɪli	wʊlili	wuləli	compound	woo|lily	0.16666666666666666	0.16666666666666666	0.3333333333333333	wʊlili	wʊləli	0.16666666666666666	0.16666666666666666
worcesterberry	wʊstəɹbɛɹi	wʊstɝbɛɹi	wʊstɚbɛɹi	wɔɹsɛstɚbɛɹi	compound	worcester|berry	0.2222222222222222	0.2222222222222222	0.5	wɚstəbɚɹi	wɝstɝbɛɹi	0.3333333333333333	0.3333333333333333
wotcher	wɒtʃə	wɒtʃɛɹ	wɑtʃɚ	wɔtʃɚ	compound	wot|cher	0.3333333333333333	0.4	0.4	wɑtʃəɹ	wɑtʃɝ	0.3333333333333333	0.4
wouldn't've	wʊdəntəv	wʊdəntvi	wʊdəntəv	wɔldnɪtɪv	compound	wouldnt|ve	0.25	0.0	0.5555555555555556	wʊdəntəv	wʊdəntəv	0.0	0.0
woz	wəz	wəʊz	wɑz	wəʊz	compound	wo|z	0.25	0.3333333333333333	0.25	wɑz	wɑz	0.3333333333333333	0.3333333333333333
wuderove	wʊdɹəʊv	wudəɹəʊv	wudɚɹəʊv	wudɚəʊv	compound	wu|de|rove	0.25	0.25	0.2857142857142857	wudəɹəʊv	wudɝəʊv	0.25	0.2857142857142857
wudn't	wədnt	wudnt	wʌdənt	wʌdnɪt	compound	wu|d|nt	0.2	0.3333333333333333	0.3333333333333333	wʌdənt	wədənt	0.3333333333333333	0.16666666666666666
xalam	kɑlɑm	ksəlæm	zælæm	ksələm	compound	x|alam	0.5	0.6	0.5	ʃəlɑm	zæləm	0.4	0.6
xanthochroism	zænθəkɹəʊɪzəm	zænθətʃɹəʊɪzəm	zænθɑkɹəʊɪzəm	ɡzænθɑkɹɔɪsm	compound	xantho|ch|ro|ism	0.14285714285714285	0.07692307692307693	0.5	zænθəkɹəʊɪzəm	zænθəkɹɔɪzəm	0.0	0.16666666666666666
xanthophobia	zænθəfoʊbiə	zænθəfəʊbiə	zænθəfəʊbiə	ɡzænθəfəʊbiə	compound	xantho|phobia	0.0	0.0	0.08333333333333333	zænθəfəʊbiə	zænθəfəʊbiə	0.0	0.0
xat	kɑt	ksæt	zæt	ksət	compound	x|at	0.5	0.6666666666666666	0.5	ʃɑt	zæt	0.3333333333333333	0.6666666666666666
xe	ksi	ksi	zi	ksi	compound	x|e	0.0	1.0	0.0	ksi	zi	0.0	1.0
xem	ksɛm	ksəm	zɛm	ksɪm	compound	x|em	0.25	0.6666666666666666	0.25	ɛksəm	zɛm	0.4	0.6666666666666666
xenarthral	zənɑɹθɹəl	zənɑɹθɹəl	zɛnɑɹθɹəl	ksɪnɑɹθɹəl	compound	xenarthra|l	0.0	0.1111111111111111	0.3	zənɑɹθɹəl	zɛnɑɹθɹɑl	0.0	0.2222222222222222
xenoarchitecture	zɛnəɑɹkətɛktʃɚ	zɛnəɑkɪtɛktʃə	zɛnəʊɑɹkaɪtktʃɚ	ksinɔɹtʃɪtɪktʃɚ	compound	xeno|architecture	0.23076923076923078	0.26666666666666666	0.6	zɛnəʊɑɹkətɛktʃəɹ	zinəʊɑɹkətɛktʃɝ	0.1875	0.2
xenobacteriology	zɛnəbæktɪəɹɪɒlədʒi	zɛnəbæktiəɹɪɒlədʒi	zɛnəʊbəktɪɹiɑlədʒi	jɛnəbæktɛɹiələdʒi	compound	xeno|bacteriology	0.05555555555555555	0.2777777777777778	0.29411764705882354	zɛnəʊbæktɪɹiɑlədʒi	zinəʊbæktɝiɑlədʒi	0.2222222222222222	0.4117647058823529
xenocide	zɛnəsaɪd	zɛnəsaɪd	zɛnəʊsaɪd	jɛnəsaɪd	compound	xeno|cide	0.0	0.1111111111111111	0.125	zi.nəsaɪd	zɛnəsaɪd	0.2222222222222222	0.0
xenocytology	zɛnəsaɪtɑlədʒi	zɛnəsaɪtɒlədʒi	zɛnəʊsɪtɑlədʒi	jɛnəsɪtələdʒi	compound	xeno|cytology	0.07142857142857142	0.14285714285714285	0.23076923076923078	zɛnəsaɪtɑlədʒi	zɛnəsətɑlədʒi	0.0	0.15384615384615385
xenoencyclopedia	zɛnəɪnsaɪkləpiːdiə	zɛnəɛnsaɪkləʊpidiə	zɛnəʊɛnsaɪkləʊpidiə	ksinəʊnsɪkləpidiə	compound	xeno|encyclopedia	0.1111111111111111	0.15789473684210525	0.29411764705882354	zinəʊɛnsaɪkləpidiə	zinəʊənsaɪkləpidiə	0.16666666666666666	0.16666666666666666
xenoethics	zɛnəɛθɪks	zɛnəɛθɪks	zɛnəʊɛθɪks	ksinəʊθɪks	compound	xeno|ethics	0.0	0.1	0.4	zinəʊɛθɪks	zɛnəʊɛθɪks	0.2	0.1
xenofiction	zɛnəfɪkʃən	zɛnəfɪkʃən	zɛnəʊfɪkʃən	jɛnəfɪkʃən	compound	xeno|fiction	0.0	0.09090909090909091	0.1	zɛnəʊfɪkʃən	zɛnəfɪkʃən	0.09090909090909091	0.0
xenogenetic	zɛnəʊdʒənɛtɪk	zɛnədʒɛnɛtɪk	zɛnəʊdʒɪnɛɾɪk	jɛnədʒənɛtɪk	compound	xeno|genetic	0.16666666666666666	0.15384615384615385	0.16666666666666666	zɛnəʊdʒənɛɾɪk	zɛnədʒənɛtɪk	0.07692307692307693	0.08333333333333333
xenogeology	zɛnədʒiːɑlədʒɪ	zɛnədʒɪɒlədʒi	zɛnəʊdʒɪɑlədʒi	jɛnəʊdʒəʊlədʒi	compound	xeno|geology	0.23076923076923078	0.21428571428571427	0.35714285714285715	zinəʊdʒiɑlədʒi	zɛnəʊdʒiɑlədʒi	0.21428571428571427	0.14285714285714285
xenoglossia	zɛnəɡlɒsiə	zɛnəɡlɒsiə	zɛnəʊɡlɔsiə	jɛnəɡləsiə	compound	xeno|gloss|ia	0.0	0.18181818181818182	0.2	zənəɡlɒsiə	zɛnəɡləʊsiə	0.1	0.18181818181818182
xenoglossy	zɛnəɡlɒsi	zɛnəɡlɒsi	zɛnəʊɡlɔsi	jɛnəɡləsi	compound	xeno|glossy	0.0	0.2	0.2222222222222222	zənəglɑsi	zɛnəɡlɑsi	0.3333333333333333	0.1111111111111111
xenohistory	zɛnəhɪstəɹi	zɛnəhɪstəɹi	zɛnəʊhɪstɚɹi	jɛnəhɪstɔɹi	compound	xeno|history	0.0	0.16666666666666666	0.18181818181818182	zinəʊhɪstəɹi	zɛnəhɪstɝi	0.16666666666666666	0.2
xenomedicine	zɛnəmɛdsɪn	zɛnəmɛdsən	zɛnəʊmɛdɪsin	jɛnəmɛdɪsaɪn	compound	xeno|medicine	0.1	0.25	0.25	zinəʊmɛdəsən	zɛnəmɛdəsin	0.3333333333333333	0.18181818181818182
xenomicrobiology	zɛnəmaɪkɹoʊbaɪɑlədʒi	zɛnəmaɪkɹəʊbaɪɒlədʒi	zɛnəʊmaɪkɹəʊbaɪɑlədʒi	jɛnəmɪkɹəʊbiɑlədʒi	compound	xeno|microbiology	0.05	0.047619047619047616	0.2222222222222222	zɛnəʊmaɪkɹəʊbaɪɑlədʒi	zinəmaɪkɹəʊbiɑlədʒi	0.047619047619047616	0.15789473684210525
xenomorphology	zɛnəmɔɹfɑlədʒi	zɛnəʊmɔɹfɒlədʒi	zɛnəʊmoɹfɑlədʒi	jɛnəmɔɹfələdʒi	compound	xenomorph|ology	0.13333333333333333	0.13333333333333333	0.14285714285714285	zɛnəmɔɹfɑlədʒi	zinəmɔɹfɑlədʒi	0.0	0.07142857142857142
xenomythology	zɛnəmɪθɒlədʒi	zɛnəmɪθɒlədʒi	zɛnəʊmɪθɑlədʒi	jɛnəmiθələdʒi	compound	xeno|mythology	0.0	0.14285714285714285	0.23076923076923078	zənəmɪθɒləd͡ʒi	zɛnəmiθɑlədʒi	0.14285714285714285	0.15384615384615385
xenonym	zɛnənɪm	zɛnɒnɪm	zɛnəʊnɪm	ksɪnənim	compound	xenon|ym	0.14285714285714285	0.125	0.5	zi.nənɪm	zɛnənɪm	0.25	0.0
xenopathology	zɛnəpəθɒlədʒi	zɛnəpæθɒlədʒi	zɛnəʊpəθɑlədʒi	ksɪnəpəθələdʒi	compound	xeno|pathology	0.07692307692307693	0.14285714285714285	0.2857142857142857	zɛnəpəθɑlədʒi	zɛnəpəθɑlədʒi	0.07692307692307693	0.07692307692307693
xenops	zinɑps	zɛnəps	zɛnəps	ksɪnəps	compound	xeno|p|s	0.3333333333333333	0.3333333333333333	0.5714285714285714	zɛnəps	zɛnəps	0.3333333333333333	0.3333333333333333
xenopsychiatry	zɛnəɛθsaɪkaɪətɹi	zɛnəsaɪkaɪətɹi	zɛnəʊsaɪkɪətɹi	ksɪnəpsɪtʃiətɹi	compound	xeno|psychiatry	0.14285714285714285	0.21428571428571427	0.6	zɛnəʊsaɪkaɪətɹi	zɛnəpsaɪkiətɹi	0.13333333333333333	0.2857142857142857
xenoscience	zɛnəsaɪəns	zɛnəsaɪəns	zɛnəʊsaɪəns	ksinəʊsiəns	compound	xeno|science	0.0	0.09090909090909091	0.5454545454545454	zinəʊsaɪ.əns	zɛnəsaɪəns	0.25	0.0
xenosociology	zɛnəsəʊʃiːɒlədʒiː	zɛnəsəʊsɪɒlədʒi	zɛnəʊsəʊsɪɑlədʒi	ksinəsəʊʃələdʒi	compound	xeno|sociology	0.13333333333333333	0.25	0.3333333333333333	zinəʊsəʊsiɑlədʒi	zinəʊsəʊsiɑlədʒi	0.25	0.25
xianbing	ʃjænbɪŋ	zjɑnbɪŋ	zaɪənbɪŋ	ksiænbɪŋ	compound	xian|bing	0.2857142857142857	0.5	0.375	ʃiɑnbɪŋ	ʒɑnbɪŋ	0.2857142857142857	0.5
xiangqi	ʃɑːŋtʃi	ʃiɑŋkaɪ	zaɪəŋki	ksiæŋɡki	compound	xiang|qi	0.5714285714285714	0.8571428571428571	0.75	ʃiɑŋtʃi	ʃiɑŋki	0.14285714285714285	0.5
xiangsheng	ʃiɑŋʃʌŋ	ʃiɑŋʃɛŋ	zaɪəŋʃɛŋ	ksiæŋʃɪŋ	compound	xiang|sheng	0.14285714285714285	0.625	0.5	ʃiɑŋʃɛŋ	ʒɑŋʃɛŋ	0.14285714285714285	0.5
xingshu	ʃɪŋʃu	ʃɪŋʃu	zɪŋʃu	ksɪŋʃu	compound	xing|shu	0.0	0.2	0.3333333333333333	ʃɪŋʃu	zɪŋʃu	0.0	0.2
xnipec	ʃnipɛk	ksnɪpɛk	ɛksnaɪpək	ɪnaɪpɪk	compound	x|nip|ec	0.42857142857142855	0.6666666666666666	0.5714285714285714	ɛksnɪpɛk	ksnaɪpɛk	0.5	0.5
xun	ʃuːn	zun	zʌn	kʌn	compound	xu|n	0.3333333333333333	0.6666666666666666	0.6666666666666666	zun	zən	0.3333333333333333	0.6666666666666666
y'all'd	jɔld	jɑld	jɔld	izælɪd	compound	yall|d	0.25	0.0	0.6666666666666666	jɑl.d	jɔld	0.4	0.0
y'all'd've	jɔldəv	jɑldvi	jældəv	izælɪdɪv	compound	yall|d|ve	0.5	0.16666666666666666	0.625	jɑl.dəv	jɔldəv	0.2857142857142857	0.0
y'all'dn't've	jɑldəntəv	jɑldntvi	jældəntəv	izælɪdnɪtɪv	compound	yall|d|nt|ve	0.375	0.1111111111111111	0.6363636363636364	jɑl.dn̩.təv	jɔldəntv	0.36363636363636365	0.25
y'ave	jæv	jəvi	jeɪv	izeɪv	compound	ya|ve	0.5	0.5	0.8	jɑv	jeɪv	0.3333333333333333	0.5
y'knew	jənu	jnju	jənu	iznu	compound	y|knew	0.5	0.0	0.5	jənu	junju	0.0	0.4
y'know	jənoʊ	jnəʊ	jənəʊ	jənəʊ	compound	y|know	0.25	0.0	0.0	jənəʊ	jɛnəʊ	0.0	0.2
y'see	jəsi	jsi	jəsi	izi	compound	y|see	0.3333333333333333	0.0	1.0	jəsi	jisi	0.0	0.25
yabbie	jæbi	jæbi	jæbi	jæbi	compound	yabbi|e	0.0	0.0	0.0	jæbɪ	jæbi	0.25	0.0
yachtist	jɒtɪst	jɒtɪst	jɑɾɪst	jæktɪst	compound	yacht|ist	0.0	0.3333333333333333	0.2857142857142857	jɑɾəst	jɑktɪst	0.5	0.2857142857142857
yakky	jæki	jæki	jæki	jæki	compound	yak|ky	0.0	0.0	0.0	jæki	jæki	0.0	0.0
yamboo	jæmbuː	jæmbu	jæmbu	jæmbu	compound	yam|boo	0.0	0.0	0.0	jæmbu	jæmbu	0.0	0.0
yeen	jiːn	jin	jin	jin	compound	yee|n	0.0	0.0	0.0	jin	jin	0.0	0.0
yeep	jiːp	jip	jip	jip	compound	yee|p	0.0	0.0	0.0	jip	jip	0.0	0.0
yelt	jɛlt	jɛlt	jɛlt	jɛlt	compound	ye|l|t	0.0	0.0	0.0	jɛlt	jɛlt	0.0	0.0
yere	jiɚ	jəi	jɜ	jɛɹ	compound	yer|e	0.6666666666666666	1.0	0.6666666666666666	jɪɹ	jɪɹ	0.6666666666666666	0.6666666666666666
yes'm	jɛsəm	jɛsm	jɛsm	jɛsɪm	compound	yes|m	0.25	0.25	0.2	jɛsm	jɛzəm	0.25	0.2
yet's	jɛts	jɛts	jɛts	jɛts	compound	yet|s	0.0	0.0	0.0	jɛts	jɛts	0.0	0.0
yiffy	jɪfi	jɪfj	jɪfi	jɪfi	compound	yiff|y	0.25	0.0	0.0	jɪfi	jɪfi	0.0	0.0
yinglet	jɪŋlət	jɪŋlɛt	jɪŋɡlɪt	jɪŋɡəlt	compound	ying|let	0.16666666666666666	0.2857142857142857	0.2857142857142857	jɪŋgəlɪt	jɪŋɡlət	0.375	0.14285714285714285
yo'll	jɔl	jəʊll	jəʊəl	jəʊl	compound	yo|l|l	0.6	0.6	0.5	jɔl	jəʊl	0.0	0.5
yodh	jɒd	jɒdh	jɑd	jɑd	compound	yod|h	0.25	0.3333333333333333	0.3333333333333333	jɑd	jɑd	0.3333333333333333	0.3333333333333333
yosenabe	joʊsɛnɑːbeɪ	jəʊsɛnəbi	jəʊsneɪb	jəʊsənəb	compound	yo|sena|be	0.3333333333333333	0.5	0.5	jɒsəneɪb	jəʊsəneɪb	0.75	0.4444444444444444
you'dn't've	juːdəntəv	judntvi	judəntəv	judnɪtɪv	compound	youd|nt|ve	0.42857142857142855	0.0	0.375	ju.dn̩.təv	judəntəv	0.4	0.0
youngin	jʌŋɪn	jʌŋɪn	jʌŋɡɪn	jʌndʒɪn	compound	young|in	0.0	0.16666666666666666	0.42857142857142855	jʌŋgɪn	jəŋɡɪn	0.16666666666666666	0.3333333333333333
youthenize	juːθənaɪz	juθənaɪz	juθənaɪz	juθənaɪz	compound	youthen|ize	0.0	0.0	0.0	juθənaɪz	juθənaɪz	0.0	0.0
ythundered	ɪθʌndəɹd	jθʌndəd	ɪθʌndɚd	ɪθʌndɚd	compound	y|thundered	0.2857142857142857	0.2857142857142857	0.2857142857142857	ɪθəndəd	ɪθəndɝd	0.2857142857142857	0.42857142857142855
yumtastic	jʌmtæstɪk	jʌmtæstɪk	jumteɪstɪk	jʌmtæstɪk	compound	yum|tastic	0.0	0.3	0.0	jʌmtæstɪk	jəmtæstɪk	0.0	0.1111111111111111
yups	jʌps	jʌps	jʌps	jʌps	compound	yup|s	0.0	0.0	0.0	jʌps	jəps	0.0	0.25
z's	ziz	zs	ziz	ziz	compound	z|s	1.0	0.0	0.0	ziz	ziz	0.0	0.0
zaikai	zaɪkaɪ	zɑaɪkaɪ	zeɪkaɪ	zeɪkeɪ	compound	za|i|kai	0.14285714285714285	0.16666666666666666	0.3333333333333333	zeɪkaɪ	zaɪkaɪ	0.16666666666666666	0.0
zanzhi	zændʒi	zændʒi	zænʒaɪ	zænzi	compound	zan|zhi	0.0	0.5	0.4	zɑndʒi	zænzi	0.16666666666666666	0.4
zeppola	zɛpələ	zɛpəʊlə	zɛpəʊlə	zɛpəʊlə	compound	zepp|ola	0.14285714285714285	0.14285714285714285	0.14285714285714285	zɪpəʊlə	zɪpəʊlə	0.2857142857142857	0.2857142857142857
zequals	ziːkwəlz	zikwəlz	zikwəlz	zikwəlz	compound	z|equals	0.0	0.0	0.0	zikwəlz	zikwəlz	0.0	0.0
zerbert	zɜːɹbəɹt	zɜɹbɝt	zɜbɚt	zɚbɚt	compound	zer|bert	0.3333333333333333	0.6	0.8	zɚbɚt	zɝbɝt	0.8	0.8
zerg	zɜːɹɡ	zɜɹg	zɜɡ	zɚɡ	compound	zer|g	0.25	0.3333333333333333	0.6666666666666666	zɜɹg	zɝɡ	0.25	0.6666666666666666
zhiqing	dʒɪtʃɪŋ	dʒikɪŋ	ʒaɪkɪŋ	zikɪŋ	compound	zhi|qing	0.5	0.6666666666666666	1.0	dʒɪkɪŋ	ʒaɪkɪŋ	0.3333333333333333	0.6666666666666666
zhuangyuan	dʒwɑːŋjuæn	dʒwɑŋjuən	ʒjuəŋjuən	zhjuəndʒjuən	compound	zhuang|yuan	0.1111111111111111	0.5555555555555556	0.75	dʒwɑŋgjuɑn	ʒwɑŋjuən	0.2	0.25
zibotentan	zɪbətɛntæn	dzɪbəʊtɛntən	zɪbəʊtɛntən	zɪbəʊtɛntən	compound	zibo|tent|an	0.25	0.18181818181818182	0.18181818181818182	zɪbɒtəntæn	zɪbətɛntən	0.2	0.1
zikr	zikɹ	zikɹ	zɪkɚ	zɪkɹ	compound	zi|k|r	0.0	0.5	0.25	zɪkəɹ	zɪkɝ	0.4	0.5
zilde	zɪldi	zɪldə	zɪldə	zɪld	compound	zil|de	0.2	0.2	0.25	zɪld	zɪld	0.25	0.25
zincian	zɪŋkɪən	zɪŋkiən	zɪnʃiən	zɪnʃən	compound	zinc|ian	0.14285714285714285	0.42857142857142855	0.5	zɪŋkən	zɪnʃən	0.16666666666666666	0.5
zincy	zɪŋki	zɪŋkj	zɪnsi	zɪnsi	compound	zinc|y	0.2	0.4	0.4	zɪŋki	zɪnsi	0.0	0.4
zinefan	ziːnfæn	zinfæn	zaɪnfən	zɪnfən	compound	zine|fan	0.0	0.42857142857142855	0.3333333333333333	zɪnɪfæn	zaɪnfən	0.2857142857142857	0.42857142857142855
zoeas	zoʊiəz	zəʊiəs	ziəz	zəʊz	compound	zoea|s	0.16666666666666666	0.5	0.5	zəʊiəz	zəʊəz	0.0	0.2
zoid	zoʊɪd	zɔɪd	zɔɪd	zɔɪd	compound	z|oid	0.5	0.5	0.5	zɔɪd	zɔɪd	0.5	0.5
zolazepam	zəlæzɪpæm	zəʊləzɛpəm	zɑleɪzpæm	zəʊləzpəm	compound	zola|zepa|m	0.4	0.4444444444444444	0.4444444444444444	zəʊlæz.əpæm	zəʊleɪzpæm	0.2727272727272727	0.4
zolimidine	zəlɪmɪdɪn	zəʊlɪmɪdɪni	zɑlɪmɪdin	zəʊlɪmɪdɪn	compound	z|ol|imid|in|e	0.18181818181818182	0.2222222222222222	0.1	zɑləmɪdin	zəʊlɪmədin	0.3333333333333333	0.3
zomb	zɒmb	zɒmb	zɑm	zɑm	compound	z|om|b	0.0	0.6666666666666666	0.6666666666666666	zɑmb	zɑm	0.25	0.6666666666666666
zombiephile	zɒmbifaɪl	zɒmbifaɪl	zɑmbɪfaɪl	zɑmbiɛfɪl	compound	zombie|phile	0.0	0.2222222222222222	0.3333333333333333	zɑmbifaɪl	zɑmbifaɪl	0.1111111111111111	0.1111111111111111
zomebazam	zəmɛbəzæm	zəʊmbɑzəm	zəʊmbəzæm	zəʊməbəzəm	compound	zome|baza|m	0.4444444444444444	0.2222222222222222	0.3	zəʊmɛbəzæm	zəʊmbəzæm	0.1	0.2222222222222222
zoodles	zuːdəlz	zudəlz	zudəlz	zudəlz	compound	z|oodles	0.0	0.0	0.0	zudəlz	zʊdəlz	0.0	0.16666666666666666
zooeae	zoʊii	zəʊiəi	zui	zui	compound	zooea|e	0.16666666666666666	1.0	1.0	zuii	zuieɪ	0.5	0.8
zoomie	zuːmi	zumi	zumi	zumi	compound	zoom|ie	0.0	0.0	0.0	zumi	zumi	0.0	0.0
zoop	zuːp	zup	zup	zup	compound	zoo|p	0.0	0.0	0.0	zup	zup	0.0	0.0
zooptic	zuːɒptɪk	zuptɪk	zuptɪk	zuptɪk	compound	zoo|p|tic	0.16666666666666666	0.16666666666666666	0.16666666666666666	zuptɪk	zəʊɑptɪk	0.16666666666666666	0.375
zoot	zuːt	zut	zut	zut	compound	zoo|t	0.0	0.0	0.0	zut	zut	0.0	0.0
zootic	zuːɒtɪk	zutɪk	zuɑɾɪk	zutɪk	compound	zoo|tic	0.2	0.3333333333333333	0.2	zuɒtɪk	zuɑtɪk	0.0	0.16666666666666666
zoëa	zoʊiə	zəʊiə	zɑɛə	zəʊə	compound	zoë|a	0.0	0.75	0.25	zəʊiə	zəʊiə	0.0	0.0
zoëae	zoʊii	zəʊieɪ	zɑɪi	zəʊə	compound	zoë|ae	0.3333333333333333	0.75	0.5	zəʊiə	zəʊieɪ	0.2	0.3333333333333333
zun	zʊn	zən	zʌn	zʌn	compound	z|un	0.3333333333333333	0.3333333333333333	0.3333333333333333	zʌn	zən	0.3333333333333333	0.3333333333333333
zythum	zaɪθəm	zaθəm	zɪθəm	zɪθʌm	compound	zy|thum	0.2	0.2	0.4	zɪθəm	zɪθəm	0.2	0.2
Ásatrú	ɑsɑtɹu	ɑsɑtɹu	əsætɹu	ɪsætɹ	compound	[]	0.0	0.3333333333333333	0.6	ɑsætɹu	æsətɹu	0.16666666666666666	0.3333333333333333
Ålesund	ɔːləsʊnd	˨ɔləsʊnd	əlɛsʌnd	lsənd	compound	[]	0.125	0.42857142857142855	0.6	əʊlɪsʌnd	əʊləsənd	0.5	0.375
Æthelred	æθəlɹɛd	æthɛlɹɛd	iθɛlɹɪd	ɪθɛlɹɪd	compound	[]	0.375	0.42857142857142855	0.42857142857142855	ɛθəlɹɛd	æθəlɹd	0.14285714285714285	0.16666666666666666
Ürümchi	uːɹuːmtʃi	uɹumtʃi	uɹumtʃi	ɚɑmtʃi	compound	[]	0.0	0.0	0.5	ɹʏmki	yɹumtʃi	0.8	0.14285714285714285
éclat	eɪklɑː	eɪklɑ	ɪklæt	məklæt	compound	[]	0.0	0.6	0.6666666666666666	eɪklɑ	eɪklæt	0.0	0.3333333333333333
élan	eɪlɑːn	eɪlɑn	eɪlɑn	əlæn	compound	[]	0.0	0.0	0.75	elən	eɪlən	0.5	0.2
étrier	eɪtɹijeɪ	eɪtɹijeɪ	ɪtɹɪɹ	ɪtɹaɪɚ	compound	[]	0.0	1.0	0.8333333333333334	ɛtɹiɚ	eɪtɹiɝ	1.0	0.5
öre	ɜːɹə	øʁə	ɜ	ɹi	compound	[]	0.6666666666666666	2.0	1.0	ɔɹi	øɹ	0.6666666666666666	1.0
überman	ubəɹmæn	ubəɹmæn	ubɚmən	ʌbɚmən	compound	[]	0.0	0.5	0.6666666666666666	y.bɚmæn	ybɝmən	0.5714285714285714	0.6666666666666666
Œneus	ɛnjuːs	ɛnjus	əʊnɪəs	ʌnuz	compound	[]	0.0	0.6666666666666666	0.75	njuəs	ɛniəs	0.4	0.4
œconomy	ɪːkɒnɒmi	ɪkɒnɒmi	əʊkɑnəmi	ɪkɑnəmi	compound	[]	0.0	0.5	0.2857142857142857	ikɑnəmi	ɪkɑnəmi	0.42857142857142855	0.2857142857142857
ǂKxʼauǁʼein	kaʊaɪn	kəaɪn	lɛɾɚwʌnsitukeɪɛksᵻdʒɛktɪvəjulɛɾɚwʌnsiwʌnᵻdʒɛktɪviaɪɛn	ɪkksəaɪn	compound	[]	0.0	0.9056603773584906	0.375	t͡ʃuxɔwəhaɪn	əwkksiɑutʃəɪn	0.6666666666666666	0.7692307692307693
